"Tool","Normalization","Condition","Sample","Correlation","N_Transcripts","LengthQuantile"
"bambu","CPM","B20K80","B20K80_1",0.712554167085822,21409,"All"
"bambu","CPM","B20K80","B20K80_2",0.700510269973107,21599,"All"
"bambu","CPM","B20K80","B20K80_3",0.684544840507077,21425,"All"
"bambu","CPM","B20K80","B20K80_4",0.725794393702635,21099,"All"
"bambu","CPM","B20K80","B20K80_5",0.733915160273535,21003,"All"
"bambu","CPM","B80K20","B80K20_1",0.701118492634996,21568,"All"
"bambu","CPM","B80K20","B80K20_2",0.642886862851482,21622,"All"
"bambu","CPM","B80K20","B80K20_3",0.699138716873715,21628,"All"
"bambu","CPM","B80K20","B80K20_4",0.650602822497354,21619,"All"
"bambu","CPM","B80K20","B80K20_5",0.695626964628525,21399,"All"
"bambu","CPM","Brain","B31",0.590501287349056,20290,"All"
"bambu","CPM","Brain","B32",0.675453762083397,20596,"All"
"bambu","CPM","Brain","B33",0.652537861988776,20552,"All"
"bambu","CPM","Brain","B34",0.65604148290307,20462,"All"
"bambu","CPM","Brain","B35",0.679523407556882,20658,"All"
"bambu","CPM","Kidney","K31",0.705895150500074,17549,"All"
"bambu","CPM","Kidney","K32",0.702372372185022,18076,"All"
"bambu","CPM","Kidney","K33",0.701080523988466,17574,"All"
"bambu","CPM","Kidney","K34",0.768468063171626,17474,"All"
"bambu","CPM","Kidney","K35",0.775741821301532,17067,"All"
"bambu","EDA","B20K80","B20K80_1",0.637747069240954,21409,"All"
"bambu","EDA","B20K80","B20K80_2",0.681004898630242,21599,"All"
"bambu","EDA","B20K80","B20K80_3",0.626133145033854,21425,"All"
"bambu","EDA","B20K80","B20K80_4",0.624124277122153,21099,"All"
"bambu","EDA","B20K80","B20K80_5",0.613481501798224,21003,"All"
"bambu","EDA","B80K20","B80K20_1",0.694423061043019,21568,"All"
"bambu","EDA","B80K20","B80K20_2",0.69491279604749,21622,"All"
"bambu","EDA","B80K20","B80K20_3",0.676898834101326,21628,"All"
"bambu","EDA","B80K20","B80K20_4",0.646944551818444,21619,"All"
"bambu","EDA","B80K20","B80K20_5",0.655585725602339,21399,"All"
"bambu","EDA","Brain","B31",0.645188468982076,20290,"All"
"bambu","EDA","Brain","B32",0.713908402318593,20596,"All"
"bambu","EDA","Brain","B33",0.696982689201392,20552,"All"
"bambu","EDA","Brain","B34",0.665844141387555,20462,"All"
"bambu","EDA","Brain","B35",0.679720468562015,20658,"All"
"bambu","EDA","Kidney","K31",0.624440721264558,17549,"All"
"bambu","EDA","Kidney","K32",0.680677554330759,18076,"All"
"bambu","EDA","Kidney","K33",0.636083803277595,17574,"All"
"bambu","EDA","Kidney","K34",0.642471561337344,17474,"All"
"bambu","EDA","Kidney","K35",0.613119220293269,17067,"All"
"bambu","TPM","B20K80","B20K80_1",0.794264538389149,21409,"All"
"bambu","TPM","B20K80","B20K80_2",0.793480786606152,21599,"All"
"bambu","TPM","B20K80","B20K80_3",0.777863994596055,21425,"All"
"bambu","TPM","B20K80","B20K80_4",0.789475622835289,21099,"All"
"bambu","TPM","B20K80","B20K80_5",0.794045552045863,21003,"All"
"bambu","TPM","B80K20","B80K20_1",0.766818604006807,21568,"All"
"bambu","TPM","B80K20","B80K20_2",0.745017727699598,21622,"All"
"bambu","TPM","B80K20","B80K20_3",0.750789752267373,21628,"All"
"bambu","TPM","B80K20","B80K20_4",0.734239216806305,21619,"All"
"bambu","TPM","B80K20","B80K20_5",0.754434437641555,21399,"All"
"bambu","TPM","Brain","B31",0.743038126937612,20290,"All"
"bambu","TPM","Brain","B32",0.763703721466884,20596,"All"
"bambu","TPM","Brain","B33",0.756937653967623,20552,"All"
"bambu","TPM","Brain","B34",0.728081682821258,20462,"All"
"bambu","TPM","Brain","B35",0.755732570605616,20658,"All"
"bambu","TPM","Kidney","K31",0.829258865110596,17549,"All"
"bambu","TPM","Kidney","K32",0.821478848567046,18076,"All"
"bambu","TPM","Kidney","K33",0.825647748197557,17574,"All"
"bambu","TPM","Kidney","K34",0.840196643616989,17474,"All"
"bambu","TPM","Kidney","K35",0.844231635828817,17067,"All"
"bambu","cqn","B20K80","B20K80_1",0.663054399085909,21739,"All"
"bambu","cqn","B20K80","B20K80_2",0.70140084539401,21791,"All"
"bambu","cqn","B20K80","B20K80_3",0.664595526089903,21774,"All"
"bambu","cqn","B20K80","B20K80_4",0.655411959284887,21597,"All"
"bambu","cqn","B20K80","B20K80_5",0.624396311832262,21571,"All"
"bambu","cqn","B80K20","B80K20_1",0.714606405994996,21840,"All"
"bambu","cqn","B80K20","B80K20_2",0.714457346597609,21931,"All"
"bambu","cqn","B80K20","B80K20_3",0.696315053658274,21939,"All"
"bambu","cqn","B80K20","B80K20_4",0.679282228071259,21905,"All"
"bambu","cqn","B80K20","B80K20_5",0.683333144656174,21802,"All"
"bambu","cqn","Brain","B31",0.699707974373134,20972,"All"
"bambu","cqn","Brain","B32",0.747745181740631,21341,"All"
"bambu","cqn","Brain","B33",0.742691918118519,21178,"All"
"bambu","cqn","Brain","B34",0.720108801016541,21182,"All"
"bambu","cqn","Brain","B35",0.732860003137981,21342,"All"
"bambu","cqn","Kidney","K31",0.661564261944779,18656,"All"
"bambu","cqn","Kidney","K32",0.737470038620111,19294,"All"
"bambu","cqn","Kidney","K33",0.688843648183674,18763,"All"
"bambu","cqn","Kidney","K34",0.668079909091241,18709,"All"
"bambu","cqn","Kidney","K35",0.601692439366447,18441,"All"
"bambu","ratio_counts","B20K80","B20K80_1",0.529172638125722,21409,"All"
"bambu","ratio_counts","B20K80","B20K80_2",0.646847925332971,21599,"All"
"bambu","ratio_counts","B20K80","B20K80_3",0.59318168842288,21425,"All"
"bambu","ratio_counts","B20K80","B20K80_4",0.651721618234215,21099,"All"
"bambu","ratio_counts","B20K80","B20K80_5",0.621132948148022,21003,"All"
"bambu","ratio_counts","B80K20","B80K20_1",0.63042306796838,21568,"All"
"bambu","ratio_counts","B80K20","B80K20_2",0.650353721569613,21622,"All"
"bambu","ratio_counts","B80K20","B80K20_3",0.464574867704583,21628,"All"
"bambu","ratio_counts","B80K20","B80K20_4",0.482692850406199,21619,"All"
"bambu","ratio_counts","B80K20","B80K20_5",0.516247785662639,21399,"All"
"bambu","ratio_counts","Brain","B31",0.396819605512729,20290,"All"
"bambu","ratio_counts","Brain","B32",0.71102518002258,20596,"All"
"bambu","ratio_counts","Brain","B33",0.648055684524925,20552,"All"
"bambu","ratio_counts","Brain","B34",0.608811466279312,20462,"All"
"bambu","ratio_counts","Brain","B35",0.652199487930282,20658,"All"
"bambu","ratio_counts","Kidney","K31",0.722021334992722,17549,"All"
"bambu","ratio_counts","Kidney","K32",0.74589241021233,18076,"All"
"bambu","ratio_counts","Kidney","K33",0.734098729282039,17574,"All"
"bambu","ratio_counts","Kidney","K34",0.803650439528249,17474,"All"
"bambu","ratio_counts","Kidney","K35",0.806071049116867,17067,"All"
"flair","CPM","B20K80","B20K80_1",0.700209794505964,22125,"All"
"flair","CPM","B20K80","B20K80_2",0.688667630971765,22222,"All"
"flair","CPM","B20K80","B20K80_3",0.668435583984213,22148,"All"
"flair","CPM","B20K80","B20K80_4",0.709482113373463,21900,"All"
"flair","CPM","B20K80","B20K80_5",0.718935983793624,21876,"All"
"flair","CPM","B80K20","B80K20_1",0.682031076888688,22536,"All"
"flair","CPM","B80K20","B80K20_2",0.628206111717602,22573,"All"
"flair","CPM","B80K20","B80K20_3",0.673385470173635,22639,"All"
"flair","CPM","B80K20","B80K20_4",0.62600839099057,22594,"All"
"flair","CPM","B80K20","B80K20_5",0.669880911367315,22442,"All"
"flair","CPM","Brain","B31",0.589686207462182,21388,"All"
"flair","CPM","Brain","B32",0.664715970061624,21734,"All"
"flair","CPM","Brain","B33",0.639096707563662,21662,"All"
"flair","CPM","Brain","B34",0.623861575410608,21574,"All"
"flair","CPM","Brain","B35",0.656996428989154,21719,"All"
"flair","CPM","Kidney","K31",0.688302690107119,17852,"All"
"flair","CPM","Kidney","K32",0.67612535430219,18293,"All"
"flair","CPM","Kidney","K33",0.685694028312307,17940,"All"
"flair","CPM","Kidney","K34",0.74739972279551,17824,"All"
"flair","CPM","Kidney","K35",0.761275128815928,17540,"All"
"flair","EDA","B20K80","B20K80_1",0.655709080141543,22125,"All"
"flair","EDA","B20K80","B20K80_2",0.703523273705116,22222,"All"
"flair","EDA","B20K80","B20K80_3",0.638833878134592,22148,"All"
"flair","EDA","B20K80","B20K80_4",0.635419206205811,21900,"All"
"flair","EDA","B20K80","B20K80_5",0.625465410402271,21876,"All"
"flair","EDA","B80K20","B80K20_1",0.684198556429652,22536,"All"
"flair","EDA","B80K20","B80K20_2",0.69185827982431,22573,"All"
"flair","EDA","B80K20","B80K20_3",0.655422710681424,22639,"All"
"flair","EDA","B80K20","B80K20_4",0.639368111140434,22594,"All"
"flair","EDA","B80K20","B80K20_5",0.643058862574478,22442,"All"
"flair","EDA","Brain","B31",0.649810157582939,21388,"All"
"flair","EDA","Brain","B32",0.70085559011911,21734,"All"
"flair","EDA","Brain","B33",0.682235115251876,21662,"All"
"flair","EDA","Brain","B34",0.628880427076715,21574,"All"
"flair","EDA","Brain","B35",0.653302184436804,21719,"All"
"flair","EDA","Kidney","K31",0.673625504320261,17852,"All"
"flair","EDA","Kidney","K32",0.713815341656439,18293,"All"
"flair","EDA","Kidney","K33",0.674596355886813,17940,"All"
"flair","EDA","Kidney","K34",0.659811492924848,17824,"All"
"flair","EDA","Kidney","K35",0.643330958447169,17540,"All"
"flair","TPM","B20K80","B20K80_1",0.779729043096665,22125,"All"
"flair","TPM","B20K80","B20K80_2",0.782672580814008,22222,"All"
"flair","TPM","B20K80","B20K80_3",0.757612281969129,22148,"All"
"flair","TPM","B20K80","B20K80_4",0.7663642368255,21900,"All"
"flair","TPM","B20K80","B20K80_5",0.772098792220672,21876,"All"
"flair","TPM","B80K20","B80K20_1",0.745129780147595,22536,"All"
"flair","TPM","B80K20","B80K20_2",0.730707470626002,22573,"All"
"flair","TPM","B80K20","B80K20_3",0.719494597670524,22639,"All"
"flair","TPM","B80K20","B80K20_4",0.707614462321405,22594,"All"
"flair","TPM","B80K20","B80K20_5",0.724296398863067,22442,"All"
"flair","TPM","Brain","B31",0.73666413922924,21388,"All"
"flair","TPM","Brain","B32",0.748909376604685,21734,"All"
"flair","TPM","Brain","B33",0.742006331342999,21662,"All"
"flair","TPM","Brain","B34",0.689566546293456,21574,"All"
"flair","TPM","Brain","B35",0.726102823011473,21719,"All"
"flair","TPM","Kidney","K31",0.813701155042941,17852,"All"
"flair","TPM","Kidney","K32",0.802397226859758,18293,"All"
"flair","TPM","Kidney","K33",0.810256632789485,17940,"All"
"flair","TPM","Kidney","K34",0.813915872513276,17824,"All"
"flair","TPM","Kidney","K35",0.822846223138917,17540,"All"
"flair","cqn","B20K80","B20K80_1",0.629028252494323,23187,"All"
"flair","cqn","B20K80","B20K80_2",0.686399879152177,23284,"All"
"flair","cqn","B20K80","B20K80_3",0.641807692735725,23251,"All"
"flair","cqn","B20K80","B20K80_4",0.633501883810823,23018,"All"
"flair","cqn","B20K80","B20K80_5",0.602945641774152,23046,"All"
"flair","cqn","B80K20","B80K20_1",0.67889940072163,23356,"All"
"flair","cqn","B80K20","B80K20_2",0.693067085919619,23472,"All"
"flair","cqn","B80K20","B80K20_3",0.672319938218788,23457,"All"
"flair","cqn","B80K20","B80K20_4",0.654887505514358,23421,"All"
"flair","cqn","B80K20","B80K20_5",0.657506787699682,23306,"All"
"flair","cqn","Brain","B31",0.69762084161751,22420,"All"
"flair","cqn","Brain","B32",0.736207361892462,22842,"All"
"flair","cqn","Brain","B33",0.72947340373677,22643,"All"
"flair","cqn","Brain","B34",0.699147449977367,22631,"All"
"flair","cqn","Brain","B35",0.721148802445683,22831,"All"
"flair","cqn","Kidney","K31",0.660763827047918,19833,"All"
"flair","cqn","Kidney","K32",0.727371008150855,20520,"All"
"flair","cqn","Kidney","K33",0.673624341803546,19979,"All"
"flair","cqn","Kidney","K34",0.656717085508763,19886,"All"
"flair","cqn","Kidney","K35",0.587690875066231,19700,"All"
"flair","ratio_counts","B20K80","B20K80_1",0.480917414381881,22125,"All"
"flair","ratio_counts","B20K80","B20K80_2",0.604766013124403,22222,"All"
"flair","ratio_counts","B20K80","B20K80_3",0.556390831660018,22148,"All"
"flair","ratio_counts","B20K80","B20K80_4",0.607332627674208,21900,"All"
"flair","ratio_counts","B20K80","B20K80_5",0.580581319220963,21876,"All"
"flair","ratio_counts","B80K20","B80K20_1",0.599329674099696,22536,"All"
"flair","ratio_counts","B80K20","B80K20_2",0.625679897041706,22573,"All"
"flair","ratio_counts","B80K20","B80K20_3",0.408115866909448,22639,"All"
"flair","ratio_counts","B80K20","B80K20_4",0.433264896896808,22594,"All"
"flair","ratio_counts","B80K20","B80K20_5",0.464738700395627,22442,"All"
"flair","ratio_counts","Brain","B31",0.37357373909464,21388,"All"
"flair","ratio_counts","Brain","B32",0.677401465583938,21734,"All"
"flair","ratio_counts","Brain","B33",0.617001884411247,21662,"All"
"flair","ratio_counts","Brain","B34",0.535856745996691,21574,"All"
"flair","ratio_counts","Brain","B35",0.592862158085906,21719,"All"
"flair","ratio_counts","Kidney","K31",0.674425915129848,17852,"All"
"flair","ratio_counts","Kidney","K32",0.692618849653902,18293,"All"
"flair","ratio_counts","Kidney","K33",0.692514454541652,17940,"All"
"flair","ratio_counts","Kidney","K34",0.743884114030938,17824,"All"
"flair","ratio_counts","Kidney","K35",0.760869648958487,17540,"All"
"isoquant","CPM","B20K80","B20K80_1",0.704351114194565,15928,"All"
"isoquant","CPM","B20K80","B20K80_2",0.691296296314938,16000,"All"
"isoquant","CPM","B20K80","B20K80_3",0.667304076774096,15941,"All"
"isoquant","CPM","B20K80","B20K80_4",0.715988235442333,15760,"All"
"isoquant","CPM","B20K80","B20K80_5",0.726153028702968,15698,"All"
"isoquant","CPM","B80K20","B80K20_1",0.677603121104361,15977,"All"
"isoquant","CPM","B80K20","B80K20_2",0.625457680701365,15997,"All"
"isoquant","CPM","B80K20","B80K20_3",0.672380523771791,16041,"All"
"isoquant","CPM","B80K20","B80K20_4",0.627617496918184,16022,"All"
"isoquant","CPM","B80K20","B80K20_5",0.675026228375049,15913,"All"
"isoquant","CPM","Brain","B31",0.58507003061859,15123,"All"
"isoquant","CPM","Brain","B32",0.657394429319553,15300,"All"
"isoquant","CPM","Brain","B33",0.629334685417381,15291,"All"
"isoquant","CPM","Brain","B34",0.61773877200331,15216,"All"
"isoquant","CPM","Brain","B35",0.647413838229991,15317,"All"
"isoquant","CPM","Kidney","K31",0.703279377692632,13373,"All"
"isoquant","CPM","Kidney","K32",0.684600231321688,13634,"All"
"isoquant","CPM","Kidney","K33",0.695299868474858,13409,"All"
"isoquant","CPM","Kidney","K34",0.753998988038282,13271,"All"
"isoquant","CPM","Kidney","K35",0.769983615945021,12988,"All"
"isoquant","EDA","B20K80","B20K80_1",0.637811310909602,15928,"All"
"isoquant","EDA","B20K80","B20K80_2",0.681854557773275,16000,"All"
"isoquant","EDA","B20K80","B20K80_3",0.628171375301372,15941,"All"
"isoquant","EDA","B20K80","B20K80_4",0.632000459014089,15760,"All"
"isoquant","EDA","B20K80","B20K80_5",0.614629100943137,15698,"All"
"isoquant","EDA","B80K20","B80K20_1",0.676044316205021,15977,"All"
"isoquant","EDA","B80K20","B80K20_2",0.680132339867321,15997,"All"
"isoquant","EDA","B80K20","B80K20_3",0.663182972238137,16041,"All"
"isoquant","EDA","B80K20","B80K20_4",0.636015186266563,16022,"All"
"isoquant","EDA","B80K20","B80K20_5",0.641722885574373,15913,"All"
"isoquant","EDA","Brain","B31",0.637411714792658,15123,"All"
"isoquant","EDA","Brain","B32",0.696171058728346,15300,"All"
"isoquant","EDA","Brain","B33",0.679809719190168,15291,"All"
"isoquant","EDA","Brain","B34",0.643386708377103,15216,"All"
"isoquant","EDA","Brain","B35",0.657153797509139,15317,"All"
"isoquant","EDA","Kidney","K31",0.64273963279888,13373,"All"
"isoquant","EDA","Kidney","K32",0.691282848800171,13634,"All"
"isoquant","EDA","Kidney","K33",0.653543384665528,13409,"All"
"isoquant","EDA","Kidney","K34",0.658110360404732,13271,"All"
"isoquant","EDA","Kidney","K35",0.642074793672448,12988,"All"
"isoquant","TPM","B20K80","B20K80_1",0.781691215445801,15928,"All"
"isoquant","TPM","B20K80","B20K80_2",0.783727444501454,16000,"All"
"isoquant","TPM","B20K80","B20K80_3",0.756255919515454,15941,"All"
"isoquant","TPM","B20K80","B20K80_4",0.774220907393072,15760,"All"
"isoquant","TPM","B20K80","B20K80_5",0.780000319377349,15698,"All"
"isoquant","TPM","B80K20","B80K20_1",0.746920385601421,15977,"All"
"isoquant","TPM","B80K20","B80K20_2",0.730149821812384,15997,"All"
"isoquant","TPM","B80K20","B80K20_3",0.725915286969019,16041,"All"
"isoquant","TPM","B80K20","B80K20_4",0.712074480338308,16022,"All"
"isoquant","TPM","B80K20","B80K20_5",0.733924348633858,15913,"All"
"isoquant","TPM","Brain","B31",0.735463117626815,15123,"All"
"isoquant","TPM","Brain","B32",0.749333667986911,15300,"All"
"isoquant","TPM","Brain","B33",0.741637631246458,15291,"All"
"isoquant","TPM","Brain","B34",0.693832306488976,15216,"All"
"isoquant","TPM","Brain","B35",0.72747814532426,15317,"All"
"isoquant","TPM","Kidney","K31",0.820506892063259,13373,"All"
"isoquant","TPM","Kidney","K32",0.807069548794313,13634,"All"
"isoquant","TPM","Kidney","K33",0.814967472461515,13409,"All"
"isoquant","TPM","Kidney","K34",0.820268679675902,13271,"All"
"isoquant","TPM","Kidney","K35",0.830143072405147,12988,"All"
"isoquant","cqn","B20K80","B20K80_1",0.626363626408775,17317,"All"
"isoquant","cqn","B20K80","B20K80_2",0.665649971194444,17359,"All"
"isoquant","cqn","B20K80","B20K80_3",0.630474885836609,17358,"All"
"isoquant","cqn","B20K80","B20K80_4",0.625471603645531,17229,"All"
"isoquant","cqn","B20K80","B20K80_5",0.596504848934907,17220,"All"
"isoquant","cqn","B80K20","B80K20_1",0.661594270075248,17374,"All"
"isoquant","cqn","B80K20","B80K20_2",0.660750884294735,17451,"All"
"isoquant","cqn","B80K20","B80K20_3",0.649959287462543,17460,"All"
"isoquant","cqn","B80K20","B80K20_4",0.632544375815355,17437,"All"
"isoquant","cqn","B80K20","B80K20_5",0.631045289535938,17368,"All"
"isoquant","cqn","Brain","B31",0.670247692603787,16708,"All"
"isoquant","cqn","Brain","B32",0.699042262262452,16960,"All"
"isoquant","cqn","Brain","B33",0.696165644715681,16840,"All"
"isoquant","cqn","Brain","B34",0.66770107193047,16857,"All"
"isoquant","cqn","Brain","B35",0.68171660143561,16983,"All"
"isoquant","cqn","Kidney","K31",0.635776277606598,15195,"All"
"isoquant","cqn","Kidney","K32",0.702190283736499,15608,"All"
"isoquant","cqn","Kidney","K33",0.66255487077393,15279,"All"
"isoquant","cqn","Kidney","K34",0.63502286761657,15220,"All"
"isoquant","cqn","Kidney","K35",0.57652948856371,15057,"All"
"isoquant","ratio_counts","B20K80","B20K80_1",0.48845061503788,15928,"All"
"isoquant","ratio_counts","B20K80","B20K80_2",0.60965213469379,16000,"All"
"isoquant","ratio_counts","B20K80","B20K80_3",0.544308273122896,15941,"All"
"isoquant","ratio_counts","B20K80","B20K80_4",0.607093553700401,15760,"All"
"isoquant","ratio_counts","B20K80","B20K80_5",0.577719533593461,15698,"All"
"isoquant","ratio_counts","B80K20","B80K20_1",0.619643377715875,15977,"All"
"isoquant","ratio_counts","B80K20","B80K20_2",0.632663001153274,15997,"All"
"isoquant","ratio_counts","B80K20","B80K20_3",0.43102120294501,16041,"All"
"isoquant","ratio_counts","B80K20","B80K20_4",0.462414627863267,16022,"All"
"isoquant","ratio_counts","B80K20","B80K20_5",0.491706131762132,15913,"All"
"isoquant","ratio_counts","Brain","B31",0.392175098706929,15123,"All"
"isoquant","ratio_counts","Brain","B32",0.686833483966099,15300,"All"
"isoquant","ratio_counts","Brain","B33",0.62809572575524,15291,"All"
"isoquant","ratio_counts","Brain","B34",0.587248373589541,15216,"All"
"isoquant","ratio_counts","Brain","B35",0.63099891632615,15317,"All"
"isoquant","ratio_counts","Kidney","K31",0.68329385954248,13373,"All"
"isoquant","ratio_counts","Kidney","K32",0.6946841198218,13634,"All"
"isoquant","ratio_counts","Kidney","K33",0.695679344195462,13409,"All"
"isoquant","ratio_counts","Kidney","K34",0.74741763869879,13271,"All"
"isoquant","ratio_counts","Kidney","K35",0.760442881523343,12988,"All"
"kallisto","CPM","B20K80","B20K80_1",0.68263878980242,21144,"All"
"kallisto","CPM","B20K80","B20K80_2",0.670480477407371,21227,"All"
"kallisto","CPM","B20K80","B20K80_3",0.650675837266925,21144,"All"
"kallisto","CPM","B20K80","B20K80_4",0.69890866257304,20875,"All"
"kallisto","CPM","B20K80","B20K80_5",0.708083428193423,20798,"All"
"kallisto","CPM","B80K20","B80K20_1",0.665970536480819,21216,"All"
"kallisto","CPM","B80K20","B80K20_2",0.607775232828531,21231,"All"
"kallisto","CPM","B80K20","B80K20_3",0.659427665646881,21304,"All"
"kallisto","CPM","B80K20","B80K20_4",0.608682243028213,21311,"All"
"kallisto","CPM","B80K20","B80K20_5",0.660951323210669,21150,"All"
"kallisto","CPM","Brain","B31",0.566532603637363,19935,"All"
"kallisto","CPM","Brain","B32",0.647190641452539,20218,"All"
"kallisto","CPM","Brain","B33",0.621276935446777,20177,"All"
"kallisto","CPM","Brain","B34",0.617409453966274,20164,"All"
"kallisto","CPM","Brain","B35",0.643275068123406,20266,"All"
"kallisto","CPM","Kidney","K31",0.686171033365745,17414,"All"
"kallisto","CPM","Kidney","K32",0.67229334096581,17885,"All"
"kallisto","CPM","Kidney","K33",0.675636744441288,17440,"All"
"kallisto","CPM","Kidney","K34",0.743060613078211,17309,"All"
"kallisto","CPM","Kidney","K35",0.755935612199739,16964,"All"
"kallisto","EDA","B20K80","B20K80_1",0.595323868192044,21144,"All"
"kallisto","EDA","B20K80","B20K80_2",0.647765346155546,21227,"All"
"kallisto","EDA","B20K80","B20K80_3",0.584142236962651,21144,"All"
"kallisto","EDA","B20K80","B20K80_4",0.583324005561229,20875,"All"
"kallisto","EDA","B20K80","B20K80_5",0.563953082423735,20798,"All"
"kallisto","EDA","B80K20","B80K20_1",0.657779247099344,21216,"All"
"kallisto","EDA","B80K20","B80K20_2",0.666844678255148,21231,"All"
"kallisto","EDA","B80K20","B80K20_3",0.635018726950584,21304,"All"
"kallisto","EDA","B80K20","B80K20_4",0.606629653900463,21311,"All"
"kallisto","EDA","B80K20","B80K20_5",0.615174840631879,21150,"All"
"kallisto","EDA","Brain","B31",0.629480348342739,19935,"All"
"kallisto","EDA","Brain","B32",0.690803732198984,20218,"All"
"kallisto","EDA","Brain","B33",0.674235289074324,20177,"All"
"kallisto","EDA","Brain","B34",0.631717472539048,20164,"All"
"kallisto","EDA","Brain","B35",0.647529271766483,20266,"All"
"kallisto","EDA","Kidney","K31",0.598699500484555,17414,"All"
"kallisto","EDA","Kidney","K32",0.652388740547621,17885,"All"
"kallisto","EDA","Kidney","K33",0.609144612816352,17440,"All"
"kallisto","EDA","Kidney","K34",0.605180487197775,17309,"All"
"kallisto","EDA","Kidney","K35",0.582877024706474,16964,"All"
"kallisto","TPM","B20K80","B20K80_1",0.772735450830304,21144,"All"
"kallisto","TPM","B20K80","B20K80_2",0.772842379376361,21227,"All"
"kallisto","TPM","B20K80","B20K80_3",0.751237880202205,21144,"All"
"kallisto","TPM","B20K80","B20K80_4",0.769236083724628,20875,"All"
"kallisto","TPM","B20K80","B20K80_5",0.774622709629883,20798,"All"
"kallisto","TPM","B80K20","B80K20_1",0.743365084343842,21216,"All"
"kallisto","TPM","B80K20","B80K20_2",0.719977535399442,21231,"All"
"kallisto","TPM","B80K20","B80K20_3",0.722925590342391,21304,"All"
"kallisto","TPM","B80K20","B80K20_4",0.705288245100836,21311,"All"
"kallisto","TPM","B80K20","B80K20_5",0.729543501890797,21150,"All"
"kallisto","TPM","Brain","B31",0.725336325085041,19935,"All"
"kallisto","TPM","Brain","B32",0.746297362368174,20218,"All"
"kallisto","TPM","Brain","B33",0.738008789905399,20177,"All"
"kallisto","TPM","Brain","B34",0.702451306005912,20164,"All"
"kallisto","TPM","Brain","B35",0.731924610849809,20266,"All"
"kallisto","TPM","Kidney","K31",0.812498246639407,17414,"All"
"kallisto","TPM","Kidney","K32",0.797987170843223,17885,"All"
"kallisto","TPM","Kidney","K33",0.804562425860413,17440,"All"
"kallisto","TPM","Kidney","K34",0.820131162216965,17309,"All"
"kallisto","TPM","Kidney","K35",0.827864834108515,16964,"All"
"kallisto","cqn","B20K80","B20K80_1",0.625959532401681,21286,"All"
"kallisto","cqn","B20K80","B20K80_2",0.663776367369886,21328,"All"
"kallisto","cqn","B20K80","B20K80_3",0.633941648251439,21334,"All"
"kallisto","cqn","B20K80","B20K80_4",0.623715048246733,21164,"All"
"kallisto","cqn","B20K80","B20K80_5",0.591990372989896,21177,"All"
"kallisto","cqn","B80K20","B80K20_1",0.688759641152993,21387,"All"
"kallisto","cqn","B80K20","B80K20_2",0.691815901498014,21480,"All"
"kallisto","cqn","B80K20","B80K20_3",0.66790870361453,21464,"All"
"kallisto","cqn","B80K20","B80K20_4",0.653595469926919,21445,"All"
"kallisto","cqn","B80K20","B80K20_5",0.6564380779096,21364,"All"
"kallisto","cqn","Brain","B31",0.691570330824459,20578,"All"
"kallisto","cqn","Brain","B32",0.73671593462849,20905,"All"
"kallisto","cqn","Brain","B33",0.730368736119485,20738,"All"
"kallisto","cqn","Brain","B34",0.693993491893542,20738,"All"
"kallisto","cqn","Brain","B35",0.715486574427996,20890,"All"
"kallisto","cqn","Kidney","K31",0.644552000732099,18351,"All"
"kallisto","cqn","Kidney","K32",0.719938251410654,18940,"All"
"kallisto","cqn","Kidney","K33",0.6692815373672,18449,"All"
"kallisto","cqn","Kidney","K34",0.642951373061733,18424,"All"
"kallisto","cqn","Kidney","K35",0.578369170427033,18195,"All"
"kallisto","ratio_counts","B20K80","B20K80_1",0.518288925153624,21144,"All"
"kallisto","ratio_counts","B20K80","B20K80_2",0.638056328011017,21227,"All"
"kallisto","ratio_counts","B20K80","B20K80_3",0.58689119566341,21144,"All"
"kallisto","ratio_counts","B20K80","B20K80_4",0.64538672570917,20875,"All"
"kallisto","ratio_counts","B20K80","B20K80_5",0.616490505864001,20798,"All"
"kallisto","ratio_counts","B80K20","B80K20_1",0.633115202918795,21216,"All"
"kallisto","ratio_counts","B80K20","B80K20_2",0.647929952082565,21231,"All"
"kallisto","ratio_counts","B80K20","B80K20_3",0.45842455392004,21304,"All"
"kallisto","ratio_counts","B80K20","B80K20_4",0.478271966326127,21311,"All"
"kallisto","ratio_counts","B80K20","B80K20_5",0.506122158083477,21150,"All"
"kallisto","ratio_counts","Brain","B31",0.407398147438362,19935,"All"
"kallisto","ratio_counts","Brain","B32",0.710438667660905,20218,"All"
"kallisto","ratio_counts","Brain","B33",0.654283630073051,20177,"All"
"kallisto","ratio_counts","Brain","B34",0.611809974075816,20164,"All"
"kallisto","ratio_counts","Brain","B35",0.658639825743438,20266,"All"
"kallisto","ratio_counts","Kidney","K31",0.728345275217051,17414,"All"
"kallisto","ratio_counts","Kidney","K32",0.741365644001027,17885,"All"
"kallisto","ratio_counts","Kidney","K33",0.731541802487572,17440,"All"
"kallisto","ratio_counts","Kidney","K34",0.794964388733496,17309,"All"
"kallisto","ratio_counts","Kidney","K35",0.803622243384097,16964,"All"
"oarfish","CPM","B20K80","B20K80_1",0.726029467495603,24774,"All"
"oarfish","CPM","B20K80","B20K80_2",0.712355411408043,24991,"All"
"oarfish","CPM","B20K80","B20K80_3",0.703638948385972,24730,"All"
"oarfish","CPM","B20K80","B20K80_4",0.739665180003361,24382,"All"
"oarfish","CPM","B20K80","B20K80_5",0.748078510058062,24173,"All"
"oarfish","CPM","B80K20","B80K20_1",0.714483399341969,25032,"All"
"oarfish","CPM","B80K20","B80K20_2",0.653874909028037,25111,"All"
"oarfish","CPM","B80K20","B80K20_3",0.711954473183525,25108,"All"
"oarfish","CPM","B80K20","B80K20_4",0.665210154804987,25106,"All"
"oarfish","CPM","B80K20","B80K20_5",0.708276068518029,24866,"All"
"oarfish","CPM","Brain","B31",0.6034361331553,23608,"All"
"oarfish","CPM","Brain","B32",0.68925613862189,24031,"All"
"oarfish","CPM","Brain","B33",0.666267958155361,23979,"All"
"oarfish","CPM","Brain","B34",0.672827936786713,23889,"All"
"oarfish","CPM","Brain","B35",0.695768528061115,24045,"All"
"oarfish","CPM","Kidney","K31",0.716707279596153,19972,"All"
"oarfish","CPM","Kidney","K32",0.715406056467252,20627,"All"
"oarfish","CPM","Kidney","K33",0.71550535183154,19884,"All"
"oarfish","CPM","Kidney","K34",0.781884860279291,19757,"All"
"oarfish","CPM","Kidney","K35",0.785168563593346,19311,"All"
"oarfish","EDA","B20K80","B20K80_1",0.647780213723682,24774,"All"
"oarfish","EDA","B20K80","B20K80_2",0.688602425577243,24991,"All"
"oarfish","EDA","B20K80","B20K80_3",0.639587827103847,24730,"All"
"oarfish","EDA","B20K80","B20K80_4",0.638322850249444,24382,"All"
"oarfish","EDA","B20K80","B20K80_5",0.628923371145374,24173,"All"
"oarfish","EDA","B80K20","B80K20_1",0.703331788023092,25032,"All"
"oarfish","EDA","B80K20","B80K20_2",0.703370759586182,25111,"All"
"oarfish","EDA","B80K20","B80K20_3",0.687580587018212,25108,"All"
"oarfish","EDA","B80K20","B80K20_4",0.657194923187884,25106,"All"
"oarfish","EDA","B80K20","B80K20_5",0.665390167015554,24866,"All"
"oarfish","EDA","Brain","B31",0.65624009987836,23608,"All"
"oarfish","EDA","Brain","B32",0.725922877038858,24031,"All"
"oarfish","EDA","Brain","B33",0.705651070832181,23979,"All"
"oarfish","EDA","Brain","B34",0.679146177253972,23889,"All"
"oarfish","EDA","Brain","B35",0.690927774128972,24045,"All"
"oarfish","EDA","Kidney","K31",0.638575313021527,19972,"All"
"oarfish","EDA","Kidney","K32",0.691593764292626,20627,"All"
"oarfish","EDA","Kidney","K33",0.653297120371763,19884,"All"
"oarfish","EDA","Kidney","K34",0.663767435055315,19757,"All"
"oarfish","EDA","Kidney","K35",0.639515187508373,19311,"All"
"oarfish","TPM","B20K80","B20K80_1",0.799269501092536,24774,"All"
"oarfish","TPM","B20K80","B20K80_2",0.799251247145046,24991,"All"
"oarfish","TPM","B20K80","B20K80_3",0.786625149334952,24730,"All"
"oarfish","TPM","B20K80","B20K80_4",0.793937254066749,24382,"All"
"oarfish","TPM","B20K80","B20K80_5",0.799198618582022,24173,"All"
"oarfish","TPM","B80K20","B80K20_1",0.771075271672788,25032,"All"
"oarfish","TPM","B80K20","B80K20_2",0.750295793668905,25111,"All"
"oarfish","TPM","B80K20","B80K20_3",0.752530928823377,25108,"All"
"oarfish","TPM","B80K20","B80K20_4",0.738812217441889,25106,"All"
"oarfish","TPM","B80K20","B80K20_5",0.757152392021695,24866,"All"
"oarfish","TPM","Brain","B31",0.753756817169834,23608,"All"
"oarfish","TPM","Brain","B32",0.773486726756443,24031,"All"
"oarfish","TPM","Brain","B33",0.765451285216868,23979,"All"
"oarfish","TPM","Brain","B34",0.734473381004236,23889,"All"
"oarfish","TPM","Brain","B35",0.762237182732053,24045,"All"
"oarfish","TPM","Kidney","K31",0.837111668375584,19972,"All"
"oarfish","TPM","Kidney","K32",0.830130910614997,20627,"All"
"oarfish","TPM","Kidney","K33",0.833772768590669,19884,"All"
"oarfish","TPM","Kidney","K34",0.84725222174915,19757,"All"
"oarfish","TPM","Kidney","K35",0.848433626036854,19311,"All"
"oarfish","cqn","B20K80","B20K80_1",0.674358174515607,25080,"All"
"oarfish","cqn","B20K80","B20K80_2",0.712329528905313,25182,"All"
"oarfish","cqn","B20K80","B20K80_3",0.681925846754925,25146,"All"
"oarfish","cqn","B20K80","B20K80_4",0.669739554688216,24902,"All"
"oarfish","cqn","B20K80","B20K80_5",0.64188766781107,24883,"All"
"oarfish","cqn","B80K20","B80K20_1",0.724737829634765,25284,"All"
"oarfish","cqn","B80K20","B80K20_2",0.721990598468507,25403,"All"
"oarfish","cqn","B80K20","B80K20_3",0.714199465176682,25390,"All"
"oarfish","cqn","B80K20","B80K20_4",0.682568843077398,25354,"All"
"oarfish","cqn","B80K20","B80K20_5",0.693485352618682,25234,"All"
"oarfish","cqn","Brain","B31",0.717508255087784,24237,"All"
"oarfish","cqn","Brain","B32",0.757717434311003,24722,"All"
"oarfish","cqn","Brain","B33",0.751013573353023,24537,"All"
"oarfish","cqn","Brain","B34",0.727174405667707,24524,"All"
"oarfish","cqn","Brain","B35",0.742672712579618,24694,"All"
"oarfish","cqn","Kidney","K31",0.683127868792513,21164,"All"
"oarfish","cqn","Kidney","K32",0.759555949843809,21962,"All"
"oarfish","cqn","Kidney","K33",0.715499689790373,21254,"All"
"oarfish","cqn","Kidney","K34",0.688042531428063,21204,"All"
"oarfish","cqn","Kidney","K35",0.622204076533905,20902,"All"
"oarfish","ratio_counts","B20K80","B20K80_1",0.531563406193752,24774,"All"
"oarfish","ratio_counts","B20K80","B20K80_2",0.642031617906321,24991,"All"
"oarfish","ratio_counts","B20K80","B20K80_3",0.60071806372275,24730,"All"
"oarfish","ratio_counts","B20K80","B20K80_4",0.64708463614811,24382,"All"
"oarfish","ratio_counts","B20K80","B20K80_5",0.614805328206648,24173,"All"
"oarfish","ratio_counts","B80K20","B80K20_1",0.616291436802727,25032,"All"
"oarfish","ratio_counts","B80K20","B80K20_2",0.645794471599406,25111,"All"
"oarfish","ratio_counts","B80K20","B80K20_3",0.446794828292946,25108,"All"
"oarfish","ratio_counts","B80K20","B80K20_4",0.466447485548324,25106,"All"
"oarfish","ratio_counts","B80K20","B80K20_5",0.497105662756125,24866,"All"
"oarfish","ratio_counts","Brain","B31",0.381596234589105,23608,"All"
"oarfish","ratio_counts","Brain","B32",0.711853313841752,24031,"All"
"oarfish","ratio_counts","Brain","B33",0.643740547907226,23979,"All"
"oarfish","ratio_counts","Brain","B34",0.58517752275697,23889,"All"
"oarfish","ratio_counts","Brain","B35",0.636146600980996,24045,"All"
"oarfish","ratio_counts","Kidney","K31",0.724600490142638,19972,"All"
"oarfish","ratio_counts","Kidney","K32",0.749072404734408,20627,"All"
"oarfish","ratio_counts","Kidney","K33",0.74119708439344,19884,"All"
"oarfish","ratio_counts","Kidney","K34",0.806367306438273,19757,"All"
"oarfish","ratio_counts","Kidney","K35",0.80612920562908,19311,"All"
"bambu","CPM","B20K80","B20K80_1",0.749493987740632,2613,"0-1.5k"
"bambu","CPM","B20K80","B20K80_1",0.803817385183963,7601,"1.5k-3k"
"bambu","CPM","B20K80","B20K80_1",0.746434250843218,5789,"3k-4.5k"
"bambu","CPM","B20K80","B20K80_1",0.624900551933118,5406,">4.5k"
"bambu","CPM","B20K80","B20K80_2",0.785773648996787,2621,"0-1.5k"
"bambu","CPM","B20K80","B20K80_2",0.807084405531862,7604,"1.5k-3k"
"bambu","CPM","B20K80","B20K80_2",0.757081964595657,5841,"3k-4.5k"
"bambu","CPM","B20K80","B20K80_2",0.654799906405992,5533,">4.5k"
"bambu","CPM","B20K80","B20K80_3",0.65770796360065,2613,"0-1.5k"
"bambu","CPM","B20K80","B20K80_3",0.794702922260622,7617,"1.5k-3k"
"bambu","CPM","B20K80","B20K80_3",0.744142715226735,5799,"3k-4.5k"
"bambu","CPM","B20K80","B20K80_3",0.615275668568416,5396,">4.5k"
"bambu","CPM","B20K80","B20K80_4",0.681766857158572,2617,"0-1.5k"
"bambu","CPM","B20K80","B20K80_4",0.811546230670376,7595,"1.5k-3k"
"bambu","CPM","B20K80","B20K80_4",0.741374979031694,5685,"3k-4.5k"
"bambu","CPM","B20K80","B20K80_4",0.604290931679021,5202,">4.5k"
"bambu","CPM","B20K80","B20K80_5",0.715022457803595,2614,"0-1.5k"
"bambu","CPM","B20K80","B20K80_5",0.804958685402389,7571,"1.5k-3k"
"bambu","CPM","B20K80","B20K80_5",0.733886415178657,5662,"3k-4.5k"
"bambu","CPM","B20K80","B20K80_5",0.58124406793077,5156,">4.5k"
"bambu","CPM","B80K20","B80K20_1",0.739877774035873,2588,"0-1.5k"
"bambu","CPM","B80K20","B80K20_1",0.806847107679204,7543,"1.5k-3k"
"bambu","CPM","B80K20","B80K20_1",0.749749828167683,5885,"3k-4.5k"
"bambu","CPM","B80K20","B80K20_1",0.636238310521094,5552,">4.5k"
"bambu","CPM","B80K20","B80K20_2",0.761680666604441,2559,"0-1.5k"
"bambu","CPM","B80K20","B80K20_2",0.773954530340603,7528,"1.5k-3k"
"bambu","CPM","B80K20","B80K20_2",0.719733708250078,5916,"3k-4.5k"
"bambu","CPM","B80K20","B80K20_2",0.622120895715035,5619,">4.5k"
"bambu","CPM","B80K20","B80K20_3",0.660099431992921,2595,"0-1.5k"
"bambu","CPM","B80K20","B80K20_3",0.809651823594484,7606,"1.5k-3k"
"bambu","CPM","B80K20","B80K20_3",0.744159239235771,5893,"3k-4.5k"
"bambu","CPM","B80K20","B80K20_3",0.600691246804784,5534,">4.5k"
"bambu","CPM","B80K20","B80K20_4",0.701456552500931,2592,"0-1.5k"
"bambu","CPM","B80K20","B80K20_4",0.766323788141636,7599,"1.5k-3k"
"bambu","CPM","B80K20","B80K20_4",0.713041620053208,5901,"3k-4.5k"
"bambu","CPM","B80K20","B80K20_4",0.589910218527938,5527,">4.5k"
"bambu","CPM","B80K20","B80K20_5",0.722168329852231,2595,"0-1.5k"
"bambu","CPM","B80K20","B80K20_5",0.787496565014721,7550,"1.5k-3k"
"bambu","CPM","B80K20","B80K20_5",0.723717675595098,5825,"3k-4.5k"
"bambu","CPM","B80K20","B80K20_5",0.598503163307046,5429,">4.5k"
"bambu","CPM","Brain","B31",0.768166497723371,2379,"0-1.5k"
"bambu","CPM","Brain","B31",0.773812048197464,6912,"1.5k-3k"
"bambu","CPM","Brain","B31",0.680757561594602,5628,"3k-4.5k"
"bambu","CPM","Brain","B31",0.599152821112201,5371,">4.5k"
"bambu","CPM","Brain","B32",0.786806369847584,2376,"0-1.5k"
"bambu","CPM","Brain","B32",0.794367325485114,6988,"1.5k-3k"
"bambu","CPM","Brain","B32",0.733862293737083,5731,"3k-4.5k"
"bambu","CPM","Brain","B32",0.637903294411834,5501,">4.5k"
"bambu","CPM","Brain","B33",0.759724234251387,2380,"0-1.5k"
"bambu","CPM","Brain","B33",0.783712861358288,7001,"1.5k-3k"
"bambu","CPM","Brain","B33",0.73064168100434,5704,"3k-4.5k"
"bambu","CPM","Brain","B33",0.638874578500949,5467,">4.5k"
"bambu","CPM","Brain","B34",0.687735047733508,2360,"0-1.5k"
"bambu","CPM","Brain","B34",0.769293790795629,7014,"1.5k-3k"
"bambu","CPM","Brain","B34",0.717930739490185,5681,"3k-4.5k"
"bambu","CPM","Brain","B34",0.602975416425389,5407,">4.5k"
"bambu","CPM","Brain","B35",0.749708808986661,2378,"0-1.5k"
"bambu","CPM","Brain","B35",0.77872807475959,7102,"1.5k-3k"
"bambu","CPM","Brain","B35",0.738022870965725,5723,"3k-4.5k"
"bambu","CPM","Brain","B35",0.622701640213308,5455,">4.5k"
"bambu","CPM","Kidney","K31",0.810089432559627,2448,"0-1.5k"
"bambu","CPM","Kidney","K31",0.808848257749513,6624,"1.5k-3k"
"bambu","CPM","Kidney","K31",0.780820535701721,4542,"3k-4.5k"
"bambu","CPM","Kidney","K31",0.711586312098431,3935,">4.5k"
"bambu","CPM","Kidney","K32",0.764715913997221,2432,"0-1.5k"
"bambu","CPM","Kidney","K32",0.815970287715228,6716,"1.5k-3k"
"bambu","CPM","Kidney","K32",0.805741862060114,4747,"3k-4.5k"
"bambu","CPM","Kidney","K32",0.748862943162732,4181,">4.5k"
"bambu","CPM","Kidney","K33",0.738897802547972,2431,"0-1.5k"
"bambu","CPM","Kidney","K33",0.812399970352419,6643,"1.5k-3k"
"bambu","CPM","Kidney","K33",0.793093272513942,4559,"3k-4.5k"
"bambu","CPM","Kidney","K33",0.707435632804005,3941,">4.5k"
"bambu","CPM","Kidney","K34",0.676290392012562,2453,"0-1.5k"
"bambu","CPM","Kidney","K34",0.839701521330258,6653,"1.5k-3k"
"bambu","CPM","Kidney","K34",0.802340226981687,4523,"3k-4.5k"
"bambu","CPM","Kidney","K34",0.691737107799096,3845,">4.5k"
"bambu","CPM","Kidney","K35",0.690863752269969,2448,"0-1.5k"
"bambu","CPM","Kidney","K35",0.840816256567211,6608,"1.5k-3k"
"bambu","CPM","Kidney","K35",0.778990429212823,4344,"3k-4.5k"
"bambu","CPM","Kidney","K35",0.655101015177663,3667,">4.5k"
"bambu","EDA","B20K80","B20K80_1",0.769039647230239,2613,"0-1.5k"
"bambu","EDA","B20K80","B20K80_1",0.793858352329227,7601,"1.5k-3k"
"bambu","EDA","B20K80","B20K80_1",0.74447504642103,5789,"3k-4.5k"
"bambu","EDA","B20K80","B20K80_1",0.597406280902681,5406,">4.5k"
"bambu","EDA","B20K80","B20K80_2",0.797916778850137,2621,"0-1.5k"
"bambu","EDA","B20K80","B20K80_2",0.810959956448474,7604,"1.5k-3k"
"bambu","EDA","B20K80","B20K80_2",0.756559454543768,5841,"3k-4.5k"
"bambu","EDA","B20K80","B20K80_2",0.626930130420384,5533,">4.5k"
"bambu","EDA","B20K80","B20K80_3",0.741380049992185,2613,"0-1.5k"
"bambu","EDA","B20K80","B20K80_3",0.787216732214677,7617,"1.5k-3k"
"bambu","EDA","B20K80","B20K80_3",0.742520995162222,5799,"3k-4.5k"
"bambu","EDA","B20K80","B20K80_3",0.579372329316794,5396,">4.5k"
"bambu","EDA","B20K80","B20K80_4",0.747269954847263,2617,"0-1.5k"
"bambu","EDA","B20K80","B20K80_4",0.793535102555406,7595,"1.5k-3k"
"bambu","EDA","B20K80","B20K80_4",0.738897825067302,5685,"3k-4.5k"
"bambu","EDA","B20K80","B20K80_4",0.562575545389983,5202,">4.5k"
"bambu","EDA","B20K80","B20K80_5",0.748542448396151,2614,"0-1.5k"
"bambu","EDA","B20K80","B20K80_5",0.783872253677294,7571,"1.5k-3k"
"bambu","EDA","B20K80","B20K80_5",0.730823320127219,5662,"3k-4.5k"
"bambu","EDA","B20K80","B20K80_5",0.547011564333689,5156,">4.5k"
"bambu","EDA","B80K20","B80K20_1",0.782128401297814,2588,"0-1.5k"
"bambu","EDA","B80K20","B80K20_1",0.808798816705513,7543,"1.5k-3k"
"bambu","EDA","B80K20","B80K20_1",0.749870442899655,5885,"3k-4.5k"
"bambu","EDA","B80K20","B80K20_1",0.616958611842681,5552,">4.5k"
"bambu","EDA","B80K20","B80K20_2",0.781692262399153,2559,"0-1.5k"
"bambu","EDA","B80K20","B80K20_2",0.789245988465788,7528,"1.5k-3k"
"bambu","EDA","B80K20","B80K20_2",0.720057662087743,5916,"3k-4.5k"
"bambu","EDA","B80K20","B80K20_2",0.610059102914527,5619,">4.5k"
"bambu","EDA","B80K20","B80K20_3",0.755831317910803,2595,"0-1.5k"
"bambu","EDA","B80K20","B80K20_3",0.803850901321866,7606,"1.5k-3k"
"bambu","EDA","B80K20","B80K20_3",0.744450727468073,5893,"3k-4.5k"
"bambu","EDA","B80K20","B80K20_3",0.578391556763367,5534,">4.5k"
"bambu","EDA","B80K20","B80K20_4",0.7614094490677,2592,"0-1.5k"
"bambu","EDA","B80K20","B80K20_4",0.771784258893403,7599,"1.5k-3k"
"bambu","EDA","B80K20","B80K20_4",0.713200105319225,5901,"3k-4.5k"
"bambu","EDA","B80K20","B80K20_4",0.565613597750989,5527,">4.5k"
"bambu","EDA","B80K20","B80K20_5",0.768200718980049,2595,"0-1.5k"
"bambu","EDA","B80K20","B80K20_5",0.78219593422219,7550,"1.5k-3k"
"bambu","EDA","B80K20","B80K20_5",0.72367990996851,5825,"3k-4.5k"
"bambu","EDA","B80K20","B80K20_5",0.572237027977002,5429,">4.5k"
"bambu","EDA","Brain","B31",0.758634961989693,2379,"0-1.5k"
"bambu","EDA","Brain","B31",0.785192552555637,6912,"1.5k-3k"
"bambu","EDA","Brain","B31",0.6851652121518,5628,"3k-4.5k"
"bambu","EDA","Brain","B31",0.579135006558579,5371,">4.5k"
"bambu","EDA","Brain","B32",0.791614917804954,2376,"0-1.5k"
"bambu","EDA","Brain","B32",0.8048874559145,6988,"1.5k-3k"
"bambu","EDA","Brain","B32",0.734966378021355,5731,"3k-4.5k"
"bambu","EDA","Brain","B32",0.627747156304913,5501,">4.5k"
"bambu","EDA","Brain","B33",0.772152792449538,2380,"0-1.5k"
"bambu","EDA","Brain","B33",0.797956958830158,7001,"1.5k-3k"
"bambu","EDA","Brain","B33",0.731465934958841,5704,"3k-4.5k"
"bambu","EDA","Brain","B33",0.620771465329175,5467,">4.5k"
"bambu","EDA","Brain","B34",0.752250465441225,2360,"0-1.5k"
"bambu","EDA","Brain","B34",0.775745689282419,7014,"1.5k-3k"
"bambu","EDA","Brain","B34",0.718056878724074,5681,"3k-4.5k"
"bambu","EDA","Brain","B34",0.584367197968797,5407,">4.5k"
"bambu","EDA","Brain","B35",0.77398424563511,2378,"0-1.5k"
"bambu","EDA","Brain","B35",0.786680221093856,7102,"1.5k-3k"
"bambu","EDA","Brain","B35",0.737949835689237,5723,"3k-4.5k"
"bambu","EDA","Brain","B35",0.598291444028583,5455,">4.5k"
"bambu","EDA","Kidney","K31",0.77570878034265,2448,"0-1.5k"
"bambu","EDA","Kidney","K31",0.804639913988563,6624,"1.5k-3k"
"bambu","EDA","Kidney","K31",0.778466254194867,4542,"3k-4.5k"
"bambu","EDA","Kidney","K31",0.666562488690363,3935,">4.5k"
"bambu","EDA","Kidney","K32",0.781187272424765,2432,"0-1.5k"
"bambu","EDA","Kidney","K32",0.822351084810392,6716,"1.5k-3k"
"bambu","EDA","Kidney","K32",0.804016238843104,4747,"3k-4.5k"
"bambu","EDA","Kidney","K32",0.706536907520829,4181,">4.5k"
"bambu","EDA","Kidney","K33",0.760472284968824,2431,"0-1.5k"
"bambu","EDA","Kidney","K33",0.808804453946855,6643,"1.5k-3k"
"bambu","EDA","Kidney","K33",0.790517256561237,4559,"3k-4.5k"
"bambu","EDA","Kidney","K33",0.661395538040341,3941,">4.5k"
"bambu","EDA","Kidney","K34",0.731216447337332,2453,"0-1.5k"
"bambu","EDA","Kidney","K34",0.81921630339741,6653,"1.5k-3k"
"bambu","EDA","Kidney","K34",0.798236986731286,4523,"3k-4.5k"
"bambu","EDA","Kidney","K34",0.645168391192889,3845,">4.5k"
"bambu","EDA","Kidney","K35",0.713608610263685,2448,"0-1.5k"
"bambu","EDA","Kidney","K35",0.815488520133754,6608,"1.5k-3k"
"bambu","EDA","Kidney","K35",0.771873504393492,4344,"3k-4.5k"
"bambu","EDA","Kidney","K35",0.610441392502119,3667,">4.5k"
"bambu","TPM","B20K80","B20K80_1",0.830925600732839,2613,"0-1.5k"
"bambu","TPM","B20K80","B20K80_1",0.820857462205805,7601,"1.5k-3k"
"bambu","TPM","B20K80","B20K80_1",0.744343877578361,5789,"3k-4.5k"
"bambu","TPM","B20K80","B20K80_1",0.64921048726777,5406,">4.5k"
"bambu","TPM","B20K80","B20K80_2",0.854798769302574,2621,"0-1.5k"
"bambu","TPM","B20K80","B20K80_2",0.827707246698124,7604,"1.5k-3k"
"bambu","TPM","B20K80","B20K80_2",0.75547510999035,5841,"3k-4.5k"
"bambu","TPM","B20K80","B20K80_2",0.672979732321763,5533,">4.5k"
"bambu","TPM","B20K80","B20K80_3",0.759609932580748,2613,"0-1.5k"
"bambu","TPM","B20K80","B20K80_3",0.812023354410974,7617,"1.5k-3k"
"bambu","TPM","B20K80","B20K80_3",0.741374002221819,5799,"3k-4.5k"
"bambu","TPM","B20K80","B20K80_3",0.639956989795143,5396,">4.5k"
"bambu","TPM","B20K80","B20K80_4",0.780023275245081,2617,"0-1.5k"
"bambu","TPM","B20K80","B20K80_4",0.82166052652869,7595,"1.5k-3k"
"bambu","TPM","B20K80","B20K80_4",0.738803167646767,5685,"3k-4.5k"
"bambu","TPM","B20K80","B20K80_4",0.634507245139946,5202,">4.5k"
"bambu","TPM","B20K80","B20K80_5",0.807343490070525,2614,"0-1.5k"
"bambu","TPM","B20K80","B20K80_5",0.815512554571784,7571,"1.5k-3k"
"bambu","TPM","B20K80","B20K80_5",0.731761357516138,5662,"3k-4.5k"
"bambu","TPM","B20K80","B20K80_5",0.608503060631941,5156,">4.5k"
"bambu","TPM","B80K20","B80K20_1",0.825272919581265,2588,"0-1.5k"
"bambu","TPM","B80K20","B80K20_1",0.821550928158599,7543,"1.5k-3k"
"bambu","TPM","B80K20","B80K20_1",0.746077041188096,5885,"3k-4.5k"
"bambu","TPM","B80K20","B80K20_1",0.650758510265522,5552,">4.5k"
"bambu","TPM","B80K20","B80K20_2",0.834459971326852,2559,"0-1.5k"
"bambu","TPM","B80K20","B80K20_2",0.794590942840028,7528,"1.5k-3k"
"bambu","TPM","B80K20","B80K20_2",0.718863591869152,5916,"3k-4.5k"
"bambu","TPM","B80K20","B80K20_2",0.631732026716587,5619,">4.5k"
"bambu","TPM","B80K20","B80K20_3",0.765249955987932,2595,"0-1.5k"
"bambu","TPM","B80K20","B80K20_3",0.817720858664781,7606,"1.5k-3k"
"bambu","TPM","B80K20","B80K20_3",0.739750605375396,5893,"3k-4.5k"
"bambu","TPM","B80K20","B80K20_3",0.619760295764448,5534,">4.5k"
"bambu","TPM","B80K20","B80K20_4",0.796104276500249,2592,"0-1.5k"
"bambu","TPM","B80K20","B80K20_4",0.785569462426187,7599,"1.5k-3k"
"bambu","TPM","B80K20","B80K20_4",0.709279945997471,5901,"3k-4.5k"
"bambu","TPM","B80K20","B80K20_4",0.609538724026679,5527,">4.5k"
"bambu","TPM","B80K20","B80K20_5",0.812474823895936,2595,"0-1.5k"
"bambu","TPM","B80K20","B80K20_5",0.799524956559146,7550,"1.5k-3k"
"bambu","TPM","B80K20","B80K20_5",0.719725395143007,5825,"3k-4.5k"
"bambu","TPM","B80K20","B80K20_5",0.616681548030608,5429,">4.5k"
"bambu","TPM","Brain","B31",0.838369740366866,2379,"0-1.5k"
"bambu","TPM","Brain","B31",0.795769773479404,6912,"1.5k-3k"
"bambu","TPM","Brain","B31",0.686312295067136,5628,"3k-4.5k"
"bambu","TPM","Brain","B31",0.627729702581511,5371,">4.5k"
"bambu","TPM","Brain","B32",0.853864121347914,2376,"0-1.5k"
"bambu","TPM","Brain","B32",0.812474845228182,6988,"1.5k-3k"
"bambu","TPM","Brain","B32",0.734824468805899,5731,"3k-4.5k"
"bambu","TPM","Brain","B32",0.645854711431845,5501,">4.5k"
"bambu","TPM","Brain","B33",0.834754050533716,2380,"0-1.5k"
"bambu","TPM","Brain","B33",0.805361940866928,7001,"1.5k-3k"
"bambu","TPM","Brain","B33",0.731337757533985,5704,"3k-4.5k"
"bambu","TPM","Brain","B33",0.645521131964832,5467,">4.5k"
"bambu","TPM","Brain","B34",0.783515866673159,2360,"0-1.5k"
"bambu","TPM","Brain","B34",0.787448857003663,7014,"1.5k-3k"
"bambu","TPM","Brain","B34",0.714297010764733,5681,"3k-4.5k"
"bambu","TPM","Brain","B34",0.619910469245091,5407,">4.5k"
"bambu","TPM","Brain","B35",0.827589075732997,2378,"0-1.5k"
"bambu","TPM","Brain","B35",0.7993595970698,7102,"1.5k-3k"
"bambu","TPM","Brain","B35",0.735016066450952,5723,"3k-4.5k"
"bambu","TPM","Brain","B35",0.638022348969028,5455,">4.5k"
"bambu","TPM","Kidney","K31",0.873440758569412,2448,"0-1.5k"
"bambu","TPM","Kidney","K31",0.834671452142654,6624,"1.5k-3k"
"bambu","TPM","Kidney","K31",0.782360312407332,4542,"3k-4.5k"
"bambu","TPM","Kidney","K31",0.739225346458899,3935,">4.5k"
"bambu","TPM","Kidney","K32",0.843632430365233,2432,"0-1.5k"
"bambu","TPM","Kidney","K32",0.840276234799299,6716,"1.5k-3k"
"bambu","TPM","Kidney","K32",0.806308270616667,4747,"3k-4.5k"
"bambu","TPM","Kidney","K32",0.764771283715875,4181,">4.5k"
"bambu","TPM","Kidney","K33",0.827417629707137,2431,"0-1.5k"
"bambu","TPM","Kidney","K33",0.835673217687586,6643,"1.5k-3k"
"bambu","TPM","Kidney","K33",0.793257159899074,4559,"3k-4.5k"
"bambu","TPM","Kidney","K33",0.733892781980066,3941,">4.5k"
"bambu","TPM","Kidney","K34",0.77858239131092,2453,"0-1.5k"
"bambu","TPM","Kidney","K34",0.848838872176519,6653,"1.5k-3k"
"bambu","TPM","Kidney","K34",0.801420140837982,4523,"3k-4.5k"
"bambu","TPM","Kidney","K34",0.720246159489305,3845,">4.5k"
"bambu","TPM","Kidney","K35",0.790740963214238,2448,"0-1.5k"
"bambu","TPM","Kidney","K35",0.849467857290113,6608,"1.5k-3k"
"bambu","TPM","Kidney","K35",0.779342833171177,4344,"3k-4.5k"
"bambu","TPM","Kidney","K35",0.687412811299539,3667,">4.5k"
"bambu","cqn","B20K80","B20K80_1",0.748152830229723,2635,"0-1.5k"
"bambu","cqn","B20K80","B20K80_1",0.792669795793322,7649,"1.5k-3k"
"bambu","cqn","B20K80","B20K80_1",0.736179072875577,5863,"3k-4.5k"
"bambu","cqn","B20K80","B20K80_1",0.59956959977478,5592,">4.5k"
"bambu","cqn","B20K80","B20K80_2",0.766797827052477,2636,"0-1.5k"
"bambu","cqn","B20K80","B20K80_2",0.809895794334293,7646,"1.5k-3k"
"bambu","cqn","B20K80","B20K80_2",0.749365438477492,5880,"3k-4.5k"
"bambu","cqn","B20K80","B20K80_2",0.622459095996673,5629,">4.5k"
"bambu","cqn","B20K80","B20K80_3",0.741204948861661,2636,"0-1.5k"
"bambu","cqn","B20K80","B20K80_3",0.789045984651636,7657,"1.5k-3k"
"bambu","cqn","B20K80","B20K80_3",0.737737917252727,5870,"3k-4.5k"
"bambu","cqn","B20K80","B20K80_3",0.592271426999034,5611,">4.5k"
"bambu","cqn","B20K80","B20K80_4",0.75763240521021,2636,"0-1.5k"
"bambu","cqn","B20K80","B20K80_4",0.788149077595816,7636,"1.5k-3k"
"bambu","cqn","B20K80","B20K80_4",0.738353252630228,5803,"3k-4.5k"
"bambu","cqn","B20K80","B20K80_4",0.570145371232955,5522,">4.5k"
"bambu","cqn","B20K80","B20K80_5",0.738013818783099,2635,"0-1.5k"
"bambu","cqn","B20K80","B20K80_5",0.76684518017758,7616,"1.5k-3k"
"bambu","cqn","B20K80","B20K80_5",0.719226986966511,5802,"3k-4.5k"
"bambu","cqn","B20K80","B20K80_5",0.549798261130352,5518,">4.5k"
"bambu","cqn","B80K20","B80K20_1",0.777175656857972,2628,"0-1.5k"
"bambu","cqn","B80K20","B80K20_1",0.804249520196985,7617,"1.5k-3k"
"bambu","cqn","B80K20","B80K20_1",0.74290986499837,5932,"3k-4.5k"
"bambu","cqn","B80K20","B80K20_1",0.623707586746031,5663,">4.5k"
"bambu","cqn","B80K20","B80K20_2",0.782167100354062,2625,"0-1.5k"
"bambu","cqn","B80K20","B80K20_2",0.792104268818954,7650,"1.5k-3k"
"bambu","cqn","B80K20","B80K20_2",0.717098774172213,5962,"3k-4.5k"
"bambu","cqn","B80K20","B80K20_2",0.611144189255603,5694,">4.5k"
"bambu","cqn","B80K20","B80K20_3",0.772216649711208,2630,"0-1.5k"
"bambu","cqn","B80K20","B80K20_3",0.798703065679103,7665,"1.5k-3k"
"bambu","cqn","B80K20","B80K20_3",0.737134848116703,5954,"3k-4.5k"
"bambu","cqn","B80K20","B80K20_3",0.578383313557852,5690,">4.5k"
"bambu","cqn","B80K20","B80K20_4",0.746095474084125,2628,"0-1.5k"
"bambu","cqn","B80K20","B80K20_4",0.779732999861397,7656,"1.5k-3k"
"bambu","cqn","B80K20","B80K20_4",0.714933908145586,5942,"3k-4.5k"
"bambu","cqn","B80K20","B80K20_4",0.576258447640005,5679,">4.5k"
"bambu","cqn","B80K20","B80K20_5",0.767467785800266,2631,"0-1.5k"
"bambu","cqn","B80K20","B80K20_5",0.78537462597883,7629,"1.5k-3k"
"bambu","cqn","B80K20","B80K20_5",0.727593405028213,5907,"3k-4.5k"
"bambu","cqn","B80K20","B80K20_5",0.576752161651215,5635,">4.5k"
"bambu","cqn","Brain","B31",0.775473005224548,2505,"0-1.5k"
"bambu","cqn","Brain","B31",0.79779397526015,7232,"1.5k-3k"
"bambu","cqn","Brain","B31",0.693715167978076,5735,"3k-4.5k"
"bambu","cqn","Brain","B31",0.591300932400895,5500,">4.5k"
"bambu","cqn","Brain","B32",0.809234995398741,2510,"0-1.5k"
"bambu","cqn","Brain","B32",0.816459377687516,7338,"1.5k-3k"
"bambu","cqn","Brain","B32",0.738420399419123,5860,"3k-4.5k"
"bambu","cqn","Brain","B32",0.635762116779682,5633,">4.5k"
"bambu","cqn","Brain","B33",0.790899653623059,2503,"0-1.5k"
"bambu","cqn","Brain","B33",0.813071051356324,7267,"1.5k-3k"
"bambu","cqn","Brain","B33",0.738347815318638,5807,"3k-4.5k"
"bambu","cqn","Brain","B33",0.641131207175776,5601,">4.5k"
"bambu","cqn","Brain","B34",0.78944186448583,2504,"0-1.5k"
"bambu","cqn","Brain","B34",0.796088361439898,7268,"1.5k-3k"
"bambu","cqn","Brain","B34",0.727368993968988,5816,"3k-4.5k"
"bambu","cqn","Brain","B34",0.599384861188754,5594,">4.5k"
"bambu","cqn","Brain","B35",0.785999220713768,2517,"0-1.5k"
"bambu","cqn","Brain","B35",0.809454987525741,7353,"1.5k-3k"
"bambu","cqn","Brain","B35",0.74897282717069,5846,"3k-4.5k"
"bambu","cqn","Brain","B35",0.624077262502923,5626,">4.5k"
"bambu","cqn","Kidney","K31",0.727785084138634,2520,"0-1.5k"
"bambu","cqn","Kidney","K31",0.820883530885479,6920,"1.5k-3k"
"bambu","cqn","Kidney","K31",0.778192434457151,4858,"3k-4.5k"
"bambu","cqn","Kidney","K31",0.691745015202454,4358,">4.5k"
"bambu","cqn","Kidney","K32",0.775276995752563,2522,"0-1.5k"
"bambu","cqn","Kidney","K32",0.84825138160782,7039,"1.5k-3k"
"bambu","cqn","Kidney","K32",0.81543255061374,5084,"3k-4.5k"
"bambu","cqn","Kidney","K32",0.727505184804211,4649,">4.5k"
"bambu","cqn","Kidney","K33",0.766934215389069,2520,"0-1.5k"
"bambu","cqn","Kidney","K33",0.829348806169471,6922,"1.5k-3k"
"bambu","cqn","Kidney","K33",0.794937784548356,4902,"3k-4.5k"
"bambu","cqn","Kidney","K33",0.690054606909371,4419,">4.5k"
"bambu","cqn","Kidney","K34",0.758044444025698,2504,"0-1.5k"
"bambu","cqn","Kidney","K34",0.811732686256426,6904,"1.5k-3k"
"bambu","cqn","Kidney","K34",0.802127344428606,4890,"3k-4.5k"
"bambu","cqn","Kidney","K34",0.655159987515645,4411,">4.5k"
"bambu","cqn","Kidney","K35",0.714307176127046,2513,"0-1.5k"
"bambu","cqn","Kidney","K35",0.778719365453875,6882,"1.5k-3k"
"bambu","cqn","Kidney","K35",0.759744285211026,4769,"3k-4.5k"
"bambu","cqn","Kidney","K35",0.602100657088753,4277,">4.5k"
"bambu","ratio_counts","B20K80","B20K80_1",0.687111670049414,2613,"0-1.5k"
"bambu","ratio_counts","B20K80","B20K80_1",0.580186674920263,7601,"1.5k-3k"
"bambu","ratio_counts","B20K80","B20K80_1",0.448508692936089,5789,"3k-4.5k"
"bambu","ratio_counts","B20K80","B20K80_1",0.325195237774113,5406,">4.5k"
"bambu","ratio_counts","B20K80","B20K80_2",0.750003222296481,2621,"0-1.5k"
"bambu","ratio_counts","B20K80","B20K80_2",0.723134431348096,7604,"1.5k-3k"
"bambu","ratio_counts","B20K80","B20K80_2",0.655985619023232,5841,"3k-4.5k"
"bambu","ratio_counts","B20K80","B20K80_2",0.536664622595166,5533,">4.5k"
"bambu","ratio_counts","B20K80","B20K80_3",0.592654471532595,2613,"0-1.5k"
"bambu","ratio_counts","B20K80","B20K80_3",0.693801883947141,7617,"1.5k-3k"
"bambu","ratio_counts","B20K80","B20K80_3",0.604135203079389,5799,"3k-4.5k"
"bambu","ratio_counts","B20K80","B20K80_3",0.429113015651019,5396,">4.5k"
"bambu","ratio_counts","B20K80","B20K80_4",0.66340791320669,2617,"0-1.5k"
"bambu","ratio_counts","B20K80","B20K80_4",0.714931160041303,7595,"1.5k-3k"
"bambu","ratio_counts","B20K80","B20K80_4",0.59294995380817,5685,"3k-4.5k"
"bambu","ratio_counts","B20K80","B20K80_4",0.474693188666232,5202,">4.5k"
"bambu","ratio_counts","B20K80","B20K80_5",0.722524735306294,2614,"0-1.5k"
"bambu","ratio_counts","B20K80","B20K80_5",0.652964461552556,7571,"1.5k-3k"
"bambu","ratio_counts","B20K80","B20K80_5",0.503534373678532,5662,"3k-4.5k"
"bambu","ratio_counts","B20K80","B20K80_5",0.353891405836641,5156,">4.5k"
"bambu","ratio_counts","B80K20","B80K20_1",0.740128246072651,2588,"0-1.5k"
"bambu","ratio_counts","B80K20","B80K20_1",0.731118195648152,7543,"1.5k-3k"
"bambu","ratio_counts","B80K20","B80K20_1",0.609177105119148,5885,"3k-4.5k"
"bambu","ratio_counts","B80K20","B80K20_1",0.495655206362173,5552,">4.5k"
"bambu","ratio_counts","B80K20","B80K20_2",0.617461716730944,2559,"0-1.5k"
"bambu","ratio_counts","B80K20","B80K20_2",0.632753963835961,7528,"1.5k-3k"
"bambu","ratio_counts","B80K20","B80K20_2",0.548553212541241,5916,"3k-4.5k"
"bambu","ratio_counts","B80K20","B80K20_2",0.498030354991452,5619,">4.5k"
"bambu","ratio_counts","B80K20","B80K20_3",0.676228645626839,2595,"0-1.5k"
"bambu","ratio_counts","B80K20","B80K20_3",0.638156656482256,7606,"1.5k-3k"
"bambu","ratio_counts","B80K20","B80K20_3",0.516309842686577,5893,"3k-4.5k"
"bambu","ratio_counts","B80K20","B80K20_3",0.389961327802273,5534,">4.5k"
"bambu","ratio_counts","B80K20","B80K20_4",0.624960931384489,2592,"0-1.5k"
"bambu","ratio_counts","B80K20","B80K20_4",0.582902509724351,7599,"1.5k-3k"
"bambu","ratio_counts","B80K20","B80K20_4",0.463795578263139,5901,"3k-4.5k"
"bambu","ratio_counts","B80K20","B80K20_4",0.351039980147474,5527,">4.5k"
"bambu","ratio_counts","B80K20","B80K20_5",0.707060449046135,2595,"0-1.5k"
"bambu","ratio_counts","B80K20","B80K20_5",0.652856473189097,7550,"1.5k-3k"
"bambu","ratio_counts","B80K20","B80K20_5",0.532730818836595,5825,"3k-4.5k"
"bambu","ratio_counts","B80K20","B80K20_5",0.412656401192511,5429,">4.5k"
"bambu","ratio_counts","Brain","B31",0.707583173654451,2379,"0-1.5k"
"bambu","ratio_counts","Brain","B31",0.618181034928323,6912,"1.5k-3k"
"bambu","ratio_counts","Brain","B31",0.401223460723597,5628,"3k-4.5k"
"bambu","ratio_counts","Brain","B31",0.344983943149984,5371,">4.5k"
"bambu","ratio_counts","Brain","B32",0.750794141960219,2376,"0-1.5k"
"bambu","ratio_counts","Brain","B32",0.733880023281002,6988,"1.5k-3k"
"bambu","ratio_counts","Brain","B32",0.648816478910326,5731,"3k-4.5k"
"bambu","ratio_counts","Brain","B32",0.568098046575417,5501,">4.5k"
"bambu","ratio_counts","Brain","B33",0.73581627710335,2380,"0-1.5k"
"bambu","ratio_counts","Brain","B33",0.69309680695166,7001,"1.5k-3k"
"bambu","ratio_counts","Brain","B33",0.583768858566364,5704,"3k-4.5k"
"bambu","ratio_counts","Brain","B33",0.502148419256371,5467,">4.5k"
"bambu","ratio_counts","Brain","B34",0.768626935056439,2360,"0-1.5k"
"bambu","ratio_counts","Brain","B34",0.700291595768078,7014,"1.5k-3k"
"bambu","ratio_counts","Brain","B34",0.580655719569739,5681,"3k-4.5k"
"bambu","ratio_counts","Brain","B34",0.4632958598508,5407,">4.5k"
"bambu","ratio_counts","Brain","B35",0.767421225003311,2378,"0-1.5k"
"bambu","ratio_counts","Brain","B35",0.715198483667909,7102,"1.5k-3k"
"bambu","ratio_counts","Brain","B35",0.63359390983658,5723,"3k-4.5k"
"bambu","ratio_counts","Brain","B35",0.505660165158614,5455,">4.5k"
"bambu","ratio_counts","Kidney","K31",0.834236299069508,2448,"0-1.5k"
"bambu","ratio_counts","Kidney","K31",0.765218056121324,6624,"1.5k-3k"
"bambu","ratio_counts","Kidney","K31",0.769962641506385,4542,"3k-4.5k"
"bambu","ratio_counts","Kidney","K31",0.723375902633848,3935,">4.5k"
"bambu","ratio_counts","Kidney","K32",0.806584243121788,2432,"0-1.5k"
"bambu","ratio_counts","Kidney","K32",0.789211127116616,6716,"1.5k-3k"
"bambu","ratio_counts","Kidney","K32",0.819447275193053,4747,"3k-4.5k"
"bambu","ratio_counts","Kidney","K32",0.768347854123686,4181,">4.5k"
"bambu","ratio_counts","Kidney","K33",0.782867077231052,2431,"0-1.5k"
"bambu","ratio_counts","Kidney","K33",0.780850634157543,6643,"1.5k-3k"
"bambu","ratio_counts","Kidney","K33",0.791155176552681,4559,"3k-4.5k"
"bambu","ratio_counts","Kidney","K33",0.71655656202277,3941,">4.5k"
"bambu","ratio_counts","Kidney","K34",0.72180791064883,2453,"0-1.5k"
"bambu","ratio_counts","Kidney","K34",0.817785087791086,6653,"1.5k-3k"
"bambu","ratio_counts","Kidney","K34",0.798532147822533,4523,"3k-4.5k"
"bambu","ratio_counts","Kidney","K34",0.71824541020336,3845,">4.5k"
"bambu","ratio_counts","Kidney","K35",0.72786548176937,2448,"0-1.5k"
"bambu","ratio_counts","Kidney","K35",0.811346626865194,6608,"1.5k-3k"
"bambu","ratio_counts","Kidney","K35",0.773681573443203,4344,"3k-4.5k"
"bambu","ratio_counts","Kidney","K35",0.678901375693082,3667,">4.5k"
"flair","CPM","B20K80","B20K80_1",0.764264349450963,2726,"0-1.5k"
"flair","CPM","B20K80","B20K80_1",0.796860177289844,8118,"1.5k-3k"
"flair","CPM","B20K80","B20K80_1",0.730855545060464,6200,"3k-4.5k"
"flair","CPM","B20K80","B20K80_1",0.593404211032647,5081,">4.5k"
"flair","CPM","B20K80","B20K80_2",0.795322909674622,2720,"0-1.5k"
"flair","CPM","B20K80","B20K80_2",0.794506597556879,8123,"1.5k-3k"
"flair","CPM","B20K80","B20K80_2",0.752874444722375,6266,"3k-4.5k"
"flair","CPM","B20K80","B20K80_2",0.642545635998416,5113,">4.5k"
"flair","CPM","B20K80","B20K80_3",0.66637558274108,2721,"0-1.5k"
"flair","CPM","B20K80","B20K80_3",0.784290563122416,8129,"1.5k-3k"
"flair","CPM","B20K80","B20K80_3",0.730947698922157,6227,"3k-4.5k"
"flair","CPM","B20K80","B20K80_3",0.57085364996453,5071,">4.5k"
"flair","CPM","B20K80","B20K80_4",0.689573442085804,2717,"0-1.5k"
"flair","CPM","B20K80","B20K80_4",0.803072124893281,8082,"1.5k-3k"
"flair","CPM","B20K80","B20K80_4",0.718121778397678,6133,"3k-4.5k"
"flair","CPM","B20K80","B20K80_4",0.546852230145355,4968,">4.5k"
"flair","CPM","B20K80","B20K80_5",0.719939856688186,2722,"0-1.5k"
"flair","CPM","B20K80","B20K80_5",0.795528161101509,8089,"1.5k-3k"
"flair","CPM","B20K80","B20K80_5",0.708449659570479,6118,"3k-4.5k"
"flair","CPM","B20K80","B20K80_5",0.524829750528556,4947,">4.5k"
"flair","CPM","B80K20","B80K20_1",0.742783097242931,2683,"0-1.5k"
"flair","CPM","B80K20","B80K20_1",0.802634855717871,8087,"1.5k-3k"
"flair","CPM","B80K20","B80K20_1",0.727385510325848,6369,"3k-4.5k"
"flair","CPM","B80K20","B80K20_1",0.581170948646752,5397,">4.5k"
"flair","CPM","B80K20","B80K20_2",0.777958705382983,2668,"0-1.5k"
"flair","CPM","B80K20","B80K20_2",0.764640843530294,8069,"1.5k-3k"
"flair","CPM","B80K20","B80K20_2",0.701299415372628,6396,"3k-4.5k"
"flair","CPM","B80K20","B80K20_2",0.600621463460124,5440,">4.5k"
"flair","CPM","B80K20","B80K20_3",0.654079093427307,2700,"0-1.5k"
"flair","CPM","B80K20","B80K20_3",0.801646971389095,8144,"1.5k-3k"
"flair","CPM","B80K20","B80K20_3",0.711323538613056,6384,"3k-4.5k"
"flair","CPM","B80K20","B80K20_3",0.536653280079893,5411,">4.5k"
"flair","CPM","B80K20","B80K20_4",0.707684212267337,2693,"0-1.5k"
"flair","CPM","B80K20","B80K20_4",0.759359096100345,8124,"1.5k-3k"
"flair","CPM","B80K20","B80K20_4",0.684964938526564,6377,"3k-4.5k"
"flair","CPM","B80K20","B80K20_4",0.523961381108734,5400,">4.5k"
"flair","CPM","B80K20","B80K20_5",0.720670153797537,2693,"0-1.5k"
"flair","CPM","B80K20","B80K20_5",0.780707907388374,8077,"1.5k-3k"
"flair","CPM","B80K20","B80K20_5",0.692924523750604,6324,"3k-4.5k"
"flair","CPM","B80K20","B80K20_5",0.520346029187027,5348,">4.5k"
"flair","CPM","Brain","B31",0.784997793828189,2435,"0-1.5k"
"flair","CPM","Brain","B31",0.771926900503882,7394,"1.5k-3k"
"flair","CPM","Brain","B31",0.675272911538385,6128,"3k-4.5k"
"flair","CPM","Brain","B31",0.587031688995717,5431,">4.5k"
"flair","CPM","Brain","B32",0.789889435754181,2432,"0-1.5k"
"flair","CPM","Brain","B32",0.786612850113963,7478,"1.5k-3k"
"flair","CPM","Brain","B32",0.723005531579072,6254,"3k-4.5k"
"flair","CPM","Brain","B32",0.610924749141326,5570,">4.5k"
"flair","CPM","Brain","B33",0.778956165626542,2441,"0-1.5k"
"flair","CPM","Brain","B33",0.776744878268845,7469,"1.5k-3k"
"flair","CPM","Brain","B33",0.71933502710026,6210,"3k-4.5k"
"flair","CPM","Brain","B33",0.603551945387867,5542,">4.5k"
"flair","CPM","Brain","B34",0.680035748058394,2421,"0-1.5k"
"flair","CPM","Brain","B34",0.757375904446392,7453,"1.5k-3k"
"flair","CPM","Brain","B34",0.690256360307087,6214,"3k-4.5k"
"flair","CPM","Brain","B34",0.512275667397256,5486,">4.5k"
"flair","CPM","Brain","B35",0.745897459946969,2423,"0-1.5k"
"flair","CPM","Brain","B35",0.76973009465556,7508,"1.5k-3k"
"flair","CPM","Brain","B35",0.714269617514615,6244,"3k-4.5k"
"flair","CPM","Brain","B35",0.553999948929518,5544,">4.5k"
"flair","CPM","Kidney","K31",0.822387520070829,2540,"0-1.5k"
"flair","CPM","Kidney","K31",0.791462302060586,7016,"1.5k-3k"
"flair","CPM","Kidney","K31",0.774433800666799,4738,"3k-4.5k"
"flair","CPM","Kidney","K31",0.66816679174841,3558,">4.5k"
"flair","CPM","Kidney","K32",0.779668339758868,2537,"0-1.5k"
"flair","CPM","Kidney","K32",0.799596010895432,7122,"1.5k-3k"
"flair","CPM","Kidney","K32",0.798270070083711,4917,"3k-4.5k"
"flair","CPM","Kidney","K32",0.71481148351192,3717,">4.5k"
"flair","CPM","Kidney","K33",0.757381951954238,2537,"0-1.5k"
"flair","CPM","Kidney","K33",0.795655778535737,7023,"1.5k-3k"
"flair","CPM","Kidney","K33",0.783844066477617,4784,"3k-4.5k"
"flair","CPM","Kidney","K33",0.678608804724517,3596,">4.5k"
"flair","CPM","Kidney","K34",0.68195533053075,2544,"0-1.5k"
"flair","CPM","Kidney","K34",0.829012732689501,7023,"1.5k-3k"
"flair","CPM","Kidney","K34",0.76515975532788,4733,"3k-4.5k"
"flair","CPM","Kidney","K34",0.603480449123339,3524,">4.5k"
"flair","CPM","Kidney","K35",0.700277165199694,2548,"0-1.5k"
"flair","CPM","Kidney","K35",0.82475320670663,6989,"1.5k-3k"
"flair","CPM","Kidney","K35",0.762129454470276,4600,"3k-4.5k"
"flair","CPM","Kidney","K35",0.57446258386978,3403,">4.5k"
"flair","EDA","B20K80","B20K80_1",0.752568577030796,2726,"0-1.5k"
"flair","EDA","B20K80","B20K80_1",0.787478925542629,8118,"1.5k-3k"
"flair","EDA","B20K80","B20K80_1",0.730328913901119,6200,"3k-4.5k"
"flair","EDA","B20K80","B20K80_1",0.587493970887294,5081,">4.5k"
"flair","EDA","B20K80","B20K80_2",0.789835559044217,2720,"0-1.5k"
"flair","EDA","B20K80","B20K80_2",0.800183835246281,8123,"1.5k-3k"
"flair","EDA","B20K80","B20K80_2",0.753143022980212,6266,"3k-4.5k"
"flair","EDA","B20K80","B20K80_2",0.638848095764405,5113,">4.5k"
"flair","EDA","B20K80","B20K80_3",0.704968699305021,2721,"0-1.5k"
"flair","EDA","B20K80","B20K80_3",0.777713785038821,8129,"1.5k-3k"
"flair","EDA","B20K80","B20K80_3",0.730932304323725,6227,"3k-4.5k"
"flair","EDA","B20K80","B20K80_3",0.559523597713648,5071,">4.5k"
"flair","EDA","B20K80","B20K80_4",0.704976908426038,2717,"0-1.5k"
"flair","EDA","B20K80","B20K80_4",0.786630508828758,8082,"1.5k-3k"
"flair","EDA","B20K80","B20K80_4",0.717623657776705,6133,"3k-4.5k"
"flair","EDA","B20K80","B20K80_4",0.534370081017894,4968,">4.5k"
"flair","EDA","B20K80","B20K80_5",0.711872090785762,2722,"0-1.5k"
"flair","EDA","B20K80","B20K80_5",0.775693678879058,8089,"1.5k-3k"
"flair","EDA","B20K80","B20K80_5",0.707367170341669,6118,"3k-4.5k"
"flair","EDA","B20K80","B20K80_5",0.512177994618299,4947,">4.5k"
"flair","EDA","B80K20","B80K20_1",0.753254565255003,2683,"0-1.5k"
"flair","EDA","B80K20","B80K20_1",0.803160231702572,8087,"1.5k-3k"
"flair","EDA","B80K20","B80K20_1",0.72742894070256,6369,"3k-4.5k"
"flair","EDA","B80K20","B80K20_1",0.577064449654147,5397,">4.5k"
"flair","EDA","B80K20","B80K20_2",0.785292001306701,2668,"0-1.5k"
"flair","EDA","B80K20","B80K20_2",0.780262202892378,8069,"1.5k-3k"
"flair","EDA","B80K20","B80K20_2",0.701845260395682,6396,"3k-4.5k"
"flair","EDA","B80K20","B80K20_2",0.599234567749305,5440,">4.5k"
"flair","EDA","B80K20","B80K20_3",0.694104550714022,2700,"0-1.5k"
"flair","EDA","B80K20","B80K20_3",0.794793482075033,8144,"1.5k-3k"
"flair","EDA","B80K20","B80K20_3",0.711826724422006,6384,"3k-4.5k"
"flair","EDA","B80K20","B80K20_3",0.530363906152855,5411,">4.5k"
"flair","EDA","B80K20","B80K20_4",0.741618619564259,2693,"0-1.5k"
"flair","EDA","B80K20","B80K20_4",0.764491764362137,8124,"1.5k-3k"
"flair","EDA","B80K20","B80K20_4",0.685233317407599,6377,"3k-4.5k"
"flair","EDA","B80K20","B80K20_4",0.517298099910556,5400,">4.5k"
"flair","EDA","B80K20","B80K20_5",0.735255768984431,2693,"0-1.5k"
"flair","EDA","B80K20","B80K20_5",0.774580238712031,8077,"1.5k-3k"
"flair","EDA","B80K20","B80K20_5",0.69306288881447,6324,"3k-4.5k"
"flair","EDA","B80K20","B80K20_5",0.510316526201203,5348,">4.5k"
"flair","EDA","Brain","B31",0.770232902103919,2435,"0-1.5k"
"flair","EDA","Brain","B31",0.778188124303475,7394,"1.5k-3k"
"flair","EDA","Brain","B31",0.681560710677754,6128,"3k-4.5k"
"flair","EDA","Brain","B31",0.586180270493442,5431,">4.5k"
"flair","EDA","Brain","B32",0.782248474342401,2432,"0-1.5k"
"flair","EDA","Brain","B32",0.794394982948017,7478,"1.5k-3k"
"flair","EDA","Brain","B32",0.724882106254833,6254,"3k-4.5k"
"flair","EDA","Brain","B32",0.609550018148332,5570,">4.5k"
"flair","EDA","Brain","B33",0.770527944035324,2441,"0-1.5k"
"flair","EDA","Brain","B33",0.787582675721127,7469,"1.5k-3k"
"flair","EDA","Brain","B33",0.720894323330437,6210,"3k-4.5k"
"flair","EDA","Brain","B33",0.599610098393062,5542,">4.5k"
"flair","EDA","Brain","B34",0.723187826151683,2421,"0-1.5k"
"flair","EDA","Brain","B34",0.75941096063658,7453,"1.5k-3k"
"flair","EDA","Brain","B34",0.690743383408492,6214,"3k-4.5k"
"flair","EDA","Brain","B34",0.505944042185791,5486,">4.5k"
"flair","EDA","Brain","B35",0.756014557944889,2423,"0-1.5k"
"flair","EDA","Brain","B35",0.772739395385967,7508,"1.5k-3k"
"flair","EDA","Brain","B35",0.714473420398033,6244,"3k-4.5k"
"flair","EDA","Brain","B35",0.546045443247723,5544,">4.5k"
"flair","EDA","Kidney","K31",0.7843739974171,2540,"0-1.5k"
"flair","EDA","Kidney","K31",0.794811487223173,7016,"1.5k-3k"
"flair","EDA","Kidney","K31",0.774527555514615,4738,"3k-4.5k"
"flair","EDA","Kidney","K31",0.662447290949253,3558,">4.5k"
"flair","EDA","Kidney","K32",0.777932017467659,2537,"0-1.5k"
"flair","EDA","Kidney","K32",0.811856372285403,7122,"1.5k-3k"
"flair","EDA","Kidney","K32",0.799019921652025,4917,"3k-4.5k"
"flair","EDA","Kidney","K32",0.707429384348665,3717,">4.5k"
"flair","EDA","Kidney","K33",0.762686938169956,2537,"0-1.5k"
"flair","EDA","Kidney","K33",0.797281542873213,7023,"1.5k-3k"
"flair","EDA","Kidney","K33",0.783155815971204,4784,"3k-4.5k"
"flair","EDA","Kidney","K33",0.668689686686635,3596,">4.5k"
"flair","EDA","Kidney","K34",0.708759953379345,2544,"0-1.5k"
"flair","EDA","Kidney","K34",0.809843715621148,7023,"1.5k-3k"
"flair","EDA","Kidney","K34",0.763674704924331,4733,"3k-4.5k"
"flair","EDA","Kidney","K34",0.591549348736546,3524,">4.5k"
"flair","EDA","Kidney","K35",0.701566736229187,2548,"0-1.5k"
"flair","EDA","Kidney","K35",0.801494811602871,6989,"1.5k-3k"
"flair","EDA","Kidney","K35",0.758867860122444,4600,"3k-4.5k"
"flair","EDA","Kidney","K35",0.564276412622184,3403,">4.5k"
"flair","TPM","B20K80","B20K80_1",0.844226873607707,2726,"0-1.5k"
"flair","TPM","B20K80","B20K80_1",0.813882945005776,8118,"1.5k-3k"
"flair","TPM","B20K80","B20K80_1",0.729170741512166,6200,"3k-4.5k"
"flair","TPM","B20K80","B20K80_1",0.610745571853501,5081,">4.5k"
"flair","TPM","B20K80","B20K80_2",0.861985965476558,2720,"0-1.5k"
"flair","TPM","B20K80","B20K80_2",0.816293192970108,8123,"1.5k-3k"
"flair","TPM","B20K80","B20K80_2",0.752068375373383,6266,"3k-4.5k"
"flair","TPM","B20K80","B20K80_2",0.652389848210926,5113,">4.5k"
"flair","TPM","B20K80","B20K80_3",0.769048272763309,2721,"0-1.5k"
"flair","TPM","B20K80","B20K80_3",0.801895600218068,8129,"1.5k-3k"
"flair","TPM","B20K80","B20K80_3",0.727255884743182,6227,"3k-4.5k"
"flair","TPM","B20K80","B20K80_3",0.588408139020723,5071,">4.5k"
"flair","TPM","B20K80","B20K80_4",0.787643362786143,2717,"0-1.5k"
"flair","TPM","B20K80","B20K80_4",0.812514486835244,8082,"1.5k-3k"
"flair","TPM","B20K80","B20K80_4",0.714833084670574,6133,"3k-4.5k"
"flair","TPM","B20K80","B20K80_4",0.569978938261633,4968,">4.5k"
"flair","TPM","B20K80","B20K80_5",0.811768303763205,2722,"0-1.5k"
"flair","TPM","B20K80","B20K80_5",0.805399615097781,8089,"1.5k-3k"
"flair","TPM","B20K80","B20K80_5",0.705717814693356,6118,"3k-4.5k"
"flair","TPM","B20K80","B20K80_5",0.547209734034014,4947,">4.5k"
"flair","TPM","B80K20","B80K20_1",0.827254621925985,2683,"0-1.5k"
"flair","TPM","B80K20","B80K20_1",0.818175552788837,8087,"1.5k-3k"
"flair","TPM","B80K20","B80K20_1",0.723945923591431,6369,"3k-4.5k"
"flair","TPM","B80K20","B80K20_1",0.587955677110358,5397,">4.5k"
"flair","TPM","B80K20","B80K20_2",0.846574120678164,2668,"0-1.5k"
"flair","TPM","B80K20","B80K20_2",0.786864624404703,8069,"1.5k-3k"
"flair","TPM","B80K20","B80K20_2",0.701552208823398,6396,"3k-4.5k"
"flair","TPM","B80K20","B80K20_2",0.602244370825026,5440,">4.5k"
"flair","TPM","B80K20","B80K20_3",0.760749926964133,2700,"0-1.5k"
"flair","TPM","B80K20","B80K20_3",0.809863494481352,8144,"1.5k-3k"
"flair","TPM","B80K20","B80K20_3",0.706788906300122,6384,"3k-4.5k"
"flair","TPM","B80K20","B80K20_3",0.547978911238521,5411,">4.5k"
"flair","TPM","B80K20","B80K20_4",0.799884108590251,2693,"0-1.5k"
"flair","TPM","B80K20","B80K20_4",0.779896371921755,8124,"1.5k-3k"
"flair","TPM","B80K20","B80K20_4",0.681433841858428,6377,"3k-4.5k"
"flair","TPM","B80K20","B80K20_4",0.536764335271018,5400,">4.5k"
"flair","TPM","B80K20","B80K20_5",0.81014030968574,2693,"0-1.5k"
"flair","TPM","B80K20","B80K20_5",0.793187016564546,8077,"1.5k-3k"
"flair","TPM","B80K20","B80K20_5",0.689390959568356,6324,"3k-4.5k"
"flair","TPM","B80K20","B80K20_5",0.534266334810187,5348,">4.5k"
"flair","TPM","Brain","B31",0.855110853320123,2435,"0-1.5k"
"flair","TPM","Brain","B31",0.794708328819089,7394,"1.5k-3k"
"flair","TPM","Brain","B31",0.681725310210969,6128,"3k-4.5k"
"flair","TPM","Brain","B31",0.604594462328864,5431,">4.5k"
"flair","TPM","Brain","B32",0.858090150044475,2432,"0-1.5k"
"flair","TPM","Brain","B32",0.806158310799424,7478,"1.5k-3k"
"flair","TPM","Brain","B32",0.72486993356256,6254,"3k-4.5k"
"flair","TPM","Brain","B32",0.608622375801876,5570,">4.5k"
"flair","TPM","Brain","B33",0.854109709093011,2441,"0-1.5k"
"flair","TPM","Brain","B33",0.799379993771299,7469,"1.5k-3k"
"flair","TPM","Brain","B33",0.720860988791434,6210,"3k-4.5k"
"flair","TPM","Brain","B33",0.602196252560837,5542,">4.5k"
"flair","TPM","Brain","B34",0.782267315805775,2421,"0-1.5k"
"flair","TPM","Brain","B34",0.776105642553251,7453,"1.5k-3k"
"flair","TPM","Brain","B34",0.686053114084099,6214,"3k-4.5k"
"flair","TPM","Brain","B34",0.520893601761323,5486,">4.5k"
"flair","TPM","Brain","B35",0.827514153749877,2423,"0-1.5k"
"flair","TPM","Brain","B35",0.792034848392395,7508,"1.5k-3k"
"flair","TPM","Brain","B35",0.710848411983365,6244,"3k-4.5k"
"flair","TPM","Brain","B35",0.561410210657595,5544,">4.5k"
"flair","TPM","Kidney","K31",0.884868880261002,2540,"0-1.5k"
"flair","TPM","Kidney","K31",0.819520732253808,7016,"1.5k-3k"
"flair","TPM","Kidney","K31",0.775700258566464,4738,"3k-4.5k"
"flair","TPM","Kidney","K31",0.688524944908144,3558,">4.5k"
"flair","TPM","Kidney","K32",0.857212708048269,2537,"0-1.5k"
"flair","TPM","Kidney","K32",0.825984435972422,7122,"1.5k-3k"
"flair","TPM","Kidney","K32",0.798854641811726,4917,"3k-4.5k"
"flair","TPM","Kidney","K32",0.72338763737298,3717,">4.5k"
"flair","TPM","Kidney","K33",0.844666216591548,2537,"0-1.5k"
"flair","TPM","Kidney","K33",0.820871872981377,7023,"1.5k-3k"
"flair","TPM","Kidney","K33",0.783854986640414,4784,"3k-4.5k"
"flair","TPM","Kidney","K33",0.698490999894298,3596,">4.5k"
"flair","TPM","Kidney","K34",0.785843347839048,2544,"0-1.5k"
"flair","TPM","Kidney","K34",0.838383701707499,7023,"1.5k-3k"
"flair","TPM","Kidney","K34",0.762829151427542,4733,"3k-4.5k"
"flair","TPM","Kidney","K34",0.628336283853718,3524,">4.5k"
"flair","TPM","Kidney","K35",0.800439436194506,2548,"0-1.5k"
"flair","TPM","Kidney","K35",0.832861294037909,6989,"1.5k-3k"
"flair","TPM","Kidney","K35",0.761137177051073,4600,"3k-4.5k"
"flair","TPM","Kidney","K35",0.603743314765972,3403,">4.5k"
"flair","cqn","B20K80","B20K80_1",0.720478960547007,2773,"0-1.5k"
"flair","cqn","B20K80","B20K80_1",0.762260980345739,8249,"1.5k-3k"
"flair","cqn","B20K80","B20K80_1",0.694348304070278,6413,"3k-4.5k"
"flair","cqn","B20K80","B20K80_1",0.539548984887292,5752,">4.5k"
"flair","cqn","B20K80","B20K80_2",0.786804215930652,2774,"0-1.5k"
"flair","cqn","B20K80","B20K80_2",0.796810137184821,8257,"1.5k-3k"
"flair","cqn","B20K80","B20K80_2",0.72734785115404,6461,"3k-4.5k"
"flair","cqn","B20K80","B20K80_2",0.593954138521909,5792,">4.5k"
"flair","cqn","B20K80","B20K80_3",0.749178697344726,2776,"0-1.5k"
"flair","cqn","B20K80","B20K80_3",0.766152485435935,8263,"1.5k-3k"
"flair","cqn","B20K80","B20K80_3",0.714866485907288,6438,"3k-4.5k"
"flair","cqn","B20K80","B20K80_3",0.541675529983297,5774,">4.5k"
"flair","cqn","B20K80","B20K80_4",0.760169013536731,2766,"0-1.5k"
"flair","cqn","B20K80","B20K80_4",0.768474608144177,8211,"1.5k-3k"
"flair","cqn","B20K80","B20K80_4",0.701410071043193,6346,"3k-4.5k"
"flair","cqn","B20K80","B20K80_4",0.533459633818432,5695,">4.5k"
"flair","cqn","B20K80","B20K80_5",0.723549548284108,2769,"0-1.5k"
"flair","cqn","B20K80","B20K80_5",0.749528021351871,8225,"1.5k-3k"
"flair","cqn","B20K80","B20K80_5",0.689164469249105,6365,"3k-4.5k"
"flair","cqn","B20K80","B20K80_5",0.502407322446843,5687,">4.5k"
"flair","cqn","B80K20","B80K20_1",0.744961040284399,2758,"0-1.5k"
"flair","cqn","B80K20","B80K20_1",0.782951462427802,8227,"1.5k-3k"
"flair","cqn","B80K20","B80K20_1",0.701853706548012,6515,"3k-4.5k"
"flair","cqn","B80K20","B80K20_1",0.548718168233187,5856,">4.5k"
"flair","cqn","B80K20","B80K20_2",0.784466463815752,2756,"0-1.5k"
"flair","cqn","B80K20","B80K20_2",0.778366915172684,8264,"1.5k-3k"
"flair","cqn","B80K20","B80K20_2",0.686204802524423,6552,"3k-4.5k"
"flair","cqn","B80K20","B80K20_2",0.564158463235302,5900,">4.5k"
"flair","cqn","B80K20","B80K20_3",0.766150453628861,2765,"0-1.5k"
"flair","cqn","B80K20","B80K20_3",0.781309141832595,8278,"1.5k-3k"
"flair","cqn","B80K20","B80K20_3",0.697314038531873,6534,"3k-4.5k"
"flair","cqn","B80K20","B80K20_3",0.521917219738084,5880,">4.5k"
"flair","cqn","B80K20","B80K20_4",0.747841371119942,2767,"0-1.5k"
"flair","cqn","B80K20","B80K20_4",0.76367559098279,8260,"1.5k-3k"
"flair","cqn","B80K20","B80K20_4",0.676302048191132,6528,"3k-4.5k"
"flair","cqn","B80K20","B80K20_4",0.519093449700473,5866,">4.5k"
"flair","cqn","B80K20","B80K20_5",0.762251593143785,2761,"0-1.5k"
"flair","cqn","B80K20","B80K20_5",0.767130511112214,8230,"1.5k-3k"
"flair","cqn","B80K20","B80K20_5",0.687050088654478,6486,"3k-4.5k"
"flair","cqn","B80K20","B80K20_5",0.516280733241113,5829,">4.5k"
"flair","cqn","Brain","B31",0.785435800877237,2618,"0-1.5k"
"flair","cqn","Brain","B31",0.796585074658708,7825,"1.5k-3k"
"flair","cqn","Brain","B31",0.680634912441314,6296,"3k-4.5k"
"flair","cqn","Brain","B31",0.575119559087318,5681,">4.5k"
"flair","cqn","Brain","B32",0.794536001716076,2631,"0-1.5k"
"flair","cqn","Brain","B32",0.807392280237019,7933,"1.5k-3k"
"flair","cqn","Brain","B32",0.718712295206831,6452,"3k-4.5k"
"flair","cqn","Brain","B32",0.627197690613838,5826,">4.5k"
"flair","cqn","Brain","B33",0.791869034874121,2622,"0-1.5k"
"flair","cqn","Brain","B33",0.803530941999085,7843,"1.5k-3k"
"flair","cqn","Brain","B33",0.718684467201305,6382,"3k-4.5k"
"flair","cqn","Brain","B33",0.620581291452252,5796,">4.5k"
"flair","cqn","Brain","B34",0.787505042801136,2617,"0-1.5k"
"flair","cqn","Brain","B34",0.780513099659416,7840,"1.5k-3k"
"flair","cqn","Brain","B34",0.69526535852953,6393,"3k-4.5k"
"flair","cqn","Brain","B34",0.552368240428559,5781,">4.5k"
"flair","cqn","Brain","B35",0.784278939702449,2633,"0-1.5k"
"flair","cqn","Brain","B35",0.798806600308158,7931,"1.5k-3k"
"flair","cqn","Brain","B35",0.719056717441722,6441,"3k-4.5k"
"flair","cqn","Brain","B35",0.589870143558056,5826,">4.5k"
"flair","cqn","Kidney","K31",0.730246785294532,2648,"0-1.5k"
"flair","cqn","Kidney","K31",0.800703839262665,7446,"1.5k-3k"
"flair","cqn","Kidney","K31",0.755631910813183,5283,"3k-4.5k"
"flair","cqn","Kidney","K31",0.674625963880012,4456,">4.5k"
"flair","cqn","Kidney","K32",0.782369614286729,2655,"0-1.5k"
"flair","cqn","Kidney","K32",0.826702522630523,7583,"1.5k-3k"
"flair","cqn","Kidney","K32",0.789784014207906,5540,"3k-4.5k"
"flair","cqn","Kidney","K32",0.711667621534642,4742,">4.5k"
"flair","cqn","Kidney","K33",0.756893583961059,2651,"0-1.5k"
"flair","cqn","Kidney","K33",0.803578147512309,7459,"1.5k-3k"
"flair","cqn","Kidney","K33",0.767203747619552,5347,"3k-4.5k"
"flair","cqn","Kidney","K33",0.66776338720049,4522,">4.5k"
"flair","cqn","Kidney","K34",0.758726431208126,2642,"0-1.5k"
"flair","cqn","Kidney","K34",0.792376544211077,7415,"1.5k-3k"
"flair","cqn","Kidney","K34",0.758399128458164,5320,"3k-4.5k"
"flair","cqn","Kidney","K34",0.634254566487655,4509,">4.5k"
"flair","cqn","Kidney","K35",0.718085084483236,2648,"0-1.5k"
"flair","cqn","Kidney","K35",0.758038964142893,7424,"1.5k-3k"
"flair","cqn","Kidney","K35",0.729236024753629,5198,"3k-4.5k"
"flair","cqn","Kidney","K35",0.587239442118047,4430,">4.5k"
"flair","ratio_counts","B20K80","B20K80_1",0.666297324452591,2726,"0-1.5k"
"flair","ratio_counts","B20K80","B20K80_1",0.542413968505935,8118,"1.5k-3k"
"flair","ratio_counts","B20K80","B20K80_1",0.382816846961495,6200,"3k-4.5k"
"flair","ratio_counts","B20K80","B20K80_1",0.264136259079414,5081,">4.5k"
"flair","ratio_counts","B20K80","B20K80_2",0.709418318522365,2720,"0-1.5k"
"flair","ratio_counts","B20K80","B20K80_2",0.685556830868522,8123,"1.5k-3k"
"flair","ratio_counts","B20K80","B20K80_2",0.611984479064469,6266,"3k-4.5k"
"flair","ratio_counts","B20K80","B20K80_2",0.497728333767075,5113,">4.5k"
"flair","ratio_counts","B20K80","B20K80_3",0.559898922512357,2721,"0-1.5k"
"flair","ratio_counts","B20K80","B20K80_3",0.664741472660589,8129,"1.5k-3k"
"flair","ratio_counts","B20K80","B20K80_3",0.547753821748153,6227,"3k-4.5k"
"flair","ratio_counts","B20K80","B20K80_3",0.390111131634338,5071,">4.5k"
"flair","ratio_counts","B20K80","B20K80_4",0.632098158829397,2717,"0-1.5k"
"flair","ratio_counts","B20K80","B20K80_4",0.680538658194421,8082,"1.5k-3k"
"flair","ratio_counts","B20K80","B20K80_4",0.535391479374416,6133,"3k-4.5k"
"flair","ratio_counts","B20K80","B20K80_4",0.415482928169798,4968,">4.5k"
"flair","ratio_counts","B20K80","B20K80_5",0.696697196481483,2722,"0-1.5k"
"flair","ratio_counts","B20K80","B20K80_5",0.618837984447696,8089,"1.5k-3k"
"flair","ratio_counts","B20K80","B20K80_5",0.44272062825433,6118,"3k-4.5k"
"flair","ratio_counts","B20K80","B20K80_5",0.292606124779853,4947,">4.5k"
"flair","ratio_counts","B80K20","B80K20_1",0.705677771727321,2683,"0-1.5k"
"flair","ratio_counts","B80K20","B80K20_1",0.709711720447498,8087,"1.5k-3k"
"flair","ratio_counts","B80K20","B80K20_1",0.560437270699608,6369,"3k-4.5k"
"flair","ratio_counts","B80K20","B80K20_1",0.432863271740867,5397,">4.5k"
"flair","ratio_counts","B80K20","B80K20_2",0.573685006625477,2668,"0-1.5k"
"flair","ratio_counts","B80K20","B80K20_2",0.593407351591159,8069,"1.5k-3k"
"flair","ratio_counts","B80K20","B80K20_2",0.504017671594018,6396,"3k-4.5k"
"flair","ratio_counts","B80K20","B80K20_2",0.46459698398538,5440,">4.5k"
"flair","ratio_counts","B80K20","B80K20_3",0.624366241814334,2700,"0-1.5k"
"flair","ratio_counts","B80K20","B80K20_3",0.601958689540838,8144,"1.5k-3k"
"flair","ratio_counts","B80K20","B80K20_3",0.450367092853791,6384,"3k-4.5k"
"flair","ratio_counts","B80K20","B80K20_3",0.300917058703455,5411,">4.5k"
"flair","ratio_counts","B80K20","B80K20_4",0.578111706531189,2693,"0-1.5k"
"flair","ratio_counts","B80K20","B80K20_4",0.555613891157818,8124,"1.5k-3k"
"flair","ratio_counts","B80K20","B80K20_4",0.395211816948166,6377,"3k-4.5k"
"flair","ratio_counts","B80K20","B80K20_4",0.273618039764234,5400,">4.5k"
"flair","ratio_counts","B80K20","B80K20_5",0.672446582897405,2693,"0-1.5k"
"flair","ratio_counts","B80K20","B80K20_5",0.628868215796506,8077,"1.5k-3k"
"flair","ratio_counts","B80K20","B80K20_5",0.472151504172892,6324,"3k-4.5k"
"flair","ratio_counts","B80K20","B80K20_5",0.322616799299565,5348,">4.5k"
"flair","ratio_counts","Brain","B31",0.714826746790374,2435,"0-1.5k"
"flair","ratio_counts","Brain","B31",0.614607144008555,7394,"1.5k-3k"
"flair","ratio_counts","Brain","B31",0.362051737968869,6128,"3k-4.5k"
"flair","ratio_counts","Brain","B31",0.275180038243202,5431,">4.5k"
"flair","ratio_counts","Brain","B32",0.722937033363516,2432,"0-1.5k"
"flair","ratio_counts","Brain","B32",0.708140943225915,7478,"1.5k-3k"
"flair","ratio_counts","Brain","B32",0.611238177415751,6254,"3k-4.5k"
"flair","ratio_counts","Brain","B32",0.510209828460869,5570,">4.5k"
"flair","ratio_counts","Brain","B33",0.735178113692137,2441,"0-1.5k"
"flair","ratio_counts","Brain","B33",0.673143425797054,7469,"1.5k-3k"
"flair","ratio_counts","Brain","B33",0.545082609784521,6210,"3k-4.5k"
"flair","ratio_counts","Brain","B33",0.441234754141859,5542,">4.5k"
"flair","ratio_counts","Brain","B34",0.75609241883338,2421,"0-1.5k"
"flair","ratio_counts","Brain","B34",0.665967910775384,7453,"1.5k-3k"
"flair","ratio_counts","Brain","B34",0.514064341462769,6214,"3k-4.5k"
"flair","ratio_counts","Brain","B34",0.335405939137733,5486,">4.5k"
"flair","ratio_counts","Brain","B35",0.749451767239653,2423,"0-1.5k"
"flair","ratio_counts","Brain","B35",0.688348937131272,7508,"1.5k-3k"
"flair","ratio_counts","Brain","B35",0.569755475465659,6244,"3k-4.5k"
"flair","ratio_counts","Brain","B35",0.400305487245539,5544,">4.5k"
"flair","ratio_counts","Kidney","K31",0.80675401602363,2540,"0-1.5k"
"flair","ratio_counts","Kidney","K31",0.725580795956702,7016,"1.5k-3k"
"flair","ratio_counts","Kidney","K31",0.724202924031753,4738,"3k-4.5k"
"flair","ratio_counts","Kidney","K31",0.645434909706454,3558,">4.5k"
"flair","ratio_counts","Kidney","K32",0.777102810088127,2537,"0-1.5k"
"flair","ratio_counts","Kidney","K32",0.755167021032123,7122,"1.5k-3k"
"flair","ratio_counts","Kidney","K32",0.776757073542422,4917,"3k-4.5k"
"flair","ratio_counts","Kidney","K32",0.697004822874501,3717,">4.5k"
"flair","ratio_counts","Kidney","K33",0.760419138518533,2537,"0-1.5k"
"flair","ratio_counts","Kidney","K33",0.743293820442081,7023,"1.5k-3k"
"flair","ratio_counts","Kidney","K33",0.739336443403278,4784,"3k-4.5k"
"flair","ratio_counts","Kidney","K33",0.657180764641477,3596,">4.5k"
"flair","ratio_counts","Kidney","K34",0.678448879121129,2544,"0-1.5k"
"flair","ratio_counts","Kidney","K34",0.788202560364599,7023,"1.5k-3k"
"flair","ratio_counts","Kidney","K34",0.714432581502575,4733,"3k-4.5k"
"flair","ratio_counts","Kidney","K34",0.598112899676364,3524,">4.5k"
"flair","ratio_counts","Kidney","K35",0.70371253578202,2548,"0-1.5k"
"flair","ratio_counts","Kidney","K35",0.777935421755617,6989,"1.5k-3k"
"flair","ratio_counts","Kidney","K35",0.717099415592763,4600,"3k-4.5k"
"flair","ratio_counts","Kidney","K35",0.585979399786566,3403,">4.5k"
"isoquant","CPM","B20K80","B20K80_1",0.741772886633833,2117,"0-1.5k"
"isoquant","CPM","B20K80","B20K80_1",0.799816050137942,6220,"1.5k-3k"
"isoquant","CPM","B20K80","B20K80_1",0.742969782707166,4420,"3k-4.5k"
"isoquant","CPM","B20K80","B20K80_1",0.575326676908342,3171,">4.5k"
"isoquant","CPM","B20K80","B20K80_2",0.783893890212941,2111,"0-1.5k"
"isoquant","CPM","B20K80","B20K80_2",0.80349282602121,6211,"1.5k-3k"
"isoquant","CPM","B20K80","B20K80_2",0.753173043544761,4474,"3k-4.5k"
"isoquant","CPM","B20K80","B20K80_2",0.612814016321721,3204,">4.5k"
"isoquant","CPM","B20K80","B20K80_3",0.647015423576873,2111,"0-1.5k"
"isoquant","CPM","B20K80","B20K80_3",0.790055931992228,6222,"1.5k-3k"
"isoquant","CPM","B20K80","B20K80_3",0.726405832544307,4447,"3k-4.5k"
"isoquant","CPM","B20K80","B20K80_3",0.559076095946553,3161,">4.5k"
"isoquant","CPM","B20K80","B20K80_4",0.670200493460791,2112,"0-1.5k"
"isoquant","CPM","B20K80","B20K80_4",0.811343365884393,6194,"1.5k-3k"
"isoquant","CPM","B20K80","B20K80_4",0.725014879909692,4372,"3k-4.5k"
"isoquant","CPM","B20K80","B20K80_4",0.539944786829882,3082,">4.5k"
"isoquant","CPM","B20K80","B20K80_5",0.698053596113385,2118,"0-1.5k"
"isoquant","CPM","B20K80","B20K80_5",0.805770730817796,6185,"1.5k-3k"
"isoquant","CPM","B20K80","B20K80_5",0.712923073312115,4358,"3k-4.5k"
"isoquant","CPM","B20K80","B20K80_5",0.514119185182638,3037,">4.5k"
"isoquant","CPM","B80K20","B80K20_1",0.724201550795872,2093,"0-1.5k"
"isoquant","CPM","B80K20","B80K20_1",0.804855992315973,6103,"1.5k-3k"
"isoquant","CPM","B80K20","B80K20_1",0.730582960583709,4520,"3k-4.5k"
"isoquant","CPM","B80K20","B80K20_1",0.562969048260329,3261,">4.5k"
"isoquant","CPM","B80K20","B80K20_2",0.761749467147553,2081,"0-1.5k"
"isoquant","CPM","B80K20","B80K20_2",0.774461642149748,6077,"1.5k-3k"
"isoquant","CPM","B80K20","B80K20_2",0.704877727572848,4552,"3k-4.5k"
"isoquant","CPM","B80K20","B80K20_2",0.567119883167652,3287,">4.5k"
"isoquant","CPM","B80K20","B80K20_3",0.625903350595809,2102,"0-1.5k"
"isoquant","CPM","B80K20","B80K20_3",0.808797661240775,6155,"1.5k-3k"
"isoquant","CPM","B80K20","B80K20_3",0.72042481857254,4530,"3k-4.5k"
"isoquant","CPM","B80K20","B80K20_3",0.515313511677607,3254,">4.5k"
"isoquant","CPM","B80K20","B80K20_4",0.682778529258302,2087,"0-1.5k"
"isoquant","CPM","B80K20","B80K20_4",0.769081190455828,6158,"1.5k-3k"
"isoquant","CPM","B80K20","B80K20_4",0.694511328217045,4536,"3k-4.5k"
"isoquant","CPM","B80K20","B80K20_4",0.507993076321242,3241,">4.5k"
"isoquant","CPM","B80K20","B80K20_5",0.699454037899135,2093,"0-1.5k"
"isoquant","CPM","B80K20","B80K20_5",0.791394175053064,6108,"1.5k-3k"
"isoquant","CPM","B80K20","B80K20_5",0.701425650285259,4499,"3k-4.5k"
"isoquant","CPM","B80K20","B80K20_5",0.506475601160863,3213,">4.5k"
"isoquant","CPM","Brain","B31",0.777665604250773,1927,"0-1.5k"
"isoquant","CPM","Brain","B31",0.777197118288349,5569,"1.5k-3k"
"isoquant","CPM","Brain","B31",0.671304802379048,4388,"3k-4.5k"
"isoquant","CPM","Brain","B31",0.589391964714387,3239,">4.5k"
"isoquant","CPM","Brain","B32",0.781539441929847,1923,"0-1.5k"
"isoquant","CPM","Brain","B32",0.789630506451588,5618,"1.5k-3k"
"isoquant","CPM","Brain","B32",0.718775081651382,4460,"3k-4.5k"
"isoquant","CPM","Brain","B32",0.595868424573418,3299,">4.5k"
"isoquant","CPM","Brain","B33",0.769434405548549,1922,"0-1.5k"
"isoquant","CPM","Brain","B33",0.778371335665868,5635,"1.5k-3k"
"isoquant","CPM","Brain","B33",0.714164845714737,4444,"3k-4.5k"
"isoquant","CPM","Brain","B33",0.601552480565869,3290,">4.5k"
"isoquant","CPM","Brain","B34",0.672573518331236,1906,"0-1.5k"
"isoquant","CPM","Brain","B34",0.761254395200082,5653,"1.5k-3k"
"isoquant","CPM","Brain","B34",0.692564902504058,4432,"3k-4.5k"
"isoquant","CPM","Brain","B34",0.518556945362594,3225,">4.5k"
"isoquant","CPM","Brain","B35",0.738018670214831,1920,"0-1.5k"
"isoquant","CPM","Brain","B35",0.77118181577991,5682,"1.5k-3k"
"isoquant","CPM","Brain","B35",0.710907271241074,4456,"3k-4.5k"
"isoquant","CPM","Brain","B35",0.550658550880207,3259,">4.5k"
"isoquant","CPM","Kidney","K31",0.805302996124216,2012,"0-1.5k"
"isoquant","CPM","Kidney","K31",0.801457485941245,5456,"1.5k-3k"
"isoquant","CPM","Kidney","K31",0.784058164572818,3521,"3k-4.5k"
"isoquant","CPM","Kidney","K31",0.684281306106924,2384,">4.5k"
"isoquant","CPM","Kidney","K32",0.762531982620178,2001,"0-1.5k"
"isoquant","CPM","Kidney","K32",0.815942779609753,5518,"1.5k-3k"
"isoquant","CPM","Kidney","K32",0.805851598396775,3638,"3k-4.5k"
"isoquant","CPM","Kidney","K32",0.707722813197737,2477,">4.5k"
"isoquant","CPM","Kidney","K33",0.735778494275856,2005,"0-1.5k"
"isoquant","CPM","Kidney","K33",0.808980005178489,5474,"1.5k-3k"
"isoquant","CPM","Kidney","K33",0.79035146182977,3534,"3k-4.5k"
"isoquant","CPM","Kidney","K33",0.682976617180171,2396,">4.5k"
"isoquant","CPM","Kidney","K34",0.645743579268145,2012,"0-1.5k"
"isoquant","CPM","Kidney","K34",0.836890174883115,5479,"1.5k-3k"
"isoquant","CPM","Kidney","K34",0.78248482017811,3470,"3k-4.5k"
"isoquant","CPM","Kidney","K34",0.61591478803527,2310,">4.5k"
"isoquant","CPM","Kidney","K35",0.667191625770472,2014,"0-1.5k"
"isoquant","CPM","Kidney","K35",0.837436012673075,5449,"1.5k-3k"
"isoquant","CPM","Kidney","K35",0.770429378389048,3351,"3k-4.5k"
"isoquant","CPM","Kidney","K35",0.588738429644111,2174,">4.5k"
"isoquant","EDA","B20K80","B20K80_1",0.752967370084292,2117,"0-1.5k"
"isoquant","EDA","B20K80","B20K80_1",0.785701863807002,6220,"1.5k-3k"
"isoquant","EDA","B20K80","B20K80_1",0.742527104889925,4420,"3k-4.5k"
"isoquant","EDA","B20K80","B20K80_1",0.566729163271032,3171,">4.5k"
"isoquant","EDA","B20K80","B20K80_2",0.780135392837166,2111,"0-1.5k"
"isoquant","EDA","B20K80","B20K80_2",0.806425426728924,6211,"1.5k-3k"
"isoquant","EDA","B20K80","B20K80_2",0.753125149896293,4474,"3k-4.5k"
"isoquant","EDA","B20K80","B20K80_2",0.605609490621173,3204,">4.5k"
"isoquant","EDA","B20K80","B20K80_3",0.748113625947833,2111,"0-1.5k"
"isoquant","EDA","B20K80","B20K80_3",0.778641451106886,6222,"1.5k-3k"
"isoquant","EDA","B20K80","B20K80_3",0.726961586692325,4447,"3k-4.5k"
"isoquant","EDA","B20K80","B20K80_3",0.544244988513897,3161,">4.5k"
"isoquant","EDA","B20K80","B20K80_4",0.755077962538868,2112,"0-1.5k"
"isoquant","EDA","B20K80","B20K80_4",0.787937070051257,6194,"1.5k-3k"
"isoquant","EDA","B20K80","B20K80_4",0.725413547100867,4372,"3k-4.5k"
"isoquant","EDA","B20K80","B20K80_4",0.521272945398562,3082,">4.5k"
"isoquant","EDA","B20K80","B20K80_5",0.737048257767385,2118,"0-1.5k"
"isoquant","EDA","B20K80","B20K80_5",0.778395391462069,6185,"1.5k-3k"
"isoquant","EDA","B20K80","B20K80_5",0.712501437085242,4358,"3k-4.5k"
"isoquant","EDA","B20K80","B20K80_5",0.498825717385931,3037,">4.5k"
"isoquant","EDA","B80K20","B80K20_1",0.766229885753129,2093,"0-1.5k"
"isoquant","EDA","B80K20","B80K20_1",0.80368596870373,6103,"1.5k-3k"
"isoquant","EDA","B80K20","B80K20_1",0.731140464620452,4520,"3k-4.5k"
"isoquant","EDA","B80K20","B80K20_1",0.559209536685578,3261,">4.5k"
"isoquant","EDA","B80K20","B80K20_2",0.767176057906812,2081,"0-1.5k"
"isoquant","EDA","B80K20","B80K20_2",0.790453455817325,6077,"1.5k-3k"
"isoquant","EDA","B80K20","B80K20_2",0.705061303860029,4552,"3k-4.5k"
"isoquant","EDA","B80K20","B80K20_2",0.567276714154265,3287,">4.5k"
"isoquant","EDA","B80K20","B80K20_3",0.746568691273439,2102,"0-1.5k"
"isoquant","EDA","B80K20","B80K20_3",0.799510517584996,6155,"1.5k-3k"
"isoquant","EDA","B80K20","B80K20_3",0.721849370149291,4530,"3k-4.5k"
"isoquant","EDA","B80K20","B80K20_3",0.507331237891689,3254,">4.5k"
"isoquant","EDA","B80K20","B80K20_4",0.747960592100303,2087,"0-1.5k"
"isoquant","EDA","B80K20","B80K20_4",0.77232657036139,6158,"1.5k-3k"
"isoquant","EDA","B80K20","B80K20_4",0.695662413185023,4536,"3k-4.5k"
"isoquant","EDA","B80K20","B80K20_4",0.498133177323323,3241,">4.5k"
"isoquant","EDA","B80K20","B80K20_5",0.748704563685907,2093,"0-1.5k"
"isoquant","EDA","B80K20","B80K20_5",0.782482266306378,6108,"1.5k-3k"
"isoquant","EDA","B80K20","B80K20_5",0.702626950433761,4499,"3k-4.5k"
"isoquant","EDA","B80K20","B80K20_5",0.496504662383407,3213,">4.5k"
"isoquant","EDA","Brain","B31",0.756817857518322,1927,"0-1.5k"
"isoquant","EDA","Brain","B31",0.787101343346515,5569,"1.5k-3k"
"isoquant","EDA","Brain","B31",0.676616828689988,4388,"3k-4.5k"
"isoquant","EDA","Brain","B31",0.584179501132605,3239,">4.5k"
"isoquant","EDA","Brain","B32",0.77480700330649,1923,"0-1.5k"
"isoquant","EDA","Brain","B32",0.800037621017957,5618,"1.5k-3k"
"isoquant","EDA","Brain","B32",0.720153009556957,4460,"3k-4.5k"
"isoquant","EDA","Brain","B32",0.597202835159488,3299,">4.5k"
"isoquant","EDA","Brain","B33",0.772117462263764,1922,"0-1.5k"
"isoquant","EDA","Brain","B33",0.793271482882759,5635,"1.5k-3k"
"isoquant","EDA","Brain","B33",0.715392307984976,4444,"3k-4.5k"
"isoquant","EDA","Brain","B33",0.600546302331557,3290,">4.5k"
"isoquant","EDA","Brain","B34",0.760752127753101,1906,"0-1.5k"
"isoquant","EDA","Brain","B34",0.766236854432318,5653,"1.5k-3k"
"isoquant","EDA","Brain","B34",0.693892318172874,4432,"3k-4.5k"
"isoquant","EDA","Brain","B34",0.513755782338787,3225,">4.5k"
"isoquant","EDA","Brain","B35",0.768198017253997,1920,"0-1.5k"
"isoquant","EDA","Brain","B35",0.778213195780646,5682,"1.5k-3k"
"isoquant","EDA","Brain","B35",0.711510677012432,4456,"3k-4.5k"
"isoquant","EDA","Brain","B35",0.544040228926285,3259,">4.5k"
"isoquant","EDA","Kidney","K31",0.744206323453923,2012,"0-1.5k"
"isoquant","EDA","Kidney","K31",0.79959019933754,5456,"1.5k-3k"
"isoquant","EDA","Kidney","K31",0.782772104698711,3521,"3k-4.5k"
"isoquant","EDA","Kidney","K31",0.66767049380807,2384,">4.5k"
"isoquant","EDA","Kidney","K32",0.768111196774199,2001,"0-1.5k"
"isoquant","EDA","Kidney","K32",0.82512467444522,5518,"1.5k-3k"
"isoquant","EDA","Kidney","K32",0.805430961098892,3638,"3k-4.5k"
"isoquant","EDA","Kidney","K32",0.692329879886611,2477,">4.5k"
"isoquant","EDA","Kidney","K33",0.747737660038184,2005,"0-1.5k"
"isoquant","EDA","Kidney","K33",0.805575359724867,5474,"1.5k-3k"
"isoquant","EDA","Kidney","K33",0.788868037205771,3534,"3k-4.5k"
"isoquant","EDA","Kidney","K33",0.665443851769491,2396,">4.5k"
"isoquant","EDA","Kidney","K34",0.719992717727098,2012,"0-1.5k"
"isoquant","EDA","Kidney","K34",0.813037933770182,5479,"1.5k-3k"
"isoquant","EDA","Kidney","K34",0.781287315055862,3470,"3k-4.5k"
"isoquant","EDA","Kidney","K34",0.59618520632627,2310,">4.5k"
"isoquant","EDA","Kidney","K35",0.701357622526664,2014,"0-1.5k"
"isoquant","EDA","Kidney","K35",0.808462185462584,5449,"1.5k-3k"
"isoquant","EDA","Kidney","K35",0.767858521636625,3351,"3k-4.5k"
"isoquant","EDA","Kidney","K35",0.569930737715255,2174,">4.5k"
"isoquant","TPM","B20K80","B20K80_1",0.830776778759957,2117,"0-1.5k"
"isoquant","TPM","B20K80","B20K80_1",0.817677144624239,6220,"1.5k-3k"
"isoquant","TPM","B20K80","B20K80_1",0.73983641932543,4420,"3k-4.5k"
"isoquant","TPM","B20K80","B20K80_1",0.585032172220726,3171,">4.5k"
"isoquant","TPM","B20K80","B20K80_2",0.858412183620521,2111,"0-1.5k"
"isoquant","TPM","B20K80","B20K80_2",0.826211782387008,6211,"1.5k-3k"
"isoquant","TPM","B20K80","B20K80_2",0.751028820986707,4474,"3k-4.5k"
"isoquant","TPM","B20K80","B20K80_2",0.617268820859191,3204,">4.5k"
"isoquant","TPM","B20K80","B20K80_3",0.75966728748979,2111,"0-1.5k"
"isoquant","TPM","B20K80","B20K80_3",0.808523171989162,6222,"1.5k-3k"
"isoquant","TPM","B20K80","B20K80_3",0.721887104181539,4447,"3k-4.5k"
"isoquant","TPM","B20K80","B20K80_3",0.573181220377962,3161,">4.5k"
"isoquant","TPM","B20K80","B20K80_4",0.778583348471673,2112,"0-1.5k"
"isoquant","TPM","B20K80","B20K80_4",0.821577999947314,6194,"1.5k-3k"
"isoquant","TPM","B20K80","B20K80_4",0.720588022035277,4372,"3k-4.5k"
"isoquant","TPM","B20K80","B20K80_4",0.558922024453839,3082,">4.5k"
"isoquant","TPM","B20K80","B20K80_5",0.799903245961188,2118,"0-1.5k"
"isoquant","TPM","B20K80","B20K80_5",0.816495105457647,6185,"1.5k-3k"
"isoquant","TPM","B20K80","B20K80_5",0.709068282064928,4358,"3k-4.5k"
"isoquant","TPM","B20K80","B20K80_5",0.532604182794248,3037,">4.5k"
"isoquant","TPM","B80K20","B80K20_1",0.819476707342629,2093,"0-1.5k"
"isoquant","TPM","B80K20","B80K20_1",0.821639811774734,6103,"1.5k-3k"
"isoquant","TPM","B80K20","B80K20_1",0.726437131812091,4520,"3k-4.5k"
"isoquant","TPM","B80K20","B80K20_1",0.564581271783963,3261,">4.5k"
"isoquant","TPM","B80K20","B80K20_2",0.842277208777944,2081,"0-1.5k"
"isoquant","TPM","B80K20","B80K20_2",0.798051639573975,6077,"1.5k-3k"
"isoquant","TPM","B80K20","B80K20_2",0.703943402716234,4552,"3k-4.5k"
"isoquant","TPM","B80K20","B80K20_2",0.561652807279858,3287,">4.5k"
"isoquant","TPM","B80K20","B80K20_3",0.744836535903285,2102,"0-1.5k"
"isoquant","TPM","B80K20","B80K20_3",0.81819983750154,6155,"1.5k-3k"
"isoquant","TPM","B80K20","B80K20_3",0.714793552496218,4530,"3k-4.5k"
"isoquant","TPM","B80K20","B80K20_3",0.524638477476346,3254,">4.5k"
"isoquant","TPM","B80K20","B80K20_4",0.787999403649488,2087,"0-1.5k"
"isoquant","TPM","B80K20","B80K20_4",0.790714369320958,6158,"1.5k-3k"
"isoquant","TPM","B80K20","B80K20_4",0.689746688527822,4536,"3k-4.5k"
"isoquant","TPM","B80K20","B80K20_4",0.516852017624522,3241,">4.5k"
"isoquant","TPM","B80K20","B80K20_5",0.799377154359493,2093,"0-1.5k"
"isoquant","TPM","B80K20","B80K20_5",0.804415086256856,6108,"1.5k-3k"
"isoquant","TPM","B80K20","B80K20_5",0.696725304911932,4499,"3k-4.5k"
"isoquant","TPM","B80K20","B80K20_5",0.51987295069786,3213,">4.5k"
"isoquant","TPM","Brain","B31",0.855205924296954,1927,"0-1.5k"
"isoquant","TPM","Brain","B31",0.801741039335239,5569,"1.5k-3k"
"isoquant","TPM","Brain","B31",0.677256062774488,4388,"3k-4.5k"
"isoquant","TPM","Brain","B31",0.597231977409468,3239,">4.5k"
"isoquant","TPM","Brain","B32",0.855707187366113,1923,"0-1.5k"
"isoquant","TPM","Brain","B32",0.809943210678319,5618,"1.5k-3k"
"isoquant","TPM","Brain","B32",0.720185061333152,4460,"3k-4.5k"
"isoquant","TPM","Brain","B32",0.586030547637494,3299,">4.5k"
"isoquant","TPM","Brain","B33",0.851317715239986,1922,"0-1.5k"
"isoquant","TPM","Brain","B33",0.802896702794262,5635,"1.5k-3k"
"isoquant","TPM","Brain","B33",0.715564369842804,4444,"3k-4.5k"
"isoquant","TPM","Brain","B33",0.594216420807714,3290,">4.5k"
"isoquant","TPM","Brain","B34",0.779982734850544,1906,"0-1.5k"
"isoquant","TPM","Brain","B34",0.781339694549686,5653,"1.5k-3k"
"isoquant","TPM","Brain","B34",0.687380173108509,4432,"3k-4.5k"
"isoquant","TPM","Brain","B34",0.522857953197996,3225,">4.5k"
"isoquant","TPM","Brain","B35",0.826762919102192,1920,"0-1.5k"
"isoquant","TPM","Brain","B35",0.794956037329389,5682,"1.5k-3k"
"isoquant","TPM","Brain","B35",0.706749785063181,4456,"3k-4.5k"
"isoquant","TPM","Brain","B35",0.554462971692983,3259,">4.5k"
"isoquant","TPM","Kidney","K31",0.873589804928637,2012,"0-1.5k"
"isoquant","TPM","Kidney","K31",0.830392489255809,5456,"1.5k-3k"
"isoquant","TPM","Kidney","K31",0.783757123525164,3521,"3k-4.5k"
"isoquant","TPM","Kidney","K31",0.699507441064758,2384,">4.5k"
"isoquant","TPM","Kidney","K32",0.848229995160402,2001,"0-1.5k"
"isoquant","TPM","Kidney","K32",0.843353288535731,5518,"1.5k-3k"
"isoquant","TPM","Kidney","K32",0.805043991415779,3638,"3k-4.5k"
"isoquant","TPM","Kidney","K32",0.716402197470133,2477,">4.5k"
"isoquant","TPM","Kidney","K33",0.830604390935945,2005,"0-1.5k"
"isoquant","TPM","Kidney","K33",0.835099822286859,5474,"1.5k-3k"
"isoquant","TPM","Kidney","K33",0.78905987706591,3534,"3k-4.5k"
"isoquant","TPM","Kidney","K33",0.69928314271666,2396,">4.5k"
"isoquant","TPM","Kidney","K34",0.758376323132376,2012,"0-1.5k"
"isoquant","TPM","Kidney","K34",0.847015464245887,5479,"1.5k-3k"
"isoquant","TPM","Kidney","K34",0.779156134218798,3470,"3k-4.5k"
"isoquant","TPM","Kidney","K34",0.639501046559574,2310,">4.5k"
"isoquant","TPM","Kidney","K35",0.775429654600575,2014,"0-1.5k"
"isoquant","TPM","Kidney","K35",0.846503367260628,5449,"1.5k-3k"
"isoquant","TPM","Kidney","K35",0.768213569713264,3351,"3k-4.5k"
"isoquant","TPM","Kidney","K35",0.61320461676051,2174,">4.5k"
"isoquant","cqn","B20K80","B20K80_1",0.69258728305315,2210,"0-1.5k"
"isoquant","cqn","B20K80","B20K80_1",0.750593466724847,6503,"1.5k-3k"
"isoquant","cqn","B20K80","B20K80_1",0.682797311124202,4825,"3k-4.5k"
"isoquant","cqn","B20K80","B20K80_1",0.49358546017948,3779,">4.5k"
"isoquant","cqn","B20K80","B20K80_2",0.727976687420671,2212,"0-1.5k"
"isoquant","cqn","B20K80","B20K80_2",0.780540588929132,6502,"1.5k-3k"
"isoquant","cqn","B20K80","B20K80_2",0.696381123436546,4857,"3k-4.5k"
"isoquant","cqn","B20K80","B20K80_2",0.517232983280384,3788,">4.5k"
"isoquant","cqn","B20K80","B20K80_3",0.70820266822793,2210,"0-1.5k"
"isoquant","cqn","B20K80","B20K80_3",0.74864189644157,6509,"1.5k-3k"
"isoquant","cqn","B20K80","B20K80_3",0.673927121429859,4855,"3k-4.5k"
"isoquant","cqn","B20K80","B20K80_3",0.476948387002785,3784,">4.5k"
"isoquant","cqn","B20K80","B20K80_4",0.718601771280076,2210,"0-1.5k"
"isoquant","cqn","B20K80","B20K80_4",0.74721219085629,6484,"1.5k-3k"
"isoquant","cqn","B20K80","B20K80_4",0.67251668567985,4792,"3k-4.5k"
"isoquant","cqn","B20K80","B20K80_4",0.457965829426536,3743,">4.5k"
"isoquant","cqn","B20K80","B20K80_5",0.674640712382222,2212,"0-1.5k"
"isoquant","cqn","B20K80","B20K80_5",0.729908812406369,6477,"1.5k-3k"
"isoquant","cqn","B20K80","B20K80_5",0.652860364697837,4801,"3k-4.5k"
"isoquant","cqn","B20K80","B20K80_5",0.427616596217522,3730,">4.5k"
"isoquant","cqn","B80K20","B80K20_1",0.731666724004622,2206,"0-1.5k"
"isoquant","cqn","B80K20","B80K20_1",0.76457361662185,6469,"1.5k-3k"
"isoquant","cqn","B80K20","B80K20_1",0.664004210886478,4889,"3k-4.5k"
"isoquant","cqn","B80K20","B80K20_1",0.486684902986715,3810,">4.5k"
"isoquant","cqn","B80K20","B80K20_2",0.747933211092005,2205,"0-1.5k"
"isoquant","cqn","B80K20","B80K20_2",0.753951751850502,6496,"1.5k-3k"
"isoquant","cqn","B80K20","B80K20_2",0.64626055915472,4922,"3k-4.5k"
"isoquant","cqn","B80K20","B80K20_2",0.490034732583686,3828,">4.5k"
"isoquant","cqn","B80K20","B80K20_3",0.731061776469646,2208,"0-1.5k"
"isoquant","cqn","B80K20","B80K20_3",0.755299690353155,6514,"1.5k-3k"
"isoquant","cqn","B80K20","B80K20_3",0.661487640886696,4911,"3k-4.5k"
"isoquant","cqn","B80K20","B80K20_3",0.452893828929684,3827,">4.5k"
"isoquant","cqn","B80K20","B80K20_4",0.698761533391358,2206,"0-1.5k"
"isoquant","cqn","B80K20","B80K20_4",0.740407090068291,6511,"1.5k-3k"
"isoquant","cqn","B80K20","B80K20_4",0.636361728150088,4904,"3k-4.5k"
"isoquant","cqn","B80K20","B80K20_4",0.454203181711501,3816,">4.5k"
"isoquant","cqn","B80K20","B80K20_5",0.707272902697909,2208,"0-1.5k"
"isoquant","cqn","B80K20","B80K20_5",0.742095007679725,6479,"1.5k-3k"
"isoquant","cqn","B80K20","B80K20_5",0.643022465770066,4886,"3k-4.5k"
"isoquant","cqn","B80K20","B80K20_5",0.444148176546295,3795,">4.5k"
"isoquant","cqn","Brain","B31",0.773759845605724,2113,"0-1.5k"
"isoquant","cqn","Brain","B31",0.758477969620393,6156,"1.5k-3k"
"isoquant","cqn","Brain","B31",0.655317004099271,4730,"3k-4.5k"
"isoquant","cqn","Brain","B31",0.530690317204525,3709,">4.5k"
"isoquant","cqn","Brain","B32",0.789907628978819,2117,"0-1.5k"
"isoquant","cqn","Brain","B32",0.765347942084153,6225,"1.5k-3k"
"isoquant","cqn","Brain","B32",0.689330840096057,4835,"3k-4.5k"
"isoquant","cqn","Brain","B32",0.547286694890338,3783,">4.5k"
"isoquant","cqn","Brain","B33",0.781516048304325,2117,"0-1.5k"
"isoquant","cqn","Brain","B33",0.763199619919091,6162,"1.5k-3k"
"isoquant","cqn","Brain","B33",0.689045475787875,4797,"3k-4.5k"
"isoquant","cqn","Brain","B33",0.550400572595282,3764,">4.5k"
"isoquant","cqn","Brain","B34",0.777708811336765,2115,"0-1.5k"
"isoquant","cqn","Brain","B34",0.74334777054669,6185,"1.5k-3k"
"isoquant","cqn","Brain","B34",0.670982356064134,4799,"3k-4.5k"
"isoquant","cqn","Brain","B34",0.486315142904984,3758,">4.5k"
"isoquant","cqn","Brain","B35",0.76208792509015,2122,"0-1.5k"
"isoquant","cqn","Brain","B35",0.755038470039047,6245,"1.5k-3k"
"isoquant","cqn","Brain","B35",0.689336800740931,4828,"3k-4.5k"
"isoquant","cqn","Brain","B35",0.517258370192781,3788,">4.5k"
"isoquant","cqn","Kidney","K31",0.685898987093547,2133,"0-1.5k"
"isoquant","cqn","Kidney","K31",0.786490428730339,5955,"1.5k-3k"
"isoquant","cqn","Kidney","K31",0.720661646534283,4058,"3k-4.5k"
"isoquant","cqn","Kidney","K31",0.584694478105122,3049,">4.5k"
"isoquant","cqn","Kidney","K32",0.743709710552598,2141,"0-1.5k"
"isoquant","cqn","Kidney","K32",0.815763354236412,6027,"1.5k-3k"
"isoquant","cqn","Kidney","K32",0.753037556738179,4240,"3k-4.5k"
"isoquant","cqn","Kidney","K32",0.631949706599438,3200,">4.5k"
"isoquant","cqn","Kidney","K33",0.741822334751171,2138,"0-1.5k"
"isoquant","cqn","Kidney","K33",0.796701660945861,5961,"1.5k-3k"
"isoquant","cqn","Kidney","K33",0.728151897060679,4105,"3k-4.5k"
"isoquant","cqn","Kidney","K33",0.598327746506335,3075,">4.5k"
"isoquant","cqn","Kidney","K34",0.708003145413815,2130,"0-1.5k"
"isoquant","cqn","Kidney","K34",0.776227027941386,5937,"1.5k-3k"
"isoquant","cqn","Kidney","K34",0.731598591663254,4076,"3k-4.5k"
"isoquant","cqn","Kidney","K34",0.550928125758223,3077,">4.5k"
"isoquant","cqn","Kidney","K35",0.682597475875591,2134,"0-1.5k"
"isoquant","cqn","Kidney","K35",0.743240316288317,5937,"1.5k-3k"
"isoquant","cqn","Kidney","K35",0.698458517330406,3992,"3k-4.5k"
"isoquant","cqn","Kidney","K35",0.481265559458188,2994,">4.5k"
"isoquant","ratio_counts","B20K80","B20K80_1",0.68668691479029,2117,"0-1.5k"
"isoquant","ratio_counts","B20K80","B20K80_1",0.539476703606853,6220,"1.5k-3k"
"isoquant","ratio_counts","B20K80","B20K80_1",0.418880841921905,4420,"3k-4.5k"
"isoquant","ratio_counts","B20K80","B20K80_1",0.225863561053558,3171,">4.5k"
"isoquant","ratio_counts","B20K80","B20K80_2",0.729592072162149,2111,"0-1.5k"
"isoquant","ratio_counts","B20K80","B20K80_2",0.692427535116085,6211,"1.5k-3k"
"isoquant","ratio_counts","B20K80","B20K80_2",0.630352525893613,4474,"3k-4.5k"
"isoquant","ratio_counts","B20K80","B20K80_2",0.460319807143441,3204,">4.5k"
"isoquant","ratio_counts","B20K80","B20K80_3",0.592316178612012,2111,"0-1.5k"
"isoquant","ratio_counts","B20K80","B20K80_3",0.662752255905236,6222,"1.5k-3k"
"isoquant","ratio_counts","B20K80","B20K80_3",0.545997629742181,4447,"3k-4.5k"
"isoquant","ratio_counts","B20K80","B20K80_3",0.336013102166865,3161,">4.5k"
"isoquant","ratio_counts","B20K80","B20K80_4",0.650820442881645,2112,"0-1.5k"
"isoquant","ratio_counts","B20K80","B20K80_4",0.676091742048521,6194,"1.5k-3k"
"isoquant","ratio_counts","B20K80","B20K80_4",0.562490626528202,4372,"3k-4.5k"
"isoquant","ratio_counts","B20K80","B20K80_4",0.378546591092774,3082,">4.5k"
"isoquant","ratio_counts","B20K80","B20K80_5",0.708330195606269,2118,"0-1.5k"
"isoquant","ratio_counts","B20K80","B20K80_5",0.605294689356694,6185,"1.5k-3k"
"isoquant","ratio_counts","B20K80","B20K80_5",0.469863953562915,4358,"3k-4.5k"
"isoquant","ratio_counts","B20K80","B20K80_5",0.242324393656645,3037,">4.5k"
"isoquant","ratio_counts","B80K20","B80K20_1",0.728652525390463,2093,"0-1.5k"
"isoquant","ratio_counts","B80K20","B80K20_1",0.707673893163571,6103,"1.5k-3k"
"isoquant","ratio_counts","B80K20","B80K20_1",0.565394089582952,4520,"3k-4.5k"
"isoquant","ratio_counts","B80K20","B80K20_1",0.448939784802731,3261,">4.5k"
"isoquant","ratio_counts","B80K20","B80K20_2",0.583490319760568,2081,"0-1.5k"
"isoquant","ratio_counts","B80K20","B80K20_2",0.608923898803457,6077,"1.5k-3k"
"isoquant","ratio_counts","B80K20","B80K20_2",0.517015539361032,4552,"3k-4.5k"
"isoquant","ratio_counts","B80K20","B80K20_2",0.461272505831353,3287,">4.5k"
"isoquant","ratio_counts","B80K20","B80K20_3",0.637694198315813,2102,"0-1.5k"
"isoquant","ratio_counts","B80K20","B80K20_3",0.607190872077736,6155,"1.5k-3k"
"isoquant","ratio_counts","B80K20","B80K20_3",0.459186301794439,4530,"3k-4.5k"
"isoquant","ratio_counts","B80K20","B80K20_3",0.339849751502124,3254,">4.5k"
"isoquant","ratio_counts","B80K20","B80K20_4",0.626028993888355,2087,"0-1.5k"
"isoquant","ratio_counts","B80K20","B80K20_4",0.562573767813167,6158,"1.5k-3k"
"isoquant","ratio_counts","B80K20","B80K20_4",0.418200701234324,4536,"3k-4.5k"
"isoquant","ratio_counts","B80K20","B80K20_4",0.297617814362521,3241,">4.5k"
"isoquant","ratio_counts","B80K20","B80K20_5",0.700788955399996,2093,"0-1.5k"
"isoquant","ratio_counts","B80K20","B80K20_5",0.641096444889071,6108,"1.5k-3k"
"isoquant","ratio_counts","B80K20","B80K20_5",0.490251080366276,4499,"3k-4.5k"
"isoquant","ratio_counts","B80K20","B80K20_5",0.338965773309869,3213,">4.5k"
"isoquant","ratio_counts","Brain","B31",0.742057527080856,1927,"0-1.5k"
"isoquant","ratio_counts","Brain","B31",0.626312865373822,5569,"1.5k-3k"
"isoquant","ratio_counts","Brain","B31",0.378399730619597,4388,"3k-4.5k"
"isoquant","ratio_counts","Brain","B31",0.315640617081248,3239,">4.5k"
"isoquant","ratio_counts","Brain","B32",0.737996484883153,1923,"0-1.5k"
"isoquant","ratio_counts","Brain","B32",0.714327965314785,5618,"1.5k-3k"
"isoquant","ratio_counts","Brain","B32",0.607314771758725,4460,"3k-4.5k"
"isoquant","ratio_counts","Brain","B32",0.516760339529814,3299,">4.5k"
"isoquant","ratio_counts","Brain","B33",0.753421773644204,1922,"0-1.5k"
"isoquant","ratio_counts","Brain","B33",0.674395169706694,5635,"1.5k-3k"
"isoquant","ratio_counts","Brain","B33",0.552650759020196,4444,"3k-4.5k"
"isoquant","ratio_counts","Brain","B33",0.447012242188056,3290,">4.5k"
"isoquant","ratio_counts","Brain","B34",0.779707147838952,1906,"0-1.5k"
"isoquant","ratio_counts","Brain","B34",0.673666370556066,5653,"1.5k-3k"
"isoquant","ratio_counts","Brain","B34",0.537051868749446,4432,"3k-4.5k"
"isoquant","ratio_counts","Brain","B34",0.382642834096124,3225,">4.5k"
"isoquant","ratio_counts","Brain","B35",0.777638425482575,1920,"0-1.5k"
"isoquant","ratio_counts","Brain","B35",0.684858683965028,5682,"1.5k-3k"
"isoquant","ratio_counts","Brain","B35",0.586823567879277,4456,"3k-4.5k"
"isoquant","ratio_counts","Brain","B35",0.438429636154596,3259,">4.5k"
"isoquant","ratio_counts","Kidney","K31",0.795009651737944,2012,"0-1.5k"
"isoquant","ratio_counts","Kidney","K31",0.732199079301658,5456,"1.5k-3k"
"isoquant","ratio_counts","Kidney","K31",0.742058278339892,3521,"3k-4.5k"
"isoquant","ratio_counts","Kidney","K31",0.669122106635369,2384,">4.5k"
"isoquant","ratio_counts","Kidney","K32",0.780513429197185,2001,"0-1.5k"
"isoquant","ratio_counts","Kidney","K32",0.758293805229075,5518,"1.5k-3k"
"isoquant","ratio_counts","Kidney","K32",0.784184028158933,3638,"3k-4.5k"
"isoquant","ratio_counts","Kidney","K32",0.709981123682899,2477,">4.5k"
"isoquant","ratio_counts","Kidney","K33",0.75916781155289,2005,"0-1.5k"
"isoquant","ratio_counts","Kidney","K33",0.748504869643728,5474,"1.5k-3k"
"isoquant","ratio_counts","Kidney","K33",0.75236654124705,3534,"3k-4.5k"
"isoquant","ratio_counts","Kidney","K33",0.658412516076128,2396,">4.5k"
"isoquant","ratio_counts","Kidney","K34",0.672732202185293,2012,"0-1.5k"
"isoquant","ratio_counts","Kidney","K34",0.778842869637501,5479,"1.5k-3k"
"isoquant","ratio_counts","Kidney","K34",0.745221710570756,3470,"3k-4.5k"
"isoquant","ratio_counts","Kidney","K34",0.604169258555255,2310,">4.5k"
"isoquant","ratio_counts","Kidney","K35",0.700166937703526,2014,"0-1.5k"
"isoquant","ratio_counts","Kidney","K35",0.772519987384298,5449,"1.5k-3k"
"isoquant","ratio_counts","Kidney","K35",0.727304362986271,3351,"3k-4.5k"
"isoquant","ratio_counts","Kidney","K35",0.579217579820209,2174,">4.5k"
"kallisto","CPM","B20K80","B20K80_1",0.711952775975555,2452,"0-1.5k"
"kallisto","CPM","B20K80","B20K80_1",0.773578697432476,7469,"1.5k-3k"
"kallisto","CPM","B20K80","B20K80_1",0.729322881224941,5886,"3k-4.5k"
"kallisto","CPM","B20K80","B20K80_1",0.589841315573222,5337,">4.5k"
"kallisto","CPM","B20K80","B20K80_2",0.748248010117902,2444,"0-1.5k"
"kallisto","CPM","B20K80","B20K80_2",0.775389388567442,7472,"1.5k-3k"
"kallisto","CPM","B20K80","B20K80_2",0.746103482101558,5930,"3k-4.5k"
"kallisto","CPM","B20K80","B20K80_2",0.635156949165053,5381,">4.5k"
"kallisto","CPM","B20K80","B20K80_3",0.602301133241639,2445,"0-1.5k"
"kallisto","CPM","B20K80","B20K80_3",0.760810426404824,7485,"1.5k-3k"
"kallisto","CPM","B20K80","B20K80_3",0.728958829599702,5908,"3k-4.5k"
"kallisto","CPM","B20K80","B20K80_3",0.581835662214508,5306,">4.5k"
"kallisto","CPM","B20K80","B20K80_4",0.632462051766025,2446,"0-1.5k"
"kallisto","CPM","B20K80","B20K80_4",0.783310654234886,7451,"1.5k-3k"
"kallisto","CPM","B20K80","B20K80_4",0.724359059884899,5799,"3k-4.5k"
"kallisto","CPM","B20K80","B20K80_4",0.568110430618305,5179,">4.5k"
"kallisto","CPM","B20K80","B20K80_5",0.661446522427995,2447,"0-1.5k"
"kallisto","CPM","B20K80","B20K80_5",0.779830697276482,7456,"1.5k-3k"
"kallisto","CPM","B20K80","B20K80_5",0.709531694335119,5787,"3k-4.5k"
"kallisto","CPM","B20K80","B20K80_5",0.539380901583679,5108,">4.5k"
"kallisto","CPM","B80K20","B80K20_1",0.703344696807924,2425,"0-1.5k"
"kallisto","CPM","B80K20","B80K20_1",0.776672097342659,7415,"1.5k-3k"
"kallisto","CPM","B80K20","B80K20_1",0.731839557617186,5972,"3k-4.5k"
"kallisto","CPM","B80K20","B80K20_1",0.615027687213457,5404,">4.5k"
"kallisto","CPM","B80K20","B80K20_2",0.738476071251466,2398,"0-1.5k"
"kallisto","CPM","B80K20","B80K20_2",0.746794812547987,7390,"1.5k-3k"
"kallisto","CPM","B80K20","B80K20_2",0.702440506985419,5992,"3k-4.5k"
"kallisto","CPM","B80K20","B80K20_2",0.604065955713403,5451,">4.5k"
"kallisto","CPM","B80K20","B80K20_3",0.608002617217672,2433,"0-1.5k"
"kallisto","CPM","B80K20","B80K20_3",0.780231682705039,7474,"1.5k-3k"
"kallisto","CPM","B80K20","B80K20_3",0.719119268258901,5978,"3k-4.5k"
"kallisto","CPM","B80K20","B80K20_3",0.562360581618235,5419,">4.5k"
"kallisto","CPM","B80K20","B80K20_4",0.659993989057133,2429,"0-1.5k"
"kallisto","CPM","B80K20","B80K20_4",0.737222746394177,7469,"1.5k-3k"
"kallisto","CPM","B80K20","B80K20_4",0.689405749974671,5997,"3k-4.5k"
"kallisto","CPM","B80K20","B80K20_4",0.547746367029946,5416,">4.5k"
"kallisto","CPM","B80K20","B80K20_5",0.679516714694733,2432,"0-1.5k"
"kallisto","CPM","B80K20","B80K20_5",0.760274606056439,7430,"1.5k-3k"
"kallisto","CPM","B80K20","B80K20_5",0.705664417686456,5944,"3k-4.5k"
"kallisto","CPM","B80K20","B80K20_5",0.558134055546693,5344,">4.5k"
"kallisto","CPM","Brain","B31",0.762595013765622,2233,"0-1.5k"
"kallisto","CPM","Brain","B31",0.754885797980421,6773,"1.5k-3k"
"kallisto","CPM","Brain","B31",0.671297713971387,5708,"3k-4.5k"
"kallisto","CPM","Brain","B31",0.596752633549441,5221,">4.5k"
"kallisto","CPM","Brain","B32",0.767804386286636,2221,"0-1.5k"
"kallisto","CPM","Brain","B32",0.772775536965669,6872,"1.5k-3k"
"kallisto","CPM","Brain","B32",0.715875505495889,5809,"3k-4.5k"
"kallisto","CPM","Brain","B32",0.637286476247126,5316,">4.5k"
"kallisto","CPM","Brain","B33",0.752096056828293,2227,"0-1.5k"
"kallisto","CPM","Brain","B33",0.762197910382028,6866,"1.5k-3k"
"kallisto","CPM","Brain","B33",0.712474726903939,5785,"3k-4.5k"
"kallisto","CPM","Brain","B33",0.632669578528676,5299,">4.5k"
"kallisto","CPM","Brain","B34",0.654509287635257,2193,"0-1.5k"
"kallisto","CPM","Brain","B34",0.738954928310363,6887,"1.5k-3k"
"kallisto","CPM","Brain","B34",0.703035678396761,5795,"3k-4.5k"
"kallisto","CPM","Brain","B34",0.568431282605898,5289,">4.5k"
"kallisto","CPM","Brain","B35",0.723086111723399,2222,"0-1.5k"
"kallisto","CPM","Brain","B35",0.750472798760705,6932,"1.5k-3k"
"kallisto","CPM","Brain","B35",0.714861498990751,5809,"3k-4.5k"
"kallisto","CPM","Brain","B35",0.600716232489537,5303,">4.5k"
"kallisto","CPM","Kidney","K31",0.782812664233431,2311,"0-1.5k"
"kallisto","CPM","Kidney","K31",0.781382480840266,6522,"1.5k-3k"
"kallisto","CPM","Kidney","K31",0.776577513610474,4650,"3k-4.5k"
"kallisto","CPM","Kidney","K31",0.695119067948648,3931,">4.5k"
"kallisto","CPM","Kidney","K32",0.733699956608944,2304,"0-1.5k"
"kallisto","CPM","Kidney","K32",0.786689402334002,6627,"1.5k-3k"
"kallisto","CPM","Kidney","K32",0.795397700795434,4849,"3k-4.5k"
"kallisto","CPM","Kidney","K32",0.727407635619192,4105,">4.5k"
"kallisto","CPM","Kidney","K33",0.705362659323912,2311,"0-1.5k"
"kallisto","CPM","Kidney","K33",0.785683367595932,6545,"1.5k-3k"
"kallisto","CPM","Kidney","K33",0.78274224709705,4674,"3k-4.5k"
"kallisto","CPM","Kidney","K33",0.695523621078231,3910,">4.5k"
"kallisto","CPM","Kidney","K34",0.628509097692492,2320,"0-1.5k"
"kallisto","CPM","Kidney","K34",0.816978954416971,6585,"1.5k-3k"
"kallisto","CPM","Kidney","K34",0.784404280394801,4610,"3k-4.5k"
"kallisto","CPM","Kidney","K34",0.654947579886665,3794,">4.5k"
"kallisto","CPM","Kidney","K35",0.654186266670006,2324,"0-1.5k"
"kallisto","CPM","Kidney","K35",0.81549432085919,6549,"1.5k-3k"
"kallisto","CPM","Kidney","K35",0.770584103673492,4435,"3k-4.5k"
"kallisto","CPM","Kidney","K35",0.619827728516273,3656,">4.5k"
"kallisto","EDA","B20K80","B20K80_1",0.729494003316537,2452,"0-1.5k"
"kallisto","EDA","B20K80","B20K80_1",0.761667803501856,7469,"1.5k-3k"
"kallisto","EDA","B20K80","B20K80_1",0.726663740011942,5886,"3k-4.5k"
"kallisto","EDA","B20K80","B20K80_1",0.561372080534139,5337,">4.5k"
"kallisto","EDA","B20K80","B20K80_2",0.758772324028489,2444,"0-1.5k"
"kallisto","EDA","B20K80","B20K80_2",0.778778823616792,7472,"1.5k-3k"
"kallisto","EDA","B20K80","B20K80_2",0.745055122725196,5930,"3k-4.5k"
"kallisto","EDA","B20K80","B20K80_2",0.610958739900232,5381,">4.5k"
"kallisto","EDA","B20K80","B20K80_3",0.702307014670781,2445,"0-1.5k"
"kallisto","EDA","B20K80","B20K80_3",0.752483633426301,7485,"1.5k-3k"
"kallisto","EDA","B20K80","B20K80_3",0.726551166495402,5908,"3k-4.5k"
"kallisto","EDA","B20K80","B20K80_3",0.546115366943435,5306,">4.5k"
"kallisto","EDA","B20K80","B20K80_4",0.714298765963937,2446,"0-1.5k"
"kallisto","EDA","B20K80","B20K80_4",0.761885143430029,7451,"1.5k-3k"
"kallisto","EDA","B20K80","B20K80_4",0.721105371587191,5799,"3k-4.5k"
"kallisto","EDA","B20K80","B20K80_4",0.528827356481747,5179,">4.5k"
"kallisto","EDA","B20K80","B20K80_5",0.700773981234501,2447,"0-1.5k"
"kallisto","EDA","B20K80","B20K80_5",0.753729473238463,7456,"1.5k-3k"
"kallisto","EDA","B20K80","B20K80_5",0.704725221162925,5787,"3k-4.5k"
"kallisto","EDA","B20K80","B20K80_5",0.499445516194861,5108,">4.5k"
"kallisto","EDA","B80K20","B80K20_1",0.733996905938669,2425,"0-1.5k"
"kallisto","EDA","B80K20","B80K20_1",0.779477694044703,7415,"1.5k-3k"
"kallisto","EDA","B80K20","B80K20_1",0.731400396830635,5972,"3k-4.5k"
"kallisto","EDA","B80K20","B80K20_1",0.595888360026396,5404,">4.5k"
"kallisto","EDA","B80K20","B80K20_2",0.747941142292773,2398,"0-1.5k"
"kallisto","EDA","B80K20","B80K20_2",0.764620105252397,7390,"1.5k-3k"
"kallisto","EDA","B80K20","B80K20_2",0.703267571629938,5992,"3k-4.5k"
"kallisto","EDA","B80K20","B80K20_2",0.594846197299144,5451,">4.5k"
"kallisto","EDA","B80K20","B80K20_3",0.71159936548116,2433,"0-1.5k"
"kallisto","EDA","B80K20","B80K20_3",0.774228638275885,7474,"1.5k-3k"
"kallisto","EDA","B80K20","B80K20_3",0.718646669903074,5978,"3k-4.5k"
"kallisto","EDA","B80K20","B80K20_3",0.540031309843108,5419,">4.5k"
"kallisto","EDA","B80K20","B80K20_4",0.718078995788158,2429,"0-1.5k"
"kallisto","EDA","B80K20","B80K20_4",0.7450856117642,7469,"1.5k-3k"
"kallisto","EDA","B80K20","B80K20_4",0.688506613337341,5997,"3k-4.5k"
"kallisto","EDA","B80K20","B80K20_4",0.523410186836117,5416,">4.5k"
"kallisto","EDA","B80K20","B80K20_5",0.719177042116873,2432,"0-1.5k"
"kallisto","EDA","B80K20","B80K20_5",0.755281454512604,7430,"1.5k-3k"
"kallisto","EDA","B80K20","B80K20_5",0.704498686765914,5944,"3k-4.5k"
"kallisto","EDA","B80K20","B80K20_5",0.532404359752618,5344,">4.5k"
"kallisto","EDA","Brain","B31",0.738078498098581,2233,"0-1.5k"
"kallisto","EDA","Brain","B31",0.766868630622311,6773,"1.5k-3k"
"kallisto","EDA","Brain","B31",0.676911451285078,5708,"3k-4.5k"
"kallisto","EDA","Brain","B31",0.58482085585455,5221,">4.5k"
"kallisto","EDA","Brain","B32",0.753686683736469,2221,"0-1.5k"
"kallisto","EDA","Brain","B32",0.784600173736603,6872,"1.5k-3k"
"kallisto","EDA","Brain","B32",0.717794364791409,5809,"3k-4.5k"
"kallisto","EDA","Brain","B32",0.631644182470099,5316,">4.5k"
"kallisto","EDA","Brain","B33",0.748842584817175,2227,"0-1.5k"
"kallisto","EDA","Brain","B33",0.777904783854349,6866,"1.5k-3k"
"kallisto","EDA","Brain","B33",0.713983764282484,5785,"3k-4.5k"
"kallisto","EDA","Brain","B33",0.622385598648921,5299,">4.5k"
"kallisto","EDA","Brain","B34",0.723563471744743,2193,"0-1.5k"
"kallisto","EDA","Brain","B34",0.748189903934785,6887,"1.5k-3k"
"kallisto","EDA","Brain","B34",0.702292911052492,5795,"3k-4.5k"
"kallisto","EDA","Brain","B34",0.549909943785774,5289,">4.5k"
"kallisto","EDA","Brain","B35",0.742357475095962,2222,"0-1.5k"
"kallisto","EDA","Brain","B35",0.761573060416747,6932,"1.5k-3k"
"kallisto","EDA","Brain","B35",0.71441190090107,5809,"3k-4.5k"
"kallisto","EDA","Brain","B35",0.579860834791696,5303,">4.5k"
"kallisto","EDA","Kidney","K31",0.740797503463311,2311,"0-1.5k"
"kallisto","EDA","Kidney","K31",0.775887117367732,6522,"1.5k-3k"
"kallisto","EDA","Kidney","K31",0.773080475024376,4650,"3k-4.5k"
"kallisto","EDA","Kidney","K31",0.665351998223386,3931,">4.5k"
"kallisto","EDA","Kidney","K32",0.749333249188892,2304,"0-1.5k"
"kallisto","EDA","Kidney","K32",0.792180898550308,6627,"1.5k-3k"
"kallisto","EDA","Kidney","K32",0.793727789439145,4849,"3k-4.5k"
"kallisto","EDA","Kidney","K32",0.703197132177567,4105,">4.5k"
"kallisto","EDA","Kidney","K33",0.733659287974278,2311,"0-1.5k"
"kallisto","EDA","Kidney","K33",0.78112589838764,6545,"1.5k-3k"
"kallisto","EDA","Kidney","K33",0.779231364144392,4674,"3k-4.5k"
"kallisto","EDA","Kidney","K33",0.660859471374019,3910,">4.5k"
"kallisto","EDA","Kidney","K34",0.701825864483966,2320,"0-1.5k"
"kallisto","EDA","Kidney","K34",0.791775016191611,6585,"1.5k-3k"
"kallisto","EDA","Kidney","K34",0.779379903270187,4610,"3k-4.5k"
"kallisto","EDA","Kidney","K34",0.613878517367257,3794,">4.5k"
"kallisto","EDA","Kidney","K35",0.692507421369361,2324,"0-1.5k"
"kallisto","EDA","Kidney","K35",0.784530619396127,6549,"1.5k-3k"
"kallisto","EDA","Kidney","K35",0.762670541277056,4435,"3k-4.5k"
"kallisto","EDA","Kidney","K35",0.581727930767078,3656,">4.5k"
"kallisto","TPM","B20K80","B20K80_1",0.799913984529995,2452,"0-1.5k"
"kallisto","TPM","B20K80","B20K80_1",0.793679974904429,7469,"1.5k-3k"
"kallisto","TPM","B20K80","B20K80_1",0.727782562666837,5886,"3k-4.5k"
"kallisto","TPM","B20K80","B20K80_1",0.607378572203942,5337,">4.5k"
"kallisto","TPM","B20K80","B20K80_2",0.824289237674273,2444,"0-1.5k"
"kallisto","TPM","B20K80","B20K80_2",0.798924659695238,7472,"1.5k-3k"
"kallisto","TPM","B20K80","B20K80_2",0.745419848652489,5930,"3k-4.5k"
"kallisto","TPM","B20K80","B20K80_2",0.647288160952921,5381,">4.5k"
"kallisto","TPM","B20K80","B20K80_3",0.716050900005593,2445,"0-1.5k"
"kallisto","TPM","B20K80","B20K80_3",0.781063146421934,7485,"1.5k-3k"
"kallisto","TPM","B20K80","B20K80_3",0.726213387250058,5908,"3k-4.5k"
"kallisto","TPM","B20K80","B20K80_3",0.600614923775238,5306,">4.5k"
"kallisto","TPM","B20K80","B20K80_4",0.740557210884188,2446,"0-1.5k"
"kallisto","TPM","B20K80","B20K80_4",0.795982172377921,7451,"1.5k-3k"
"kallisto","TPM","B20K80","B20K80_4",0.721608315299915,5799,"3k-4.5k"
"kallisto","TPM","B20K80","B20K80_4",0.59322983760028,5179,">4.5k"
"kallisto","TPM","B20K80","B20K80_5",0.76349609048809,2447,"0-1.5k"
"kallisto","TPM","B20K80","B20K80_5",0.792945508039532,7456,"1.5k-3k"
"kallisto","TPM","B20K80","B20K80_5",0.707780627689558,5787,"3k-4.5k"
"kallisto","TPM","B20K80","B20K80_5",0.563182901208877,5108,">4.5k"
"kallisto","TPM","B80K20","B80K20_1",0.792443654102326,2425,"0-1.5k"
"kallisto","TPM","B80K20","B80K20_1",0.794912335379117,7415,"1.5k-3k"
"kallisto","TPM","B80K20","B80K20_1",0.729164617044838,5972,"3k-4.5k"
"kallisto","TPM","B80K20","B80K20_1",0.623462599728024,5404,">4.5k"
"kallisto","TPM","B80K20","B80K20_2",0.814750307893503,2398,"0-1.5k"
"kallisto","TPM","B80K20","B80K20_2",0.770303022395331,7390,"1.5k-3k"
"kallisto","TPM","B80K20","B80K20_2",0.702971045559733,5992,"3k-4.5k"
"kallisto","TPM","B80K20","B80K20_2",0.607671244534914,5451,">4.5k"
"kallisto","TPM","B80K20","B80K20_3",0.721685859380562,2433,"0-1.5k"
"kallisto","TPM","B80K20","B80K20_3",0.791066520197308,7474,"1.5k-3k"
"kallisto","TPM","B80K20","B80K20_3",0.715039735222641,5978,"3k-4.5k"
"kallisto","TPM","B80K20","B80K20_3",0.575154751659929,5419,">4.5k"
"kallisto","TPM","B80K20","B80K20_4",0.759988295819186,2429,"0-1.5k"
"kallisto","TPM","B80K20","B80K20_4",0.760283450948224,7469,"1.5k-3k"
"kallisto","TPM","B80K20","B80K20_4",0.686399955441327,5997,"3k-4.5k"
"kallisto","TPM","B80K20","B80K20_4",0.561782468117473,5416,">4.5k"
"kallisto","TPM","B80K20","B80K20_5",0.775221791725645,2432,"0-1.5k"
"kallisto","TPM","B80K20","B80K20_5",0.775887356281693,7430,"1.5k-3k"
"kallisto","TPM","B80K20","B80K20_5",0.702459995098021,5944,"3k-4.5k"
"kallisto","TPM","B80K20","B80K20_5",0.572975466877938,5344,">4.5k"
"kallisto","TPM","Brain","B31",0.836856580029696,2233,"0-1.5k"
"kallisto","TPM","Brain","B31",0.778822489548637,6773,"1.5k-3k"
"kallisto","TPM","Brain","B31",0.677867218862257,5708,"3k-4.5k"
"kallisto","TPM","Brain","B31",0.617649883063498,5221,">4.5k"
"kallisto","TPM","Brain","B32",0.838589875178008,2221,"0-1.5k"
"kallisto","TPM","Brain","B32",0.792371580270049,6872,"1.5k-3k"
"kallisto","TPM","Brain","B32",0.718117256865564,5809,"3k-4.5k"
"kallisto","TPM","Brain","B32",0.639720749967661,5316,">4.5k"
"kallisto","TPM","Brain","B33",0.830496949615457,2227,"0-1.5k"
"kallisto","TPM","Brain","B33",0.785789676928882,6866,"1.5k-3k"
"kallisto","TPM","Brain","B33",0.714428628020632,5785,"3k-4.5k"
"kallisto","TPM","Brain","B33",0.634610169637016,5299,">4.5k"
"kallisto","TPM","Brain","B34",0.760460879798552,2193,"0-1.5k"
"kallisto","TPM","Brain","B34",0.760445169393046,6887,"1.5k-3k"
"kallisto","TPM","Brain","B34",0.700016231206209,5795,"3k-4.5k"
"kallisto","TPM","Brain","B34",0.579936028934774,5289,">4.5k"
"kallisto","TPM","Brain","B35",0.806955177537261,2222,"0-1.5k"
"kallisto","TPM","Brain","B35",0.774978553519356,6932,"1.5k-3k"
"kallisto","TPM","Brain","B35",0.712345535812429,5809,"3k-4.5k"
"kallisto","TPM","Brain","B35",0.610449445592577,5303,">4.5k"
"kallisto","TPM","Kidney","K31",0.850947691859645,2311,"0-1.5k"
"kallisto","TPM","Kidney","K31",0.810982753820736,6522,"1.5k-3k"
"kallisto","TPM","Kidney","K31",0.778404380539419,4650,"3k-4.5k"
"kallisto","TPM","Kidney","K31",0.714722378728226,3931,">4.5k"
"kallisto","TPM","Kidney","K32",0.817668465432941,2304,"0-1.5k"
"kallisto","TPM","Kidney","K32",0.813759157800385,6627,"1.5k-3k"
"kallisto","TPM","Kidney","K32",0.796395094099888,4849,"3k-4.5k"
"kallisto","TPM","Kidney","K32",0.737835152063651,4105,">4.5k"
"kallisto","TPM","Kidney","K33",0.797596580317984,2311,"0-1.5k"
"kallisto","TPM","Kidney","K33",0.812192593049243,6545,"1.5k-3k"
"kallisto","TPM","Kidney","K33",0.783462724465468,4674,"3k-4.5k"
"kallisto","TPM","Kidney","K33",0.714535848372637,3910,">4.5k"
"kallisto","TPM","Kidney","K34",0.73826192548278,2320,"0-1.5k"
"kallisto","TPM","Kidney","K34",0.829029877003071,6585,"1.5k-3k"
"kallisto","TPM","Kidney","K34",0.782778002467489,4610,"3k-4.5k"
"kallisto","TPM","Kidney","K34",0.678259076185564,3794,">4.5k"
"kallisto","TPM","Kidney","K35",0.76104027073301,2324,"0-1.5k"
"kallisto","TPM","Kidney","K35",0.826748685825926,6549,"1.5k-3k"
"kallisto","TPM","Kidney","K35",0.77013104336655,4435,"3k-4.5k"
"kallisto","TPM","Kidney","K35",0.643499409509246,3656,">4.5k"
"kallisto","cqn","B20K80","B20K80_1",0.705381413954864,2461,"0-1.5k"
"kallisto","cqn","B20K80","B20K80_1",0.766235023257637,7485,"1.5k-3k"
"kallisto","cqn","B20K80","B20K80_1",0.725052426488084,5929,"3k-4.5k"
"kallisto","cqn","B20K80","B20K80_1",0.567444267950494,5411,">4.5k"
"kallisto","cqn","B20K80","B20K80_2",0.719542235177407,2457,"0-1.5k"
"kallisto","cqn","B20K80","B20K80_2",0.778514733697767,7496,"1.5k-3k"
"kallisto","cqn","B20K80","B20K80_2",0.732076879055304,5954,"3k-4.5k"
"kallisto","cqn","B20K80","B20K80_2",0.601863786220176,5421,">4.5k"
"kallisto","cqn","B20K80","B20K80_3",0.706460264229943,2459,"0-1.5k"
"kallisto","cqn","B20K80","B20K80_3",0.752642111429884,7507,"1.5k-3k"
"kallisto","cqn","B20K80","B20K80_3",0.727435683124756,5955,"3k-4.5k"
"kallisto","cqn","B20K80","B20K80_3",0.571209249974194,5413,">4.5k"
"kallisto","cqn","B20K80","B20K80_4",0.711776500557006,2454,"0-1.5k"
"kallisto","cqn","B20K80","B20K80_4",0.759672469226848,7473,"1.5k-3k"
"kallisto","cqn","B20K80","B20K80_4",0.724095353912959,5874,"3k-4.5k"
"kallisto","cqn","B20K80","B20K80_4",0.548020936849894,5363,">4.5k"
"kallisto","cqn","B20K80","B20K80_5",0.689046434210815,2457,"0-1.5k"
"kallisto","cqn","B20K80","B20K80_5",0.743089772269162,7475,"1.5k-3k"
"kallisto","cqn","B20K80","B20K80_5",0.706633440382448,5884,"3k-4.5k"
"kallisto","cqn","B20K80","B20K80_5",0.522860821248884,5361,">4.5k"
"kallisto","cqn","B80K20","B80K20_1",0.753314299494972,2452,"0-1.5k"
"kallisto","cqn","B80K20","B80K20_1",0.77996812632107,7467,"1.5k-3k"
"kallisto","cqn","B80K20","B80K20_1",0.726072125153078,6005,"3k-4.5k"
"kallisto","cqn","B80K20","B80K20_1",0.612592706204601,5463,">4.5k"
"kallisto","cqn","B80K20","B80K20_2",0.749617617338779,2450,"0-1.5k"
"kallisto","cqn","B80K20","B80K20_2",0.768989313169763,7505,"1.5k-3k"
"kallisto","cqn","B80K20","B80K20_2",0.697939365952094,6032,"3k-4.5k"
"kallisto","cqn","B80K20","B80K20_2",0.60940231277281,5493,">4.5k"
"kallisto","cqn","B80K20","B80K20_3",0.734760158392636,2451,"0-1.5k"
"kallisto","cqn","B80K20","B80K20_3",0.773828682137667,7509,"1.5k-3k"
"kallisto","cqn","B80K20","B80K20_3",0.722886787770685,6015,"3k-4.5k"
"kallisto","cqn","B80K20","B80K20_3",0.552693649485304,5489,">4.5k"
"kallisto","cqn","B80K20","B80K20_4",0.738476111458468,2455,"0-1.5k"
"kallisto","cqn","B80K20","B80K20_4",0.759438253933712,7501,"1.5k-3k"
"kallisto","cqn","B80K20","B80K20_4",0.695158839930293,6018,"3k-4.5k"
"kallisto","cqn","B80K20","B80K20_4",0.554885983792482,5471,">4.5k"
"kallisto","cqn","B80K20","B80K20_5",0.747535416544499,2453,"0-1.5k"
"kallisto","cqn","B80K20","B80K20_5",0.760576064737427,7482,"1.5k-3k"
"kallisto","cqn","B80K20","B80K20_5",0.71035827292632,5982,"3k-4.5k"
"kallisto","cqn","B80K20","B80K20_5",0.56247162420331,5447,">4.5k"
"kallisto","cqn","Brain","B31",0.75614056100946,2342,"0-1.5k"
"kallisto","cqn","Brain","B31",0.795977151954043,7093,"1.5k-3k"
"kallisto","cqn","Brain","B31",0.68311238324819,5808,"3k-4.5k"
"kallisto","cqn","Brain","B31",0.603782163535495,5335,">4.5k"
"kallisto","cqn","Brain","B32",0.792643781778727,2353,"0-1.5k"
"kallisto","cqn","Brain","B32",0.804758081388151,7185,"1.5k-3k"
"kallisto","cqn","Brain","B32",0.722226468439791,5934,"3k-4.5k"
"kallisto","cqn","Brain","B32",0.652949769302602,5433,">4.5k"
"kallisto","cqn","Brain","B33",0.778211783624337,2343,"0-1.5k"
"kallisto","cqn","Brain","B33",0.802357308335169,7113,"1.5k-3k"
"kallisto","cqn","Brain","B33",0.722083622997999,5881,"3k-4.5k"
"kallisto","cqn","Brain","B33",0.650600985664389,5401,">4.5k"
"kallisto","cqn","Brain","B34",0.77605670135499,2339,"0-1.5k"
"kallisto","cqn","Brain","B34",0.775723303801535,7121,"1.5k-3k"
"kallisto","cqn","Brain","B34",0.713077785426038,5889,"3k-4.5k"
"kallisto","cqn","Brain","B34",0.580523209740599,5389,">4.5k"
"kallisto","cqn","Brain","B35",0.78711268671428,2358,"0-1.5k"
"kallisto","cqn","Brain","B35",0.794152318376387,7185,"1.5k-3k"
"kallisto","cqn","Brain","B35",0.727001852789431,5919,"3k-4.5k"
"kallisto","cqn","Brain","B35",0.618833205657044,5428,">4.5k"
"kallisto","cqn","Kidney","K31",0.713332838823264,2375,"0-1.5k"
"kallisto","cqn","Kidney","K31",0.797180244691656,6800,"1.5k-3k"
"kallisto","cqn","Kidney","K31",0.780206936258366,4906,"3k-4.5k"
"kallisto","cqn","Kidney","K31",0.689954929130948,4270,">4.5k"
"kallisto","cqn","Kidney","K32",0.756216855376526,2375,"0-1.5k"
"kallisto","cqn","Kidney","K32",0.8213854178441,6920,"1.5k-3k"
"kallisto","cqn","Kidney","K32",0.811087260577026,5136,"3k-4.5k"
"kallisto","cqn","Kidney","K32",0.74716040842698,4509,">4.5k"
"kallisto","cqn","Kidney","K33",0.731046837282471,2376,"0-1.5k"
"kallisto","cqn","Kidney","K33",0.80177157467519,6815,"1.5k-3k"
"kallisto","cqn","Kidney","K33",0.787010093574566,4961,"3k-4.5k"
"kallisto","cqn","Kidney","K33",0.709568923820311,4297,">4.5k"
"kallisto","cqn","Kidney","K34",0.732513688315049,2374,"0-1.5k"
"kallisto","cqn","Kidney","K34",0.787184654263698,6797,"1.5k-3k"
"kallisto","cqn","Kidney","K34",0.797552291745338,4936,"3k-4.5k"
"kallisto","cqn","Kidney","K34",0.645696511231293,4317,">4.5k"
"kallisto","cqn","Kidney","K35",0.699552788328152,2376,"0-1.5k"
"kallisto","cqn","Kidney","K35",0.751419271234111,6790,"1.5k-3k"
"kallisto","cqn","Kidney","K35",0.758342539512964,4818,"3k-4.5k"
"kallisto","cqn","Kidney","K35",0.601462036827253,4211,">4.5k"
"kallisto","ratio_counts","B20K80","B20K80_1",0.670292215096593,2452,"0-1.5k"
"kallisto","ratio_counts","B20K80","B20K80_1",0.578146084709164,7469,"1.5k-3k"
"kallisto","ratio_counts","B20K80","B20K80_1",0.435055528573845,5886,"3k-4.5k"
"kallisto","ratio_counts","B20K80","B20K80_1",0.293073841364141,5337,">4.5k"
"kallisto","ratio_counts","B20K80","B20K80_2",0.733612118844338,2444,"0-1.5k"
"kallisto","ratio_counts","B20K80","B20K80_2",0.721477256418854,7472,"1.5k-3k"
"kallisto","ratio_counts","B20K80","B20K80_2",0.643476919398959,5930,"3k-4.5k"
"kallisto","ratio_counts","B20K80","B20K80_2",0.528400533248332,5381,">4.5k"
"kallisto","ratio_counts","B20K80","B20K80_3",0.579639470611806,2445,"0-1.5k"
"kallisto","ratio_counts","B20K80","B20K80_3",0.685931029381766,7485,"1.5k-3k"
"kallisto","ratio_counts","B20K80","B20K80_3",0.58074748894722,5908,"3k-4.5k"
"kallisto","ratio_counts","B20K80","B20K80_3",0.447080152519337,5306,">4.5k"
"kallisto","ratio_counts","B20K80","B20K80_4",0.645536745672466,2446,"0-1.5k"
"kallisto","ratio_counts","B20K80","B20K80_4",0.71106940984922,7451,"1.5k-3k"
"kallisto","ratio_counts","B20K80","B20K80_4",0.582807119602573,5799,"3k-4.5k"
"kallisto","ratio_counts","B20K80","B20K80_4",0.469454249524136,5179,">4.5k"
"kallisto","ratio_counts","B20K80","B20K80_5",0.715244737634605,2447,"0-1.5k"
"kallisto","ratio_counts","B20K80","B20K80_5",0.659199647445202,7456,"1.5k-3k"
"kallisto","ratio_counts","B20K80","B20K80_5",0.484369526728928,5787,"3k-4.5k"
"kallisto","ratio_counts","B20K80","B20K80_5",0.339982109911585,5108,">4.5k"
"kallisto","ratio_counts","B80K20","B80K20_1",0.723961356694911,2425,"0-1.5k"
"kallisto","ratio_counts","B80K20","B80K20_1",0.732407762116797,7415,"1.5k-3k"
"kallisto","ratio_counts","B80K20","B80K20_1",0.603053523405465,5972,"3k-4.5k"
"kallisto","ratio_counts","B80K20","B80K20_1",0.506494726759932,5404,">4.5k"
"kallisto","ratio_counts","B80K20","B80K20_2",0.605917710913623,2398,"0-1.5k"
"kallisto","ratio_counts","B80K20","B80K20_2",0.640961579772682,7390,"1.5k-3k"
"kallisto","ratio_counts","B80K20","B80K20_2",0.52953111057087,5992,"3k-4.5k"
"kallisto","ratio_counts","B80K20","B80K20_2",0.49881002390963,5451,">4.5k"
"kallisto","ratio_counts","B80K20","B80K20_3",0.647699245665649,2433,"0-1.5k"
"kallisto","ratio_counts","B80K20","B80K20_3",0.638191588358529,7474,"1.5k-3k"
"kallisto","ratio_counts","B80K20","B80K20_3",0.494885479206121,5978,"3k-4.5k"
"kallisto","ratio_counts","B80K20","B80K20_3",0.378887442718827,5419,">4.5k"
"kallisto","ratio_counts","B80K20","B80K20_4",0.613171480648448,2429,"0-1.5k"
"kallisto","ratio_counts","B80K20","B80K20_4",0.59510366515747,7469,"1.5k-3k"
"kallisto","ratio_counts","B80K20","B80K20_4",0.437486147773316,5997,"3k-4.5k"
"kallisto","ratio_counts","B80K20","B80K20_4",0.344658632621028,5416,">4.5k"
"kallisto","ratio_counts","B80K20","B80K20_5",0.70524327205294,2432,"0-1.5k"
"kallisto","ratio_counts","B80K20","B80K20_5",0.665226905554214,7430,"1.5k-3k"
"kallisto","ratio_counts","B80K20","B80K20_5",0.519114123995359,5944,"3k-4.5k"
"kallisto","ratio_counts","B80K20","B80K20_5",0.370469261609176,5344,">4.5k"
"kallisto","ratio_counts","Brain","B31",0.751878505854506,2233,"0-1.5k"
"kallisto","ratio_counts","Brain","B31",0.653427022381977,6773,"1.5k-3k"
"kallisto","ratio_counts","Brain","B31",0.399012524416384,5708,"3k-4.5k"
"kallisto","ratio_counts","Brain","B31",0.298463854847361,5221,">4.5k"
"kallisto","ratio_counts","Brain","B32",0.751094116437866,2221,"0-1.5k"
"kallisto","ratio_counts","Brain","B32",0.742219883707012,6872,"1.5k-3k"
"kallisto","ratio_counts","Brain","B32",0.640198860442571,5809,"3k-4.5k"
"kallisto","ratio_counts","Brain","B32",0.592392930209937,5316,">4.5k"
"kallisto","ratio_counts","Brain","B33",0.773535467573061,2227,"0-1.5k"
"kallisto","ratio_counts","Brain","B33",0.712499151456086,6866,"1.5k-3k"
"kallisto","ratio_counts","Brain","B33",0.581526024026954,5785,"3k-4.5k"
"kallisto","ratio_counts","Brain","B33",0.515244751159128,5299,">4.5k"
"kallisto","ratio_counts","Brain","B34",0.778479295359881,2193,"0-1.5k"
"kallisto","ratio_counts","Brain","B34",0.700942057308817,6887,"1.5k-3k"
"kallisto","ratio_counts","Brain","B34",0.585157277983156,5795,"3k-4.5k"
"kallisto","ratio_counts","Brain","B34",0.452928151522156,5289,">4.5k"
"kallisto","ratio_counts","Brain","B35",0.78236154794388,2222,"0-1.5k"
"kallisto","ratio_counts","Brain","B35",0.722735438518343,6932,"1.5k-3k"
"kallisto","ratio_counts","Brain","B35",0.627432493769929,5809,"3k-4.5k"
"kallisto","ratio_counts","Brain","B35",0.516214356066538,5303,">4.5k"
"kallisto","ratio_counts","Kidney","K31",0.821133932804998,2311,"0-1.5k"
"kallisto","ratio_counts","Kidney","K31",0.764422741153591,6522,"1.5k-3k"
"kallisto","ratio_counts","Kidney","K31",0.775625578415712,4650,"3k-4.5k"
"kallisto","ratio_counts","Kidney","K31",0.718545440595277,3931,">4.5k"
"kallisto","ratio_counts","Kidney","K32",0.802713079445764,2304,"0-1.5k"
"kallisto","ratio_counts","Kidney","K32",0.791687419372499,6627,"1.5k-3k"
"kallisto","ratio_counts","Kidney","K32",0.812232193592078,4849,"3k-4.5k"
"kallisto","ratio_counts","Kidney","K32",0.757021383896464,4105,">4.5k"
"kallisto","ratio_counts","Kidney","K33",0.763278587656815,2311,"0-1.5k"
"kallisto","ratio_counts","Kidney","K33",0.778870984226619,6545,"1.5k-3k"
"kallisto","ratio_counts","Kidney","K33",0.77527209023829,4674,"3k-4.5k"
"kallisto","ratio_counts","Kidney","K33",0.722336356178358,3910,">4.5k"
"kallisto","ratio_counts","Kidney","K34",0.699761085518862,2320,"0-1.5k"
"kallisto","ratio_counts","Kidney","K34",0.820190590300229,6585,"1.5k-3k"
"kallisto","ratio_counts","Kidney","K34",0.776130308689955,4610,"3k-4.5k"
"kallisto","ratio_counts","Kidney","K34",0.701067014267013,3794,">4.5k"
"kallisto","ratio_counts","Kidney","K35",0.726147432177375,2324,"0-1.5k"
"kallisto","ratio_counts","Kidney","K35",0.81230522341762,6549,"1.5k-3k"
"kallisto","ratio_counts","Kidney","K35",0.75566587977239,4435,"3k-4.5k"
"kallisto","ratio_counts","Kidney","K35",0.681221812917899,3656,">4.5k"
"oarfish","CPM","B20K80","B20K80_1",0.784113537566172,2902,"0-1.5k"
"oarfish","CPM","B20K80","B20K80_1",0.817580516356895,8573,"1.5k-3k"
"oarfish","CPM","B20K80","B20K80_1",0.75515789949381,6594,"3k-4.5k"
"oarfish","CPM","B20K80","B20K80_1",0.636732212460627,6705,">4.5k"
"oarfish","CPM","B20K80","B20K80_2",0.813955705983341,2903,"0-1.5k"
"oarfish","CPM","B20K80","B20K80_2",0.818040284163177,8578,"1.5k-3k"
"oarfish","CPM","B20K80","B20K80_2",0.767439535752993,6662,"3k-4.5k"
"oarfish","CPM","B20K80","B20K80_2",0.656194178738202,6848,">4.5k"
"oarfish","CPM","B20K80","B20K80_3",0.694642074910333,2901,"0-1.5k"
"oarfish","CPM","B20K80","B20K80_3",0.811110791630857,8587,"1.5k-3k"
"oarfish","CPM","B20K80","B20K80_3",0.754582497855267,6621,"3k-4.5k"
"oarfish","CPM","B20K80","B20K80_3",0.630622319779156,6621,">4.5k"
"oarfish","CPM","B20K80","B20K80_4",0.720498098448847,2894,"0-1.5k"
"oarfish","CPM","B20K80","B20K80_4",0.826693210943909,8543,"1.5k-3k"
"oarfish","CPM","B20K80","B20K80_4",0.749170419943674,6509,"3k-4.5k"
"oarfish","CPM","B20K80","B20K80_4",0.612942715069808,6436,">4.5k"
"oarfish","CPM","B20K80","B20K80_5",0.752913958370003,2901,"0-1.5k"
"oarfish","CPM","B20K80","B20K80_5",0.821507189376283,8513,"1.5k-3k"
"oarfish","CPM","B20K80","B20K80_5",0.741385223353373,6448,"3k-4.5k"
"oarfish","CPM","B20K80","B20K80_5",0.599357672617048,6311,">4.5k"
"oarfish","CPM","B80K20","B80K20_1",0.76443991510333,2862,"0-1.5k"
"oarfish","CPM","B80K20","B80K20_1",0.824812191852775,8513,"1.5k-3k"
"oarfish","CPM","B80K20","B80K20_1",0.754242612999136,6732,"3k-4.5k"
"oarfish","CPM","B80K20","B80K20_1",0.645215811145575,6925,">4.5k"
"oarfish","CPM","B80K20","B80K20_2",0.781079252357339,2841,"0-1.5k"
"oarfish","CPM","B80K20","B80K20_2",0.787145235164692,8486,"1.5k-3k"
"oarfish","CPM","B80K20","B80K20_2",0.724869085378315,6784,"3k-4.5k"
"oarfish","CPM","B80K20","B80K20_2",0.632117945686331,7000,">4.5k"
"oarfish","CPM","B80K20","B80K20_3",0.697592559169813,2885,"0-1.5k"
"oarfish","CPM","B80K20","B80K20_3",0.820848564685841,8589,"1.5k-3k"
"oarfish","CPM","B80K20","B80K20_3",0.751065428552281,6751,"3k-4.5k"
"oarfish","CPM","B80K20","B80K20_3",0.614263035618519,6883,">4.5k"
"oarfish","CPM","B80K20","B80K20_4",0.725058715055543,2884,"0-1.5k"
"oarfish","CPM","B80K20","B80K20_4",0.782359961247232,8581,"1.5k-3k"
"oarfish","CPM","B80K20","B80K20_4",0.719479077457169,6761,"3k-4.5k"
"oarfish","CPM","B80K20","B80K20_4",0.600751356546724,6880,">4.5k"
"oarfish","CPM","B80K20","B80K20_5",0.752766497004452,2882,"0-1.5k"
"oarfish","CPM","B80K20","B80K20_5",0.804408771331055,8530,"1.5k-3k"
"oarfish","CPM","B80K20","B80K20_5",0.730872872373817,6697,"3k-4.5k"
"oarfish","CPM","B80K20","B80K20_5",0.606061149624132,6757,">4.5k"
"oarfish","CPM","Brain","B31",0.793847532518068,2620,"0-1.5k"
"oarfish","CPM","Brain","B31",0.792665982149514,7837,"1.5k-3k"
"oarfish","CPM","Brain","B31",0.694964752050552,6464,"3k-4.5k"
"oarfish","CPM","Brain","B31",0.60024230406556,6687,">4.5k"
"oarfish","CPM","Brain","B32",0.807477755435264,2629,"0-1.5k"
"oarfish","CPM","Brain","B32",0.813265692088275,7942,"1.5k-3k"
"oarfish","CPM","Brain","B32",0.744270146269314,6593,"3k-4.5k"
"oarfish","CPM","Brain","B32",0.65295124230421,6867,">4.5k"
"oarfish","CPM","Brain","B33",0.789322162941989,2628,"0-1.5k"
"oarfish","CPM","Brain","B33",0.797634124458162,7942,"1.5k-3k"
"oarfish","CPM","Brain","B33",0.736714869535743,6576,"3k-4.5k"
"oarfish","CPM","Brain","B33",0.652783015158098,6833,">4.5k"
"oarfish","CPM","Brain","B34",0.711716664852409,2618,"0-1.5k"
"oarfish","CPM","Brain","B34",0.788013705195247,7949,"1.5k-3k"
"oarfish","CPM","Brain","B34",0.723914390590861,6556,"3k-4.5k"
"oarfish","CPM","Brain","B34",0.617316499840715,6766,">4.5k"
"oarfish","CPM","Brain","B35",0.768037894087701,2628,"0-1.5k"
"oarfish","CPM","Brain","B35",0.795422327346189,8026,"1.5k-3k"
"oarfish","CPM","Brain","B35",0.74649321547141,6591,"3k-4.5k"
"oarfish","CPM","Brain","B35",0.634085992374514,6800,">4.5k"
"oarfish","CPM","Kidney","K31",0.838719580154723,2682,"0-1.5k"
"oarfish","CPM","Kidney","K31",0.82021212771602,7384,"1.5k-3k"
"oarfish","CPM","Kidney","K31",0.789463260825305,5150,"3k-4.5k"
"oarfish","CPM","Kidney","K31",0.710524104059507,4756,">4.5k"
"oarfish","CPM","Kidney","K32",0.790427536582909,2664,"0-1.5k"
"oarfish","CPM","Kidney","K32",0.828109487352227,7513,"1.5k-3k"
"oarfish","CPM","Kidney","K32",0.810535744336906,5392,"3k-4.5k"
"oarfish","CPM","Kidney","K32",0.75195644842303,5058,">4.5k"
"oarfish","CPM","Kidney","K33",0.777917403379154,2667,"0-1.5k"
"oarfish","CPM","Kidney","K33",0.82451038218783,7390,"1.5k-3k"
"oarfish","CPM","Kidney","K33",0.801249654976243,5145,"3k-4.5k"
"oarfish","CPM","Kidney","K33",0.716240763564123,4682,">4.5k"
"oarfish","CPM","Kidney","K34",0.715766648706186,2691,"0-1.5k"
"oarfish","CPM","Kidney","K34",0.857594319398546,7434,"1.5k-3k"
"oarfish","CPM","Kidney","K34",0.805602115613248,5095,"3k-4.5k"
"oarfish","CPM","Kidney","K34",0.693979402194929,4537,">4.5k"
"oarfish","CPM","Kidney","K35",0.734109001328468,2693,"0-1.5k"
"oarfish","CPM","Kidney","K35",0.851795615637152,7371,"1.5k-3k"
"oarfish","CPM","Kidney","K35",0.788171964491362,4896,"3k-4.5k"
"oarfish","CPM","Kidney","K35",0.655129683408728,4351,">4.5k"
"oarfish","EDA","B20K80","B20K80_1",0.805023685021697,2902,"0-1.5k"
"oarfish","EDA","B20K80","B20K80_1",0.808235379142935,8573,"1.5k-3k"
"oarfish","EDA","B20K80","B20K80_1",0.753193498743337,6594,"3k-4.5k"
"oarfish","EDA","B20K80","B20K80_1",0.607775482174649,6705,">4.5k"
"oarfish","EDA","B20K80","B20K80_2",0.823399115971951,2903,"0-1.5k"
"oarfish","EDA","B20K80","B20K80_2",0.821656025834082,8578,"1.5k-3k"
"oarfish","EDA","B20K80","B20K80_2",0.766803715268456,6662,"3k-4.5k"
"oarfish","EDA","B20K80","B20K80_2",0.630919978621714,6848,">4.5k"
"oarfish","EDA","B20K80","B20K80_3",0.773525285090013,2901,"0-1.5k"
"oarfish","EDA","B20K80","B20K80_3",0.803571446947923,8587,"1.5k-3k"
"oarfish","EDA","B20K80","B20K80_3",0.752739531987129,6621,"3k-4.5k"
"oarfish","EDA","B20K80","B20K80_3",0.594027470991618,6621,">4.5k"
"oarfish","EDA","B20K80","B20K80_4",0.78681358519287,2894,"0-1.5k"
"oarfish","EDA","B20K80","B20K80_4",0.810405646723552,8543,"1.5k-3k"
"oarfish","EDA","B20K80","B20K80_4",0.746987842122305,6509,"3k-4.5k"
"oarfish","EDA","B20K80","B20K80_4",0.57007886890121,6436,">4.5k"
"oarfish","EDA","B20K80","B20K80_5",0.78887941282191,2901,"0-1.5k"
"oarfish","EDA","B20K80","B20K80_5",0.802053410180639,8513,"1.5k-3k"
"oarfish","EDA","B20K80","B20K80_5",0.738339487623243,6448,"3k-4.5k"
"oarfish","EDA","B20K80","B20K80_5",0.563079048424349,6311,">4.5k"
"oarfish","EDA","B80K20","B80K20_1",0.803613701520915,2862,"0-1.5k"
"oarfish","EDA","B80K20","B80K20_1",0.82664506255524,8513,"1.5k-3k"
"oarfish","EDA","B80K20","B80K20_1",0.754339476009375,6732,"3k-4.5k"
"oarfish","EDA","B80K20","B80K20_1",0.6259036756942,6925,">4.5k"
"oarfish","EDA","B80K20","B80K20_2",0.800890002707814,2841,"0-1.5k"
"oarfish","EDA","B80K20","B80K20_2",0.802445480242814,8486,"1.5k-3k"
"oarfish","EDA","B80K20","B80K20_2",0.725320660596036,6784,"3k-4.5k"
"oarfish","EDA","B80K20","B80K20_2",0.624214931943107,7000,">4.5k"
"oarfish","EDA","B80K20","B80K20_3",0.789861778229905,2885,"0-1.5k"
"oarfish","EDA","B80K20","B80K20_3",0.815692971866556,8589,"1.5k-3k"
"oarfish","EDA","B80K20","B80K20_3",0.751079853457281,6751,"3k-4.5k"
"oarfish","EDA","B80K20","B80K20_3",0.590058936691107,6883,">4.5k"
"oarfish","EDA","B80K20","B80K20_4",0.782750841285386,2884,"0-1.5k"
"oarfish","EDA","B80K20","B80K20_4",0.788022262186348,8581,"1.5k-3k"
"oarfish","EDA","B80K20","B80K20_4",0.719587919542527,6761,"3k-4.5k"
"oarfish","EDA","B80K20","B80K20_4",0.57371046595329,6880,">4.5k"
"oarfish","EDA","B80K20","B80K20_5",0.79834319900195,2882,"0-1.5k"
"oarfish","EDA","B80K20","B80K20_5",0.799666664230294,8530,"1.5k-3k"
"oarfish","EDA","B80K20","B80K20_5",0.730559706366675,6697,"3k-4.5k"
"oarfish","EDA","B80K20","B80K20_5",0.577442262292847,6757,">4.5k"
"oarfish","EDA","Brain","B31",0.783198074881826,2620,"0-1.5k"
"oarfish","EDA","Brain","B31",0.803899438034881,7837,"1.5k-3k"
"oarfish","EDA","Brain","B31",0.699508017609799,6464,"3k-4.5k"
"oarfish","EDA","Brain","B31",0.584822264329371,6687,">4.5k"
"oarfish","EDA","Brain","B32",0.79833992128537,2629,"0-1.5k"
"oarfish","EDA","Brain","B32",0.824176882903488,7942,"1.5k-3k"
"oarfish","EDA","Brain","B32",0.745352741370933,6593,"3k-4.5k"
"oarfish","EDA","Brain","B32",0.649440207599423,6867,">4.5k"
"oarfish","EDA","Brain","B33",0.790619187735112,2628,"0-1.5k"
"oarfish","EDA","Brain","B33",0.811323980626723,7942,"1.5k-3k"
"oarfish","EDA","Brain","B33",0.737682155341253,6576,"3k-4.5k"
"oarfish","EDA","Brain","B33",0.639473565501582,6833,">4.5k"
"oarfish","EDA","Brain","B34",0.772376681243561,2618,"0-1.5k"
"oarfish","EDA","Brain","B34",0.794020468984236,7949,"1.5k-3k"
"oarfish","EDA","Brain","B34",0.724191724569317,6556,"3k-4.5k"
"oarfish","EDA","Brain","B34",0.598030173612265,6766,">4.5k"
"oarfish","EDA","Brain","B35",0.792525912730238,2628,"0-1.5k"
"oarfish","EDA","Brain","B35",0.802829245528534,8026,"1.5k-3k"
"oarfish","EDA","Brain","B35",0.746373094027698,6591,"3k-4.5k"
"oarfish","EDA","Brain","B35",0.609364870444542,6800,">4.5k"
"oarfish","EDA","Kidney","K31",0.804052704610153,2682,"0-1.5k"
"oarfish","EDA","Kidney","K31",0.816861002227446,7384,"1.5k-3k"
"oarfish","EDA","Kidney","K31",0.786975300146269,5150,"3k-4.5k"
"oarfish","EDA","Kidney","K31",0.679859631828521,4756,">4.5k"
"oarfish","EDA","Kidney","K32",0.803179611820668,2664,"0-1.5k"
"oarfish","EDA","Kidney","K32",0.832843855057952,7513,"1.5k-3k"
"oarfish","EDA","Kidney","K32",0.809019759933188,5392,"3k-4.5k"
"oarfish","EDA","Kidney","K32",0.727210381461147,5058,">4.5k"
"oarfish","EDA","Kidney","K33",0.792486471016993,2667,"0-1.5k"
"oarfish","EDA","Kidney","K33",0.820976692129981,7390,"1.5k-3k"
"oarfish","EDA","Kidney","K33",0.798957636370391,5145,"3k-4.5k"
"oarfish","EDA","Kidney","K33",0.683001420613662,4682,">4.5k"
"oarfish","EDA","Kidney","K34",0.768089660810935,2691,"0-1.5k"
"oarfish","EDA","Kidney","K34",0.838404423664366,7434,"1.5k-3k"
"oarfish","EDA","Kidney","K34",0.802276717126003,5095,"3k-4.5k"
"oarfish","EDA","Kidney","K34",0.652668026583067,4537,">4.5k"
"oarfish","EDA","Kidney","K35",0.759620247609859,2693,"0-1.5k"
"oarfish","EDA","Kidney","K35",0.82799968127453,7371,"1.5k-3k"
"oarfish","EDA","Kidney","K35",0.783279825081843,4896,"3k-4.5k"
"oarfish","EDA","Kidney","K35",0.621519340079161,4351,">4.5k"
"oarfish","TPM","B20K80","B20K80_1",0.854189482911828,2902,"0-1.5k"
"oarfish","TPM","B20K80","B20K80_1",0.833212138193329,8573,"1.5k-3k"
"oarfish","TPM","B20K80","B20K80_1",0.753133253263453,6594,"3k-4.5k"
"oarfish","TPM","B20K80","B20K80_1",0.664414661945736,6705,">4.5k"
"oarfish","TPM","B20K80","B20K80_2",0.87290850892518,2903,"0-1.5k"
"oarfish","TPM","B20K80","B20K80_2",0.83856492463361,8578,"1.5k-3k"
"oarfish","TPM","B20K80","B20K80_2",0.76598196758423,6662,"3k-4.5k"
"oarfish","TPM","B20K80","B20K80_2",0.679599546389087,6848,">4.5k"
"oarfish","TPM","B20K80","B20K80_3",0.785560454562355,2901,"0-1.5k"
"oarfish","TPM","B20K80","B20K80_3",0.827543177831684,8587,"1.5k-3k"
"oarfish","TPM","B20K80","B20K80_3",0.751699045043192,6621,"3k-4.5k"
"oarfish","TPM","B20K80","B20K80_3",0.659858999966894,6621,">4.5k"
"oarfish","TPM","B20K80","B20K80_4",0.80780613265918,2894,"0-1.5k"
"oarfish","TPM","B20K80","B20K80_4",0.835682754231071,8543,"1.5k-3k"
"oarfish","TPM","B20K80","B20K80_4",0.746074429574435,6509,"3k-4.5k"
"oarfish","TPM","B20K80","B20K80_4",0.646329716304737,6436,">4.5k"
"oarfish","TPM","B20K80","B20K80_5",0.833830961586862,2901,"0-1.5k"
"oarfish","TPM","B20K80","B20K80_5",0.830936859480294,8513,"1.5k-3k"
"oarfish","TPM","B20K80","B20K80_5",0.738925185996834,6448,"3k-4.5k"
"oarfish","TPM","B20K80","B20K80_5",0.630951083046637,6311,">4.5k"
"oarfish","TPM","B80K20","B80K20_1",0.840086107612317,2862,"0-1.5k"
"oarfish","TPM","B80K20","B80K20_1",0.838806629253948,8513,"1.5k-3k"
"oarfish","TPM","B80K20","B80K20_1",0.750318280356608,6732,"3k-4.5k"
"oarfish","TPM","B80K20","B80K20_1",0.663761535595955,6925,">4.5k"
"oarfish","TPM","B80K20","B80K20_2",0.844940660617708,2841,"0-1.5k"
"oarfish","TPM","B80K20","B80K20_2",0.807775292001431,8486,"1.5k-3k"
"oarfish","TPM","B80K20","B80K20_2",0.724442888261905,6784,"3k-4.5k"
"oarfish","TPM","B80K20","B80K20_2",0.649212935341164,7000,">4.5k"
"oarfish","TPM","B80K20","B80K20_3",0.792760276691556,2885,"0-1.5k"
"oarfish","TPM","B80K20","B80K20_3",0.828528063852143,8589,"1.5k-3k"
"oarfish","TPM","B80K20","B80K20_3",0.746422453467549,6751,"3k-4.5k"
"oarfish","TPM","B80K20","B80K20_3",0.635384972399156,6883,">4.5k"
"oarfish","TPM","B80K20","B80K20_4",0.807341925465449,2884,"0-1.5k"
"oarfish","TPM","B80K20","B80K20_4",0.801147800570519,8581,"1.5k-3k"
"oarfish","TPM","B80K20","B80K20_4",0.715313718422335,6761,"3k-4.5k"
"oarfish","TPM","B80K20","B80K20_4",0.624456333666494,6880,">4.5k"
"oarfish","TPM","B80K20","B80K20_5",0.831438875102348,2882,"0-1.5k"
"oarfish","TPM","B80K20","B80K20_5",0.815733114699874,8530,"1.5k-3k"
"oarfish","TPM","B80K20","B80K20_5",0.726781281576508,6697,"3k-4.5k"
"oarfish","TPM","B80K20","B80K20_5",0.629150163118979,6757,">4.5k"
"oarfish","TPM","Brain","B31",0.854326695890063,2620,"0-1.5k"
"oarfish","TPM","Brain","B31",0.813563546749106,7837,"1.5k-3k"
"oarfish","TPM","Brain","B31",0.700713063067233,6464,"3k-4.5k"
"oarfish","TPM","Brain","B31",0.636370003324101,6687,">4.5k"
"oarfish","TPM","Brain","B32",0.865747070006265,2629,"0-1.5k"
"oarfish","TPM","Brain","B32",0.830900160833177,7942,"1.5k-3k"
"oarfish","TPM","Brain","B32",0.745366786513842,6593,"3k-4.5k"
"oarfish","TPM","Brain","B32",0.667873206068198,6867,">4.5k"
"oarfish","TPM","Brain","B33",0.854393995708845,2628,"0-1.5k"
"oarfish","TPM","Brain","B33",0.81785073455166,7942,"1.5k-3k"
"oarfish","TPM","Brain","B33",0.737778481985009,6576,"3k-4.5k"
"oarfish","TPM","Brain","B33",0.665134305841288,6833,">4.5k"
"oarfish","TPM","Brain","B34",0.80115685271301,2618,"0-1.5k"
"oarfish","TPM","Brain","B34",0.804837969603054,7949,"1.5k-3k"
"oarfish","TPM","Brain","B34",0.719753545782877,6556,"3k-4.5k"
"oarfish","TPM","Brain","B34",0.639501739224722,6766,">4.5k"
"oarfish","TPM","Brain","B35",0.838372641914284,2628,"0-1.5k"
"oarfish","TPM","Brain","B35",0.815398298767772,8026,"1.5k-3k"
"oarfish","TPM","Brain","B35",0.743360196928111,6591,"3k-4.5k"
"oarfish","TPM","Brain","B35",0.654722798321052,6800,">4.5k"
"oarfish","TPM","Kidney","K31",0.89273511847639,2682,"0-1.5k"
"oarfish","TPM","Kidney","K31",0.845612229164155,7384,"1.5k-3k"
"oarfish","TPM","Kidney","K31",0.790452702073377,5150,"3k-4.5k"
"oarfish","TPM","Kidney","K31",0.746837512824944,4756,">4.5k"
"oarfish","TPM","Kidney","K32",0.859854347208107,2664,"0-1.5k"
"oarfish","TPM","Kidney","K32",0.852021818724903,7513,"1.5k-3k"
"oarfish","TPM","Kidney","K32",0.810706213660265,5392,"3k-4.5k"
"oarfish","TPM","Kidney","K32",0.77512350188423,5058,">4.5k"
"oarfish","TPM","Kidney","K33",0.854214021451473,2667,"0-1.5k"
"oarfish","TPM","Kidney","K33",0.847420528804494,7390,"1.5k-3k"
"oarfish","TPM","Kidney","K33",0.800974800311955,5145,"3k-4.5k"
"oarfish","TPM","Kidney","K33",0.748219100067448,4682,">4.5k"
"oarfish","TPM","Kidney","K34",0.807102973098373,2691,"0-1.5k"
"oarfish","TPM","Kidney","K34",0.866699815616665,7434,"1.5k-3k"
"oarfish","TPM","Kidney","K34",0.803731814079322,5095,"3k-4.5k"
"oarfish","TPM","Kidney","K34",0.728208548889263,4537,">4.5k"
"oarfish","TPM","Kidney","K35",0.821571712645899,2693,"0-1.5k"
"oarfish","TPM","Kidney","K35",0.860074422443337,7371,"1.5k-3k"
"oarfish","TPM","Kidney","K35",0.787188730915847,4896,"3k-4.5k"
"oarfish","TPM","Kidney","K35",0.693710221453185,4351,">4.5k"
"oarfish","cqn","B20K80","B20K80_1",0.757408327704085,2918,"0-1.5k"
"oarfish","cqn","B20K80","B20K80_1",0.802112821213199,8608,"1.5k-3k"
"oarfish","cqn","B20K80","B20K80_1",0.740354362728245,6669,"3k-4.5k"
"oarfish","cqn","B20K80","B20K80_1",0.621333524571536,6885,">4.5k"
"oarfish","cqn","B20K80","B20K80_2",0.797193170715593,2920,"0-1.5k"
"oarfish","cqn","B20K80","B20K80_2",0.822370173784624,8613,"1.5k-3k"
"oarfish","cqn","B20K80","B20K80_2",0.758488339888875,6705,"3k-4.5k"
"oarfish","cqn","B20K80","B20K80_2",0.630739010060597,6944,">4.5k"
"oarfish","cqn","B20K80","B20K80_3",0.758768228023758,2918,"0-1.5k"
"oarfish","cqn","B20K80","B20K80_3",0.803187840986178,8626,"1.5k-3k"
"oarfish","cqn","B20K80","B20K80_3",0.746409172738448,6693,"3k-4.5k"
"oarfish","cqn","B20K80","B20K80_3",0.614606625571692,6909,">4.5k"
"oarfish","cqn","B20K80","B20K80_4",0.776603271125359,2915,"0-1.5k"
"oarfish","cqn","B20K80","B20K80_4",0.805710417172714,8581,"1.5k-3k"
"oarfish","cqn","B20K80","B20K80_4",0.744980815077747,6609,"3k-4.5k"
"oarfish","cqn","B20K80","B20K80_4",0.597531060122189,6797,">4.5k"
"oarfish","cqn","B20K80","B20K80_5",0.747921191676381,2913,"0-1.5k"
"oarfish","cqn","B20K80","B20K80_5",0.783489764409419,8571,"1.5k-3k"
"oarfish","cqn","B20K80","B20K80_5",0.72819682867538,6605,"3k-4.5k"
"oarfish","cqn","B20K80","B20K80_5",0.586022130226439,6794,">4.5k"
"oarfish","cqn","B80K20","B80K20_1",0.801580088044894,2903,"0-1.5k"
"oarfish","cqn","B80K20","B80K20_1",0.822952488461598,8587,"1.5k-3k"
"oarfish","cqn","B80K20","B80K20_1",0.746864985713727,6777,"3k-4.5k"
"oarfish","cqn","B80K20","B80K20_1",0.631229523621901,7017,">4.5k"
"oarfish","cqn","B80K20","B80K20_2",0.802603739115077,2908,"0-1.5k"
"oarfish","cqn","B80K20","B80K20_2",0.804207435023677,8608,"1.5k-3k"
"oarfish","cqn","B80K20","B80K20_2",0.718019165839488,6824,"3k-4.5k"
"oarfish","cqn","B80K20","B80K20_2",0.617160620374748,7063,">4.5k"
"oarfish","cqn","B80K20","B80K20_3",0.79606406188102,2910,"0-1.5k"
"oarfish","cqn","B80K20","B80K20_3",0.811949756630936,8636,"1.5k-3k"
"oarfish","cqn","B80K20","B80K20_3",0.750719857838062,6799,"3k-4.5k"
"oarfish","cqn","B80K20","B80K20_3",0.605300572495428,7045,">4.5k"
"oarfish","cqn","B80K20","B80K20_4",0.748857571865367,2913,"0-1.5k"
"oarfish","cqn","B80K20","B80K20_4",0.783759757838694,8628,"1.5k-3k"
"oarfish","cqn","B80K20","B80K20_4",0.710106376688773,6789,"3k-4.5k"
"oarfish","cqn","B80K20","B80K20_4",0.587951613037737,7024,">4.5k"
"oarfish","cqn","B80K20","B80K20_5",0.793063666059977,2914,"0-1.5k"
"oarfish","cqn","B80K20","B80K20_5",0.802394753338219,8594,"1.5k-3k"
"oarfish","cqn","B80K20","B80K20_5",0.732072465440966,6762,"3k-4.5k"
"oarfish","cqn","B80K20","B80K20_5",0.594934467111025,6964,">4.5k"
"oarfish","cqn","Brain","B31",0.802923364555564,2744,"0-1.5k"
"oarfish","cqn","Brain","B31",0.818088777352516,8143,"1.5k-3k"
"oarfish","cqn","Brain","B31",0.706743893949378,6552,"3k-4.5k"
"oarfish","cqn","Brain","B31",0.597634590751661,6798,">4.5k"
"oarfish","cqn","Brain","B32",0.831694974808277,2762,"0-1.5k"
"oarfish","cqn","Brain","B32",0.831062567013969,8261,"1.5k-3k"
"oarfish","cqn","Brain","B32",0.743471181827995,6714,"3k-4.5k"
"oarfish","cqn","Brain","B32",0.646793099436074,6985,">4.5k"
"oarfish","cqn","Brain","B33",0.817304851753536,2750,"0-1.5k"
"oarfish","cqn","Brain","B33",0.826426421328849,8189,"1.5k-3k"
"oarfish","cqn","Brain","B33",0.742434443188357,6660,"3k-4.5k"
"oarfish","cqn","Brain","B33",0.646211298624327,6938,">4.5k"
"oarfish","cqn","Brain","B34",0.80197122061033,2747,"0-1.5k"
"oarfish","cqn","Brain","B34",0.810027901815843,8189,"1.5k-3k"
"oarfish","cqn","Brain","B34",0.733135328112899,6662,"3k-4.5k"
"oarfish","cqn","Brain","B34",0.616217899934944,6926,">4.5k"
"oarfish","cqn","Brain","B35",0.801278485610782,2767,"0-1.5k"
"oarfish","cqn","Brain","B35",0.823130305404895,8273,"1.5k-3k"
"oarfish","cqn","Brain","B35",0.754889228009689,6697,"3k-4.5k"
"oarfish","cqn","Brain","B35",0.636557972635889,6957,">4.5k"
"oarfish","cqn","Kidney","K31",0.756502777671554,2764,"0-1.5k"
"oarfish","cqn","Kidney","K31",0.833955706086844,7706,"1.5k-3k"
"oarfish","cqn","Kidney","K31",0.785255305392136,5451,"3k-4.5k"
"oarfish","cqn","Kidney","K31",0.725411772936067,5243,">4.5k"
"oarfish","cqn","Kidney","K32",0.801049420340122,2771,"0-1.5k"
"oarfish","cqn","Kidney","K32",0.861692642388747,7862,"1.5k-3k"
"oarfish","cqn","Kidney","K32",0.821782998159155,5735,"3k-4.5k"
"oarfish","cqn","Kidney","K32",0.763609763720765,5594,">4.5k"
"oarfish","cqn","Kidney","K33",0.793526009605523,2764,"0-1.5k"
"oarfish","cqn","Kidney","K33",0.84001156939626,7725,"1.5k-3k"
"oarfish","cqn","Kidney","K33",0.800818805341132,5514,"3k-4.5k"
"oarfish","cqn","Kidney","K33",0.746944933824164,5251,">4.5k"
"oarfish","cqn","Kidney","K34",0.782988272352611,2756,"0-1.5k"
"oarfish","cqn","Kidney","K34",0.830530025424895,7693,"1.5k-3k"
"oarfish","cqn","Kidney","K34",0.804578714205447,5497,"3k-4.5k"
"oarfish","cqn","Kidney","K34",0.696153173349895,5258,">4.5k"
"oarfish","cqn","Kidney","K35",0.748106725926199,2764,"0-1.5k"
"oarfish","cqn","Kidney","K35",0.790179999154734,7671,"1.5k-3k"
"oarfish","cqn","Kidney","K35",0.767692088669649,5341,"3k-4.5k"
"oarfish","cqn","Kidney","K35",0.648224520084474,5126,">4.5k"
"oarfish","ratio_counts","B20K80","B20K80_1",0.714197256829359,2902,"0-1.5k"
"oarfish","ratio_counts","B20K80","B20K80_1",0.588966326457202,8573,"1.5k-3k"
"oarfish","ratio_counts","B20K80","B20K80_1",0.454247681151496,6594,"3k-4.5k"
"oarfish","ratio_counts","B20K80","B20K80_1",0.327285943746425,6705,">4.5k"
"oarfish","ratio_counts","B20K80","B20K80_2",0.764656805112382,2903,"0-1.5k"
"oarfish","ratio_counts","B20K80","B20K80_2",0.715786646952971,8578,"1.5k-3k"
"oarfish","ratio_counts","B20K80","B20K80_2",0.651730327295293,6662,"3k-4.5k"
"oarfish","ratio_counts","B20K80","B20K80_2",0.531964136248483,6848,">4.5k"
"oarfish","ratio_counts","B20K80","B20K80_3",0.61624015356185,2901,"0-1.5k"
"oarfish","ratio_counts","B20K80","B20K80_3",0.704178450630514,8587,"1.5k-3k"
"oarfish","ratio_counts","B20K80","B20K80_3",0.595959119283324,6621,"3k-4.5k"
"oarfish","ratio_counts","B20K80","B20K80_3",0.44266322665449,6621,">4.5k"
"oarfish","ratio_counts","B20K80","B20K80_4",0.688960915911361,2894,"0-1.5k"
"oarfish","ratio_counts","B20K80","B20K80_4",0.723508511851536,8543,"1.5k-3k"
"oarfish","ratio_counts","B20K80","B20K80_4",0.582283587645166,6509,"3k-4.5k"
"oarfish","ratio_counts","B20K80","B20K80_4",0.47660400415474,6436,">4.5k"
"oarfish","ratio_counts","B20K80","B20K80_5",0.74567447818171,2901,"0-1.5k"
"oarfish","ratio_counts","B20K80","B20K80_5",0.656078204919756,8513,"1.5k-3k"
"oarfish","ratio_counts","B20K80","B20K80_5",0.498723993941409,6448,"3k-4.5k"
"oarfish","ratio_counts","B20K80","B20K80_5",0.357050735738506,6311,">4.5k"
"oarfish","ratio_counts","B80K20","B80K20_1",0.749686725574408,2862,"0-1.5k"
"oarfish","ratio_counts","B80K20","B80K20_1",0.726370011824171,8513,"1.5k-3k"
"oarfish","ratio_counts","B80K20","B80K20_1",0.599238794249143,6732,"3k-4.5k"
"oarfish","ratio_counts","B80K20","B80K20_1",0.48274452111283,6925,">4.5k"
"oarfish","ratio_counts","B80K20","B80K20_2",0.615506564880079,2841,"0-1.5k"
"oarfish","ratio_counts","B80K20","B80K20_2",0.62385118652894,8486,"1.5k-3k"
"oarfish","ratio_counts","B80K20","B80K20_2",0.535208644362545,6784,"3k-4.5k"
"oarfish","ratio_counts","B80K20","B80K20_2",0.496223993731745,7000,">4.5k"
"oarfish","ratio_counts","B80K20","B80K20_3",0.671662741458536,2885,"0-1.5k"
"oarfish","ratio_counts","B80K20","B80K20_3",0.626693643144403,8589,"1.5k-3k"
"oarfish","ratio_counts","B80K20","B80K20_3",0.512498220102468,6751,"3k-4.5k"
"oarfish","ratio_counts","B80K20","B80K20_3",0.382058690888267,6883,">4.5k"
"oarfish","ratio_counts","B80K20","B80K20_4",0.603933428399263,2884,"0-1.5k"
"oarfish","ratio_counts","B80K20","B80K20_4",0.581699610226708,8581,"1.5k-3k"
"oarfish","ratio_counts","B80K20","B80K20_4",0.457499600577944,6761,"3k-4.5k"
"oarfish","ratio_counts","B80K20","B80K20_4",0.335957286698251,6880,">4.5k"
"oarfish","ratio_counts","B80K20","B80K20_5",0.711171742709625,2882,"0-1.5k"
"oarfish","ratio_counts","B80K20","B80K20_5",0.65462590618045,8530,"1.5k-3k"
"oarfish","ratio_counts","B80K20","B80K20_5",0.518568921774301,6697,"3k-4.5k"
"oarfish","ratio_counts","B80K20","B80K20_5",0.383102957378291,6757,">4.5k"
"oarfish","ratio_counts","Brain","B31",0.715668447947691,2620,"0-1.5k"
"oarfish","ratio_counts","Brain","B31",0.608998874128279,7837,"1.5k-3k"
"oarfish","ratio_counts","Brain","B31",0.403228064620179,6464,"3k-4.5k"
"oarfish","ratio_counts","Brain","B31",0.328318903885841,6687,">4.5k"
"oarfish","ratio_counts","Brain","B32",0.743375474605018,2629,"0-1.5k"
"oarfish","ratio_counts","Brain","B32",0.730220122628884,7942,"1.5k-3k"
"oarfish","ratio_counts","Brain","B32",0.636845904243413,6593,"3k-4.5k"
"oarfish","ratio_counts","Brain","B32",0.58447070022456,6867,">4.5k"
"oarfish","ratio_counts","Brain","B33",0.745436240818758,2628,"0-1.5k"
"oarfish","ratio_counts","Brain","B33",0.686243330508369,7942,"1.5k-3k"
"oarfish","ratio_counts","Brain","B33",0.578443012245311,6576,"3k-4.5k"
"oarfish","ratio_counts","Brain","B33",0.515173777964095,6833,">4.5k"
"oarfish","ratio_counts","Brain","B34",0.758078161403988,2618,"0-1.5k"
"oarfish","ratio_counts","Brain","B34",0.688351483369573,7949,"1.5k-3k"
"oarfish","ratio_counts","Brain","B34",0.570873594789534,6556,"3k-4.5k"
"oarfish","ratio_counts","Brain","B34",0.446245250045086,6766,">4.5k"
"oarfish","ratio_counts","Brain","B35",0.765616736408842,2628,"0-1.5k"
"oarfish","ratio_counts","Brain","B35",0.710506939811933,8026,"1.5k-3k"
"oarfish","ratio_counts","Brain","B35",0.627841229004318,6591,"3k-4.5k"
"oarfish","ratio_counts","Brain","B35",0.493236042757617,6800,">4.5k"
"oarfish","ratio_counts","Kidney","K31",0.846638766169493,2682,"0-1.5k"
"oarfish","ratio_counts","Kidney","K31",0.769200168600264,7384,"1.5k-3k"
"oarfish","ratio_counts","Kidney","K31",0.772755233251447,5150,"3k-4.5k"
"oarfish","ratio_counts","Kidney","K31",0.714609192366333,4756,">4.5k"
"oarfish","ratio_counts","Kidney","K32",0.80875676719128,2664,"0-1.5k"
"oarfish","ratio_counts","Kidney","K32",0.794629397534727,7513,"1.5k-3k"
"oarfish","ratio_counts","Kidney","K32",0.812883142800852,5392,"3k-4.5k"
"oarfish","ratio_counts","Kidney","K32",0.774474165560957,5058,">4.5k"
"oarfish","ratio_counts","Kidney","K33",0.801228777227069,2667,"0-1.5k"
"oarfish","ratio_counts","Kidney","K33",0.785158036207312,7390,"1.5k-3k"
"oarfish","ratio_counts","Kidney","K33",0.785526443693608,5145,"3k-4.5k"
"oarfish","ratio_counts","Kidney","K33",0.726649045019432,4682,">4.5k"
"oarfish","ratio_counts","Kidney","K34",0.741881291036143,2691,"0-1.5k"
"oarfish","ratio_counts","Kidney","K34",0.831644617816511,7434,"1.5k-3k"
"oarfish","ratio_counts","Kidney","K34",0.785772063789003,5095,"3k-4.5k"
"oarfish","ratio_counts","Kidney","K34",0.714443355073475,4537,">4.5k"
"oarfish","ratio_counts","Kidney","K35",0.761859186430639,2693,"0-1.5k"
"oarfish","ratio_counts","Kidney","K35",0.813781440821024,7371,"1.5k-3k"
"oarfish","ratio_counts","Kidney","K35",0.769542438293534,4896,"3k-4.5k"
"oarfish","ratio_counts","Kidney","K35",0.669714285375714,4351,">4.5k"
