"Tool","Normalization","Condition","Sample","Correlation","N_Transcripts","LengthQuantile"
"bambu","CPM","B20K80","B20K80_1",0.7608241180979,13325,"All"
"bambu","CPM","B20K80","B20K80_2",0.735059642940352,13368,"All"
"bambu","CPM","B20K80","B20K80_3",0.72274057804785,13329,"All"
"bambu","CPM","B20K80","B20K80_4",0.777723490548956,13315,"All"
"bambu","CPM","B20K80","B20K80_5",0.796526861927144,13287,"All"
"bambu","CPM","B80K20","B80K20_1",0.744822607961587,13324,"All"
"bambu","CPM","B80K20","B80K20_2",0.685896541424722,13321,"All"
"bambu","CPM","B80K20","B80K20_3",0.740516935975074,13334,"All"
"bambu","CPM","B80K20","B80K20_4",0.694793653237005,13343,"All"
"bambu","CPM","B80K20","B80K20_5",0.749491112912418,13301,"All"
"bambu","CPM","Brain","B31",0.649937082515976,12813,"All"
"bambu","CPM","Brain","B32",0.716909705221131,12825,"All"
"bambu","CPM","Brain","B33",0.690683688283175,12825,"All"
"bambu","CPM","Brain","B34",0.699680144714316,12814,"All"
"bambu","CPM","Brain","B35",0.721274427804915,12863,"All"
"bambu","CPM","Kidney","K31",0.757299413922868,12091,"All"
"bambu","CPM","Kidney","K32",0.723066252201682,12154,"All"
"bambu","CPM","Kidney","K33",0.741129111769939,12025,"All"
"bambu","CPM","Kidney","K34",0.813215547374058,12049,"All"
"bambu","CPM","Kidney","K35",0.836208536451678,11901,"All"
"bambu","EDA","B20K80","B20K80_1",0.689920721443454,13325,"All"
"bambu","EDA","B20K80","B20K80_2",0.721955071294121,13368,"All"
"bambu","EDA","B20K80","B20K80_3",0.677116493120634,13329,"All"
"bambu","EDA","B20K80","B20K80_4",0.684391571442847,13315,"All"
"bambu","EDA","B20K80","B20K80_5",0.68329150047189,13287,"All"
"bambu","EDA","B80K20","B80K20_1",0.750252721755524,13324,"All"
"bambu","EDA","B80K20","B80K20_2",0.744846659460533,13321,"All"
"bambu","EDA","B80K20","B80K20_3",0.734053447609798,13334,"All"
"bambu","EDA","B80K20","B80K20_4",0.705516244513186,13343,"All"
"bambu","EDA","B80K20","B80K20_5",0.721652330858137,13301,"All"
"bambu","EDA","Brain","B31",0.706232279271323,12813,"All"
"bambu","EDA","Brain","B32",0.758870305351539,12825,"All"
"bambu","EDA","Brain","B33",0.742483903407004,12825,"All"
"bambu","EDA","Brain","B34",0.722903791454329,12814,"All"
"bambu","EDA","Brain","B35",0.732531840402915,12863,"All"
"bambu","EDA","Kidney","K31",0.674956678410322,12091,"All"
"bambu","EDA","Kidney","K32",0.70469111236764,12154,"All"
"bambu","EDA","Kidney","K33",0.678865170400316,12025,"All"
"bambu","EDA","Kidney","K34",0.695052589041755,12049,"All"
"bambu","EDA","Kidney","K35",0.686685182942705,11901,"All"
"bambu","TPM","B20K80","B20K80_1",0.848820002098421,13325,"All"
"bambu","TPM","B20K80","B20K80_2",0.838687431008233,13368,"All"
"bambu","TPM","B20K80","B20K80_3",0.821234635533285,13329,"All"
"bambu","TPM","B20K80","B20K80_4",0.844264532389475,13315,"All"
"bambu","TPM","B20K80","B20K80_5",0.856418047395238,13287,"All"
"bambu","TPM","B80K20","B80K20_1",0.81092562004608,13324,"All"
"bambu","TPM","B80K20","B80K20_2",0.785741158838057,13321,"All"
"bambu","TPM","B80K20","B80K20_3",0.79084781744292,13334,"All"
"bambu","TPM","B80K20","B80K20_4",0.778774447882528,13343,"All"
"bambu","TPM","B80K20","B80K20_5",0.807017409844551,13301,"All"
"bambu","TPM","Brain","B31",0.803214791497822,12813,"All"
"bambu","TPM","Brain","B32",0.802425959079042,12825,"All"
"bambu","TPM","Brain","B33",0.796628519486927,12825,"All"
"bambu","TPM","Brain","B34",0.769219800706608,12814,"All"
"bambu","TPM","Brain","B35",0.798610691490883,12863,"All"
"bambu","TPM","Kidney","K31",0.880900478777525,12091,"All"
"bambu","TPM","Kidney","K32",0.85250113463063,12154,"All"
"bambu","TPM","Kidney","K33",0.869656683530454,12025,"All"
"bambu","TPM","Kidney","K34",0.884677082374799,12049,"All"
"bambu","TPM","Kidney","K35",0.89907118232666,11901,"All"
"bambu","cqn","B20K80","B20K80_1",0.676772046707954,13459,"All"
"bambu","cqn","B20K80","B20K80_2",0.714334430700863,13460,"All"
"bambu","cqn","B20K80","B20K80_3",0.68467873983781,13459,"All"
"bambu","cqn","B20K80","B20K80_4",0.697462464096172,13456,"All"
"bambu","cqn","B20K80","B20K80_5",0.673742904238745,13447,"All"
"bambu","cqn","B80K20","B80K20_1",0.764873307630746,13456,"All"
"bambu","cqn","B80K20","B80K20_2",0.754721359692924,13462,"All"
"bambu","cqn","B80K20","B80K20_3",0.748719854715937,13465,"All"
"bambu","cqn","B80K20","B80K20_4",0.727998775804169,13455,"All"
"bambu","cqn","B80K20","B80K20_5",0.745280786981728,13450,"All"
"bambu","cqn","Brain","B31",0.748141320868495,13218,"All"
"bambu","cqn","Brain","B32",0.78074705630584,13258,"All"
"bambu","cqn","Brain","B33",0.774303761127214,13196,"All"
"bambu","cqn","Brain","B34",0.768947040310348,13224,"All"
"bambu","cqn","Brain","B35",0.770515841836155,13255,"All"
"bambu","cqn","Kidney","K31",0.651837602155328,12783,"All"
"bambu","cqn","Kidney","K32",0.704137912068617,12907,"All"
"bambu","cqn","Kidney","K33",0.67152715718872,12792,"All"
"bambu","cqn","Kidney","K34",0.654637190154135,12802,"All"
"bambu","cqn","Kidney","K35",0.611261803150191,12730,"All"
"bambu","ratio_counts","B20K80","B20K80_1",0.695750968268229,13325,"All"
"bambu","ratio_counts","B20K80","B20K80_2",0.766012887369099,13368,"All"
"bambu","ratio_counts","B20K80","B20K80_3",0.731576341621259,13329,"All"
"bambu","ratio_counts","B20K80","B20K80_4",0.792095011510109,13315,"All"
"bambu","ratio_counts","B20K80","B20K80_5",0.793890568867577,13287,"All"
"bambu","ratio_counts","B80K20","B80K20_1",0.759067399642801,13324,"All"
"bambu","ratio_counts","B80K20","B80K20_2",0.771620592232907,13321,"All"
"bambu","ratio_counts","B80K20","B80K20_3",0.558725560111541,13334,"All"
"bambu","ratio_counts","B80K20","B80K20_4",0.636912860097813,13343,"All"
"bambu","ratio_counts","B80K20","B80K20_5",0.650641805965909,13301,"All"
"bambu","ratio_counts","Brain","B31",0.509252211721739,12813,"All"
"bambu","ratio_counts","Brain","B32",0.79938271992549,12825,"All"
"bambu","ratio_counts","Brain","B33",0.750632895252657,12825,"All"
"bambu","ratio_counts","Brain","B34",0.74619697253283,12814,"All"
"bambu","ratio_counts","Brain","B35",0.795259025392017,12863,"All"
"bambu","ratio_counts","Kidney","K31",0.808963306947867,12091,"All"
"bambu","ratio_counts","Kidney","K32",0.801744214196216,12154,"All"
"bambu","ratio_counts","Kidney","K33",0.816291004432823,12025,"All"
"bambu","ratio_counts","Kidney","K34",0.893181773580914,12049,"All"
"bambu","ratio_counts","Kidney","K35",0.908040085718318,11901,"All"
"flair","CPM","B20K80","B20K80_1",0.765121181744084,13570,"All"
"flair","CPM","B20K80","B20K80_2",0.738848111943213,13581,"All"
"flair","CPM","B20K80","B20K80_3",0.725290681850273,13570,"All"
"flair","CPM","B20K80","B20K80_4",0.781444949509709,13543,"All"
"flair","CPM","B20K80","B20K80_5",0.799431085107731,13538,"All"
"flair","CPM","B80K20","B80K20_1",0.749174290956759,13672,"All"
"flair","CPM","B80K20","B80K20_2",0.689502073030822,13662,"All"
"flair","CPM","B80K20","B80K20_3",0.74391922130672,13687,"All"
"flair","CPM","B80K20","B80K20_4",0.698615833313337,13683,"All"
"flair","CPM","B80K20","B80K20_5",0.753954703446863,13664,"All"
"flair","CPM","Brain","B31",0.653686600997818,13129,"All"
"flair","CPM","Brain","B32",0.718103086324064,13160,"All"
"flair","CPM","Brain","B33",0.694592112013873,13154,"All"
"flair","CPM","Brain","B34",0.700707364625095,13144,"All"
"flair","CPM","Brain","B35",0.722808934776926,13150,"All"
"flair","CPM","Kidney","K31",0.744886127602924,12074,"All"
"flair","CPM","Kidney","K32",0.710581067693982,12122,"All"
"flair","CPM","Kidney","K33",0.733428099367138,12064,"All"
"flair","CPM","Kidney","K34",0.806994888351494,12061,"All"
"flair","CPM","Kidney","K35",0.830467368630864,11980,"All"
"flair","EDA","B20K80","B20K80_1",0.719822888683188,13570,"All"
"flair","EDA","B20K80","B20K80_2",0.753823200465921,13581,"All"
"flair","EDA","B20K80","B20K80_3",0.700711250323195,13570,"All"
"flair","EDA","B20K80","B20K80_4",0.708082915788283,13543,"All"
"flair","EDA","B20K80","B20K80_5",0.706771979792937,13538,"All"
"flair","EDA","B80K20","B80K20_1",0.753114876526382,13672,"All"
"flair","EDA","B80K20","B80K20_2",0.751385106340977,13662,"All"
"flair","EDA","B80K20","B80K20_3",0.728735964773324,13687,"All"
"flair","EDA","B80K20","B80K20_4",0.716412836152016,13683,"All"
"flair","EDA","B80K20","B80K20_5",0.73047518873853,13664,"All"
"flair","EDA","Brain","B31",0.708999417852926,13129,"All"
"flair","EDA","Brain","B32",0.751985992698094,13160,"All"
"flair","EDA","Brain","B33",0.736837025317881,13154,"All"
"flair","EDA","Brain","B34",0.709146942777069,13144,"All"
"flair","EDA","Brain","B35",0.721673360058538,13150,"All"
"flair","EDA","Kidney","K31",0.727145955685237,12074,"All"
"flair","EDA","Kidney","K32",0.748856788968055,12122,"All"
"flair","EDA","Kidney","K33",0.723920994066079,12064,"All"
"flair","EDA","Kidney","K34",0.722058911156794,12061,"All"
"flair","EDA","Kidney","K35",0.717699193564323,11980,"All"
"flair","TPM","B20K80","B20K80_1",0.857189670400461,13570,"All"
"flair","TPM","B20K80","B20K80_2",0.847106423670766,13581,"All"
"flair","TPM","B20K80","B20K80_3",0.825707069630392,13570,"All"
"flair","TPM","B20K80","B20K80_4",0.850169248476514,13543,"All"
"flair","TPM","B20K80","B20K80_5",0.861868286322616,13538,"All"
"flair","TPM","B80K20","B80K20_1",0.82324848282061,13672,"All"
"flair","TPM","B80K20","B80K20_2",0.797860105479673,13662,"All"
"flair","TPM","B80K20","B80K20_3",0.801370874972008,13687,"All"
"flair","TPM","B80K20","B80K20_4",0.788243440526755,13683,"All"
"flair","TPM","B80K20","B80K20_5",0.817375136107085,13664,"All"
"flair","TPM","Brain","B31",0.808072604573817,13129,"All"
"flair","TPM","Brain","B32",0.811516547472864,13160,"All"
"flair","TPM","Brain","B33",0.806957938564099,13154,"All"
"flair","TPM","Brain","B34",0.777162372159752,13144,"All"
"flair","TPM","Brain","B35",0.805380640938719,13150,"All"
"flair","TPM","Kidney","K31",0.874734968888135,12074,"All"
"flair","TPM","Kidney","K32",0.847716698895948,12122,"All"
"flair","TPM","Kidney","K33",0.865456337722353,12064,"All"
"flair","TPM","Kidney","K34",0.882440636924962,12061,"All"
"flair","TPM","Kidney","K35",0.896949553332649,11980,"All"
"flair","cqn","B20K80","B20K80_1",0.641607643278058,13997,"All"
"flair","cqn","B20K80","B20K80_2",0.702353710787892,13999,"All"
"flair","cqn","B20K80","B20K80_3",0.656330936145845,13994,"All"
"flair","cqn","B20K80","B20K80_4",0.666496220386086,13986,"All"
"flair","cqn","B20K80","B20K80_5",0.640788760100507,13979,"All"
"flair","cqn","B80K20","B80K20_1",0.749720670619136,13995,"All"
"flair","cqn","B80K20","B80K20_2",0.757521320269905,13999,"All"
"flair","cqn","B80K20","B80K20_3",0.733780902504575,14001,"All"
"flair","cqn","B80K20","B80K20_4",0.713623704724313,13993,"All"
"flair","cqn","B80K20","B80K20_5",0.736998934387922,13990,"All"
"flair","cqn","Brain","B31",0.741005383633616,13732,"All"
"flair","cqn","Brain","B32",0.771810482676184,13775,"All"
"flair","cqn","Brain","B33",0.766248748763058,13713,"All"
"flair","cqn","Brain","B34",0.758662546821465,13746,"All"
"flair","cqn","Brain","B35",0.764769255922446,13772,"All"
"flair","cqn","Kidney","K31",0.665008818630038,13220,"All"
"flair","cqn","Kidney","K32",0.723082905850514,13365,"All"
"flair","cqn","Kidney","K33",0.673987841157422,13228,"All"
"flair","cqn","Kidney","K34",0.657783815874379,13244,"All"
"flair","cqn","Kidney","K35",0.604504771077589,13172,"All"
"flair","ratio_counts","B20K80","B20K80_1",0.686355674607367,13570,"All"
"flair","ratio_counts","B20K80","B20K80_2",0.756021360309333,13581,"All"
"flair","ratio_counts","B20K80","B20K80_3",0.72677884064171,13570,"All"
"flair","ratio_counts","B20K80","B20K80_4",0.785581151694676,13543,"All"
"flair","ratio_counts","B20K80","B20K80_5",0.786656079410789,13538,"All"
"flair","ratio_counts","B80K20","B80K20_1",0.750194012609403,13672,"All"
"flair","ratio_counts","B80K20","B80K20_2",0.759997983943643,13662,"All"
"flair","ratio_counts","B80K20","B80K20_3",0.547704269416029,13687,"All"
"flair","ratio_counts","B80K20","B80K20_4",0.629779602282749,13683,"All"
"flair","ratio_counts","B80K20","B80K20_5",0.641574591799415,13664,"All"
"flair","ratio_counts","Brain","B31",0.482839232651784,13129,"All"
"flair","ratio_counts","Brain","B32",0.783045080208938,13160,"All"
"flair","ratio_counts","Brain","B33",0.734477404677866,13154,"All"
"flair","ratio_counts","Brain","B34",0.724123241401385,13144,"All"
"flair","ratio_counts","Brain","B35",0.762117242885749,13150,"All"
"flair","ratio_counts","Kidney","K31",0.788487580646131,12074,"All"
"flair","ratio_counts","Kidney","K32",0.780293734466035,12122,"All"
"flair","ratio_counts","Kidney","K33",0.803025420936586,12064,"All"
"flair","ratio_counts","Kidney","K34",0.878693255429261,12061,"All"
"flair","ratio_counts","Kidney","K35",0.895570204905022,11980,"All"
"isoquant","CPM","B20K80","B20K80_1",0.709401746214472,11495,"All"
"isoquant","CPM","B20K80","B20K80_2",0.68318547687996,11512,"All"
"isoquant","CPM","B20K80","B20K80_3",0.665914141726304,11481,"All"
"isoquant","CPM","B20K80","B20K80_4",0.723651069662568,11447,"All"
"isoquant","CPM","B20K80","B20K80_5",0.745116257283484,11410,"All"
"isoquant","CPM","B80K20","B80K20_1",0.68425371586479,11542,"All"
"isoquant","CPM","B80K20","B80K20_2",0.632534600189685,11520,"All"
"isoquant","CPM","B80K20","B80K20_3",0.67132027574052,11545,"All"
"isoquant","CPM","B80K20","B80K20_4",0.631236293072368,11542,"All"
"isoquant","CPM","B80K20","B80K20_5",0.685915233073937,11500,"All"
"isoquant","CPM","Brain","B31",0.604533814646257,11079,"All"
"isoquant","CPM","Brain","B32",0.659385592371211,11091,"All"
"isoquant","CPM","Brain","B33",0.632671427343186,11092,"All"
"isoquant","CPM","Brain","B34",0.625241758806993,11057,"All"
"isoquant","CPM","Brain","B35",0.65335031926143,11097,"All"
"isoquant","CPM","Kidney","K31",0.719126997127115,10404,"All"
"isoquant","CPM","Kidney","K32",0.67531320813021,10426,"All"
"isoquant","CPM","Kidney","K33",0.702054259691773,10350,"All"
"isoquant","CPM","Kidney","K34",0.764459606243857,10311,"All"
"isoquant","CPM","Kidney","K35",0.791836824372021,10171,"All"
"isoquant","EDA","B20K80","B20K80_1",0.641234719142713,11495,"All"
"isoquant","EDA","B20K80","B20K80_2",0.673790603904996,11512,"All"
"isoquant","EDA","B20K80","B20K80_3",0.628224166405755,11481,"All"
"isoquant","EDA","B20K80","B20K80_4",0.638169532486054,11447,"All"
"isoquant","EDA","B20K80","B20K80_5",0.632293305851948,11410,"All"
"isoquant","EDA","B80K20","B80K20_1",0.687745987346834,11542,"All"
"isoquant","EDA","B80K20","B80K20_2",0.683830101420207,11520,"All"
"isoquant","EDA","B80K20","B80K20_3",0.669073599982399,11545,"All"
"isoquant","EDA","B80K20","B80K20_4",0.64419578805524,11542,"All"
"isoquant","EDA","B80K20","B80K20_5",0.65817186932533,11500,"All"
"isoquant","EDA","Brain","B31",0.653230303646399,11079,"All"
"isoquant","EDA","Brain","B32",0.694267072231651,11091,"All"
"isoquant","EDA","Brain","B33",0.680782825945172,11092,"All"
"isoquant","EDA","Brain","B34",0.653795024290778,11057,"All"
"isoquant","EDA","Brain","B35",0.664955434090772,11097,"All"
"isoquant","EDA","Kidney","K31",0.656171514367206,10404,"All"
"isoquant","EDA","Kidney","K32",0.681115374869659,10426,"All"
"isoquant","EDA","Kidney","K33",0.659741194761215,10350,"All"
"isoquant","EDA","Kidney","K34",0.670115409121856,10311,"All"
"isoquant","EDA","Kidney","K35",0.669732858157916,10171,"All"
"isoquant","TPM","B20K80","B20K80_1",0.79594927757973,11495,"All"
"isoquant","TPM","B20K80","B20K80_2",0.78489734037579,11512,"All"
"isoquant","TPM","B20K80","B20K80_3",0.763855137280383,11481,"All"
"isoquant","TPM","B20K80","B20K80_4",0.791583762454648,11447,"All"
"isoquant","TPM","B20K80","B20K80_5",0.805930876075336,11410,"All"
"isoquant","TPM","B80K20","B80K20_1",0.751298587620003,11542,"All"
"isoquant","TPM","B80K20","B80K20_2",0.728444053714658,11520,"All"
"isoquant","TPM","B80K20","B80K20_3",0.725667039533421,11545,"All"
"isoquant","TPM","B80K20","B80K20_4",0.715463260474041,11542,"All"
"isoquant","TPM","B80K20","B80K20_5",0.74503775133627,11500,"All"
"isoquant","TPM","Brain","B31",0.752899624028266,11079,"All"
"isoquant","TPM","Brain","B32",0.742579193001206,11091,"All"
"isoquant","TPM","Brain","B33",0.739246053781597,11092,"All"
"isoquant","TPM","Brain","B34",0.696873492453418,11057,"All"
"isoquant","TPM","Brain","B35",0.732250227003596,11097,"All"
"isoquant","TPM","Kidney","K31",0.835198577288439,10404,"All"
"isoquant","TPM","Kidney","K32",0.802578559797136,10426,"All"
"isoquant","TPM","Kidney","K33",0.824113035387286,10350,"All"
"isoquant","TPM","Kidney","K34",0.834428703958396,10311,"All"
"isoquant","TPM","Kidney","K35",0.852078423288586,10171,"All"
"isoquant","cqn","B20K80","B20K80_1",0.625757495574595,12244,"All"
"isoquant","cqn","B20K80","B20K80_2",0.666741548731219,12245,"All"
"isoquant","cqn","B20K80","B20K80_3",0.634377272946922,12247,"All"
"isoquant","cqn","B20K80","B20K80_4",0.641390025889608,12240,"All"
"isoquant","cqn","B20K80","B20K80_5",0.621585736935498,12231,"All"
"isoquant","cqn","B80K20","B80K20_1",0.696296085424032,12237,"All"
"isoquant","cqn","B80K20","B80K20_2",0.690057030798345,12241,"All"
"isoquant","cqn","B80K20","B80K20_3",0.682167313842428,12247,"All"
"isoquant","cqn","B80K20","B80K20_4",0.664100859337014,12237,"All"
"isoquant","cqn","B80K20","B80K20_5",0.67407502459276,12232,"All"
"isoquant","cqn","Brain","B31",0.710433208251256,12032,"All"
"isoquant","cqn","Brain","B32",0.720489835008891,12063,"All"
"isoquant","cqn","Brain","B33",0.721893190614151,12004,"All"
"isoquant","cqn","Brain","B34",0.70565089960565,12045,"All"
"isoquant","cqn","Brain","B35",0.713657678715216,12067,"All"
"isoquant","cqn","Kidney","K31",0.636381463695467,11687,"All"
"isoquant","cqn","Kidney","K32",0.686021475998677,11790,"All"
"isoquant","cqn","Kidney","K33",0.656771628076198,11707,"All"
"isoquant","cqn","Kidney","K34",0.627094691241171,11706,"All"
"isoquant","cqn","Kidney","K35",0.581608278134773,11653,"All"
"isoquant","ratio_counts","B20K80","B20K80_1",0.591792889029193,11495,"All"
"isoquant","ratio_counts","B20K80","B20K80_2",0.661418436703494,11512,"All"
"isoquant","ratio_counts","B20K80","B20K80_3",0.628036140335928,11481,"All"
"isoquant","ratio_counts","B20K80","B20K80_4",0.705929497961503,11447,"All"
"isoquant","ratio_counts","B20K80","B20K80_5",0.706187952073814,11410,"All"
"isoquant","ratio_counts","B80K20","B80K20_1",0.710304598276274,11542,"All"
"isoquant","ratio_counts","B80K20","B80K20_2",0.721803325423935,11520,"All"
"isoquant","ratio_counts","B80K20","B80K20_3",0.500121512278484,11545,"All"
"isoquant","ratio_counts","B80K20","B80K20_4",0.578094339912852,11542,"All"
"isoquant","ratio_counts","B80K20","B80K20_5",0.591234331732047,11500,"All"
"isoquant","ratio_counts","Brain","B31",0.474969810838454,11079,"All"
"isoquant","ratio_counts","Brain","B32",0.74997052163545,11091,"All"
"isoquant","ratio_counts","Brain","B33",0.702967134021872,11092,"All"
"isoquant","ratio_counts","Brain","B34",0.688208221654864,11057,"All"
"isoquant","ratio_counts","Brain","B35",0.721413203799236,11097,"All"
"isoquant","ratio_counts","Kidney","K31",0.737056852061973,10404,"All"
"isoquant","ratio_counts","Kidney","K32",0.716628950684461,10426,"All"
"isoquant","ratio_counts","Kidney","K33",0.742293125000606,10350,"All"
"isoquant","ratio_counts","Kidney","K34",0.813970201358903,10311,"All"
"isoquant","ratio_counts","Kidney","K35",0.836088861230292,10171,"All"
"kallisto","CPM","B20K80","B20K80_1",0.723671369151502,12550,"All"
"kallisto","CPM","B20K80","B20K80_2",0.692784712207184,12569,"All"
"kallisto","CPM","B20K80","B20K80_3",0.679742401643634,12537,"All"
"kallisto","CPM","B20K80","B20K80_4",0.744772500850177,12515,"All"
"kallisto","CPM","B20K80","B20K80_5",0.765728876401584,12485,"All"
"kallisto","CPM","B80K20","B80K20_1",0.703858090242716,12532,"All"
"kallisto","CPM","B80K20","B80K20_2",0.640384154381421,12505,"All"
"kallisto","CPM","B80K20","B80K20_3",0.698737712787186,12538,"All"
"kallisto","CPM","B80K20","B80K20_4",0.648691467316589,12543,"All"
"kallisto","CPM","B80K20","B80K20_5",0.71023425329776,12498,"All"
"kallisto","CPM","Brain","B31",0.610814476365067,12031,"All"
"kallisto","CPM","Brain","B32",0.677098725845811,12034,"All"
"kallisto","CPM","Brain","B33",0.647847822859608,12027,"All"
"kallisto","CPM","Brain","B34",0.656585240482426,12038,"All"
"kallisto","CPM","Brain","B35",0.676653665912736,12040,"All"
"kallisto","CPM","Kidney","K31",0.725304126759119,11383,"All"
"kallisto","CPM","Kidney","K32",0.684960678537853,11451,"All"
"kallisto","CPM","Kidney","K33",0.707471051710137,11346,"All"
"kallisto","CPM","Kidney","K34",0.784682726514745,11340,"All"
"kallisto","CPM","Kidney","K35",0.812212078084224,11160,"All"
"kallisto","EDA","B20K80","B20K80_1",0.633794408935734,12550,"All"
"kallisto","EDA","B20K80","B20K80_2",0.672524113918791,12569,"All"
"kallisto","EDA","B20K80","B20K80_3",0.616827139084027,12537,"All"
"kallisto","EDA","B20K80","B20K80_4",0.624417067055744,12515,"All"
"kallisto","EDA","B20K80","B20K80_5",0.616841366235899,12485,"All"
"kallisto","EDA","B80K20","B80K20_1",0.703298556315841,12532,"All"
"kallisto","EDA","B80K20","B80K20_2",0.70436612821953,12505,"All"
"kallisto","EDA","B80K20","B80K20_3",0.684736963303684,12538,"All"
"kallisto","EDA","B80K20","B80K20_4",0.657158348798964,12543,"All"
"kallisto","EDA","B80K20","B80K20_5",0.669694016512986,12498,"All"
"kallisto","EDA","Brain","B31",0.673817266725029,12031,"All"
"kallisto","EDA","Brain","B32",0.721079191826176,12034,"All"
"kallisto","EDA","Brain","B33",0.704418976287309,12027,"All"
"kallisto","EDA","Brain","B34",0.680923899940677,12038,"All"
"kallisto","EDA","Brain","B35",0.688389590639814,12040,"All"
"kallisto","EDA","Kidney","K31",0.632863991054966,11383,"All"
"kallisto","EDA","Kidney","K32",0.665056136369632,11451,"All"
"kallisto","EDA","Kidney","K33",0.639107507555924,11346,"All"
"kallisto","EDA","Kidney","K34",0.643845238875651,11340,"All"
"kallisto","EDA","Kidney","K35",0.63959355757868,11160,"All"
"kallisto","TPM","B20K80","B20K80_1",0.832621762673876,12550,"All"
"kallisto","TPM","B20K80","B20K80_2",0.815457008860853,12569,"All"
"kallisto","TPM","B20K80","B20K80_3",0.80071335459055,12537,"All"
"kallisto","TPM","B20K80","B20K80_4",0.832168602542035,12515,"All"
"kallisto","TPM","B20K80","B20K80_5",0.845476226896364,12485,"All"
"kallisto","TPM","B80K20","B80K20_1",0.791523822998213,12532,"All"
"kallisto","TPM","B80K20","B80K20_2",0.759075007211946,12505,"All"
"kallisto","TPM","B80K20","B80K20_3",0.77202922039713,12538,"All"
"kallisto","TPM","B80K20","B80K20_4",0.755854386840303,12543,"All"
"kallisto","TPM","B80K20","B80K20_5",0.78933012345168,12498,"All"
"kallisto","TPM","Brain","B31",0.78006528936986,12031,"All"
"kallisto","TPM","Brain","B32",0.779926036105543,12034,"All"
"kallisto","TPM","Brain","B33",0.772305988911176,12027,"All"
"kallisto","TPM","Brain","B34",0.747717504670148,12038,"All"
"kallisto","TPM","Brain","B35",0.775491007847895,12040,"All"
"kallisto","TPM","Kidney","K31",0.860970522484874,11383,"All"
"kallisto","TPM","Kidney","K32",0.82723398361726,11451,"All"
"kallisto","TPM","Kidney","K33",0.849878455291334,11346,"All"
"kallisto","TPM","Kidney","K34",0.871814144601306,11340,"All"
"kallisto","TPM","Kidney","K35",0.889078121042372,11160,"All"
"kallisto","cqn","B20K80","B20K80_1",0.643124723004258,12595,"All"
"kallisto","cqn","B20K80","B20K80_2",0.680059887931079,12598,"All"
"kallisto","cqn","B20K80","B20K80_3",0.657998409790096,12600,"All"
"kallisto","cqn","B20K80","B20K80_4",0.64798339829378,12595,"All"
"kallisto","cqn","B20K80","B20K80_5",0.632000443274315,12590,"All"
"kallisto","cqn","B80K20","B80K20_1",0.731604885954875,12594,"All"
"kallisto","cqn","B80K20","B80K20_2",0.719409091493499,12594,"All"
"kallisto","cqn","B80K20","B80K20_3",0.722952803012464,12601,"All"
"kallisto","cqn","B80K20","B80K20_4",0.70784959040696,12598,"All"
"kallisto","cqn","B80K20","B80K20_5",0.712636698883829,12585,"All"
"kallisto","cqn","Brain","B31",0.723884507756952,12391,"All"
"kallisto","cqn","Brain","B32",0.752878316469976,12420,"All"
"kallisto","cqn","Brain","B33",0.747910779730732,12364,"All"
"kallisto","cqn","Brain","B34",0.733453465832681,12398,"All"
"kallisto","cqn","Brain","B35",0.743967766139861,12422,"All"
"kallisto","cqn","Kidney","K31",0.627359549110462,12025,"All"
"kallisto","cqn","Kidney","K32",0.685296798734013,12138,"All"
"kallisto","cqn","Kidney","K33",0.650623598956219,12037,"All"
"kallisto","cqn","Kidney","K34",0.622577538145284,12056,"All"
"kallisto","cqn","Kidney","K35",0.578624563132411,11986,"All"
"kallisto","ratio_counts","B20K80","B20K80_1",0.698163581777816,12550,"All"
"kallisto","ratio_counts","B20K80","B20K80_2",0.756668851152782,12569,"All"
"kallisto","ratio_counts","B20K80","B20K80_3",0.719581698991118,12537,"All"
"kallisto","ratio_counts","B20K80","B20K80_4",0.790839392747666,12515,"All"
"kallisto","ratio_counts","B20K80","B20K80_5",0.792727533998492,12485,"All"
"kallisto","ratio_counts","B80K20","B80K20_1",0.763834028756054,12532,"All"
"kallisto","ratio_counts","B80K20","B80K20_2",0.769474831733128,12505,"All"
"kallisto","ratio_counts","B80K20","B80K20_3",0.566385833815503,12538,"All"
"kallisto","ratio_counts","B80K20","B80K20_4",0.63862308724927,12543,"All"
"kallisto","ratio_counts","B80K20","B80K20_5",0.655578538707403,12498,"All"
"kallisto","ratio_counts","Brain","B31",0.519504886131315,12031,"All"
"kallisto","ratio_counts","Brain","B32",0.792485279353005,12034,"All"
"kallisto","ratio_counts","Brain","B33",0.754564895002177,12027,"All"
"kallisto","ratio_counts","Brain","B34",0.76062709964348,12038,"All"
"kallisto","ratio_counts","Brain","B35",0.795582489294742,12040,"All"
"kallisto","ratio_counts","Kidney","K31",0.808441669806096,11383,"All"
"kallisto","ratio_counts","Kidney","K32",0.792007226571391,11451,"All"
"kallisto","ratio_counts","Kidney","K33",0.810273222344656,11346,"All"
"kallisto","ratio_counts","Kidney","K34",0.888694564827701,11340,"All"
"kallisto","ratio_counts","Kidney","K35",0.904795267525235,11160,"All"
"oarfish","CPM","B20K80","B20K80_1",0.779763160205267,14082,"All"
"oarfish","CPM","B20K80","B20K80_2",0.755540110460834,14110,"All"
"oarfish","CPM","B20K80","B20K80_3",0.74243829428537,14059,"All"
"oarfish","CPM","B20K80","B20K80_4",0.793792802544762,14028,"All"
"oarfish","CPM","B20K80","B20K80_5",0.810640093649756,13987,"All"
"oarfish","CPM","B80K20","B80K20_1",0.764630230734164,14076,"All"
"oarfish","CPM","B80K20","B80K20_2",0.70662476754082,14060,"All"
"oarfish","CPM","B80K20","B80K20_3",0.759616654772114,14076,"All"
"oarfish","CPM","B80K20","B80K20_4",0.715987610176668,14085,"All"
"oarfish","CPM","B80K20","B80K20_5",0.767294363066917,14033,"All"
"oarfish","CPM","Brain","B31",0.671336055449581,13530,"All"
"oarfish","CPM","Brain","B32",0.73704877540681,13581,"All"
"oarfish","CPM","Brain","B33",0.715098472892285,13563,"All"
"oarfish","CPM","Brain","B34",0.720324854542935,13549,"All"
"oarfish","CPM","Brain","B35",0.743101665808697,13586,"All"
"oarfish","CPM","Kidney","K31",0.76836015830669,12687,"All"
"oarfish","CPM","Kidney","K32",0.738616976414491,12771,"All"
"oarfish","CPM","Kidney","K33",0.755893373798853,12600,"All"
"oarfish","CPM","Kidney","K34",0.822422091765193,12589,"All"
"oarfish","CPM","Kidney","K35",0.842846971394268,12412,"All"
"oarfish","EDA","B20K80","B20K80_1",0.708169735027985,14082,"All"
"oarfish","EDA","B20K80","B20K80_2",0.738630378071888,14110,"All"
"oarfish","EDA","B20K80","B20K80_3",0.693124149374477,14059,"All"
"oarfish","EDA","B20K80","B20K80_4",0.702966898999232,14028,"All"
"oarfish","EDA","B20K80","B20K80_5",0.701612157107078,13987,"All"
"oarfish","EDA","B80K20","B80K20_1",0.766542182375479,14076,"All"
"oarfish","EDA","B80K20","B80K20_2",0.763608231838935,14060,"All"
"oarfish","EDA","B80K20","B80K20_3",0.751877819196017,14076,"All"
"oarfish","EDA","B80K20","B80K20_4",0.723988156181851,14085,"All"
"oarfish","EDA","B80K20","B80K20_5",0.738721095351758,14033,"All"
"oarfish","EDA","Brain","B31",0.725703052666906,13530,"All"
"oarfish","EDA","Brain","B32",0.775858073994757,13581,"All"
"oarfish","EDA","Brain","B33",0.760890711026451,13563,"All"
"oarfish","EDA","Brain","B34",0.740256682435946,13549,"All"
"oarfish","EDA","Brain","B35",0.75025167751981,13586,"All"
"oarfish","EDA","Kidney","K31",0.690648078345445,12687,"All"
"oarfish","EDA","Kidney","K32",0.718937956673571,12771,"All"
"oarfish","EDA","Kidney","K33",0.697257183557226,12600,"All"
"oarfish","EDA","Kidney","K34",0.712089636347832,12589,"All"
"oarfish","EDA","Kidney","K35",0.70837106526963,12412,"All"
"oarfish","TPM","B20K80","B20K80_1",0.864025792690376,14082,"All"
"oarfish","TPM","B20K80","B20K80_2",0.856060882121296,14110,"All"
"oarfish","TPM","B20K80","B20K80_3",0.836392641139054,14059,"All"
"oarfish","TPM","B20K80","B20K80_4",0.857067004811961,14028,"All"
"oarfish","TPM","B20K80","B20K80_5",0.867586544646519,13987,"All"
"oarfish","TPM","B80K20","B80K20_1",0.828667272316023,14076,"All"
"oarfish","TPM","B80K20","B80K20_2",0.807674325416505,14060,"All"
"oarfish","TPM","B80K20","B80K20_3",0.806993597480262,14076,"All"
"oarfish","TPM","B80K20","B80K20_4",0.796360309371097,14085,"All"
"oarfish","TPM","B80K20","B80K20_5",0.821012548778808,14033,"All"
"oarfish","TPM","Brain","B31",0.823651871774278,13530,"All"
"oarfish","TPM","Brain","B32",0.824529774545887,13581,"All"
"oarfish","TPM","Brain","B33",0.820383226506934,13563,"All"
"oarfish","TPM","Brain","B34",0.786770216250684,13549,"All"
"oarfish","TPM","Brain","B35",0.816551491489898,13586,"All"
"oarfish","TPM","Kidney","K31",0.891398135311361,12687,"All"
"oarfish","TPM","Kidney","K32",0.865717714507432,12771,"All"
"oarfish","TPM","Kidney","K33",0.881796700758296,12600,"All"
"oarfish","TPM","Kidney","K34",0.893165456978854,12589,"All"
"oarfish","TPM","Kidney","K35",0.905886495810385,12412,"All"
"oarfish","cqn","B20K80","B20K80_1",0.688964265764188,14149,"All"
"oarfish","cqn","B20K80","B20K80_2",0.737083949096361,14143,"All"
"oarfish","cqn","B20K80","B20K80_3",0.704773720765349,14148,"All"
"oarfish","cqn","B20K80","B20K80_4",0.711037774733095,14139,"All"
"oarfish","cqn","B20K80","B20K80_5",0.684177611621179,14138,"All"
"oarfish","cqn","B80K20","B80K20_1",0.780180271231317,14149,"All"
"oarfish","cqn","B80K20","B80K20_2",0.775163463288547,14149,"All"
"oarfish","cqn","B80K20","B80K20_3",0.766866512993567,14152,"All"
"oarfish","cqn","B80K20","B80K20_4",0.740111931966793,14143,"All"
"oarfish","cqn","B80K20","B80K20_5",0.76443706694809,14134,"All"
"oarfish","cqn","Brain","B31",0.769536061900395,13872,"All"
"oarfish","cqn","Brain","B32",0.794913565785745,13922,"All"
"oarfish","cqn","Brain","B33",0.789855043864524,13847,"All"
"oarfish","cqn","Brain","B34",0.777287171917755,13889,"All"
"oarfish","cqn","Brain","B35",0.784057770176722,13913,"All"
"oarfish","cqn","Kidney","K31",0.664688053794366,13346,"All"
"oarfish","cqn","Kidney","K32",0.716451629267862,13482,"All"
"oarfish","cqn","Kidney","K33",0.690265287128985,13352,"All"
"oarfish","cqn","Kidney","K34",0.662093512048234,13364,"All"
"oarfish","cqn","Kidney","K35",0.616349598400415,13286,"All"
"oarfish","ratio_counts","B20K80","B20K80_1",0.714069220434244,14082,"All"
"oarfish","ratio_counts","B20K80","B20K80_2",0.778112265517885,14110,"All"
"oarfish","ratio_counts","B20K80","B20K80_3",0.747025608390759,14059,"All"
"oarfish","ratio_counts","B20K80","B20K80_4",0.796626699192797,14028,"All"
"oarfish","ratio_counts","B20K80","B20K80_5",0.798874291966377,13987,"All"
"oarfish","ratio_counts","B80K20","B80K20_1",0.763706696154925,14076,"All"
"oarfish","ratio_counts","B80K20","B80K20_2",0.775530924527681,14060,"All"
"oarfish","ratio_counts","B80K20","B80K20_3",0.557471947747338,14076,"All"
"oarfish","ratio_counts","B80K20","B80K20_4",0.634151237946168,14085,"All"
"oarfish","ratio_counts","B80K20","B80K20_5",0.651905808038078,14033,"All"
"oarfish","ratio_counts","Brain","B31",0.501185549602583,13530,"All"
"oarfish","ratio_counts","Brain","B32",0.807031818956939,13581,"All"
"oarfish","ratio_counts","Brain","B33",0.757896067299062,13563,"All"
"oarfish","ratio_counts","Brain","B34",0.739404580426773,13549,"All"
"oarfish","ratio_counts","Brain","B35",0.792047949542749,13586,"All"
"oarfish","ratio_counts","Kidney","K31",0.810270809492259,12687,"All"
"oarfish","ratio_counts","Kidney","K32",0.804545639053302,12771,"All"
"oarfish","ratio_counts","Kidney","K33",0.823101468676305,12600,"All"
"oarfish","ratio_counts","Kidney","K34",0.897871705407766,12589,"All"
"oarfish","ratio_counts","Kidney","K35",0.910822029453183,12412,"All"
"bambu","CPM","B20K80","B20K80_1",0.730050762377243,1897,"0-1.5k"
"bambu","CPM","B20K80","B20K80_1",0.852670891173827,4715,"1.5k-3k"
"bambu","CPM","B20K80","B20K80_1",0.849335542771646,3407,"3k-4.5k"
"bambu","CPM","B20K80","B20K80_1",0.795368515781351,3306,">4.5k"
"bambu","CPM","B20K80","B20K80_2",0.767983127610621,1905,"0-1.5k"
"bambu","CPM","B20K80","B20K80_2",0.84671246192932,4719,"1.5k-3k"
"bambu","CPM","B20K80","B20K80_2",0.829517079644657,3419,"3k-4.5k"
"bambu","CPM","B20K80","B20K80_2",0.788945316200326,3325,">4.5k"
"bambu","CPM","B20K80","B20K80_3",0.617635371284963,1900,"0-1.5k"
"bambu","CPM","B20K80","B20K80_3",0.836638030095401,4711,"1.5k-3k"
"bambu","CPM","B20K80","B20K80_3",0.839627600380871,3411,"3k-4.5k"
"bambu","CPM","B20K80","B20K80_3",0.8095684091378,3307,">4.5k"
"bambu","CPM","B20K80","B20K80_4",0.64398393692466,1899,"0-1.5k"
"bambu","CPM","B20K80","B20K80_4",0.860673209121468,4715,"1.5k-3k"
"bambu","CPM","B20K80","B20K80_4",0.852103527371925,3404,"3k-4.5k"
"bambu","CPM","B20K80","B20K80_4",0.801594601049315,3297,">4.5k"
"bambu","CPM","B20K80","B20K80_5",0.681598465988366,1899,"0-1.5k"
"bambu","CPM","B20K80","B20K80_5",0.864517436833633,4711,"1.5k-3k"
"bambu","CPM","B20K80","B20K80_5",0.850102587566362,3397,"3k-4.5k"
"bambu","CPM","B20K80","B20K80_5",0.800201106139138,3280,">4.5k"
"bambu","CPM","B80K20","B80K20_1",0.721650918472354,1879,"0-1.5k"
"bambu","CPM","B80K20","B80K20_1",0.848386322894391,4708,"1.5k-3k"
"bambu","CPM","B80K20","B80K20_1",0.832310243180929,3415,"3k-4.5k"
"bambu","CPM","B80K20","B80K20_1",0.796498572703461,3322,">4.5k"
"bambu","CPM","B80K20","B80K20_2",0.749541651972614,1875,"0-1.5k"
"bambu","CPM","B80K20","B80K20_2",0.817924496363267,4684,"1.5k-3k"
"bambu","CPM","B80K20","B80K20_2",0.778781843327085,3422,"3k-4.5k"
"bambu","CPM","B80K20","B80K20_2",0.747659901688169,3340,">4.5k"
"bambu","CPM","B80K20","B80K20_3",0.618703403718678,1887,"0-1.5k"
"bambu","CPM","B80K20","B80K20_3",0.851533790052057,4711,"1.5k-3k"
"bambu","CPM","B80K20","B80K20_3",0.828946173687134,3417,"3k-4.5k"
"bambu","CPM","B80K20","B80K20_3",0.778898117226295,3319,">4.5k"
"bambu","CPM","B80K20","B80K20_4",0.675978487906458,1886,"0-1.5k"
"bambu","CPM","B80K20","B80K20_4",0.806501577163402,4708,"1.5k-3k"
"bambu","CPM","B80K20","B80K20_4",0.80068440797331,3426,"3k-4.5k"
"bambu","CPM","B80K20","B80K20_4",0.767372759027016,3323,">4.5k"
"bambu","CPM","B80K20","B80K20_5",0.695156443297994,1887,"0-1.5k"
"bambu","CPM","B80K20","B80K20_5",0.835169701223097,4691,"1.5k-3k"
"bambu","CPM","B80K20","B80K20_5",0.822079023352434,3411,"3k-4.5k"
"bambu","CPM","B80K20","B80K20_5",0.79225818855251,3312,">4.5k"
"bambu","CPM","Brain","B31",0.758073439778501,1744,"0-1.5k"
"bambu","CPM","Brain","B31",0.823569580262421,4422,"1.5k-3k"
"bambu","CPM","Brain","B31",0.767409812630366,3352,"3k-4.5k"
"bambu","CPM","Brain","B31",0.748077466889398,3295,">4.5k"
"bambu","CPM","Brain","B32",0.77790511835416,1751,"0-1.5k"
"bambu","CPM","Brain","B32",0.836319518541967,4413,"1.5k-3k"
"bambu","CPM","Brain","B32",0.787126851905343,3355,"3k-4.5k"
"bambu","CPM","Brain","B32",0.748273306377787,3306,">4.5k"
"bambu","CPM","Brain","B33",0.751255801355878,1749,"0-1.5k"
"bambu","CPM","Brain","B33",0.823908978861089,4409,"1.5k-3k"
"bambu","CPM","Brain","B33",0.789804119087427,3365,"3k-4.5k"
"bambu","CPM","Brain","B33",0.756438900148153,3302,">4.5k"
"bambu","CPM","Brain","B34",0.656726199009125,1740,"0-1.5k"
"bambu","CPM","Brain","B34",0.80550205293283,4430,"1.5k-3k"
"bambu","CPM","Brain","B34",0.799965232770618,3348,"3k-4.5k"
"bambu","CPM","Brain","B34",0.778646229254917,3296,">4.5k"
"bambu","CPM","Brain","B35",0.727176750379963,1756,"0-1.5k"
"bambu","CPM","Brain","B35",0.81718237196669,4453,"1.5k-3k"
"bambu","CPM","Brain","B35",0.807253298425839,3358,"3k-4.5k"
"bambu","CPM","Brain","B35",0.7852626513394,3296,">4.5k"
"bambu","CPM","Kidney","K31",0.804440629621927,1799,"0-1.5k"
"bambu","CPM","Kidney","K31",0.849176700250244,4342,"1.5k-3k"
"bambu","CPM","Kidney","K31",0.861664856597211,3093,"3k-4.5k"
"bambu","CPM","Kidney","K31",0.851548766558431,2857,">4.5k"
"bambu","CPM","Kidney","K32",0.745762302986593,1797,"0-1.5k"
"bambu","CPM","Kidney","K32",0.844024350684839,4358,"1.5k-3k"
"bambu","CPM","Kidney","K32",0.852492172761884,3109,"3k-4.5k"
"bambu","CPM","Kidney","K32",0.84870536961936,2890,">4.5k"
"bambu","CPM","Kidney","K33",0.711534097723148,1794,"0-1.5k"
"bambu","CPM","Kidney","K33",0.847571875187393,4336,"1.5k-3k"
"bambu","CPM","Kidney","K33",0.865532706574221,3065,"3k-4.5k"
"bambu","CPM","Kidney","K33",0.858606569603388,2830,">4.5k"
"bambu","CPM","Kidney","K34",0.634684163483347,1806,"0-1.5k"
"bambu","CPM","Kidney","K34",0.877005758151655,4352,"1.5k-3k"
"bambu","CPM","Kidney","K34",0.88480526433288,3060,"3k-4.5k"
"bambu","CPM","Kidney","K34",0.860700649237484,2831,">4.5k"
"bambu","CPM","Kidney","K35",0.653807676001165,1797,"0-1.5k"
"bambu","CPM","Kidney","K35",0.887442596117823,4324,"1.5k-3k"
"bambu","CPM","Kidney","K35",0.891180032200282,3018,"3k-4.5k"
"bambu","CPM","Kidney","K35",0.858222339918542,2762,">4.5k"
"bambu","EDA","B20K80","B20K80_1",0.752200768602765,1897,"0-1.5k"
"bambu","EDA","B20K80","B20K80_1",0.84208974989866,4715,"1.5k-3k"
"bambu","EDA","B20K80","B20K80_1",0.848101505412128,3407,"3k-4.5k"
"bambu","EDA","B20K80","B20K80_1",0.779227171368066,3306,">4.5k"
"bambu","EDA","B20K80","B20K80_2",0.782619928948563,1905,"0-1.5k"
"bambu","EDA","B20K80","B20K80_2",0.850718794757413,4719,"1.5k-3k"
"bambu","EDA","B20K80","B20K80_2",0.830103997617863,3419,"3k-4.5k"
"bambu","EDA","B20K80","B20K80_2",0.77649739597849,3325,">4.5k"
"bambu","EDA","B20K80","B20K80_3",0.708798975668234,1900,"0-1.5k"
"bambu","EDA","B20K80","B20K80_3",0.829781601673483,4711,"1.5k-3k"
"bambu","EDA","B20K80","B20K80_3",0.839271122861278,3411,"3k-4.5k"
"bambu","EDA","B20K80","B20K80_3",0.787791156577489,3307,">4.5k"
"bambu","EDA","B20K80","B20K80_4",0.718479540769341,1899,"0-1.5k"
"bambu","EDA","B20K80","B20K80_4",0.842697898526743,4715,"1.5k-3k"
"bambu","EDA","B20K80","B20K80_4",0.85015630487238,3404,"3k-4.5k"
"bambu","EDA","B20K80","B20K80_4",0.775620794587248,3297,">4.5k"
"bambu","EDA","B20K80","B20K80_5",0.720328458194932,1899,"0-1.5k"
"bambu","EDA","B20K80","B20K80_5",0.842758009718113,4711,"1.5k-3k"
"bambu","EDA","B20K80","B20K80_5",0.847800334222654,3397,"3k-4.5k"
"bambu","EDA","B20K80","B20K80_5",0.778972102410962,3280,">4.5k"
"bambu","EDA","B80K20","B80K20_1",0.769221129763814,1879,"0-1.5k"
"bambu","EDA","B80K20","B80K20_1",0.851548187136793,4708,"1.5k-3k"
"bambu","EDA","B80K20","B80K20_1",0.834345127066745,3415,"3k-4.5k"
"bambu","EDA","B80K20","B80K20_1",0.791981942453347,3322,">4.5k"
"bambu","EDA","B80K20","B80K20_2",0.772686562281854,1875,"0-1.5k"
"bambu","EDA","B80K20","B80K20_2",0.834684035148569,4684,"1.5k-3k"
"bambu","EDA","B80K20","B80K20_2",0.780614670594923,3422,"3k-4.5k"
"bambu","EDA","B80K20","B80K20_2",0.749152279743516,3340,">4.5k"
"bambu","EDA","B80K20","B80K20_3",0.72444346385099,1887,"0-1.5k"
"bambu","EDA","B80K20","B80K20_3",0.846888121661991,4711,"1.5k-3k"
"bambu","EDA","B80K20","B80K20_3",0.831551646820109,3417,"3k-4.5k"
"bambu","EDA","B80K20","B80K20_3",0.772658714589939,3319,">4.5k"
"bambu","EDA","B80K20","B80K20_4",0.741724571635232,1886,"0-1.5k"
"bambu","EDA","B80K20","B80K20_4",0.813552100209876,4708,"1.5k-3k"
"bambu","EDA","B80K20","B80K20_4",0.803623780731872,3426,"3k-4.5k"
"bambu","EDA","B80K20","B80K20_4",0.758352306642401,3323,">4.5k"
"bambu","EDA","B80K20","B80K20_5",0.744999290802947,1887,"0-1.5k"
"bambu","EDA","B80K20","B80K20_5",0.830436274470175,4691,"1.5k-3k"
"bambu","EDA","B80K20","B80K20_5",0.823933223314202,3411,"3k-4.5k"
"bambu","EDA","B80K20","B80K20_5",0.781329479850373,3312,">4.5k"
"bambu","EDA","Brain","B31",0.747066022147751,1744,"0-1.5k"
"bambu","EDA","Brain","B31",0.836097348947167,4422,"1.5k-3k"
"bambu","EDA","Brain","B31",0.772555445805276,3352,"3k-4.5k"
"bambu","EDA","Brain","B31",0.741376526712185,3295,">4.5k"
"bambu","EDA","Brain","B32",0.783540088992569,1751,"0-1.5k"
"bambu","EDA","Brain","B32",0.847576143343944,4413,"1.5k-3k"
"bambu","EDA","Brain","B32",0.788794307252007,3355,"3k-4.5k"
"bambu","EDA","Brain","B32",0.749810833431135,3306,">4.5k"
"bambu","EDA","Brain","B33",0.765415838757436,1749,"0-1.5k"
"bambu","EDA","Brain","B33",0.839622589116074,4409,"1.5k-3k"
"bambu","EDA","Brain","B33",0.792341118308547,3365,"3k-4.5k"
"bambu","EDA","Brain","B33",0.755973318835184,3302,">4.5k"
"bambu","EDA","Brain","B34",0.726905545555455,1740,"0-1.5k"
"bambu","EDA","Brain","B34",0.813119140726676,4430,"1.5k-3k"
"bambu","EDA","Brain","B34",0.803091379131971,3348,"3k-4.5k"
"bambu","EDA","Brain","B34",0.775517506688549,3296,">4.5k"
"bambu","EDA","Brain","B35",0.754837376311205,1756,"0-1.5k"
"bambu","EDA","Brain","B35",0.825715363392185,4453,"1.5k-3k"
"bambu","EDA","Brain","B35",0.809142593871245,3358,"3k-4.5k"
"bambu","EDA","Brain","B35",0.77829607200564,3296,">4.5k"
"bambu","EDA","Kidney","K31",0.763741994936034,1799,"0-1.5k"
"bambu","EDA","Kidney","K31",0.842936233684615,4342,"1.5k-3k"
"bambu","EDA","Kidney","K31",0.859389617314588,3093,"3k-4.5k"
"bambu","EDA","Kidney","K31",0.820894397854371,2857,">4.5k"
"bambu","EDA","Kidney","K32",0.764115910292817,1797,"0-1.5k"
"bambu","EDA","Kidney","K32",0.850502084753303,4358,"1.5k-3k"
"bambu","EDA","Kidney","K32",0.85210048641637,3109,"3k-4.5k"
"bambu","EDA","Kidney","K32",0.820501223849367,2890,">4.5k"
"bambu","EDA","Kidney","K33",0.735482468786953,1794,"0-1.5k"
"bambu","EDA","Kidney","K33",0.842930121900963,4336,"1.5k-3k"
"bambu","EDA","Kidney","K33",0.862314186768535,3065,"3k-4.5k"
"bambu","EDA","Kidney","K33",0.826434446657188,2830,">4.5k"
"bambu","EDA","Kidney","K34",0.694123485743548,1806,"0-1.5k"
"bambu","EDA","Kidney","K34",0.853914054746145,4352,"1.5k-3k"
"bambu","EDA","Kidney","K34",0.879631355505774,3060,"3k-4.5k"
"bambu","EDA","Kidney","K34",0.828319773117349,2831,">4.5k"
"bambu","EDA","Kidney","K35",0.678084923946011,1797,"0-1.5k"
"bambu","EDA","Kidney","K35",0.860076472196796,4324,"1.5k-3k"
"bambu","EDA","Kidney","K35",0.884956108525235,3018,"3k-4.5k"
"bambu","EDA","Kidney","K35",0.829374866835147,2762,">4.5k"
"bambu","TPM","B20K80","B20K80_1",0.829052406204228,1897,"0-1.5k"
"bambu","TPM","B20K80","B20K80_1",0.872664358353543,4715,"1.5k-3k"
"bambu","TPM","B20K80","B20K80_1",0.845057028652352,3407,"3k-4.5k"
"bambu","TPM","B20K80","B20K80_1",0.787293318258019,3306,">4.5k"
"bambu","TPM","B20K80","B20K80_2",0.857692970567663,1905,"0-1.5k"
"bambu","TPM","B20K80","B20K80_2",0.871943376135257,4719,"1.5k-3k"
"bambu","TPM","B20K80","B20K80_2",0.82708285483917,3419,"3k-4.5k"
"bambu","TPM","B20K80","B20K80_2",0.775810786118103,3325,">4.5k"
"bambu","TPM","B20K80","B20K80_3",0.730455010126444,1900,"0-1.5k"
"bambu","TPM","B20K80","B20K80_3",0.856957401210438,4711,"1.5k-3k"
"bambu","TPM","B20K80","B20K80_3",0.834545151659098,3411,"3k-4.5k"
"bambu","TPM","B20K80","B20K80_3",0.803454099680237,3307,">4.5k"
"bambu","TPM","B20K80","B20K80_4",0.756234032734792,1899,"0-1.5k"
"bambu","TPM","B20K80","B20K80_4",0.872703506110915,4715,"1.5k-3k"
"bambu","TPM","B20K80","B20K80_4",0.846344374545635,3404,"3k-4.5k"
"bambu","TPM","B20K80","B20K80_4",0.797935087766355,3297,">4.5k"
"bambu","TPM","B20K80","B20K80_5",0.789532653331867,1899,"0-1.5k"
"bambu","TPM","B20K80","B20K80_5",0.876420005741441,4711,"1.5k-3k"
"bambu","TPM","B20K80","B20K80_5",0.844879186527218,3397,"3k-4.5k"
"bambu","TPM","B20K80","B20K80_5",0.796162778413896,3280,">4.5k"
"bambu","TPM","B80K20","B80K20_1",0.820268550832987,1879,"0-1.5k"
"bambu","TPM","B80K20","B80K20_1",0.865187212686851,4708,"1.5k-3k"
"bambu","TPM","B80K20","B80K20_1",0.825538892872976,3415,"3k-4.5k"
"bambu","TPM","B80K20","B80K20_1",0.773037111525389,3322,">4.5k"
"bambu","TPM","B80K20","B80K20_2",0.837633273315401,1875,"0-1.5k"
"bambu","TPM","B80K20","B80K20_2",0.841212533981754,4684,"1.5k-3k"
"bambu","TPM","B80K20","B80K20_2",0.776911328074734,3422,"3k-4.5k"
"bambu","TPM","B80K20","B80K20_2",0.722528366657039,3340,">4.5k"
"bambu","TPM","B80K20","B80K20_3",0.734634913391437,1887,"0-1.5k"
"bambu","TPM","B80K20","B80K20_3",0.860952716076716,4711,"1.5k-3k"
"bambu","TPM","B80K20","B80K20_3",0.820623490599855,3417,"3k-4.5k"
"bambu","TPM","B80K20","B80K20_3",0.757959777553127,3319,">4.5k"
"bambu","TPM","B80K20","B80K20_4",0.782506727678001,1886,"0-1.5k"
"bambu","TPM","B80K20","B80K20_4",0.828003831439726,4708,"1.5k-3k"
"bambu","TPM","B80K20","B80K20_4",0.794292585614436,3426,"3k-4.5k"
"bambu","TPM","B80K20","B80K20_4",0.750984242850073,3323,">4.5k"
"bambu","TPM","B80K20","B80K20_5",0.797322787037773,1887,"0-1.5k"
"bambu","TPM","B80K20","B80K20_5",0.848160075840346,4691,"1.5k-3k"
"bambu","TPM","B80K20","B80K20_5",0.815032406127448,3411,"3k-4.5k"
"bambu","TPM","B80K20","B80K20_5",0.775763241372977,3312,">4.5k"
"bambu","TPM","Brain","B31",0.844687627978533,1744,"0-1.5k"
"bambu","TPM","Brain","B31",0.848824398210192,4422,"1.5k-3k"
"bambu","TPM","Brain","B31",0.772812577678258,3352,"3k-4.5k"
"bambu","TPM","Brain","B31",0.746835913257112,3295,">4.5k"
"bambu","TPM","Brain","B32",0.8591514319954,1751,"0-1.5k"
"bambu","TPM","Brain","B32",0.856354701104725,4413,"1.5k-3k"
"bambu","TPM","Brain","B32",0.786787916019201,3355,"3k-4.5k"
"bambu","TPM","Brain","B32",0.722638967476129,3306,">4.5k"
"bambu","TPM","Brain","B33",0.839673913948566,1749,"0-1.5k"
"bambu","TPM","Brain","B33",0.848476364078999,4409,"1.5k-3k"
"bambu","TPM","Brain","B33",0.790299438042721,3365,"3k-4.5k"
"bambu","TPM","Brain","B33",0.730900998488108,3302,">4.5k"
"bambu","TPM","Brain","B34",0.762536981065726,1740,"0-1.5k"
"bambu","TPM","Brain","B34",0.825149895265327,4430,"1.5k-3k"
"bambu","TPM","Brain","B34",0.792947374714008,3348,"3k-4.5k"
"bambu","TPM","Brain","B34",0.756127020043813,3296,">4.5k"
"bambu","TPM","Brain","B35",0.818651761049778,1756,"0-1.5k"
"bambu","TPM","Brain","B35",0.839412194937537,4453,"1.5k-3k"
"bambu","TPM","Brain","B35",0.802243752476981,3358,"3k-4.5k"
"bambu","TPM","Brain","B35",0.766230323137072,3296,">4.5k"
"bambu","TPM","Kidney","K31",0.883261658672453,1799,"0-1.5k"
"bambu","TPM","Kidney","K31",0.879148038031213,4342,"1.5k-3k"
"bambu","TPM","Kidney","K31",0.864157545861482,3093,"3k-4.5k"
"bambu","TPM","Kidney","K31",0.857597619341716,2857,">4.5k"
"bambu","TPM","Kidney","K32",0.841264839596679,1797,"0-1.5k"
"bambu","TPM","Kidney","K32",0.873163324536088,4358,"1.5k-3k"
"bambu","TPM","Kidney","K32",0.85396207580678,3109,"3k-4.5k"
"bambu","TPM","Kidney","K32",0.843656531554538,2890,">4.5k"
"bambu","TPM","Kidney","K33",0.816639182979706,1794,"0-1.5k"
"bambu","TPM","Kidney","K33",0.876112017798891,4336,"1.5k-3k"
"bambu","TPM","Kidney","K33",0.867040027465609,3065,"3k-4.5k"
"bambu","TPM","Kidney","K33",0.862245854766737,2830,">4.5k"
"bambu","TPM","Kidney","K34",0.74822684736354,1806,"0-1.5k"
"bambu","TPM","Kidney","K34",0.889312206736044,4352,"1.5k-3k"
"bambu","TPM","Kidney","K34",0.881456603884539,3060,"3k-4.5k"
"bambu","TPM","Kidney","K34",0.86569374260733,2831,">4.5k"
"bambu","TPM","Kidney","K35",0.763658844491243,1797,"0-1.5k"
"bambu","TPM","Kidney","K35",0.898139791191616,4324,"1.5k-3k"
"bambu","TPM","Kidney","K35",0.888006617156297,3018,"3k-4.5k"
"bambu","TPM","Kidney","K35",0.863008098232594,2762,">4.5k"
"bambu","cqn","B20K80","B20K80_1",0.685307149490472,1906,"0-1.5k"
"bambu","cqn","B20K80","B20K80_1",0.811419128245904,4754,"1.5k-3k"
"bambu","cqn","B20K80","B20K80_1",0.814172026243125,3451,"3k-4.5k"
"bambu","cqn","B20K80","B20K80_1",0.760399825566441,3348,">4.5k"
"bambu","cqn","B20K80","B20K80_2",0.719037500500981,1908,"0-1.5k"
"bambu","cqn","B20K80","B20K80_2",0.834529445093132,4754,"1.5k-3k"
"bambu","cqn","B20K80","B20K80_2",0.804368049382033,3448,"3k-4.5k"
"bambu","cqn","B20K80","B20K80_2",0.755339839349919,3350,">4.5k"
"bambu","cqn","B20K80","B20K80_3",0.679306074349928,1908,"0-1.5k"
"bambu","cqn","B20K80","B20K80_3",0.811379520564477,4753,"1.5k-3k"
"bambu","cqn","B20K80","B20K80_3",0.813627112814561,3447,"3k-4.5k"
"bambu","cqn","B20K80","B20K80_3",0.7761272215441,3351,">4.5k"
"bambu","cqn","B20K80","B20K80_4",0.705722095488688,1908,"0-1.5k"
"bambu","cqn","B20K80","B20K80_4",0.827982744852776,4754,"1.5k-3k"
"bambu","cqn","B20K80","B20K80_4",0.836776488085333,3448,"3k-4.5k"
"bambu","cqn","B20K80","B20K80_4",0.777354716431747,3346,">4.5k"
"bambu","cqn","B20K80","B20K80_5",0.677525218195283,1908,"0-1.5k"
"bambu","cqn","B20K80","B20K80_5",0.815168262444143,4750,"1.5k-3k"
"bambu","cqn","B20K80","B20K80_5",0.829993519868051,3444,"3k-4.5k"
"bambu","cqn","B20K80","B20K80_5",0.777845186717121,3345,">4.5k"
"bambu","cqn","B80K20","B80K20_1",0.766687699735061,1907,"0-1.5k"
"bambu","cqn","B80K20","B80K20_1",0.8403178846251,4755,"1.5k-3k"
"bambu","cqn","B80K20","B80K20_1",0.818904223030363,3448,"3k-4.5k"
"bambu","cqn","B80K20","B80K20_1",0.778623207640847,3346,">4.5k"
"bambu","cqn","B80K20","B80K20_2",0.769295496828807,1907,"0-1.5k"
"bambu","cqn","B80K20","B80K20_2",0.828486286240721,4750,"1.5k-3k"
"bambu","cqn","B80K20","B80K20_2",0.772539019332945,3451,"3k-4.5k"
"bambu","cqn","B80K20","B80K20_2",0.73707649800269,3354,">4.5k"
"bambu","cqn","B80K20","B80K20_3",0.741489467984389,1907,"0-1.5k"
"bambu","cqn","B80K20","B80K20_3",0.832204935180871,4757,"1.5k-3k"
"bambu","cqn","B80K20","B80K20_3",0.817958840097664,3448,"3k-4.5k"
"bambu","cqn","B80K20","B80K20_3",0.76650417612538,3353,">4.5k"
"bambu","cqn","B80K20","B80K20_4",0.714819676490405,1907,"0-1.5k"
"bambu","cqn","B80K20","B80K20_4",0.811752487819997,4753,"1.5k-3k"
"bambu","cqn","B80K20","B80K20_4",0.79899636459411,3449,"3k-4.5k"
"bambu","cqn","B80K20","B80K20_4",0.759179073246348,3346,">4.5k"
"bambu","cqn","B80K20","B80K20_5",0.738744867938996,1908,"0-1.5k"
"bambu","cqn","B80K20","B80K20_5",0.828606465668975,4751,"1.5k-3k"
"bambu","cqn","B80K20","B80K20_5",0.818972625857342,3441,"3k-4.5k"
"bambu","cqn","B80K20","B80K20_5",0.781324807766862,3350,">4.5k"
"bambu","cqn","Brain","B31",0.758274015779186,1846,"0-1.5k"
"bambu","cqn","Brain","B31",0.846422201568416,4624,"1.5k-3k"
"bambu","cqn","Brain","B31",0.7835852262055,3414,"3k-4.5k"
"bambu","cqn","Brain","B31",0.751457816238449,3334,">4.5k"
"bambu","cqn","Brain","B32",0.793297911398741,1846,"0-1.5k"
"bambu","cqn","Brain","B32",0.852099616171539,4640,"1.5k-3k"
"bambu","cqn","Brain","B32",0.790277179257578,3429,"3k-4.5k"
"bambu","cqn","Brain","B32",0.748717995645791,3343,">4.5k"
"bambu","cqn","Brain","B33",0.774681969487944,1838,"0-1.5k"
"bambu","cqn","Brain","B33",0.851926754921917,4604,"1.5k-3k"
"bambu","cqn","Brain","B33",0.795077133724159,3416,"3k-4.5k"
"bambu","cqn","Brain","B33",0.760230760901318,3338,">4.5k"
"bambu","cqn","Brain","B34",0.761358136798235,1841,"0-1.5k"
"bambu","cqn","Brain","B34",0.833570420508703,4624,"1.5k-3k"
"bambu","cqn","Brain","B34",0.810696175082894,3420,"3k-4.5k"
"bambu","cqn","Brain","B34",0.773467485513243,3339,">4.5k"
"bambu","cqn","Brain","B35",0.757720104629799,1849,"0-1.5k"
"bambu","cqn","Brain","B35",0.843891583610852,4636,"1.5k-3k"
"bambu","cqn","Brain","B35",0.817336575172105,3426,"3k-4.5k"
"bambu","cqn","Brain","B35",0.78205961681795,3344,">4.5k"
"bambu","cqn","Kidney","K31",0.666491880018956,1850,"0-1.5k"
"bambu","cqn","Kidney","K31",0.825432866484185,4542,"1.5k-3k"
"bambu","cqn","Kidney","K31",0.820660541315239,3255,"3k-4.5k"
"bambu","cqn","Kidney","K31",0.776554010628261,3136,">4.5k"
"bambu","cqn","Kidney","K32",0.704595764987938,1846,"0-1.5k"
"bambu","cqn","Kidney","K32",0.836638115877055,4564,"1.5k-3k"
"bambu","cqn","Kidney","K32",0.829473136343262,3299,"3k-4.5k"
"bambu","cqn","Kidney","K32",0.770734269578899,3198,">4.5k"
"bambu","cqn","Kidney","K33",0.694490589302705,1849,"0-1.5k"
"bambu","cqn","Kidney","K33",0.828568543749695,4540,"1.5k-3k"
"bambu","cqn","Kidney","K33",0.829878618618596,3260,"3k-4.5k"
"bambu","cqn","Kidney","K33",0.772160633569397,3143,">4.5k"
"bambu","cqn","Kidney","K34",0.682951509723104,1850,"0-1.5k"
"bambu","cqn","Kidney","K34",0.815297755532216,4534,"1.5k-3k"
"bambu","cqn","Kidney","K34",0.836685693968027,3258,"3k-4.5k"
"bambu","cqn","Kidney","K34",0.756270209932257,3160,">4.5k"
"bambu","cqn","Kidney","K35",0.650163142262393,1844,"0-1.5k"
"bambu","cqn","Kidney","K35",0.802153749329238,4520,"1.5k-3k"
"bambu","cqn","Kidney","K35",0.823244965549655,3250,"3k-4.5k"
"bambu","cqn","Kidney","K35",0.738278699933437,3116,">4.5k"
"bambu","ratio_counts","B20K80","B20K80_1",0.735482505942506,1897,"0-1.5k"
"bambu","ratio_counts","B20K80","B20K80_1",0.714025931580892,4715,"1.5k-3k"
"bambu","ratio_counts","B20K80","B20K80_1",0.637169952597114,3407,"3k-4.5k"
"bambu","ratio_counts","B20K80","B20K80_1",0.51319965652707,3306,">4.5k"
"bambu","ratio_counts","B20K80","B20K80_2",0.775558136900302,1905,"0-1.5k"
"bambu","ratio_counts","B20K80","B20K80_2",0.822282151697309,4719,"1.5k-3k"
"bambu","ratio_counts","B20K80","B20K80_2",0.815034985765436,3419,"3k-4.5k"
"bambu","ratio_counts","B20K80","B20K80_2",0.71024536259442,3325,">4.5k"
"bambu","ratio_counts","B20K80","B20K80_3",0.596860480711071,1900,"0-1.5k"
"bambu","ratio_counts","B20K80","B20K80_3",0.799022406634318,4711,"1.5k-3k"
"bambu","ratio_counts","B20K80","B20K80_3",0.798480896864639,3411,"3k-4.5k"
"bambu","ratio_counts","B20K80","B20K80_3",0.706583653255434,3307,">4.5k"
"bambu","ratio_counts","B20K80","B20K80_4",0.667801865952469,1899,"0-1.5k"
"bambu","ratio_counts","B20K80","B20K80_4",0.813319047456205,4715,"1.5k-3k"
"bambu","ratio_counts","B20K80","B20K80_4",0.787121048679972,3404,"3k-4.5k"
"bambu","ratio_counts","B20K80","B20K80_4",0.702620235451795,3297,">4.5k"
"bambu","ratio_counts","B20K80","B20K80_5",0.742774797049784,1899,"0-1.5k"
"bambu","ratio_counts","B20K80","B20K80_5",0.787916252159862,4711,"1.5k-3k"
"bambu","ratio_counts","B20K80","B20K80_5",0.731841255730687,3397,"3k-4.5k"
"bambu","ratio_counts","B20K80","B20K80_5",0.626124218692354,3280,">4.5k"
"bambu","ratio_counts","B80K20","B80K20_1",0.785676507142558,1879,"0-1.5k"
"bambu","ratio_counts","B80K20","B80K20_1",0.830494483041757,4708,"1.5k-3k"
"bambu","ratio_counts","B80K20","B80K20_1",0.78083403507077,3415,"3k-4.5k"
"bambu","ratio_counts","B80K20","B80K20_1",0.680571632195697,3322,">4.5k"
"bambu","ratio_counts","B80K20","B80K20_2",0.644106856740734,1875,"0-1.5k"
"bambu","ratio_counts","B80K20","B80K20_2",0.737565750109606,4684,"1.5k-3k"
"bambu","ratio_counts","B80K20","B80K20_2",0.666811297328506,3422,"3k-4.5k"
"bambu","ratio_counts","B80K20","B80K20_2",0.617126980751219,3340,">4.5k"
"bambu","ratio_counts","B80K20","B80K20_3",0.714699406757193,1887,"0-1.5k"
"bambu","ratio_counts","B80K20","B80K20_3",0.741698930824753,4711,"1.5k-3k"
"bambu","ratio_counts","B80K20","B80K20_3",0.665076630216519,3417,"3k-4.5k"
"bambu","ratio_counts","B80K20","B80K20_3",0.58097371490577,3319,">4.5k"
"bambu","ratio_counts","B80K20","B80K20_4",0.652214484265257,1886,"0-1.5k"
"bambu","ratio_counts","B80K20","B80K20_4",0.699536675591356,4708,"1.5k-3k"
"bambu","ratio_counts","B80K20","B80K20_4",0.652179775334788,3426,"3k-4.5k"
"bambu","ratio_counts","B80K20","B80K20_4",0.570364004103668,3323,">4.5k"
"bambu","ratio_counts","B80K20","B80K20_5",0.733867451181751,1887,"0-1.5k"
"bambu","ratio_counts","B80K20","B80K20_5",0.76812760779531,4691,"1.5k-3k"
"bambu","ratio_counts","B80K20","B80K20_5",0.715436038094917,3411,"3k-4.5k"
"bambu","ratio_counts","B80K20","B80K20_5",0.659184853938647,3312,">4.5k"
"bambu","ratio_counts","Brain","B31",0.729341635576105,1744,"0-1.5k"
"bambu","ratio_counts","Brain","B31",0.727575185515011,4422,"1.5k-3k"
"bambu","ratio_counts","Brain","B31",0.512092699939019,3352,"3k-4.5k"
"bambu","ratio_counts","Brain","B31",0.536387910946708,3295,">4.5k"
"bambu","ratio_counts","Brain","B32",0.761468593022571,1751,"0-1.5k"
"bambu","ratio_counts","Brain","B32",0.820792354123102,4413,"1.5k-3k"
"bambu","ratio_counts","Brain","B32",0.735467629029626,3355,"3k-4.5k"
"bambu","ratio_counts","Brain","B32",0.682414414908111,3306,">4.5k"
"bambu","ratio_counts","Brain","B33",0.769496354170716,1749,"0-1.5k"
"bambu","ratio_counts","Brain","B33",0.78738525788858,4409,"1.5k-3k"
"bambu","ratio_counts","Brain","B33",0.687821700356519,3365,"3k-4.5k"
"bambu","ratio_counts","Brain","B33",0.62043861194455,3302,">4.5k"
"bambu","ratio_counts","Brain","B34",0.800827919282074,1740,"0-1.5k"
"bambu","ratio_counts","Brain","B34",0.797241892554605,4430,"1.5k-3k"
"bambu","ratio_counts","Brain","B34",0.74196548932284,3348,"3k-4.5k"
"bambu","ratio_counts","Brain","B34",0.68015695990163,3296,">4.5k"
"bambu","ratio_counts","Brain","B35",0.794350663180494,1756,"0-1.5k"
"bambu","ratio_counts","Brain","B35",0.823231849083108,4453,"1.5k-3k"
"bambu","ratio_counts","Brain","B35",0.794118541227112,3358,"3k-4.5k"
"bambu","ratio_counts","Brain","B35",0.729335956850782,3296,">4.5k"
"bambu","ratio_counts","Kidney","K31",0.866758609834902,1799,"0-1.5k"
"bambu","ratio_counts","Kidney","K31",0.853708532579413,4342,"1.5k-3k"
"bambu","ratio_counts","Kidney","K31",0.877472762900599,3093,"3k-4.5k"
"bambu","ratio_counts","Kidney","K31",0.858252101980639,2857,">4.5k"
"bambu","ratio_counts","Kidney","K32",0.846992232453986,1797,"0-1.5k"
"bambu","ratio_counts","Kidney","K32",0.852109522573124,4358,"1.5k-3k"
"bambu","ratio_counts","Kidney","K32",0.879454516107506,3109,"3k-4.5k"
"bambu","ratio_counts","Kidney","K32",0.877531230343257,2890,">4.5k"
"bambu","ratio_counts","Kidney","K33",0.81384681362573,1794,"0-1.5k"
"bambu","ratio_counts","Kidney","K33",0.85448096833021,4336,"1.5k-3k"
"bambu","ratio_counts","Kidney","K33",0.888369789939229,3065,"3k-4.5k"
"bambu","ratio_counts","Kidney","K33",0.874397888380361,2830,">4.5k"
"bambu","ratio_counts","Kidney","K34",0.725442125700538,1806,"0-1.5k"
"bambu","ratio_counts","Kidney","K34",0.89009774686878,4352,"1.5k-3k"
"bambu","ratio_counts","Kidney","K34",0.903177497525276,3060,"3k-4.5k"
"bambu","ratio_counts","Kidney","K34",0.866294236753327,2831,">4.5k"
"bambu","ratio_counts","Kidney","K35",0.733758355929457,1797,"0-1.5k"
"bambu","ratio_counts","Kidney","K35",0.898540266281872,4324,"1.5k-3k"
"bambu","ratio_counts","Kidney","K35",0.899471928866938,3018,"3k-4.5k"
"bambu","ratio_counts","Kidney","K35",0.86423355797408,2762,">4.5k"
"flair","CPM","B20K80","B20K80_1",0.745591926987682,1797,"0-1.5k"
"flair","CPM","B20K80","B20K80_1",0.848931174090666,5428,"1.5k-3k"
"flair","CPM","B20K80","B20K80_1",0.838204056891278,3886,"3k-4.5k"
"flair","CPM","B20K80","B20K80_1",0.807297802097623,2459,">4.5k"
"flair","CPM","B20K80","B20K80_2",0.782699968193092,1795,"0-1.5k"
"flair","CPM","B20K80","B20K80_2",0.842989397505514,5436,"1.5k-3k"
"flair","CPM","B20K80","B20K80_2",0.817722789423688,3888,"3k-4.5k"
"flair","CPM","B20K80","B20K80_2",0.793418162169897,2462,">4.5k"
"flair","CPM","B20K80","B20K80_3",0.63988711604886,1796,"0-1.5k"
"flair","CPM","B20K80","B20K80_3",0.827336412282906,5435,"1.5k-3k"
"flair","CPM","B20K80","B20K80_3",0.831033226992053,3879,"3k-4.5k"
"flair","CPM","B20K80","B20K80_3",0.804135740638592,2460,">4.5k"
"flair","CPM","B20K80","B20K80_4",0.664071780765814,1796,"0-1.5k"
"flair","CPM","B20K80","B20K80_4",0.856245363159388,5426,"1.5k-3k"
"flair","CPM","B20K80","B20K80_4",0.843015530587525,3884,"3k-4.5k"
"flair","CPM","B20K80","B20K80_4",0.798726548939826,2437,">4.5k"
"flair","CPM","B20K80","B20K80_5",0.69346131489238,1799,"0-1.5k"
"flair","CPM","B20K80","B20K80_5",0.86169142768639,5423,"1.5k-3k"
"flair","CPM","B20K80","B20K80_5",0.844592128585446,3872,"3k-4.5k"
"flair","CPM","B20K80","B20K80_5",0.800988426797487,2444,">4.5k"
"flair","CPM","B80K20","B80K20_1",0.736556504218968,1775,"0-1.5k"
"flair","CPM","B80K20","B80K20_1",0.836343443895494,5435,"1.5k-3k"
"flair","CPM","B80K20","B80K20_1",0.820152629454186,3928,"3k-4.5k"
"flair","CPM","B80K20","B80K20_1",0.811776796935323,2534,">4.5k"
"flair","CPM","B80K20","B80K20_2",0.774442769628736,1774,"0-1.5k"
"flair","CPM","B80K20","B80K20_2",0.80709073049421,5416,"1.5k-3k"
"flair","CPM","B80K20","B80K20_2",0.768319073722278,3930,"3k-4.5k"
"flair","CPM","B80K20","B80K20_2",0.767848992202425,2542,">4.5k"
"flair","CPM","B80K20","B80K20_3",0.627958338075832,1782,"0-1.5k"
"flair","CPM","B80K20","B80K20_3",0.835498403949209,5438,"1.5k-3k"
"flair","CPM","B80K20","B80K20_3",0.815111484999942,3930,"3k-4.5k"
"flair","CPM","B80K20","B80K20_3",0.799019391553133,2537,">4.5k"
"flair","CPM","B80K20","B80K20_4",0.688596205920793,1782,"0-1.5k"
"flair","CPM","B80K20","B80K20_4",0.795775972352716,5437,"1.5k-3k"
"flair","CPM","B80K20","B80K20_4",0.790047314495408,3931,"3k-4.5k"
"flair","CPM","B80K20","B80K20_4",0.783728672308564,2533,">4.5k"
"flair","CPM","B80K20","B80K20_5",0.702620873907189,1780,"0-1.5k"
"flair","CPM","B80K20","B80K20_5",0.827392563287497,5427,"1.5k-3k"
"flair","CPM","B80K20","B80K20_5",0.812978345862805,3922,"3k-4.5k"
"flair","CPM","B80K20","B80K20_5",0.807033099957004,2535,">4.5k"
"flair","CPM","Brain","B31",0.779473281548246,1633,"0-1.5k"
"flair","CPM","Brain","B31",0.812500018488929,5069,"1.5k-3k"
"flair","CPM","Brain","B31",0.760770390108526,3865,"3k-4.5k"
"flair","CPM","Brain","B31",0.771650728190375,2562,">4.5k"
"flair","CPM","Brain","B32",0.783712737934717,1632,"0-1.5k"
"flair","CPM","Brain","B32",0.821838721669428,5089,"1.5k-3k"
"flair","CPM","Brain","B32",0.776220177551495,3873,"3k-4.5k"
"flair","CPM","Brain","B32",0.773651462101326,2566,">4.5k"
"flair","CPM","Brain","B33",0.770121891268403,1632,"0-1.5k"
"flair","CPM","Brain","B33",0.813032571345603,5084,"1.5k-3k"
"flair","CPM","Brain","B33",0.777152081688511,3875,"3k-4.5k"
"flair","CPM","Brain","B33",0.781668914771582,2563,">4.5k"
"flair","CPM","Brain","B34",0.66660390615705,1630,"0-1.5k"
"flair","CPM","Brain","B34",0.789139813341816,5091,"1.5k-3k"
"flair","CPM","Brain","B34",0.789831020917978,3864,"3k-4.5k"
"flair","CPM","Brain","B34",0.791644804345518,2559,">4.5k"
"flair","CPM","Brain","B35",0.733619606180358,1628,"0-1.5k"
"flair","CPM","Brain","B35",0.802740997449765,5093,"1.5k-3k"
"flair","CPM","Brain","B35",0.799077016032257,3870,"3k-4.5k"
"flair","CPM","Brain","B35",0.79998486886563,2559,">4.5k"
"flair","CPM","Kidney","K31",0.818352876056596,1697,"0-1.5k"
"flair","CPM","Kidney","K31",0.839951060802398,4948,"1.5k-3k"
"flair","CPM","Kidney","K31",0.843398328836338,3415,"3k-4.5k"
"flair","CPM","Kidney","K31",0.839559384675301,2014,">4.5k"
"flair","CPM","Kidney","K32",0.766306607165614,1694,"0-1.5k"
"flair","CPM","Kidney","K32",0.832285407050065,4965,"1.5k-3k"
"flair","CPM","Kidney","K32",0.834297481938597,3432,"3k-4.5k"
"flair","CPM","Kidney","K32",0.842641148669454,2031,">4.5k"
"flair","CPM","Kidney","K33",0.734157799127315,1691,"0-1.5k"
"flair","CPM","Kidney","K33",0.835746873016337,4949,"1.5k-3k"
"flair","CPM","Kidney","K33",0.851003454616589,3405,"3k-4.5k"
"flair","CPM","Kidney","K33",0.848712269955032,2019,">4.5k"
"flair","CPM","Kidney","K34",0.649287586047021,1693,"0-1.5k"
"flair","CPM","Kidney","K34",0.867822879952643,4959,"1.5k-3k"
"flair","CPM","Kidney","K34",0.870180434904405,3403,"3k-4.5k"
"flair","CPM","Kidney","K34",0.850749318951875,2006,">4.5k"
"flair","CPM","Kidney","K35",0.665124996627261,1693,"0-1.5k"
"flair","CPM","Kidney","K35",0.87988639704228,4940,"1.5k-3k"
"flair","CPM","Kidney","K35",0.879615292421208,3367,"3k-4.5k"
"flair","CPM","Kidney","K35",0.853857392061574,1980,">4.5k"
"flair","EDA","B20K80","B20K80_1",0.732709655746916,1797,"0-1.5k"
"flair","EDA","B20K80","B20K80_1",0.836311064744576,5428,"1.5k-3k"
"flair","EDA","B20K80","B20K80_1",0.834251202633255,3886,"3k-4.5k"
"flair","EDA","B20K80","B20K80_1",0.801423864264504,2459,">4.5k"
"flair","EDA","B20K80","B20K80_2",0.77797972290762,1795,"0-1.5k"
"flair","EDA","B20K80","B20K80_2",0.847960234016144,5436,"1.5k-3k"
"flair","EDA","B20K80","B20K80_2",0.820067355831992,3888,"3k-4.5k"
"flair","EDA","B20K80","B20K80_2",0.792220689613802,2462,">4.5k"
"flair","EDA","B20K80","B20K80_3",0.677948925340246,1796,"0-1.5k"
"flair","EDA","B20K80","B20K80_3",0.822860178566667,5435,"1.5k-3k"
"flair","EDA","B20K80","B20K80_3",0.82867263762055,3879,"3k-4.5k"
"flair","EDA","B20K80","B20K80_3",0.794097790537997,2460,">4.5k"
"flair","EDA","B20K80","B20K80_4",0.67913789494163,1796,"0-1.5k"
"flair","EDA","B20K80","B20K80_4",0.836469321137899,5426,"1.5k-3k"
"flair","EDA","B20K80","B20K80_4",0.8373758027941,3884,"3k-4.5k"
"flair","EDA","B20K80","B20K80_4",0.784766642091631,2437,">4.5k"
"flair","EDA","B20K80","B20K80_5",0.684276524457056,1799,"0-1.5k"
"flair","EDA","B20K80","B20K80_5",0.836409317583185,5423,"1.5k-3k"
"flair","EDA","B20K80","B20K80_5",0.83664077746416,3872,"3k-4.5k"
"flair","EDA","B20K80","B20K80_5",0.787216842205753,2444,">4.5k"
"flair","EDA","B80K20","B80K20_1",0.746921032990555,1775,"0-1.5k"
"flair","EDA","B80K20","B80K20_1",0.838049517021219,5435,"1.5k-3k"
"flair","EDA","B80K20","B80K20_1",0.820971400732995,3928,"3k-4.5k"
"flair","EDA","B80K20","B80K20_1",0.810464217417979,2534,">4.5k"
"flair","EDA","B80K20","B80K20_2",0.781541421860105,1774,"0-1.5k"
"flair","EDA","B80K20","B80K20_2",0.824754230680784,5416,"1.5k-3k"
"flair","EDA","B80K20","B80K20_2",0.772353918594984,3930,"3k-4.5k"
"flair","EDA","B80K20","B80K20_2",0.768219760415743,2542,">4.5k"
"flair","EDA","B80K20","B80K20_3",0.668188152746909,1782,"0-1.5k"
"flair","EDA","B80K20","B80K20_3",0.83004146035337,5438,"1.5k-3k"
"flair","EDA","B80K20","B80K20_3",0.815081306911155,3930,"3k-4.5k"
"flair","EDA","B80K20","B80K20_3",0.795808579177325,2537,">4.5k"
"flair","EDA","B80K20","B80K20_4",0.724371880034516,1782,"0-1.5k"
"flair","EDA","B80K20","B80K20_4",0.804279385310029,5437,"1.5k-3k"
"flair","EDA","B80K20","B80K20_4",0.792470438143701,3931,"3k-4.5k"
"flair","EDA","B80K20","B80K20_4",0.781205039857292,2533,">4.5k"
"flair","EDA","B80K20","B80K20_5",0.717093058530013,1780,"0-1.5k"
"flair","EDA","B80K20","B80K20_5",0.82152593655268,5427,"1.5k-3k"
"flair","EDA","B80K20","B80K20_5",0.812422368921455,3922,"3k-4.5k"
"flair","EDA","B80K20","B80K20_5",0.80122588661938,2535,">4.5k"
"flair","EDA","Brain","B31",0.76462730476444,1633,"0-1.5k"
"flair","EDA","Brain","B31",0.820006346680234,5069,"1.5k-3k"
"flair","EDA","Brain","B31",0.768857553260755,3865,"3k-4.5k"
"flair","EDA","Brain","B31",0.773966059524391,2562,">4.5k"
"flair","EDA","Brain","B32",0.777007392934247,1632,"0-1.5k"
"flair","EDA","Brain","B32",0.829365233483152,5089,"1.5k-3k"
"flair","EDA","Brain","B32",0.777841246410256,3873,"3k-4.5k"
"flair","EDA","Brain","B32",0.77341286309125,2566,">4.5k"
"flair","EDA","Brain","B33",0.76277924327898,1632,"0-1.5k"
"flair","EDA","Brain","B33",0.824503171131775,5084,"1.5k-3k"
"flair","EDA","Brain","B33",0.780744061150266,3875,"3k-4.5k"
"flair","EDA","Brain","B33",0.781795155371151,2563,">4.5k"
"flair","EDA","Brain","B34",0.70966294782366,1630,"0-1.5k"
"flair","EDA","Brain","B34",0.794599821100717,5091,"1.5k-3k"
"flair","EDA","Brain","B34",0.793234679126679,3864,"3k-4.5k"
"flair","EDA","Brain","B34",0.789807467696364,2559,">4.5k"
"flair","EDA","Brain","B35",0.743892413978224,1628,"0-1.5k"
"flair","EDA","Brain","B35",0.806494934299229,5093,"1.5k-3k"
"flair","EDA","Brain","B35",0.801251776439712,3870,"3k-4.5k"
"flair","EDA","Brain","B35",0.797231403906322,2559,">4.5k"
"flair","EDA","Kidney","K31",0.776115166590914,1697,"0-1.5k"
"flair","EDA","Kidney","K31",0.837871870408192,4948,"1.5k-3k"
"flair","EDA","Kidney","K31",0.843212234477995,3415,"3k-4.5k"
"flair","EDA","Kidney","K31",0.835619891161297,2014,">4.5k"
"flair","EDA","Kidney","K32",0.766403389678672,1694,"0-1.5k"
"flair","EDA","Kidney","K32",0.845275759399278,4965,"1.5k-3k"
"flair","EDA","Kidney","K32",0.840445685062663,3432,"3k-4.5k"
"flair","EDA","Kidney","K32",0.839239555116477,2031,">4.5k"
"flair","EDA","Kidney","K33",0.740852209662082,1691,"0-1.5k"
"flair","EDA","Kidney","K33",0.835775517248395,4949,"1.5k-3k"
"flair","EDA","Kidney","K33",0.849947758028641,3405,"3k-4.5k"
"flair","EDA","Kidney","K33",0.841335760962649,2019,">4.5k"
"flair","EDA","Kidney","K34",0.676648668228983,1693,"0-1.5k"
"flair","EDA","Kidney","K34",0.843402820473189,4959,"1.5k-3k"
"flair","EDA","Kidney","K34",0.859244540307128,3403,"3k-4.5k"
"flair","EDA","Kidney","K34",0.837492498610231,2006,">4.5k"
"flair","EDA","Kidney","K35",0.666148410919163,1693,"0-1.5k"
"flair","EDA","Kidney","K35",0.847675566796499,4940,"1.5k-3k"
"flair","EDA","Kidney","K35",0.865253345100857,3367,"3k-4.5k"
"flair","EDA","Kidney","K35",0.840512121235131,1980,">4.5k"
"flair","TPM","B20K80","B20K80_1",0.838255851890441,1797,"0-1.5k"
"flair","TPM","B20K80","B20K80_1",0.879397423118943,5428,"1.5k-3k"
"flair","TPM","B20K80","B20K80_1",0.839940656351299,3886,"3k-4.5k"
"flair","TPM","B20K80","B20K80_1",0.805980495742695,2459,">4.5k"
"flair","TPM","B20K80","B20K80_2",0.86481032964978,1795,"0-1.5k"
"flair","TPM","B20K80","B20K80_2",0.877190287431294,5436,"1.5k-3k"
"flair","TPM","B20K80","B20K80_2",0.821555881814197,3888,"3k-4.5k"
"flair","TPM","B20K80","B20K80_2",0.790143790752128,2462,">4.5k"
"flair","TPM","B20K80","B20K80_3",0.747955087072709,1796,"0-1.5k"
"flair","TPM","B20K80","B20K80_3",0.857880316444795,5435,"1.5k-3k"
"flair","TPM","B20K80","B20K80_3",0.831119011916251,3879,"3k-4.5k"
"flair","TPM","B20K80","B20K80_3",0.803020613150879,2460,">4.5k"
"flair","TPM","B20K80","B20K80_4",0.769688510312277,1796,"0-1.5k"
"flair","TPM","B20K80","B20K80_4",0.877635108074962,5426,"1.5k-3k"
"flair","TPM","B20K80","B20K80_4",0.839347171888534,3884,"3k-4.5k"
"flair","TPM","B20K80","B20K80_4",0.798064390751745,2437,">4.5k"
"flair","TPM","B20K80","B20K80_5",0.795959747713029,1799,"0-1.5k"
"flair","TPM","B20K80","B20K80_5",0.882267786399172,5423,"1.5k-3k"
"flair","TPM","B20K80","B20K80_5",0.84101120254734,3872,"3k-4.5k"
"flair","TPM","B20K80","B20K80_5",0.800245366632622,2444,">4.5k"
"flair","TPM","B80K20","B80K20_1",0.829255995761632,1775,"0-1.5k"
"flair","TPM","B80K20","B80K20_1",0.862763723150354,5435,"1.5k-3k"
"flair","TPM","B80K20","B80K20_1",0.815266023241552,3928,"3k-4.5k"
"flair","TPM","B80K20","B80K20_1",0.79802618784891,2534,">4.5k"
"flair","TPM","B80K20","B80K20_2",0.853764655287369,1774,"0-1.5k"
"flair","TPM","B80K20","B80K20_2",0.840022963100184,5416,"1.5k-3k"
"flair","TPM","B80K20","B80K20_2",0.769401653707433,3930,"3k-4.5k"
"flair","TPM","B80K20","B80K20_2",0.753764772808767,2542,">4.5k"
"flair","TPM","B80K20","B80K20_3",0.740837053929978,1782,"0-1.5k"
"flair","TPM","B80K20","B80K20_3",0.853629220671856,5438,"1.5k-3k"
"flair","TPM","B80K20","B80K20_3",0.807278491978816,3930,"3k-4.5k"
"flair","TPM","B80K20","B80K20_3",0.786226484504486,2537,">4.5k"
"flair","TPM","B80K20","B80K20_4",0.788891298653676,1782,"0-1.5k"
"flair","TPM","B80K20","B80K20_4",0.826603699123048,5437,"1.5k-3k"
"flair","TPM","B80K20","B80K20_4",0.785836119639384,3931,"3k-4.5k"
"flair","TPM","B80K20","B80K20_4",0.77325924597187,2533,">4.5k"
"flair","TPM","B80K20","B80K20_5",0.801635290313962,1780,"0-1.5k"
"flair","TPM","B80K20","B80K20_5",0.849392942941715,5427,"1.5k-3k"
"flair","TPM","B80K20","B80K20_5",0.807180289962267,3922,"3k-4.5k"
"flair","TPM","B80K20","B80K20_5",0.797599460396528,2535,">4.5k"
"flair","TPM","Brain","B31",0.858341657445868,1633,"0-1.5k"
"flair","TPM","Brain","B31",0.850333818743969,5069,"1.5k-3k"
"flair","TPM","Brain","B31",0.773253405236533,3865,"3k-4.5k"
"flair","TPM","Brain","B31",0.777312700893805,2562,">4.5k"
"flair","TPM","Brain","B32",0.860143212685563,1632,"0-1.5k"
"flair","TPM","Brain","B32",0.850079743310763,5089,"1.5k-3k"
"flair","TPM","Brain","B32",0.775365722552037,3873,"3k-4.5k"
"flair","TPM","Brain","B32",0.760032810348256,2566,">4.5k"
"flair","TPM","Brain","B33",0.8555892037075,1632,"0-1.5k"
"flair","TPM","Brain","B33",0.846752661790104,5084,"1.5k-3k"
"flair","TPM","Brain","B33",0.777280860550786,3875,"3k-4.5k"
"flair","TPM","Brain","B33",0.767840205365977,2563,">4.5k"
"flair","TPM","Brain","B34",0.77269495327451,1630,"0-1.5k"
"flair","TPM","Brain","B34",0.816331951786888,5091,"1.5k-3k"
"flair","TPM","Brain","B34",0.781964653666026,3864,"3k-4.5k"
"flair","TPM","Brain","B34",0.778740524683806,2559,">4.5k"
"flair","TPM","Brain","B35",0.822734565127129,1628,"0-1.5k"
"flair","TPM","Brain","B35",0.833345866737103,5093,"1.5k-3k"
"flair","TPM","Brain","B35",0.793220393618764,3870,"3k-4.5k"
"flair","TPM","Brain","B35",0.789499513388056,2559,">4.5k"
"flair","TPM","Kidney","K31",0.891396465954198,1697,"0-1.5k"
"flair","TPM","Kidney","K31",0.882128828587573,4948,"1.5k-3k"
"flair","TPM","Kidney","K31",0.858041582448877,3415,"3k-4.5k"
"flair","TPM","Kidney","K31",0.849031877792928,2014,">4.5k"
"flair","TPM","Kidney","K32",0.855950238145918,1694,"0-1.5k"
"flair","TPM","Kidney","K32",0.873240026167877,4965,"1.5k-3k"
"flair","TPM","Kidney","K32",0.846017864014289,3432,"3k-4.5k"
"flair","TPM","Kidney","K32",0.843731239220955,2031,">4.5k"
"flair","TPM","Kidney","K33",0.835862583854769,1691,"0-1.5k"
"flair","TPM","Kidney","K33",0.877668851680684,4949,"1.5k-3k"
"flair","TPM","Kidney","K33",0.864217328957257,3405,"3k-4.5k"
"flair","TPM","Kidney","K33",0.854792438686334,2019,">4.5k"
"flair","TPM","Kidney","K34",0.760637210065904,1693,"0-1.5k"
"flair","TPM","Kidney","K34",0.890812032636491,4959,"1.5k-3k"
"flair","TPM","Kidney","K34",0.871669661410005,3403,"3k-4.5k"
"flair","TPM","Kidney","K34",0.850829687448908,2006,">4.5k"
"flair","TPM","Kidney","K35",0.773828915070278,1693,"0-1.5k"
"flair","TPM","Kidney","K35",0.900379549020202,4940,"1.5k-3k"
"flair","TPM","Kidney","K35",0.881839709817263,3367,"3k-4.5k"
"flair","TPM","Kidney","K35",0.856942815440149,1980,">4.5k"
"flair","cqn","B20K80","B20K80_1",0.659234534558532,1820,"0-1.5k"
"flair","cqn","B20K80","B20K80_1",0.801006518966441,5539,"1.5k-3k"
"flair","cqn","B20K80","B20K80_1",0.794578062777738,4007,"3k-4.5k"
"flair","cqn","B20K80","B20K80_1",0.74846405748759,2631,">4.5k"
"flair","cqn","B20K80","B20K80_2",0.735302381332723,1821,"0-1.5k"
"flair","cqn","B20K80","B20K80_2",0.830035578780019,5541,"1.5k-3k"
"flair","cqn","B20K80","B20K80_2",0.797030100552265,4005,"3k-4.5k"
"flair","cqn","B20K80","B20K80_2",0.751606372235891,2632,">4.5k"
"flair","cqn","B20K80","B20K80_3",0.685684308943066,1822,"0-1.5k"
"flair","cqn","B20K80","B20K80_3",0.804486857612654,5544,"1.5k-3k"
"flair","cqn","B20K80","B20K80_3",0.796167911382598,3997,"3k-4.5k"
"flair","cqn","B20K80","B20K80_3",0.760400190479073,2631,">4.5k"
"flair","cqn","B20K80","B20K80_4",0.699450675281099,1821,"0-1.5k"
"flair","cqn","B20K80","B20K80_4",0.815452413139432,5537,"1.5k-3k"
"flair","cqn","B20K80","B20K80_4",0.811787132750052,4003,"3k-4.5k"
"flair","cqn","B20K80","B20K80_4",0.772645189099183,2625,">4.5k"
"flair","cqn","B20K80","B20K80_5",0.66178576993184,1821,"0-1.5k"
"flair","cqn","B20K80","B20K80_5",0.802867939724973,5532,"1.5k-3k"
"flair","cqn","B20K80","B20K80_5",0.805695444390362,4000,"3k-4.5k"
"flair","cqn","B20K80","B20K80_5",0.769924832136289,2626,">4.5k"
"flair","cqn","B80K20","B80K20_1",0.732140118430472,1820,"0-1.5k"
"flair","cqn","B80K20","B80K20_1",0.829656828876975,5540,"1.5k-3k"
"flair","cqn","B80K20","B80K20_1",0.805114200174213,4006,"3k-4.5k"
"flair","cqn","B80K20","B80K20_1",0.791602120209849,2629,">4.5k"
"flair","cqn","B80K20","B80K20_2",0.767966008639348,1821,"0-1.5k"
"flair","cqn","B80K20","B80K20_2",0.82584258779238,5535,"1.5k-3k"
"flair","cqn","B80K20","B80K20_2",0.776074632816212,4008,"3k-4.5k"
"flair","cqn","B80K20","B80K20_2",0.747141188795178,2635,">4.5k"
"flair","cqn","B80K20","B80K20_3",0.724095005672692,1818,"0-1.5k"
"flair","cqn","B80K20","B80K20_3",0.825403638704024,5544,"1.5k-3k"
"flair","cqn","B80K20","B80K20_3",0.803092951734274,4005,"3k-4.5k"
"flair","cqn","B80K20","B80K20_3",0.772363996664799,2634,">4.5k"
"flair","cqn","B80K20","B80K20_4",0.705720987539547,1821,"0-1.5k"
"flair","cqn","B80K20","B80K20_4",0.808796077751416,5538,"1.5k-3k"
"flair","cqn","B80K20","B80K20_4",0.793229405707827,4005,"3k-4.5k"
"flair","cqn","B80K20","B80K20_4",0.766042496424094,2629,">4.5k"
"flair","cqn","B80K20","B80K20_5",0.731521797039844,1819,"0-1.5k"
"flair","cqn","B80K20","B80K20_5",0.823129842841722,5539,"1.5k-3k"
"flair","cqn","B80K20","B80K20_5",0.810812731841426,4000,"3k-4.5k"
"flair","cqn","B80K20","B80K20_5",0.799360985983195,2632,">4.5k"
"flair","cqn","Brain","B31",0.747278890960505,1754,"0-1.5k"
"flair","cqn","Brain","B31",0.833140027804269,5389,"1.5k-3k"
"flair","cqn","Brain","B31",0.786640934223836,3968,"3k-4.5k"
"flair","cqn","Brain","B31",0.769374287112419,2621,">4.5k"
"flair","cqn","Brain","B32",0.764653806272256,1757,"0-1.5k"
"flair","cqn","Brain","B32",0.835003611936768,5414,"1.5k-3k"
"flair","cqn","Brain","B32",0.790400392519237,3980,"3k-4.5k"
"flair","cqn","Brain","B32",0.769558973744741,2624,">4.5k"
"flair","cqn","Brain","B33",0.750420303763134,1749,"0-1.5k"
"flair","cqn","Brain","B33",0.837641481571324,5376,"1.5k-3k"
"flair","cqn","Brain","B33",0.798428726610031,3968,"3k-4.5k"
"flair","cqn","Brain","B33",0.780390140696912,2620,">4.5k"
"flair","cqn","Brain","B34",0.742255581097312,1751,"0-1.5k"
"flair","cqn","Brain","B34",0.821596841225363,5398,"1.5k-3k"
"flair","cqn","Brain","B34",0.809371389237261,3974,"3k-4.5k"
"flair","cqn","Brain","B34",0.792878684283701,2623,">4.5k"
"flair","cqn","Brain","B35",0.74031075642762,1760,"0-1.5k"
"flair","cqn","Brain","B35",0.831371330603812,5404,"1.5k-3k"
"flair","cqn","Brain","B35",0.81585464668768,3979,"3k-4.5k"
"flair","cqn","Brain","B35",0.801579680893815,2629,">4.5k"
"flair","cqn","Kidney","K31",0.697118310545141,1759,"0-1.5k"
"flair","cqn","Kidney","K31",0.830354345698902,5267,"1.5k-3k"
"flair","cqn","Kidney","K31",0.813371879209052,3765,"3k-4.5k"
"flair","cqn","Kidney","K31",0.786684397201427,2429,">4.5k"
"flair","cqn","Kidney","K32",0.738409459135657,1761,"0-1.5k"
"flair","cqn","Kidney","K32",0.851080097321428,5303,"1.5k-3k"
"flair","cqn","Kidney","K32",0.831796950465932,3819,"3k-4.5k"
"flair","cqn","Kidney","K32",0.793801076024458,2482,">4.5k"
"flair","cqn","Kidney","K33",0.71034591772884,1755,"0-1.5k"
"flair","cqn","Kidney","K33",0.836608957308657,5272,"1.5k-3k"
"flair","cqn","Kidney","K33",0.822474589749011,3767,"3k-4.5k"
"flair","cqn","Kidney","K33",0.778944950116378,2434,">4.5k"
"flair","cqn","Kidney","K34",0.712138598520568,1757,"0-1.5k"
"flair","cqn","Kidney","K34",0.829664825120987,5258,"1.5k-3k"
"flair","cqn","Kidney","K34",0.825135383791945,3785,"3k-4.5k"
"flair","cqn","Kidney","K34",0.760972057145739,2444,">4.5k"
"flair","cqn","Kidney","K35",0.671688857884784,1751,"0-1.5k"
"flair","cqn","Kidney","K35",0.810150862335414,5248,"1.5k-3k"
"flair","cqn","Kidney","K35",0.802345342420718,3757,"3k-4.5k"
"flair","cqn","Kidney","K35",0.744049565692754,2416,">4.5k"
"flair","ratio_counts","B20K80","B20K80_1",0.726077371751766,1797,"0-1.5k"
"flair","ratio_counts","B20K80","B20K80_1",0.711230650445594,5428,"1.5k-3k"
"flair","ratio_counts","B20K80","B20K80_1",0.599362709906525,3886,"3k-4.5k"
"flair","ratio_counts","B20K80","B20K80_1",0.489057784120518,2459,">4.5k"
"flair","ratio_counts","B20K80","B20K80_2",0.758053460432958,1795,"0-1.5k"
"flair","ratio_counts","B20K80","B20K80_2",0.810016890560819,5436,"1.5k-3k"
"flair","ratio_counts","B20K80","B20K80_2",0.778805076258363,3888,"3k-4.5k"
"flair","ratio_counts","B20K80","B20K80_2",0.709847993818456,2462,">4.5k"
"flair","ratio_counts","B20K80","B20K80_3",0.591784373433631,1796,"0-1.5k"
"flair","ratio_counts","B20K80","B20K80_3",0.786760059527666,5435,"1.5k-3k"
"flair","ratio_counts","B20K80","B20K80_3",0.777666039065848,3879,"3k-4.5k"
"flair","ratio_counts","B20K80","B20K80_3",0.691535334703887,2460,">4.5k"
"flair","ratio_counts","B20K80","B20K80_4",0.663290875274317,1796,"0-1.5k"
"flair","ratio_counts","B20K80","B20K80_4",0.810721553432905,5426,"1.5k-3k"
"flair","ratio_counts","B20K80","B20K80_4",0.772216203586428,3884,"3k-4.5k"
"flair","ratio_counts","B20K80","B20K80_4",0.686971031014163,2437,">4.5k"
"flair","ratio_counts","B20K80","B20K80_5",0.74141288556409,1799,"0-1.5k"
"flair","ratio_counts","B20K80","B20K80_5",0.784748141262435,5423,"1.5k-3k"
"flair","ratio_counts","B20K80","B20K80_5",0.713221092280129,3872,"3k-4.5k"
"flair","ratio_counts","B20K80","B20K80_5",0.610463996125177,2444,">4.5k"
"flair","ratio_counts","B80K20","B80K20_1",0.768621719864933,1775,"0-1.5k"
"flair","ratio_counts","B80K20","B80K20_1",0.810557595710805,5435,"1.5k-3k"
"flair","ratio_counts","B80K20","B80K20_1",0.738466491917906,3928,"3k-4.5k"
"flair","ratio_counts","B80K20","B80K20_1",0.665004793245289,2534,">4.5k"
"flair","ratio_counts","B80K20","B80K20_2",0.597431832479076,1774,"0-1.5k"
"flair","ratio_counts","B80K20","B80K20_2",0.703295662459255,5416,"1.5k-3k"
"flair","ratio_counts","B80K20","B80K20_2",0.645420205428269,3930,"3k-4.5k"
"flair","ratio_counts","B80K20","B80K20_2",0.611515358892772,2542,">4.5k"
"flair","ratio_counts","B80K20","B80K20_3",0.677720012820349,1782,"0-1.5k"
"flair","ratio_counts","B80K20","B80K20_3",0.710507416834523,5438,"1.5k-3k"
"flair","ratio_counts","B80K20","B80K20_3",0.617471845515412,3930,"3k-4.5k"
"flair","ratio_counts","B80K20","B80K20_3",0.568279246569248,2537,">4.5k"
"flair","ratio_counts","B80K20","B80K20_4",0.623888003169131,1782,"0-1.5k"
"flair","ratio_counts","B80K20","B80K20_4",0.681523579282381,5437,"1.5k-3k"
"flair","ratio_counts","B80K20","B80K20_4",0.620163768441051,3931,"3k-4.5k"
"flair","ratio_counts","B80K20","B80K20_4",0.555067683008553,2533,">4.5k"
"flair","ratio_counts","B80K20","B80K20_5",0.727575763227845,1780,"0-1.5k"
"flair","ratio_counts","B80K20","B80K20_5",0.750039487235701,5427,"1.5k-3k"
"flair","ratio_counts","B80K20","B80K20_5",0.678966217567218,3922,"3k-4.5k"
"flair","ratio_counts","B80K20","B80K20_5",0.629744033444043,2535,">4.5k"
"flair","ratio_counts","Brain","B31",0.729875287452079,1633,"0-1.5k"
"flair","ratio_counts","Brain","B31",0.699852505306127,5069,"1.5k-3k"
"flair","ratio_counts","Brain","B31",0.473197905864535,3865,"3k-4.5k"
"flair","ratio_counts","Brain","B31",0.489568783788118,2562,">4.5k"
"flair","ratio_counts","Brain","B32",0.735462383125015,1632,"0-1.5k"
"flair","ratio_counts","Brain","B32",0.78445529608079,5089,"1.5k-3k"
"flair","ratio_counts","Brain","B32",0.710851156072948,3873,"3k-4.5k"
"flair","ratio_counts","Brain","B32",0.675174498746382,2566,">4.5k"
"flair","ratio_counts","Brain","B33",0.763163197572289,1632,"0-1.5k"
"flair","ratio_counts","Brain","B33",0.761979598117974,5084,"1.5k-3k"
"flair","ratio_counts","Brain","B33",0.650683521943322,3875,"3k-4.5k"
"flair","ratio_counts","Brain","B33",0.58980088129751,2563,">4.5k"
"flair","ratio_counts","Brain","B34",0.810256763920882,1630,"0-1.5k"
"flair","ratio_counts","Brain","B34",0.767559378098114,5091,"1.5k-3k"
"flair","ratio_counts","Brain","B34",0.703361223731418,3864,"3k-4.5k"
"flair","ratio_counts","Brain","B34",0.645241699824463,2559,">4.5k"
"flair","ratio_counts","Brain","B35",0.780167258585661,1628,"0-1.5k"
"flair","ratio_counts","Brain","B35",0.793530572008439,5093,"1.5k-3k"
"flair","ratio_counts","Brain","B35",0.745281896989504,3870,"3k-4.5k"
"flair","ratio_counts","Brain","B35",0.656417201606435,2559,">4.5k"
"flair","ratio_counts","Kidney","K31",0.851001403464097,1697,"0-1.5k"
"flair","ratio_counts","Kidney","K31",0.830951707436913,4948,"1.5k-3k"
"flair","ratio_counts","Kidney","K31",0.852287437339442,3415,"3k-4.5k"
"flair","ratio_counts","Kidney","K31",0.835480842267552,2014,">4.5k"
"flair","ratio_counts","Kidney","K32",0.827656435959022,1694,"0-1.5k"
"flair","ratio_counts","Kidney","K32",0.830975418123861,4965,"1.5k-3k"
"flair","ratio_counts","Kidney","K32",0.85942245334453,3432,"3k-4.5k"
"flair","ratio_counts","Kidney","K32",0.857775116031661,2031,">4.5k"
"flair","ratio_counts","Kidney","K33",0.797359168996009,1691,"0-1.5k"
"flair","ratio_counts","Kidney","K33",0.836397944021389,4949,"1.5k-3k"
"flair","ratio_counts","Kidney","K33",0.865748643531247,3405,"3k-4.5k"
"flair","ratio_counts","Kidney","K33",0.856575735187058,2019,">4.5k"
"flair","ratio_counts","Kidney","K34",0.718116229001798,1693,"0-1.5k"
"flair","ratio_counts","Kidney","K34",0.879431581557651,4959,"1.5k-3k"
"flair","ratio_counts","Kidney","K34",0.877491359307236,3403,"3k-4.5k"
"flair","ratio_counts","Kidney","K34",0.840477866551103,2006,">4.5k"
"flair","ratio_counts","Kidney","K35",0.72668958413477,1693,"0-1.5k"
"flair","ratio_counts","Kidney","K35",0.88865985335328,4940,"1.5k-3k"
"flair","ratio_counts","Kidney","K35",0.878048912695191,3367,"3k-4.5k"
"flair","ratio_counts","Kidney","K35",0.846227776417432,1980,">4.5k"
"isoquant","CPM","B20K80","B20K80_1",0.70736033531478,1449,"0-1.5k"
"isoquant","CPM","B20K80","B20K80_1",0.800064148234041,4125,"1.5k-3k"
"isoquant","CPM","B20K80","B20K80_1",0.765361041260752,3307,"3k-4.5k"
"isoquant","CPM","B20K80","B20K80_1",0.667390497289872,2614,">4.5k"
"isoquant","CPM","B20K80","B20K80_2",0.747668306827203,1446,"0-1.5k"
"isoquant","CPM","B20K80","B20K80_2",0.796804437595408,4128,"1.5k-3k"
"isoquant","CPM","B20K80","B20K80_2",0.746281179231239,3308,"3k-4.5k"
"isoquant","CPM","B20K80","B20K80_2",0.649137630772157,2630,">4.5k"
"isoquant","CPM","B20K80","B20K80_3",0.587768200511635,1444,"0-1.5k"
"isoquant","CPM","B20K80","B20K80_3",0.77557238031844,4128,"1.5k-3k"
"isoquant","CPM","B20K80","B20K80_3",0.753705859841424,3305,"3k-4.5k"
"isoquant","CPM","B20K80","B20K80_3",0.654692107370165,2604,">4.5k"
"isoquant","CPM","B20K80","B20K80_4",0.607777112361313,1446,"0-1.5k"
"isoquant","CPM","B20K80","B20K80_4",0.809100403687519,4122,"1.5k-3k"
"isoquant","CPM","B20K80","B20K80_4",0.771424360283593,3294,"3k-4.5k"
"isoquant","CPM","B20K80","B20K80_4",0.654306005081908,2585,">4.5k"
"isoquant","CPM","B20K80","B20K80_5",0.648337205774104,1449,"0-1.5k"
"isoquant","CPM","B20K80","B20K80_5",0.815463186917423,4118,"1.5k-3k"
"isoquant","CPM","B20K80","B20K80_5",0.776071277270858,3284,"3k-4.5k"
"isoquant","CPM","B20K80","B20K80_5",0.658887769190143,2559,">4.5k"
"isoquant","CPM","B80K20","B80K20_1",0.696846529306892,1427,"0-1.5k"
"isoquant","CPM","B80K20","B80K20_1",0.795306799906957,4079,"1.5k-3k"
"isoquant","CPM","B80K20","B80K20_1",0.752472436824085,3324,"3k-4.5k"
"isoquant","CPM","B80K20","B80K20_1",0.655260412003392,2712,">4.5k"
"isoquant","CPM","B80K20","B80K20_2",0.742829309174831,1427,"0-1.5k"
"isoquant","CPM","B80K20","B80K20_2",0.772564521095173,4052,"1.5k-3k"
"isoquant","CPM","B80K20","B80K20_2",0.697296666386918,3322,"3k-4.5k"
"isoquant","CPM","B80K20","B80K20_2",0.612194100491188,2719,">4.5k"
"isoquant","CPM","B80K20","B80K20_3",0.572801219714437,1434,"0-1.5k"
"isoquant","CPM","B80K20","B80K20_3",0.791475161565195,4086,"1.5k-3k"
"isoquant","CPM","B80K20","B80K20_3",0.743418262299909,3321,"3k-4.5k"
"isoquant","CPM","B80K20","B80K20_3",0.628367951763968,2704,">4.5k"
"isoquant","CPM","B80K20","B80K20_4",0.647627165604841,1432,"0-1.5k"
"isoquant","CPM","B80K20","B80K20_4",0.748542635417101,4092,"1.5k-3k"
"isoquant","CPM","B80K20","B80K20_4",0.716816443542192,3318,"3k-4.5k"
"isoquant","CPM","B80K20","B80K20_4",0.61502588433843,2700,">4.5k"
"isoquant","CPM","B80K20","B80K20_5",0.661151132742977,1431,"0-1.5k"
"isoquant","CPM","B80K20","B80K20_5",0.783532893530139,4072,"1.5k-3k"
"isoquant","CPM","B80K20","B80K20_5",0.739497459172569,3313,"3k-4.5k"
"isoquant","CPM","B80K20","B80K20_5",0.639281360545142,2684,">4.5k"
"isoquant","CPM","Brain","B31",0.742438288552824,1339,"0-1.5k"
"isoquant","CPM","Brain","B31",0.784159811526629,3775,"1.5k-3k"
"isoquant","CPM","Brain","B31",0.693379859709731,3213,"3k-4.5k"
"isoquant","CPM","Brain","B31",0.629032119502906,2752,">4.5k"
"isoquant","CPM","Brain","B32",0.754529136624389,1343,"0-1.5k"
"isoquant","CPM","Brain","B32",0.792961955126978,3779,"1.5k-3k"
"isoquant","CPM","Brain","B32",0.711339131011093,3211,"3k-4.5k"
"isoquant","CPM","Brain","B32",0.619962010247796,2758,">4.5k"
"isoquant","CPM","Brain","B33",0.733224239567726,1336,"0-1.5k"
"isoquant","CPM","Brain","B33",0.780953824244436,3786,"1.5k-3k"
"isoquant","CPM","Brain","B33",0.707407269854388,3213,"3k-4.5k"
"isoquant","CPM","Brain","B33",0.630213356481039,2757,">4.5k"
"isoquant","CPM","Brain","B34",0.635678760435948,1328,"0-1.5k"
"isoquant","CPM","Brain","B34",0.746116958329336,3806,"1.5k-3k"
"isoquant","CPM","Brain","B34",0.714315560004949,3209,"3k-4.5k"
"isoquant","CPM","Brain","B34",0.621300867904174,2714,">4.5k"
"isoquant","CPM","Brain","B35",0.704070273141266,1341,"0-1.5k"
"isoquant","CPM","Brain","B35",0.761115801569833,3813,"1.5k-3k"
"isoquant","CPM","Brain","B35",0.723412108252765,3217,"3k-4.5k"
"isoquant","CPM","Brain","B35",0.645511369497112,2726,">4.5k"
"isoquant","CPM","Kidney","K31",0.795817173844669,1385,"0-1.5k"
"isoquant","CPM","Kidney","K31",0.799071249568396,3806,"1.5k-3k"
"isoquant","CPM","Kidney","K31",0.781537762034721,2971,"3k-4.5k"
"isoquant","CPM","Kidney","K31",0.751544138763873,2242,">4.5k"
"isoquant","CPM","Kidney","K32",0.731885830372496,1378,"0-1.5k"
"isoquant","CPM","Kidney","K32",0.794872873136659,3806,"1.5k-3k"
"isoquant","CPM","Kidney","K32",0.767279998419985,2976,"3k-4.5k"
"isoquant","CPM","Kidney","K32",0.736533524501813,2266,">4.5k"
"isoquant","CPM","Kidney","K33",0.704705377815386,1381,"0-1.5k"
"isoquant","CPM","Kidney","K33",0.795480608005891,3793,"1.5k-3k"
"isoquant","CPM","Kidney","K33",0.787845657506864,2957,"3k-4.5k"
"isoquant","CPM","Kidney","K33",0.746504641623431,2219,">4.5k"
"isoquant","CPM","Kidney","K34",0.602671914230607,1384,"0-1.5k"
"isoquant","CPM","Kidney","K34",0.82479959443931,3818,"1.5k-3k"
"isoquant","CPM","Kidney","K34",0.80932181428415,2940,"3k-4.5k"
"isoquant","CPM","Kidney","K34",0.730043580778259,2169,">4.5k"
"isoquant","CPM","Kidney","K35",0.623196024944393,1381,"0-1.5k"
"isoquant","CPM","Kidney","K35",0.83909461222191,3804,"1.5k-3k"
"isoquant","CPM","Kidney","K35",0.818881931366664,2885,"3k-4.5k"
"isoquant","CPM","Kidney","K35",0.74092335763013,2101,">4.5k"
"isoquant","EDA","B20K80","B20K80_1",0.719744810939256,1449,"0-1.5k"
"isoquant","EDA","B20K80","B20K80_1",0.784545962170041,4125,"1.5k-3k"
"isoquant","EDA","B20K80","B20K80_1",0.755491226196638,3307,"3k-4.5k"
"isoquant","EDA","B20K80","B20K80_1",0.647913487245498,2614,">4.5k"
"isoquant","EDA","B20K80","B20K80_2",0.744657034482912,1446,"0-1.5k"
"isoquant","EDA","B20K80","B20K80_2",0.799318802586213,4128,"1.5k-3k"
"isoquant","EDA","B20K80","B20K80_2",0.747297711044087,3308,"3k-4.5k"
"isoquant","EDA","B20K80","B20K80_2",0.643113384063193,2630,">4.5k"
"isoquant","EDA","B20K80","B20K80_3",0.699898111580639,1444,"0-1.5k"
"isoquant","EDA","B20K80","B20K80_3",0.770024776059285,4128,"1.5k-3k"
"isoquant","EDA","B20K80","B20K80_3",0.74718123366823,3305,"3k-4.5k"
"isoquant","EDA","B20K80","B20K80_3",0.630782189622726,2604,">4.5k"
"isoquant","EDA","B20K80","B20K80_4",0.705567322917147,1446,"0-1.5k"
"isoquant","EDA","B20K80","B20K80_4",0.786269120353414,4122,"1.5k-3k"
"isoquant","EDA","B20K80","B20K80_4",0.758727757041805,3294,"3k-4.5k"
"isoquant","EDA","B20K80","B20K80_4",0.62364581780721,2585,">4.5k"
"isoquant","EDA","B20K80","B20K80_5",0.69413361135954,1449,"0-1.5k"
"isoquant","EDA","B20K80","B20K80_5",0.785406888149142,4118,"1.5k-3k"
"isoquant","EDA","B20K80","B20K80_5",0.759645638980226,3284,"3k-4.5k"
"isoquant","EDA","B20K80","B20K80_5",0.628572882100436,2559,">4.5k"
"isoquant","EDA","B80K20","B80K20_1",0.743426306010986,1427,"0-1.5k"
"isoquant","EDA","B80K20","B80K20_1",0.798516751638228,4079,"1.5k-3k"
"isoquant","EDA","B80K20","B80K20_1",0.754192180691342,3324,"3k-4.5k"
"isoquant","EDA","B80K20","B80K20_1",0.653080557127201,2712,">4.5k"
"isoquant","EDA","B80K20","B80K20_2",0.747558984441704,1427,"0-1.5k"
"isoquant","EDA","B80K20","B80K20_2",0.790075251557001,4052,"1.5k-3k"
"isoquant","EDA","B80K20","B80K20_2",0.708100365208707,3322,"3k-4.5k"
"isoquant","EDA","B80K20","B80K20_2",0.619828056784697,2719,">4.5k"
"isoquant","EDA","B80K20","B80K20_3",0.705407451552552,1434,"0-1.5k"
"isoquant","EDA","B80K20","B80K20_3",0.788566541471596,4086,"1.5k-3k"
"isoquant","EDA","B80K20","B80K20_3",0.7434375469718,3321,"3k-4.5k"
"isoquant","EDA","B80K20","B80K20_3",0.621775059325812,2704,">4.5k"
"isoquant","EDA","B80K20","B80K20_4",0.718509295806144,1432,"0-1.5k"
"isoquant","EDA","B80K20","B80K20_4",0.758493190315272,4092,"1.5k-3k"
"isoquant","EDA","B80K20","B80K20_4",0.720586226986181,3318,"3k-4.5k"
"isoquant","EDA","B80K20","B80K20_4",0.608857055812996,2700,">4.5k"
"isoquant","EDA","B80K20","B80K20_5",0.71559849974802,1431,"0-1.5k"
"isoquant","EDA","B80K20","B80K20_5",0.777568466322125,4072,"1.5k-3k"
"isoquant","EDA","B80K20","B80K20_5",0.73791066479268,3313,"3k-4.5k"
"isoquant","EDA","B80K20","B80K20_5",0.630136526455982,2684,">4.5k"
"isoquant","EDA","Brain","B31",0.718887505084506,1339,"0-1.5k"
"isoquant","EDA","Brain","B31",0.793905186239801,3775,"1.5k-3k"
"isoquant","EDA","Brain","B31",0.706069302749416,3213,"3k-4.5k"
"isoquant","EDA","Brain","B31",0.633973811291501,2752,">4.5k"
"isoquant","EDA","Brain","B32",0.746885869476638,1343,"0-1.5k"
"isoquant","EDA","Brain","B32",0.803309581149424,3779,"1.5k-3k"
"isoquant","EDA","Brain","B32",0.719727041597129,3211,"3k-4.5k"
"isoquant","EDA","Brain","B32",0.626143544395705,2758,">4.5k"
"isoquant","EDA","Brain","B33",0.734434127136174,1336,"0-1.5k"
"isoquant","EDA","Brain","B33",0.797707714026008,3786,"1.5k-3k"
"isoquant","EDA","Brain","B33",0.718515255464505,3213,"3k-4.5k"
"isoquant","EDA","Brain","B33",0.636835721577376,2757,">4.5k"
"isoquant","EDA","Brain","B34",0.727726738808299,1328,"0-1.5k"
"isoquant","EDA","Brain","B34",0.760019936663371,3806,"1.5k-3k"
"isoquant","EDA","Brain","B34",0.719825461378261,3209,"3k-4.5k"
"isoquant","EDA","Brain","B34",0.619573393519364,2714,">4.5k"
"isoquant","EDA","Brain","B35",0.736127540953865,1341,"0-1.5k"
"isoquant","EDA","Brain","B35",0.772819245959057,3813,"1.5k-3k"
"isoquant","EDA","Brain","B35",0.72750649657895,3217,"3k-4.5k"
"isoquant","EDA","Brain","B35",0.641157757810762,2726,">4.5k"
"isoquant","EDA","Kidney","K31",0.724282426350395,1385,"0-1.5k"
"isoquant","EDA","Kidney","K31",0.792273664746642,3806,"1.5k-3k"
"isoquant","EDA","Kidney","K31",0.775619913738699,2971,"3k-4.5k"
"isoquant","EDA","Kidney","K31",0.730644459702049,2242,">4.5k"
"isoquant","EDA","Kidney","K32",0.737006741491001,1378,"0-1.5k"
"isoquant","EDA","Kidney","K32",0.805091308242033,3806,"1.5k-3k"
"isoquant","EDA","Kidney","K32",0.771290813536179,2976,"3k-4.5k"
"isoquant","EDA","Kidney","K32",0.725499700169393,2266,">4.5k"
"isoquant","EDA","Kidney","K33",0.718273918711266,1381,"0-1.5k"
"isoquant","EDA","Kidney","K33",0.792346617185013,3793,"1.5k-3k"
"isoquant","EDA","Kidney","K33",0.782264049290557,2957,"3k-4.5k"
"isoquant","EDA","Kidney","K33",0.725712223230801,2219,">4.5k"
"isoquant","EDA","Kidney","K34",0.686936896979907,1384,"0-1.5k"
"isoquant","EDA","Kidney","K34",0.800691267865695,3818,"1.5k-3k"
"isoquant","EDA","Kidney","K34",0.79411760011862,2940,"3k-4.5k"
"isoquant","EDA","Kidney","K34",0.701016586692485,2169,">4.5k"
"isoquant","EDA","Kidney","K35",0.662961454177024,1381,"0-1.5k"
"isoquant","EDA","Kidney","K35",0.80765295255301,3804,"1.5k-3k"
"isoquant","EDA","Kidney","K35",0.802744541013528,2885,"3k-4.5k"
"isoquant","EDA","Kidney","K35",0.710020720946473,2101,">4.5k"
"isoquant","TPM","B20K80","B20K80_1",0.809649883971193,1449,"0-1.5k"
"isoquant","TPM","B20K80","B20K80_1",0.830223930313554,4125,"1.5k-3k"
"isoquant","TPM","B20K80","B20K80_1",0.772754968153333,3307,"3k-4.5k"
"isoquant","TPM","B20K80","B20K80_1",0.674358360703873,2614,">4.5k"
"isoquant","TPM","B20K80","B20K80_2",0.838933874036746,1446,"0-1.5k"
"isoquant","TPM","B20K80","B20K80_2",0.830685578215324,4128,"1.5k-3k"
"isoquant","TPM","B20K80","B20K80_2",0.759254180755182,3308,"3k-4.5k"
"isoquant","TPM","B20K80","B20K80_2",0.652787486813056,2630,">4.5k"
"isoquant","TPM","B20K80","B20K80_3",0.710208616580492,1444,"0-1.5k"
"isoquant","TPM","B20K80","B20K80_3",0.807198951827317,4128,"1.5k-3k"
"isoquant","TPM","B20K80","B20K80_3",0.759750513117536,3305,"3k-4.5k"
"isoquant","TPM","B20K80","B20K80_3",0.665401431830014,2604,">4.5k"
"isoquant","TPM","B20K80","B20K80_4",0.72830448749383,1446,"0-1.5k"
"isoquant","TPM","B20K80","B20K80_4",0.831198535706701,4122,"1.5k-3k"
"isoquant","TPM","B20K80","B20K80_4",0.772630863248438,3294,"3k-4.5k"
"isoquant","TPM","B20K80","B20K80_4",0.664530397509737,2585,">4.5k"
"isoquant","TPM","B20K80","B20K80_5",0.762629462795275,1449,"0-1.5k"
"isoquant","TPM","B20K80","B20K80_5",0.836812138442379,4118,"1.5k-3k"
"isoquant","TPM","B20K80","B20K80_5",0.777790857255374,3284,"3k-4.5k"
"isoquant","TPM","B20K80","B20K80_5",0.668205811598531,2559,">4.5k"
"isoquant","TPM","B80K20","B80K20_1",0.80409520111788,1427,"0-1.5k"
"isoquant","TPM","B80K20","B80K20_1",0.823138365859401,4079,"1.5k-3k"
"isoquant","TPM","B80K20","B80K20_1",0.754478650961031,3324,"3k-4.5k"
"isoquant","TPM","B80K20","B80K20_1",0.645385654301011,2712,">4.5k"
"isoquant","TPM","B80K20","B80K20_2",0.835181696291543,1427,"0-1.5k"
"isoquant","TPM","B80K20","B80K20_2",0.804726084687123,4052,"1.5k-3k"
"isoquant","TPM","B80K20","B80K20_2",0.707808797867051,3322,"3k-4.5k"
"isoquant","TPM","B80K20","B80K20_2",0.602812555955362,2719,">4.5k"
"isoquant","TPM","B80K20","B80K20_3",0.700823251486058,1434,"0-1.5k"
"isoquant","TPM","B80K20","B80K20_3",0.811328842910683,4086,"1.5k-3k"
"isoquant","TPM","B80K20","B80K20_3",0.740538301371388,3321,"3k-4.5k"
"isoquant","TPM","B80K20","B80K20_3",0.619830759641732,2704,">4.5k"
"isoquant","TPM","B80K20","B80K20_4",0.763837427955123,1432,"0-1.5k"
"isoquant","TPM","B80K20","B80K20_4",0.780934547697221,4092,"1.5k-3k"
"isoquant","TPM","B80K20","B80K20_4",0.719767978496055,3318,"3k-4.5k"
"isoquant","TPM","B80K20","B80K20_4",0.611229797675924,2700,">4.5k"
"isoquant","TPM","B80K20","B80K20_5",0.773501844906467,1431,"0-1.5k"
"isoquant","TPM","B80K20","B80K20_5",0.806971500244666,4072,"1.5k-3k"
"isoquant","TPM","B80K20","B80K20_5",0.738287405363878,3313,"3k-4.5k"
"isoquant","TPM","B80K20","B80K20_5",0.63484789319207,2684,">4.5k"
"isoquant","TPM","Brain","B31",0.831140517485665,1339,"0-1.5k"
"isoquant","TPM","Brain","B31",0.819251419986215,3775,"1.5k-3k"
"isoquant","TPM","Brain","B31",0.714792464526393,3213,"3k-4.5k"
"isoquant","TPM","Brain","B31",0.641746208067864,2752,">4.5k"
"isoquant","TPM","Brain","B32",0.836905409210374,1343,"0-1.5k"
"isoquant","TPM","Brain","B32",0.819836357443623,3779,"1.5k-3k"
"isoquant","TPM","Brain","B32",0.722855433326632,3211,"3k-4.5k"
"isoquant","TPM","Brain","B32",0.607489344400465,2758,">4.5k"
"isoquant","TPM","Brain","B33",0.824028196003277,1336,"0-1.5k"
"isoquant","TPM","Brain","B33",0.814911285525942,3786,"1.5k-3k"
"isoquant","TPM","Brain","B33",0.721748268902363,3213,"3k-4.5k"
"isoquant","TPM","Brain","B33",0.621363413972061,2757,">4.5k"
"isoquant","TPM","Brain","B34",0.746862311472462,1328,"0-1.5k"
"isoquant","TPM","Brain","B34",0.776396558811571,3806,"1.5k-3k"
"isoquant","TPM","Brain","B34",0.715630843568713,3209,"3k-4.5k"
"isoquant","TPM","Brain","B34",0.610167517188609,2714,">4.5k"
"isoquant","TPM","Brain","B35",0.799955464278453,1341,"0-1.5k"
"isoquant","TPM","Brain","B35",0.794098750422879,3813,"1.5k-3k"
"isoquant","TPM","Brain","B35",0.72811102608449,3217,"3k-4.5k"
"isoquant","TPM","Brain","B35",0.638937071493018,2726,">4.5k"
"isoquant","TPM","Kidney","K31",0.87677003786578,1385,"0-1.5k"
"isoquant","TPM","Kidney","K31",0.836957155593955,3806,"1.5k-3k"
"isoquant","TPM","Kidney","K31",0.797845237350757,2971,"3k-4.5k"
"isoquant","TPM","Kidney","K31",0.769003837150444,2242,">4.5k"
"isoquant","TPM","Kidney","K32",0.833314148385473,1378,"0-1.5k"
"isoquant","TPM","Kidney","K32",0.833302890703761,3806,"1.5k-3k"
"isoquant","TPM","Kidney","K32",0.784940619598853,2976,"3k-4.5k"
"isoquant","TPM","Kidney","K32",0.747915753093859,2266,">4.5k"
"isoquant","TPM","Kidney","K33",0.816895489304921,1381,"0-1.5k"
"isoquant","TPM","Kidney","K33",0.833167265661383,3793,"1.5k-3k"
"isoquant","TPM","Kidney","K33",0.802444833498994,2957,"3k-4.5k"
"isoquant","TPM","Kidney","K33",0.762756744283428,2219,">4.5k"
"isoquant","TPM","Kidney","K34",0.726768186028028,1384,"0-1.5k"
"isoquant","TPM","Kidney","K34",0.845765845538563,3818,"1.5k-3k"
"isoquant","TPM","Kidney","K34",0.811663201496761,2940,"3k-4.5k"
"isoquant","TPM","Kidney","K34",0.742591844341185,2169,">4.5k"
"isoquant","TPM","Kidney","K35",0.743045993076595,1381,"0-1.5k"
"isoquant","TPM","Kidney","K35",0.857082982915847,3804,"1.5k-3k"
"isoquant","TPM","Kidney","K35",0.819632777072634,2885,"3k-4.5k"
"isoquant","TPM","Kidney","K35",0.752622797560639,2101,">4.5k"
"isoquant","cqn","B20K80","B20K80_1",0.636115521767497,1483,"0-1.5k"
"isoquant","cqn","B20K80","B20K80_1",0.759481226593543,4249,"1.5k-3k"
"isoquant","cqn","B20K80","B20K80_1",0.736573402697017,3496,"3k-4.5k"
"isoquant","cqn","B20K80","B20K80_1",0.647531065070548,3016,">4.5k"
"isoquant","cqn","B20K80","B20K80_2",0.68685128040005,1483,"0-1.5k"
"isoquant","cqn","B20K80","B20K80_2",0.789265749490907,4253,"1.5k-3k"
"isoquant","cqn","B20K80","B20K80_2",0.73081067863273,3493,"3k-4.5k"
"isoquant","cqn","B20K80","B20K80_2",0.631511360406039,3016,">4.5k"
"isoquant","cqn","B20K80","B20K80_3",0.649588044030537,1483,"0-1.5k"
"isoquant","cqn","B20K80","B20K80_3",0.75788651939435,4255,"1.5k-3k"
"isoquant","cqn","B20K80","B20K80_3",0.733937512860776,3493,"3k-4.5k"
"isoquant","cqn","B20K80","B20K80_3",0.637301884307284,3016,">4.5k"
"isoquant","cqn","B20K80","B20K80_4",0.665726605357269,1483,"0-1.5k"
"isoquant","cqn","B20K80","B20K80_4",0.76425789255652,4251,"1.5k-3k"
"isoquant","cqn","B20K80","B20K80_4",0.74576761222981,3493,"3k-4.5k"
"isoquant","cqn","B20K80","B20K80_4",0.637383489301004,3013,">4.5k"
"isoquant","cqn","B20K80","B20K80_5",0.621565854376046,1483,"0-1.5k"
"isoquant","cqn","B20K80","B20K80_5",0.754861618695433,4248,"1.5k-3k"
"isoquant","cqn","B20K80","B20K80_5",0.745263913902104,3488,"3k-4.5k"
"isoquant","cqn","B20K80","B20K80_5",0.636028274929977,3012,">4.5k"
"isoquant","cqn","B80K20","B80K20_1",0.729652891671779,1483,"0-1.5k"
"isoquant","cqn","B80K20","B80K20_1",0.778699529241889,4249,"1.5k-3k"
"isoquant","cqn","B80K20","B80K20_1",0.727285881202268,3491,"3k-4.5k"
"isoquant","cqn","B80K20","B80K20_1",0.625122576134135,3014,">4.5k"
"isoquant","cqn","B80K20","B80K20_2",0.745125808460959,1483,"0-1.5k"
"isoquant","cqn","B80K20","B80K20_2",0.779147435721956,4247,"1.5k-3k"
"isoquant","cqn","B80K20","B80K20_2",0.695630357874607,3494,"3k-4.5k"
"isoquant","cqn","B80K20","B80K20_2",0.59428492781064,3017,">4.5k"
"isoquant","cqn","B80K20","B80K20_3",0.71209600867931,1483,"0-1.5k"
"isoquant","cqn","B80K20","B80K20_3",0.771815878263877,4254,"1.5k-3k"
"isoquant","cqn","B80K20","B80K20_3",0.726402480163817,3494,"3k-4.5k"
"isoquant","cqn","B80K20","B80K20_3",0.616847794760488,3016,">4.5k"
"isoquant","cqn","B80K20","B80K20_4",0.67971765702673,1483,"0-1.5k"
"isoquant","cqn","B80K20","B80K20_4",0.755096508190438,4249,"1.5k-3k"
"isoquant","cqn","B80K20","B80K20_4",0.712284381737839,3491,"3k-4.5k"
"isoquant","cqn","B80K20","B80K20_4",0.614367258265663,3014,">4.5k"
"isoquant","cqn","B80K20","B80K20_5",0.68961457674094,1483,"0-1.5k"
"isoquant","cqn","B80K20","B80K20_5",0.761138550358728,4248,"1.5k-3k"
"isoquant","cqn","B80K20","B80K20_5",0.722177144401156,3486,"3k-4.5k"
"isoquant","cqn","B80K20","B80K20_5",0.623731926797344,3015,">4.5k"
"isoquant","cqn","Brain","B31",0.746221224381424,1446,"0-1.5k"
"isoquant","cqn","Brain","B31",0.806691419569652,4139,"1.5k-3k"
"isoquant","cqn","Brain","B31",0.725070492773165,3448,"3k-4.5k"
"isoquant","cqn","Brain","B31",0.633588443105438,2999,">4.5k"
"isoquant","cqn","Brain","B32",0.764268108502305,1445,"0-1.5k"
"isoquant","cqn","Brain","B32",0.806559885896181,4150,"1.5k-3k"
"isoquant","cqn","Brain","B32",0.725583907254411,3463,"3k-4.5k"
"isoquant","cqn","Brain","B32",0.614485602280082,3005,">4.5k"
"isoquant","cqn","Brain","B33",0.750865266844318,1438,"0-1.5k"
"isoquant","cqn","Brain","B33",0.808933660736995,4128,"1.5k-3k"
"isoquant","cqn","Brain","B33",0.730487232411106,3440,"3k-4.5k"
"isoquant","cqn","Brain","B33",0.628121804823611,2998,">4.5k"
"isoquant","cqn","Brain","B34",0.74212603363704,1441,"0-1.5k"
"isoquant","cqn","Brain","B34",0.783768181388109,4148,"1.5k-3k"
"isoquant","cqn","Brain","B34",0.735013850301208,3457,"3k-4.5k"
"isoquant","cqn","Brain","B34",0.624007975938653,2999,">4.5k"
"isoquant","cqn","Brain","B35",0.727021360932909,1447,"0-1.5k"
"isoquant","cqn","Brain","B35",0.792911987370451,4153,"1.5k-3k"
"isoquant","cqn","Brain","B35",0.741438534595858,3459,"3k-4.5k"
"isoquant","cqn","Brain","B35",0.648884565770691,3008,">4.5k"
"isoquant","cqn","Kidney","K31",0.640322424971548,1451,"0-1.5k"
"isoquant","cqn","Kidney","K31",0.783816485846728,4085,"1.5k-3k"
"isoquant","cqn","Kidney","K31",0.747560937422928,3324,"3k-4.5k"
"isoquant","cqn","Kidney","K31",0.673856118204688,2827,">4.5k"
"isoquant","cqn","Kidney","K32",0.687905293371167,1449,"0-1.5k"
"isoquant","cqn","Kidney","K32",0.801950953674834,4105,"1.5k-3k"
"isoquant","cqn","Kidney","K32",0.761705569357754,3363,"3k-4.5k"
"isoquant","cqn","Kidney","K32",0.68851715059637,2873,">4.5k"
"isoquant","cqn","Kidney","K33",0.688905223989135,1452,"0-1.5k"
"isoquant","cqn","Kidney","K33",0.79132795801856,4090,"1.5k-3k"
"isoquant","cqn","Kidney","K33",0.758398783544449,3334,"3k-4.5k"
"isoquant","cqn","Kidney","K33",0.684827133903764,2831,">4.5k"
"isoquant","cqn","Kidney","K34",0.656958107796858,1454,"0-1.5k"
"isoquant","cqn","Kidney","K34",0.775701215374944,4076,"1.5k-3k"
"isoquant","cqn","Kidney","K34",0.762360662434105,3328,"3k-4.5k"
"isoquant","cqn","Kidney","K34",0.652345374757008,2848,">4.5k"
"isoquant","cqn","Kidney","K35",0.630457432183265,1448,"0-1.5k"
"isoquant","cqn","Kidney","K35",0.757132485879387,4077,"1.5k-3k"
"isoquant","cqn","Kidney","K35",0.744380568718817,3315,"3k-4.5k"
"isoquant","cqn","Kidney","K35",0.609565319049706,2813,">4.5k"
"isoquant","ratio_counts","B20K80","B20K80_1",0.735007200627214,1449,"0-1.5k"
"isoquant","ratio_counts","B20K80","B20K80_1",0.646530276240725,4125,"1.5k-3k"
"isoquant","ratio_counts","B20K80","B20K80_1",0.530702674247804,3307,"3k-4.5k"
"isoquant","ratio_counts","B20K80","B20K80_1",0.338255568348208,2614,">4.5k"
"isoquant","ratio_counts","B20K80","B20K80_2",0.739758785822834,1446,"0-1.5k"
"isoquant","ratio_counts","B20K80","B20K80_2",0.761727009946316,4128,"1.5k-3k"
"isoquant","ratio_counts","B20K80","B20K80_2",0.690370789400346,3308,"3k-4.5k"
"isoquant","ratio_counts","B20K80","B20K80_2",0.529513209873489,2630,">4.5k"
"isoquant","ratio_counts","B20K80","B20K80_3",0.601215886718445,1444,"0-1.5k"
"isoquant","ratio_counts","B20K80","B20K80_3",0.718591164082703,4128,"1.5k-3k"
"isoquant","ratio_counts","B20K80","B20K80_3",0.68119111099542,3305,"3k-4.5k"
"isoquant","ratio_counts","B20K80","B20K80_3",0.481155043685376,2604,">4.5k"
"isoquant","ratio_counts","B20K80","B20K80_4",0.659115520378119,1446,"0-1.5k"
"isoquant","ratio_counts","B20K80","B20K80_4",0.752584540905035,4122,"1.5k-3k"
"isoquant","ratio_counts","B20K80","B20K80_4",0.693485981807262,3294,"3k-4.5k"
"isoquant","ratio_counts","B20K80","B20K80_4",0.508651145295794,2585,">4.5k"
"isoquant","ratio_counts","B20K80","B20K80_5",0.737401472902065,1449,"0-1.5k"
"isoquant","ratio_counts","B20K80","B20K80_5",0.731092231016843,4118,"1.5k-3k"
"isoquant","ratio_counts","B20K80","B20K80_5",0.640561275961597,3284,"3k-4.5k"
"isoquant","ratio_counts","B20K80","B20K80_5",0.432959241991308,2559,">4.5k"
"isoquant","ratio_counts","B80K20","B80K20_1",0.747409561568184,1427,"0-1.5k"
"isoquant","ratio_counts","B80K20","B80K20_1",0.792596706260169,4079,"1.5k-3k"
"isoquant","ratio_counts","B80K20","B80K20_1",0.705794997388138,3324,"3k-4.5k"
"isoquant","ratio_counts","B80K20","B80K20_1",0.600171923089174,2712,">4.5k"
"isoquant","ratio_counts","B80K20","B80K20_2",0.60347355113369,1427,"0-1.5k"
"isoquant","ratio_counts","B80K20","B80K20_2",0.702220793784394,4052,"1.5k-3k"
"isoquant","ratio_counts","B80K20","B80K20_2",0.623229328806264,3322,"3k-4.5k"
"isoquant","ratio_counts","B80K20","B80K20_2",0.543335092634071,2719,">4.5k"
"isoquant","ratio_counts","B80K20","B80K20_3",0.653922901257352,1434,"0-1.5k"
"isoquant","ratio_counts","B80K20","B80K20_3",0.698105632694373,4086,"1.5k-3k"
"isoquant","ratio_counts","B80K20","B80K20_3",0.570050368728234,3321,"3k-4.5k"
"isoquant","ratio_counts","B80K20","B80K20_3",0.436127940205227,2704,">4.5k"
"isoquant","ratio_counts","B80K20","B80K20_4",0.656610910116816,1432,"0-1.5k"
"isoquant","ratio_counts","B80K20","B80K20_4",0.653456698084566,4092,"1.5k-3k"
"isoquant","ratio_counts","B80K20","B80K20_4",0.574820118960647,3318,"3k-4.5k"
"isoquant","ratio_counts","B80K20","B80K20_4",0.448086951970629,2700,">4.5k"
"isoquant","ratio_counts","B80K20","B80K20_5",0.717548891299202,1431,"0-1.5k"
"isoquant","ratio_counts","B80K20","B80K20_5",0.739855723360637,4072,"1.5k-3k"
"isoquant","ratio_counts","B80K20","B80K20_5",0.614274804491843,3313,"3k-4.5k"
"isoquant","ratio_counts","B80K20","B80K20_5",0.512895723056392,2684,">4.5k"
"isoquant","ratio_counts","Brain","B31",0.761762002939421,1339,"0-1.5k"
"isoquant","ratio_counts","Brain","B31",0.725676469955969,3775,"1.5k-3k"
"isoquant","ratio_counts","Brain","B31",0.479258296610057,3213,"3k-4.5k"
"isoquant","ratio_counts","Brain","B31",0.403589417108993,2752,">4.5k"
"isoquant","ratio_counts","Brain","B32",0.747859182045137,1343,"0-1.5k"
"isoquant","ratio_counts","Brain","B32",0.784014278054767,3779,"1.5k-3k"
"isoquant","ratio_counts","Brain","B32",0.697050077316421,3211,"3k-4.5k"
"isoquant","ratio_counts","Brain","B32",0.58602234540393,2758,">4.5k"
"isoquant","ratio_counts","Brain","B33",0.771207781507401,1336,"0-1.5k"
"isoquant","ratio_counts","Brain","B33",0.757139221465643,3786,"1.5k-3k"
"isoquant","ratio_counts","Brain","B33",0.639862144143953,3213,"3k-4.5k"
"isoquant","ratio_counts","Brain","B33",0.521551469545843,2757,">4.5k"
"isoquant","ratio_counts","Brain","B34",0.809237895012133,1328,"0-1.5k"
"isoquant","ratio_counts","Brain","B34",0.761212452060153,3806,"1.5k-3k"
"isoquant","ratio_counts","Brain","B34",0.669014757245804,3209,"3k-4.5k"
"isoquant","ratio_counts","Brain","B34",0.518410107273792,2714,">4.5k"
"isoquant","ratio_counts","Brain","B35",0.798340075294344,1341,"0-1.5k"
"isoquant","ratio_counts","Brain","B35",0.780031255284091,3813,"1.5k-3k"
"isoquant","ratio_counts","Brain","B35",0.694551655826052,3217,"3k-4.5k"
"isoquant","ratio_counts","Brain","B35",0.560821344173948,2726,">4.5k"
"isoquant","ratio_counts","Kidney","K31",0.833918575532908,1385,"0-1.5k"
"isoquant","ratio_counts","Kidney","K31",0.802562699495747,3806,"1.5k-3k"
"isoquant","ratio_counts","Kidney","K31",0.792791066982091,2971,"3k-4.5k"
"isoquant","ratio_counts","Kidney","K31",0.722728181323755,2242,">4.5k"
"isoquant","ratio_counts","Kidney","K32",0.820216915897406,1378,"0-1.5k"
"isoquant","ratio_counts","Kidney","K32",0.794975094406307,3806,"1.5k-3k"
"isoquant","ratio_counts","Kidney","K32",0.791568248986359,2976,"3k-4.5k"
"isoquant","ratio_counts","Kidney","K32",0.739648244208964,2266,">4.5k"
"isoquant","ratio_counts","Kidney","K33",0.797764394063066,1381,"0-1.5k"
"isoquant","ratio_counts","Kidney","K33",0.804475922796302,3793,"1.5k-3k"
"isoquant","ratio_counts","Kidney","K33",0.804017001482451,2957,"3k-4.5k"
"isoquant","ratio_counts","Kidney","K33",0.725355266992894,2219,">4.5k"
"isoquant","ratio_counts","Kidney","K34",0.70025951967856,1384,"0-1.5k"
"isoquant","ratio_counts","Kidney","K34",0.836920703418254,3818,"1.5k-3k"
"isoquant","ratio_counts","Kidney","K34",0.818639147479739,2940,"3k-4.5k"
"isoquant","ratio_counts","Kidney","K34",0.700699603136546,2169,">4.5k"
"isoquant","ratio_counts","Kidney","K35",0.711533816868082,1381,"0-1.5k"
"isoquant","ratio_counts","Kidney","K35",0.851720796769564,3804,"1.5k-3k"
"isoquant","ratio_counts","Kidney","K35",0.818328852560001,2885,"3k-4.5k"
"isoquant","ratio_counts","Kidney","K35",0.708592165478216,2101,">4.5k"
"kallisto","CPM","B20K80","B20K80_1",0.688466353056248,1734,"0-1.5k"
"kallisto","CPM","B20K80","B20K80_1",0.815632044649842,4371,"1.5k-3k"
"kallisto","CPM","B20K80","B20K80_1",0.830320634701421,3299,"3k-4.5k"
"kallisto","CPM","B20K80","B20K80_1",0.791654212762608,3146,">4.5k"
"kallisto","CPM","B20K80","B20K80_2",0.724505409967694,1735,"0-1.5k"
"kallisto","CPM","B20K80","B20K80_2",0.809435392973265,4371,"1.5k-3k"
"kallisto","CPM","B20K80","B20K80_2",0.803740476469217,3300,"3k-4.5k"
"kallisto","CPM","B20K80","B20K80_2",0.774744050072182,3163,">4.5k"
"kallisto","CPM","B20K80","B20K80_3",0.56259507257715,1733,"0-1.5k"
"kallisto","CPM","B20K80","B20K80_3",0.797955752115887,4372,"1.5k-3k"
"kallisto","CPM","B20K80","B20K80_3",0.823457171556799,3293,"3k-4.5k"
"kallisto","CPM","B20K80","B20K80_3",0.790994196010462,3139,">4.5k"
"kallisto","CPM","B20K80","B20K80_4",0.585337386928362,1734,"0-1.5k"
"kallisto","CPM","B20K80","B20K80_4",0.830544318275047,4365,"1.5k-3k"
"kallisto","CPM","B20K80","B20K80_4",0.833391468761048,3288,"3k-4.5k"
"kallisto","CPM","B20K80","B20K80_4",0.785675364736785,3128,">4.5k"
"kallisto","CPM","B20K80","B20K80_5",0.626553939500182,1736,"0-1.5k"
"kallisto","CPM","B20K80","B20K80_5",0.833874775669053,4372,"1.5k-3k"
"kallisto","CPM","B20K80","B20K80_5",0.836452018670145,3284,"3k-4.5k"
"kallisto","CPM","B20K80","B20K80_5",0.779257888784225,3093,">4.5k"
"kallisto","CPM","B80K20","B80K20_1",0.688051334816928,1724,"0-1.5k"
"kallisto","CPM","B80K20","B80K20_1",0.810491761493698,4360,"1.5k-3k"
"kallisto","CPM","B80K20","B80K20_1",0.811466017770735,3294,"3k-4.5k"
"kallisto","CPM","B80K20","B80K20_1",0.784381858458615,3154,">4.5k"
"kallisto","CPM","B80K20","B80K20_2",0.724877799725394,1714,"0-1.5k"
"kallisto","CPM","B80K20","B80K20_2",0.779899234378965,4334,"1.5k-3k"
"kallisto","CPM","B80K20","B80K20_2",0.75471568808141,3297,"3k-4.5k"
"kallisto","CPM","B80K20","B80K20_2",0.729519000265454,3160,">4.5k"
"kallisto","CPM","B80K20","B80K20_3",0.566371904434978,1728,"0-1.5k"
"kallisto","CPM","B80K20","B80K20_3",0.811586611913237,4366,"1.5k-3k"
"kallisto","CPM","B80K20","B80K20_3",0.807996689202087,3295,"3k-4.5k"
"kallisto","CPM","B80K20","B80K20_3",0.76820421419866,3149,">4.5k"
"kallisto","CPM","B80K20","B80K20_4",0.634443537139591,1726,"0-1.5k"
"kallisto","CPM","B80K20","B80K20_4",0.767836093686554,4362,"1.5k-3k"
"kallisto","CPM","B80K20","B80K20_4",0.779617673120374,3304,"3k-4.5k"
"kallisto","CPM","B80K20","B80K20_4",0.75111053932007,3151,">4.5k"
"kallisto","CPM","B80K20","B80K20_5",0.653961679727845,1731,"0-1.5k"
"kallisto","CPM","B80K20","B80K20_5",0.79763251763247,4344,"1.5k-3k"
"kallisto","CPM","B80K20","B80K20_5",0.800400832140925,3292,"3k-4.5k"
"kallisto","CPM","B80K20","B80K20_5",0.778892973271605,3131,">4.5k"
"kallisto","CPM","Brain","B31",0.740447566627025,1615,"0-1.5k"
"kallisto","CPM","Brain","B31",0.79356237430685,4079,"1.5k-3k"
"kallisto","CPM","Brain","B31",0.745497530882101,3222,"3k-4.5k"
"kallisto","CPM","Brain","B31",0.744149004876842,3115,">4.5k"
"kallisto","CPM","Brain","B32",0.755755035238797,1613,"0-1.5k"
"kallisto","CPM","Brain","B32",0.799240913116711,4077,"1.5k-3k"
"kallisto","CPM","Brain","B32",0.760975475973228,3223,"3k-4.5k"
"kallisto","CPM","Brain","B32",0.733416854757649,3121,">4.5k"
"kallisto","CPM","Brain","B33",0.72833262260211,1609,"0-1.5k"
"kallisto","CPM","Brain","B33",0.790025233184783,4068,"1.5k-3k"
"kallisto","CPM","Brain","B33",0.760741497555833,3227,"3k-4.5k"
"kallisto","CPM","Brain","B33",0.741030413567696,3123,">4.5k"
"kallisto","CPM","Brain","B34",0.615690324519042,1593,"0-1.5k"
"kallisto","CPM","Brain","B34",0.765880544908511,4095,"1.5k-3k"
"kallisto","CPM","Brain","B34",0.778430672339498,3218,"3k-4.5k"
"kallisto","CPM","Brain","B34",0.764123669832126,3132,">4.5k"
"kallisto","CPM","Brain","B35",0.702318490103977,1615,"0-1.5k"
"kallisto","CPM","Brain","B35",0.775841517535447,4101,"1.5k-3k"
"kallisto","CPM","Brain","B35",0.782235263447745,3215,"3k-4.5k"
"kallisto","CPM","Brain","B35",0.768298314197941,3109,">4.5k"
"kallisto","CPM","Kidney","K31",0.778708191542423,1668,"0-1.5k"
"kallisto","CPM","Kidney","K31",0.817366267373997,4035,"1.5k-3k"
"kallisto","CPM","Kidney","K31",0.847064791205194,2976,"3k-4.5k"
"kallisto","CPM","Kidney","K31",0.848515180637497,2704,">4.5k"
"kallisto","CPM","Kidney","K32",0.717592061958883,1662,"0-1.5k"
"kallisto","CPM","Kidney","K32",0.81137369662248,4055,"1.5k-3k"
"kallisto","CPM","Kidney","K32",0.832809430734715,2990,"3k-4.5k"
"kallisto","CPM","Kidney","K32",0.835103200590218,2744,">4.5k"
"kallisto","CPM","Kidney","K33",0.681871719636264,1662,"0-1.5k"
"kallisto","CPM","Kidney","K33",0.817004742200854,4033,"1.5k-3k"
"kallisto","CPM","Kidney","K33",0.853163205659374,2960,"3k-4.5k"
"kallisto","CPM","Kidney","K33",0.855980342875288,2691,">4.5k"
"kallisto","CPM","Kidney","K34",0.588383885290005,1669,"0-1.5k"
"kallisto","CPM","Kidney","K34",0.849574381355886,4070,"1.5k-3k"
"kallisto","CPM","Kidney","K34",0.871895901062066,2957,"3k-4.5k"
"kallisto","CPM","Kidney","K34",0.852170593517082,2644,">4.5k"
"kallisto","CPM","Kidney","K35",0.616626549032196,1666,"0-1.5k"
"kallisto","CPM","Kidney","K35",0.862894046495845,4044,"1.5k-3k"
"kallisto","CPM","Kidney","K35",0.884163883866454,2887,"3k-4.5k"
"kallisto","CPM","Kidney","K35",0.8425623309505,2563,">4.5k"
"kallisto","EDA","B20K80","B20K80_1",0.708119168284942,1734,"0-1.5k"
"kallisto","EDA","B20K80","B20K80_1",0.80326747800725,4371,"1.5k-3k"
"kallisto","EDA","B20K80","B20K80_1",0.827191217185945,3299,"3k-4.5k"
"kallisto","EDA","B20K80","B20K80_1",0.765272971248938,3146,">4.5k"
"kallisto","EDA","B20K80","B20K80_2",0.736895926149641,1735,"0-1.5k"
"kallisto","EDA","B20K80","B20K80_2",0.813184905546959,4371,"1.5k-3k"
"kallisto","EDA","B20K80","B20K80_2",0.804073606385607,3300,"3k-4.5k"
"kallisto","EDA","B20K80","B20K80_2",0.756717321726613,3163,">4.5k"
"kallisto","EDA","B20K80","B20K80_3",0.672063990690466,1733,"0-1.5k"
"kallisto","EDA","B20K80","B20K80_3",0.790394121480813,4372,"1.5k-3k"
"kallisto","EDA","B20K80","B20K80_3",0.821073832063581,3293,"3k-4.5k"
"kallisto","EDA","B20K80","B20K80_3",0.757965583833164,3139,">4.5k"
"kallisto","EDA","B20K80","B20K80_4",0.676697307132628,1734,"0-1.5k"
"kallisto","EDA","B20K80","B20K80_4",0.808653014833893,4365,"1.5k-3k"
"kallisto","EDA","B20K80","B20K80_4",0.828960548579302,3288,"3k-4.5k"
"kallisto","EDA","B20K80","B20K80_4",0.747772035539201,3128,">4.5k"
"kallisto","EDA","B20K80","B20K80_5",0.670681553401588,1736,"0-1.5k"
"kallisto","EDA","B20K80","B20K80_5",0.807651099788538,4372,"1.5k-3k"
"kallisto","EDA","B20K80","B20K80_5",0.831453923523058,3284,"3k-4.5k"
"kallisto","EDA","B20K80","B20K80_5",0.741160090311474,3093,">4.5k"
"kallisto","EDA","B80K20","B80K20_1",0.721876525388197,1724,"0-1.5k"
"kallisto","EDA","B80K20","B80K20_1",0.814562967213086,4360,"1.5k-3k"
"kallisto","EDA","B80K20","B80K20_1",0.812955958595535,3294,"3k-4.5k"
"kallisto","EDA","B80K20","B80K20_1",0.772877560042272,3154,">4.5k"
"kallisto","EDA","B80K20","B80K20_2",0.735225687455296,1714,"0-1.5k"
"kallisto","EDA","B80K20","B80K20_2",0.799077243869458,4334,"1.5k-3k"
"kallisto","EDA","B80K20","B80K20_2",0.758233348914812,3297,"3k-4.5k"
"kallisto","EDA","B80K20","B80K20_2",0.727106420772419,3160,">4.5k"
"kallisto","EDA","B80K20","B80K20_3",0.679252096233553,1728,"0-1.5k"
"kallisto","EDA","B80K20","B80K20_3",0.806620507813597,4366,"1.5k-3k"
"kallisto","EDA","B80K20","B80K20_3",0.809165422224213,3295,"3k-4.5k"
"kallisto","EDA","B80K20","B80K20_3",0.75318986072484,3149,">4.5k"
"kallisto","EDA","B80K20","B80K20_4",0.698339362231211,1726,"0-1.5k"
"kallisto","EDA","B80K20","B80K20_4",0.777328725374283,4362,"1.5k-3k"
"kallisto","EDA","B80K20","B80K20_4",0.781587438661181,3304,"3k-4.5k"
"kallisto","EDA","B80K20","B80K20_4",0.734182089591268,3151,">4.5k"
"kallisto","EDA","B80K20","B80K20_5",0.696773278948425,1731,"0-1.5k"
"kallisto","EDA","B80K20","B80K20_5",0.793319125122063,4344,"1.5k-3k"
"kallisto","EDA","B80K20","B80K20_5",0.801155379995258,3292,"3k-4.5k"
"kallisto","EDA","B80K20","B80K20_5",0.760208532609079,3131,">4.5k"
"kallisto","EDA","Brain","B31",0.713581128425791,1615,"0-1.5k"
"kallisto","EDA","Brain","B31",0.80648943231873,4079,"1.5k-3k"
"kallisto","EDA","Brain","B31",0.752722307424524,3222,"3k-4.5k"
"kallisto","EDA","Brain","B31",0.738859648858679,3115,">4.5k"
"kallisto","EDA","Brain","B32",0.740526499945684,1613,"0-1.5k"
"kallisto","EDA","Brain","B32",0.812055590655392,4077,"1.5k-3k"
"kallisto","EDA","Brain","B32",0.764237456719639,3223,"3k-4.5k"
"kallisto","EDA","Brain","B32",0.732821710799334,3121,">4.5k"
"kallisto","EDA","Brain","B33",0.724858048630007,1609,"0-1.5k"
"kallisto","EDA","Brain","B33",0.807026716042114,4068,"1.5k-3k"
"kallisto","EDA","Brain","B33",0.76461456856163,3227,"3k-4.5k"
"kallisto","EDA","Brain","B33",0.738799869074876,3123,">4.5k"
"kallisto","EDA","Brain","B34",0.688754923755239,1593,"0-1.5k"
"kallisto","EDA","Brain","B34",0.776343865436101,4095,"1.5k-3k"
"kallisto","EDA","Brain","B34",0.781062196573444,3218,"3k-4.5k"
"kallisto","EDA","Brain","B34",0.754363395678845,3132,">4.5k"
"kallisto","EDA","Brain","B35",0.723219326515997,1615,"0-1.5k"
"kallisto","EDA","Brain","B35",0.787600146023993,4101,"1.5k-3k"
"kallisto","EDA","Brain","B35",0.784391061858268,3215,"3k-4.5k"
"kallisto","EDA","Brain","B35",0.755859607592528,3109,">4.5k"
"kallisto","EDA","Kidney","K31",0.731815838804401,1668,"0-1.5k"
"kallisto","EDA","Kidney","K31",0.811442652078118,4035,"1.5k-3k"
"kallisto","EDA","Kidney","K31",0.843728609261101,2976,"3k-4.5k"
"kallisto","EDA","Kidney","K31",0.819897963178085,2704,">4.5k"
"kallisto","EDA","Kidney","K32",0.735290025457918,1662,"0-1.5k"
"kallisto","EDA","Kidney","K32",0.817261464941753,4055,"1.5k-3k"
"kallisto","EDA","Kidney","K32",0.832141954207355,2990,"3k-4.5k"
"kallisto","EDA","Kidney","K32",0.813530771334661,2744,">4.5k"
"kallisto","EDA","Kidney","K33",0.714098125966419,1662,"0-1.5k"
"kallisto","EDA","Kidney","K33",0.812546464834282,4033,"1.5k-3k"
"kallisto","EDA","Kidney","K33",0.848973616124687,2960,"3k-4.5k"
"kallisto","EDA","Kidney","K33",0.820720654623525,2691,">4.5k"
"kallisto","EDA","Kidney","K34",0.667115444747376,1669,"0-1.5k"
"kallisto","EDA","Kidney","K34",0.823223154135366,4070,"1.5k-3k"
"kallisto","EDA","Kidney","K34",0.86411754763592,2957,"3k-4.5k"
"kallisto","EDA","Kidney","K34",0.811056662448684,2644,">4.5k"
"kallisto","EDA","Kidney","K35",0.657914953205722,1666,"0-1.5k"
"kallisto","EDA","Kidney","K35",0.83166700023778,4044,"1.5k-3k"
"kallisto","EDA","Kidney","K35",0.875542114554256,2887,"3k-4.5k"
"kallisto","EDA","Kidney","K35",0.8026054675467,2563,">4.5k"
"kallisto","TPM","B20K80","B20K80_1",0.793371802849329,1734,"0-1.5k"
"kallisto","TPM","B20K80","B20K80_1",0.838845612710696,4371,"1.5k-3k"
"kallisto","TPM","B20K80","B20K80_1",0.829584813841089,3299,"3k-4.5k"
"kallisto","TPM","B20K80","B20K80_1",0.796203552219933,3146,">4.5k"
"kallisto","TPM","B20K80","B20K80_2",0.81937585690425,1735,"0-1.5k"
"kallisto","TPM","B20K80","B20K80_2",0.836962583536783,4371,"1.5k-3k"
"kallisto","TPM","B20K80","B20K80_2",0.804406837137086,3300,"3k-4.5k"
"kallisto","TPM","B20K80","B20K80_2",0.773221558067888,3163,">4.5k"
"kallisto","TPM","B20K80","B20K80_3",0.687800867312108,1733,"0-1.5k"
"kallisto","TPM","B20K80","B20K80_3",0.821324661591169,4372,"1.5k-3k"
"kallisto","TPM","B20K80","B20K80_3",0.820683155536841,3293,"3k-4.5k"
"kallisto","TPM","B20K80","B20K80_3",0.796187762817148,3139,">4.5k"
"kallisto","TPM","B20K80","B20K80_4",0.707064311093937,1734,"0-1.5k"
"kallisto","TPM","B20K80","B20K80_4",0.845262344188952,4365,"1.5k-3k"
"kallisto","TPM","B20K80","B20K80_4",0.830205461557389,3288,"3k-4.5k"
"kallisto","TPM","B20K80","B20K80_4",0.794136771315109,3128,">4.5k"
"kallisto","TPM","B20K80","B20K80_5",0.742783701945316,1736,"0-1.5k"
"kallisto","TPM","B20K80","B20K80_5",0.848873171035352,4372,"1.5k-3k"
"kallisto","TPM","B20K80","B20K80_5",0.833662467845777,3284,"3k-4.5k"
"kallisto","TPM","B20K80","B20K80_5",0.787933053649006,3093,">4.5k"
"kallisto","TPM","B80K20","B80K20_1",0.789438941159846,1724,"0-1.5k"
"kallisto","TPM","B80K20","B80K20_1",0.830905705720392,4360,"1.5k-3k"
"kallisto","TPM","B80K20","B80K20_1",0.807523383702788,3294,"3k-4.5k"
"kallisto","TPM","B80K20","B80K20_1",0.773486301385572,3154,">4.5k"
"kallisto","TPM","B80K20","B80K20_2",0.814948716203498,1714,"0-1.5k"
"kallisto","TPM","B80K20","B80K20_2",0.806115695322635,4334,"1.5k-3k"
"kallisto","TPM","B80K20","B80K20_2",0.755771325044671,3297,"3k-4.5k"
"kallisto","TPM","B80K20","B80K20_2",0.71593032754455,3160,">4.5k"
"kallisto","TPM","B80K20","B80K20_3",0.690720994062015,1728,"0-1.5k"
"kallisto","TPM","B80K20","B80K20_3",0.82402890633122,4366,"1.5k-3k"
"kallisto","TPM","B80K20","B80K20_3",0.802471218534765,3295,"3k-4.5k"
"kallisto","TPM","B80K20","B80K20_3",0.759882399683005,3149,">4.5k"
"kallisto","TPM","B80K20","B80K20_4",0.746967753137379,1726,"0-1.5k"
"kallisto","TPM","B80K20","B80K20_4",0.793013745492848,4362,"1.5k-3k"
"kallisto","TPM","B80K20","B80K20_4",0.776104966334955,3304,"3k-4.5k"
"kallisto","TPM","B80K20","B80K20_4",0.745536299385826,3151,">4.5k"
"kallisto","TPM","B80K20","B80K20_5",0.761740138402326,1731,"0-1.5k"
"kallisto","TPM","B80K20","B80K20_5",0.814302106337605,4344,"1.5k-3k"
"kallisto","TPM","B80K20","B80K20_5",0.796059146650972,3292,"3k-4.5k"
"kallisto","TPM","B80K20","B80K20_5",0.774030626862246,3131,">4.5k"
"kallisto","TPM","Brain","B31",0.828378985194651,1615,"0-1.5k"
"kallisto","TPM","Brain","B31",0.82064235153974,4079,"1.5k-3k"
"kallisto","TPM","Brain","B31",0.753718485757297,3222,"3k-4.5k"
"kallisto","TPM","Brain","B31",0.753528291728885,3115,">4.5k"
"kallisto","TPM","Brain","B32",0.837180819685015,1613,"0-1.5k"
"kallisto","TPM","Brain","B32",0.821478545760231,4077,"1.5k-3k"
"kallisto","TPM","Brain","B32",0.763356440945032,3223,"3k-4.5k"
"kallisto","TPM","Brain","B32",0.720875197280324,3121,">4.5k"
"kallisto","TPM","Brain","B33",0.820653449888783,1609,"0-1.5k"
"kallisto","TPM","Brain","B33",0.816646843602223,4068,"1.5k-3k"
"kallisto","TPM","Brain","B33",0.763452243807533,3227,"3k-4.5k"
"kallisto","TPM","Brain","B33",0.726873182825099,3123,">4.5k"
"kallisto","TPM","Brain","B34",0.730228105015978,1593,"0-1.5k"
"kallisto","TPM","Brain","B34",0.788508294572923,4095,"1.5k-3k"
"kallisto","TPM","Brain","B34",0.773895558965658,3218,"3k-4.5k"
"kallisto","TPM","Brain","B34",0.753352106966182,3132,">4.5k"
"kallisto","TPM","Brain","B35",0.795481450593339,1615,"0-1.5k"
"kallisto","TPM","Brain","B35",0.801640753277974,4101,"1.5k-3k"
"kallisto","TPM","Brain","B35",0.779089792843212,3215,"3k-4.5k"
"kallisto","TPM","Brain","B35",0.761682667586276,3109,">4.5k"
"kallisto","TPM","Kidney","K31",0.857273404080956,1668,"0-1.5k"
"kallisto","TPM","Kidney","K31",0.849337304417791,4035,"1.5k-3k"
"kallisto","TPM","Kidney","K31",0.851751057791874,2976,"3k-4.5k"
"kallisto","TPM","Kidney","K31",0.861327688368749,2704,">4.5k"
"kallisto","TPM","Kidney","K32",0.814623024821604,1662,"0-1.5k"
"kallisto","TPM","Kidney","K32",0.841996047280658,4055,"1.5k-3k"
"kallisto","TPM","Kidney","K32",0.837512855207421,2990,"3k-4.5k"
"kallisto","TPM","Kidney","K32",0.838650675976002,2744,">4.5k"
"kallisto","TPM","Kidney","K33",0.789447233884551,1662,"0-1.5k"
"kallisto","TPM","Kidney","K33",0.847370973406565,4033,"1.5k-3k"
"kallisto","TPM","Kidney","K33",0.857624097479623,2960,"3k-4.5k"
"kallisto","TPM","Kidney","K33",0.869146800621857,2691,">4.5k"
"kallisto","TPM","Kidney","K34",0.708902385863742,1669,"0-1.5k"
"kallisto","TPM","Kidney","K34",0.86425393065837,4070,"1.5k-3k"
"kallisto","TPM","Kidney","K34",0.87103392924448,2957,"3k-4.5k"
"kallisto","TPM","Kidney","K34",0.864019780922801,2644,">4.5k"
"kallisto","TPM","Kidney","K35",0.733673980995251,1666,"0-1.5k"
"kallisto","TPM","Kidney","K35",0.876057158326293,4044,"1.5k-3k"
"kallisto","TPM","Kidney","K35",0.88315367388139,2887,"3k-4.5k"
"kallisto","TPM","Kidney","K35",0.856960444322815,2563,">4.5k"
"kallisto","cqn","B20K80","B20K80_1",0.64866490146758,1737,"0-1.5k"
"kallisto","cqn","B20K80","B20K80_1",0.791027004769603,4376,"1.5k-3k"
"kallisto","cqn","B20K80","B20K80_1",0.809805606726552,3308,"3k-4.5k"
"kallisto","cqn","B20K80","B20K80_1",0.764864866240412,3174,">4.5k"
"kallisto","cqn","B20K80","B20K80_2",0.687119902186209,1738,"0-1.5k"
"kallisto","cqn","B20K80","B20K80_2",0.807573873358332,4378,"1.5k-3k"
"kallisto","cqn","B20K80","B20K80_2",0.788607558702056,3306,"3k-4.5k"
"kallisto","cqn","B20K80","B20K80_2",0.749848434654758,3176,">4.5k"
"kallisto","cqn","B20K80","B20K80_3",0.658691993106983,1738,"0-1.5k"
"kallisto","cqn","B20K80","B20K80_3",0.786585030383251,4382,"1.5k-3k"
"kallisto","cqn","B20K80","B20K80_3",0.810209060073368,3305,"3k-4.5k"
"kallisto","cqn","B20K80","B20K80_3",0.772260665885986,3175,">4.5k"
"kallisto","cqn","B20K80","B20K80_4",0.652766248195406,1737,"0-1.5k"
"kallisto","cqn","B20K80","B20K80_4",0.792873711686105,4377,"1.5k-3k"
"kallisto","cqn","B20K80","B20K80_4",0.812156052736129,3307,"3k-4.5k"
"kallisto","cqn","B20K80","B20K80_4",0.766067421844904,3174,">4.5k"
"kallisto","cqn","B20K80","B20K80_5",0.634549136039946,1738,"0-1.5k"
"kallisto","cqn","B20K80","B20K80_5",0.78661251941846,4378,"1.5k-3k"
"kallisto","cqn","B20K80","B20K80_5",0.818383492304375,3305,"3k-4.5k"
"kallisto","cqn","B20K80","B20K80_5",0.771949345288434,3169,">4.5k"
"kallisto","cqn","B80K20","B80K20_1",0.740758832014158,1737,"0-1.5k"
"kallisto","cqn","B80K20","B80K20_1",0.80801344198668,4378,"1.5k-3k"
"kallisto","cqn","B80K20","B80K20_1",0.796296543719879,3306,"3k-4.5k"
"kallisto","cqn","B80K20","B80K20_1",0.768791534551472,3173,">4.5k"
"kallisto","cqn","B80K20","B80K20_2",0.726214894100861,1737,"0-1.5k"
"kallisto","cqn","B80K20","B80K20_2",0.795237156670721,4374,"1.5k-3k"
"kallisto","cqn","B80K20","B80K20_2",0.745667951458555,3307,"3k-4.5k"
"kallisto","cqn","B80K20","B80K20_2",0.724314654534189,3176,">4.5k"
"kallisto","cqn","B80K20","B80K20_3",0.706188441456824,1738,"0-1.5k"
"kallisto","cqn","B80K20","B80K20_3",0.804407483340396,4380,"1.5k-3k"
"kallisto","cqn","B80K20","B80K20_3",0.799678484045717,3306,"3k-4.5k"
"kallisto","cqn","B80K20","B80K20_3",0.75564793153503,3177,">4.5k"
"kallisto","cqn","B80K20","B80K20_4",0.718687561282985,1737,"0-1.5k"
"kallisto","cqn","B80K20","B80K20_4",0.788780053665778,4380,"1.5k-3k"
"kallisto","cqn","B80K20","B80K20_4",0.779108494616309,3308,"3k-4.5k"
"kallisto","cqn","B80K20","B80K20_4",0.751635094206342,3173,">4.5k"
"kallisto","cqn","B80K20","B80K20_5",0.723029734711755,1738,"0-1.5k"
"kallisto","cqn","B80K20","B80K20_5",0.794384470719199,4371,"1.5k-3k"
"kallisto","cqn","B80K20","B80K20_5",0.799299071952975,3301,"3k-4.5k"
"kallisto","cqn","B80K20","B80K20_5",0.777553400235759,3175,">4.5k"
"kallisto","cqn","Brain","B31",0.716284666908899,1691,"0-1.5k"
"kallisto","cqn","Brain","B31",0.826961535357781,4265,"1.5k-3k"
"kallisto","cqn","Brain","B31",0.768218492537922,3271,"3k-4.5k"
"kallisto","cqn","Brain","B31",0.755844735323056,3164,">4.5k"
"kallisto","cqn","Brain","B32",0.758022317559295,1693,"0-1.5k"
"kallisto","cqn","Brain","B32",0.827045582961833,4275,"1.5k-3k"
"kallisto","cqn","Brain","B32",0.771018541474912,3282,"3k-4.5k"
"kallisto","cqn","Brain","B32",0.732794075405556,3170,">4.5k"
"kallisto","cqn","Brain","B33",0.736847966954413,1685,"0-1.5k"
"kallisto","cqn","Brain","B33",0.826998517271988,4245,"1.5k-3k"
"kallisto","cqn","Brain","B33",0.776770929026752,3272,"3k-4.5k"
"kallisto","cqn","Brain","B33",0.750318002177933,3162,">4.5k"
"kallisto","cqn","Brain","B34",0.726786845520167,1686,"0-1.5k"
"kallisto","cqn","Brain","B34",0.801929653537297,4267,"1.5k-3k"
"kallisto","cqn","Brain","B34",0.792076976430735,3278,"3k-4.5k"
"kallisto","cqn","Brain","B34",0.763038246127929,3167,">4.5k"
"kallisto","cqn","Brain","B35",0.748225717022755,1697,"0-1.5k"
"kallisto","cqn","Brain","B35",0.814734843399495,4274,"1.5k-3k"
"kallisto","cqn","Brain","B35",0.795884988026738,3282,"3k-4.5k"
"kallisto","cqn","Brain","B35",0.775077672847356,3169,">4.5k"
"kallisto","cqn","Kidney","K31",0.65355402411904,1703,"0-1.5k"
"kallisto","cqn","Kidney","K31",0.798097974508327,4209,"1.5k-3k"
"kallisto","cqn","Kidney","K31",0.809084344703201,3123,"3k-4.5k"
"kallisto","cqn","Kidney","K31",0.788240907014129,2990,">4.5k"
"kallisto","cqn","Kidney","K32",0.683116157383601,1699,"0-1.5k"
"kallisto","cqn","Kidney","K32",0.813672496142931,4231,"1.5k-3k"
"kallisto","cqn","Kidney","K32",0.817613829701681,3171,"3k-4.5k"
"kallisto","cqn","Kidney","K32",0.800429837953252,3037,">4.5k"
"kallisto","cqn","Kidney","K33",0.659279553221292,1700,"0-1.5k"
"kallisto","cqn","Kidney","K33",0.804511690536069,4216,"1.5k-3k"
"kallisto","cqn","Kidney","K33",0.819176407643676,3128,"3k-4.5k"
"kallisto","cqn","Kidney","K33",0.802759984924896,2993,">4.5k"
"kallisto","cqn","Kidney","K34",0.659894822206639,1707,"0-1.5k"
"kallisto","cqn","Kidney","K34",0.791610348454173,4209,"1.5k-3k"
"kallisto","cqn","Kidney","K34",0.826219883894107,3129,"3k-4.5k"
"kallisto","cqn","Kidney","K34",0.754017952780633,3011,">4.5k"
"kallisto","cqn","Kidney","K35",0.629038758823001,1701,"0-1.5k"
"kallisto","cqn","Kidney","K35",0.77557586318771,4198,"1.5k-3k"
"kallisto","cqn","Kidney","K35",0.810978875894675,3116,"3k-4.5k"
"kallisto","cqn","Kidney","K35",0.736528841960701,2971,">4.5k"
"kallisto","ratio_counts","B20K80","B20K80_1",0.718619040802902,1734,"0-1.5k"
"kallisto","ratio_counts","B20K80","B20K80_1",0.711611214426308,4371,"1.5k-3k"
"kallisto","ratio_counts","B20K80","B20K80_1",0.647519438284116,3299,"3k-4.5k"
"kallisto","ratio_counts","B20K80","B20K80_1",0.516902999854353,3146,">4.5k"
"kallisto","ratio_counts","B20K80","B20K80_2",0.730567818180199,1735,"0-1.5k"
"kallisto","ratio_counts","B20K80","B20K80_2",0.81902420380244,4371,"1.5k-3k"
"kallisto","ratio_counts","B20K80","B20K80_2",0.805700340521294,3300,"3k-4.5k"
"kallisto","ratio_counts","B20K80","B20K80_2",0.706984224024634,3163,">4.5k"
"kallisto","ratio_counts","B20K80","B20K80_3",0.576686502593407,1733,"0-1.5k"
"kallisto","ratio_counts","B20K80","B20K80_3",0.794444899651132,4372,"1.5k-3k"
"kallisto","ratio_counts","B20K80","B20K80_3",0.787663984305457,3293,"3k-4.5k"
"kallisto","ratio_counts","B20K80","B20K80_3",0.700700956957012,3139,">4.5k"
"kallisto","ratio_counts","B20K80","B20K80_4",0.636075139061189,1734,"0-1.5k"
"kallisto","ratio_counts","B20K80","B20K80_4",0.819734659255212,4365,"1.5k-3k"
"kallisto","ratio_counts","B20K80","B20K80_4",0.784695725749351,3288,"3k-4.5k"
"kallisto","ratio_counts","B20K80","B20K80_4",0.681928744287401,3128,">4.5k"
"kallisto","ratio_counts","B20K80","B20K80_5",0.727665951685163,1736,"0-1.5k"
"kallisto","ratio_counts","B20K80","B20K80_5",0.797364776250233,4372,"1.5k-3k"
"kallisto","ratio_counts","B20K80","B20K80_5",0.727042259358556,3284,"3k-4.5k"
"kallisto","ratio_counts","B20K80","B20K80_5",0.591362951035448,3093,">4.5k"
"kallisto","ratio_counts","B80K20","B80K20_1",0.764037649964617,1724,"0-1.5k"
"kallisto","ratio_counts","B80K20","B80K20_1",0.840529244359512,4360,"1.5k-3k"
"kallisto","ratio_counts","B80K20","B80K20_1",0.782319422916622,3294,"3k-4.5k"
"kallisto","ratio_counts","B80K20","B80K20_1",0.675656680658499,3154,">4.5k"
"kallisto","ratio_counts","B80K20","B80K20_2",0.603008464298389,1714,"0-1.5k"
"kallisto","ratio_counts","B80K20","B80K20_2",0.755940380384731,4334,"1.5k-3k"
"kallisto","ratio_counts","B80K20","B80K20_2",0.664331595288735,3297,"3k-4.5k"
"kallisto","ratio_counts","B80K20","B80K20_2",0.598309417220693,3160,">4.5k"
"kallisto","ratio_counts","B80K20","B80K20_3",0.677169753732062,1728,"0-1.5k"
"kallisto","ratio_counts","B80K20","B80K20_3",0.745301326964641,4366,"1.5k-3k"
"kallisto","ratio_counts","B80K20","B80K20_3",0.656870034251729,3295,"3k-4.5k"
"kallisto","ratio_counts","B80K20","B80K20_3",0.596333322396654,3149,">4.5k"
"kallisto","ratio_counts","B80K20","B80K20_4",0.634192052178975,1726,"0-1.5k"
"kallisto","ratio_counts","B80K20","B80K20_4",0.708836827884227,4362,"1.5k-3k"
"kallisto","ratio_counts","B80K20","B80K20_4",0.63894913551376,3304,"3k-4.5k"
"kallisto","ratio_counts","B80K20","B80K20_4",0.549605231133736,3151,">4.5k"
"kallisto","ratio_counts","B80K20","B80K20_5",0.72477073200281,1731,"0-1.5k"
"kallisto","ratio_counts","B80K20","B80K20_5",0.77800132559461,4344,"1.5k-3k"
"kallisto","ratio_counts","B80K20","B80K20_5",0.713364735221111,3292,"3k-4.5k"
"kallisto","ratio_counts","B80K20","B80K20_5",0.639580077819752,3131,">4.5k"
"kallisto","ratio_counts","Brain","B31",0.754888609602094,1615,"0-1.5k"
"kallisto","ratio_counts","Brain","B31",0.777794497955436,4079,"1.5k-3k"
"kallisto","ratio_counts","Brain","B31",0.5214577003712,3222,"3k-4.5k"
"kallisto","ratio_counts","Brain","B31",0.528737985831498,3115,">4.5k"
"kallisto","ratio_counts","Brain","B32",0.746624303542464,1613,"0-1.5k"
"kallisto","ratio_counts","Brain","B32",0.834255366872862,4077,"1.5k-3k"
"kallisto","ratio_counts","Brain","B32",0.73759839671415,3223,"3k-4.5k"
"kallisto","ratio_counts","Brain","B32",0.672309834138805,3121,">4.5k"
"kallisto","ratio_counts","Brain","B33",0.780998001648734,1609,"0-1.5k"
"kallisto","ratio_counts","Brain","B33",0.805832142691955,4068,"1.5k-3k"
"kallisto","ratio_counts","Brain","B33",0.684522956753158,3227,"3k-4.5k"
"kallisto","ratio_counts","Brain","B33",0.611153555157351,3123,">4.5k"
"kallisto","ratio_counts","Brain","B34",0.80805306495383,1593,"0-1.5k"
"kallisto","ratio_counts","Brain","B34",0.801471466094781,4095,"1.5k-3k"
"kallisto","ratio_counts","Brain","B34",0.758545814376794,3218,"3k-4.5k"
"kallisto","ratio_counts","Brain","B34",0.68458920586706,3132,">4.5k"
"kallisto","ratio_counts","Brain","B35",0.793346547620356,1615,"0-1.5k"
"kallisto","ratio_counts","Brain","B35",0.823297976767713,4101,"1.5k-3k"
"kallisto","ratio_counts","Brain","B35",0.798431489966951,3215,"3k-4.5k"
"kallisto","ratio_counts","Brain","B35",0.71689369879361,3109,">4.5k"
"kallisto","ratio_counts","Kidney","K31",0.851473914306648,1668,"0-1.5k"
"kallisto","ratio_counts","Kidney","K31",0.852121694624054,4035,"1.5k-3k"
"kallisto","ratio_counts","Kidney","K31",0.881645304277419,2976,"3k-4.5k"
"kallisto","ratio_counts","Kidney","K31",0.848316699281037,2704,">4.5k"
"kallisto","ratio_counts","Kidney","K32",0.822685564100608,1662,"0-1.5k"
"kallisto","ratio_counts","Kidney","K32",0.853245957374299,4055,"1.5k-3k"
"kallisto","ratio_counts","Kidney","K32",0.876076723096896,2990,"3k-4.5k"
"kallisto","ratio_counts","Kidney","K32",0.852463241155745,2744,">4.5k"
"kallisto","ratio_counts","Kidney","K33",0.790221528870558,1662,"0-1.5k"
"kallisto","ratio_counts","Kidney","K33",0.854828479866153,4033,"1.5k-3k"
"kallisto","ratio_counts","Kidney","K33",0.886805290134473,2960,"3k-4.5k"
"kallisto","ratio_counts","Kidney","K33",0.863512647439482,2691,">4.5k"
"kallisto","ratio_counts","Kidney","K34",0.704057596958895,1669,"0-1.5k"
"kallisto","ratio_counts","Kidney","K34",0.891033034052427,4070,"1.5k-3k"
"kallisto","ratio_counts","Kidney","K34",0.901890527936148,2957,"3k-4.5k"
"kallisto","ratio_counts","Kidney","K34",0.845678648277291,2644,">4.5k"
"kallisto","ratio_counts","Kidney","K35",0.721822113554829,1666,"0-1.5k"
"kallisto","ratio_counts","Kidney","K35",0.900416285713227,4044,"1.5k-3k"
"kallisto","ratio_counts","Kidney","K35",0.897612624619033,2887,"3k-4.5k"
"kallisto","ratio_counts","Kidney","K35",0.843026266068419,2563,">4.5k"
"oarfish","CPM","B20K80","B20K80_1",0.770872813089204,2026,"0-1.5k"
"oarfish","CPM","B20K80","B20K80_1",0.874201813296093,4857,"1.5k-3k"
"oarfish","CPM","B20K80","B20K80_1",0.853873885171765,3587,"3k-4.5k"
"oarfish","CPM","B20K80","B20K80_1",0.811548074337796,3612,">4.5k"
"oarfish","CPM","B20K80","B20K80_2",0.803753557787632,2030,"0-1.5k"
"oarfish","CPM","B20K80","B20K80_2",0.868686548004829,4859,"1.5k-3k"
"oarfish","CPM","B20K80","B20K80_2",0.835737221568273,3584,"3k-4.5k"
"oarfish","CPM","B20K80","B20K80_2",0.80014322255284,3637,">4.5k"
"oarfish","CPM","B20K80","B20K80_3",0.668020264826375,2025,"0-1.5k"
"oarfish","CPM","B20K80","B20K80_3",0.857425314025384,4857,"1.5k-3k"
"oarfish","CPM","B20K80","B20K80_3",0.843770973896816,3584,"3k-4.5k"
"oarfish","CPM","B20K80","B20K80_3",0.809969979299044,3593,">4.5k"
"oarfish","CPM","B20K80","B20K80_4",0.694290718081666,2022,"0-1.5k"
"oarfish","CPM","B20K80","B20K80_4",0.882979974004629,4853,"1.5k-3k"
"oarfish","CPM","B20K80","B20K80_4",0.856076910575932,3574,"3k-4.5k"
"oarfish","CPM","B20K80","B20K80_4",0.803286998178591,3579,">4.5k"
"oarfish","CPM","B20K80","B20K80_5",0.72912725370362,2029,"0-1.5k"
"oarfish","CPM","B20K80","B20K80_5",0.885207545323686,4847,"1.5k-3k"
"oarfish","CPM","B20K80","B20K80_5",0.855237348916145,3561,"3k-4.5k"
"oarfish","CPM","B20K80","B20K80_5",0.801232281974509,3550,">4.5k"
"oarfish","CPM","B80K20","B80K20_1",0.758741359255964,2006,"0-1.5k"
"oarfish","CPM","B80K20","B80K20_1",0.869859558999284,4858,"1.5k-3k"
"oarfish","CPM","B80K20","B80K20_1",0.839962568331609,3579,"3k-4.5k"
"oarfish","CPM","B80K20","B80K20_1",0.802322424421741,3633,">4.5k"
"oarfish","CPM","B80K20","B80K20_2",0.783656090463573,2003,"0-1.5k"
"oarfish","CPM","B80K20","B80K20_2",0.837635022786872,4825,"1.5k-3k"
"oarfish","CPM","B80K20","B80K20_2",0.790121040309678,3589,"3k-4.5k"
"oarfish","CPM","B80K20","B80K20_2",0.764567847679334,3643,">4.5k"
"oarfish","CPM","B80K20","B80K20_3",0.668020633026544,2017,"0-1.5k"
"oarfish","CPM","B80K20","B80K20_3",0.870312300191235,4856,"1.5k-3k"
"oarfish","CPM","B80K20","B80K20_3",0.83545638192041,3580,"3k-4.5k"
"oarfish","CPM","B80K20","B80K20_3",0.787774478036294,3623,">4.5k"
"oarfish","CPM","B80K20","B80K20_4",0.712065872280375,2019,"0-1.5k"
"oarfish","CPM","B80K20","B80K20_4",0.829644797898044,4853,"1.5k-3k"
"oarfish","CPM","B80K20","B80K20_4",0.809656898966493,3587,"3k-4.5k"
"oarfish","CPM","B80K20","B80K20_4",0.771488881585307,3626,">4.5k"
"oarfish","CPM","B80K20","B80K20_5",0.732265079389426,2013,"0-1.5k"
"oarfish","CPM","B80K20","B80K20_5",0.855825808930878,4845,"1.5k-3k"
"oarfish","CPM","B80K20","B80K20_5",0.827184990985354,3573,"3k-4.5k"
"oarfish","CPM","B80K20","B80K20_5",0.800563948649089,3602,">4.5k"
"oarfish","CPM","Brain","B31",0.787178440830262,1855,"0-1.5k"
"oarfish","CPM","Brain","B31",0.843702280680284,4570,"1.5k-3k"
"oarfish","CPM","Brain","B31",0.779721297984771,3504,"3k-4.5k"
"oarfish","CPM","Brain","B31",0.767583962957415,3601,">4.5k"
"oarfish","CPM","Brain","B32",0.806179300952053,1865,"0-1.5k"
"oarfish","CPM","Brain","B32",0.858107235152021,4590,"1.5k-3k"
"oarfish","CPM","Brain","B32",0.799572105804017,3514,"3k-4.5k"
"oarfish","CPM","Brain","B32",0.765665845839796,3612,">4.5k"
"oarfish","CPM","Brain","B33",0.787151542806782,1866,"0-1.5k"
"oarfish","CPM","Brain","B33",0.847170534277862,4575,"1.5k-3k"
"oarfish","CPM","Brain","B33",0.800875476284776,3516,"3k-4.5k"
"oarfish","CPM","Brain","B33",0.776341581861342,3606,">4.5k"
"oarfish","CPM","Brain","B34",0.691343086339847,1860,"0-1.5k"
"oarfish","CPM","Brain","B34",0.828426846719531,4589,"1.5k-3k"
"oarfish","CPM","Brain","B34",0.806891947026525,3503,"3k-4.5k"
"oarfish","CPM","Brain","B34",0.780930595810122,3597,">4.5k"
"oarfish","CPM","Brain","B35",0.757201921154108,1864,"0-1.5k"
"oarfish","CPM","Brain","B35",0.839250359711069,4613,"1.5k-3k"
"oarfish","CPM","Brain","B35",0.818184867822068,3517,"3k-4.5k"
"oarfish","CPM","Brain","B35",0.789950918853149,3592,">4.5k"
"oarfish","CPM","Kidney","K31",0.832220304892159,1898,"0-1.5k"
"oarfish","CPM","Kidney","K31",0.865397315682356,4430,"1.5k-3k"
"oarfish","CPM","Kidney","K31",0.864484835458246,3241,"3k-4.5k"
"oarfish","CPM","Kidney","K31",0.847885244579841,3118,">4.5k"
"oarfish","CPM","Kidney","K32",0.77612919833674,1887,"0-1.5k"
"oarfish","CPM","Kidney","K32",0.863643416764752,4448,"1.5k-3k"
"oarfish","CPM","Kidney","K32",0.855626412970531,3256,"3k-4.5k"
"oarfish","CPM","Kidney","K32",0.841916197889326,3180,">4.5k"
"oarfish","CPM","Kidney","K33",0.753255221093647,1893,"0-1.5k"
"oarfish","CPM","Kidney","K33",0.866363521215673,4418,"1.5k-3k"
"oarfish","CPM","Kidney","K33",0.867960595591425,3213,"3k-4.5k"
"oarfish","CPM","Kidney","K33",0.851577380695201,3076,">4.5k"
"oarfish","CPM","Kidney","K34",0.679320290556162,1899,"0-1.5k"
"oarfish","CPM","Kidney","K34",0.895664180219278,4453,"1.5k-3k"
"oarfish","CPM","Kidney","K34",0.883392901318827,3205,"3k-4.5k"
"oarfish","CPM","Kidney","K34",0.845225347242427,3032,">4.5k"
"oarfish","CPM","Kidney","K35",0.701055786038678,1898,"0-1.5k"
"oarfish","CPM","Kidney","K35",0.903828415382634,4425,"1.5k-3k"
"oarfish","CPM","Kidney","K35",0.892875583931459,3151,"3k-4.5k"
"oarfish","CPM","Kidney","K35",0.839843003473651,2938,">4.5k"
"oarfish","EDA","B20K80","B20K80_1",0.795726514099631,2026,"0-1.5k"
"oarfish","EDA","B20K80","B20K80_1",0.864705937531763,4857,"1.5k-3k"
"oarfish","EDA","B20K80","B20K80_1",0.851792733604588,3587,"3k-4.5k"
"oarfish","EDA","B20K80","B20K80_1",0.791009685687112,3612,">4.5k"
"oarfish","EDA","B20K80","B20K80_2",0.815241827272913,2030,"0-1.5k"
"oarfish","EDA","B20K80","B20K80_2",0.872533762199288,4859,"1.5k-3k"
"oarfish","EDA","B20K80","B20K80_2",0.83643003841623,3584,"3k-4.5k"
"oarfish","EDA","B20K80","B20K80_2",0.786425398976818,3637,">4.5k"
"oarfish","EDA","B20K80","B20K80_3",0.755651686118619,2025,"0-1.5k"
"oarfish","EDA","B20K80","B20K80_3",0.851115870445926,4857,"1.5k-3k"
"oarfish","EDA","B20K80","B20K80_3",0.842672139064064,3584,"3k-4.5k"
"oarfish","EDA","B20K80","B20K80_3",0.78307032702225,3593,">4.5k"
"oarfish","EDA","B20K80","B20K80_4",0.77022832841863,2022,"0-1.5k"
"oarfish","EDA","B20K80","B20K80_4",0.86736491214333,4853,"1.5k-3k"
"oarfish","EDA","B20K80","B20K80_4",0.853673206951435,3574,"3k-4.5k"
"oarfish","EDA","B20K80","B20K80_4",0.770827738235238,3579,">4.5k"
"oarfish","EDA","B20K80","B20K80_5",0.771163839989745,2029,"0-1.5k"
"oarfish","EDA","B20K80","B20K80_5",0.866075970458917,4847,"1.5k-3k"
"oarfish","EDA","B20K80","B20K80_5",0.851896152989371,3561,"3k-4.5k"
"oarfish","EDA","B20K80","B20K80_5",0.77262661601259,3550,">4.5k"
"oarfish","EDA","B80K20","B80K20_1",0.803624047598161,2006,"0-1.5k"
"oarfish","EDA","B80K20","B80K20_1",0.872702183797452,4858,"1.5k-3k"
"oarfish","EDA","B80K20","B80K20_1",0.841751029806905,3579,"3k-4.5k"
"oarfish","EDA","B80K20","B80K20_1",0.797148680912978,3633,">4.5k"
"oarfish","EDA","B80K20","B80K20_2",0.80690738409688,2003,"0-1.5k"
"oarfish","EDA","B80K20","B80K20_2",0.854125945432624,4825,"1.5k-3k"
"oarfish","EDA","B80K20","B80K20_2",0.793018007500046,3589,"3k-4.5k"
"oarfish","EDA","B80K20","B80K20_2",0.76769058052628,3643,">4.5k"
"oarfish","EDA","B80K20","B80K20_3",0.770251900869049,2017,"0-1.5k"
"oarfish","EDA","B80K20","B80K20_3",0.866506827923988,4856,"1.5k-3k"
"oarfish","EDA","B80K20","B80K20_3",0.837515201377041,3580,"3k-4.5k"
"oarfish","EDA","B80K20","B80K20_3",0.778969492820965,3623,">4.5k"
"oarfish","EDA","B80K20","B80K20_4",0.775934954097532,2019,"0-1.5k"
"oarfish","EDA","B80K20","B80K20_4",0.836697919299655,4853,"1.5k-3k"
"oarfish","EDA","B80K20","B80K20_4",0.812309418724957,3587,"3k-4.5k"
"oarfish","EDA","B80K20","B80K20_4",0.759192065022874,3626,">4.5k"
"oarfish","EDA","B80K20","B80K20_5",0.783364029583891,2013,"0-1.5k"
"oarfish","EDA","B80K20","B80K20_5",0.851964942403955,4845,"1.5k-3k"
"oarfish","EDA","B80K20","B80K20_5",0.828618154201351,3573,"3k-4.5k"
"oarfish","EDA","B80K20","B80K20_5",0.78722288297048,3602,">4.5k"
"oarfish","EDA","Brain","B31",0.774691374945822,1855,"0-1.5k"
"oarfish","EDA","Brain","B31",0.855883998376982,4570,"1.5k-3k"
"oarfish","EDA","Brain","B31",0.785704140662869,3504,"3k-4.5k"
"oarfish","EDA","Brain","B31",0.764465141320513,3601,">4.5k"
"oarfish","EDA","Brain","B32",0.795516382588435,1865,"0-1.5k"
"oarfish","EDA","Brain","B32",0.869522029342749,4590,"1.5k-3k"
"oarfish","EDA","Brain","B32",0.802045547117422,3514,"3k-4.5k"
"oarfish","EDA","Brain","B32",0.771141693432388,3612,">4.5k"
"oarfish","EDA","Brain","B33",0.789146867086371,1866,"0-1.5k"
"oarfish","EDA","Brain","B33",0.862458285217568,4575,"1.5k-3k"
"oarfish","EDA","Brain","B33",0.804056892445731,3516,"3k-4.5k"
"oarfish","EDA","Brain","B33",0.776743149594592,3606,">4.5k"
"oarfish","EDA","Brain","B34",0.755749288743664,1860,"0-1.5k"
"oarfish","EDA","Brain","B34",0.835560198834607,4589,"1.5k-3k"
"oarfish","EDA","Brain","B34",0.809742664641275,3503,"3k-4.5k"
"oarfish","EDA","Brain","B34",0.777353120786374,3597,">4.5k"
"oarfish","EDA","Brain","B35",0.784963534916587,1864,"0-1.5k"
"oarfish","EDA","Brain","B35",0.847158679587311,4613,"1.5k-3k"
"oarfish","EDA","Brain","B35",0.820403093396895,3517,"3k-4.5k"
"oarfish","EDA","Brain","B35",0.781409846516646,3592,">4.5k"
"oarfish","EDA","Kidney","K31",0.790710838167612,1898,"0-1.5k"
"oarfish","EDA","Kidney","K31",0.860741243223266,4430,"1.5k-3k"
"oarfish","EDA","Kidney","K31",0.861656058589898,3241,"3k-4.5k"
"oarfish","EDA","Kidney","K31",0.825045437252277,3118,">4.5k"
"oarfish","EDA","Kidney","K32",0.790742101672059,1887,"0-1.5k"
"oarfish","EDA","Kidney","K32",0.868784560026861,4448,"1.5k-3k"
"oarfish","EDA","Kidney","K32",0.855615380213082,3256,"3k-4.5k"
"oarfish","EDA","Kidney","K32",0.826381199092397,3180,">4.5k"
"oarfish","EDA","Kidney","K33",0.770061188290364,1893,"0-1.5k"
"oarfish","EDA","Kidney","K33",0.862436714123236,4418,"1.5k-3k"
"oarfish","EDA","Kidney","K33",0.864787031344281,3213,"3k-4.5k"
"oarfish","EDA","Kidney","K33",0.825794988976138,3076,">4.5k"
"oarfish","EDA","Kidney","K34",0.737749773188583,1899,"0-1.5k"
"oarfish","EDA","Kidney","K34",0.875543941660413,4453,"1.5k-3k"
"oarfish","EDA","Kidney","K34",0.877531154454275,3205,"3k-4.5k"
"oarfish","EDA","Kidney","K34",0.81031508615549,3032,">4.5k"
"oarfish","EDA","Kidney","K35",0.729754955821349,1898,"0-1.5k"
"oarfish","EDA","Kidney","K35",0.879245858802497,4425,"1.5k-3k"
"oarfish","EDA","Kidney","K35",0.886101397752264,3151,"3k-4.5k"
"oarfish","EDA","Kidney","K35",0.810937104919885,2938,">4.5k"
"oarfish","TPM","B20K80","B20K80_1",0.856229986204285,2026,"0-1.5k"
"oarfish","TPM","B20K80","B20K80_1",0.893050912391439,4857,"1.5k-3k"
"oarfish","TPM","B20K80","B20K80_1",0.851742552845234,3587,"3k-4.5k"
"oarfish","TPM","B20K80","B20K80_1",0.823951180759097,3612,">4.5k"
"oarfish","TPM","B20K80","B20K80_2",0.881184584646866,2030,"0-1.5k"
"oarfish","TPM","B20K80","B20K80_2",0.892769355169779,4859,"1.5k-3k"
"oarfish","TPM","B20K80","B20K80_2",0.835673272893856,3584,"3k-4.5k"
"oarfish","TPM","B20K80","B20K80_2",0.806841102422223,3637,">4.5k"
"oarfish","TPM","B20K80","B20K80_3",0.768403940492279,2025,"0-1.5k"
"oarfish","TPM","B20K80","B20K80_3",0.876511161705684,4857,"1.5k-3k"
"oarfish","TPM","B20K80","B20K80_3",0.840368967578615,3584,"3k-4.5k"
"oarfish","TPM","B20K80","B20K80_3",0.822956608831625,3593,">4.5k"
"oarfish","TPM","B20K80","B20K80_4",0.792357236132862,2022,"0-1.5k"
"oarfish","TPM","B20K80","B20K80_4",0.894170153346225,4853,"1.5k-3k"
"oarfish","TPM","B20K80","B20K80_4",0.85119558815498,3574,"3k-4.5k"
"oarfish","TPM","B20K80","B20K80_4",0.818679731124593,3579,">4.5k"
"oarfish","TPM","B20K80","B20K80_5",0.82260990273353,2029,"0-1.5k"
"oarfish","TPM","B20K80","B20K80_5",0.896541503372689,4847,"1.5k-3k"
"oarfish","TPM","B20K80","B20K80_5",0.851314489171701,3561,"3k-4.5k"
"oarfish","TPM","B20K80","B20K80_5",0.818446645671167,3550,">4.5k"
"oarfish","TPM","B80K20","B80K20_1",0.848028461300402,2006,"0-1.5k"
"oarfish","TPM","B80K20","B80K20_1",0.886157212351774,4858,"1.5k-3k"
"oarfish","TPM","B80K20","B80K20_1",0.834590102861163,3579,"3k-4.5k"
"oarfish","TPM","B80K20","B80K20_1",0.799731436434786,3633,">4.5k"
"oarfish","TPM","B80K20","B80K20_2",0.861811303209774,2003,"0-1.5k"
"oarfish","TPM","B80K20","B80K20_2",0.860730800920393,4825,"1.5k-3k"
"oarfish","TPM","B80K20","B80K20_2",0.790317576949297,3589,"3k-4.5k"
"oarfish","TPM","B80K20","B80K20_2",0.762596955208473,3643,">4.5k"
"oarfish","TPM","B80K20","B80K20_3",0.771684728460828,2017,"0-1.5k"
"oarfish","TPM","B80K20","B80K20_3",0.879121524959254,4856,"1.5k-3k"
"oarfish","TPM","B80K20","B80K20_3",0.827980853464174,3580,"3k-4.5k"
"oarfish","TPM","B80K20","B80K20_3",0.786041097600818,3623,">4.5k"
"oarfish","TPM","B80K20","B80K20_4",0.80497378575298,2019,"0-1.5k"
"oarfish","TPM","B80K20","B80K20_4",0.850243998489707,4853,"1.5k-3k"
"oarfish","TPM","B80K20","B80K20_4",0.80489426808642,3587,"3k-4.5k"
"oarfish","TPM","B80K20","B80K20_4",0.775955504754144,3626,">4.5k"
"oarfish","TPM","B80K20","B80K20_5",0.822905574885893,2013,"0-1.5k"
"oarfish","TPM","B80K20","B80K20_5",0.868453391165129,4845,"1.5k-3k"
"oarfish","TPM","B80K20","B80K20_5",0.821305227428298,3573,"3k-4.5k"
"oarfish","TPM","B80K20","B80K20_5",0.802515137297066,3602,">4.5k"
"oarfish","TPM","Brain","B31",0.864531221859796,1855,"0-1.5k"
"oarfish","TPM","Brain","B31",0.868025679029865,4570,"1.5k-3k"
"oarfish","TPM","Brain","B31",0.786917920287081,3504,"3k-4.5k"
"oarfish","TPM","Brain","B31",0.787303193278983,3601,">4.5k"
"oarfish","TPM","Brain","B32",0.880207194916642,1865,"0-1.5k"
"oarfish","TPM","Brain","B32",0.877655884663678,4590,"1.5k-3k"
"oarfish","TPM","Brain","B32",0.8005059507933,3514,"3k-4.5k"
"oarfish","TPM","Brain","B32",0.764277065984908,3612,">4.5k"
"oarfish","TPM","Brain","B33",0.866682317100199,1866,"0-1.5k"
"oarfish","TPM","Brain","B33",0.870893929121274,4575,"1.5k-3k"
"oarfish","TPM","Brain","B33",0.802420988413652,3516,"3k-4.5k"
"oarfish","TPM","Brain","B33",0.772114685522904,3606,">4.5k"
"oarfish","TPM","Brain","B34",0.789108376207958,1860,"0-1.5k"
"oarfish","TPM","Brain","B34",0.847010932863725,4589,"1.5k-3k"
"oarfish","TPM","Brain","B34",0.800854543133371,3503,"3k-4.5k"
"oarfish","TPM","Brain","B34",0.779950925725484,3597,">4.5k"
"oarfish","TPM","Brain","B35",0.841213387828016,1864,"0-1.5k"
"oarfish","TPM","Brain","B35",0.86053616514022,4613,"1.5k-3k"
"oarfish","TPM","Brain","B35",0.813823470421425,3517,"3k-4.5k"
"oarfish","TPM","Brain","B35",0.791213824642843,3592,">4.5k"
"oarfish","TPM","Kidney","K31",0.900121358491563,1898,"0-1.5k"
"oarfish","TPM","Kidney","K31",0.89446565694779,4430,"1.5k-3k"
"oarfish","TPM","Kidney","K31",0.869759860097728,3241,"3k-4.5k"
"oarfish","TPM","Kidney","K31",0.875331415976208,3118,">4.5k"
"oarfish","TPM","Kidney","K32",0.860740264146104,1887,"0-1.5k"
"oarfish","TPM","Kidney","K32",0.891959212034207,4448,"1.5k-3k"
"oarfish","TPM","Kidney","K32",0.859507102722088,3256,"3k-4.5k"
"oarfish","TPM","Kidney","K32",0.856504034267501,3180,">4.5k"
"oarfish","TPM","Kidney","K33",0.845105118914887,1893,"0-1.5k"
"oarfish","TPM","Kidney","K33",0.89389851603717,4418,"1.5k-3k"
"oarfish","TPM","Kidney","K33",0.872462846358205,3213,"3k-4.5k"
"oarfish","TPM","Kidney","K33",0.874361068617147,3076,">4.5k"
"oarfish","TPM","Kidney","K34",0.781758629744956,1899,"0-1.5k"
"oarfish","TPM","Kidney","K34",0.907839958119327,4453,"1.5k-3k"
"oarfish","TPM","Kidney","K34",0.882008071453692,3205,"3k-4.5k"
"oarfish","TPM","Kidney","K34",0.869346595395584,3032,">4.5k"
"oarfish","TPM","Kidney","K35",0.798624633366763,1898,"0-1.5k"
"oarfish","TPM","Kidney","K35",0.914764840936732,4425,"1.5k-3k"
"oarfish","TPM","Kidney","K35",0.891376614167996,3151,"3k-4.5k"
"oarfish","TPM","Kidney","K35",0.867140050171417,2938,">4.5k"
"oarfish","cqn","B20K80","B20K80_1",0.708898647628207,2032,"0-1.5k"
"oarfish","cqn","B20K80","B20K80_1",0.834890669831584,4869,"1.5k-3k"
"oarfish","cqn","B20K80","B20K80_1",0.814526603779482,3598,"3k-4.5k"
"oarfish","cqn","B20K80","B20K80_1",0.774987832430542,3650,">4.5k"
"oarfish","cqn","B20K80","B20K80_2",0.766301319151074,2034,"0-1.5k"
"oarfish","cqn","B20K80","B20K80_2",0.861382083586838,4866,"1.5k-3k"
"oarfish","cqn","B20K80","B20K80_2",0.812364875225861,3592,"3k-4.5k"
"oarfish","cqn","B20K80","B20K80_2",0.774673701785543,3651,">4.5k"
"oarfish","cqn","B20K80","B20K80_3",0.721349202481563,2033,"0-1.5k"
"oarfish","cqn","B20K80","B20K80_3",0.836338502200946,4870,"1.5k-3k"
"oarfish","cqn","B20K80","B20K80_3",0.819612013727379,3593,"3k-4.5k"
"oarfish","cqn","B20K80","B20K80_3",0.788598449179419,3652,">4.5k"
"oarfish","cqn","B20K80","B20K80_4",0.740366421316835,2033,"0-1.5k"
"oarfish","cqn","B20K80","B20K80_4",0.851487465145475,4867,"1.5k-3k"
"oarfish","cqn","B20K80","B20K80_4",0.835764608129576,3591,"3k-4.5k"
"oarfish","cqn","B20K80","B20K80_4",0.792420939119987,3648,">4.5k"
"oarfish","cqn","B20K80","B20K80_5",0.706730747631775,2032,"0-1.5k"
"oarfish","cqn","B20K80","B20K80_5",0.835345465844442,4867,"1.5k-3k"
"oarfish","cqn","B20K80","B20K80_5",0.828951908372069,3588,"3k-4.5k"
"oarfish","cqn","B20K80","B20K80_5",0.789422718725196,3651,">4.5k"
"oarfish","cqn","B80K20","B80K20_1",0.791855628229917,2030,"0-1.5k"
"oarfish","cqn","B80K20","B80K20_1",0.860507179844664,4875,"1.5k-3k"
"oarfish","cqn","B80K20","B80K20_1",0.825545908403092,3594,"3k-4.5k"
"oarfish","cqn","B80K20","B80K20_1",0.784597047042623,3650,">4.5k"
"oarfish","cqn","B80K20","B80K20_2",0.801538922371454,2033,"0-1.5k"
"oarfish","cqn","B80K20","B80K20_2",0.85115387865381,4864,"1.5k-3k"
"oarfish","cqn","B80K20","B80K20_2",0.784907615232147,3598,"3k-4.5k"
"oarfish","cqn","B80K20","B80K20_2",0.750541637615102,3654,">4.5k"
"oarfish","cqn","B80K20","B80K20_3",0.773054942226184,2030,"0-1.5k"
"oarfish","cqn","B80K20","B80K20_3",0.853248663234031,4872,"1.5k-3k"
"oarfish","cqn","B80K20","B80K20_3",0.824476773071757,3595,"3k-4.5k"
"oarfish","cqn","B80K20","B80K20_3",0.777046400157244,3655,">4.5k"
"oarfish","cqn","B80K20","B80K20_4",0.740052628474239,2032,"0-1.5k"
"oarfish","cqn","B80K20","B80K20_4",0.827315303309857,4868,"1.5k-3k"
"oarfish","cqn","B80K20","B80K20_4",0.80173467707488,3594,"3k-4.5k"
"oarfish","cqn","B80K20","B80K20_4",0.766963217829696,3649,">4.5k"
"oarfish","cqn","B80K20","B80K20_5",0.774099106428314,2031,"0-1.5k"
"oarfish","cqn","B80K20","B80K20_5",0.851607325531465,4866,"1.5k-3k"
"oarfish","cqn","B80K20","B80K20_5",0.82604021298984,3586,"3k-4.5k"
"oarfish","cqn","B80K20","B80K20_5",0.79609073017438,3651,">4.5k"
"oarfish","cqn","Brain","B31",0.78382974716492,1946,"0-1.5k"
"oarfish","cqn","Brain","B31",0.866447550163103,4734,"1.5k-3k"
"oarfish","cqn","Brain","B31",0.794155004503043,3554,"3k-4.5k"
"oarfish","cqn","Brain","B31",0.774416404388226,3638,">4.5k"
"oarfish","cqn","Brain","B32",0.819088393418598,1955,"0-1.5k"
"oarfish","cqn","Brain","B32",0.868724836115621,4753,"1.5k-3k"
"oarfish","cqn","Brain","B32",0.797671812492586,3569,"3k-4.5k"
"oarfish","cqn","Brain","B32",0.76273826804321,3645,">4.5k"
"oarfish","cqn","Brain","B33",0.797803936906101,1940,"0-1.5k"
"oarfish","cqn","Brain","B33",0.869128150848136,4715,"1.5k-3k"
"oarfish","cqn","Brain","B33",0.805681232534261,3553,"3k-4.5k"
"oarfish","cqn","Brain","B33",0.778298159280125,3639,">4.5k"
"oarfish","cqn","Brain","B34",0.775798208890124,1947,"0-1.5k"
"oarfish","cqn","Brain","B34",0.84980985054125,4738,"1.5k-3k"
"oarfish","cqn","Brain","B34",0.814580686973812,3563,"3k-4.5k"
"oarfish","cqn","Brain","B34",0.784442419570971,3641,">4.5k"
"oarfish","cqn","Brain","B35",0.779435025599118,1956,"0-1.5k"
"oarfish","cqn","Brain","B35",0.860970197803627,4750,"1.5k-3k"
"oarfish","cqn","Brain","B35",0.822981986985716,3566,"3k-4.5k"
"oarfish","cqn","Brain","B35",0.794302466048486,3641,">4.5k"
"oarfish","cqn","Kidney","K31",0.704750992760245,1948,"0-1.5k"
"oarfish","cqn","Kidney","K31",0.840439604179322,4610,"1.5k-3k"
"oarfish","cqn","Kidney","K31",0.810461346213766,3381,"3k-4.5k"
"oarfish","cqn","Kidney","K31",0.796302267064351,3407,">4.5k"
"oarfish","cqn","Kidney","K32",0.73905210760756,1945,"0-1.5k"
"oarfish","cqn","Kidney","K32",0.852348460575171,4638,"1.5k-3k"
"oarfish","cqn","Kidney","K32",0.822433903794742,3424,"3k-4.5k"
"oarfish","cqn","Kidney","K32",0.792189073614108,3475,">4.5k"
"oarfish","cqn","Kidney","K33",0.736041152855755,1949,"0-1.5k"
"oarfish","cqn","Kidney","K33",0.847191068294175,4611,"1.5k-3k"
"oarfish","cqn","Kidney","K33",0.820846559057072,3381,"3k-4.5k"
"oarfish","cqn","Kidney","K33",0.805678092540615,3411,">4.5k"
"oarfish","cqn","Kidney","K34",0.722122926716249,1953,"0-1.5k"
"oarfish","cqn","Kidney","K34",0.832722539856283,4602,"1.5k-3k"
"oarfish","cqn","Kidney","K34",0.823080973779446,3382,"3k-4.5k"
"oarfish","cqn","Kidney","K34",0.771134606150857,3427,">4.5k"
"oarfish","cqn","Kidney","K35",0.691012369826895,1944,"0-1.5k"
"oarfish","cqn","Kidney","K35",0.813439811742432,4584,"1.5k-3k"
"oarfish","cqn","Kidney","K35",0.806964163126964,3376,"3k-4.5k"
"oarfish","cqn","Kidney","K35",0.751443716826633,3382,">4.5k"
"oarfish","ratio_counts","B20K80","B20K80_1",0.763556448240839,2026,"0-1.5k"
"oarfish","ratio_counts","B20K80","B20K80_1",0.734378408453902,4857,"1.5k-3k"
"oarfish","ratio_counts","B20K80","B20K80_1",0.651501394258331,3587,"3k-4.5k"
"oarfish","ratio_counts","B20K80","B20K80_1",0.550337287736226,3612,">4.5k"
"oarfish","ratio_counts","B20K80","B20K80_2",0.79321943524382,2030,"0-1.5k"
"oarfish","ratio_counts","B20K80","B20K80_2",0.835050912989133,4859,"1.5k-3k"
"oarfish","ratio_counts","B20K80","B20K80_2",0.817829629051515,3584,"3k-4.5k"
"oarfish","ratio_counts","B20K80","B20K80_2",0.73357974151383,3637,">4.5k"
"oarfish","ratio_counts","B20K80","B20K80_3",0.618160662850143,2025,"0-1.5k"
"oarfish","ratio_counts","B20K80","B20K80_3",0.816852388222034,4857,"1.5k-3k"
"oarfish","ratio_counts","B20K80","B20K80_3",0.804043738117228,3584,"3k-4.5k"
"oarfish","ratio_counts","B20K80","B20K80_3",0.718967305258844,3593,">4.5k"
"oarfish","ratio_counts","B20K80","B20K80_4",0.693746742933848,2022,"0-1.5k"
"oarfish","ratio_counts","B20K80","B20K80_4",0.835827622321422,4853,"1.5k-3k"
"oarfish","ratio_counts","B20K80","B20K80_4",0.792565787212795,3574,"3k-4.5k"
"oarfish","ratio_counts","B20K80","B20K80_4",0.70242906252416,3579,">4.5k"
"oarfish","ratio_counts","B20K80","B20K80_5",0.76647781125026,2029,"0-1.5k"
"oarfish","ratio_counts","B20K80","B20K80_5",0.808409474445784,4847,"1.5k-3k"
"oarfish","ratio_counts","B20K80","B20K80_5",0.746825467261625,3561,"3k-4.5k"
"oarfish","ratio_counts","B20K80","B20K80_5",0.635395038644994,3550,">4.5k"
"oarfish","ratio_counts","B80K20","B80K20_1",0.800600476732469,2006,"0-1.5k"
"oarfish","ratio_counts","B80K20","B80K20_1",0.837107817280679,4858,"1.5k-3k"
"oarfish","ratio_counts","B80K20","B80K20_1",0.790389843081184,3579,"3k-4.5k"
"oarfish","ratio_counts","B80K20","B80K20_1",0.687087140024644,3633,">4.5k"
"oarfish","ratio_counts","B80K20","B80K20_2",0.65065094552002,2003,"0-1.5k"
"oarfish","ratio_counts","B80K20","B80K20_2",0.731962599593902,4825,"1.5k-3k"
"oarfish","ratio_counts","B80K20","B80K20_2",0.676404427992662,3589,"3k-4.5k"
"oarfish","ratio_counts","B80K20","B80K20_2",0.633808446665997,3643,">4.5k"
"oarfish","ratio_counts","B80K20","B80K20_3",0.707296475644818,2017,"0-1.5k"
"oarfish","ratio_counts","B80K20","B80K20_3",0.745303020608579,4856,"1.5k-3k"
"oarfish","ratio_counts","B80K20","B80K20_3",0.675050265835002,3580,"3k-4.5k"
"oarfish","ratio_counts","B80K20","B80K20_3",0.579291983580032,3623,">4.5k"
"oarfish","ratio_counts","B80K20","B80K20_4",0.652532818833101,2019,"0-1.5k"
"oarfish","ratio_counts","B80K20","B80K20_4",0.707364817344782,4853,"1.5k-3k"
"oarfish","ratio_counts","B80K20","B80K20_4",0.665609498723784,3587,"3k-4.5k"
"oarfish","ratio_counts","B80K20","B80K20_4",0.557728835004039,3626,">4.5k"
"oarfish","ratio_counts","B80K20","B80K20_5",0.739503561163548,2013,"0-1.5k"
"oarfish","ratio_counts","B80K20","B80K20_5",0.774658157871624,4845,"1.5k-3k"
"oarfish","ratio_counts","B80K20","B80K20_5",0.727174919049495,3573,"3k-4.5k"
"oarfish","ratio_counts","B80K20","B80K20_5",0.658111921249084,3602,">4.5k"
"oarfish","ratio_counts","Brain","B31",0.729476560521965,1855,"0-1.5k"
"oarfish","ratio_counts","Brain","B31",0.715051962590016,4570,"1.5k-3k"
"oarfish","ratio_counts","Brain","B31",0.525740991623812,3504,"3k-4.5k"
"oarfish","ratio_counts","Brain","B31",0.538524348764248,3601,">4.5k"
"oarfish","ratio_counts","Brain","B32",0.760747986706528,1865,"0-1.5k"
"oarfish","ratio_counts","Brain","B32",0.823548252306981,4590,"1.5k-3k"
"oarfish","ratio_counts","Brain","B32",0.75199762085736,3514,"3k-4.5k"
"oarfish","ratio_counts","Brain","B32",0.702935254948405,3612,">4.5k"
"oarfish","ratio_counts","Brain","B33",0.774627283766587,1866,"0-1.5k"
"oarfish","ratio_counts","Brain","B33",0.789213059512932,4575,"1.5k-3k"
"oarfish","ratio_counts","Brain","B33",0.708256897103199,3516,"3k-4.5k"
"oarfish","ratio_counts","Brain","B33",0.638759641897816,3606,">4.5k"
"oarfish","ratio_counts","Brain","B34",0.791807434795579,1860,"0-1.5k"
"oarfish","ratio_counts","Brain","B34",0.790669454477984,4589,"1.5k-3k"
"oarfish","ratio_counts","Brain","B34",0.754527417152627,3503,"3k-4.5k"
"oarfish","ratio_counts","Brain","B34",0.674628562382068,3597,">4.5k"
"oarfish","ratio_counts","Brain","B35",0.79021938857239,1864,"0-1.5k"
"oarfish","ratio_counts","Brain","B35",0.818912307252936,4613,"1.5k-3k"
"oarfish","ratio_counts","Brain","B35",0.810305253615312,3517,"3k-4.5k"
"oarfish","ratio_counts","Brain","B35",0.727922547075876,3592,">4.5k"
"oarfish","ratio_counts","Kidney","K31",0.871570770573627,1898,"0-1.5k"
"oarfish","ratio_counts","Kidney","K31",0.855454924275951,4430,"1.5k-3k"
"oarfish","ratio_counts","Kidney","K31",0.880782339640799,3241,"3k-4.5k"
"oarfish","ratio_counts","Kidney","K31",0.853733005762323,3118,">4.5k"
"oarfish","ratio_counts","Kidney","K32",0.829781233842157,1887,"0-1.5k"
"oarfish","ratio_counts","Kidney","K32",0.859058818033327,4448,"1.5k-3k"
"oarfish","ratio_counts","Kidney","K32",0.883702415723814,3256,"3k-4.5k"
"oarfish","ratio_counts","Kidney","K32",0.872214824749059,3180,">4.5k"
"oarfish","ratio_counts","Kidney","K33",0.821231775397395,1893,"0-1.5k"
"oarfish","ratio_counts","Kidney","K33",0.862037360995197,4418,"1.5k-3k"
"oarfish","ratio_counts","Kidney","K33",0.890409932061338,3213,"3k-4.5k"
"oarfish","ratio_counts","Kidney","K33",0.871582274828298,3076,">4.5k"
"oarfish","ratio_counts","Kidney","K34",0.74424637983979,1899,"0-1.5k"
"oarfish","ratio_counts","Kidney","K34",0.903779030927442,4453,"1.5k-3k"
"oarfish","ratio_counts","Kidney","K34",0.908068502780379,3205,"3k-4.5k"
"oarfish","ratio_counts","Kidney","K34",0.857428345961611,3032,">4.5k"
"oarfish","ratio_counts","Kidney","K35",0.76007224424288,1898,"0-1.5k"
"oarfish","ratio_counts","Kidney","K35",0.910881208768765,4425,"1.5k-3k"
"oarfish","ratio_counts","Kidney","K35",0.902489171735108,3151,"3k-4.5k"
"oarfish","ratio_counts","Kidney","K35",0.85477338648982,2938,">4.5k"
