"Tool","Normalization","Condition","Sample","Correlation","N_Transcripts","LengthQuantile"
"bambu","CPM","B20K80","BK20801",0.769842840380064,10971,"All"
"bambu","CPM","B20K80","BK20802",0.782281096555136,11041,"All"
"bambu","CPM","B20K80","BK20803",0.787039613274268,10979,"All"
"bambu","CPM","B20K80","BK20804",0.782023546602412,11025,"All"
"bambu","CPM","B20K80","BK20805",0.768700333653651,11006,"All"
"bambu","CPM","B80K20","BK80201",0.755975807523111,11035,"All"
"bambu","CPM","B80K20","BK80202",0.750359759679143,11050,"All"
"bambu","CPM","B80K20","BK80203",0.744195700493687,10940,"All"
"bambu","CPM","B80K20","BK80204",0.758407048634244,11056,"All"
"bambu","CPM","B80K20","BK80205",0.748980261923938,11002,"All"
"bambu","CPM","Brain","B31",0.799104481194959,10615,"All"
"bambu","CPM","Brain","B32",0.783791435282829,10579,"All"
"bambu","CPM","Brain","B33",0.786600005821048,10592,"All"
"bambu","CPM","Brain","B34",0.787917651109625,10585,"All"
"bambu","CPM","Brain","B35",0.789403043954963,10511,"All"
"bambu","CPM","Kidney","K31",0.840617511788988,10020,"All"
"bambu","CPM","Kidney","K32",0.850099312220035,10160,"All"
"bambu","CPM","Kidney","K33",0.855035460030496,10073,"All"
"bambu","CPM","Kidney","K34",0.848082730151606,9867,"All"
"bambu","CPM","Kidney","K35",0.850964875100633,9843,"All"
"bambu","EDA","B20K80","BK20801",0.726766607195521,10971,"All"
"bambu","EDA","B20K80","BK20802",0.759929961378706,11041,"All"
"bambu","EDA","B20K80","BK20803",0.739679115829196,10979,"All"
"bambu","EDA","B20K80","BK20804",0.73134281630833,11025,"All"
"bambu","EDA","B20K80","BK20805",0.713656792229858,11006,"All"
"bambu","EDA","B80K20","BK80201",0.757513691894451,11035,"All"
"bambu","EDA","B80K20","BK80202",0.760655934203237,11050,"All"
"bambu","EDA","B80K20","BK80203",0.740243210578439,10940,"All"
"bambu","EDA","B80K20","BK80204",0.748047521194505,11056,"All"
"bambu","EDA","B80K20","BK80205",0.740239590402606,11002,"All"
"bambu","EDA","Brain","B31",0.7863652637027,10615,"All"
"bambu","EDA","Brain","B32",0.798850163098462,10579,"All"
"bambu","EDA","Brain","B33",0.795500521334746,10592,"All"
"bambu","EDA","Brain","B34",0.794726656436925,10585,"All"
"bambu","EDA","Brain","B35",0.788485410269811,10511,"All"
"bambu","EDA","Kidney","K31",0.759952882135976,10020,"All"
"bambu","EDA","Kidney","K32",0.798246017845642,10160,"All"
"bambu","EDA","Kidney","K33",0.772125815288975,10073,"All"
"bambu","EDA","Kidney","K34",0.765407909341072,9867,"All"
"bambu","EDA","Kidney","K35",0.747809456606804,9843,"All"
"bambu","TPM","B20K80","BK20801",0.727675122185922,10971,"All"
"bambu","TPM","B20K80","BK20802",0.70454825531636,11041,"All"
"bambu","TPM","B20K80","BK20803",0.743333417279571,10979,"All"
"bambu","TPM","B20K80","BK20804",0.741606428261838,11025,"All"
"bambu","TPM","B20K80","BK20805",0.745076752549399,11006,"All"
"bambu","TPM","B80K20","BK80201",0.660218909817568,11035,"All"
"bambu","TPM","B80K20","BK80202",0.626946205342167,11050,"All"
"bambu","TPM","B80K20","BK80203",0.651941591674806,10940,"All"
"bambu","TPM","B80K20","BK80204",0.673034410681627,11056,"All"
"bambu","TPM","B80K20","BK80205",0.671320841277346,11002,"All"
"bambu","TPM","Brain","B31",0.744416847869403,10615,"All"
"bambu","TPM","Brain","B32",0.665501745432634,10579,"All"
"bambu","TPM","Brain","B33",0.685863991723284,10592,"All"
"bambu","TPM","Brain","B34",0.693260779026085,10585,"All"
"bambu","TPM","Brain","B35",0.701061085452937,10511,"All"
"bambu","TPM","Kidney","K31",0.819656957066179,10020,"All"
"bambu","TPM","Kidney","K32",0.791306739135853,10160,"All"
"bambu","TPM","Kidney","K33",0.823781036635744,10073,"All"
"bambu","TPM","Kidney","K34",0.811075640642405,9867,"All"
"bambu","TPM","Kidney","K35",0.838326109422334,9843,"All"
"bambu","cqn","B20K80","BK20801",0.76269438560621,11218,"All"
"bambu","cqn","B20K80","BK20802",0.783548150407528,11219,"All"
"bambu","cqn","B20K80","BK20803",0.771447314830233,11220,"All"
"bambu","cqn","B20K80","BK20804",0.76492027279682,11217,"All"
"bambu","cqn","B20K80","BK20805",0.740942220477701,11221,"All"
"bambu","cqn","B80K20","BK80201",0.781609311123496,11209,"All"
"bambu","cqn","B80K20","BK80202",0.780543574439479,11203,"All"
"bambu","cqn","B80K20","BK80203",0.76860755565132,11208,"All"
"bambu","cqn","B80K20","BK80204",0.781983048878794,11216,"All"
"bambu","cqn","B80K20","BK80205",0.771430157435874,11217,"All"
"bambu","cqn","Brain","B31",0.807546476367775,10937,"All"
"bambu","cqn","Brain","B32",0.800255428923755,10968,"All"
"bambu","cqn","Brain","B33",0.80363353317481,10910,"All"
"bambu","cqn","Brain","B34",0.808473641491517,10951,"All"
"bambu","cqn","Brain","B35",0.808928184696366,10976,"All"
"bambu","cqn","Kidney","K31",0.784529462285707,10751,"All"
"bambu","cqn","Kidney","K32",0.823860753165389,10819,"All"
"bambu","cqn","Kidney","K33",0.807559562251183,10746,"All"
"bambu","cqn","Kidney","K34",0.781303234985415,10738,"All"
"bambu","cqn","Kidney","K35",0.769952179497626,10693,"All"
"bambu","ratio_counts","B20K80","BK20801",0.655512165089086,10971,"All"
"bambu","ratio_counts","B20K80","BK20802",0.688810733432941,11041,"All"
"bambu","ratio_counts","B20K80","BK20803",0.745721888621493,10979,"All"
"bambu","ratio_counts","B20K80","BK20804",0.760589852525475,11025,"All"
"bambu","ratio_counts","B20K80","BK20805",0.714268564232909,11006,"All"
"bambu","ratio_counts","B80K20","BK80201",0.651037739333981,11035,"All"
"bambu","ratio_counts","B80K20","BK80202",0.627469681572264,11050,"All"
"bambu","ratio_counts","B80K20","BK80203",0.536165895944571,10940,"All"
"bambu","ratio_counts","B80K20","BK80204",0.579613048832291,11056,"All"
"bambu","ratio_counts","B80K20","BK80205",0.613101498916086,11002,"All"
"bambu","ratio_counts","Brain","B31",0.778301706938393,10615,"All"
"bambu","ratio_counts","Brain","B32",0.771014409643479,10579,"All"
"bambu","ratio_counts","Brain","B33",0.745403922711673,10592,"All"
"bambu","ratio_counts","Brain","B34",0.752542472147467,10585,"All"
"bambu","ratio_counts","Brain","B35",0.742617718414838,10511,"All"
"bambu","ratio_counts","Kidney","K31",0.810499686573066,10020,"All"
"bambu","ratio_counts","Kidney","K32",0.838733220461812,10160,"All"
"bambu","ratio_counts","Kidney","K33",0.82587844039265,10073,"All"
"bambu","ratio_counts","Kidney","K34",0.823339724557705,9867,"All"
"bambu","ratio_counts","Kidney","K35",0.816231324036054,9843,"All"
"flair","CPM","B20K80","BK20801",0.809501975358244,11669,"All"
"flair","CPM","B20K80","BK20802",0.807252464566553,11697,"All"
"flair","CPM","B20K80","BK20803",0.815665869768959,11658,"All"
"flair","CPM","B20K80","BK20804",0.80889013142659,11674,"All"
"flair","CPM","B20K80","BK20805",0.800242810458955,11677,"All"
"flair","CPM","B80K20","BK80201",0.798587697661478,11858,"All"
"flair","CPM","B80K20","BK80202",0.78391108634777,11868,"All"
"flair","CPM","B80K20","BK80203",0.787515099038248,11785,"All"
"flair","CPM","B80K20","BK80204",0.801851179651022,11889,"All"
"flair","CPM","B80K20","BK80205",0.789630570504553,11852,"All"
"flair","CPM","Brain","B31",0.837913977628568,11474,"All"
"flair","CPM","Brain","B32",0.81057450451967,11468,"All"
"flair","CPM","Brain","B33",0.815121519075455,11458,"All"
"flair","CPM","Brain","B34",0.826421290634921,11473,"All"
"flair","CPM","Brain","B35",0.820730944112095,11432,"All"
"flair","CPM","Kidney","K31",0.850830357942362,9843,"All"
"flair","CPM","Kidney","K32",0.84428048102149,9871,"All"
"flair","CPM","Kidney","K33",0.859976273092355,9843,"All"
"flair","CPM","Kidney","K34",0.848372806187615,9770,"All"
"flair","CPM","Kidney","K35",0.85887316734756,9769,"All"
"flair","EDA","B20K80","BK20801",0.797285220270711,11669,"All"
"flair","EDA","B20K80","BK20802",0.792178829597217,11697,"All"
"flair","EDA","B20K80","BK20803",0.798176912040645,11658,"All"
"flair","EDA","B20K80","BK20804",0.789368175308105,11674,"All"
"flair","EDA","B20K80","BK20805",0.784351336183355,11677,"All"
"flair","EDA","B80K20","BK80201",0.798404736099087,11858,"All"
"flair","EDA","B80K20","BK80202",0.78483922020702,11868,"All"
"flair","EDA","B80K20","BK80203",0.78592018202488,11785,"All"
"flair","EDA","B80K20","BK80204",0.800687254822174,11889,"All"
"flair","EDA","B80K20","BK80205",0.789153116308634,11852,"All"
"flair","EDA","Brain","B31",0.834267997462536,11474,"All"
"flair","EDA","Brain","B32",0.807808364246452,11468,"All"
"flair","EDA","Brain","B33",0.813457274994248,11458,"All"
"flair","EDA","Brain","B34",0.824933283364462,11473,"All"
"flair","EDA","Brain","B35",0.818055843140941,11432,"All"
"flair","EDA","Kidney","K31",0.819048903912478,9843,"All"
"flair","EDA","Kidney","K32",0.806861547189406,9871,"All"
"flair","EDA","Kidney","K33",0.819634960965203,9843,"All"
"flair","EDA","Kidney","K34",0.807745828842643,9770,"All"
"flair","EDA","Kidney","K35",0.823088939581635,9769,"All"
"flair","TPM","B20K80","BK20801",0.642747253581937,11669,"All"
"flair","TPM","B20K80","BK20802",0.670985538741021,11697,"All"
"flair","TPM","B20K80","BK20803",0.658749381685291,11658,"All"
"flair","TPM","B20K80","BK20804",0.649697269036841,11674,"All"
"flair","TPM","B20K80","BK20805",0.631917674120685,11677,"All"
"flair","TPM","B80K20","BK80201",0.666948608732928,11858,"All"
"flair","TPM","B80K20","BK80202",0.671360403174147,11868,"All"
"flair","TPM","B80K20","BK80203",0.663485604386064,11785,"All"
"flair","TPM","B80K20","BK80204",0.661136128296999,11889,"All"
"flair","TPM","B80K20","BK80205",0.64900034515297,11852,"All"
"flair","TPM","Brain","B31",0.675803643420863,11474,"All"
"flair","TPM","Brain","B32",0.685616522998841,11468,"All"
"flair","TPM","Brain","B33",0.681505602973818,11458,"All"
"flair","TPM","Brain","B34",0.678534159880376,11473,"All"
"flair","TPM","Brain","B35",0.677907110847758,11432,"All"
"flair","TPM","Kidney","K31",0.672083726432856,9843,"All"
"flair","TPM","Kidney","K32",0.704422081544296,9871,"All"
"flair","TPM","Kidney","K33",0.692571194484894,9843,"All"
"flair","TPM","Kidney","K34",0.699711813899744,9770,"All"
"flair","TPM","Kidney","K35",0.681046026590853,9769,"All"
"flair","cqn","B20K80","BK20801",0.819729121475864,13049,"All"
"flair","cqn","B20K80","BK20802",0.81038712813151,13049,"All"
"flair","cqn","B20K80","BK20803",0.822380611215787,13046,"All"
"flair","cqn","B20K80","BK20804",0.819283840936833,13041,"All"
"flair","cqn","B20K80","BK20805",0.817359771106702,13050,"All"
"flair","cqn","B80K20","BK80201",0.801245525253293,13036,"All"
"flair","cqn","B80K20","BK80202",0.783997038760853,13028,"All"
"flair","cqn","B80K20","BK80203",0.795522351453934,13041,"All"
"flair","cqn","B80K20","BK80204",0.807809756974395,13051,"All"
"flair","cqn","B80K20","BK80205",0.802168325499545,13049,"All"
"flair","cqn","Brain","B31",0.808736042021377,12719,"All"
"flair","cqn","Brain","B32",0.786098241488629,12763,"All"
"flair","cqn","Brain","B33",0.792233982487908,12694,"All"
"flair","cqn","Brain","B34",0.808082829581342,12731,"All"
"flair","cqn","Brain","B35",0.804695400631526,12764,"All"
"flair","cqn","Kidney","K31",0.837090948685825,12465,"All"
"flair","cqn","Kidney","K32",0.820065100095918,12536,"All"
"flair","cqn","Kidney","K33",0.832283202170139,12462,"All"
"flair","cqn","Kidney","K34",0.821265710867591,12449,"All"
"flair","cqn","Kidney","K35",0.840374279289148,12399,"All"
"flair","ratio_counts","B20K80","BK20801",0.645249660429877,11669,"All"
"flair","ratio_counts","B20K80","BK20802",0.674717802985367,11697,"All"
"flair","ratio_counts","B20K80","BK20803",0.724477116518019,11658,"All"
"flair","ratio_counts","B20K80","BK20804",0.742657313081812,11674,"All"
"flair","ratio_counts","B20K80","BK20805",0.683874114810788,11677,"All"
"flair","ratio_counts","B80K20","BK80201",0.67407441559645,11858,"All"
"flair","ratio_counts","B80K20","BK80202",0.619433789202772,11868,"All"
"flair","ratio_counts","B80K20","BK80203",0.577710334518423,11785,"All"
"flair","ratio_counts","B80K20","BK80204",0.606092791960489,11889,"All"
"flair","ratio_counts","B80K20","BK80205",0.636250926507559,11852,"All"
"flair","ratio_counts","Brain","B31",0.759509362127421,11474,"All"
"flair","ratio_counts","Brain","B32",0.764620315112683,11468,"All"
"flair","ratio_counts","Brain","B33",0.732794055522877,11458,"All"
"flair","ratio_counts","Brain","B34",0.751161283212373,11473,"All"
"flair","ratio_counts","Brain","B35",0.738126062439026,11432,"All"
"flair","ratio_counts","Kidney","K31",0.786887364174184,9843,"All"
"flair","ratio_counts","Kidney","K32",0.805457392576482,9871,"All"
"flair","ratio_counts","Kidney","K33",0.80396613539182,9843,"All"
"flair","ratio_counts","Kidney","K34",0.807165409166107,9770,"All"
"flair","ratio_counts","Kidney","K35",0.786395935176456,9769,"All"
"isoquant","CPM","B20K80","BK20801",0.680041955181951,7666,"All"
"isoquant","CPM","B20K80","BK20802",0.683070669763612,7770,"All"
"isoquant","CPM","B20K80","BK20803",0.689728314167459,7695,"All"
"isoquant","CPM","B20K80","BK20804",0.68671442514915,7719,"All"
"isoquant","CPM","B20K80","BK20805",0.680992948404314,7705,"All"
"isoquant","CPM","B80K20","BK80201",0.645781684084949,7935,"All"
"isoquant","CPM","B80K20","BK80202",0.635004370410493,7995,"All"
"isoquant","CPM","B80K20","BK80203",0.647496203950414,7804,"All"
"isoquant","CPM","B80K20","BK80204",0.641671628872903,7980,"All"
"isoquant","CPM","B80K20","BK80205",0.646407642322464,7860,"All"
"isoquant","CPM","Brain","B31",0.668766682270976,7718,"All"
"isoquant","CPM","Brain","B32",0.667713222513282,7768,"All"
"isoquant","CPM","Brain","B33",0.677877559499305,7759,"All"
"isoquant","CPM","Brain","B34",0.669766443039674,7728,"All"
"isoquant","CPM","Brain","B35",0.685486849264279,7666,"All"
"isoquant","CPM","Kidney","K31",0.730034775378482,6868,"All"
"isoquant","CPM","Kidney","K32",0.735317585080662,7018,"All"
"isoquant","CPM","Kidney","K33",0.735444729873296,6921,"All"
"isoquant","CPM","Kidney","K34",0.753191360258332,6872,"All"
"isoquant","CPM","Kidney","K35",0.7487477430581,6733,"All"
"isoquant","EDA","B20K80","BK20801",0.691220393507925,7666,"All"
"isoquant","EDA","B20K80","BK20802",0.699621250903118,7770,"All"
"isoquant","EDA","B20K80","BK20803",0.698102776728469,7695,"All"
"isoquant","EDA","B20K80","BK20804",0.693169181497236,7719,"All"
"isoquant","EDA","B20K80","BK20805",0.684906444098612,7705,"All"
"isoquant","EDA","B80K20","BK80201",0.66725229736538,7935,"All"
"isoquant","EDA","B80K20","BK80202",0.655160233974128,7995,"All"
"isoquant","EDA","B80K20","BK80203",0.66473343147566,7804,"All"
"isoquant","EDA","B80K20","BK80204",0.658267948418521,7980,"All"
"isoquant","EDA","B80K20","BK80205",0.664217780029783,7860,"All"
"isoquant","EDA","Brain","B31",0.683893978391658,7718,"All"
"isoquant","EDA","Brain","B32",0.690282224355661,7768,"All"
"isoquant","EDA","Brain","B33",0.702557160066643,7759,"All"
"isoquant","EDA","Brain","B34",0.694543407859089,7728,"All"
"isoquant","EDA","Brain","B35",0.707354488759931,7666,"All"
"isoquant","EDA","Kidney","K31",0.735772692996265,6868,"All"
"isoquant","EDA","Kidney","K32",0.749555368488828,7018,"All"
"isoquant","EDA","Kidney","K33",0.738763006203102,6921,"All"
"isoquant","EDA","Kidney","K34",0.757258626732527,6872,"All"
"isoquant","EDA","Kidney","K35",0.7451382341033,6733,"All"
"isoquant","TPM","B20K80","BK20801",0.617144104889427,7666,"All"
"isoquant","TPM","B20K80","BK20802",0.593390428005262,7770,"All"
"isoquant","TPM","B20K80","BK20803",0.625092432320051,7695,"All"
"isoquant","TPM","B20K80","BK20804",0.625218651531025,7719,"All"
"isoquant","TPM","B20K80","BK20805",0.63149704283933,7705,"All"
"isoquant","TPM","B80K20","BK80201",0.554983135337983,7935,"All"
"isoquant","TPM","B80K20","BK80202",0.526754227236559,7995,"All"
"isoquant","TPM","B80K20","BK80203",0.555616160665101,7804,"All"
"isoquant","TPM","B80K20","BK80204",0.559714105469308,7980,"All"
"isoquant","TPM","B80K20","BK80205",0.566367144525742,7860,"All"
"isoquant","TPM","Brain","B31",0.598977242077645,7718,"All"
"isoquant","TPM","Brain","B32",0.553054367881356,7768,"All"
"isoquant","TPM","Brain","B33",0.573411117829475,7759,"All"
"isoquant","TPM","Brain","B34",0.57324674546025,7728,"All"
"isoquant","TPM","Brain","B35",0.587468918688267,7666,"All"
"isoquant","TPM","Kidney","K31",0.670296239559746,6868,"All"
"isoquant","TPM","Kidney","K32",0.646355654533627,7018,"All"
"isoquant","TPM","Kidney","K33",0.669343248765683,6921,"All"
"isoquant","TPM","Kidney","K34",0.679370688164197,6872,"All"
"isoquant","TPM","Kidney","K35",0.698924143799753,6733,"All"
"isoquant","cqn","B20K80","BK20801",0.645723327005071,9298,"All"
"isoquant","cqn","B20K80","BK20802",0.638552565728085,9298,"All"
"isoquant","cqn","B20K80","BK20803",0.649856101681442,9296,"All"
"isoquant","cqn","B20K80","BK20804",0.649721464672741,9298,"All"
"isoquant","cqn","B20K80","BK20805",0.643488813218934,9300,"All"
"isoquant","cqn","B80K20","BK80201",0.605762089668128,9287,"All"
"isoquant","cqn","B80K20","BK80202",0.58223600850606,9279,"All"
"isoquant","cqn","B80K20","BK80203",0.607286670666,9292,"All"
"isoquant","cqn","B80K20","BK80204",0.610826060822531,9298,"All"
"isoquant","cqn","B80K20","BK80205",0.620051314078873,9297,"All"
"isoquant","cqn","Brain","B31",0.661749472105777,9050,"All"
"isoquant","cqn","Brain","B32",0.631800354728522,9082,"All"
"isoquant","cqn","Brain","B33",0.655901443967991,9033,"All"
"isoquant","cqn","Brain","B34",0.653250377293316,9061,"All"
"isoquant","cqn","Brain","B35",0.67569419113113,9081,"All"
"isoquant","cqn","Kidney","K31",0.695391606575225,8992,"All"
"isoquant","cqn","Kidney","K32",0.706858908107071,9024,"All"
"isoquant","cqn","Kidney","K33",0.708328548822437,8978,"All"
"isoquant","cqn","Kidney","K34",0.712814151668382,8975,"All"
"isoquant","cqn","Kidney","K35",0.702138333458866,8953,"All"
"isoquant","ratio_counts","B20K80","BK20801",0.385229170646226,7666,"All"
"isoquant","ratio_counts","B20K80","BK20802",0.519291907315155,7770,"All"
"isoquant","ratio_counts","B20K80","BK20803",0.482217506322114,7695,"All"
"isoquant","ratio_counts","B20K80","BK20804",0.501648854730683,7719,"All"
"isoquant","ratio_counts","B20K80","BK20805",0.451055400233575,7705,"All"
"isoquant","ratio_counts","B80K20","BK80201",0.55130310521504,7935,"All"
"isoquant","ratio_counts","B80K20","BK80202",0.553582684939164,7995,"All"
"isoquant","ratio_counts","B80K20","BK80203",0.49394103390822,7804,"All"
"isoquant","ratio_counts","B80K20","BK80204",0.454508785588311,7980,"All"
"isoquant","ratio_counts","B80K20","BK80205",0.49191084881138,7860,"All"
"isoquant","ratio_counts","Brain","B31",0.597348722772919,7718,"All"
"isoquant","ratio_counts","Brain","B32",0.683629564819406,7768,"All"
"isoquant","ratio_counts","Brain","B33",0.655354008916884,7759,"All"
"isoquant","ratio_counts","Brain","B34",0.631009590570999,7728,"All"
"isoquant","ratio_counts","Brain","B35",0.63738699474225,7666,"All"
"isoquant","ratio_counts","Kidney","K31",0.585277577766342,6868,"All"
"isoquant","ratio_counts","Kidney","K32",0.651287008714546,7018,"All"
"isoquant","ratio_counts","Kidney","K33",0.595965488334302,6921,"All"
"isoquant","ratio_counts","Kidney","K34",0.622705554218323,6872,"All"
"isoquant","ratio_counts","Kidney","K35",0.583022817838277,6733,"All"
"kallisto","CPM","B20K80","BK20801",0.748279998657729,9587,"All"
"kallisto","CPM","B20K80","BK20802",0.759795252116033,9651,"All"
"kallisto","CPM","B20K80","BK20803",0.76333071108414,9569,"All"
"kallisto","CPM","B20K80","BK20804",0.760943105504473,9618,"All"
"kallisto","CPM","B20K80","BK20805",0.751758037448897,9609,"All"
"kallisto","CPM","B80K20","BK80201",0.726979639824661,9640,"All"
"kallisto","CPM","B80K20","BK80202",0.720152751423198,9677,"All"
"kallisto","CPM","B80K20","BK80203",0.714911099121379,9545,"All"
"kallisto","CPM","B80K20","BK80204",0.726106179283263,9683,"All"
"kallisto","CPM","B80K20","BK80205",0.712546180884616,9609,"All"
"kallisto","CPM","Brain","B31",0.768596272852718,9240,"All"
"kallisto","CPM","Brain","B32",0.756005236193692,9223,"All"
"kallisto","CPM","Brain","B33",0.750650858359066,9206,"All"
"kallisto","CPM","Brain","B34",0.749842859506201,9186,"All"
"kallisto","CPM","Brain","B35",0.750967472424255,9093,"All"
"kallisto","CPM","Kidney","K31",0.830161660594922,8755,"All"
"kallisto","CPM","Kidney","K32",0.841082483065901,8854,"All"
"kallisto","CPM","Kidney","K33",0.846551105524573,8782,"All"
"kallisto","CPM","Kidney","K34",0.840720844818154,8643,"All"
"kallisto","CPM","Kidney","K35",0.837861961995444,8594,"All"
"kallisto","EDA","B20K80","BK20801",0.696914075731038,9587,"All"
"kallisto","EDA","B20K80","BK20802",0.723325007189289,9651,"All"
"kallisto","EDA","B20K80","BK20803",0.707363635848781,9569,"All"
"kallisto","EDA","B20K80","BK20804",0.700678871600681,9618,"All"
"kallisto","EDA","B20K80","BK20805",0.685580908299589,9609,"All"
"kallisto","EDA","B80K20","BK80201",0.719043949462501,9640,"All"
"kallisto","EDA","B80K20","BK80202",0.717849976532608,9677,"All"
"kallisto","EDA","B80K20","BK80203",0.704657179370525,9545,"All"
"kallisto","EDA","B80K20","BK80204",0.708083541769987,9683,"All"
"kallisto","EDA","B80K20","BK80205",0.698266187447745,9609,"All"
"kallisto","EDA","Brain","B31",0.748140594805437,9240,"All"
"kallisto","EDA","Brain","B32",0.761753850853525,9223,"All"
"kallisto","EDA","Brain","B33",0.750130326336945,9206,"All"
"kallisto","EDA","Brain","B34",0.75151033656171,9186,"All"
"kallisto","EDA","Brain","B35",0.746799938288315,9093,"All"
"kallisto","EDA","Kidney","K31",0.735341226865496,8755,"All"
"kallisto","EDA","Kidney","K32",0.784460520186473,8854,"All"
"kallisto","EDA","Kidney","K33",0.756316577300261,8782,"All"
"kallisto","EDA","Kidney","K34",0.754769950871275,8643,"All"
"kallisto","EDA","Kidney","K35",0.734695888602149,8594,"All"
"kallisto","TPM","B20K80","BK20801",0.726650958334631,9587,"All"
"kallisto","TPM","B20K80","BK20802",0.700407825196397,9651,"All"
"kallisto","TPM","B20K80","BK20803",0.738427575007748,9569,"All"
"kallisto","TPM","B20K80","BK20804",0.73939993762462,9618,"All"
"kallisto","TPM","B20K80","BK20805",0.746341826188879,9609,"All"
"kallisto","TPM","B80K20","BK80201",0.652495209008457,9640,"All"
"kallisto","TPM","B80K20","BK80202",0.616591623186162,9677,"All"
"kallisto","TPM","B80K20","BK80203",0.644547928226437,9545,"All"
"kallisto","TPM","B80K20","BK80204",0.661207493414752,9683,"All"
"kallisto","TPM","B80K20","BK80205",0.65776205235461,9609,"All"
"kallisto","TPM","Brain","B31",0.734720219944018,9240,"All"
"kallisto","TPM","Brain","B32",0.660507924400008,9223,"All"
"kallisto","TPM","Brain","B33",0.672122324910271,9206,"All"
"kallisto","TPM","Brain","B34",0.677523255761693,9186,"All"
"kallisto","TPM","Brain","B35",0.683606487824547,9093,"All"
"kallisto","TPM","Kidney","K31",0.826546543661806,8755,"All"
"kallisto","TPM","Kidney","K32",0.796644586914787,8854,"All"
"kallisto","TPM","Kidney","K33",0.830148995899904,8782,"All"
"kallisto","TPM","Kidney","K34",0.818933375885385,8643,"All"
"kallisto","TPM","Kidney","K35",0.840767018423367,8594,"All"
"kallisto","cqn","B20K80","BK20801",0.749416696577071,9781,"All"
"kallisto","cqn","B20K80","BK20802",0.767900220357812,9780,"All"
"kallisto","cqn","B20K80","BK20803",0.757932526042069,9786,"All"
"kallisto","cqn","B20K80","BK20804",0.759134167487531,9780,"All"
"kallisto","cqn","B20K80","BK20805",0.741300328076378,9786,"All"
"kallisto","cqn","B80K20","BK80201",0.75436017495533,9772,"All"
"kallisto","cqn","B80K20","BK80202",0.754229694274322,9770,"All"
"kallisto","cqn","B80K20","BK80203",0.740124746839922,9777,"All"
"kallisto","cqn","B80K20","BK80204",0.755002856507514,9782,"All"
"kallisto","cqn","B80K20","BK80205",0.741089664763693,9780,"All"
"kallisto","cqn","Brain","B31",0.7890008398382,9523,"All"
"kallisto","cqn","Brain","B32",0.775677235481911,9560,"All"
"kallisto","cqn","Brain","B33",0.775590493635745,9506,"All"
"kallisto","cqn","Brain","B34",0.776848899820021,9535,"All"
"kallisto","cqn","Brain","B35",0.782616396145162,9560,"All"
"kallisto","cqn","Kidney","K31",0.790716988273329,9425,"All"
"kallisto","cqn","Kidney","K32",0.821644982135634,9474,"All"
"kallisto","cqn","Kidney","K33",0.8069542515018,9420,"All"
"kallisto","cqn","Kidney","K34",0.78761613524099,9406,"All"
"kallisto","cqn","Kidney","K35",0.774591627550019,9375,"All"
"kallisto","ratio_counts","B20K80","BK20801",0.656447467270971,9587,"All"
"kallisto","ratio_counts","B20K80","BK20802",0.706570769908101,9651,"All"
"kallisto","ratio_counts","B20K80","BK20803",0.748880755856676,9569,"All"
"kallisto","ratio_counts","B20K80","BK20804",0.764124919702688,9618,"All"
"kallisto","ratio_counts","B20K80","BK20805",0.723649638082833,9609,"All"
"kallisto","ratio_counts","B80K20","BK80201",0.67432499092752,9640,"All"
"kallisto","ratio_counts","B80K20","BK80202",0.677236073916545,9677,"All"
"kallisto","ratio_counts","B80K20","BK80203",0.570616193311396,9545,"All"
"kallisto","ratio_counts","B80K20","BK80204",0.60041599963282,9683,"All"
"kallisto","ratio_counts","B80K20","BK80205",0.604852055184542,9609,"All"
"kallisto","ratio_counts","Brain","B31",0.776964690946327,9240,"All"
"kallisto","ratio_counts","Brain","B32",0.791969601388492,9223,"All"
"kallisto","ratio_counts","Brain","B33",0.767827075647194,9206,"All"
"kallisto","ratio_counts","Brain","B34",0.75851596072148,9186,"All"
"kallisto","ratio_counts","Brain","B35",0.753527861129753,9093,"All"
"kallisto","ratio_counts","Kidney","K31",0.81536982716896,8755,"All"
"kallisto","ratio_counts","Kidney","K32",0.843506145792059,8854,"All"
"kallisto","ratio_counts","Kidney","K33",0.83201657084862,8782,"All"
"kallisto","ratio_counts","Kidney","K34",0.837694379708008,8643,"All"
"kallisto","ratio_counts","Kidney","K35",0.823106043598816,8594,"All"
"oarfish","CPM","B20K80","BK20801",0.755018427857885,12001,"All"
"oarfish","CPM","B20K80","BK20802",0.762214278527974,12078,"All"
"oarfish","CPM","B20K80","BK20803",0.76750256539172,11953,"All"
"oarfish","CPM","B20K80","BK20804",0.763999794505411,12001,"All"
"oarfish","CPM","B20K80","BK20805",0.749740010463055,12002,"All"
"oarfish","CPM","B80K20","BK80201",0.733004757237716,12096,"All"
"oarfish","CPM","B80K20","BK80202",0.731726734476142,12143,"All"
"oarfish","CPM","B80K20","BK80203",0.729023392968526,11921,"All"
"oarfish","CPM","B80K20","BK80204",0.736394393115311,12147,"All"
"oarfish","CPM","B80K20","BK80205",0.724334521997787,12010,"All"
"oarfish","CPM","Brain","B31",0.772797692025528,11573,"All"
"oarfish","CPM","Brain","B32",0.754588900988628,11549,"All"
"oarfish","CPM","Brain","B33",0.756104906489744,11553,"All"
"oarfish","CPM","Brain","B34",0.758726367802303,11521,"All"
"oarfish","CPM","Brain","B35",0.759091286403085,11427,"All"
"oarfish","CPM","Kidney","K31",0.819198945941824,10703,"All"
"oarfish","CPM","Kidney","K32",0.834286982659565,10909,"All"
"oarfish","CPM","Kidney","K33",0.839679601540094,10749,"All"
"oarfish","CPM","Kidney","K34",0.834657042879337,10513,"All"
"oarfish","CPM","Kidney","K35",0.83015994840078,10434,"All"
"oarfish","EDA","B20K80","BK20801",0.729875522359983,12001,"All"
"oarfish","EDA","B20K80","BK20802",0.753201109553838,12078,"All"
"oarfish","EDA","B20K80","BK20803",0.739215093054244,11953,"All"
"oarfish","EDA","B20K80","BK20804",0.732243293140416,12001,"All"
"oarfish","EDA","B20K80","BK20805",0.71141240853816,12002,"All"
"oarfish","EDA","B80K20","BK80201",0.744038477040399,12096,"All"
"oarfish","EDA","B80K20","BK80202",0.748889034657573,12143,"All"
"oarfish","EDA","B80K20","BK80203",0.734314106104866,11921,"All"
"oarfish","EDA","B80K20","BK80204",0.741443727391321,12147,"All"
"oarfish","EDA","B80K20","BK80205",0.728349447026874,12010,"All"
"oarfish","EDA","Brain","B31",0.776443768480777,11573,"All"
"oarfish","EDA","Brain","B32",0.772273234479471,11549,"All"
"oarfish","EDA","Brain","B33",0.771992734778066,11553,"All"
"oarfish","EDA","Brain","B34",0.774101664562389,11521,"All"
"oarfish","EDA","Brain","B35",0.769649494085049,11427,"All"
"oarfish","EDA","Kidney","K31",0.76377137318631,10703,"All"
"oarfish","EDA","Kidney","K32",0.800571903022193,10909,"All"
"oarfish","EDA","Kidney","K33",0.784191971710224,10749,"All"
"oarfish","EDA","Kidney","K34",0.774161150163765,10513,"All"
"oarfish","EDA","Kidney","K35",0.759744793395853,10434,"All"
"oarfish","TPM","B20K80","BK20801",0.739001046863468,12001,"All"
"oarfish","TPM","B20K80","BK20802",0.710489759135021,12078,"All"
"oarfish","TPM","B20K80","BK20803",0.749541088591404,11953,"All"
"oarfish","TPM","B20K80","BK20804",0.747088759141992,12001,"All"
"oarfish","TPM","B20K80","BK20805",0.75029202491753,12002,"All"
"oarfish","TPM","B80K20","BK80201",0.672707398743957,12096,"All"
"oarfish","TPM","B80K20","BK80202",0.643984589905425,12143,"All"
"oarfish","TPM","B80K20","BK80203",0.668302639047664,11921,"All"
"oarfish","TPM","B80K20","BK80204",0.6827493195974,12147,"All"
"oarfish","TPM","B80K20","BK80205",0.677492008491864,12010,"All"
"oarfish","TPM","Brain","B31",0.750329990806491,11573,"All"
"oarfish","TPM","Brain","B32",0.675618314135771,11549,"All"
"oarfish","TPM","Brain","B33",0.690670997439458,11553,"All"
"oarfish","TPM","Brain","B34",0.700966405493324,11521,"All"
"oarfish","TPM","Brain","B35",0.704876763334352,11427,"All"
"oarfish","TPM","Kidney","K31",0.825809020469912,10703,"All"
"oarfish","TPM","Kidney","K32",0.801051783434177,10909,"All"
"oarfish","TPM","Kidney","K33",0.834070628108974,10749,"All"
"oarfish","TPM","Kidney","K34",0.820459372069086,10513,"All"
"oarfish","TPM","Kidney","K35",0.844700512802037,10434,"All"
"oarfish","cqn","B20K80","BK20801",0.756101002163274,12276,"All"
"oarfish","cqn","B20K80","BK20802",0.774077186565572,12265,"All"
"oarfish","cqn","B20K80","BK20803",0.759808761584773,12269,"All"
"oarfish","cqn","B20K80","BK20804",0.751530137285437,12259,"All"
"oarfish","cqn","B20K80","BK20805",0.727343798063317,12274,"All"
"oarfish","cqn","B80K20","BK80201",0.763833435724161,12262,"All"
"oarfish","cqn","B80K20","BK80202",0.763648449953601,12261,"All"
"oarfish","cqn","B80K20","BK80203",0.759241465362676,12265,"All"
"oarfish","cqn","B80K20","BK80204",0.762708550207747,12272,"All"
"oarfish","cqn","B80K20","BK80205",0.755068635188811,12275,"All"
"oarfish","cqn","Brain","B31",0.802268737465328,11934,"All"
"oarfish","cqn","Brain","B32",0.783396342988149,11991,"All"
"oarfish","cqn","Brain","B33",0.789680458032236,11920,"All"
"oarfish","cqn","Brain","B34",0.793642230817305,11963,"All"
"oarfish","cqn","Brain","B35",0.797974155935159,11986,"All"
"oarfish","cqn","Kidney","K31",0.774976400702744,11680,"All"
"oarfish","cqn","Kidney","K32",0.808514368360578,11761,"All"
"oarfish","cqn","Kidney","K33",0.78933773901847,11672,"All"
"oarfish","cqn","Kidney","K34",0.765910992378774,11674,"All"
"oarfish","cqn","Kidney","K35",0.754114018894282,11627,"All"
"oarfish","ratio_counts","B20K80","BK20801",0.663315067317537,12001,"All"
"oarfish","ratio_counts","B20K80","BK20802",0.690403723602745,12078,"All"
"oarfish","ratio_counts","B20K80","BK20803",0.74657752936133,11953,"All"
"oarfish","ratio_counts","B20K80","BK20804",0.762303640131074,12001,"All"
"oarfish","ratio_counts","B20K80","BK20805",0.711477914353402,12002,"All"
"oarfish","ratio_counts","B80K20","BK80201",0.634302724901157,12096,"All"
"oarfish","ratio_counts","B80K20","BK80202",0.605311798730673,12143,"All"
"oarfish","ratio_counts","B80K20","BK80203",0.537936958687474,11921,"All"
"oarfish","ratio_counts","B80K20","BK80204",0.558641357635557,12147,"All"
"oarfish","ratio_counts","B80K20","BK80205",0.586914626796777,12010,"All"
"oarfish","ratio_counts","Brain","B31",0.749087856920969,11573,"All"
"oarfish","ratio_counts","Brain","B32",0.743278560145524,11549,"All"
"oarfish","ratio_counts","Brain","B33",0.714568997170279,11553,"All"
"oarfish","ratio_counts","Brain","B34",0.723159402185804,11521,"All"
"oarfish","ratio_counts","Brain","B35",0.723166851855558,11427,"All"
"oarfish","ratio_counts","Kidney","K31",0.800997508440307,10703,"All"
"oarfish","ratio_counts","Kidney","K32",0.831515587317992,10909,"All"
"oarfish","ratio_counts","Kidney","K33",0.822489495878721,10749,"All"
"oarfish","ratio_counts","Kidney","K34",0.822527791381211,10513,"All"
"oarfish","ratio_counts","Kidney","K35",0.806975395777542,10434,"All"
"bambu","CPM","B20K80","BK20801",0.853542213260034,2623,"0-1.5k"
"bambu","CPM","B20K80","BK20801",0.804537790794954,3722,"1.5k-3k"
"bambu","CPM","B20K80","BK20801",0.722424019915827,2254,"3k-4.5k"
"bambu","CPM","B20K80","BK20801",0.567665992712671,2372,">4.5k"
"bambu","CPM","B20K80","BK20802",0.850012120099229,2635,"0-1.5k"
"bambu","CPM","B20K80","BK20802",0.809531804344946,3742,"1.5k-3k"
"bambu","CPM","B20K80","BK20802",0.772817297756995,2273,"3k-4.5k"
"bambu","CPM","B20K80","BK20802",0.644345079049976,2391,">4.5k"
"bambu","CPM","B20K80","BK20803",0.857096729007425,2629,"0-1.5k"
"bambu","CPM","B20K80","BK20803",0.818710004810402,3729,"1.5k-3k"
"bambu","CPM","B20K80","BK20803",0.755743977291187,2245,"3k-4.5k"
"bambu","CPM","B20K80","BK20803",0.592231876290629,2376,">4.5k"
"bambu","CPM","B20K80","BK20804",0.842265647278121,2635,"0-1.5k"
"bambu","CPM","B20K80","BK20804",0.815689132608245,3734,"1.5k-3k"
"bambu","CPM","B20K80","BK20804",0.751182988467783,2267,"3k-4.5k"
"bambu","CPM","B20K80","BK20804",0.59951387896576,2389,">4.5k"
"bambu","CPM","B20K80","BK20805",0.849729906789636,2635,"0-1.5k"
"bambu","CPM","B20K80","BK20805",0.808096947798603,3723,"1.5k-3k"
"bambu","CPM","B20K80","BK20805",0.712750386890273,2254,"3k-4.5k"
"bambu","CPM","B20K80","BK20805",0.556065540096086,2394,">4.5k"
"bambu","CPM","B80K20","BK80201",0.838938173537153,2607,"0-1.5k"
"bambu","CPM","B80K20","BK80201",0.783057241321758,3731,"1.5k-3k"
"bambu","CPM","B80K20","BK80201",0.733636356943372,2282,"3k-4.5k"
"bambu","CPM","B80K20","BK80201",0.64270058847646,2415,">4.5k"
"bambu","CPM","B80K20","BK80202",0.839375815674121,2609,"0-1.5k"
"bambu","CPM","B80K20","BK80202",0.772603667646707,3744,"1.5k-3k"
"bambu","CPM","B80K20","BK80202",0.737205534659329,2281,"3k-4.5k"
"bambu","CPM","B80K20","BK80202",0.681850684613423,2416,">4.5k"
"bambu","CPM","B80K20","BK80203",0.830983155714216,2583,"0-1.5k"
"bambu","CPM","B80K20","BK80203",0.762125087525133,3717,"1.5k-3k"
"bambu","CPM","B80K20","BK80203",0.714975962429147,2259,"3k-4.5k"
"bambu","CPM","B80K20","BK80203",0.625410228129083,2381,">4.5k"
"bambu","CPM","B80K20","BK80204",0.837517074323265,2617,"0-1.5k"
"bambu","CPM","B80K20","BK80204",0.785004181916954,3743,"1.5k-3k"
"bambu","CPM","B80K20","BK80204",0.738727695430194,2287,"3k-4.5k"
"bambu","CPM","B80K20","BK80204",0.624452889463138,2409,">4.5k"
"bambu","CPM","B80K20","BK80205",0.833558415657198,2609,"0-1.5k"
"bambu","CPM","B80K20","BK80205",0.768867271662838,3722,"1.5k-3k"
"bambu","CPM","B80K20","BK80205",0.722810064306436,2261,"3k-4.5k"
"bambu","CPM","B80K20","BK80205",0.614501620837585,2410,">4.5k"
"bambu","CPM","Brain","B31",0.861018292709348,2421,"0-1.5k"
"bambu","CPM","Brain","B31",0.830513133057792,3591,"1.5k-3k"
"bambu","CPM","Brain","B31",0.790688331052883,2226,"3k-4.5k"
"bambu","CPM","Brain","B31",0.671821544856399,2377,">4.5k"
"bambu","CPM","Brain","B32",0.853541834999627,2419,"0-1.5k"
"bambu","CPM","Brain","B32",0.813622509623131,3563,"1.5k-3k"
"bambu","CPM","Brain","B32",0.787708577829385,2228,"3k-4.5k"
"bambu","CPM","Brain","B32",0.717055385685114,2369,">4.5k"
"bambu","CPM","Brain","B33",0.858998960049269,2407,"0-1.5k"
"bambu","CPM","Brain","B33",0.816131815913553,3566,"1.5k-3k"
"bambu","CPM","Brain","B33",0.780350356811574,2237,"3k-4.5k"
"bambu","CPM","Brain","B33",0.695748969346953,2382,">4.5k"
"bambu","CPM","Brain","B34",0.862498795872904,2422,"0-1.5k"
"bambu","CPM","Brain","B34",0.822684361087533,3566,"1.5k-3k"
"bambu","CPM","Brain","B34",0.776089823629797,2225,"3k-4.5k"
"bambu","CPM","Brain","B34",0.676993601793336,2372,">4.5k"
"bambu","CPM","Brain","B35",0.858643445650441,2403,"0-1.5k"
"bambu","CPM","Brain","B35",0.81557792448265,3533,"1.5k-3k"
"bambu","CPM","Brain","B35",0.784278453868629,2220,"3k-4.5k"
"bambu","CPM","Brain","B35",0.674649107481584,2355,">4.5k"
"bambu","CPM","Kidney","K31",0.880807187354464,2477,"0-1.5k"
"bambu","CPM","Kidney","K31",0.864234326678783,3455,"1.5k-3k"
"bambu","CPM","Kidney","K31",0.814421105548307,2007,"3k-4.5k"
"bambu","CPM","Kidney","K31",0.685994610113117,2081,">4.5k"
"bambu","CPM","Kidney","K32",0.880012515205151,2495,"0-1.5k"
"bambu","CPM","Kidney","K32",0.857107537012453,3476,"1.5k-3k"
"bambu","CPM","Kidney","K32",0.844109096006891,2056,"3k-4.5k"
"bambu","CPM","Kidney","K32",0.76959162325389,2133,">4.5k"
"bambu","CPM","Kidney","K33",0.880961797594452,2479,"0-1.5k"
"bambu","CPM","Kidney","K33",0.87049986323152,3468,"1.5k-3k"
"bambu","CPM","Kidney","K33",0.850919631294508,2034,"3k-4.5k"
"bambu","CPM","Kidney","K33",0.738546881294236,2092,">4.5k"
"bambu","CPM","Kidney","K34",0.884877999580693,2467,"0-1.5k"
"bambu","CPM","Kidney","K34",0.8534402933745,3399,"1.5k-3k"
"bambu","CPM","Kidney","K34",0.819771877180094,1988,"3k-4.5k"
"bambu","CPM","Kidney","K34",0.706067459613739,2013,">4.5k"
"bambu","CPM","Kidney","K35",0.887247008843937,2458,"0-1.5k"
"bambu","CPM","Kidney","K35",0.871326388069767,3395,"1.5k-3k"
"bambu","CPM","Kidney","K35",0.828181936226206,1964,"3k-4.5k"
"bambu","CPM","Kidney","K35",0.707899568376485,2026,">4.5k"
"bambu","EDA","B20K80","BK20801",0.866238098813312,2623,"0-1.5k"
"bambu","EDA","B20K80","BK20801",0.799519752299048,3722,"1.5k-3k"
"bambu","EDA","B20K80","BK20801",0.718092059397652,2254,"3k-4.5k"
"bambu","EDA","B20K80","BK20801",0.534827836561888,2372,">4.5k"
"bambu","EDA","B20K80","BK20802",0.859205925217121,2635,"0-1.5k"
"bambu","EDA","B20K80","BK20802",0.808718087908435,3742,"1.5k-3k"
"bambu","EDA","B20K80","BK20802",0.770201602164189,2273,"3k-4.5k"
"bambu","EDA","B20K80","BK20802",0.605175374813489,2391,">4.5k"
"bambu","EDA","B20K80","BK20803",0.867517110508493,2629,"0-1.5k"
"bambu","EDA","B20K80","BK20803",0.813618560696474,3729,"1.5k-3k"
"bambu","EDA","B20K80","BK20803",0.749799355075294,2245,"3k-4.5k"
"bambu","EDA","B20K80","BK20803",0.550154497983502,2376,">4.5k"
"bambu","EDA","B20K80","BK20804",0.854061953702444,2635,"0-1.5k"
"bambu","EDA","B20K80","BK20804",0.809632670120449,3734,"1.5k-3k"
"bambu","EDA","B20K80","BK20804",0.745860652913958,2267,"3k-4.5k"
"bambu","EDA","B20K80","BK20804",0.561422217055751,2389,">4.5k"
"bambu","EDA","B20K80","BK20805",0.861551305219234,2635,"0-1.5k"
"bambu","EDA","B20K80","BK20805",0.800970115194121,3723,"1.5k-3k"
"bambu","EDA","B20K80","BK20805",0.707750207786403,2254,"3k-4.5k"
"bambu","EDA","B20K80","BK20805",0.524294679212488,2394,">4.5k"
"bambu","EDA","B80K20","BK80201",0.848192314044728,2607,"0-1.5k"
"bambu","EDA","B80K20","BK80201",0.785417448399237,3731,"1.5k-3k"
"bambu","EDA","B80K20","BK80201",0.733268615646303,2282,"3k-4.5k"
"bambu","EDA","B80K20","BK80201",0.629854140218305,2415,">4.5k"
"bambu","EDA","B80K20","BK80202",0.845679621804073,2609,"0-1.5k"
"bambu","EDA","B80K20","BK80202",0.776669722005569,3744,"1.5k-3k"
"bambu","EDA","B80K20","BK80202",0.737221160446897,2281,"3k-4.5k"
"bambu","EDA","B80K20","BK80202",0.667203953962519,2416,">4.5k"
"bambu","EDA","B80K20","BK80203",0.838266381434983,2583,"0-1.5k"
"bambu","EDA","B80K20","BK80203",0.764981653829902,3717,"1.5k-3k"
"bambu","EDA","B80K20","BK80203",0.713704310557522,2259,"3k-4.5k"
"bambu","EDA","B80K20","BK80203",0.605260121160545,2381,">4.5k"
"bambu","EDA","B80K20","BK80204",0.847615257874318,2617,"0-1.5k"
"bambu","EDA","B80K20","BK80204",0.786350207777877,3743,"1.5k-3k"
"bambu","EDA","B80K20","BK80204",0.737691335706562,2287,"3k-4.5k"
"bambu","EDA","B80K20","BK80204",0.602207872895797,2409,">4.5k"
"bambu","EDA","B80K20","BK80205",0.843711697860391,2609,"0-1.5k"
"bambu","EDA","B80K20","BK80205",0.77030166928493,3722,"1.5k-3k"
"bambu","EDA","B80K20","BK80205",0.721999395087944,2261,"3k-4.5k"
"bambu","EDA","B80K20","BK80205",0.597820679956236,2410,">4.5k"
"bambu","EDA","Brain","B31",0.869313304814216,2421,"0-1.5k"
"bambu","EDA","Brain","B31",0.831817315557883,3591,"1.5k-3k"
"bambu","EDA","Brain","B31",0.788687221730952,2226,"3k-4.5k"
"bambu","EDA","Brain","B31",0.660989138394028,2377,">4.5k"
"bambu","EDA","Brain","B32",0.860327123440047,2419,"0-1.5k"
"bambu","EDA","Brain","B32",0.817553936958929,3563,"1.5k-3k"
"bambu","EDA","Brain","B32",0.788066695673026,2228,"3k-4.5k"
"bambu","EDA","Brain","B32",0.711486687501622,2369,">4.5k"
"bambu","EDA","Brain","B33",0.867490044721274,2407,"0-1.5k"
"bambu","EDA","Brain","B33",0.820294661808593,3566,"1.5k-3k"
"bambu","EDA","Brain","B33",0.779476813557864,2237,"3k-4.5k"
"bambu","EDA","Brain","B33",0.68827995806324,2382,">4.5k"
"bambu","EDA","Brain","B34",0.87113659625309,2422,"0-1.5k"
"bambu","EDA","Brain","B34",0.825814518047965,3566,"1.5k-3k"
"bambu","EDA","Brain","B34",0.774740768361214,2225,"3k-4.5k"
"bambu","EDA","Brain","B34",0.671874635594092,2372,">4.5k"
"bambu","EDA","Brain","B35",0.866608456210994,2403,"0-1.5k"
"bambu","EDA","Brain","B35",0.818760894296776,3533,"1.5k-3k"
"bambu","EDA","Brain","B35",0.782158297015246,2220,"3k-4.5k"
"bambu","EDA","Brain","B35",0.655659539102019,2355,">4.5k"
"bambu","EDA","Kidney","K31",0.88916606205029,2477,"0-1.5k"
"bambu","EDA","Kidney","K31",0.852234977781119,3455,"1.5k-3k"
"bambu","EDA","Kidney","K31",0.806047207165856,2007,"3k-4.5k"
"bambu","EDA","Kidney","K31",0.649366795776067,2081,">4.5k"
"bambu","EDA","Kidney","K32",0.885850533849106,2495,"0-1.5k"
"bambu","EDA","Kidney","K32",0.851254677392414,3476,"1.5k-3k"
"bambu","EDA","Kidney","K32",0.836462985125981,2056,"3k-4.5k"
"bambu","EDA","Kidney","K32",0.731267226535189,2133,">4.5k"
"bambu","EDA","Kidney","K33",0.886833911171731,2479,"0-1.5k"
"bambu","EDA","Kidney","K33",0.860309879871236,3468,"1.5k-3k"
"bambu","EDA","Kidney","K33",0.841868253528898,2034,"3k-4.5k"
"bambu","EDA","Kidney","K33",0.68429384443109,2092,">4.5k"
"bambu","EDA","Kidney","K34",0.887417868189169,2467,"0-1.5k"
"bambu","EDA","Kidney","K34",0.845316955082587,3399,"1.5k-3k"
"bambu","EDA","Kidney","K34",0.809463447734578,1988,"3k-4.5k"
"bambu","EDA","Kidney","K34",0.647718937173866,2013,">4.5k"
"bambu","EDA","Kidney","K35",0.89294318922267,2458,"0-1.5k"
"bambu","EDA","Kidney","K35",0.856272244520322,3395,"1.5k-3k"
"bambu","EDA","Kidney","K35",0.819826291498845,1964,"3k-4.5k"
"bambu","EDA","Kidney","K35",0.662436340144515,2026,">4.5k"
"bambu","TPM","B20K80","BK20801",0.805279990700649,2623,"0-1.5k"
"bambu","TPM","B20K80","BK20801",0.794744475358547,3722,"1.5k-3k"
"bambu","TPM","B20K80","BK20801",0.721721009326605,2254,"3k-4.5k"
"bambu","TPM","B20K80","BK20801",0.634658976487711,2372,">4.5k"
"bambu","TPM","B20K80","BK20802",0.802814935799551,2635,"0-1.5k"
"bambu","TPM","B20K80","BK20802",0.794464418570534,3742,"1.5k-3k"
"bambu","TPM","B20K80","BK20802",0.766030654849614,2273,"3k-4.5k"
"bambu","TPM","B20K80","BK20802",0.690365237048214,2391,">4.5k"
"bambu","TPM","B20K80","BK20803",0.811523387023288,2629,"0-1.5k"
"bambu","TPM","B20K80","BK20803",0.80845283839781,3729,"1.5k-3k"
"bambu","TPM","B20K80","BK20803",0.753700292869642,2245,"3k-4.5k"
"bambu","TPM","B20K80","BK20803",0.655059302203287,2376,">4.5k"
"bambu","TPM","B20K80","BK20804",0.796883976441626,2635,"0-1.5k"
"bambu","TPM","B20K80","BK20804",0.804877864412538,3734,"1.5k-3k"
"bambu","TPM","B20K80","BK20804",0.749216244420146,2267,"3k-4.5k"
"bambu","TPM","B20K80","BK20804",0.667166046508265,2389,">4.5k"
"bambu","TPM","B20K80","BK20805",0.805288935583109,2635,"0-1.5k"
"bambu","TPM","B20K80","BK20805",0.800184489614124,3723,"1.5k-3k"
"bambu","TPM","B20K80","BK20805",0.712397828919765,2254,"3k-4.5k"
"bambu","TPM","B20K80","BK20805",0.628115268390924,2394,">4.5k"
"bambu","TPM","B80K20","BK80201",0.791770706542338,2607,"0-1.5k"
"bambu","TPM","B80K20","BK80201",0.761917321824987,3731,"1.5k-3k"
"bambu","TPM","B80K20","BK80201",0.724841768746508,2282,"3k-4.5k"
"bambu","TPM","B80K20","BK80201",0.689077613384674,2415,">4.5k"
"bambu","TPM","B80K20","BK80202",0.791637043803013,2609,"0-1.5k"
"bambu","TPM","B80K20","BK80202",0.748596601391004,3744,"1.5k-3k"
"bambu","TPM","B80K20","BK80202",0.726695414281026,2281,"3k-4.5k"
"bambu","TPM","B80K20","BK80202",0.708708658265298,2416,">4.5k"
"bambu","TPM","B80K20","BK80203",0.787911122622034,2583,"0-1.5k"
"bambu","TPM","B80K20","BK80203",0.741070853579652,3717,"1.5k-3k"
"bambu","TPM","B80K20","BK80203",0.707243525908942,2259,"3k-4.5k"
"bambu","TPM","B80K20","BK80203",0.665022251487128,2381,">4.5k"
"bambu","TPM","B80K20","BK80204",0.790638647188019,2617,"0-1.5k"
"bambu","TPM","B80K20","BK80204",0.765963091341497,3743,"1.5k-3k"
"bambu","TPM","B80K20","BK80204",0.72992737122811,2287,"3k-4.5k"
"bambu","TPM","B80K20","BK80204",0.676279636497532,2409,">4.5k"
"bambu","TPM","B80K20","BK80205",0.786889570632373,2609,"0-1.5k"
"bambu","TPM","B80K20","BK80205",0.750583960773588,3722,"1.5k-3k"
"bambu","TPM","B80K20","BK80205",0.715277296328476,2261,"3k-4.5k"
"bambu","TPM","B80K20","BK80205",0.670963275216594,2410,">4.5k"
"bambu","TPM","Brain","B31",0.823648841425791,2421,"0-1.5k"
"bambu","TPM","Brain","B31",0.813731214097972,3591,"1.5k-3k"
"bambu","TPM","Brain","B31",0.787082218448843,2226,"3k-4.5k"
"bambu","TPM","Brain","B31",0.736945000209382,2377,">4.5k"
"bambu","TPM","Brain","B32",0.813597257103945,2419,"0-1.5k"
"bambu","TPM","Brain","B32",0.790258832429748,3563,"1.5k-3k"
"bambu","TPM","Brain","B32",0.778478301519714,2228,"3k-4.5k"
"bambu","TPM","Brain","B32",0.744188954648296,2369,">4.5k"
"bambu","TPM","Brain","B33",0.820086552772273,2407,"0-1.5k"
"bambu","TPM","Brain","B33",0.793700330228903,3566,"1.5k-3k"
"bambu","TPM","Brain","B33",0.774146044490477,2237,"3k-4.5k"
"bambu","TPM","Brain","B33",0.734699318791858,2382,">4.5k"
"bambu","TPM","Brain","B34",0.823145213240647,2422,"0-1.5k"
"bambu","TPM","Brain","B34",0.80218337765111,3566,"1.5k-3k"
"bambu","TPM","Brain","B34",0.770162870415992,2225,"3k-4.5k"
"bambu","TPM","Brain","B34",0.721681296620339,2372,">4.5k"
"bambu","TPM","Brain","B35",0.820751801539925,2403,"0-1.5k"
"bambu","TPM","Brain","B35",0.795226087329675,3533,"1.5k-3k"
"bambu","TPM","Brain","B35",0.77860839365842,2220,"3k-4.5k"
"bambu","TPM","Brain","B35",0.724726931389869,2355,">4.5k"
"bambu","TPM","Kidney","K31",0.838113047314984,2477,"0-1.5k"
"bambu","TPM","Kidney","K31",0.856709376030786,3455,"1.5k-3k"
"bambu","TPM","Kidney","K31",0.81415863212573,2007,"3k-4.5k"
"bambu","TPM","Kidney","K31",0.744364431390664,2081,">4.5k"
"bambu","TPM","Kidney","K32",0.838475626135652,2495,"0-1.5k"
"bambu","TPM","Kidney","K32",0.844394698289982,3476,"1.5k-3k"
"bambu","TPM","Kidney","K32",0.840226721391294,2056,"3k-4.5k"
"bambu","TPM","Kidney","K32",0.799996743814674,2133,">4.5k"
"bambu","TPM","Kidney","K33",0.839411100653957,2479,"0-1.5k"
"bambu","TPM","Kidney","K33",0.861738385667487,3468,"1.5k-3k"
"bambu","TPM","Kidney","K33",0.849325696036546,2034,"3k-4.5k"
"bambu","TPM","Kidney","K33",0.784131135147934,2092,">4.5k"
"bambu","TPM","Kidney","K34",0.848034234291828,2467,"0-1.5k"
"bambu","TPM","Kidney","K34",0.840970482775276,3399,"1.5k-3k"
"bambu","TPM","Kidney","K34",0.816913172756553,1988,"3k-4.5k"
"bambu","TPM","Kidney","K34",0.758627136638944,2013,">4.5k"
"bambu","TPM","Kidney","K35",0.847931565346202,2458,"0-1.5k"
"bambu","TPM","Kidney","K35",0.86496051087169,3395,"1.5k-3k"
"bambu","TPM","Kidney","K35",0.827529073017406,1964,"3k-4.5k"
"bambu","TPM","Kidney","K35",0.760900693478703,2026,">4.5k"
"bambu","cqn","B20K80","BK20801",0.889325090574276,2696,"0-1.5k"
"bambu","cqn","B20K80","BK20801",0.816572218347803,3777,"1.5k-3k"
"bambu","cqn","B20K80","BK20801",0.72363884195685,2307,"3k-4.5k"
"bambu","cqn","B20K80","BK20801",0.510947364555157,2438,">4.5k"
"bambu","cqn","B20K80","BK20802",0.882803619639681,2696,"0-1.5k"
"bambu","cqn","B20K80","BK20802",0.820174253794484,3780,"1.5k-3k"
"bambu","cqn","B20K80","BK20802",0.760388606142126,2306,"3k-4.5k"
"bambu","cqn","B20K80","BK20802",0.574417047518773,2437,">4.5k"
"bambu","cqn","B20K80","BK20803",0.89286245232767,2695,"0-1.5k"
"bambu","cqn","B20K80","BK20803",0.829555649852572,3777,"1.5k-3k"
"bambu","cqn","B20K80","BK20803",0.745923784672475,2308,"3k-4.5k"
"bambu","cqn","B20K80","BK20803",0.52485074804681,2440,">4.5k"
"bambu","cqn","B20K80","BK20804",0.881781614018124,2695,"0-1.5k"
"bambu","cqn","B20K80","BK20804",0.824019215643579,3777,"1.5k-3k"
"bambu","cqn","B20K80","BK20804",0.735769208511751,2308,"3k-4.5k"
"bambu","cqn","B20K80","BK20804",0.531660189092465,2437,">4.5k"
"bambu","cqn","B20K80","BK20805",0.885532553277439,2699,"0-1.5k"
"bambu","cqn","B20K80","BK20805",0.816814884990314,3776,"1.5k-3k"
"bambu","cqn","B20K80","BK20805",0.702401250751043,2308,"3k-4.5k"
"bambu","cqn","B20K80","BK20805",0.489250465910846,2438,">4.5k"
"bambu","cqn","B80K20","BK80201",0.869161463329077,2686,"0-1.5k"
"bambu","cqn","B80K20","BK80201",0.796378097876865,3775,"1.5k-3k"
"bambu","cqn","B80K20","BK80201",0.728523647825195,2309,"3k-4.5k"
"bambu","cqn","B80K20","BK80201",0.618060240960696,2439,">4.5k"
"bambu","cqn","B80K20","BK80202",0.865356745186245,2684,"0-1.5k"
"bambu","cqn","B80K20","BK80202",0.787296088259193,3772,"1.5k-3k"
"bambu","cqn","B80K20","BK80202",0.735592764333126,2307,"3k-4.5k"
"bambu","cqn","B80K20","BK80202",0.652112452169713,2440,">4.5k"
"bambu","cqn","B80K20","BK80203",0.861841922227009,2688,"0-1.5k"
"bambu","cqn","B80K20","BK80203",0.780816694578514,3776,"1.5k-3k"
"bambu","cqn","B80K20","BK80203",0.716769776557605,2305,"3k-4.5k"
"bambu","cqn","B80K20","BK80203",0.59217214466516,2439,">4.5k"
"bambu","cqn","B80K20","BK80204",0.869218952485899,2691,"0-1.5k"
"bambu","cqn","B80K20","BK80204",0.801846161571283,3778,"1.5k-3k"
"bambu","cqn","B80K20","BK80204",0.735144458061829,2308,"3k-4.5k"
"bambu","cqn","B80K20","BK80204",0.596422318616149,2439,">4.5k"
"bambu","cqn","B80K20","BK80205",0.870127509065244,2693,"0-1.5k"
"bambu","cqn","B80K20","BK80205",0.787659861029112,3777,"1.5k-3k"
"bambu","cqn","B80K20","BK80205",0.718866182438107,2307,"3k-4.5k"
"bambu","cqn","B80K20","BK80205",0.586004071993241,2440,">4.5k"
"bambu","cqn","Brain","B31",0.874563570497339,2537,"0-1.5k"
"bambu","cqn","Brain","B31",0.836480416679633,3693,"1.5k-3k"
"bambu","cqn","Brain","B31",0.781163574395929,2280,"3k-4.5k"
"bambu","cqn","Brain","B31",0.661718956871908,2427,">4.5k"
"bambu","cqn","Brain","B32",0.867544329602447,2558,"0-1.5k"
"bambu","cqn","Brain","B32",0.813948364293752,3689,"1.5k-3k"
"bambu","cqn","Brain","B32",0.781264019361348,2288,"3k-4.5k"
"bambu","cqn","Brain","B32",0.698958203791628,2433,">4.5k"
"bambu","cqn","Brain","B33",0.873390771768419,2529,"0-1.5k"
"bambu","cqn","Brain","B33",0.821295397091891,3669,"1.5k-3k"
"bambu","cqn","Brain","B33",0.770704957759935,2282,"3k-4.5k"
"bambu","cqn","Brain","B33",0.678353834857435,2430,">4.5k"
"bambu","cqn","Brain","B34",0.877397116317455,2544,"0-1.5k"
"bambu","cqn","Brain","B34",0.828704355604502,3689,"1.5k-3k"
"bambu","cqn","Brain","B34",0.779825558184123,2288,"3k-4.5k"
"bambu","cqn","Brain","B34",0.672006781970194,2430,">4.5k"
"bambu","cqn","Brain","B35",0.880262663970702,2560,"0-1.5k"
"bambu","cqn","Brain","B35",0.826544750287322,3691,"1.5k-3k"
"bambu","cqn","Brain","B35",0.785279132002967,2293,"3k-4.5k"
"bambu","cqn","Brain","B35",0.662227417662819,2432,">4.5k"
"bambu","cqn","Kidney","K31",0.90229275062478,2579,"0-1.5k"
"bambu","cqn","Kidney","K31",0.868062570031024,3648,"1.5k-3k"
"bambu","cqn","Kidney","K31",0.807691299344307,2202,"3k-4.5k"
"bambu","cqn","Kidney","K31",0.633974032758859,2322,">4.5k"
"bambu","cqn","Kidney","K32",0.897719084021699,2578,"0-1.5k"
"bambu","cqn","Kidney","K32",0.867978080842857,3667,"1.5k-3k"
"bambu","cqn","Kidney","K32",0.842109179740391,2217,"3k-4.5k"
"bambu","cqn","Kidney","K32",0.722673727599238,2357,">4.5k"
"bambu","cqn","Kidney","K33",0.90194248318005,2577,"0-1.5k"
"bambu","cqn","Kidney","K33",0.878051188541986,3653,"1.5k-3k"
"bambu","cqn","Kidney","K33",0.842808921821601,2200,"3k-4.5k"
"bambu","cqn","Kidney","K33",0.683756601088605,2316,">4.5k"
"bambu","cqn","Kidney","K34",0.899117877060395,2571,"0-1.5k"
"bambu","cqn","Kidney","K34",0.862101420972234,3635,"1.5k-3k"
"bambu","cqn","Kidney","K34",0.821505713235815,2202,"3k-4.5k"
"bambu","cqn","Kidney","K34",0.640980247113739,2330,">4.5k"
"bambu","cqn","Kidney","K35",0.902474822066484,2574,"0-1.5k"
"bambu","cqn","Kidney","K35",0.864769861846338,3629,"1.5k-3k"
"bambu","cqn","Kidney","K35",0.798119968305808,2187,"3k-4.5k"
"bambu","cqn","Kidney","K35",0.624504633005288,2303,">4.5k"
"bambu","ratio_counts","B20K80","BK20801",0.656953198986162,2623,"0-1.5k"
"bambu","ratio_counts","B20K80","BK20801",0.715011997258025,3722,"1.5k-3k"
"bambu","ratio_counts","B20K80","BK20801",0.667456280356099,2254,"3k-4.5k"
"bambu","ratio_counts","B20K80","BK20801",0.545289491855968,2372,">4.5k"
"bambu","ratio_counts","B20K80","BK20802",0.706401121800047,2635,"0-1.5k"
"bambu","ratio_counts","B20K80","BK20802",0.775059945620259,3742,"1.5k-3k"
"bambu","ratio_counts","B20K80","BK20802",0.731008360567253,2273,"3k-4.5k"
"bambu","ratio_counts","B20K80","BK20802",0.629351767485712,2391,">4.5k"
"bambu","ratio_counts","B20K80","BK20803",0.708062999583914,2629,"0-1.5k"
"bambu","ratio_counts","B20K80","BK20803",0.800274918734848,3729,"1.5k-3k"
"bambu","ratio_counts","B20K80","BK20803",0.761465034111989,2245,"3k-4.5k"
"bambu","ratio_counts","B20K80","BK20803",0.683525078460826,2376,">4.5k"
"bambu","ratio_counts","B20K80","BK20804",0.69752940505077,2635,"0-1.5k"
"bambu","ratio_counts","B20K80","BK20804",0.815970878888968,3734,"1.5k-3k"
"bambu","ratio_counts","B20K80","BK20804",0.776306788903207,2267,"3k-4.5k"
"bambu","ratio_counts","B20K80","BK20804",0.682822942425225,2389,">4.5k"
"bambu","ratio_counts","B20K80","BK20805",0.703453006626231,2635,"0-1.5k"
"bambu","ratio_counts","B20K80","BK20805",0.777231429372234,3723,"1.5k-3k"
"bambu","ratio_counts","B20K80","BK20805",0.717264171061137,2254,"3k-4.5k"
"bambu","ratio_counts","B20K80","BK20805",0.63105939921628,2394,">4.5k"
"bambu","ratio_counts","B80K20","BK80201",0.695237354135128,2607,"0-1.5k"
"bambu","ratio_counts","B80K20","BK80201",0.736640581165573,3731,"1.5k-3k"
"bambu","ratio_counts","B80K20","BK80201",0.700768916423455,2282,"3k-4.5k"
"bambu","ratio_counts","B80K20","BK80201",0.589749606821253,2415,">4.5k"
"bambu","ratio_counts","B80K20","BK80202",0.683741798740883,2609,"0-1.5k"
"bambu","ratio_counts","B80K20","BK80202",0.708599938977404,3744,"1.5k-3k"
"bambu","ratio_counts","B80K20","BK80202",0.684125308764273,2281,"3k-4.5k"
"bambu","ratio_counts","B80K20","BK80202",0.604998605849023,2416,">4.5k"
"bambu","ratio_counts","B80K20","BK80203",0.610202068822038,2583,"0-1.5k"
"bambu","ratio_counts","B80K20","BK80203",0.605535039241096,3717,"1.5k-3k"
"bambu","ratio_counts","B80K20","BK80203",0.559616546467126,2259,"3k-4.5k"
"bambu","ratio_counts","B80K20","BK80203",0.466572899776095,2381,">4.5k"
"bambu","ratio_counts","B80K20","BK80204",0.627357209523516,2617,"0-1.5k"
"bambu","ratio_counts","B80K20","BK80204",0.662738233458123,3743,"1.5k-3k"
"bambu","ratio_counts","B80K20","BK80204",0.624106577060017,2287,"3k-4.5k"
"bambu","ratio_counts","B80K20","BK80204",0.49218511929203,2409,">4.5k"
"bambu","ratio_counts","B80K20","BK80205",0.629491007241,2609,"0-1.5k"
"bambu","ratio_counts","B80K20","BK80205",0.692856439567767,3722,"1.5k-3k"
"bambu","ratio_counts","B80K20","BK80205",0.636172592385141,2261,"3k-4.5k"
"bambu","ratio_counts","B80K20","BK80205",0.532893984718194,2410,">4.5k"
"bambu","ratio_counts","Brain","B31",0.806242084684436,2421,"0-1.5k"
"bambu","ratio_counts","Brain","B31",0.835165011129685,3591,"1.5k-3k"
"bambu","ratio_counts","Brain","B31",0.797443733181147,2226,"3k-4.5k"
"bambu","ratio_counts","Brain","B31",0.672184694310394,2377,">4.5k"
"bambu","ratio_counts","Brain","B32",0.819996146529542,2419,"0-1.5k"
"bambu","ratio_counts","Brain","B32",0.83039362245665,3563,"1.5k-3k"
"bambu","ratio_counts","Brain","B32",0.808470292069833,2228,"3k-4.5k"
"bambu","ratio_counts","Brain","B32",0.707908275501644,2369,">4.5k"
"bambu","ratio_counts","Brain","B33",0.800515548785318,2407,"0-1.5k"
"bambu","ratio_counts","Brain","B33",0.81479233427163,3566,"1.5k-3k"
"bambu","ratio_counts","Brain","B33",0.781624398119396,2237,"3k-4.5k"
"bambu","ratio_counts","Brain","B33",0.695185849495035,2382,">4.5k"
"bambu","ratio_counts","Brain","B34",0.786259778193308,2422,"0-1.5k"
"bambu","ratio_counts","Brain","B34",0.807479458684635,3566,"1.5k-3k"
"bambu","ratio_counts","Brain","B34",0.773172837904519,2225,"3k-4.5k"
"bambu","ratio_counts","Brain","B34",0.678024338574472,2372,">4.5k"
"bambu","ratio_counts","Brain","B35",0.778351516078695,2403,"0-1.5k"
"bambu","ratio_counts","Brain","B35",0.802939882844975,3533,"1.5k-3k"
"bambu","ratio_counts","Brain","B35",0.776861921419705,2220,"3k-4.5k"
"bambu","ratio_counts","Brain","B35",0.662588502603673,2355,">4.5k"
"bambu","ratio_counts","Kidney","K31",0.746854804520857,2477,"0-1.5k"
"bambu","ratio_counts","Kidney","K31",0.853952201582538,3455,"1.5k-3k"
"bambu","ratio_counts","Kidney","K31",0.806371870080447,2007,"3k-4.5k"
"bambu","ratio_counts","Kidney","K31",0.750282029323578,2081,">4.5k"
"bambu","ratio_counts","Kidney","K32",0.787091802169281,2495,"0-1.5k"
"bambu","ratio_counts","Kidney","K32",0.882725910082513,3476,"1.5k-3k"
"bambu","ratio_counts","Kidney","K32",0.847022695264083,2056,"3k-4.5k"
"bambu","ratio_counts","Kidney","K32",0.820008282319377,2133,">4.5k"
"bambu","ratio_counts","Kidney","K33",0.755014293145908,2479,"0-1.5k"
"bambu","ratio_counts","Kidney","K33",0.863296584054599,3468,"1.5k-3k"
"bambu","ratio_counts","Kidney","K33",0.841785311113819,2034,"3k-4.5k"
"bambu","ratio_counts","Kidney","K33",0.79707874001602,2092,">4.5k"
"bambu","ratio_counts","Kidney","K34",0.73521811924046,2467,"0-1.5k"
"bambu","ratio_counts","Kidney","K34",0.849564304390965,3399,"1.5k-3k"
"bambu","ratio_counts","Kidney","K34",0.821466761288433,1988,"3k-4.5k"
"bambu","ratio_counts","Kidney","K34",0.747478696364723,2013,">4.5k"
"bambu","ratio_counts","Kidney","K35",0.727011114761851,2458,"0-1.5k"
"bambu","ratio_counts","Kidney","K35",0.853908466094204,3395,"1.5k-3k"
"bambu","ratio_counts","Kidney","K35",0.808894629165858,1964,"3k-4.5k"
"bambu","ratio_counts","Kidney","K35",0.770057921676993,2026,">4.5k"
"flair","CPM","B20K80","BK20801",0.786998692404592,7294,"0-1.5k"
"flair","CPM","B20K80","BK20801",0.864185731362214,3511,"1.5k-3k"
"flair","CPM","B20K80","BK20801",0.787213683351043,637,"3k-4.5k"
"flair","CPM","B20K80","BK20801",0.75028003142248,227,">4.5k"
"flair","CPM","B20K80","BK20802",0.778792110182424,7322,"0-1.5k"
"flair","CPM","B20K80","BK20802",0.868589194032874,3511,"1.5k-3k"
"flair","CPM","B20K80","BK20802",0.818571079496209,637,"3k-4.5k"
"flair","CPM","B20K80","BK20802",0.791119205652569,227,">4.5k"
"flair","CPM","B20K80","BK20803",0.792868880101794,7291,"0-1.5k"
"flair","CPM","B20K80","BK20803",0.869752284938419,3505,"1.5k-3k"
"flair","CPM","B20K80","BK20803",0.795128853088984,636,"3k-4.5k"
"flair","CPM","B20K80","BK20803",0.757366281751846,226,">4.5k"
"flair","CPM","B20K80","BK20804",0.782205652461579,7303,"0-1.5k"
"flair","CPM","B20K80","BK20804",0.869080070549985,3508,"1.5k-3k"
"flair","CPM","B20K80","BK20804",0.7988350249414,636,"3k-4.5k"
"flair","CPM","B20K80","BK20804",0.749059414248841,227,">4.5k"
"flair","CPM","B20K80","BK20805",0.777558692115777,7302,"0-1.5k"
"flair","CPM","B20K80","BK20805",0.859210535011822,3511,"1.5k-3k"
"flair","CPM","B20K80","BK20805",0.772672259374983,637,"3k-4.5k"
"flair","CPM","B20K80","BK20805",0.709372003821303,227,">4.5k"
"flair","CPM","B80K20","BK80201",0.769964085747693,7273,"0-1.5k"
"flair","CPM","B80K20","BK80201",0.857274883906606,3637,"1.5k-3k"
"flair","CPM","B80K20","BK80201",0.862416918750584,694,"3k-4.5k"
"flair","CPM","B80K20","BK80201",0.768262374627938,254,">4.5k"
"flair","CPM","B80K20","BK80202",0.750088816143922,7283,"0-1.5k"
"flair","CPM","B80K20","BK80202",0.85037240996736,3637,"1.5k-3k"
"flair","CPM","B80K20","BK80202",0.874697990347476,694,"3k-4.5k"
"flair","CPM","B80K20","BK80202",0.804000367573802,254,">4.5k"
"flair","CPM","B80K20","BK80203",0.757283819605764,7208,"0-1.5k"
"flair","CPM","B80K20","BK80203",0.845732431782815,3632,"1.5k-3k"
"flair","CPM","B80K20","BK80203",0.857727280380279,691,"3k-4.5k"
"flair","CPM","B80K20","BK80203",0.773779655209834,254,">4.5k"
"flair","CPM","B80K20","BK80204",0.772964090207071,7302,"0-1.5k"
"flair","CPM","B80K20","BK80204",0.860558140222969,3639,"1.5k-3k"
"flair","CPM","B80K20","BK80204",0.862497861465316,694,"3k-4.5k"
"flair","CPM","B80K20","BK80204",0.782374672740648,254,">4.5k"
"flair","CPM","B80K20","BK80205",0.761355410955508,7273,"0-1.5k"
"flair","CPM","B80K20","BK80205",0.846539075992961,3632,"1.5k-3k"
"flair","CPM","B80K20","BK80205",0.845151793206051,693,"3k-4.5k"
"flair","CPM","B80K20","BK80205",0.746260059983546,254,">4.5k"
"flair","CPM","Brain","B31",0.813832554107526,7057,"0-1.5k"
"flair","CPM","Brain","B31",0.89187174013584,3508,"1.5k-3k"
"flair","CPM","Brain","B31",0.87424699006899,665,"3k-4.5k"
"flair","CPM","Brain","B31",0.810693153683536,244,">4.5k"
"flair","CPM","Brain","B32",0.777006215997467,7055,"0-1.5k"
"flair","CPM","Brain","B32",0.87966958334261,3506,"1.5k-3k"
"flair","CPM","Brain","B32",0.878762467335254,664,"3k-4.5k"
"flair","CPM","Brain","B32",0.829685695682392,243,">4.5k"
"flair","CPM","Brain","B33",0.786042841028664,7043,"0-1.5k"
"flair","CPM","Brain","B33",0.877326327227351,3506,"1.5k-3k"
"flair","CPM","Brain","B33",0.867379009236562,665,"3k-4.5k"
"flair","CPM","Brain","B33",0.804238184756486,244,">4.5k"
"flair","CPM","Brain","B34",0.798972539397039,7058,"0-1.5k"
"flair","CPM","Brain","B34",0.888162605592384,3507,"1.5k-3k"
"flair","CPM","Brain","B34",0.866495518157533,665,"3k-4.5k"
"flair","CPM","Brain","B34",0.783730163178565,243,">4.5k"
"flair","CPM","Brain","B35",0.793423046319606,7019,"0-1.5k"
"flair","CPM","Brain","B35",0.879298878195859,3505,"1.5k-3k"
"flair","CPM","Brain","B35",0.864106205320171,665,"3k-4.5k"
"flair","CPM","Brain","B35",0.799950692343304,243,">4.5k"
"flair","CPM","Kidney","K31",0.839166537269428,6167,"0-1.5k"
"flair","CPM","Kidney","K31",0.886900755157945,3005,"1.5k-3k"
"flair","CPM","Kidney","K31",0.839435688174622,504,"3k-4.5k"
"flair","CPM","Kidney","K31",0.748857273214134,167,">4.5k"
"flair","CPM","Kidney","K32",0.825163398067682,6189,"0-1.5k"
"flair","CPM","Kidney","K32",0.889404186238438,3011,"1.5k-3k"
"flair","CPM","Kidney","K32",0.867988184305058,504,"3k-4.5k"
"flair","CPM","Kidney","K32",0.811488466585696,167,">4.5k"
"flair","CPM","Kidney","K33",0.845633493665505,6168,"0-1.5k"
"flair","CPM","Kidney","K33",0.895964591694641,3005,"1.5k-3k"
"flair","CPM","Kidney","K33",0.876938850297701,503,"3k-4.5k"
"flair","CPM","Kidney","K33",0.784855423463928,167,">4.5k"
"flair","CPM","Kidney","K34",0.834092243647694,6103,"0-1.5k"
"flair","CPM","Kidney","K34",0.885222042015533,3000,"1.5k-3k"
"flair","CPM","Kidney","K34",0.845325111751897,501,"3k-4.5k"
"flair","CPM","Kidney","K34",0.751655066500557,166,">4.5k"
"flair","CPM","Kidney","K35",0.850426390128127,6114,"0-1.5k"
"flair","CPM","Kidney","K35",0.889714948277126,2990,"1.5k-3k"
"flair","CPM","Kidney","K35",0.848441434888931,501,"3k-4.5k"
"flair","CPM","Kidney","K35",0.767675636429528,164,">4.5k"
"flair","EDA","B20K80","BK20801",0.774212832442655,7294,"0-1.5k"
"flair","EDA","B20K80","BK20801",0.859553376440493,3511,"1.5k-3k"
"flair","EDA","B20K80","BK20801",0.785922627862052,637,"3k-4.5k"
"flair","EDA","B20K80","BK20801",0.743574170700229,227,">4.5k"
"flair","EDA","B20K80","BK20802",0.765624716586169,7322,"0-1.5k"
"flair","EDA","B20K80","BK20802",0.863794726360313,3511,"1.5k-3k"
"flair","EDA","B20K80","BK20802",0.816597400568513,637,"3k-4.5k"
"flair","EDA","B20K80","BK20802",0.766015072768272,227,">4.5k"
"flair","EDA","B20K80","BK20803",0.77594934743482,7291,"0-1.5k"
"flair","EDA","B20K80","BK20803",0.863640381664689,3505,"1.5k-3k"
"flair","EDA","B20K80","BK20803",0.79109615123512,636,"3k-4.5k"
"flair","EDA","B20K80","BK20803",0.736150637402051,226,">4.5k"
"flair","EDA","B20K80","BK20804",0.763028037522384,7303,"0-1.5k"
"flair","EDA","B20K80","BK20804",0.861659248211128,3508,"1.5k-3k"
"flair","EDA","B20K80","BK20804",0.793843089156396,636,"3k-4.5k"
"flair","EDA","B20K80","BK20804",0.729854586565826,227,">4.5k"
"flair","EDA","B20K80","BK20805",0.760112894937839,7302,"0-1.5k"
"flair","EDA","B20K80","BK20805",0.85407907013881,3511,"1.5k-3k"
"flair","EDA","B20K80","BK20805",0.77058785623708,637,"3k-4.5k"
"flair","EDA","B20K80","BK20805",0.702803214812596,227,">4.5k"
"flair","EDA","B80K20","BK80201",0.770588026603932,7273,"0-1.5k"
"flair","EDA","B80K20","BK80201",0.857322607651455,3637,"1.5k-3k"
"flair","EDA","B80K20","BK80201",0.860390868898041,694,"3k-4.5k"
"flair","EDA","B80K20","BK80201",0.758829709778129,254,">4.5k"
"flair","EDA","B80K20","BK80202",0.75232944558883,7283,"0-1.5k"
"flair","EDA","B80K20","BK80202",0.85099396716398,3637,"1.5k-3k"
"flair","EDA","B80K20","BK80202",0.872288726898641,694,"3k-4.5k"
"flair","EDA","B80K20","BK80202",0.790096058964497,254,">4.5k"
"flair","EDA","B80K20","BK80203",0.755970419045143,7208,"0-1.5k"
"flair","EDA","B80K20","BK80203",0.845565453146627,3632,"1.5k-3k"
"flair","EDA","B80K20","BK80203",0.854952964486792,691,"3k-4.5k"
"flair","EDA","B80K20","BK80203",0.758712769599452,254,">4.5k"
"flair","EDA","B80K20","BK80204",0.77221025726632,7302,"0-1.5k"
"flair","EDA","B80K20","BK80204",0.860004159344698,3639,"1.5k-3k"
"flair","EDA","B80K20","BK80204",0.860614917869499,694,"3k-4.5k"
"flair","EDA","B80K20","BK80204",0.773803931332578,254,">4.5k"
"flair","EDA","B80K20","BK80205",0.761432780940738,7273,"0-1.5k"
"flair","EDA","B80K20","BK80205",0.846522299402461,3632,"1.5k-3k"
"flair","EDA","B80K20","BK80205",0.84305688092898,693,"3k-4.5k"
"flair","EDA","B80K20","BK80205",0.735824117079529,254,">4.5k"
"flair","EDA","Brain","B31",0.810055347582162,7057,"0-1.5k"
"flair","EDA","Brain","B31",0.889893760789955,3508,"1.5k-3k"
"flair","EDA","Brain","B31",0.873818958763513,665,"3k-4.5k"
"flair","EDA","Brain","B31",0.812629022465088,244,">4.5k"
"flair","EDA","Brain","B32",0.775201801905955,7055,"0-1.5k"
"flair","EDA","Brain","B32",0.877564308115903,3506,"1.5k-3k"
"flair","EDA","Brain","B32",0.876609131930214,664,"3k-4.5k"
"flair","EDA","Brain","B32",0.822912850980412,243,">4.5k"
"flair","EDA","Brain","B33",0.784509982439955,7043,"0-1.5k"
"flair","EDA","Brain","B33",0.876217928359977,3506,"1.5k-3k"
"flair","EDA","Brain","B33",0.865732722249828,665,"3k-4.5k"
"flair","EDA","Brain","B33",0.801924752900553,244,">4.5k"
"flair","EDA","Brain","B34",0.797958323358742,7058,"0-1.5k"
"flair","EDA","Brain","B34",0.887068797038477,3507,"1.5k-3k"
"flair","EDA","Brain","B34",0.865817955830638,665,"3k-4.5k"
"flair","EDA","Brain","B34",0.785591466912878,243,">4.5k"
"flair","EDA","Brain","B35",0.79079785001586,7019,"0-1.5k"
"flair","EDA","Brain","B35",0.87806504303848,3505,"1.5k-3k"
"flair","EDA","Brain","B35",0.862097482841292,665,"3k-4.5k"
"flair","EDA","Brain","B35",0.795531904573136,243,">4.5k"
"flair","EDA","Kidney","K31",0.803183816446403,6167,"0-1.5k"
"flair","EDA","Kidney","K31",0.87308337675672,3005,"1.5k-3k"
"flair","EDA","Kidney","K31",0.830316169929972,504,"3k-4.5k"
"flair","EDA","Kidney","K31",0.737124717862038,167,">4.5k"
"flair","EDA","Kidney","K32",0.78784535222752,6189,"0-1.5k"
"flair","EDA","Kidney","K32",0.873480292729933,3011,"1.5k-3k"
"flair","EDA","Kidney","K32",0.854275666135202,504,"3k-4.5k"
"flair","EDA","Kidney","K32",0.783214981396931,167,">4.5k"
"flair","EDA","Kidney","K33",0.803010582412926,6168,"0-1.5k"
"flair","EDA","Kidney","K33",0.876953555583342,3005,"1.5k-3k"
"flair","EDA","Kidney","K33",0.863926948647708,503,"3k-4.5k"
"flair","EDA","Kidney","K33",0.761695198243788,167,">4.5k"
"flair","EDA","Kidney","K34",0.792606592958288,6103,"0-1.5k"
"flair","EDA","Kidney","K34",0.866107057544669,3000,"1.5k-3k"
"flair","EDA","Kidney","K34",0.835044989742706,501,"3k-4.5k"
"flair","EDA","Kidney","K34",0.724013091014029,166,">4.5k"
"flair","EDA","Kidney","K35",0.809279501212615,6114,"0-1.5k"
"flair","EDA","Kidney","K35",0.874398148793095,2990,"1.5k-3k"
"flair","EDA","Kidney","K35",0.841429129981371,501,"3k-4.5k"
"flair","EDA","Kidney","K35",0.758178825513855,164,">4.5k"
"flair","TPM","B20K80","BK20801",0.677222419261505,7294,"0-1.5k"
"flair","TPM","B20K80","BK20801",0.779988565962695,3511,"1.5k-3k"
"flair","TPM","B20K80","BK20801",0.754201954085113,637,"3k-4.5k"
"flair","TPM","B20K80","BK20801",0.746942255252181,227,">4.5k"
"flair","TPM","B20K80","BK20802",0.698735916515409,7322,"0-1.5k"
"flair","TPM","B20K80","BK20802",0.800139730618971,3511,"1.5k-3k"
"flair","TPM","B20K80","BK20802",0.783230404302232,637,"3k-4.5k"
"flair","TPM","B20K80","BK20802",0.797099323100156,227,">4.5k"
"flair","TPM","B20K80","BK20803",0.691075002802783,7291,"0-1.5k"
"flair","TPM","B20K80","BK20803",0.792530933050021,3505,"1.5k-3k"
"flair","TPM","B20K80","BK20803",0.764599473377816,636,"3k-4.5k"
"flair","TPM","B20K80","BK20803",0.756468493755929,226,">4.5k"
"flair","TPM","B20K80","BK20804",0.681289952787018,7303,"0-1.5k"
"flair","TPM","B20K80","BK20804",0.788112577920946,3508,"1.5k-3k"
"flair","TPM","B20K80","BK20804",0.762112500448673,636,"3k-4.5k"
"flair","TPM","B20K80","BK20804",0.755697622257909,227,">4.5k"
"flair","TPM","B20K80","BK20805",0.665414662471261,7302,"0-1.5k"
"flair","TPM","B20K80","BK20805",0.778927591536538,3511,"1.5k-3k"
"flair","TPM","B20K80","BK20805",0.745943627266214,637,"3k-4.5k"
"flair","TPM","B20K80","BK20805",0.720323820349674,227,">4.5k"
"flair","TPM","B80K20","BK80201",0.686408210842175,7273,"0-1.5k"
"flair","TPM","B80K20","BK80201",0.80689010443262,3637,"1.5k-3k"
"flair","TPM","B80K20","BK80201",0.81938195965565,694,"3k-4.5k"
"flair","TPM","B80K20","BK80201",0.776390910077858,254,">4.5k"
"flair","TPM","B80K20","BK80202",0.683330444936647,7283,"0-1.5k"
"flair","TPM","B80K20","BK80202",0.805739797559859,3637,"1.5k-3k"
"flair","TPM","B80K20","BK80202",0.830642472062247,694,"3k-4.5k"
"flair","TPM","B80K20","BK80202",0.809343002085214,254,">4.5k"
"flair","TPM","B80K20","BK80203",0.675079732202787,7208,"0-1.5k"
"flair","TPM","B80K20","BK80203",0.7963955006415,3632,"1.5k-3k"
"flair","TPM","B80K20","BK80203",0.815036954412928,691,"3k-4.5k"
"flair","TPM","B80K20","BK80203",0.777008459852772,254,">4.5k"
"flair","TPM","B80K20","BK80204",0.679736937065813,7302,"0-1.5k"
"flair","TPM","B80K20","BK80204",0.805740560950506,3639,"1.5k-3k"
"flair","TPM","B80K20","BK80204",0.820974079564664,694,"3k-4.5k"
"flair","TPM","B80K20","BK80204",0.784666814346416,254,">4.5k"
"flair","TPM","B80K20","BK80205",0.666496273501385,7273,"0-1.5k"
"flair","TPM","B80K20","BK80205",0.795073336974083,3632,"1.5k-3k"
"flair","TPM","B80K20","BK80205",0.802722298409911,693,"3k-4.5k"
"flair","TPM","B80K20","BK80205",0.743948212007096,254,">4.5k"
"flair","TPM","Brain","B31",0.692640793208547,7057,"0-1.5k"
"flair","TPM","Brain","B31",0.823515745347507,3508,"1.5k-3k"
"flair","TPM","Brain","B31",0.841244164653823,665,"3k-4.5k"
"flair","TPM","Brain","B31",0.808460818982545,244,">4.5k"
"flair","TPM","Brain","B32",0.690772307797323,7055,"0-1.5k"
"flair","TPM","Brain","B32",0.825928256523839,3506,"1.5k-3k"
"flair","TPM","Brain","B32",0.836857481747893,664,"3k-4.5k"
"flair","TPM","Brain","B32",0.823182980659384,243,">4.5k"
"flair","TPM","Brain","B33",0.69113016542432,7043,"0-1.5k"
"flair","TPM","Brain","B33",0.8214737902935,3506,"1.5k-3k"
"flair","TPM","Brain","B33",0.827525093822253,665,"3k-4.5k"
"flair","TPM","Brain","B33",0.801858666964053,244,">4.5k"
"flair","TPM","Brain","B34",0.693941105798136,7058,"0-1.5k"
"flair","TPM","Brain","B34",0.826023401677757,3507,"1.5k-3k"
"flair","TPM","Brain","B34",0.827316304716083,665,"3k-4.5k"
"flair","TPM","Brain","B34",0.776803471040927,243,">4.5k"
"flair","TPM","Brain","B35",0.690320435876276,7019,"0-1.5k"
"flair","TPM","Brain","B35",0.820455301071205,3505,"1.5k-3k"
"flair","TPM","Brain","B35",0.823750842095283,665,"3k-4.5k"
"flair","TPM","Brain","B35",0.77725508103054,243,">4.5k"
"flair","TPM","Kidney","K31",0.705599503863537,6167,"0-1.5k"
"flair","TPM","Kidney","K31",0.784335475554502,3005,"1.5k-3k"
"flair","TPM","Kidney","K31",0.801719058585779,504,"3k-4.5k"
"flair","TPM","Kidney","K31",0.730487390107908,167,">4.5k"
"flair","TPM","Kidney","K32",0.731323452935483,6189,"0-1.5k"
"flair","TPM","Kidney","K32",0.810324242381155,3011,"1.5k-3k"
"flair","TPM","Kidney","K32",0.834916385702757,504,"3k-4.5k"
"flair","TPM","Kidney","K32",0.803747925835077,167,">4.5k"
"flair","TPM","Kidney","K33",0.725648369347452,6168,"0-1.5k"
"flair","TPM","Kidney","K33",0.798357763839553,3005,"1.5k-3k"
"flair","TPM","Kidney","K33",0.829383611756317,503,"3k-4.5k"
"flair","TPM","Kidney","K33",0.748971935646779,167,">4.5k"
"flair","TPM","Kidney","K34",0.73147637890064,6103,"0-1.5k"
"flair","TPM","Kidney","K34",0.793334750563127,3000,"1.5k-3k"
"flair","TPM","Kidney","K34",0.806921192209424,501,"3k-4.5k"
"flair","TPM","Kidney","K34",0.720353378675289,166,">4.5k"
"flair","TPM","Kidney","K35",0.719260395466302,6114,"0-1.5k"
"flair","TPM","Kidney","K35",0.786504317972726,2990,"1.5k-3k"
"flair","TPM","Kidney","K35",0.807556113631993,501,"3k-4.5k"
"flair","TPM","Kidney","K35",0.744673731176799,164,">4.5k"
"flair","cqn","B20K80","BK20801",0.808587743805937,8071,"0-1.5k"
"flair","cqn","B20K80","BK20801",0.867035810375894,3927,"1.5k-3k"
"flair","cqn","B20K80","BK20801",0.7647531137293,759,"3k-4.5k"
"flair","cqn","B20K80","BK20801",0.669864213920856,292,">4.5k"
"flair","cqn","B20K80","BK20802",0.791456644682742,8073,"0-1.5k"
"flair","cqn","B20K80","BK20802",0.867192172127126,3926,"1.5k-3k"
"flair","cqn","B20K80","BK20802",0.778359914081258,759,"3k-4.5k"
"flair","cqn","B20K80","BK20802",0.693153725571244,291,">4.5k"
"flair","cqn","B20K80","BK20803",0.810836624934031,8070,"0-1.5k"
"flair","cqn","B20K80","BK20803",0.869955119327261,3926,"1.5k-3k"
"flair","cqn","B20K80","BK20803",0.76680065025193,758,"3k-4.5k"
"flair","cqn","B20K80","BK20803",0.68821168065808,292,">4.5k"
"flair","cqn","B20K80","BK20804",0.804793001648769,8066,"0-1.5k"
"flair","cqn","B20K80","BK20804",0.872539997542417,3925,"1.5k-3k"
"flair","cqn","B20K80","BK20804",0.766121167823827,758,"3k-4.5k"
"flair","cqn","B20K80","BK20804",0.675124062387296,292,">4.5k"
"flair","cqn","B20K80","BK20805",0.807117643861953,8073,"0-1.5k"
"flair","cqn","B20K80","BK20805",0.865156124491852,3926,"1.5k-3k"
"flair","cqn","B20K80","BK20805",0.752516416471328,759,"3k-4.5k"
"flair","cqn","B20K80","BK20805",0.64353094495926,292,">4.5k"
"flair","cqn","B80K20","BK80201",0.770493036310529,8057,"0-1.5k"
"flair","cqn","B80K20","BK80201",0.857340676827257,3929,"1.5k-3k"
"flair","cqn","B80K20","BK80201",0.860098735218408,758,"3k-4.5k"
"flair","cqn","B80K20","BK80201",0.748638580548152,292,">4.5k"
"flair","cqn","B80K20","BK80202",0.748727732915663,8051,"0-1.5k"
"flair","cqn","B80K20","BK80202",0.847109098777347,3926,"1.5k-3k"
"flair","cqn","B80K20","BK80202",0.856982688387947,759,"3k-4.5k"
"flair","cqn","B80K20","BK80202",0.759552840188106,292,">4.5k"
"flair","cqn","B80K20","BK80203",0.765405158850997,8063,"0-1.5k"
"flair","cqn","B80K20","BK80203",0.849273184861137,3928,"1.5k-3k"
"flair","cqn","B80K20","BK80203",0.849379606189218,758,"3k-4.5k"
"flair","cqn","B80K20","BK80203",0.747358833222526,292,">4.5k"
"flair","cqn","B80K20","BK80204",0.77863552353565,8072,"0-1.5k"
"flair","cqn","B80K20","BK80204",0.861829958255114,3928,"1.5k-3k"
"flair","cqn","B80K20","BK80204",0.856668735694097,759,"3k-4.5k"
"flair","cqn","B80K20","BK80204",0.75875234933567,292,">4.5k"
"flair","cqn","B80K20","BK80205",0.774999781300887,8075,"0-1.5k"
"flair","cqn","B80K20","BK80205",0.852814851321087,3924,"1.5k-3k"
"flair","cqn","B80K20","BK80205",0.847255538553344,758,"3k-4.5k"
"flair","cqn","B80K20","BK80205",0.730979527412681,292,">4.5k"
"flair","cqn","Brain","B31",0.783216180587806,7826,"0-1.5k"
"flair","cqn","Brain","B31",0.860671068150946,3856,"1.5k-3k"
"flair","cqn","Brain","B31",0.858900182176795,746,"3k-4.5k"
"flair","cqn","Brain","B31",0.793334208271766,291,">4.5k"
"flair","cqn","Brain","B32",0.755516570735578,7862,"0-1.5k"
"flair","cqn","Brain","B32",0.849352594901729,3860,"1.5k-3k"
"flair","cqn","Brain","B32",0.853685294904367,751,"3k-4.5k"
"flair","cqn","Brain","B32",0.786246647724572,290,">4.5k"
"flair","cqn","Brain","B33",0.76372782870654,7809,"0-1.5k"
"flair","cqn","Brain","B33",0.851246562199421,3845,"1.5k-3k"
"flair","cqn","Brain","B33",0.846279999308049,748,"3k-4.5k"
"flair","cqn","Brain","B33",0.776055646955619,292,">4.5k"
"flair","cqn","Brain","B34",0.782463905041428,7833,"0-1.5k"
"flair","cqn","Brain","B34",0.862864171202758,3857,"1.5k-3k"
"flair","cqn","Brain","B34",0.850344084378454,749,"3k-4.5k"
"flair","cqn","Brain","B34",0.767260648575999,292,">4.5k"
"flair","cqn","Brain","B35",0.779134757710854,7859,"0-1.5k"
"flair","cqn","Brain","B35",0.859787308335831,3866,"1.5k-3k"
"flair","cqn","Brain","B35",0.847570404349057,749,"3k-4.5k"
"flair","cqn","Brain","B35",0.769242067104223,290,">4.5k"
"flair","cqn","Kidney","K31",0.824136343307453,7697,"0-1.5k"
"flair","cqn","Kidney","K31",0.882948028930118,3768,"1.5k-3k"
"flair","cqn","Kidney","K31",0.787715667470832,725,"3k-4.5k"
"flair","cqn","Kidney","K31",0.658468261206316,275,">4.5k"
"flair","cqn","Kidney","K32",0.801077783370764,7733,"0-1.5k"
"flair","cqn","Kidney","K32",0.871384572710438,3800,"1.5k-3k"
"flair","cqn","Kidney","K32",0.782396301475294,728,"3k-4.5k"
"flair","cqn","Kidney","K32",0.689643542470865,275,">4.5k"
"flair","cqn","Kidney","K33",0.81648362150645,7702,"0-1.5k"
"flair","cqn","Kidney","K33",0.878938979431242,3765,"1.5k-3k"
"flair","cqn","Kidney","K33",0.797363617179194,721,"3k-4.5k"
"flair","cqn","Kidney","K33",0.678373627940137,274,">4.5k"
"flair","cqn","Kidney","K34",0.803350655442141,7692,"0-1.5k"
"flair","cqn","Kidney","K34",0.871994969631651,3757,"1.5k-3k"
"flair","cqn","Kidney","K34",0.789749012957203,724,"3k-4.5k"
"flair","cqn","Kidney","K34",0.677450931446099,276,">4.5k"
"flair","cqn","Kidney","K35",0.82651067378695,7652,"0-1.5k"
"flair","cqn","Kidney","K35",0.884995140320896,3755,"1.5k-3k"
"flair","cqn","Kidney","K35",0.797697699281631,722,"3k-4.5k"
"flair","cqn","Kidney","K35",0.699432073402141,270,">4.5k"
"flair","ratio_counts","B20K80","BK20801",0.616764110052498,7294,"0-1.5k"
"flair","ratio_counts","B20K80","BK20801",0.71502971076465,3511,"1.5k-3k"
"flair","ratio_counts","B20K80","BK20801",0.675888329439135,637,"3k-4.5k"
"flair","ratio_counts","B20K80","BK20801",0.554283959967712,227,">4.5k"
"flair","ratio_counts","B20K80","BK20802",0.605596141266755,7322,"0-1.5k"
"flair","ratio_counts","B20K80","BK20802",0.796218506187546,3511,"1.5k-3k"
"flair","ratio_counts","B20K80","BK20802",0.76797433795783,637,"3k-4.5k"
"flair","ratio_counts","B20K80","BK20802",0.771358244820235,227,">4.5k"
"flair","ratio_counts","B20K80","BK20803",0.689181598631187,7291,"0-1.5k"
"flair","ratio_counts","B20K80","BK20803",0.789435473956217,3505,"1.5k-3k"
"flair","ratio_counts","B20K80","BK20803",0.794992936568541,636,"3k-4.5k"
"flair","ratio_counts","B20K80","BK20803",0.700212181571798,226,">4.5k"
"flair","ratio_counts","B20K80","BK20804",0.709080674774535,7303,"0-1.5k"
"flair","ratio_counts","B20K80","BK20804",0.817219335515468,3508,"1.5k-3k"
"flair","ratio_counts","B20K80","BK20804",0.787999161171607,636,"3k-4.5k"
"flair","ratio_counts","B20K80","BK20804",0.716291125484801,227,">4.5k"
"flair","ratio_counts","B20K80","BK20805",0.662333370150957,7302,"0-1.5k"
"flair","ratio_counts","B20K80","BK20805",0.751748908255296,3511,"1.5k-3k"
"flair","ratio_counts","B20K80","BK20805",0.742231267302791,637,"3k-4.5k"
"flair","ratio_counts","B20K80","BK20805",0.638120355962432,227,">4.5k"
"flair","ratio_counts","B80K20","BK80201",0.611277751504377,7273,"0-1.5k"
"flair","ratio_counts","B80K20","BK80201",0.787142328988664,3637,"1.5k-3k"
"flair","ratio_counts","B80K20","BK80201",0.75979517282375,694,"3k-4.5k"
"flair","ratio_counts","B80K20","BK80201",0.672825889753885,254,">4.5k"
"flair","ratio_counts","B80K20","BK80202",0.556601664059915,7283,"0-1.5k"
"flair","ratio_counts","B80K20","BK80202",0.749884111485331,3637,"1.5k-3k"
"flair","ratio_counts","B80K20","BK80202",0.771440342777665,694,"3k-4.5k"
"flair","ratio_counts","B80K20","BK80202",0.687564579401862,254,">4.5k"
"flair","ratio_counts","B80K20","BK80203",0.513192835192961,7208,"0-1.5k"
"flair","ratio_counts","B80K20","BK80203",0.684120703957799,3632,"1.5k-3k"
"flair","ratio_counts","B80K20","BK80203",0.682806452098945,691,"3k-4.5k"
"flair","ratio_counts","B80K20","BK80203",0.599026118464549,254,">4.5k"
"flair","ratio_counts","B80K20","BK80204",0.540281029184739,7302,"0-1.5k"
"flair","ratio_counts","B80K20","BK80204",0.726317183109746,3639,"1.5k-3k"
"flair","ratio_counts","B80K20","BK80204",0.689006938200829,694,"3k-4.5k"
"flair","ratio_counts","B80K20","BK80204",0.632537137954952,254,">4.5k"
"flair","ratio_counts","B80K20","BK80205",0.572358400527819,7273,"0-1.5k"
"flair","ratio_counts","B80K20","BK80205",0.745108005047107,3632,"1.5k-3k"
"flair","ratio_counts","B80K20","BK80205",0.699294326392504,693,"3k-4.5k"
"flair","ratio_counts","B80K20","BK80205",0.582263964830602,254,">4.5k"
"flair","ratio_counts","Brain","B31",0.744062228460318,7057,"0-1.5k"
"flair","ratio_counts","Brain","B31",0.793684641781746,3508,"1.5k-3k"
"flair","ratio_counts","Brain","B31",0.767212780551443,665,"3k-4.5k"
"flair","ratio_counts","Brain","B31",0.724304491841395,244,">4.5k"
"flair","ratio_counts","Brain","B32",0.736357508973609,7055,"0-1.5k"
"flair","ratio_counts","Brain","B32",0.83312659514178,3506,"1.5k-3k"
"flair","ratio_counts","Brain","B32",0.820938676762344,664,"3k-4.5k"
"flair","ratio_counts","Brain","B32",0.750105428178372,243,">4.5k"
"flair","ratio_counts","Brain","B33",0.6878164319054,7043,"0-1.5k"
"flair","ratio_counts","Brain","B33",0.818767718377364,3506,"1.5k-3k"
"flair","ratio_counts","Brain","B33",0.811696916520773,665,"3k-4.5k"
"flair","ratio_counts","Brain","B33",0.726338736964786,244,">4.5k"
"flair","ratio_counts","Brain","B34",0.723824869357785,7058,"0-1.5k"
"flair","ratio_counts","Brain","B34",0.80709363353707,3507,"1.5k-3k"
"flair","ratio_counts","Brain","B34",0.782915624761097,665,"3k-4.5k"
"flair","ratio_counts","Brain","B34",0.705918019337534,243,">4.5k"
"flair","ratio_counts","Brain","B35",0.703911499498387,7019,"0-1.5k"
"flair","ratio_counts","Brain","B35",0.792681421457934,3505,"1.5k-3k"
"flair","ratio_counts","Brain","B35",0.774531747910011,665,"3k-4.5k"
"flair","ratio_counts","Brain","B35",0.706797137957819,243,">4.5k"
"flair","ratio_counts","Kidney","K31",0.767259181023818,6167,"0-1.5k"
"flair","ratio_counts","Kidney","K31",0.835083015922801,3005,"1.5k-3k"
"flair","ratio_counts","Kidney","K31",0.826637460166804,504,"3k-4.5k"
"flair","ratio_counts","Kidney","K31",0.664557716252905,167,">4.5k"
"flair","ratio_counts","Kidney","K32",0.763855785812078,6189,"0-1.5k"
"flair","ratio_counts","Kidney","K32",0.884152101657928,3011,"1.5k-3k"
"flair","ratio_counts","Kidney","K32",0.848011694097555,504,"3k-4.5k"
"flair","ratio_counts","Kidney","K32",0.743579106846548,167,">4.5k"
"flair","ratio_counts","Kidney","K33",0.781600663255724,6168,"0-1.5k"
"flair","ratio_counts","Kidney","K33",0.849356871266378,3005,"1.5k-3k"
"flair","ratio_counts","Kidney","K33",0.850281842672901,503,"3k-4.5k"
"flair","ratio_counts","Kidney","K33",0.712013150978594,167,">4.5k"
"flair","ratio_counts","Kidney","K34",0.783125044271671,6103,"0-1.5k"
"flair","ratio_counts","Kidney","K34",0.860001942833555,3000,"1.5k-3k"
"flair","ratio_counts","Kidney","K34",0.821449025966769,501,"3k-4.5k"
"flair","ratio_counts","Kidney","K34",0.676305658125152,166,">4.5k"
"flair","ratio_counts","Kidney","K35",0.770902000849227,6114,"0-1.5k"
"flair","ratio_counts","Kidney","K35",0.830978188635674,2990,"1.5k-3k"
"flair","ratio_counts","Kidney","K35",0.799268001032231,501,"3k-4.5k"
"flair","ratio_counts","Kidney","K35",0.669763626680896,164,">4.5k"
"isoquant","CPM","B20K80","BK20801",0.775198402347367,3317,"0-1.5k"
"isoquant","CPM","B20K80","BK20801",0.619634658753903,2777,"1.5k-3k"
"isoquant","CPM","B20K80","BK20801",0.455184417187363,1038,"3k-4.5k"
"isoquant","CPM","B20K80","BK20801",0.484626244208668,534,">4.5k"
"isoquant","CPM","B20K80","BK20802",0.765519531750692,3327,"0-1.5k"
"isoquant","CPM","B20K80","BK20802",0.665413415470187,2820,"1.5k-3k"
"isoquant","CPM","B20K80","BK20802",0.506100949865286,1071,"3k-4.5k"
"isoquant","CPM","B20K80","BK20802",0.538107297419685,552,">4.5k"
"isoquant","CPM","B20K80","BK20803",0.776644992690315,3324,"0-1.5k"
"isoquant","CPM","B20K80","BK20803",0.645400458934879,2782,"1.5k-3k"
"isoquant","CPM","B20K80","BK20803",0.493713000936148,1040,"3k-4.5k"
"isoquant","CPM","B20K80","BK20803",0.452980101018637,549,">4.5k"
"isoquant","CPM","B20K80","BK20804",0.765703763558237,3324,"0-1.5k"
"isoquant","CPM","B20K80","BK20804",0.655337800571721,2794,"1.5k-3k"
"isoquant","CPM","B20K80","BK20804",0.476809097127514,1058,"3k-4.5k"
"isoquant","CPM","B20K80","BK20804",0.483327006292382,543,">4.5k"
"isoquant","CPM","B20K80","BK20805",0.770800775941021,3332,"0-1.5k"
"isoquant","CPM","B20K80","BK20805",0.628475306356775,2779,"1.5k-3k"
"isoquant","CPM","B20K80","BK20805",0.455591778576007,1041,"3k-4.5k"
"isoquant","CPM","B20K80","BK20805",0.429736263998671,553,">4.5k"
"isoquant","CPM","B80K20","BK80201",0.754360857035037,3320,"0-1.5k"
"isoquant","CPM","B80K20","BK80201",0.610412067286283,2891,"1.5k-3k"
"isoquant","CPM","B80K20","BK80201",0.44035511799823,1109,"3k-4.5k"
"isoquant","CPM","B80K20","BK80201",0.574291800797119,615,">4.5k"
"isoquant","CPM","B80K20","BK80202",0.744856467460879,3337,"0-1.5k"
"isoquant","CPM","B80K20","BK80202",0.609067202319189,2902,"1.5k-3k"
"isoquant","CPM","B80K20","BK80202",0.469819002250235,1132,"3k-4.5k"
"isoquant","CPM","B80K20","BK80202",0.592968328172404,624,">4.5k"
"isoquant","CPM","B80K20","BK80203",0.746472587896955,3295,"0-1.5k"
"isoquant","CPM","B80K20","BK80203",0.60411769294226,2833,"1.5k-3k"
"isoquant","CPM","B80K20","BK80203",0.457300357727291,1075,"3k-4.5k"
"isoquant","CPM","B80K20","BK80203",0.542183544262882,601,">4.5k"
"isoquant","CPM","B80K20","BK80204",0.752622207768218,3347,"0-1.5k"
"isoquant","CPM","B80K20","BK80204",0.597495044318611,2898,"1.5k-3k"
"isoquant","CPM","B80K20","BK80204",0.41529993137011,1115,"3k-4.5k"
"isoquant","CPM","B80K20","BK80204",0.544096252337448,620,">4.5k"
"isoquant","CPM","B80K20","BK80205",0.751708517200742,3330,"0-1.5k"
"isoquant","CPM","B80K20","BK80205",0.593566302726867,2841,"1.5k-3k"
"isoquant","CPM","B80K20","BK80205",0.429486341109218,1083,"3k-4.5k"
"isoquant","CPM","B80K20","BK80205",0.5480361261715,606,">4.5k"
"isoquant","CPM","Brain","B31",0.774095487400406,3086,"0-1.5k"
"isoquant","CPM","Brain","B31",0.623091338846477,2798,"1.5k-3k"
"isoquant","CPM","Brain","B31",0.488926405615471,1174,"3k-4.5k"
"isoquant","CPM","Brain","B31",0.569894389259734,660,">4.5k"
"isoquant","CPM","Brain","B32",0.767347372840807,3077,"0-1.5k"
"isoquant","CPM","Brain","B32",0.660038590615236,2816,"1.5k-3k"
"isoquant","CPM","Brain","B32",0.539113817227058,1214,"3k-4.5k"
"isoquant","CPM","Brain","B32",0.60963049045267,661,">4.5k"
"isoquant","CPM","Brain","B33",0.776045921444097,3076,"0-1.5k"
"isoquant","CPM","Brain","B33",0.66011641683313,2812,"1.5k-3k"
"isoquant","CPM","Brain","B33",0.529409169996067,1210,"3k-4.5k"
"isoquant","CPM","Brain","B33",0.627663276072228,661,">4.5k"
"isoquant","CPM","Brain","B34",0.773573183158222,3074,"0-1.5k"
"isoquant","CPM","Brain","B34",0.651559551759031,2801,"1.5k-3k"
"isoquant","CPM","Brain","B34",0.484540679364873,1198,"3k-4.5k"
"isoquant","CPM","Brain","B34",0.612992692580908,655,">4.5k"
"isoquant","CPM","Brain","B35",0.776795877144792,3049,"0-1.5k"
"isoquant","CPM","Brain","B35",0.66263867302044,2781,"1.5k-3k"
"isoquant","CPM","Brain","B35",0.529267826582456,1193,"3k-4.5k"
"isoquant","CPM","Brain","B35",0.61045527046211,643,">4.5k"
"isoquant","CPM","Kidney","K31",0.808405066727535,3065,"0-1.5k"
"isoquant","CPM","Kidney","K31",0.657657828355869,2527,"1.5k-3k"
"isoquant","CPM","Kidney","K31",0.525426823672233,870,"3k-4.5k"
"isoquant","CPM","Kidney","K31",0.535866337674641,406,">4.5k"
"isoquant","CPM","Kidney","K32",0.806045342108925,3085,"0-1.5k"
"isoquant","CPM","Kidney","K32",0.703875746783719,2588,"1.5k-3k"
"isoquant","CPM","Kidney","K32",0.561823525190677,915,"3k-4.5k"
"isoquant","CPM","Kidney","K32",0.62881858932957,430,">4.5k"
"isoquant","CPM","Kidney","K33",0.813070885324666,3067,"0-1.5k"
"isoquant","CPM","Kidney","K33",0.667698852981331,2546,"1.5k-3k"
"isoquant","CPM","Kidney","K33",0.542648628088007,894,"3k-4.5k"
"isoquant","CPM","Kidney","K33",0.553909586554367,414,">4.5k"
"isoquant","CPM","Kidney","K34",0.820774766121325,3056,"0-1.5k"
"isoquant","CPM","Kidney","K34",0.701429621624437,2525,"1.5k-3k"
"isoquant","CPM","Kidney","K34",0.542234181223531,893,"3k-4.5k"
"isoquant","CPM","Kidney","K34",0.545015372312901,398,">4.5k"
"isoquant","CPM","Kidney","K35",0.823140037519053,3039,"0-1.5k"
"isoquant","CPM","Kidney","K35",0.675034871364233,2455,"1.5k-3k"
"isoquant","CPM","Kidney","K35",0.519360381942329,842,"3k-4.5k"
"isoquant","CPM","Kidney","K35",0.508294392560793,397,">4.5k"
"isoquant","EDA","B20K80","BK20801",0.799080655338981,3317,"0-1.5k"
"isoquant","EDA","B20K80","BK20801",0.61318399631793,2777,"1.5k-3k"
"isoquant","EDA","B20K80","BK20801",0.458962824286907,1038,"3k-4.5k"
"isoquant","EDA","B20K80","BK20801",0.491671107546105,534,">4.5k"
"isoquant","EDA","B20K80","BK20802",0.782669448258599,3327,"0-1.5k"
"isoquant","EDA","B20K80","BK20802",0.665964362067051,2820,"1.5k-3k"
"isoquant","EDA","B20K80","BK20802",0.509172942982539,1071,"3k-4.5k"
"isoquant","EDA","B20K80","BK20802",0.532892400283155,552,">4.5k"
"isoquant","EDA","B20K80","BK20803",0.797375494002467,3324,"0-1.5k"
"isoquant","EDA","B20K80","BK20803",0.641278816938326,2782,"1.5k-3k"
"isoquant","EDA","B20K80","BK20803",0.497456030063055,1040,"3k-4.5k"
"isoquant","EDA","B20K80","BK20803",0.451539535049171,549,">4.5k"
"isoquant","EDA","B20K80","BK20804",0.787407791590937,3324,"0-1.5k"
"isoquant","EDA","B20K80","BK20804",0.650868624550058,2794,"1.5k-3k"
"isoquant","EDA","B20K80","BK20804",0.480450174419391,1058,"3k-4.5k"
"isoquant","EDA","B20K80","BK20804",0.481866112941272,543,">4.5k"
"isoquant","EDA","B20K80","BK20805",0.795306414747478,3332,"0-1.5k"
"isoquant","EDA","B20K80","BK20805",0.621339625792602,2779,"1.5k-3k"
"isoquant","EDA","B20K80","BK20805",0.457022209426199,1041,"3k-4.5k"
"isoquant","EDA","B20K80","BK20805",0.436166805225872,553,">4.5k"
"isoquant","EDA","B80K20","BK80201",0.76896176971637,3320,"0-1.5k"
"isoquant","EDA","B80K20","BK80201",0.611118243853949,2891,"1.5k-3k"
"isoquant","EDA","B80K20","BK80201",0.441890020820765,1109,"3k-4.5k"
"isoquant","EDA","B80K20","BK80201",0.582384584878655,615,">4.5k"
"isoquant","EDA","B80K20","BK80202",0.754998268551385,3337,"0-1.5k"
"isoquant","EDA","B80K20","BK80202",0.611245215508747,2902,"1.5k-3k"
"isoquant","EDA","B80K20","BK80202",0.471173832589424,1132,"3k-4.5k"
"isoquant","EDA","B80K20","BK80202",0.594363318789068,624,">4.5k"
"isoquant","EDA","B80K20","BK80203",0.758950902258208,3295,"0-1.5k"
"isoquant","EDA","B80K20","BK80203",0.605089695048425,2833,"1.5k-3k"
"isoquant","EDA","B80K20","BK80203",0.457966447072423,1075,"3k-4.5k"
"isoquant","EDA","B80K20","BK80203",0.543970690043913,601,">4.5k"
"isoquant","EDA","B80K20","BK80204",0.767887502779865,3347,"0-1.5k"
"isoquant","EDA","B80K20","BK80204",0.594469479758242,2898,"1.5k-3k"
"isoquant","EDA","B80K20","BK80204",0.414913256105829,1115,"3k-4.5k"
"isoquant","EDA","B80K20","BK80204",0.551855960952266,620,">4.5k"
"isoquant","EDA","B80K20","BK80205",0.768482703358411,3330,"0-1.5k"
"isoquant","EDA","B80K20","BK80205",0.590720603773998,2841,"1.5k-3k"
"isoquant","EDA","B80K20","BK80205",0.430505148782052,1083,"3k-4.5k"
"isoquant","EDA","B80K20","BK80205",0.554954387124138,606,">4.5k"
"isoquant","EDA","Brain","B31",0.792247701606216,3086,"0-1.5k"
"isoquant","EDA","Brain","B31",0.621622714600981,2798,"1.5k-3k"
"isoquant","EDA","Brain","B31",0.487646186455557,1174,"3k-4.5k"
"isoquant","EDA","Brain","B31",0.576781731488239,660,">4.5k"
"isoquant","EDA","Brain","B32",0.780768082769949,3077,"0-1.5k"
"isoquant","EDA","Brain","B32",0.663501711571395,2816,"1.5k-3k"
"isoquant","EDA","Brain","B32",0.538012790454263,1214,"3k-4.5k"
"isoquant","EDA","Brain","B32",0.611276639682287,661,">4.5k"
"isoquant","EDA","Brain","B33",0.792305008792993,3076,"0-1.5k"
"isoquant","EDA","Brain","B33",0.663666670326858,2812,"1.5k-3k"
"isoquant","EDA","Brain","B33",0.527508561205619,1210,"3k-4.5k"
"isoquant","EDA","Brain","B33",0.630702158584533,661,">4.5k"
"isoquant","EDA","Brain","B34",0.79302428074617,3074,"0-1.5k"
"isoquant","EDA","Brain","B34",0.653372063472395,2801,"1.5k-3k"
"isoquant","EDA","Brain","B34",0.48189869735573,1198,"3k-4.5k"
"isoquant","EDA","Brain","B34",0.61758879466508,655,">4.5k"
"isoquant","EDA","Brain","B35",0.794013950304779,3049,"0-1.5k"
"isoquant","EDA","Brain","B35",0.665580874445632,2781,"1.5k-3k"
"isoquant","EDA","Brain","B35",0.528083905495603,1193,"3k-4.5k"
"isoquant","EDA","Brain","B35",0.612452910143856,643,">4.5k"
"isoquant","EDA","Kidney","K31",0.832963652129971,3065,"0-1.5k"
"isoquant","EDA","Kidney","K31",0.65240288266761,2527,"1.5k-3k"
"isoquant","EDA","Kidney","K31",0.527741492143383,870,"3k-4.5k"
"isoquant","EDA","Kidney","K31",0.534532831084555,406,">4.5k"
"isoquant","EDA","Kidney","K32",0.82241519756518,3085,"0-1.5k"
"isoquant","EDA","Kidney","K32",0.705480767202041,2588,"1.5k-3k"
"isoquant","EDA","Kidney","K32",0.563820277298375,915,"3k-4.5k"
"isoquant","EDA","Kidney","K32",0.613880815132636,430,">4.5k"
"isoquant","EDA","Kidney","K33",0.831336229662931,3067,"0-1.5k"
"isoquant","EDA","Kidney","K33",0.663434632254797,2546,"1.5k-3k"
"isoquant","EDA","Kidney","K33",0.544235635800487,894,"3k-4.5k"
"isoquant","EDA","Kidney","K33",0.548570217223044,414,">4.5k"
"isoquant","EDA","Kidney","K34",0.832746465592583,3056,"0-1.5k"
"isoquant","EDA","Kidney","K34",0.699218729449449,2525,"1.5k-3k"
"isoquant","EDA","Kidney","K34",0.545500943337514,893,"3k-4.5k"
"isoquant","EDA","Kidney","K34",0.549214631956712,398,">4.5k"
"isoquant","EDA","Kidney","K35",0.842231700922534,3039,"0-1.5k"
"isoquant","EDA","Kidney","K35",0.666099208237496,2455,"1.5k-3k"
"isoquant","EDA","Kidney","K35",0.52062490752317,842,"3k-4.5k"
"isoquant","EDA","Kidney","K35",0.523002770512359,397,">4.5k"
"isoquant","TPM","B20K80","BK20801",0.714621166336428,3317,"0-1.5k"
"isoquant","TPM","B20K80","BK20801",0.60729165752958,2777,"1.5k-3k"
"isoquant","TPM","B20K80","BK20801",0.438150069110186,1038,"3k-4.5k"
"isoquant","TPM","B20K80","BK20801",0.494173403196386,534,">4.5k"
"isoquant","TPM","B20K80","BK20802",0.704408597673051,3327,"0-1.5k"
"isoquant","TPM","B20K80","BK20802",0.641929207951308,2820,"1.5k-3k"
"isoquant","TPM","B20K80","BK20802",0.485855322113139,1071,"3k-4.5k"
"isoquant","TPM","B20K80","BK20802",0.521723505811575,552,">4.5k"
"isoquant","TPM","B20K80","BK20803",0.716742602279219,3324,"0-1.5k"
"isoquant","TPM","B20K80","BK20803",0.629362221417678,2782,"1.5k-3k"
"isoquant","TPM","B20K80","BK20803",0.477144577962046,1040,"3k-4.5k"
"isoquant","TPM","B20K80","BK20803",0.460692386025092,549,">4.5k"
"isoquant","TPM","B20K80","BK20804",0.707991865839691,3324,"0-1.5k"
"isoquant","TPM","B20K80","BK20804",0.639147093810059,2794,"1.5k-3k"
"isoquant","TPM","B20K80","BK20804",0.462013993225838,1058,"3k-4.5k"
"isoquant","TPM","B20K80","BK20804",0.488818070073264,543,">4.5k"
"isoquant","TPM","B20K80","BK20805",0.714101471239704,3332,"0-1.5k"
"isoquant","TPM","B20K80","BK20805",0.615938427007758,2779,"1.5k-3k"
"isoquant","TPM","B20K80","BK20805",0.444110379163831,1041,"3k-4.5k"
"isoquant","TPM","B20K80","BK20805",0.439898750072023,553,">4.5k"
"isoquant","TPM","B80K20","BK80201",0.701878314475921,3320,"0-1.5k"
"isoquant","TPM","B80K20","BK80201",0.587572006700839,2891,"1.5k-3k"
"isoquant","TPM","B80K20","BK80201",0.424311782955972,1109,"3k-4.5k"
"isoquant","TPM","B80K20","BK80201",0.595190252280115,615,">4.5k"
"isoquant","TPM","B80K20","BK80202",0.690994580802464,3337,"0-1.5k"
"isoquant","TPM","B80K20","BK80202",0.584544474044855,2902,"1.5k-3k"
"isoquant","TPM","B80K20","BK80202",0.452002094483043,1132,"3k-4.5k"
"isoquant","TPM","B80K20","BK80202",0.600772611462129,624,">4.5k"
"isoquant","TPM","B80K20","BK80203",0.693847963065779,3295,"0-1.5k"
"isoquant","TPM","B80K20","BK80203",0.580387741806581,2833,"1.5k-3k"
"isoquant","TPM","B80K20","BK80203",0.445580379520637,1075,"3k-4.5k"
"isoquant","TPM","B80K20","BK80203",0.565646083054136,601,">4.5k"
"isoquant","TPM","B80K20","BK80204",0.699721530304147,3347,"0-1.5k"
"isoquant","TPM","B80K20","BK80204",0.579508317465394,2898,"1.5k-3k"
"isoquant","TPM","B80K20","BK80204",0.401892777358921,1115,"3k-4.5k"
"isoquant","TPM","B80K20","BK80204",0.57536142700922,620,">4.5k"
"isoquant","TPM","B80K20","BK80205",0.698958273806986,3330,"0-1.5k"
"isoquant","TPM","B80K20","BK80205",0.575593249552143,2841,"1.5k-3k"
"isoquant","TPM","B80K20","BK80205",0.415437169002052,1083,"3k-4.5k"
"isoquant","TPM","B80K20","BK80205",0.582103070923488,606,">4.5k"
"isoquant","TPM","Brain","B31",0.717623626767911,3086,"0-1.5k"
"isoquant","TPM","Brain","B31",0.603842849485884,2798,"1.5k-3k"
"isoquant","TPM","Brain","B31",0.488236856074371,1174,"3k-4.5k"
"isoquant","TPM","Brain","B31",0.581563199405909,660,">4.5k"
"isoquant","TPM","Brain","B32",0.708296486536955,3077,"0-1.5k"
"isoquant","TPM","Brain","B32",0.62991446703839,2816,"1.5k-3k"
"isoquant","TPM","Brain","B32",0.531449482070716,1214,"3k-4.5k"
"isoquant","TPM","Brain","B32",0.595135849710948,661,">4.5k"
"isoquant","TPM","Brain","B33",0.717120608341484,3076,"0-1.5k"
"isoquant","TPM","Brain","B33",0.630898228348495,2812,"1.5k-3k"
"isoquant","TPM","Brain","B33",0.525502706874803,1210,"3k-4.5k"
"isoquant","TPM","Brain","B33",0.621853365061274,661,">4.5k"
"isoquant","TPM","Brain","B34",0.713863849686426,3074,"0-1.5k"
"isoquant","TPM","Brain","B34",0.624445643392188,2801,"1.5k-3k"
"isoquant","TPM","Brain","B34",0.481639990799484,1198,"3k-4.5k"
"isoquant","TPM","Brain","B34",0.6067448381337,655,">4.5k"
"isoquant","TPM","Brain","B35",0.716210592672757,3049,"0-1.5k"
"isoquant","TPM","Brain","B35",0.632912042472673,2781,"1.5k-3k"
"isoquant","TPM","Brain","B35",0.52332386096144,1193,"3k-4.5k"
"isoquant","TPM","Brain","B35",0.612099006804518,643,">4.5k"
"isoquant","TPM","Kidney","K31",0.74210681328625,3065,"0-1.5k"
"isoquant","TPM","Kidney","K31",0.642309527320798,2527,"1.5k-3k"
"isoquant","TPM","Kidney","K31",0.515638897592228,870,"3k-4.5k"
"isoquant","TPM","Kidney","K31",0.545302759095863,406,">4.5k"
"isoquant","TPM","Kidney","K32",0.738920599034803,3085,"0-1.5k"
"isoquant","TPM","Kidney","K32",0.676638089593716,2588,"1.5k-3k"
"isoquant","TPM","Kidney","K32",0.545487747223833,915,"3k-4.5k"
"isoquant","TPM","Kidney","K32",0.625807225742476,430,">4.5k"
"isoquant","TPM","Kidney","K33",0.747083294678987,3067,"0-1.5k"
"isoquant","TPM","Kidney","K33",0.649876535334538,2546,"1.5k-3k"
"isoquant","TPM","Kidney","K33",0.531959880678682,894,"3k-4.5k"
"isoquant","TPM","Kidney","K33",0.564998749181324,414,">4.5k"
"isoquant","TPM","Kidney","K34",0.758727968086844,3056,"0-1.5k"
"isoquant","TPM","Kidney","K34",0.676546357924643,2525,"1.5k-3k"
"isoquant","TPM","Kidney","K34",0.524424270421015,893,"3k-4.5k"
"isoquant","TPM","Kidney","K34",0.544903029275186,398,">4.5k"
"isoquant","TPM","Kidney","K35",0.761341648408228,3039,"0-1.5k"
"isoquant","TPM","Kidney","K35",0.662057400265877,2455,"1.5k-3k"
"isoquant","TPM","Kidney","K35",0.511662232343683,842,"3k-4.5k"
"isoquant","TPM","Kidney","K35",0.519528986049245,397,">4.5k"
"isoquant","cqn","B20K80","BK20801",0.786470521596969,3577,"0-1.5k"
"isoquant","cqn","B20K80","BK20801",0.589826878337053,3230,"1.5k-3k"
"isoquant","cqn","B20K80","BK20801",0.390190489387065,1490,"3k-4.5k"
"isoquant","cqn","B20K80","BK20801",0.201331717999482,1001,">4.5k"
"isoquant","cqn","B20K80","BK20802",0.761091112956307,3576,"0-1.5k"
"isoquant","cqn","B20K80","BK20802",0.620838235717623,3231,"1.5k-3k"
"isoquant","cqn","B20K80","BK20802",0.421353468685486,1490,"3k-4.5k"
"isoquant","cqn","B20K80","BK20802",0.258084359976625,1001,">4.5k"
"isoquant","cqn","B20K80","BK20803",0.78488570819522,3576,"0-1.5k"
"isoquant","cqn","B20K80","BK20803",0.615367246950178,3229,"1.5k-3k"
"isoquant","cqn","B20K80","BK20803",0.410494860315563,1490,"3k-4.5k"
"isoquant","cqn","B20K80","BK20803",0.189737555874008,1001,">4.5k"
"isoquant","cqn","B20K80","BK20804",0.776707636384374,3578,"0-1.5k"
"isoquant","cqn","B20K80","BK20804",0.623426049677536,3229,"1.5k-3k"
"isoquant","cqn","B20K80","BK20804",0.409587704018845,1490,"3k-4.5k"
"isoquant","cqn","B20K80","BK20804",0.200800154602079,1001,">4.5k"
"isoquant","cqn","B20K80","BK20805",0.786820432214326,3581,"0-1.5k"
"isoquant","cqn","B20K80","BK20805",0.595848773641011,3228,"1.5k-3k"
"isoquant","cqn","B20K80","BK20805",0.378347828258246,1490,"3k-4.5k"
"isoquant","cqn","B20K80","BK20805",0.17847780865069,1001,">4.5k"
"isoquant","cqn","B80K20","BK80201",0.746823866328587,3568,"0-1.5k"
"isoquant","cqn","B80K20","BK80201",0.572835233863037,3229,"1.5k-3k"
"isoquant","cqn","B80K20","BK80201",0.33478305160098,1490,"3k-4.5k"
"isoquant","cqn","B80K20","BK80201",0.329824033365177,1000,">4.5k"
"isoquant","cqn","B80K20","BK80202",0.729905068293751,3561,"0-1.5k"
"isoquant","cqn","B80K20","BK80202",0.569929921832926,3227,"1.5k-3k"
"isoquant","cqn","B80K20","BK80202",0.348902907835093,1490,"3k-4.5k"
"isoquant","cqn","B80K20","BK80202",0.316161703508011,1001,">4.5k"
"isoquant","cqn","B80K20","BK80203",0.743161260375358,3571,"0-1.5k"
"isoquant","cqn","B80K20","BK80203",0.562137340718216,3230,"1.5k-3k"
"isoquant","cqn","B80K20","BK80203",0.354350248859217,1490,"3k-4.5k"
"isoquant","cqn","B80K20","BK80203",0.300823103494754,1001,">4.5k"
"isoquant","cqn","B80K20","BK80204",0.748819994934881,3578,"0-1.5k"
"isoquant","cqn","B80K20","BK80204",0.568593700929326,3229,"1.5k-3k"
"isoquant","cqn","B80K20","BK80204",0.340288989102337,1490,"3k-4.5k"
"isoquant","cqn","B80K20","BK80204",0.317703959792055,1001,">4.5k"
"isoquant","cqn","B80K20","BK80205",0.756679859373935,3576,"0-1.5k"
"isoquant","cqn","B80K20","BK80205",0.568826022839235,3230,"1.5k-3k"
"isoquant","cqn","B80K20","BK80205",0.347546617754417,1490,"3k-4.5k"
"isoquant","cqn","B80K20","BK80205",0.312734512347685,1001,">4.5k"
"isoquant","cqn","Brain","B31",0.773610720219302,3407,"0-1.5k"
"isoquant","cqn","Brain","B31",0.62275456994442,3165,"1.5k-3k"
"isoquant","cqn","Brain","B31",0.460451609271673,1482,"3k-4.5k"
"isoquant","cqn","Brain","B31",0.419404797318803,996,">4.5k"
"isoquant","cqn","Brain","B32",0.752049197212063,3434,"0-1.5k"
"isoquant","cqn","Brain","B32",0.641182221584083,3167,"1.5k-3k"
"isoquant","cqn","Brain","B32",0.493932136689192,1483,"3k-4.5k"
"isoquant","cqn","Brain","B32",0.408167480897693,998,">4.5k"
"isoquant","cqn","Brain","B33",0.764436575384134,3401,"0-1.5k"
"isoquant","cqn","Brain","B33",0.651944586006027,3151,"1.5k-3k"
"isoquant","cqn","Brain","B33",0.491929316630555,1484,"3k-4.5k"
"isoquant","cqn","Brain","B33",0.418755821546585,997,">4.5k"
"isoquant","cqn","Brain","B34",0.769764518849403,3416,"0-1.5k"
"isoquant","cqn","Brain","B34",0.63929828599197,3170,"1.5k-3k"
"isoquant","cqn","Brain","B34",0.472178241340818,1478,"3k-4.5k"
"isoquant","cqn","Brain","B34",0.415757925951243,997,">4.5k"
"isoquant","cqn","Brain","B35",0.779208632309009,3433,"0-1.5k"
"isoquant","cqn","Brain","B35",0.65922684146269,3165,"1.5k-3k"
"isoquant","cqn","Brain","B35",0.499782899570762,1486,"3k-4.5k"
"isoquant","cqn","Brain","B35",0.415804481097866,997,">4.5k"
"isoquant","cqn","Kidney","K31",0.828711176486269,3449,"0-1.5k"
"isoquant","cqn","Kidney","K31",0.699917727736498,3141,"1.5k-3k"
"isoquant","cqn","Kidney","K31",0.522588892668301,1428,"3k-4.5k"
"isoquant","cqn","Kidney","K31",0.274997785160303,974,">4.5k"
"isoquant","cqn","Kidney","K32",0.809420371707589,3449,"0-1.5k"
"isoquant","cqn","Kidney","K32",0.725376416202209,3152,"1.5k-3k"
"isoquant","cqn","Kidney","K32",0.572340858348762,1439,"3k-4.5k"
"isoquant","cqn","Kidney","K32",0.344978722577658,984,">4.5k"
"isoquant","cqn","Kidney","K33",0.823268867392969,3444,"0-1.5k"
"isoquant","cqn","Kidney","K33",0.712357487489828,3139,"1.5k-3k"
"isoquant","cqn","Kidney","K33",0.550982550108326,1427,"3k-4.5k"
"isoquant","cqn","Kidney","K33",0.301909251668665,968,">4.5k"
"isoquant","cqn","Kidney","K34",0.825210190906842,3443,"0-1.5k"
"isoquant","cqn","Kidney","K34",0.730276067634816,3132,"1.5k-3k"
"isoquant","cqn","Kidney","K34",0.564324729889387,1424,"3k-4.5k"
"isoquant","cqn","Kidney","K34",0.327735174338244,976,">4.5k"
"isoquant","cqn","Kidney","K35",0.837865908939959,3446,"0-1.5k"
"isoquant","cqn","Kidney","K35",0.702217591083014,3120,"1.5k-3k"
"isoquant","cqn","Kidney","K35",0.498103079501978,1418,"3k-4.5k"
"isoquant","cqn","Kidney","K35",0.277062523790889,969,">4.5k"
"isoquant","ratio_counts","B20K80","BK20801",0.519319938676146,3317,"0-1.5k"
"isoquant","ratio_counts","B20K80","BK20801",0.415315903815292,2777,"1.5k-3k"
"isoquant","ratio_counts","B20K80","BK20801",0.198396546512553,1038,"3k-4.5k"
"isoquant","ratio_counts","B20K80","BK20801",0.224407297551579,534,">4.5k"
"isoquant","ratio_counts","B20K80","BK20802",0.595401889235966,3327,"0-1.5k"
"isoquant","ratio_counts","B20K80","BK20802",0.568386872730914,2820,"1.5k-3k"
"isoquant","ratio_counts","B20K80","BK20802",0.319774324477118,1071,"3k-4.5k"
"isoquant","ratio_counts","B20K80","BK20802",0.348759747639673,552,">4.5k"
"isoquant","ratio_counts","B20K80","BK20803",0.571208868209828,3324,"0-1.5k"
"isoquant","ratio_counts","B20K80","BK20803",0.529020721633431,2782,"1.5k-3k"
"isoquant","ratio_counts","B20K80","BK20803",0.356260832221305,1040,"3k-4.5k"
"isoquant","ratio_counts","B20K80","BK20803",0.367751558265206,549,">4.5k"
"isoquant","ratio_counts","B20K80","BK20804",0.584425419764065,3324,"0-1.5k"
"isoquant","ratio_counts","B20K80","BK20804",0.573531733048692,2794,"1.5k-3k"
"isoquant","ratio_counts","B20K80","BK20804",0.313952521701538,1058,"3k-4.5k"
"isoquant","ratio_counts","B20K80","BK20804",0.309969190941092,543,">4.5k"
"isoquant","ratio_counts","B20K80","BK20805",0.573791601392097,3332,"0-1.5k"
"isoquant","ratio_counts","B20K80","BK20805",0.488394305321218,2779,"1.5k-3k"
"isoquant","ratio_counts","B20K80","BK20805",0.252139462954612,1041,"3k-4.5k"
"isoquant","ratio_counts","B20K80","BK20805",0.260907758184721,553,">4.5k"
"isoquant","ratio_counts","B80K20","BK80201",0.606546276081666,3320,"0-1.5k"
"isoquant","ratio_counts","B80K20","BK80201",0.55261354662964,2891,"1.5k-3k"
"isoquant","ratio_counts","B80K20","BK80201",0.428626016477561,1109,"3k-4.5k"
"isoquant","ratio_counts","B80K20","BK80201",0.419975127272197,615,">4.5k"
"isoquant","ratio_counts","B80K20","BK80202",0.579717784901711,3337,"0-1.5k"
"isoquant","ratio_counts","B80K20","BK80202",0.529111007706751,2902,"1.5k-3k"
"isoquant","ratio_counts","B80K20","BK80202",0.482693545218777,1132,"3k-4.5k"
"isoquant","ratio_counts","B80K20","BK80202",0.458541375849078,624,">4.5k"
"isoquant","ratio_counts","B80K20","BK80203",0.507474893669455,3295,"0-1.5k"
"isoquant","ratio_counts","B80K20","BK80203",0.471263143566815,2833,"1.5k-3k"
"isoquant","ratio_counts","B80K20","BK80203",0.398242055235585,1075,"3k-4.5k"
"isoquant","ratio_counts","B80K20","BK80203",0.347401061227793,601,">4.5k"
"isoquant","ratio_counts","B80K20","BK80204",0.508965043480789,3347,"0-1.5k"
"isoquant","ratio_counts","B80K20","BK80204",0.443241829394039,2898,"1.5k-3k"
"isoquant","ratio_counts","B80K20","BK80204",0.350557158926343,1115,"3k-4.5k"
"isoquant","ratio_counts","B80K20","BK80204",0.296402198466941,620,">4.5k"
"isoquant","ratio_counts","B80K20","BK80205",0.543710780909486,3330,"0-1.5k"
"isoquant","ratio_counts","B80K20","BK80205",0.486640375525361,2841,"1.5k-3k"
"isoquant","ratio_counts","B80K20","BK80205",0.372756473145987,1083,"3k-4.5k"
"isoquant","ratio_counts","B80K20","BK80205",0.348588923066145,606,">4.5k"
"isoquant","ratio_counts","Brain","B31",0.715776328243629,3086,"0-1.5k"
"isoquant","ratio_counts","Brain","B31",0.594701418844086,2798,"1.5k-3k"
"isoquant","ratio_counts","Brain","B31",0.453167040225596,1174,"3k-4.5k"
"isoquant","ratio_counts","Brain","B31",0.353065075385987,660,">4.5k"
"isoquant","ratio_counts","Brain","B32",0.735321869800488,3077,"0-1.5k"
"isoquant","ratio_counts","Brain","B32",0.669465923188119,2816,"1.5k-3k"
"isoquant","ratio_counts","Brain","B32",0.560748409497001,1214,"3k-4.5k"
"isoquant","ratio_counts","Brain","B32",0.447595774019291,661,">4.5k"
"isoquant","ratio_counts","Brain","B33",0.724252080083745,3076,"0-1.5k"
"isoquant","ratio_counts","Brain","B33",0.643745106849323,2812,"1.5k-3k"
"isoquant","ratio_counts","Brain","B33",0.528199639262521,1210,"3k-4.5k"
"isoquant","ratio_counts","Brain","B33",0.455718285283396,661,">4.5k"
"isoquant","ratio_counts","Brain","B34",0.697332966281855,3074,"0-1.5k"
"isoquant","ratio_counts","Brain","B34",0.614917651403628,2801,"1.5k-3k"
"isoquant","ratio_counts","Brain","B34",0.477949712505267,1198,"3k-4.5k"
"isoquant","ratio_counts","Brain","B34",0.412996041055536,655,">4.5k"
"isoquant","ratio_counts","Brain","B35",0.702404738801059,3049,"0-1.5k"
"isoquant","ratio_counts","Brain","B35",0.62053256926865,2781,"1.5k-3k"
"isoquant","ratio_counts","Brain","B35",0.488870660206343,1193,"3k-4.5k"
"isoquant","ratio_counts","Brain","B35",0.398112212504568,643,">4.5k"
"isoquant","ratio_counts","Kidney","K31",0.642528908599647,3065,"0-1.5k"
"isoquant","ratio_counts","Kidney","K31",0.577454214591793,2527,"1.5k-3k"
"isoquant","ratio_counts","Kidney","K31",0.482503927276987,870,"3k-4.5k"
"isoquant","ratio_counts","Kidney","K31",0.486540931637465,406,">4.5k"
"isoquant","ratio_counts","Kidney","K32",0.701793332604413,3085,"0-1.5k"
"isoquant","ratio_counts","Kidney","K32",0.665801902461694,2588,"1.5k-3k"
"isoquant","ratio_counts","Kidney","K32",0.538640742658244,915,"3k-4.5k"
"isoquant","ratio_counts","Kidney","K32",0.537042042236873,430,">4.5k"
"isoquant","ratio_counts","Kidney","K33",0.661960397194013,3067,"0-1.5k"
"isoquant","ratio_counts","Kidney","K33",0.600134155539452,2546,"1.5k-3k"
"isoquant","ratio_counts","Kidney","K33",0.504379620499987,894,"3k-4.5k"
"isoquant","ratio_counts","Kidney","K33",0.486996274214387,414,">4.5k"
"isoquant","ratio_counts","Kidney","K34",0.654157203048975,3056,"0-1.5k"
"isoquant","ratio_counts","Kidney","K34",0.642950443731275,2525,"1.5k-3k"
"isoquant","ratio_counts","Kidney","K34",0.492541008595873,893,"3k-4.5k"
"isoquant","ratio_counts","Kidney","K34",0.50567342661225,398,">4.5k"
"isoquant","ratio_counts","Kidney","K35",0.642333521678864,3039,"0-1.5k"
"isoquant","ratio_counts","Kidney","K35",0.589066664333874,2455,"1.5k-3k"
"isoquant","ratio_counts","Kidney","K35",0.428585377411509,842,"3k-4.5k"
"isoquant","ratio_counts","Kidney","K35",0.459418344775642,397,">4.5k"
"kallisto","CPM","B20K80","BK20801",0.870354464155874,2310,"0-1.5k"
"kallisto","CPM","B20K80","BK20801",0.80363971500911,3382,"1.5k-3k"
"kallisto","CPM","B20K80","BK20801",0.678484979318863,1908,"3k-4.5k"
"kallisto","CPM","B20K80","BK20801",0.384358036154513,1987,">4.5k"
"kallisto","CPM","B20K80","BK20802",0.86309234367278,2320,"0-1.5k"
"kallisto","CPM","B20K80","BK20802",0.80075739862138,3414,"1.5k-3k"
"kallisto","CPM","B20K80","BK20802",0.718705665408299,1923,"3k-4.5k"
"kallisto","CPM","B20K80","BK20802",0.494311400598458,1994,">4.5k"
"kallisto","CPM","B20K80","BK20803",0.872390484279248,2313,"0-1.5k"
"kallisto","CPM","B20K80","BK20803",0.809590762502741,3377,"1.5k-3k"
"kallisto","CPM","B20K80","BK20803",0.695006345824715,1900,"3k-4.5k"
"kallisto","CPM","B20K80","BK20803",0.430082186963356,1979,">4.5k"
"kallisto","CPM","B20K80","BK20804",0.859807394732035,2314,"0-1.5k"
"kallisto","CPM","B20K80","BK20804",0.805612782530527,3399,"1.5k-3k"
"kallisto","CPM","B20K80","BK20804",0.703358809905131,1921,"3k-4.5k"
"kallisto","CPM","B20K80","BK20804",0.443111963685304,1984,">4.5k"
"kallisto","CPM","B20K80","BK20805",0.868013989794557,2322,"0-1.5k"
"kallisto","CPM","B20K80","BK20805",0.807807493955451,3394,"1.5k-3k"
"kallisto","CPM","B20K80","BK20805",0.679114095284891,1912,"3k-4.5k"
"kallisto","CPM","B20K80","BK20805",0.387210620716306,1981,">4.5k"
"kallisto","CPM","B80K20","BK80201",0.856628796051748,2307,"0-1.5k"
"kallisto","CPM","B80K20","BK80201",0.772177470671159,3408,"1.5k-3k"
"kallisto","CPM","B80K20","BK80201",0.694393551733677,1925,"3k-4.5k"
"kallisto","CPM","B80K20","BK80201",0.466082809160276,2000,">4.5k"
"kallisto","CPM","B80K20","BK80202",0.852575375541952,2311,"0-1.5k"
"kallisto","CPM","B80K20","BK80202",0.757176716427955,3416,"1.5k-3k"
"kallisto","CPM","B80K20","BK80202",0.694673473011934,1940,"3k-4.5k"
"kallisto","CPM","B80K20","BK80202",0.525757787664474,2010,">4.5k"
"kallisto","CPM","B80K20","BK80203",0.855893537920156,2288,"0-1.5k"
"kallisto","CPM","B80K20","BK80203",0.74877514552756,3382,"1.5k-3k"
"kallisto","CPM","B80K20","BK80203",0.654819419103463,1906,"3k-4.5k"
"kallisto","CPM","B80K20","BK80203",0.44705069047993,1969,">4.5k"
"kallisto","CPM","B80K20","BK80204",0.856681985376889,2324,"0-1.5k"
"kallisto","CPM","B80K20","BK80204",0.776427571450509,3414,"1.5k-3k"
"kallisto","CPM","B80K20","BK80204",0.670510751579624,1936,"3k-4.5k"
"kallisto","CPM","B80K20","BK80204",0.44332021250104,2009,">4.5k"
"kallisto","CPM","B80K20","BK80205",0.850037386716457,2304,"0-1.5k"
"kallisto","CPM","B80K20","BK80205",0.756609728413517,3389,"1.5k-3k"
"kallisto","CPM","B80K20","BK80205",0.66444639164698,1927,"3k-4.5k"
"kallisto","CPM","B80K20","BK80205",0.412278798299936,1989,">4.5k"
"kallisto","CPM","Brain","B31",0.875291254419606,2136,"0-1.5k"
"kallisto","CPM","Brain","B31",0.816967877022136,3243,"1.5k-3k"
"kallisto","CPM","Brain","B31",0.753059165564672,1880,"3k-4.5k"
"kallisto","CPM","Brain","B31",0.519872524025665,1981,">4.5k"
"kallisto","CPM","Brain","B32",0.870026628863412,2139,"0-1.5k"
"kallisto","CPM","Brain","B32",0.808714820466156,3234,"1.5k-3k"
"kallisto","CPM","Brain","B32",0.750823835597794,1873,"3k-4.5k"
"kallisto","CPM","Brain","B32",0.557578223811007,1977,">4.5k"
"kallisto","CPM","Brain","B33",0.877829706357891,2125,"0-1.5k"
"kallisto","CPM","Brain","B33",0.806333139264529,3225,"1.5k-3k"
"kallisto","CPM","Brain","B33",0.714502054904248,1877,"3k-4.5k"
"kallisto","CPM","Brain","B33",0.51840239735647,1979,">4.5k"
"kallisto","CPM","Brain","B34",0.874298487658216,2129,"0-1.5k"
"kallisto","CPM","Brain","B34",0.812197049090166,3222,"1.5k-3k"
"kallisto","CPM","Brain","B34",0.71309143954186,1870,"3k-4.5k"
"kallisto","CPM","Brain","B34",0.50190321678224,1965,">4.5k"
"kallisto","CPM","Brain","B35",0.87535021840001,2104,"0-1.5k"
"kallisto","CPM","Brain","B35",0.801655242378871,3187,"1.5k-3k"
"kallisto","CPM","Brain","B35",0.720879126825705,1861,"3k-4.5k"
"kallisto","CPM","Brain","B35",0.485325187691807,1941,">4.5k"
"kallisto","CPM","Kidney","K31",0.894347020788585,2161,"0-1.5k"
"kallisto","CPM","Kidney","K31",0.862067225795729,3147,"1.5k-3k"
"kallisto","CPM","Kidney","K31",0.787326541916176,1713,"3k-4.5k"
"kallisto","CPM","Kidney","K31",0.579073308577132,1734,">4.5k"
"kallisto","CPM","Kidney","K32",0.893539773409537,2183,"0-1.5k"
"kallisto","CPM","Kidney","K32",0.857029575187219,3171,"1.5k-3k"
"kallisto","CPM","Kidney","K32",0.810951606339297,1732,"3k-4.5k"
"kallisto","CPM","Kidney","K32",0.678445406335358,1768,">4.5k"
"kallisto","CPM","Kidney","K33",0.897047009549238,2167,"0-1.5k"
"kallisto","CPM","Kidney","K33",0.867516837388984,3155,"1.5k-3k"
"kallisto","CPM","Kidney","K33",0.823100451511118,1723,"3k-4.5k"
"kallisto","CPM","Kidney","K33",0.638928707764319,1737,">4.5k"
"kallisto","CPM","Kidney","K34",0.898700913563741,2168,"0-1.5k"
"kallisto","CPM","Kidney","K34",0.852307250163067,3117,"1.5k-3k"
"kallisto","CPM","Kidney","K34",0.794234005573012,1676,"3k-4.5k"
"kallisto","CPM","Kidney","K34",0.602987480064195,1682,">4.5k"
"kallisto","CPM","Kidney","K35",0.904620133750472,2154,"0-1.5k"
"kallisto","CPM","Kidney","K35",0.864425546271089,3092,"1.5k-3k"
"kallisto","CPM","Kidney","K35",0.792304384528154,1662,"3k-4.5k"
"kallisto","CPM","Kidney","K35",0.578723847937086,1686,">4.5k"
"kallisto","EDA","B20K80","BK20801",0.879102298063011,2310,"0-1.5k"
"kallisto","EDA","B20K80","BK20801",0.798127197002296,3382,"1.5k-3k"
"kallisto","EDA","B20K80","BK20801",0.671878048540402,1908,"3k-4.5k"
"kallisto","EDA","B20K80","BK20801",0.365898072331704,1987,">4.5k"
"kallisto","EDA","B20K80","BK20802",0.869745487798757,2320,"0-1.5k"
"kallisto","EDA","B20K80","BK20802",0.800139104306801,3414,"1.5k-3k"
"kallisto","EDA","B20K80","BK20802",0.712973054835599,1923,"3k-4.5k"
"kallisto","EDA","B20K80","BK20802",0.456948019056888,1994,">4.5k"
"kallisto","EDA","B20K80","BK20803",0.87935962865767,2313,"0-1.5k"
"kallisto","EDA","B20K80","BK20803",0.804143866100339,3377,"1.5k-3k"
"kallisto","EDA","B20K80","BK20803",0.6884337618811,1900,"3k-4.5k"
"kallisto","EDA","B20K80","BK20803",0.402389952332305,1979,">4.5k"
"kallisto","EDA","B20K80","BK20804",0.867800998422539,2314,"0-1.5k"
"kallisto","EDA","B20K80","BK20804",0.799853911628442,3399,"1.5k-3k"
"kallisto","EDA","B20K80","BK20804",0.695663464281583,1921,"3k-4.5k"
"kallisto","EDA","B20K80","BK20804",0.419055131363698,1984,">4.5k"
"kallisto","EDA","B20K80","BK20805",0.876060253072888,2322,"0-1.5k"
"kallisto","EDA","B20K80","BK20805",0.800162811403575,3394,"1.5k-3k"
"kallisto","EDA","B20K80","BK20805",0.673044291745631,1912,"3k-4.5k"
"kallisto","EDA","B20K80","BK20805",0.363940629698261,1981,">4.5k"
"kallisto","EDA","B80K20","BK80201",0.863669955071609,2307,"0-1.5k"
"kallisto","EDA","B80K20","BK80201",0.773408870201884,3408,"1.5k-3k"
"kallisto","EDA","B80K20","BK80201",0.692786971709417,1925,"3k-4.5k"
"kallisto","EDA","B80K20","BK80201",0.467453603064581,2000,">4.5k"
"kallisto","EDA","B80K20","BK80202",0.856787799034754,2311,"0-1.5k"
"kallisto","EDA","B80K20","BK80202",0.76004907209411,3416,"1.5k-3k"
"kallisto","EDA","B80K20","BK80202",0.693334257092692,1940,"3k-4.5k"
"kallisto","EDA","B80K20","BK80202",0.508301242196913,2010,">4.5k"
"kallisto","EDA","B80K20","BK80203",0.861044761604711,2288,"0-1.5k"
"kallisto","EDA","B80K20","BK80203",0.749929610672903,3382,"1.5k-3k"
"kallisto","EDA","B80K20","BK80203",0.651994358724864,1906,"3k-4.5k"
"kallisto","EDA","B80K20","BK80203",0.434361287800391,1969,">4.5k"
"kallisto","EDA","B80K20","BK80204",0.864072188366116,2324,"0-1.5k"
"kallisto","EDA","B80K20","BK80204",0.777036937549113,3414,"1.5k-3k"
"kallisto","EDA","B80K20","BK80204",0.667768794318842,1936,"3k-4.5k"
"kallisto","EDA","B80K20","BK80204",0.436409403506898,2009,">4.5k"
"kallisto","EDA","B80K20","BK80205",0.85884850994397,2304,"0-1.5k"
"kallisto","EDA","B80K20","BK80205",0.756998168801592,3389,"1.5k-3k"
"kallisto","EDA","B80K20","BK80205",0.662589046454657,1927,"3k-4.5k"
"kallisto","EDA","B80K20","BK80205",0.408824291629429,1989,">4.5k"
"kallisto","EDA","Brain","B31",0.881608408654234,2136,"0-1.5k"
"kallisto","EDA","Brain","B31",0.818089530428001,3243,"1.5k-3k"
"kallisto","EDA","Brain","B31",0.749569113710362,1880,"3k-4.5k"
"kallisto","EDA","Brain","B31",0.513587320774143,1981,">4.5k"
"kallisto","EDA","Brain","B32",0.875318253402236,2139,"0-1.5k"
"kallisto","EDA","Brain","B32",0.81078057591906,3234,"1.5k-3k"
"kallisto","EDA","Brain","B32",0.749581313929071,1873,"3k-4.5k"
"kallisto","EDA","Brain","B32",0.556653062723956,1977,">4.5k"
"kallisto","EDA","Brain","B33",0.884148029256203,2125,"0-1.5k"
"kallisto","EDA","Brain","B33",0.809217388859507,3225,"1.5k-3k"
"kallisto","EDA","Brain","B33",0.712083249409063,1877,"3k-4.5k"
"kallisto","EDA","Brain","B33",0.513926974414674,1979,">4.5k"
"kallisto","EDA","Brain","B34",0.881817289196485,2129,"0-1.5k"
"kallisto","EDA","Brain","B34",0.814486777622378,3222,"1.5k-3k"
"kallisto","EDA","Brain","B34",0.710711625207447,1870,"3k-4.5k"
"kallisto","EDA","Brain","B34",0.514770010527509,1965,">4.5k"
"kallisto","EDA","Brain","B35",0.882258386288117,2104,"0-1.5k"
"kallisto","EDA","Brain","B35",0.803354012076185,3187,"1.5k-3k"
"kallisto","EDA","Brain","B35",0.718421504272209,1861,"3k-4.5k"
"kallisto","EDA","Brain","B35",0.482342221399786,1941,">4.5k"
"kallisto","EDA","Kidney","K31",0.899949365424234,2161,"0-1.5k"
"kallisto","EDA","Kidney","K31",0.849780928872756,3147,"1.5k-3k"
"kallisto","EDA","Kidney","K31",0.775965438133966,1713,"3k-4.5k"
"kallisto","EDA","Kidney","K31",0.543007838308067,1734,">4.5k"
"kallisto","EDA","Kidney","K32",0.897458761262834,2183,"0-1.5k"
"kallisto","EDA","Kidney","K32",0.851987433495694,3171,"1.5k-3k"
"kallisto","EDA","Kidney","K32",0.802986532339295,1732,"3k-4.5k"
"kallisto","EDA","Kidney","K32",0.640263928493745,1768,">4.5k"
"kallisto","EDA","Kidney","K33",0.901029274995217,2167,"0-1.5k"
"kallisto","EDA","Kidney","K33",0.856653967285372,3155,"1.5k-3k"
"kallisto","EDA","Kidney","K33",0.812418955430391,1723,"3k-4.5k"
"kallisto","EDA","Kidney","K33",0.600967975510137,1737,">4.5k"
"kallisto","EDA","Kidney","K34",0.900210738176748,2168,"0-1.5k"
"kallisto","EDA","Kidney","K34",0.844400916291064,3117,"1.5k-3k"
"kallisto","EDA","Kidney","K34",0.783835706832445,1676,"3k-4.5k"
"kallisto","EDA","Kidney","K34",0.551117568453806,1682,">4.5k"
"kallisto","EDA","Kidney","K35",0.907841869622192,2154,"0-1.5k"
"kallisto","EDA","Kidney","K35",0.851289634556217,3092,"1.5k-3k"
"kallisto","EDA","Kidney","K35",0.782498648914594,1662,"3k-4.5k"
"kallisto","EDA","Kidney","K35",0.54264405695145,1686,">4.5k"
"kallisto","TPM","B20K80","BK20801",0.832734346092107,2310,"0-1.5k"
"kallisto","TPM","B20K80","BK20801",0.796437479280628,3382,"1.5k-3k"
"kallisto","TPM","B20K80","BK20801",0.67939935357555,1908,"3k-4.5k"
"kallisto","TPM","B20K80","BK20801",0.495643307740737,1987,">4.5k"
"kallisto","TPM","B20K80","BK20802",0.8247431285751,2320,"0-1.5k"
"kallisto","TPM","B20K80","BK20802",0.787778172069927,3414,"1.5k-3k"
"kallisto","TPM","B20K80","BK20802",0.714867729178838,1923,"3k-4.5k"
"kallisto","TPM","B20K80","BK20802",0.58350292310937,1994,">4.5k"
"kallisto","TPM","B20K80","BK20803",0.836174447190031,2313,"0-1.5k"
"kallisto","TPM","B20K80","BK20803",0.80107361943663,3377,"1.5k-3k"
"kallisto","TPM","B20K80","BK20803",0.695336858167686,1900,"3k-4.5k"
"kallisto","TPM","B20K80","BK20803",0.538001229005921,1979,">4.5k"
"kallisto","TPM","B20K80","BK20804",0.823108951137267,2314,"0-1.5k"
"kallisto","TPM","B20K80","BK20804",0.797220073776723,3399,"1.5k-3k"
"kallisto","TPM","B20K80","BK20804",0.703032796370094,1921,"3k-4.5k"
"kallisto","TPM","B20K80","BK20804",0.55327337205201,1984,">4.5k"
"kallisto","TPM","B20K80","BK20805",0.833423455310532,2322,"0-1.5k"
"kallisto","TPM","B20K80","BK20805",0.802491876680495,3394,"1.5k-3k"
"kallisto","TPM","B20K80","BK20805",0.68026860292052,1912,"3k-4.5k"
"kallisto","TPM","B20K80","BK20805",0.50037970013246,1981,">4.5k"
"kallisto","TPM","B80K20","BK80201",0.817885551174282,2307,"0-1.5k"
"kallisto","TPM","B80K20","BK80201",0.755844281948022,3408,"1.5k-3k"
"kallisto","TPM","B80K20","BK80201",0.686077588658097,1925,"3k-4.5k"
"kallisto","TPM","B80K20","BK80201",0.560522707891853,2000,">4.5k"
"kallisto","TPM","B80K20","BK80202",0.81307351280259,2311,"0-1.5k"
"kallisto","TPM","B80K20","BK80202",0.737361216253929,3416,"1.5k-3k"
"kallisto","TPM","B80K20","BK80202",0.685686414591664,1940,"3k-4.5k"
"kallisto","TPM","B80K20","BK80202",0.597180512419318,2010,">4.5k"
"kallisto","TPM","B80K20","BK80203",0.819765766327492,2288,"0-1.5k"
"kallisto","TPM","B80K20","BK80203",0.732983525909434,3382,"1.5k-3k"
"kallisto","TPM","B80K20","BK80203",0.650085865640989,1906,"3k-4.5k"
"kallisto","TPM","B80K20","BK80203",0.540142245633562,1969,">4.5k"
"kallisto","TPM","B80K20","BK80204",0.81832426153903,2324,"0-1.5k"
"kallisto","TPM","B80K20","BK80204",0.76078365997163,3414,"1.5k-3k"
"kallisto","TPM","B80K20","BK80204",0.664449991003157,1936,"3k-4.5k"
"kallisto","TPM","B80K20","BK80204",0.541665197341582,2009,">4.5k"
"kallisto","TPM","B80K20","BK80205",0.811353206104004,2304,"0-1.5k"
"kallisto","TPM","B80K20","BK80205",0.742648060039534,3389,"1.5k-3k"
"kallisto","TPM","B80K20","BK80205",0.658505554177606,1927,"3k-4.5k"
"kallisto","TPM","B80K20","BK80205",0.515007911515966,1989,">4.5k"
"kallisto","TPM","Brain","B31",0.842293604462272,2136,"0-1.5k"
"kallisto","TPM","Brain","B31",0.80247848200473,3243,"1.5k-3k"
"kallisto","TPM","Brain","B31",0.752555300221686,1880,"3k-4.5k"
"kallisto","TPM","Brain","B31",0.630190736672954,1981,">4.5k"
"kallisto","TPM","Brain","B32",0.834745515366805,2139,"0-1.5k"
"kallisto","TPM","Brain","B32",0.789059552119337,3234,"1.5k-3k"
"kallisto","TPM","Brain","B32",0.743911218656443,1873,"3k-4.5k"
"kallisto","TPM","Brain","B32",0.630758907866035,1977,">4.5k"
"kallisto","TPM","Brain","B33",0.84321285662543,2125,"0-1.5k"
"kallisto","TPM","Brain","B33",0.787400970523487,3225,"1.5k-3k"
"kallisto","TPM","Brain","B33",0.709857923341428,1877,"3k-4.5k"
"kallisto","TPM","Brain","B33",0.606763379984119,1979,">4.5k"
"kallisto","TPM","Brain","B34",0.838368310207145,2129,"0-1.5k"
"kallisto","TPM","Brain","B34",0.793991335786901,3222,"1.5k-3k"
"kallisto","TPM","Brain","B34",0.709056875692555,1870,"3k-4.5k"
"kallisto","TPM","Brain","B34",0.597278643418547,1965,">4.5k"
"kallisto","TPM","Brain","B35",0.840624307585068,2104,"0-1.5k"
"kallisto","TPM","Brain","B35",0.784852286949627,3187,"1.5k-3k"
"kallisto","TPM","Brain","B35",0.714586912316487,1861,"3k-4.5k"
"kallisto","TPM","Brain","B35",0.586692246546283,1941,">4.5k"
"kallisto","TPM","Kidney","K31",0.861953837127965,2161,"0-1.5k"
"kallisto","TPM","Kidney","K31",0.858460936116289,3147,"1.5k-3k"
"kallisto","TPM","Kidney","K31",0.791079653305975,1713,"3k-4.5k"
"kallisto","TPM","Kidney","K31",0.679081402170806,1734,">4.5k"
"kallisto","TPM","Kidney","K32",0.86064283838898,2183,"0-1.5k"
"kallisto","TPM","Kidney","K32",0.846750469300795,3171,"1.5k-3k"
"kallisto","TPM","Kidney","K32",0.80919365147483,1732,"3k-4.5k"
"kallisto","TPM","Kidney","K32",0.749757244067817,1768,">4.5k"
"kallisto","TPM","Kidney","K33",0.86545809638454,2167,"0-1.5k"
"kallisto","TPM","Kidney","K33",0.861057765946388,3155,"1.5k-3k"
"kallisto","TPM","Kidney","K33",0.823675888970068,1723,"3k-4.5k"
"kallisto","TPM","Kidney","K33",0.726532262449095,1737,">4.5k"
"kallisto","TPM","Kidney","K34",0.872126942761614,2168,"0-1.5k"
"kallisto","TPM","Kidney","K34",0.84399656191977,3117,"1.5k-3k"
"kallisto","TPM","Kidney","K34",0.794531461173084,1676,"3k-4.5k"
"kallisto","TPM","Kidney","K34",0.697703269276746,1682,">4.5k"
"kallisto","TPM","Kidney","K35",0.876537991328376,2154,"0-1.5k"
"kallisto","TPM","Kidney","K35",0.860419343357404,3092,"1.5k-3k"
"kallisto","TPM","Kidney","K35",0.795058550119859,1662,"3k-4.5k"
"kallisto","TPM","Kidney","K35",0.675242640867294,1686,">4.5k"
"kallisto","cqn","B20K80","BK20801",0.898996263418248,2330,"0-1.5k"
"kallisto","cqn","B20K80","BK20801",0.818898904708857,3448,"1.5k-3k"
"kallisto","cqn","B20K80","BK20801",0.684683373689206,1959,"3k-4.5k"
"kallisto","cqn","B20K80","BK20801",0.380247720106327,2044,">4.5k"
"kallisto","cqn","B20K80","BK20802",0.895283692194248,2333,"0-1.5k"
"kallisto","cqn","B20K80","BK20802",0.81444199322367,3448,"1.5k-3k"
"kallisto","cqn","B20K80","BK20802",0.721276535259795,1958,"3k-4.5k"
"kallisto","cqn","B20K80","BK20802",0.464986007678565,2041,">4.5k"
"kallisto","cqn","B20K80","BK20803",0.898612110216797,2333,"0-1.5k"
"kallisto","cqn","B20K80","BK20803",0.82181527086826,3447,"1.5k-3k"
"kallisto","cqn","B20K80","BK20803",0.694192217503749,1960,"3k-4.5k"
"kallisto","cqn","B20K80","BK20803",0.410248817020217,2046,">4.5k"
"kallisto","cqn","B20K80","BK20804",0.892329569495826,2330,"0-1.5k"
"kallisto","cqn","B20K80","BK20804",0.818279457856032,3448,"1.5k-3k"
"kallisto","cqn","B20K80","BK20804",0.700623058203178,1960,"3k-4.5k"
"kallisto","cqn","B20K80","BK20804",0.426707573110189,2042,">4.5k"
"kallisto","cqn","B20K80","BK20805",0.894363823510335,2334,"0-1.5k"
"kallisto","cqn","B20K80","BK20805",0.813963035564349,3447,"1.5k-3k"
"kallisto","cqn","B20K80","BK20805",0.66721558673104,1960,"3k-4.5k"
"kallisto","cqn","B20K80","BK20805",0.381170136107304,2045,">4.5k"
"kallisto","cqn","B80K20","BK80201",0.886688728080174,2324,"0-1.5k"
"kallisto","cqn","B80K20","BK80201",0.79194167187591,3447,"1.5k-3k"
"kallisto","cqn","B80K20","BK80201",0.696093809287114,1958,"3k-4.5k"
"kallisto","cqn","B80K20","BK80201",0.456594404990217,2043,">4.5k"
"kallisto","cqn","B80K20","BK80202",0.880429732939192,2321,"0-1.5k"
"kallisto","cqn","B80K20","BK80202",0.779101511327666,3446,"1.5k-3k"
"kallisto","cqn","B80K20","BK80202",0.70577075440079,1959,"3k-4.5k"
"kallisto","cqn","B80K20","BK80202",0.518391028089383,2044,">4.5k"
"kallisto","cqn","B80K20","BK80203",0.886303080798112,2327,"0-1.5k"
"kallisto","cqn","B80K20","BK80203",0.775021707916166,3449,"1.5k-3k"
"kallisto","cqn","B80K20","BK80203",0.666121687936689,1958,"3k-4.5k"
"kallisto","cqn","B80K20","BK80203",0.419807643244158,2043,">4.5k"
"kallisto","cqn","B80K20","BK80204",0.88906366373509,2328,"0-1.5k"
"kallisto","cqn","B80K20","BK80204",0.79950026476733,3448,"1.5k-3k"
"kallisto","cqn","B80K20","BK80204",0.677838101394368,1960,"3k-4.5k"
"kallisto","cqn","B80K20","BK80204",0.44233878067254,2046,">4.5k"
"kallisto","cqn","B80K20","BK80205",0.883546335614875,2330,"0-1.5k"
"kallisto","cqn","B80K20","BK80205",0.776313617493314,3447,"1.5k-3k"
"kallisto","cqn","B80K20","BK80205",0.673425814450387,1958,"3k-4.5k"
"kallisto","cqn","B80K20","BK80205",0.408594918502358,2045,">4.5k"
"kallisto","cqn","Brain","B31",0.89204005179311,2189,"0-1.5k"
"kallisto","cqn","Brain","B31",0.830718644786963,3364,"1.5k-3k"
"kallisto","cqn","Brain","B31",0.753349584313053,1940,"3k-4.5k"
"kallisto","cqn","Brain","B31",0.538375684422006,2030,">4.5k"
"kallisto","cqn","Brain","B32",0.888387188713685,2211,"0-1.5k"
"kallisto","cqn","Brain","B32",0.818851073039586,3366,"1.5k-3k"
"kallisto","cqn","Brain","B32",0.740548849473662,1946,"3k-4.5k"
"kallisto","cqn","Brain","B32",0.562983172425379,2037,">4.5k"
"kallisto","cqn","Brain","B33",0.894217865656766,2187,"0-1.5k"
"kallisto","cqn","Brain","B33",0.817694892293481,3343,"1.5k-3k"
"kallisto","cqn","Brain","B33",0.717349264226011,1939,"3k-4.5k"
"kallisto","cqn","Brain","B33",0.536537951804449,2037,">4.5k"
"kallisto","cqn","Brain","B34",0.892339411276964,2189,"0-1.5k"
"kallisto","cqn","Brain","B34",0.82604318733149,3361,"1.5k-3k"
"kallisto","cqn","Brain","B34",0.714829268735509,1949,"3k-4.5k"
"kallisto","cqn","Brain","B34",0.528352468697587,2036,">4.5k"
"kallisto","cqn","Brain","B35",0.896542677472173,2208,"0-1.5k"
"kallisto","cqn","Brain","B35",0.821639611772336,3366,"1.5k-3k"
"kallisto","cqn","Brain","B35",0.73140302740568,1948,"3k-4.5k"
"kallisto","cqn","Brain","B35",0.517187941569513,2038,">4.5k"
"kallisto","cqn","Kidney","K31",0.90852132680911,2241,"0-1.5k"
"kallisto","cqn","Kidney","K31",0.860379012773324,3342,"1.5k-3k"
"kallisto","cqn","Kidney","K31",0.780531373258047,1885,"3k-4.5k"
"kallisto","cqn","Kidney","K31",0.59160883198793,1957,">4.5k"
"kallisto","cqn","Kidney","K32",0.911423282013948,2235,"0-1.5k"
"kallisto","cqn","Kidney","K32",0.866845970914114,3350,"1.5k-3k"
"kallisto","cqn","Kidney","K32",0.819969242844611,1901,"3k-4.5k"
"kallisto","cqn","Kidney","K32",0.659505125917001,1988,">4.5k"
"kallisto","cqn","Kidney","K33",0.911522002769464,2240,"0-1.5k"
"kallisto","cqn","Kidney","K33",0.876294728891677,3344,"1.5k-3k"
"kallisto","cqn","Kidney","K33",0.813952829244643,1884,"3k-4.5k"
"kallisto","cqn","Kidney","K33",0.625498797699421,1952,">4.5k"
"kallisto","cqn","Kidney","K34",0.911225328240002,2231,"0-1.5k"
"kallisto","cqn","Kidney","K34",0.858819838854519,3327,"1.5k-3k"
"kallisto","cqn","Kidney","K34",0.792482999895871,1884,"3k-4.5k"
"kallisto","cqn","Kidney","K34",0.598888670040389,1964,">4.5k"
"kallisto","cqn","Kidney","K35",0.908004248396617,2229,"0-1.5k"
"kallisto","cqn","Kidney","K35",0.861358159533207,3329,"1.5k-3k"
"kallisto","cqn","Kidney","K35",0.776267623873367,1880,"3k-4.5k"
"kallisto","cqn","Kidney","K35",0.562440505878907,1937,">4.5k"
"kallisto","ratio_counts","B20K80","BK20801",0.697323563564798,2310,"0-1.5k"
"kallisto","ratio_counts","B20K80","BK20801",0.721018422260043,3382,"1.5k-3k"
"kallisto","ratio_counts","B20K80","BK20801",0.667722898802754,1908,"3k-4.5k"
"kallisto","ratio_counts","B20K80","BK20801",0.510341767752229,1987,">4.5k"
"kallisto","ratio_counts","B20K80","BK20802",0.742889034889088,2320,"0-1.5k"
"kallisto","ratio_counts","B20K80","BK20802",0.800503085641,3414,"1.5k-3k"
"kallisto","ratio_counts","B20K80","BK20802",0.726221864760819,1923,"3k-4.5k"
"kallisto","ratio_counts","B20K80","BK20802",0.583823252703416,1994,">4.5k"
"kallisto","ratio_counts","B20K80","BK20803",0.749076052085335,2313,"0-1.5k"
"kallisto","ratio_counts","B20K80","BK20803",0.799735433176059,3377,"1.5k-3k"
"kallisto","ratio_counts","B20K80","BK20803",0.756513887844306,1900,"3k-4.5k"
"kallisto","ratio_counts","B20K80","BK20803",0.645283203858738,1979,">4.5k"
"kallisto","ratio_counts","B20K80","BK20804",0.723375755076489,2314,"0-1.5k"
"kallisto","ratio_counts","B20K80","BK20804",0.821453068642702,3399,"1.5k-3k"
"kallisto","ratio_counts","B20K80","BK20804",0.786846080607457,1921,"3k-4.5k"
"kallisto","ratio_counts","B20K80","BK20804",0.653405798330076,1984,">4.5k"
"kallisto","ratio_counts","B20K80","BK20805",0.745989492987485,2322,"0-1.5k"
"kallisto","ratio_counts","B20K80","BK20805",0.793259638240191,3394,"1.5k-3k"
"kallisto","ratio_counts","B20K80","BK20805",0.733597819832343,1912,"3k-4.5k"
"kallisto","ratio_counts","B20K80","BK20805",0.588592875547911,1981,">4.5k"
"kallisto","ratio_counts","B80K20","BK80201",0.742433044881274,2307,"0-1.5k"
"kallisto","ratio_counts","B80K20","BK80201",0.750790743713458,3408,"1.5k-3k"
"kallisto","ratio_counts","B80K20","BK80201",0.714146442450614,1925,"3k-4.5k"
"kallisto","ratio_counts","B80K20","BK80201",0.545888829381624,2000,">4.5k"
"kallisto","ratio_counts","B80K20","BK80202",0.747237344721322,2311,"0-1.5k"
"kallisto","ratio_counts","B80K20","BK80202",0.739770093025914,3416,"1.5k-3k"
"kallisto","ratio_counts","B80K20","BK80202",0.721072670793734,1940,"3k-4.5k"
"kallisto","ratio_counts","B80K20","BK80202",0.609362984687907,2010,">4.5k"
"kallisto","ratio_counts","B80K20","BK80203",0.66668303979868,2288,"0-1.5k"
"kallisto","ratio_counts","B80K20","BK80203",0.628236209444452,3382,"1.5k-3k"
"kallisto","ratio_counts","B80K20","BK80203",0.596348133349253,1906,"3k-4.5k"
"kallisto","ratio_counts","B80K20","BK80203",0.451526014266195,1969,">4.5k"
"kallisto","ratio_counts","B80K20","BK80204",0.65890189535436,2324,"0-1.5k"
"kallisto","ratio_counts","B80K20","BK80204",0.686237984899478,3414,"1.5k-3k"
"kallisto","ratio_counts","B80K20","BK80204",0.613550232719772,1936,"3k-4.5k"
"kallisto","ratio_counts","B80K20","BK80204",0.452187376878969,2009,">4.5k"
"kallisto","ratio_counts","B80K20","BK80205",0.668331311227385,2304,"0-1.5k"
"kallisto","ratio_counts","B80K20","BK80205",0.689963802131103,3389,"1.5k-3k"
"kallisto","ratio_counts","B80K20","BK80205",0.628851898750538,1927,"3k-4.5k"
"kallisto","ratio_counts","B80K20","BK80205",0.429494781957534,1989,">4.5k"
"kallisto","ratio_counts","Brain","B31",0.850246423081339,2136,"0-1.5k"
"kallisto","ratio_counts","Brain","B31",0.832767804713179,3243,"1.5k-3k"
"kallisto","ratio_counts","Brain","B31",0.795930878982955,1880,"3k-4.5k"
"kallisto","ratio_counts","Brain","B31",0.65765532581541,1981,">4.5k"
"kallisto","ratio_counts","Brain","B32",0.854285920499551,2139,"0-1.5k"
"kallisto","ratio_counts","Brain","B32",0.847706595804433,3234,"1.5k-3k"
"kallisto","ratio_counts","Brain","B32",0.813381189888057,1873,"3k-4.5k"
"kallisto","ratio_counts","Brain","B32",0.699561412567728,1977,">4.5k"
"kallisto","ratio_counts","Brain","B33",0.847271509545592,2125,"0-1.5k"
"kallisto","ratio_counts","Brain","B33",0.834728245539143,3225,"1.5k-3k"
"kallisto","ratio_counts","Brain","B33",0.774162918687664,1877,"3k-4.5k"
"kallisto","ratio_counts","Brain","B33",0.672206543508524,1979,">4.5k"
"kallisto","ratio_counts","Brain","B34",0.819811668146787,2129,"0-1.5k"
"kallisto","ratio_counts","Brain","B34",0.807838070526803,3222,"1.5k-3k"
"kallisto","ratio_counts","Brain","B34",0.754877703967166,1870,"3k-4.5k"
"kallisto","ratio_counts","Brain","B34",0.666667665703853,1965,">4.5k"
"kallisto","ratio_counts","Brain","B35",0.809317063290896,2104,"0-1.5k"
"kallisto","ratio_counts","Brain","B35",0.804591868489846,3187,"1.5k-3k"
"kallisto","ratio_counts","Brain","B35",0.771819750010095,1861,"3k-4.5k"
"kallisto","ratio_counts","Brain","B35",0.632639915431613,1941,">4.5k"
"kallisto","ratio_counts","Kidney","K31",0.791422760267226,2161,"0-1.5k"
"kallisto","ratio_counts","Kidney","K31",0.844340076274924,3147,"1.5k-3k"
"kallisto","ratio_counts","Kidney","K31",0.815704507984927,1713,"3k-4.5k"
"kallisto","ratio_counts","Kidney","K31",0.734546384760871,1734,">4.5k"
"kallisto","ratio_counts","Kidney","K32",0.818676757192842,2183,"0-1.5k"
"kallisto","ratio_counts","Kidney","K32",0.879388808223202,3171,"1.5k-3k"
"kallisto","ratio_counts","Kidney","K32",0.839711775880947,1732,"3k-4.5k"
"kallisto","ratio_counts","Kidney","K32",0.811765674104339,1768,">4.5k"
"kallisto","ratio_counts","Kidney","K33",0.792671224698597,2167,"0-1.5k"
"kallisto","ratio_counts","Kidney","K33",0.861581445459031,3155,"1.5k-3k"
"kallisto","ratio_counts","Kidney","K33",0.846154512775014,1723,"3k-4.5k"
"kallisto","ratio_counts","Kidney","K33",0.781195631834625,1737,">4.5k"
"kallisto","ratio_counts","Kidney","K34",0.776027322400831,2168,"0-1.5k"
"kallisto","ratio_counts","Kidney","K34",0.859699204738065,3117,"1.5k-3k"
"kallisto","ratio_counts","Kidney","K34",0.810700347255976,1676,"3k-4.5k"
"kallisto","ratio_counts","Kidney","K34",0.767475718410459,1682,">4.5k"
"kallisto","ratio_counts","Kidney","K35",0.77937408363524,2154,"0-1.5k"
"kallisto","ratio_counts","Kidney","K35",0.853082849315728,3092,"1.5k-3k"
"kallisto","ratio_counts","Kidney","K35",0.801107041000187,1662,"3k-4.5k"
"kallisto","ratio_counts","Kidney","K35",0.746683335411656,1686,">4.5k"
"oarfish","CPM","B20K80","BK20801",0.882112761487308,2702,"0-1.5k"
"oarfish","CPM","B20K80","BK20801",0.819182384141517,4156,"1.5k-3k"
"oarfish","CPM","B20K80","BK20801",0.705086219716427,2529,"3k-4.5k"
"oarfish","CPM","B20K80","BK20801",0.434795897162364,2614,">4.5k"
"oarfish","CPM","B20K80","BK20802",0.874610954365739,2702,"0-1.5k"
"oarfish","CPM","B20K80","BK20802",0.821966677466049,4179,"1.5k-3k"
"oarfish","CPM","B20K80","BK20802",0.734670484803965,2560,"3k-4.5k"
"oarfish","CPM","B20K80","BK20802",0.477138332741254,2637,">4.5k"
"oarfish","CPM","B20K80","BK20803",0.881938455595467,2695,"0-1.5k"
"oarfish","CPM","B20K80","BK20803",0.82937453055084,4145,"1.5k-3k"
"oarfish","CPM","B20K80","BK20803",0.719129984213362,2523,"3k-4.5k"
"oarfish","CPM","B20K80","BK20803",0.455638883290622,2590,">4.5k"
"oarfish","CPM","B20K80","BK20804",0.87239411053517,2704,"0-1.5k"
"oarfish","CPM","B20K80","BK20804",0.823866599331468,4154,"1.5k-3k"
"oarfish","CPM","B20K80","BK20804",0.724675384089661,2541,"3k-4.5k"
"oarfish","CPM","B20K80","BK20804",0.454895959140037,2602,">4.5k"
"oarfish","CPM","B20K80","BK20805",0.879893048837994,2706,"0-1.5k"
"oarfish","CPM","B20K80","BK20805",0.817862473168194,4147,"1.5k-3k"
"oarfish","CPM","B20K80","BK20805",0.698900700701429,2534,"3k-4.5k"
"oarfish","CPM","B20K80","BK20805",0.40316632707605,2615,">4.5k"
"oarfish","CPM","B80K20","BK80201",0.865448780853029,2696,"0-1.5k"
"oarfish","CPM","B80K20","BK80201",0.792615711599144,4176,"1.5k-3k"
"oarfish","CPM","B80K20","BK80201",0.712926592635653,2581,"3k-4.5k"
"oarfish","CPM","B80K20","BK80201",0.46820729900301,2643,">4.5k"
"oarfish","CPM","B80K20","BK80202",0.862471453752756,2704,"0-1.5k"
"oarfish","CPM","B80K20","BK80202",0.787880150627049,4192,"1.5k-3k"
"oarfish","CPM","B80K20","BK80202",0.725559515425695,2598,"3k-4.5k"
"oarfish","CPM","B80K20","BK80202",0.508151119676693,2649,">4.5k"
"oarfish","CPM","B80K20","BK80203",0.86477206242564,2671,"0-1.5k"
"oarfish","CPM","B80K20","BK80203",0.777373988901407,4123,"1.5k-3k"
"oarfish","CPM","B80K20","BK80203",0.699159411757225,2542,"3k-4.5k"
"oarfish","CPM","B80K20","BK80203",0.463477725489032,2585,">4.5k"
"oarfish","CPM","B80K20","BK80204",0.868660814341105,2712,"0-1.5k"
"oarfish","CPM","B80K20","BK80204",0.797582145454585,4192,"1.5k-3k"
"oarfish","CPM","B80K20","BK80204",0.709319851615779,2595,"3k-4.5k"
"oarfish","CPM","B80K20","BK80204",0.457613220116322,2648,">4.5k"
"oarfish","CPM","B80K20","BK80205",0.863552124958098,2688,"0-1.5k"
"oarfish","CPM","B80K20","BK80205",0.78387058624498,4151,"1.5k-3k"
"oarfish","CPM","B80K20","BK80205",0.69420880934827,2551,"3k-4.5k"
"oarfish","CPM","B80K20","BK80205",0.430192496219255,2620,">4.5k"
"oarfish","CPM","Brain","B31",0.884199771305544,2475,"0-1.5k"
"oarfish","CPM","Brain","B31",0.839100996242181,3972,"1.5k-3k"
"oarfish","CPM","Brain","B31",0.763556253993585,2519,"3k-4.5k"
"oarfish","CPM","Brain","B31",0.526339290276419,2607,">4.5k"
"oarfish","CPM","Brain","B32",0.873120963390223,2473,"0-1.5k"
"oarfish","CPM","Brain","B32",0.816762932947117,3957,"1.5k-3k"
"oarfish","CPM","Brain","B32",0.761195413377302,2523,"3k-4.5k"
"oarfish","CPM","Brain","B32",0.541503595697312,2596,">4.5k"
"oarfish","CPM","Brain","B33",0.883335083835725,2464,"0-1.5k"
"oarfish","CPM","Brain","B33",0.821738493701874,3956,"1.5k-3k"
"oarfish","CPM","Brain","B33",0.744998259294179,2524,"3k-4.5k"
"oarfish","CPM","Brain","B33",0.516918685716162,2609,">4.5k"
"oarfish","CPM","Brain","B34",0.885717232722474,2466,"0-1.5k"
"oarfish","CPM","Brain","B34",0.828397378026254,3956,"1.5k-3k"
"oarfish","CPM","Brain","B34",0.750429984910109,2511,"3k-4.5k"
"oarfish","CPM","Brain","B34",0.500837567456945,2588,">4.5k"
"oarfish","CPM","Brain","B35",0.884196784025899,2447,"0-1.5k"
"oarfish","CPM","Brain","B35",0.821680599130508,3909,"1.5k-3k"
"oarfish","CPM","Brain","B35",0.751097465314249,2506,"3k-4.5k"
"oarfish","CPM","Brain","B35",0.496138519851772,2565,">4.5k"
"oarfish","CPM","Kidney","K31",0.902602294124484,2487,"0-1.5k"
"oarfish","CPM","Kidney","K31",0.866214160879363,3765,"1.5k-3k"
"oarfish","CPM","Kidney","K31",0.793452142516231,2207,"3k-4.5k"
"oarfish","CPM","Kidney","K31",0.536477943954364,2244,">4.5k"
"oarfish","CPM","Kidney","K32",0.900900356544069,2523,"0-1.5k"
"oarfish","CPM","Kidney","K32",0.869295567168102,3841,"1.5k-3k"
"oarfish","CPM","Kidney","K32",0.811073600705041,2259,"3k-4.5k"
"oarfish","CPM","Kidney","K32",0.610768354780248,2286,">4.5k"
"oarfish","CPM","Kidney","K33",0.904763067782758,2491,"0-1.5k"
"oarfish","CPM","Kidney","K33",0.878227283726527,3808,"1.5k-3k"
"oarfish","CPM","Kidney","K33",0.820148617322435,2230,"3k-4.5k"
"oarfish","CPM","Kidney","K33",0.601065129552833,2220,">4.5k"
"oarfish","CPM","Kidney","K34",0.905901506507685,2481,"0-1.5k"
"oarfish","CPM","Kidney","K34",0.863602487033468,3728,"1.5k-3k"
"oarfish","CPM","Kidney","K34",0.797280053457738,2168,"3k-4.5k"
"oarfish","CPM","Kidney","K34",0.568071656226949,2136,">4.5k"
"oarfish","CPM","Kidney","K35",0.914095647093079,2476,"0-1.5k"
"oarfish","CPM","Kidney","K35",0.874563166512081,3686,"1.5k-3k"
"oarfish","CPM","Kidney","K35",0.799048642466629,2127,"3k-4.5k"
"oarfish","CPM","Kidney","K35",0.55501272880717,2145,">4.5k"
"oarfish","EDA","B20K80","BK20801",0.891075148749347,2702,"0-1.5k"
"oarfish","EDA","B20K80","BK20801",0.815955783017108,4156,"1.5k-3k"
"oarfish","EDA","B20K80","BK20801",0.701054754468789,2529,"3k-4.5k"
"oarfish","EDA","B20K80","BK20801",0.443917418219413,2614,">4.5k"
"oarfish","EDA","B20K80","BK20802",0.884216133900748,2702,"0-1.5k"
"oarfish","EDA","B20K80","BK20802",0.82190546515449,4179,"1.5k-3k"
"oarfish","EDA","B20K80","BK20802",0.732298034517201,2560,"3k-4.5k"
"oarfish","EDA","B20K80","BK20802",0.480718207846611,2637,">4.5k"
"oarfish","EDA","B20K80","BK20803",0.89057700096756,2695,"0-1.5k"
"oarfish","EDA","B20K80","BK20803",0.825360746016132,4145,"1.5k-3k"
"oarfish","EDA","B20K80","BK20803",0.71494692038607,2523,"3k-4.5k"
"oarfish","EDA","B20K80","BK20803",0.457820245660181,2590,">4.5k"
"oarfish","EDA","B20K80","BK20804",0.881975632532892,2704,"0-1.5k"
"oarfish","EDA","B20K80","BK20804",0.820182018461487,4154,"1.5k-3k"
"oarfish","EDA","B20K80","BK20804",0.72036666827881,2541,"3k-4.5k"
"oarfish","EDA","B20K80","BK20804",0.458786975738517,2602,">4.5k"
"oarfish","EDA","B20K80","BK20805",0.888042254034607,2706,"0-1.5k"
"oarfish","EDA","B20K80","BK20805",0.812508847007421,4147,"1.5k-3k"
"oarfish","EDA","B20K80","BK20805",0.694874742850389,2534,"3k-4.5k"
"oarfish","EDA","B20K80","BK20805",0.412579090243636,2615,">4.5k"
"oarfish","EDA","B80K20","BK80201",0.873761770528104,2696,"0-1.5k"
"oarfish","EDA","B80K20","BK80201",0.794799569887591,4176,"1.5k-3k"
"oarfish","EDA","B80K20","BK80201",0.713546115295406,2581,"3k-4.5k"
"oarfish","EDA","B80K20","BK80201",0.495618529458712,2643,">4.5k"
"oarfish","EDA","B80K20","BK80202",0.869971400369628,2704,"0-1.5k"
"oarfish","EDA","B80K20","BK80202",0.791163195106249,4192,"1.5k-3k"
"oarfish","EDA","B80K20","BK80202",0.726151917438393,2598,"3k-4.5k"
"oarfish","EDA","B80K20","BK80202",0.528846425349951,2649,">4.5k"
"oarfish","EDA","B80K20","BK80203",0.871670503659345,2671,"0-1.5k"
"oarfish","EDA","B80K20","BK80203",0.778482737475711,4123,"1.5k-3k"
"oarfish","EDA","B80K20","BK80203",0.699718886923592,2542,"3k-4.5k"
"oarfish","EDA","B80K20","BK80203",0.48481752365832,2585,">4.5k"
"oarfish","EDA","B80K20","BK80204",0.877102417044524,2712,"0-1.5k"
"oarfish","EDA","B80K20","BK80204",0.798801860851184,4192,"1.5k-3k"
"oarfish","EDA","B80K20","BK80204",0.709082296013106,2595,"3k-4.5k"
"oarfish","EDA","B80K20","BK80204",0.483359469151285,2648,">4.5k"
"oarfish","EDA","B80K20","BK80205",0.873024206458711,2688,"0-1.5k"
"oarfish","EDA","B80K20","BK80205",0.784660797459538,4151,"1.5k-3k"
"oarfish","EDA","B80K20","BK80205",0.693921740590298,2551,"3k-4.5k"
"oarfish","EDA","B80K20","BK80205",0.456157433712701,2620,">4.5k"
"oarfish","EDA","Brain","B31",0.889875162499314,2475,"0-1.5k"
"oarfish","EDA","Brain","B31",0.839894136563089,3972,"1.5k-3k"
"oarfish","EDA","Brain","B31",0.762918511751544,2519,"3k-4.5k"
"oarfish","EDA","Brain","B31",0.561692279391488,2607,">4.5k"
"oarfish","EDA","Brain","B32",0.879124978663658,2473,"0-1.5k"
"oarfish","EDA","Brain","B32",0.81980969505228,3957,"1.5k-3k"
"oarfish","EDA","Brain","B32",0.761748595050941,2523,"3k-4.5k"
"oarfish","EDA","Brain","B32",0.567841039509987,2596,">4.5k"
"oarfish","EDA","Brain","B33",0.890156202022382,2464,"0-1.5k"
"oarfish","EDA","Brain","B33",0.825162674146182,3956,"1.5k-3k"
"oarfish","EDA","Brain","B33",0.745765287091664,2524,"3k-4.5k"
"oarfish","EDA","Brain","B33",0.544113092732125,2609,">4.5k"
"oarfish","EDA","Brain","B34",0.893070388621781,2466,"0-1.5k"
"oarfish","EDA","Brain","B34",0.831052270207744,3956,"1.5k-3k"
"oarfish","EDA","Brain","B34",0.750958895329972,2511,"3k-4.5k"
"oarfish","EDA","Brain","B34",0.533832372143143,2588,">4.5k"
"oarfish","EDA","Brain","B35",0.89094501686239,2447,"0-1.5k"
"oarfish","EDA","Brain","B35",0.824411946343598,3909,"1.5k-3k"
"oarfish","EDA","Brain","B35",0.751009066266877,2506,"3k-4.5k"
"oarfish","EDA","Brain","B35",0.522464531508255,2565,">4.5k"
"oarfish","EDA","Kidney","K31",0.908656093867914,2487,"0-1.5k"
"oarfish","EDA","Kidney","K31",0.858365628841514,3765,"1.5k-3k"
"oarfish","EDA","Kidney","K31",0.786124371434541,2207,"3k-4.5k"
"oarfish","EDA","Kidney","K31",0.526674590027365,2244,">4.5k"
"oarfish","EDA","Kidney","K32",0.90725599738592,2523,"0-1.5k"
"oarfish","EDA","Kidney","K32",0.867236259285364,3841,"1.5k-3k"
"oarfish","EDA","Kidney","K32",0.80624662370919,2259,"3k-4.5k"
"oarfish","EDA","Kidney","K32",0.583797332629485,2286,">4.5k"
"oarfish","EDA","Kidney","K33",0.909917923270805,2491,"0-1.5k"
"oarfish","EDA","Kidney","K33",0.87236367255767,3808,"1.5k-3k"
"oarfish","EDA","Kidney","K33",0.812307016563894,2230,"3k-4.5k"
"oarfish","EDA","Kidney","K33",0.582798341009847,2220,">4.5k"
"oarfish","EDA","Kidney","K34",0.908715666983801,2481,"0-1.5k"
"oarfish","EDA","Kidney","K34",0.858173153162893,3728,"1.5k-3k"
"oarfish","EDA","Kidney","K34",0.788688304508937,2168,"3k-4.5k"
"oarfish","EDA","Kidney","K34",0.535940616642832,2136,">4.5k"
"oarfish","EDA","Kidney","K35",0.917255469483757,2476,"0-1.5k"
"oarfish","EDA","Kidney","K35",0.864416678097609,3686,"1.5k-3k"
"oarfish","EDA","Kidney","K35",0.790429446356853,2127,"3k-4.5k"
"oarfish","EDA","Kidney","K35",0.539479632615124,2145,">4.5k"
"oarfish","TPM","B20K80","BK20801",0.847640447724134,2702,"0-1.5k"
"oarfish","TPM","B20K80","BK20801",0.811333963778932,4156,"1.5k-3k"
"oarfish","TPM","B20K80","BK20801",0.705391906869153,2529,"3k-4.5k"
"oarfish","TPM","B20K80","BK20801",0.535851065427261,2614,">4.5k"
"oarfish","TPM","B20K80","BK20802",0.837643208977017,2702,"0-1.5k"
"oarfish","TPM","B20K80","BK20802",0.808818428110276,4179,"1.5k-3k"
"oarfish","TPM","B20K80","BK20802",0.731027652060347,2560,"3k-4.5k"
"oarfish","TPM","B20K80","BK20802",0.567103311339016,2637,">4.5k"
"oarfish","TPM","B20K80","BK20803",0.847988778769821,2695,"0-1.5k"
"oarfish","TPM","B20K80","BK20803",0.821275487670311,4145,"1.5k-3k"
"oarfish","TPM","B20K80","BK20803",0.719648860397672,2523,"3k-4.5k"
"oarfish","TPM","B20K80","BK20803",0.555948569346742,2590,">4.5k"
"oarfish","TPM","B20K80","BK20804",0.838529346051915,2704,"0-1.5k"
"oarfish","TPM","B20K80","BK20804",0.815062638550733,4154,"1.5k-3k"
"oarfish","TPM","B20K80","BK20804",0.725310813369017,2541,"3k-4.5k"
"oarfish","TPM","B20K80","BK20804",0.560889031698377,2602,">4.5k"
"oarfish","TPM","B20K80","BK20805",0.848665079665651,2706,"0-1.5k"
"oarfish","TPM","B20K80","BK20805",0.81184791236578,4147,"1.5k-3k"
"oarfish","TPM","B20K80","BK20805",0.69999933558708,2534,"3k-4.5k"
"oarfish","TPM","B20K80","BK20805",0.509031819208969,2615,">4.5k"
"oarfish","TPM","B80K20","BK80201",0.83050053420666,2696,"0-1.5k"
"oarfish","TPM","B80K20","BK80201",0.776066468324477,4176,"1.5k-3k"
"oarfish","TPM","B80K20","BK80201",0.704748227489286,2581,"3k-4.5k"
"oarfish","TPM","B80K20","BK80201",0.562691639939874,2643,">4.5k"
"oarfish","TPM","B80K20","BK80202",0.825930766845158,2704,"0-1.5k"
"oarfish","TPM","B80K20","BK80202",0.768888847862505,4192,"1.5k-3k"
"oarfish","TPM","B80K20","BK80202",0.716720011400263,2598,"3k-4.5k"
"oarfish","TPM","B80K20","BK80202",0.587550765114843,2649,">4.5k"
"oarfish","TPM","B80K20","BK80203",0.832084519061985,2671,"0-1.5k"
"oarfish","TPM","B80K20","BK80203",0.762478917383856,4123,"1.5k-3k"
"oarfish","TPM","B80K20","BK80203",0.691502021908182,2542,"3k-4.5k"
"oarfish","TPM","B80K20","BK80203",0.550687178542917,2585,">4.5k"
"oarfish","TPM","B80K20","BK80204",0.833417816756436,2712,"0-1.5k"
"oarfish","TPM","B80K20","BK80204",0.782918902608328,4192,"1.5k-3k"
"oarfish","TPM","B80K20","BK80204",0.703450251159784,2595,"3k-4.5k"
"oarfish","TPM","B80K20","BK80204",0.55217225283573,2648,">4.5k"
"oarfish","TPM","B80K20","BK80205",0.827686783571471,2688,"0-1.5k"
"oarfish","TPM","B80K20","BK80205",0.770011511158133,4151,"1.5k-3k"
"oarfish","TPM","B80K20","BK80205",0.688663828231685,2551,"3k-4.5k"
"oarfish","TPM","B80K20","BK80205",0.526776158489258,2620,">4.5k"
"oarfish","TPM","Brain","B31",0.853554792595006,2475,"0-1.5k"
"oarfish","TPM","Brain","B31",0.826131315787686,3972,"1.5k-3k"
"oarfish","TPM","Brain","B31",0.761967209090228,2519,"3k-4.5k"
"oarfish","TPM","Brain","B31",0.63069935469445,2607,">4.5k"
"oarfish","TPM","Brain","B32",0.841853989018194,2473,"0-1.5k"
"oarfish","TPM","Brain","B32",0.797959458175385,3957,"1.5k-3k"
"oarfish","TPM","Brain","B32",0.754204410604385,2523,"3k-4.5k"
"oarfish","TPM","Brain","B32",0.620916945239396,2596,">4.5k"
"oarfish","TPM","Brain","B33",0.851763294414522,2464,"0-1.5k"
"oarfish","TPM","Brain","B33",0.80343330758057,3956,"1.5k-3k"
"oarfish","TPM","Brain","B33",0.738401435330586,2524,"3k-4.5k"
"oarfish","TPM","Brain","B33",0.603735494543447,2609,">4.5k"
"oarfish","TPM","Brain","B34",0.853079659998614,2466,"0-1.5k"
"oarfish","TPM","Brain","B34",0.811528201383625,3956,"1.5k-3k"
"oarfish","TPM","Brain","B34",0.745119679751964,2511,"3k-4.5k"
"oarfish","TPM","Brain","B34",0.591362946934618,2588,">4.5k"
"oarfish","TPM","Brain","B35",0.852965833065865,2447,"0-1.5k"
"oarfish","TPM","Brain","B35",0.804155307789298,3909,"1.5k-3k"
"oarfish","TPM","Brain","B35",0.74549319010011,2506,"3k-4.5k"
"oarfish","TPM","Brain","B35",0.592181089012898,2565,">4.5k"
"oarfish","TPM","Kidney","K31",0.870913199516823,2487,"0-1.5k"
"oarfish","TPM","Kidney","K31",0.86175729934159,3765,"1.5k-3k"
"oarfish","TPM","Kidney","K31",0.797320921648352,2207,"3k-4.5k"
"oarfish","TPM","Kidney","K31",0.642288023151475,2244,">4.5k"
"oarfish","TPM","Kidney","K32",0.868594934057227,2523,"0-1.5k"
"oarfish","TPM","Kidney","K32",0.858473794014326,3841,"1.5k-3k"
"oarfish","TPM","Kidney","K32",0.809199444721147,2259,"3k-4.5k"
"oarfish","TPM","Kidney","K32",0.695780094052208,2286,">4.5k"
"oarfish","TPM","Kidney","K33",0.873713303499938,2491,"0-1.5k"
"oarfish","TPM","Kidney","K33",0.871526490098904,3808,"1.5k-3k"
"oarfish","TPM","Kidney","K33",0.822160050548668,2230,"3k-4.5k"
"oarfish","TPM","Kidney","K33",0.697319612008412,2220,">4.5k"
"oarfish","TPM","Kidney","K34",0.877373178606738,2481,"0-1.5k"
"oarfish","TPM","Kidney","K34",0.854129379391777,3728,"1.5k-3k"
"oarfish","TPM","Kidney","K34",0.799240644332382,2168,"3k-4.5k"
"oarfish","TPM","Kidney","K34",0.672643225485925,2136,">4.5k"
"oarfish","TPM","Kidney","K35",0.885845415874265,2476,"0-1.5k"
"oarfish","TPM","Kidney","K35",0.871404274910022,3686,"1.5k-3k"
"oarfish","TPM","Kidney","K35",0.803996863528229,2127,"3k-4.5k"
"oarfish","TPM","Kidney","K35",0.658550336199909,2145,">4.5k"
"oarfish","cqn","B20K80","BK20801",0.903640565264483,2724,"0-1.5k"
"oarfish","cqn","B20K80","BK20801",0.829911202753831,4226,"1.5k-3k"
"oarfish","cqn","B20K80","BK20801",0.703000898317619,2624,"3k-4.5k"
"oarfish","cqn","B20K80","BK20801",0.453094044984489,2702,">4.5k"
"oarfish","cqn","B20K80","BK20802",0.90012319280578,2721,"0-1.5k"
"oarfish","cqn","B20K80","BK20802",0.833727382486356,4224,"1.5k-3k"
"oarfish","cqn","B20K80","BK20802",0.741261336150796,2624,"3k-4.5k"
"oarfish","cqn","B20K80","BK20802",0.486907066467373,2696,">4.5k"
"oarfish","cqn","B20K80","BK20803",0.902991852768689,2721,"0-1.5k"
"oarfish","cqn","B20K80","BK20803",0.841355324979519,4226,"1.5k-3k"
"oarfish","cqn","B20K80","BK20803",0.721426846930972,2623,"3k-4.5k"
"oarfish","cqn","B20K80","BK20803",0.456773836679644,2699,">4.5k"
"oarfish","cqn","B20K80","BK20804",0.897995965122473,2721,"0-1.5k"
"oarfish","cqn","B20K80","BK20804",0.831225685527435,4223,"1.5k-3k"
"oarfish","cqn","B20K80","BK20804",0.719415642800607,2624,"3k-4.5k"
"oarfish","cqn","B20K80","BK20804",0.455288273706462,2691,">4.5k"
"oarfish","cqn","B20K80","BK20805",0.89827041549302,2727,"0-1.5k"
"oarfish","cqn","B20K80","BK20805",0.820042267754042,4223,"1.5k-3k"
"oarfish","cqn","B20K80","BK20805",0.680508743307539,2626,"3k-4.5k"
"oarfish","cqn","B20K80","BK20805",0.401974608968712,2698,">4.5k"
"oarfish","cqn","B80K20","BK80201",0.888998873812386,2712,"0-1.5k"
"oarfish","cqn","B80K20","BK80201",0.806913215037681,4225,"1.5k-3k"
"oarfish","cqn","B80K20","BK80201",0.71747355528759,2623,"3k-4.5k"
"oarfish","cqn","B80K20","BK80201",0.500562047153316,2702,">4.5k"
"oarfish","cqn","B80K20","BK80202",0.886903453202441,2712,"0-1.5k"
"oarfish","cqn","B80K20","BK80202",0.801046987889593,4222,"1.5k-3k"
"oarfish","cqn","B80K20","BK80202",0.725878185398323,2624,"3k-4.5k"
"oarfish","cqn","B80K20","BK80202",0.52891416128969,2703,">4.5k"
"oarfish","cqn","B80K20","BK80203",0.889016502138731,2718,"0-1.5k"
"oarfish","cqn","B80K20","BK80203",0.796677649184095,4224,"1.5k-3k"
"oarfish","cqn","B80K20","BK80203",0.709273999635102,2622,"3k-4.5k"
"oarfish","cqn","B80K20","BK80203",0.489617673144863,2701,">4.5k"
"oarfish","cqn","B80K20","BK80204",0.891291602104976,2721,"0-1.5k"
"oarfish","cqn","B80K20","BK80204",0.809557897710456,4225,"1.5k-3k"
"oarfish","cqn","B80K20","BK80204",0.711438924840304,2624,"3k-4.5k"
"oarfish","cqn","B80K20","BK80204",0.48478518801244,2702,">4.5k"
"oarfish","cqn","B80K20","BK80205",0.888632615221313,2723,"0-1.5k"
"oarfish","cqn","B80K20","BK80205",0.802641291023066,4225,"1.5k-3k"
"oarfish","cqn","B80K20","BK80205",0.699847075746968,2622,"3k-4.5k"
"oarfish","cqn","B80K20","BK80205",0.471367977272012,2705,">4.5k"
"oarfish","cqn","Brain","B31",0.894846510049176,2542,"0-1.5k"
"oarfish","cqn","Brain","B31",0.849413144683347,4119,"1.5k-3k"
"oarfish","cqn","Brain","B31",0.775119106358429,2589,"3k-4.5k"
"oarfish","cqn","Brain","B31",0.590376946121531,2684,">4.5k"
"oarfish","cqn","Brain","B32",0.885628829143135,2567,"0-1.5k"
"oarfish","cqn","Brain","B32",0.824015579133121,4125,"1.5k-3k"
"oarfish","cqn","Brain","B32",0.763958005994856,2604,"3k-4.5k"
"oarfish","cqn","Brain","B32",0.588364349237506,2695,">4.5k"
"oarfish","cqn","Brain","B33",0.892842416401957,2537,"0-1.5k"
"oarfish","cqn","Brain","B33",0.832576512797095,4096,"1.5k-3k"
"oarfish","cqn","Brain","B33",0.755034455700709,2597,"3k-4.5k"
"oarfish","cqn","Brain","B33",0.57906941042974,2690,">4.5k"
"oarfish","cqn","Brain","B34",0.897240611303108,2544,"0-1.5k"
"oarfish","cqn","Brain","B34",0.840993643878522,4121,"1.5k-3k"
"oarfish","cqn","Brain","B34",0.761765188587456,2606,"3k-4.5k"
"oarfish","cqn","Brain","B34",0.570448373441495,2692,">4.5k"
"oarfish","cqn","Brain","B35",0.898743542093071,2563,"0-1.5k"
"oarfish","cqn","Brain","B35",0.841967762182973,4127,"1.5k-3k"
"oarfish","cqn","Brain","B35",0.766391169771117,2605,"3k-4.5k"
"oarfish","cqn","Brain","B35",0.570783029560207,2691,">4.5k"
"oarfish","cqn","Kidney","K31",0.909108098735507,2585,"0-1.5k"
"oarfish","cqn","Kidney","K31",0.868130915176543,4062,"1.5k-3k"
"oarfish","cqn","Kidney","K31",0.793517062279241,2493,"3k-4.5k"
"oarfish","cqn","Kidney","K31",0.553874821947769,2540,">4.5k"
"oarfish","cqn","Kidney","K32",0.913623291635285,2578,"0-1.5k"
"oarfish","cqn","Kidney","K32",0.879879196212651,4081,"1.5k-3k"
"oarfish","cqn","Kidney","K32",0.813420143668729,2522,"3k-4.5k"
"oarfish","cqn","Kidney","K32",0.595914827526101,2580,">4.5k"
"oarfish","cqn","Kidney","K33",0.91229827172758,2581,"0-1.5k"
"oarfish","cqn","Kidney","K33",0.88547317925375,4061,"1.5k-3k"
"oarfish","cqn","Kidney","K33",0.819740873941571,2494,"3k-4.5k"
"oarfish","cqn","Kidney","K33",0.582113890838823,2536,">4.5k"
"oarfish","cqn","Kidney","K34",0.909131712169306,2579,"0-1.5k"
"oarfish","cqn","Kidney","K34",0.86725708941548,4046,"1.5k-3k"
"oarfish","cqn","Kidney","K34",0.798128513722207,2494,"3k-4.5k"
"oarfish","cqn","Kidney","K34",0.541036098705577,2555,">4.5k"
"oarfish","cqn","Kidney","K35",0.912365041841231,2576,"0-1.5k"
"oarfish","cqn","Kidney","K35",0.862131800702282,4049,"1.5k-3k"
"oarfish","cqn","Kidney","K35",0.776523099989704,2482,"3k-4.5k"
"oarfish","cqn","Kidney","K35",0.542000076721509,2520,">4.5k"
"oarfish","ratio_counts","B20K80","BK20801",0.729779751154968,2702,"0-1.5k"
"oarfish","ratio_counts","B20K80","BK20801",0.738386488938733,4156,"1.5k-3k"
"oarfish","ratio_counts","B20K80","BK20801",0.660240765702318,2529,"3k-4.5k"
"oarfish","ratio_counts","B20K80","BK20801",0.489780980741971,2614,">4.5k"
"oarfish","ratio_counts","B20K80","BK20802",0.741807921480235,2702,"0-1.5k"
"oarfish","ratio_counts","B20K80","BK20802",0.798427296847792,4179,"1.5k-3k"
"oarfish","ratio_counts","B20K80","BK20802",0.719994014510189,2560,"3k-4.5k"
"oarfish","ratio_counts","B20K80","BK20802",0.560755633745208,2637,">4.5k"
"oarfish","ratio_counts","B20K80","BK20803",0.751678136892445,2695,"0-1.5k"
"oarfish","ratio_counts","B20K80","BK20803",0.809168487314007,4145,"1.5k-3k"
"oarfish","ratio_counts","B20K80","BK20803",0.745717322399323,2523,"3k-4.5k"
"oarfish","ratio_counts","B20K80","BK20803",0.62600020725549,2590,">4.5k"
"oarfish","ratio_counts","B20K80","BK20804",0.736966787562717,2704,"0-1.5k"
"oarfish","ratio_counts","B20K80","BK20804",0.824548887200251,4154,"1.5k-3k"
"oarfish","ratio_counts","B20K80","BK20804",0.770832371808286,2541,"3k-4.5k"
"oarfish","ratio_counts","B20K80","BK20804",0.62008246656681,2602,">4.5k"
"oarfish","ratio_counts","B20K80","BK20805",0.764262871110286,2706,"0-1.5k"
"oarfish","ratio_counts","B20K80","BK20805",0.793413629762692,4147,"1.5k-3k"
"oarfish","ratio_counts","B20K80","BK20805",0.721398077961983,2534,"3k-4.5k"
"oarfish","ratio_counts","B20K80","BK20805",0.535963568987596,2615,">4.5k"
"oarfish","ratio_counts","B80K20","BK80201",0.738710584035462,2696,"0-1.5k"
"oarfish","ratio_counts","B80K20","BK80201",0.738016461833173,4176,"1.5k-3k"
"oarfish","ratio_counts","B80K20","BK80201",0.659726947197134,2581,"3k-4.5k"
"oarfish","ratio_counts","B80K20","BK80201",0.49579493842536,2643,">4.5k"
"oarfish","ratio_counts","B80K20","BK80202",0.73396870559261,2704,"0-1.5k"
"oarfish","ratio_counts","B80K20","BK80202",0.713300938056998,4192,"1.5k-3k"
"oarfish","ratio_counts","B80K20","BK80202",0.653272114774249,2598,"3k-4.5k"
"oarfish","ratio_counts","B80K20","BK80202",0.537229603980556,2649,">4.5k"
"oarfish","ratio_counts","B80K20","BK80203",0.669221929526191,2671,"0-1.5k"
"oarfish","ratio_counts","B80K20","BK80203",0.62069379557988,4123,"1.5k-3k"
"oarfish","ratio_counts","B80K20","BK80203",0.555752996980825,2542,"3k-4.5k"
"oarfish","ratio_counts","B80K20","BK80203",0.404436731599034,2585,">4.5k"
"oarfish","ratio_counts","B80K20","BK80204",0.679627690905147,2712,"0-1.5k"
"oarfish","ratio_counts","B80K20","BK80204",0.662324763751252,4192,"1.5k-3k"
"oarfish","ratio_counts","B80K20","BK80204",0.565752501945878,2595,"3k-4.5k"
"oarfish","ratio_counts","B80K20","BK80204",0.40000213372609,2648,">4.5k"
"oarfish","ratio_counts","B80K20","BK80205",0.681826464170583,2688,"0-1.5k"
"oarfish","ratio_counts","B80K20","BK80205",0.690439689872953,4151,"1.5k-3k"
"oarfish","ratio_counts","B80K20","BK80205",0.606689542377261,2551,"3k-4.5k"
"oarfish","ratio_counts","B80K20","BK80205",0.3832681213534,2620,">4.5k"
"oarfish","ratio_counts","Brain","B31",0.824681924525648,2475,"0-1.5k"
"oarfish","ratio_counts","Brain","B31",0.825997022298918,3972,"1.5k-3k"
"oarfish","ratio_counts","Brain","B31",0.757679044375962,2519,"3k-4.5k"
"oarfish","ratio_counts","Brain","B31",0.614102831593981,2607,">4.5k"
"oarfish","ratio_counts","Brain","B32",0.82303956509553,2473,"0-1.5k"
"oarfish","ratio_counts","Brain","B32",0.817740766988999,3957,"1.5k-3k"
"oarfish","ratio_counts","Brain","B32",0.780005038908808,2523,"3k-4.5k"
"oarfish","ratio_counts","Brain","B32",0.648004225962559,2596,">4.5k"
"oarfish","ratio_counts","Brain","B33",0.82017235437352,2464,"0-1.5k"
"oarfish","ratio_counts","Brain","B33",0.809645833244436,3956,"1.5k-3k"
"oarfish","ratio_counts","Brain","B33",0.750633661519481,2524,"3k-4.5k"
"oarfish","ratio_counts","Brain","B33",0.588831756411373,2609,">4.5k"
"oarfish","ratio_counts","Brain","B34",0.795224657793445,2466,"0-1.5k"
"oarfish","ratio_counts","Brain","B34",0.795509565025223,3956,"1.5k-3k"
"oarfish","ratio_counts","Brain","B34",0.737561007762041,2511,"3k-4.5k"
"oarfish","ratio_counts","Brain","B34",0.590478460457823,2588,">4.5k"
"oarfish","ratio_counts","Brain","B35",0.799788125744283,2447,"0-1.5k"
"oarfish","ratio_counts","Brain","B35",0.796754434375448,3909,"1.5k-3k"
"oarfish","ratio_counts","Brain","B35",0.748906713418934,2506,"3k-4.5k"
"oarfish","ratio_counts","Brain","B35",0.585823043002905,2565,">4.5k"
"oarfish","ratio_counts","Kidney","K31",0.794072273677572,2487,"0-1.5k"
"oarfish","ratio_counts","Kidney","K31",0.846458651286377,3765,"1.5k-3k"
"oarfish","ratio_counts","Kidney","K31",0.799441221405159,2207,"3k-4.5k"
"oarfish","ratio_counts","Kidney","K31",0.672616569833014,2244,">4.5k"
"oarfish","ratio_counts","Kidney","K32",0.823886462359383,2523,"0-1.5k"
"oarfish","ratio_counts","Kidney","K32",0.876220167413063,3841,"1.5k-3k"
"oarfish","ratio_counts","Kidney","K32",0.828420970483664,2259,"3k-4.5k"
"oarfish","ratio_counts","Kidney","K32",0.759620010627536,2286,">4.5k"
"oarfish","ratio_counts","Kidney","K33",0.808860701644197,2491,"0-1.5k"
"oarfish","ratio_counts","Kidney","K33",0.860657965445368,3808,"1.5k-3k"
"oarfish","ratio_counts","Kidney","K33",0.809340972578857,2230,"3k-4.5k"
"oarfish","ratio_counts","Kidney","K33",0.735306735386489,2220,">4.5k"
"oarfish","ratio_counts","Kidney","K34",0.778438894123926,2481,"0-1.5k"
"oarfish","ratio_counts","Kidney","K34",0.848145642204645,3728,"1.5k-3k"
"oarfish","ratio_counts","Kidney","K34",0.791537733375331,2168,"3k-4.5k"
"oarfish","ratio_counts","Kidney","K34",0.705919037242915,2136,">4.5k"
"oarfish","ratio_counts","Kidney","K35",0.80100472450644,2476,"0-1.5k"
"oarfish","ratio_counts","Kidney","K35",0.84710763804292,3686,"1.5k-3k"
"oarfish","ratio_counts","Kidney","K35",0.776460098794841,2127,"3k-4.5k"
"oarfish","ratio_counts","Kidney","K35",0.685778254569448,2145,">4.5k"
