"Tool","Normalization","Condition","Sample","Correlation","N_Transcripts","LengthQuantile"
"bambu","CPM","B20K80","BK20801",0.654883580235723,14310,"All"
"bambu","CPM","B20K80","BK20802",0.677349475038711,14509,"All"
"bambu","CPM","B20K80","BK20803",0.67602709010857,14319,"All"
"bambu","CPM","B20K80","BK20804",0.674959417623483,14387,"All"
"bambu","CPM","B20K80","BK20805",0.65983224577099,14371,"All"
"bambu","CPM","B80K20","BK80201",0.635691328427304,14552,"All"
"bambu","CPM","B80K20","BK80202",0.639790272017369,14655,"All"
"bambu","CPM","B80K20","BK80203",0.63710278625313,14342,"All"
"bambu","CPM","B80K20","BK80204",0.634497757011493,14685,"All"
"bambu","CPM","B80K20","BK80205",0.632279957209021,14472,"All"
"bambu","CPM","Brain","B31",0.666444025573687,13779,"All"
"bambu","CPM","Brain","B32",0.674188593708861,13794,"All"
"bambu","CPM","Brain","B33",0.673170666390664,13843,"All"
"bambu","CPM","Brain","B34",0.663102460151064,13816,"All"
"bambu","CPM","Brain","B35",0.676053443173989,13726,"All"
"bambu","CPM","Kidney","K31",0.747243891018661,12493,"All"
"bambu","CPM","Kidney","K32",0.761475502813098,12833,"All"
"bambu","CPM","Kidney","K33",0.759543242913731,12562,"All"
"bambu","CPM","Kidney","K34",0.764497392390386,12334,"All"
"bambu","CPM","Kidney","K35",0.761409522930315,12218,"All"
"bambu","EDA","B20K80","BK20801",0.578804244056648,14310,"All"
"bambu","EDA","B20K80","BK20802",0.624322993505951,14509,"All"
"bambu","EDA","B20K80","BK20803",0.597943259345417,14319,"All"
"bambu","EDA","B20K80","BK20804",0.591276331774196,14387,"All"
"bambu","EDA","B20K80","BK20805",0.569151837484896,14371,"All"
"bambu","EDA","B80K20","BK80201",0.608211570592476,14552,"All"
"bambu","EDA","B80K20","BK80202",0.621994908911316,14655,"All"
"bambu","EDA","B80K20","BK80203",0.601198502973336,14342,"All"
"bambu","EDA","B80K20","BK80204",0.591917446702783,14685,"All"
"bambu","EDA","B80K20","BK80205",0.590657233789592,14472,"All"
"bambu","EDA","Brain","B31",0.630358083180995,13779,"All"
"bambu","EDA","Brain","B32",0.66467427311181,13794,"All"
"bambu","EDA","Brain","B33",0.652797028370365,13843,"All"
"bambu","EDA","Brain","B34",0.642403807497064,13816,"All"
"bambu","EDA","Brain","B35",0.642706401044615,13726,"All"
"bambu","EDA","Kidney","K31",0.631043255243713,12493,"All"
"bambu","EDA","Kidney","K32",0.675346992648658,12833,"All"
"bambu","EDA","Kidney","K33",0.643362290057107,12562,"All"
"bambu","EDA","Kidney","K34",0.646215593161493,12334,"All"
"bambu","EDA","Kidney","K35",0.619208742074083,12218,"All"
"bambu","TPM","B20K80","BK20801",0.668616888144478,14310,"All"
"bambu","TPM","B20K80","BK20802",0.649883441010048,14509,"All"
"bambu","TPM","B20K80","BK20803",0.683988345498108,14319,"All"
"bambu","TPM","B20K80","BK20804",0.682865168348366,14387,"All"
"bambu","TPM","B20K80","BK20805",0.687365035407644,14371,"All"
"bambu","TPM","B80K20","BK80201",0.606083320873945,14552,"All"
"bambu","TPM","B80K20","BK80202",0.583778347253743,14655,"All"
"bambu","TPM","B80K20","BK80203",0.608098839457579,14342,"All"
"bambu","TPM","B80K20","BK80204",0.61573201600965,14685,"All"
"bambu","TPM","B80K20","BK80205",0.618688425747113,14472,"All"
"bambu","TPM","Brain","B31",0.669333643910347,13779,"All"
"bambu","TPM","Brain","B32",0.622439764715924,13794,"All"
"bambu","TPM","Brain","B33",0.634923588730435,13843,"All"
"bambu","TPM","Brain","B34",0.632308076676558,13816,"All"
"bambu","TPM","Brain","B35",0.648033959122713,13726,"All"
"bambu","TPM","Kidney","K31",0.767973711376197,12493,"All"
"bambu","TPM","Kidney","K32",0.742404628390291,12833,"All"
"bambu","TPM","Kidney","K33",0.770225411480224,12562,"All"
"bambu","TPM","Kidney","K34",0.764179627810895,12334,"All"
"bambu","TPM","Kidney","K35",0.788379213752069,12218,"All"
"bambu","cqn","B20K80","BK20801",0.638252511256115,14914,"All"
"bambu","cqn","B20K80","BK20802",0.669112233120853,14947,"All"
"bambu","cqn","B20K80","BK20803",0.644714742697509,14920,"All"
"bambu","cqn","B20K80","BK20804",0.646516308760001,14861,"All"
"bambu","cqn","B20K80","BK20805",0.622127586660526,14866,"All"
"bambu","cqn","B80K20","BK80201",0.654907928563749,14939,"All"
"bambu","cqn","B80K20","BK80202",0.665885238290653,14948,"All"
"bambu","cqn","B80K20","BK80203",0.653474633853388,14983,"All"
"bambu","cqn","B80K20","BK80204",0.651925470875089,14973,"All"
"bambu","cqn","B80K20","BK80205",0.647675953140133,14942,"All"
"bambu","cqn","Brain","B31",0.68958708035044,14314,"All"
"bambu","cqn","Brain","B32",0.701238330576467,14454,"All"
"bambu","cqn","Brain","B33",0.695528783129472,14352,"All"
"bambu","cqn","Brain","B34",0.693103145909938,14390,"All"
"bambu","cqn","Brain","B35",0.704998163218208,14472,"All"
"bambu","cqn","Kidney","K31",0.701742692691089,13492,"All"
"bambu","cqn","Kidney","K32",0.741069434412778,13730,"All"
"bambu","cqn","Kidney","K33",0.719500059877196,13508,"All"
"bambu","cqn","Kidney","K34",0.7232860523844,13498,"All"
"bambu","cqn","Kidney","K35",0.697834129080209,13388,"All"
"bambu","ratio_counts","B20K80","BK20801",0.521624548079347,14310,"All"
"bambu","ratio_counts","B20K80","BK20802",0.583229585157318,14509,"All"
"bambu","ratio_counts","B20K80","BK20803",0.614088245673757,14319,"All"
"bambu","ratio_counts","B20K80","BK20804",0.641734139669659,14387,"All"
"bambu","ratio_counts","B20K80","BK20805",0.601136719234947,14371,"All"
"bambu","ratio_counts","B80K20","BK80201",0.536426869527104,14552,"All"
"bambu","ratio_counts","B80K20","BK80202",0.538597833712239,14655,"All"
"bambu","ratio_counts","B80K20","BK80203",0.438091534918402,14342,"All"
"bambu","ratio_counts","B80K20","BK80204",0.458182059200511,14685,"All"
"bambu","ratio_counts","B80K20","BK80205",0.487167220866911,14472,"All"
"bambu","ratio_counts","Brain","B31",0.626653945407401,13779,"All"
"bambu","ratio_counts","Brain","B32",0.677304788983456,13794,"All"
"bambu","ratio_counts","Brain","B33",0.640349016350693,13843,"All"
"bambu","ratio_counts","Brain","B34",0.638844960195202,13816,"All"
"bambu","ratio_counts","Brain","B35",0.636189290602469,13726,"All"
"bambu","ratio_counts","Kidney","K31",0.724580048685899,12493,"All"
"bambu","ratio_counts","Kidney","K32",0.749548317939253,12833,"All"
"bambu","ratio_counts","Kidney","K33",0.728022298319347,12562,"All"
"bambu","ratio_counts","Kidney","K34",0.748671222935643,12334,"All"
"bambu","ratio_counts","Kidney","K35",0.731863010752879,12218,"All"
"flair","CPM","B20K80","BK20801",0.653117785297787,9838,"All"
"flair","CPM","B20K80","BK20802",0.683648426075164,9881,"All"
"flair","CPM","B20K80","BK20803",0.668320363357498,9863,"All"
"flair","CPM","B20K80","BK20804",0.658026156558752,9843,"All"
"flair","CPM","B20K80","BK20805",0.647734796322379,9860,"All"
"flair","CPM","B80K20","BK80201",0.63479848741063,10400,"All"
"flair","CPM","B80K20","BK80202",0.649098196644002,10402,"All"
"flair","CPM","B80K20","BK80203",0.651446310139325,10366,"All"
"flair","CPM","B80K20","BK80204",0.631020928183001,10425,"All"
"flair","CPM","B80K20","BK80205",0.630297392839618,10393,"All"
"flair","CPM","Brain","B31",0.641567130123368,9877,"All"
"flair","CPM","Brain","B32",0.668006335923551,9898,"All"
"flair","CPM","Brain","B33",0.663495832634587,9878,"All"
"flair","CPM","Brain","B34",0.643331161161803,9867,"All"
"flair","CPM","Brain","B35",0.668036539123557,9884,"All"
"flair","CPM","Kidney","K31",0.698303554243075,8803,"All"
"flair","CPM","Kidney","K32",0.724395708667014,8862,"All"
"flair","CPM","Kidney","K33",0.704290505228621,8815,"All"
"flair","CPM","Kidney","K34",0.731856386307002,8821,"All"
"flair","CPM","Kidney","K35",0.705560383179278,8752,"All"
"flair","EDA","B20K80","BK20801",0.652228301085357,9838,"All"
"flair","EDA","B20K80","BK20802",0.67182911792273,9881,"All"
"flair","EDA","B20K80","BK20803",0.663389715252259,9863,"All"
"flair","EDA","B20K80","BK20804",0.652745913272892,9843,"All"
"flair","EDA","B20K80","BK20805",0.646960581368457,9860,"All"
"flair","EDA","B80K20","BK80201",0.631963328009033,10400,"All"
"flair","EDA","B80K20","BK80202",0.64017522211663,10402,"All"
"flair","EDA","B80K20","BK80203",0.645079060816205,10366,"All"
"flair","EDA","B80K20","BK80204",0.629616843869577,10425,"All"
"flair","EDA","B80K20","BK80205",0.629801075024057,10393,"All"
"flair","EDA","Brain","B31",0.641575754066282,9877,"All"
"flair","EDA","Brain","B32",0.656641465157532,9898,"All"
"flair","EDA","Brain","B33",0.657166954118561,9878,"All"
"flair","EDA","Brain","B34",0.641488207445183,9867,"All"
"flair","EDA","Brain","B35",0.663747787598321,9884,"All"
"flair","EDA","Kidney","K31",0.694458648769287,8803,"All"
"flair","EDA","Kidney","K32",0.710856956715592,8862,"All"
"flair","EDA","Kidney","K33",0.696342167716911,8815,"All"
"flair","EDA","Kidney","K34",0.719964891787841,8821,"All"
"flair","EDA","Kidney","K35",0.700179725982623,8752,"All"
"flair","TPM","B20K80","BK20801",0.60488844666723,9838,"All"
"flair","TPM","B20K80","BK20802",0.607043517668191,9881,"All"
"flair","TPM","B20K80","BK20803",0.617605342439138,9863,"All"
"flair","TPM","B20K80","BK20804",0.605901214331654,9843,"All"
"flair","TPM","B20K80","BK20805",0.609682522750098,9860,"All"
"flair","TPM","B80K20","BK80201",0.559962827808603,10400,"All"
"flair","TPM","B80K20","BK80202",0.557848404975084,10402,"All"
"flair","TPM","B80K20","BK80203",0.577826863436067,10366,"All"
"flair","TPM","B80K20","BK80204",0.560236827049108,10425,"All"
"flair","TPM","B80K20","BK80205",0.564721579245051,10393,"All"
"flair","TPM","Brain","B31",0.587778159927523,9877,"All"
"flair","TPM","Brain","B32",0.579540242505294,9898,"All"
"flair","TPM","Brain","B33",0.582270282135505,9878,"All"
"flair","TPM","Brain","B34",0.569836313013794,9867,"All"
"flair","TPM","Brain","B35",0.593416235340956,9884,"All"
"flair","TPM","Kidney","K31",0.662557758092485,8803,"All"
"flair","TPM","Kidney","K32",0.657304819588116,8862,"All"
"flair","TPM","Kidney","K33",0.660819740282824,8815,"All"
"flair","TPM","Kidney","K34",0.68006759376631,8821,"All"
"flair","TPM","Kidney","K35",0.67876968180778,8752,"All"
"flair","cqn","B20K80","BK20801",0.629394704973418,11884,"All"
"flair","cqn","B20K80","BK20802",0.628945622358949,11884,"All"
"flair","cqn","B20K80","BK20803",0.639319242089319,11883,"All"
"flair","cqn","B20K80","BK20804",0.640402135278772,11839,"All"
"flair","cqn","B20K80","BK20805",0.639227594035426,11878,"All"
"flair","cqn","B80K20","BK80201",0.614465542221813,11854,"All"
"flair","cqn","B80K20","BK80202",0.613326481382359,11841,"All"
"flair","cqn","B80K20","BK80203",0.623417519079635,11893,"All"
"flair","cqn","B80K20","BK80204",0.61685159847866,11881,"All"
"flair","cqn","B80K20","BK80205",0.620847772657666,11875,"All"
"flair","cqn","Brain","B31",0.672832151717795,11242,"All"
"flair","cqn","Brain","B32",0.68585585764892,11356,"All"
"flair","cqn","Brain","B33",0.685737054837518,11246,"All"
"flair","cqn","Brain","B34",0.673494423241889,11268,"All"
"flair","cqn","Brain","B35",0.699506210423235,11374,"All"
"flair","cqn","Kidney","K31",0.731749380747657,10971,"All"
"flair","cqn","Kidney","K32",0.732427358545001,11059,"All"
"flair","cqn","Kidney","K33",0.727043791295041,11000,"All"
"flair","cqn","Kidney","K34",0.743379449804251,10973,"All"
"flair","cqn","Kidney","K35",0.731625245631621,10973,"All"
"flair","ratio_counts","B20K80","BK20801",0.421628844679135,9838,"All"
"flair","ratio_counts","B20K80","BK20802",0.559452392523977,9881,"All"
"flair","ratio_counts","B20K80","BK20803",0.521213278316158,9863,"All"
"flair","ratio_counts","B20K80","BK20804",0.534266416582593,9843,"All"
"flair","ratio_counts","B20K80","BK20805",0.500844125444487,9860,"All"
"flair","ratio_counts","B80K20","BK80201",0.515652932531591,10400,"All"
"flair","ratio_counts","B80K20","BK80202",0.544214980149396,10402,"All"
"flair","ratio_counts","B80K20","BK80203",0.465831558184547,10366,"All"
"flair","ratio_counts","B80K20","BK80204",0.395821704830873,10425,"All"
"flair","ratio_counts","B80K20","BK80205",0.447474143647725,10393,"All"
"flair","ratio_counts","Brain","B31",0.54143131723491,9877,"All"
"flair","ratio_counts","Brain","B32",0.645188006492796,9898,"All"
"flair","ratio_counts","Brain","B33",0.596561153265709,9878,"All"
"flair","ratio_counts","Brain","B34",0.551141088188145,9867,"All"
"flair","ratio_counts","Brain","B35",0.582066466764415,9884,"All"
"flair","ratio_counts","Kidney","K31",0.601321148494813,8803,"All"
"flair","ratio_counts","Kidney","K32",0.676982010172209,8862,"All"
"flair","ratio_counts","Kidney","K33",0.605767026955114,8815,"All"
"flair","ratio_counts","Kidney","K34",0.645498318857558,8821,"All"
"flair","ratio_counts","Kidney","K35",0.603212954626848,8752,"All"
"isoquant","CPM","B20K80","BK20801",0.612370250911061,8450,"All"
"isoquant","CPM","B20K80","BK20802",0.628575763383628,8587,"All"
"isoquant","CPM","B20K80","BK20803",0.626755968670799,8468,"All"
"isoquant","CPM","B20K80","BK20804",0.623202622175076,8511,"All"
"isoquant","CPM","B20K80","BK20805",0.614212024892842,8474,"All"
"isoquant","CPM","B80K20","BK80201",0.588527004025575,8666,"All"
"isoquant","CPM","B80K20","BK80202",0.594939151793089,8747,"All"
"isoquant","CPM","B80K20","BK80203",0.590347199039811,8474,"All"
"isoquant","CPM","B80K20","BK80204",0.582340327486408,8737,"All"
"isoquant","CPM","B80K20","BK80205",0.584804635854333,8590,"All"
"isoquant","CPM","Brain","B31",0.625438929777745,8351,"All"
"isoquant","CPM","Brain","B32",0.646161777296952,8452,"All"
"isoquant","CPM","Brain","B33",0.646677975062992,8424,"All"
"isoquant","CPM","Brain","B34",0.632539584709443,8375,"All"
"isoquant","CPM","Brain","B35",0.652159741194332,8307,"All"
"isoquant","CPM","Kidney","K31",0.695641379440492,7583,"All"
"isoquant","CPM","Kidney","K32",0.709491799590846,7814,"All"
"isoquant","CPM","Kidney","K33",0.703130890868797,7674,"All"
"isoquant","CPM","Kidney","K34",0.722454234983386,7618,"All"
"isoquant","CPM","Kidney","K35",0.708392356218852,7437,"All"
"isoquant","EDA","B20K80","BK20801",0.619152144235188,8450,"All"
"isoquant","EDA","B20K80","BK20802",0.642508923780033,8587,"All"
"isoquant","EDA","B20K80","BK20803",0.629902409442129,8468,"All"
"isoquant","EDA","B20K80","BK20804",0.623652262190074,8511,"All"
"isoquant","EDA","B20K80","BK20805",0.609872840523304,8474,"All"
"isoquant","EDA","B80K20","BK80201",0.611991513841047,8666,"All"
"isoquant","EDA","B80K20","BK80202",0.616593296505465,8747,"All"
"isoquant","EDA","B80K20","BK80203",0.608706239592278,8474,"All"
"isoquant","EDA","B80K20","BK80204",0.601632414598475,8737,"All"
"isoquant","EDA","B80K20","BK80205",0.602966530094315,8590,"All"
"isoquant","EDA","Brain","B31",0.641077485411618,8351,"All"
"isoquant","EDA","Brain","B32",0.669004411757191,8452,"All"
"isoquant","EDA","Brain","B33",0.669899199137004,8424,"All"
"isoquant","EDA","Brain","B34",0.658098684536626,8375,"All"
"isoquant","EDA","Brain","B35",0.671842243762701,8307,"All"
"isoquant","EDA","Kidney","K31",0.687457020382684,7583,"All"
"isoquant","EDA","Kidney","K32",0.71439057951321,7814,"All"
"isoquant","EDA","Kidney","K33",0.694750283590865,7674,"All"
"isoquant","EDA","Kidney","K34",0.714354286578007,7618,"All"
"isoquant","EDA","Kidney","K35",0.688319583037768,7437,"All"
"isoquant","TPM","B20K80","BK20801",0.570890870248833,8450,"All"
"isoquant","TPM","B20K80","BK20802",0.551568011483955,8587,"All"
"isoquant","TPM","B20K80","BK20803",0.581487551748601,8468,"All"
"isoquant","TPM","B20K80","BK20804",0.58043365505388,8511,"All"
"isoquant","TPM","B20K80","BK20805",0.588180035677095,8474,"All"
"isoquant","TPM","B80K20","BK80201",0.516571840730169,8666,"All"
"isoquant","TPM","B80K20","BK80202",0.499929346440946,8747,"All"
"isoquant","TPM","B80K20","BK80203",0.514002008421384,8474,"All"
"isoquant","TPM","B80K20","BK80204",0.518044869078749,8737,"All"
"isoquant","TPM","B80K20","BK80205",0.524256588019695,8590,"All"
"isoquant","TPM","Brain","B31",0.574532384927937,8351,"All"
"isoquant","TPM","Brain","B32",0.54655619972284,8452,"All"
"isoquant","TPM","Brain","B33",0.5571684636244,8424,"All"
"isoquant","TPM","Brain","B34",0.551638888063525,8375,"All"
"isoquant","TPM","Brain","B35",0.56845542137282,8307,"All"
"isoquant","TPM","Kidney","K31",0.658934425880174,7583,"All"
"isoquant","TPM","Kidney","K32",0.637207438615877,7814,"All"
"isoquant","TPM","Kidney","K33",0.658089468371669,7674,"All"
"isoquant","TPM","Kidney","K34",0.667864560553272,7618,"All"
"isoquant","TPM","Kidney","K35",0.683204644584688,7437,"All"
"isoquant","cqn","B20K80","BK20801",0.583638451853721,10241,"All"
"isoquant","cqn","B20K80","BK20802",0.590246018521884,10254,"All"
"isoquant","cqn","B20K80","BK20803",0.587585592803193,10251,"All"
"isoquant","cqn","B20K80","BK20804",0.589207934008362,10228,"All"
"isoquant","cqn","B20K80","BK20805",0.576945256846851,10243,"All"
"isoquant","cqn","B80K20","BK80201",0.569127134082067,10246,"All"
"isoquant","cqn","B80K20","BK80202",0.560031384263428,10230,"All"
"isoquant","cqn","B80K20","BK80203",0.570021114074626,10266,"All"
"isoquant","cqn","B80K20","BK80204",0.56873224602046,10256,"All"
"isoquant","cqn","B80K20","BK80205",0.577071173781602,10248,"All"
"isoquant","cqn","Brain","B31",0.631262051695949,9834,"All"
"isoquant","cqn","Brain","B32",0.637557290525945,9908,"All"
"isoquant","cqn","Brain","B33",0.643973643245179,9847,"All"
"isoquant","cqn","Brain","B34",0.638971508066107,9853,"All"
"isoquant","cqn","Brain","B35",0.660586450762526,9925,"All"
"isoquant","cqn","Kidney","K31",0.63513717530048,9572,"All"
"isoquant","cqn","Kidney","K32",0.661987565047067,9647,"All"
"isoquant","cqn","Kidney","K33",0.647082400738344,9580,"All"
"isoquant","cqn","Kidney","K34",0.652978591880841,9556,"All"
"isoquant","cqn","Kidney","K35",0.627071666921147,9532,"All"
"isoquant","ratio_counts","B20K80","BK20801",0.357774812105171,8450,"All"
"isoquant","ratio_counts","B20K80","BK20802",0.480139977744595,8587,"All"
"isoquant","ratio_counts","B20K80","BK20803",0.44377846862782,8468,"All"
"isoquant","ratio_counts","B20K80","BK20804",0.467475862351537,8511,"All"
"isoquant","ratio_counts","B20K80","BK20805",0.418105522544299,8474,"All"
"isoquant","ratio_counts","B80K20","BK80201",0.483976510347892,8666,"All"
"isoquant","ratio_counts","B80K20","BK80202",0.515608096374485,8747,"All"
"isoquant","ratio_counts","B80K20","BK80203",0.425604087746818,8474,"All"
"isoquant","ratio_counts","B80K20","BK80204",0.371745567218931,8737,"All"
"isoquant","ratio_counts","B80K20","BK80205",0.426300350771404,8590,"All"
"isoquant","ratio_counts","Brain","B31",0.548417489600029,8351,"All"
"isoquant","ratio_counts","Brain","B32",0.652879470492959,8452,"All"
"isoquant","ratio_counts","Brain","B33",0.608106979649097,8424,"All"
"isoquant","ratio_counts","Brain","B34",0.582133226321491,8375,"All"
"isoquant","ratio_counts","Brain","B35",0.598888207614241,8307,"All"
"isoquant","ratio_counts","Kidney","K31",0.578878415780856,7583,"All"
"isoquant","ratio_counts","Kidney","K32",0.644015654879112,7814,"All"
"isoquant","ratio_counts","Kidney","K33",0.587558552223126,7674,"All"
"isoquant","ratio_counts","Kidney","K34",0.619366217422597,7618,"All"
"isoquant","ratio_counts","Kidney","K35",0.57441173591944,7437,"All"
"kallisto","CPM","B20K80","BK20801",0.633488008678055,12516,"All"
"kallisto","CPM","B20K80","BK20802",0.660856839610483,12739,"All"
"kallisto","CPM","B20K80","BK20803",0.654498899009682,12493,"All"
"kallisto","CPM","B20K80","BK20804",0.650816808007755,12597,"All"
"kallisto","CPM","B20K80","BK20805",0.639658731284499,12554,"All"
"kallisto","CPM","B80K20","BK80201",0.625525038654953,12674,"All"
"kallisto","CPM","B80K20","BK80202",0.630446086629655,12837,"All"
"kallisto","CPM","B80K20","BK80203",0.626205814759764,12405,"All"
"kallisto","CPM","B80K20","BK80204",0.626223996777783,12797,"All"
"kallisto","CPM","B80K20","BK80205",0.612959921173544,12548,"All"
"kallisto","CPM","Brain","B31",0.65612347747617,11945,"All"
"kallisto","CPM","Brain","B32",0.660784429462193,11964,"All"
"kallisto","CPM","Brain","B33",0.657276900659798,11980,"All"
"kallisto","CPM","Brain","B34",0.647006635665725,11913,"All"
"kallisto","CPM","Brain","B35",0.657932286013926,11778,"All"
"kallisto","CPM","Kidney","K31",0.727014401943374,10973,"All"
"kallisto","CPM","Kidney","K32",0.747895191899196,11341,"All"
"kallisto","CPM","Kidney","K33",0.738100291715859,11123,"All"
"kallisto","CPM","Kidney","K34",0.743301757172849,10925,"All"
"kallisto","CPM","Kidney","K35",0.737474415671433,10757,"All"
"kallisto","EDA","B20K80","BK20801",0.557214835216863,12516,"All"
"kallisto","EDA","B20K80","BK20802",0.597287096961748,12739,"All"
"kallisto","EDA","B20K80","BK20803",0.573024585639541,12493,"All"
"kallisto","EDA","B20K80","BK20804",0.565305079639497,12597,"All"
"kallisto","EDA","B20K80","BK20805",0.546465058802194,12554,"All"
"kallisto","EDA","B80K20","BK80201",0.589549025404883,12674,"All"
"kallisto","EDA","B80K20","BK80202",0.59815273667848,12837,"All"
"kallisto","EDA","B80K20","BK80203",0.589938785794616,12405,"All"
"kallisto","EDA","B80K20","BK80204",0.58177577861347,12797,"All"
"kallisto","EDA","B80K20","BK80205",0.571650083065657,12548,"All"
"kallisto","EDA","Brain","B31",0.61485533927696,11945,"All"
"kallisto","EDA","Brain","B32",0.641254674968256,11964,"All"
"kallisto","EDA","Brain","B33",0.628947479947048,11980,"All"
"kallisto","EDA","Brain","B34",0.62215160355453,11913,"All"
"kallisto","EDA","Brain","B35",0.626602081494103,11778,"All"
"kallisto","EDA","Kidney","K31",0.600612370775712,10973,"All"
"kallisto","EDA","Kidney","K32",0.662733209390096,11341,"All"
"kallisto","EDA","Kidney","K33",0.620031274105285,11123,"All"
"kallisto","EDA","Kidney","K34",0.628793337621772,10925,"All"
"kallisto","EDA","Kidney","K35",0.601007714026588,10757,"All"
"kallisto","TPM","B20K80","BK20801",0.648133852623845,12516,"All"
"kallisto","TPM","B20K80","BK20802",0.634041037747557,12739,"All"
"kallisto","TPM","B20K80","BK20803",0.661845039399777,12493,"All"
"kallisto","TPM","B20K80","BK20804",0.661208714274145,12597,"All"
"kallisto","TPM","B20K80","BK20805",0.668650616609317,12554,"All"
"kallisto","TPM","B80K20","BK80201",0.597841324785521,12674,"All"
"kallisto","TPM","B80K20","BK80202",0.577514576274257,12837,"All"
"kallisto","TPM","B80K20","BK80203",0.597461113291923,12405,"All"
"kallisto","TPM","B80K20","BK80204",0.60477567293724,12797,"All"
"kallisto","TPM","B80K20","BK80205",0.600732443555022,12548,"All"
"kallisto","TPM","Brain","B31",0.667465391168929,11945,"All"
"kallisto","TPM","Brain","B32",0.617747562937603,11964,"All"
"kallisto","TPM","Brain","B33",0.62590396451092,11980,"All"
"kallisto","TPM","Brain","B34",0.623386869792802,11913,"All"
"kallisto","TPM","Brain","B35",0.636039148511395,11778,"All"
"kallisto","TPM","Kidney","K31",0.750916764421749,10973,"All"
"kallisto","TPM","Kidney","K32",0.729853749967591,11341,"All"
"kallisto","TPM","Kidney","K33",0.749315164369818,11123,"All"
"kallisto","TPM","Kidney","K34",0.743975359233825,10925,"All"
"kallisto","TPM","Kidney","K35",0.766327945982527,10757,"All"
"kallisto","cqn","B20K80","BK20801",0.618351777852521,13076,"All"
"kallisto","cqn","B20K80","BK20802",0.650834353957545,13104,"All"
"kallisto","cqn","B20K80","BK20803",0.633766580549917,13108,"All"
"kallisto","cqn","B20K80","BK20804",0.63075517787248,13060,"All"
"kallisto","cqn","B20K80","BK20805",0.610612801289267,13061,"All"
"kallisto","cqn","B80K20","BK80201",0.645030754290318,13089,"All"
"kallisto","cqn","B80K20","BK80202",0.656012036240158,13106,"All"
"kallisto","cqn","B80K20","BK80203",0.637519900168996,13121,"All"
"kallisto","cqn","B80K20","BK80204",0.640840252952076,13109,"All"
"kallisto","cqn","B80K20","BK80205",0.624424919503904,13103,"All"
"kallisto","cqn","Brain","B31",0.683454715712183,12502,"All"
"kallisto","cqn","Brain","B32",0.691425671612721,12593,"All"
"kallisto","cqn","Brain","B33",0.687478910062842,12505,"All"
"kallisto","cqn","Brain","B34",0.68526543507661,12543,"All"
"kallisto","cqn","Brain","B35",0.687471463848125,12598,"All"
"kallisto","cqn","Kidney","K31",0.685889974271323,11994,"All"
"kallisto","cqn","Kidney","K32",0.719000828376077,12149,"All"
"kallisto","cqn","Kidney","K33",0.689725622165493,12024,"All"
"kallisto","cqn","Kidney","K34",0.683943641890119,11939,"All"
"kallisto","cqn","Kidney","K35",0.673094835661525,11927,"All"
"kallisto","ratio_counts","B20K80","BK20801",0.512765917364981,12516,"All"
"kallisto","ratio_counts","B20K80","BK20802",0.604377890140591,12739,"All"
"kallisto","ratio_counts","B20K80","BK20803",0.61595025547275,12493,"All"
"kallisto","ratio_counts","B20K80","BK20804",0.646863662706549,12597,"All"
"kallisto","ratio_counts","B20K80","BK20805",0.608529465362912,12554,"All"
"kallisto","ratio_counts","B80K20","BK80201",0.576977098815756,12674,"All"
"kallisto","ratio_counts","B80K20","BK80202",0.59519277377043,12837,"All"
"kallisto","ratio_counts","B80K20","BK80203",0.478655333039494,12405,"All"
"kallisto","ratio_counts","B80K20","BK80204",0.491161712278618,12797,"All"
"kallisto","ratio_counts","B80K20","BK80205",0.493202549177484,12548,"All"
"kallisto","ratio_counts","Brain","B31",0.64549163852421,11945,"All"
"kallisto","ratio_counts","Brain","B32",0.716167795596223,11964,"All"
"kallisto","ratio_counts","Brain","B33",0.675823801289977,11980,"All"
"kallisto","ratio_counts","Brain","B34",0.662724728148532,11913,"All"
"kallisto","ratio_counts","Brain","B35",0.66147194579367,11778,"All"
"kallisto","ratio_counts","Kidney","K31",0.7252782824278,10973,"All"
"kallisto","ratio_counts","Kidney","K32",0.769072118360499,11341,"All"
"kallisto","ratio_counts","Kidney","K33",0.728053537970377,11123,"All"
"kallisto","ratio_counts","Kidney","K34",0.748539734704673,10925,"All"
"kallisto","ratio_counts","Kidney","K35",0.737183129082956,10757,"All"
"oarfish","CPM","B20K80","BK20801",0.641221055793939,16439,"All"
"oarfish","CPM","B20K80","BK20802",0.6633578178635,16722,"All"
"oarfish","CPM","B20K80","BK20803",0.659797735322397,16334,"All"
"oarfish","CPM","B20K80","BK20804",0.656006438098871,16423,"All"
"oarfish","CPM","B20K80","BK20805",0.640917532539164,16425,"All"
"oarfish","CPM","B80K20","BK80201",0.631143246492065,16803,"All"
"oarfish","CPM","B80K20","BK80202",0.642471160416737,16989,"All"
"oarfish","CPM","B80K20","BK80203",0.633204543723079,16382,"All"
"oarfish","CPM","B80K20","BK80204",0.62259042990557,16972,"All"
"oarfish","CPM","B80K20","BK80205",0.617873195259898,16591,"All"
"oarfish","CPM","Brain","B31",0.649359687799569,15833,"All"
"oarfish","CPM","Brain","B32",0.664017434090229,15841,"All"
"oarfish","CPM","Brain","B33",0.652696911520414,15845,"All"
"oarfish","CPM","Brain","B34",0.641592807082007,15780,"All"
"oarfish","CPM","Brain","B35",0.657852275897371,15632,"All"
"oarfish","CPM","Kidney","K31",0.722744675671771,13908,"All"
"oarfish","CPM","Kidney","K32",0.75057506691284,14475,"All"
"oarfish","CPM","Kidney","K33",0.740715065783783,14082,"All"
"oarfish","CPM","Kidney","K34",0.756000954311945,13764,"All"
"oarfish","CPM","Kidney","K35",0.735743322799525,13498,"All"
"oarfish","EDA","B20K80","BK20801",0.598087043056629,16439,"All"
"oarfish","EDA","B20K80","BK20802",0.634140353013738,16722,"All"
"oarfish","EDA","B20K80","BK20803",0.612920842109318,16334,"All"
"oarfish","EDA","B20K80","BK20804",0.605492182690579,16423,"All"
"oarfish","EDA","B20K80","BK20805",0.582854712427876,16425,"All"
"oarfish","EDA","B80K20","BK80201",0.626018340254349,16803,"All"
"oarfish","EDA","B80K20","BK80202",0.642568301063795,16989,"All"
"oarfish","EDA","B80K20","BK80203",0.618327085825694,16382,"All"
"oarfish","EDA","B80K20","BK80204",0.609789926543178,16972,"All"
"oarfish","EDA","B80K20","BK80205",0.602547219115262,16591,"All"
"oarfish","EDA","Brain","B31",0.641565474520651,15833,"All"
"oarfish","EDA","Brain","B32",0.669120527960619,15841,"All"
"oarfish","EDA","Brain","B33",0.652989561880689,15845,"All"
"oarfish","EDA","Brain","B34",0.642501399542266,15780,"All"
"oarfish","EDA","Brain","B35",0.650360285585742,15632,"All"
"oarfish","EDA","Kidney","K31",0.646937270149023,13908,"All"
"oarfish","EDA","Kidney","K32",0.696265026236658,14475,"All"
"oarfish","EDA","Kidney","K33",0.667544072169096,14082,"All"
"oarfish","EDA","Kidney","K34",0.67306544114455,13764,"All"
"oarfish","EDA","Kidney","K35",0.643488398518861,13498,"All"
"oarfish","TPM","B20K80","BK20801",0.655205132934977,16439,"All"
"oarfish","TPM","B20K80","BK20802",0.640998219049496,16722,"All"
"oarfish","TPM","B20K80","BK20803",0.669832156748221,16334,"All"
"oarfish","TPM","B20K80","BK20804",0.666040646888758,16423,"All"
"oarfish","TPM","B20K80","BK20805",0.668626970463913,16425,"All"
"oarfish","TPM","B80K20","BK80201",0.606419833695596,16803,"All"
"oarfish","TPM","B80K20","BK80202",0.591456876768539,16989,"All"
"oarfish","TPM","B80K20","BK80203",0.60761317128745,16382,"All"
"oarfish","TPM","B80K20","BK80204",0.605309118790909,16972,"All"
"oarfish","TPM","B80K20","BK80205",0.607125291509608,16591,"All"
"oarfish","TPM","Brain","B31",0.655612218559388,15833,"All"
"oarfish","TPM","Brain","B32",0.621970984596308,15841,"All"
"oarfish","TPM","Brain","B33",0.624914951610771,15845,"All"
"oarfish","TPM","Brain","B34",0.622102641602913,15780,"All"
"oarfish","TPM","Brain","B35",0.638551398633483,15632,"All"
"oarfish","TPM","Kidney","K31",0.75080784685454,13908,"All"
"oarfish","TPM","Kidney","K32",0.737943364891346,14475,"All"
"oarfish","TPM","Kidney","K33",0.754768607205268,14082,"All"
"oarfish","TPM","Kidney","K34",0.759023812099199,13764,"All"
"oarfish","TPM","Kidney","K35",0.769277960208428,13498,"All"
"oarfish","cqn","B20K80","BK20801",0.621462970066958,17179,"All"
"oarfish","cqn","B20K80","BK20802",0.649981389427253,17194,"All"
"oarfish","cqn","B20K80","BK20803",0.635392649001762,17202,"All"
"oarfish","cqn","B20K80","BK20804",0.630276021193135,17057,"All"
"oarfish","cqn","B20K80","BK20805",0.605598078336683,17111,"All"
"oarfish","cqn","B80K20","BK80201",0.654365648633185,17200,"All"
"oarfish","cqn","B80K20","BK80202",0.667867306861583,17223,"All"
"oarfish","cqn","B80K20","BK80203",0.650212848581079,17247,"All"
"oarfish","cqn","B80K20","BK80204",0.646733278968744,17217,"All"
"oarfish","cqn","B80K20","BK80205",0.639225440596853,17220,"All"
"oarfish","cqn","Brain","B31",0.680465854735349,16432,"All"
"oarfish","cqn","Brain","B32",0.699030181100901,16605,"All"
"oarfish","cqn","Brain","B33",0.686269217443575,16444,"All"
"oarfish","cqn","Brain","B34",0.681869882590346,16499,"All"
"oarfish","cqn","Brain","B35",0.696054917852039,16589,"All"
"oarfish","cqn","Kidney","K31",0.68217770048244,15401,"All"
"oarfish","cqn","Kidney","K32",0.717056701574022,15675,"All"
"oarfish","cqn","Kidney","K33",0.684717103941791,15425,"All"
"oarfish","cqn","Kidney","K34",0.683408953491781,15360,"All"
"oarfish","cqn","Kidney","K35",0.66355430613897,15285,"All"
"oarfish","ratio_counts","B20K80","BK20801",0.51916866299425,16439,"All"
"oarfish","ratio_counts","B20K80","BK20802",0.593667019793859,16722,"All"
"oarfish","ratio_counts","B20K80","BK20803",0.619323937932439,16334,"All"
"oarfish","ratio_counts","B20K80","BK20804",0.647222185853067,16423,"All"
"oarfish","ratio_counts","B20K80","BK20805",0.600501135838497,16425,"All"
"oarfish","ratio_counts","B80K20","BK80201",0.549070572674973,16803,"All"
"oarfish","ratio_counts","B80K20","BK80202",0.5558700956882,16989,"All"
"oarfish","ratio_counts","B80K20","BK80203",0.458055851828283,16382,"All"
"oarfish","ratio_counts","B80K20","BK80204",0.452793683955265,16972,"All"
"oarfish","ratio_counts","B80K20","BK80205",0.473114281848886,16591,"All"
"oarfish","ratio_counts","Brain","B31",0.620677550448479,15833,"All"
"oarfish","ratio_counts","Brain","B32",0.676244047490129,15841,"All"
"oarfish","ratio_counts","Brain","B33",0.628178711928315,15845,"All"
"oarfish","ratio_counts","Brain","B34",0.622931693543644,15780,"All"
"oarfish","ratio_counts","Brain","B35",0.62879172990896,15632,"All"
"oarfish","ratio_counts","Kidney","K31",0.702782156557213,13908,"All"
"oarfish","ratio_counts","Kidney","K32",0.750994529868329,14475,"All"
"oarfish","ratio_counts","Kidney","K33",0.725008886469632,14082,"All"
"oarfish","ratio_counts","Kidney","K34",0.742116998019557,13764,"All"
"oarfish","ratio_counts","Kidney","K35",0.714486648247949,13498,"All"
"bambu","CPM","B20K80","BK20801",0.804060913148395,3628,"0-1.5k"
"bambu","CPM","B20K80","BK20801",0.665745762667469,4955,"1.5k-3k"
"bambu","CPM","B20K80","BK20801",0.525369855121555,2846,"3k-4.5k"
"bambu","CPM","B20K80","BK20801",0.338086950894142,2881,">4.5k"
"bambu","CPM","B20K80","BK20802",0.805039436334647,3656,"0-1.5k"
"bambu","CPM","B20K80","BK20802",0.697799551368361,5042,"1.5k-3k"
"bambu","CPM","B20K80","BK20802",0.574622391552797,2899,"3k-4.5k"
"bambu","CPM","B20K80","BK20802",0.405327497911411,2912,">4.5k"
"bambu","CPM","B20K80","BK20803",0.805596041926897,3639,"0-1.5k"
"bambu","CPM","B20K80","BK20803",0.696321297119755,4964,"1.5k-3k"
"bambu","CPM","B20K80","BK20803",0.550268608113333,2838,"3k-4.5k"
"bambu","CPM","B20K80","BK20803",0.359888198386169,2878,">4.5k"
"bambu","CPM","B20K80","BK20804",0.789863310892224,3638,"0-1.5k"
"bambu","CPM","B20K80","BK20804",0.692604362256955,4996,"1.5k-3k"
"bambu","CPM","B20K80","BK20804",0.564605339163369,2862,"3k-4.5k"
"bambu","CPM","B20K80","BK20804",0.371355456104078,2891,">4.5k"
"bambu","CPM","B20K80","BK20805",0.795399404193534,3644,"0-1.5k"
"bambu","CPM","B20K80","BK20805",0.676845642601347,4980,"1.5k-3k"
"bambu","CPM","B20K80","BK20805",0.520532832045468,2863,"3k-4.5k"
"bambu","CPM","B20K80","BK20805",0.334067186098594,2884,">4.5k"
"bambu","CPM","B80K20","BK80201",0.788509522206051,3624,"0-1.5k"
"bambu","CPM","B80K20","BK80201",0.665683299653915,5016,"1.5k-3k"
"bambu","CPM","B80K20","BK80201",0.526591544132218,2941,"3k-4.5k"
"bambu","CPM","B80K20","BK80201",0.37409080076313,2971,">4.5k"
"bambu","CPM","B80K20","BK80202",0.788371379453217,3630,"0-1.5k"
"bambu","CPM","B80K20","BK80202",0.671452054075255,5068,"1.5k-3k"
"bambu","CPM","B80K20","BK80202",0.554616198293718,2949,"3k-4.5k"
"bambu","CPM","B80K20","BK80202",0.404591921657453,3008,">4.5k"
"bambu","CPM","B80K20","BK80203",0.781025534403803,3586,"0-1.5k"
"bambu","CPM","B80K20","BK80203",0.657431901072843,4940,"1.5k-3k"
"bambu","CPM","B80K20","BK80203",0.538686936334502,2882,"3k-4.5k"
"bambu","CPM","B80K20","BK80203",0.365479455120925,2934,">4.5k"
"bambu","CPM","B80K20","BK80204",0.789199325754354,3660,"0-1.5k"
"bambu","CPM","B80K20","BK80204",0.656991055040769,5077,"1.5k-3k"
"bambu","CPM","B80K20","BK80204",0.53047017198649,2959,"3k-4.5k"
"bambu","CPM","B80K20","BK80204",0.350875759557681,2989,">4.5k"
"bambu","CPM","B80K20","BK80205",0.777538012331515,3638,"0-1.5k"
"bambu","CPM","B80K20","BK80205",0.650277981745106,4986,"1.5k-3k"
"bambu","CPM","B80K20","BK80205",0.535386056371979,2885,"3k-4.5k"
"bambu","CPM","B80K20","BK80205",0.349874446448056,2963,">4.5k"
"bambu","CPM","Brain","B31",0.815218099476353,3360,"0-1.5k"
"bambu","CPM","Brain","B31",0.695950505960413,4718,"1.5k-3k"
"bambu","CPM","Brain","B31",0.581519633755431,2822,"3k-4.5k"
"bambu","CPM","Brain","B31",0.402658194222583,2879,">4.5k"
"bambu","CPM","Brain","B32",0.818610334085006,3352,"0-1.5k"
"bambu","CPM","Brain","B32",0.714461522027696,4701,"1.5k-3k"
"bambu","CPM","Brain","B32",0.615178229083183,2816,"3k-4.5k"
"bambu","CPM","Brain","B32",0.417788985374032,2925,">4.5k"
"bambu","CPM","Brain","B33",0.81287724951028,3350,"0-1.5k"
"bambu","CPM","Brain","B33",0.709903638676385,4713,"1.5k-3k"
"bambu","CPM","Brain","B33",0.603307004157473,2844,"3k-4.5k"
"bambu","CPM","Brain","B33",0.413206837474679,2936,">4.5k"
"bambu","CPM","Brain","B34",0.821585380974436,3369,"0-1.5k"
"bambu","CPM","Brain","B34",0.70060746854379,4696,"1.5k-3k"
"bambu","CPM","Brain","B34",0.574475590272823,2838,"3k-4.5k"
"bambu","CPM","Brain","B34",0.384411224275511,2913,">4.5k"
"bambu","CPM","Brain","B35",0.814766524467355,3338,"0-1.5k"
"bambu","CPM","Brain","B35",0.706626735244689,4657,"1.5k-3k"
"bambu","CPM","Brain","B35",0.606269587198767,2822,"3k-4.5k"
"bambu","CPM","Brain","B35",0.379484201910776,2909,">4.5k"
"bambu","CPM","Kidney","K31",0.830884068730291,3370,"0-1.5k"
"bambu","CPM","Kidney","K31",0.751236257610124,4428,"1.5k-3k"
"bambu","CPM","Kidney","K31",0.654303258791237,2371,"3k-4.5k"
"bambu","CPM","Kidney","K31",0.472012238889883,2324,">4.5k"
"bambu","CPM","Kidney","K32",0.836055111942251,3388,"0-1.5k"
"bambu","CPM","Kidney","K32",0.766695620732519,4523,"1.5k-3k"
"bambu","CPM","Kidney","K32",0.675892082888979,2502,"3k-4.5k"
"bambu","CPM","Kidney","K32",0.548032232841731,2420,">4.5k"
"bambu","CPM","Kidney","K33",0.837670067745275,3383,"0-1.5k"
"bambu","CPM","Kidney","K33",0.76431079899224,4435,"1.5k-3k"
"bambu","CPM","Kidney","K33",0.675876387777745,2426,"3k-4.5k"
"bambu","CPM","Kidney","K33",0.50419954512335,2318,">4.5k"
"bambu","CPM","Kidney","K34",0.837362821428062,3353,"0-1.5k"
"bambu","CPM","Kidney","K34",0.750726804993677,4377,"1.5k-3k"
"bambu","CPM","Kidney","K34",0.664819098369486,2353,"3k-4.5k"
"bambu","CPM","Kidney","K34",0.501662703266328,2251,">4.5k"
"bambu","CPM","Kidney","K35",0.836401122324915,3324,"0-1.5k"
"bambu","CPM","Kidney","K35",0.767838997864033,4349,"1.5k-3k"
"bambu","CPM","Kidney","K35",0.647876522035507,2314,"3k-4.5k"
"bambu","CPM","Kidney","K35",0.505256710996513,2231,">4.5k"
"bambu","EDA","B20K80","BK20801",0.81496009090909,3628,"0-1.5k"
"bambu","EDA","B20K80","BK20801",0.658981253746716,4955,"1.5k-3k"
"bambu","EDA","B20K80","BK20801",0.51987110283281,2846,"3k-4.5k"
"bambu","EDA","B20K80","BK20801",0.300528631116454,2881,">4.5k"
"bambu","EDA","B20K80","BK20802",0.814445189111558,3656,"0-1.5k"
"bambu","EDA","B20K80","BK20802",0.6956224451955,5042,"1.5k-3k"
"bambu","EDA","B20K80","BK20802",0.570224482832257,2899,"3k-4.5k"
"bambu","EDA","B20K80","BK20802",0.355947319251032,2912,">4.5k"
"bambu","EDA","B20K80","BK20803",0.814482921985011,3639,"0-1.5k"
"bambu","EDA","B20K80","BK20803",0.689434256761592,4964,"1.5k-3k"
"bambu","EDA","B20K80","BK20803",0.544951878359844,2838,"3k-4.5k"
"bambu","EDA","B20K80","BK20803",0.31037203096293,2878,">4.5k"
"bambu","EDA","B20K80","BK20804",0.799680878979101,3638,"0-1.5k"
"bambu","EDA","B20K80","BK20804",0.685318769544182,4996,"1.5k-3k"
"bambu","EDA","B20K80","BK20804",0.558534126097974,2862,"3k-4.5k"
"bambu","EDA","B20K80","BK20804",0.327327889066613,2891,">4.5k"
"bambu","EDA","B20K80","BK20805",0.805009998675536,3644,"0-1.5k"
"bambu","EDA","B20K80","BK20805",0.667299281829175,4980,"1.5k-3k"
"bambu","EDA","B20K80","BK20805",0.515567471815898,2863,"3k-4.5k"
"bambu","EDA","B20K80","BK20805",0.298794453441702,2884,">4.5k"
"bambu","EDA","B80K20","BK80201",0.797447216465144,3624,"0-1.5k"
"bambu","EDA","B80K20","BK80201",0.663635447085582,5016,"1.5k-3k"
"bambu","EDA","B80K20","BK80201",0.523523980972279,2941,"3k-4.5k"
"bambu","EDA","B80K20","BK80201",0.356316297084243,2971,">4.5k"
"bambu","EDA","B80K20","BK80202",0.794889676326569,3630,"0-1.5k"
"bambu","EDA","B80K20","BK80202",0.672046989669041,5068,"1.5k-3k"
"bambu","EDA","B80K20","BK80202",0.551372535704338,2949,"3k-4.5k"
"bambu","EDA","B80K20","BK80202",0.384005931017883,3008,">4.5k"
"bambu","EDA","B80K20","BK80203",0.788518940342948,3586,"0-1.5k"
"bambu","EDA","B80K20","BK80203",0.656209365097173,4940,"1.5k-3k"
"bambu","EDA","B80K20","BK80203",0.534020482466924,2882,"3k-4.5k"
"bambu","EDA","B80K20","BK80203",0.338020205580771,2934,">4.5k"
"bambu","EDA","B80K20","BK80204",0.799132838169914,3660,"0-1.5k"
"bambu","EDA","B80K20","BK80204",0.654121206402901,5077,"1.5k-3k"
"bambu","EDA","B80K20","BK80204",0.525222154075738,2959,"3k-4.5k"
"bambu","EDA","B80K20","BK80204",0.323761008819493,2989,">4.5k"
"bambu","EDA","B80K20","BK80205",0.786178698322406,3638,"0-1.5k"
"bambu","EDA","B80K20","BK80205",0.647473458263298,4986,"1.5k-3k"
"bambu","EDA","B80K20","BK80205",0.531649317209336,2885,"3k-4.5k"
"bambu","EDA","B80K20","BK80205",0.327037019845126,2963,">4.5k"
"bambu","EDA","Brain","B31",0.822392273883234,3360,"0-1.5k"
"bambu","EDA","Brain","B31",0.694120910327431,4718,"1.5k-3k"
"bambu","EDA","Brain","B31",0.577677113998148,2822,"3k-4.5k"
"bambu","EDA","Brain","B31",0.389816885120084,2879,">4.5k"
"bambu","EDA","Brain","B32",0.824030334817964,3352,"0-1.5k"
"bambu","EDA","Brain","B32",0.715304254711684,4701,"1.5k-3k"
"bambu","EDA","Brain","B32",0.613315679533357,2816,"3k-4.5k"
"bambu","EDA","Brain","B32",0.408413059725616,2925,">4.5k"
"bambu","EDA","Brain","B33",0.8199143696859,3350,"0-1.5k"
"bambu","EDA","Brain","B33",0.71021111964178,4713,"1.5k-3k"
"bambu","EDA","Brain","B33",0.599862242618592,2844,"3k-4.5k"
"bambu","EDA","Brain","B33",0.401679348547886,2936,">4.5k"
"bambu","EDA","Brain","B34",0.828762529360291,3369,"0-1.5k"
"bambu","EDA","Brain","B34",0.700020699462,4696,"1.5k-3k"
"bambu","EDA","Brain","B34",0.57128541976855,2838,"3k-4.5k"
"bambu","EDA","Brain","B34",0.376290401210134,2913,">4.5k"
"bambu","EDA","Brain","B35",0.821453635396438,3338,"0-1.5k"
"bambu","EDA","Brain","B35",0.705750995654105,4657,"1.5k-3k"
"bambu","EDA","Brain","B35",0.602092489056855,2822,"3k-4.5k"
"bambu","EDA","Brain","B35",0.354573148512695,2909,">4.5k"
"bambu","EDA","Kidney","K31",0.837099014570612,3370,"0-1.5k"
"bambu","EDA","Kidney","K31",0.737495248332679,4428,"1.5k-3k"
"bambu","EDA","Kidney","K31",0.646658059061561,2371,"3k-4.5k"
"bambu","EDA","Kidney","K31",0.426227555052318,2324,">4.5k"
"bambu","EDA","Kidney","K32",0.842379344242618,3388,"0-1.5k"
"bambu","EDA","Kidney","K32",0.7597434264259,4523,"1.5k-3k"
"bambu","EDA","Kidney","K32",0.667594508869091,2502,"3k-4.5k"
"bambu","EDA","Kidney","K32",0.492856341392224,2420,">4.5k"
"bambu","EDA","Kidney","K33",0.843021678442279,3383,"0-1.5k"
"bambu","EDA","Kidney","K33",0.751837244532761,4435,"1.5k-3k"
"bambu","EDA","Kidney","K33",0.667033877508433,2426,"3k-4.5k"
"bambu","EDA","Kidney","K33",0.4378923900674,2318,">4.5k"
"bambu","EDA","Kidney","K34",0.840283506581483,3353,"0-1.5k"
"bambu","EDA","Kidney","K34",0.740009792988425,4377,"1.5k-3k"
"bambu","EDA","Kidney","K34",0.654931445193265,2353,"3k-4.5k"
"bambu","EDA","Kidney","K34",0.432976778558165,2251,">4.5k"
"bambu","EDA","Kidney","K35",0.839969407629882,3324,"0-1.5k"
"bambu","EDA","Kidney","K35",0.750280830400229,4349,"1.5k-3k"
"bambu","EDA","Kidney","K35",0.638153247721169,2314,"3k-4.5k"
"bambu","EDA","Kidney","K35",0.447013616347391,2231,">4.5k"
"bambu","TPM","B20K80","BK20801",0.768278657898966,3628,"0-1.5k"
"bambu","TPM","B20K80","BK20801",0.664012012111849,4955,"1.5k-3k"
"bambu","TPM","B20K80","BK20801",0.529301645506524,2846,"3k-4.5k"
"bambu","TPM","B20K80","BK20801",0.435146187268345,2881,">4.5k"
"bambu","TPM","B20K80","BK20802",0.766328928149888,3656,"0-1.5k"
"bambu","TPM","B20K80","BK20802",0.690161272726434,5042,"1.5k-3k"
"bambu","TPM","B20K80","BK20802",0.574354352632488,2899,"3k-4.5k"
"bambu","TPM","B20K80","BK20802",0.492329614329526,2912,">4.5k"
"bambu","TPM","B20K80","BK20803",0.772118819857946,3639,"0-1.5k"
"bambu","TPM","B20K80","BK20803",0.694163783937016,4964,"1.5k-3k"
"bambu","TPM","B20K80","BK20803",0.552672032406954,2838,"3k-4.5k"
"bambu","TPM","B20K80","BK20803",0.456005985128396,2878,">4.5k"
"bambu","TPM","B20K80","BK20804",0.757254000867271,3638,"0-1.5k"
"bambu","TPM","B20K80","BK20804",0.689045467374538,4996,"1.5k-3k"
"bambu","TPM","B20K80","BK20804",0.568235503047127,2862,"3k-4.5k"
"bambu","TPM","B20K80","BK20804",0.468801226208254,2891,">4.5k"
"bambu","TPM","B20K80","BK20805",0.764052518917624,3644,"0-1.5k"
"bambu","TPM","B20K80","BK20805",0.676846635345127,4980,"1.5k-3k"
"bambu","TPM","B20K80","BK20805",0.523847769182515,2863,"3k-4.5k"
"bambu","TPM","B20K80","BK20805",0.429489133917706,2884,">4.5k"
"bambu","TPM","B80K20","BK80201",0.749747748519137,3624,"0-1.5k"
"bambu","TPM","B80K20","BK80201",0.657878586390867,5016,"1.5k-3k"
"bambu","TPM","B80K20","BK80201",0.5275121132162,2941,"3k-4.5k"
"bambu","TPM","B80K20","BK80201",0.466298548781046,2971,">4.5k"
"bambu","TPM","B80K20","BK80202",0.747946440390763,3630,"0-1.5k"
"bambu","TPM","B80K20","BK80202",0.65987115615433,5068,"1.5k-3k"
"bambu","TPM","B80K20","BK80202",0.555010672895084,2949,"3k-4.5k"
"bambu","TPM","B80K20","BK80202",0.481852375774609,3008,">4.5k"
"bambu","TPM","B80K20","BK80203",0.745580317519566,3586,"0-1.5k"
"bambu","TPM","B80K20","BK80203",0.648583091387938,4940,"1.5k-3k"
"bambu","TPM","B80K20","BK80203",0.539916174407896,2882,"3k-4.5k"
"bambu","TPM","B80K20","BK80203",0.454856638552292,2934,">4.5k"
"bambu","TPM","B80K20","BK80204",0.75136560608501,3660,"0-1.5k"
"bambu","TPM","B80K20","BK80204",0.650185194638254,5077,"1.5k-3k"
"bambu","TPM","B80K20","BK80204",0.533068040741947,2959,"3k-4.5k"
"bambu","TPM","B80K20","BK80204",0.444633072366684,2989,">4.5k"
"bambu","TPM","B80K20","BK80205",0.742542437307437,3638,"0-1.5k"
"bambu","TPM","B80K20","BK80205",0.643429889159575,4986,"1.5k-3k"
"bambu","TPM","B80K20","BK80205",0.537592393731569,2885,"3k-4.5k"
"bambu","TPM","B80K20","BK80205",0.449369392744884,2963,">4.5k"
"bambu","TPM","Brain","B31",0.783126143970352,3360,"0-1.5k"
"bambu","TPM","Brain","B31",0.689291457850252,4718,"1.5k-3k"
"bambu","TPM","Brain","B31",0.585593276466185,2822,"3k-4.5k"
"bambu","TPM","Brain","B31",0.505619796638717,2879,">4.5k"
"bambu","TPM","Brain","B32",0.784838169486087,3352,"0-1.5k"
"bambu","TPM","Brain","B32",0.701838023295484,4701,"1.5k-3k"
"bambu","TPM","Brain","B32",0.61535731700499,2816,"3k-4.5k"
"bambu","TPM","Brain","B32",0.494546478424215,2925,">4.5k"
"bambu","TPM","Brain","B33",0.78044918414384,3350,"0-1.5k"
"bambu","TPM","Brain","B33",0.698002936505794,4713,"1.5k-3k"
"bambu","TPM","Brain","B33",0.604360068569943,2844,"3k-4.5k"
"bambu","TPM","Brain","B33",0.498447896851973,2936,">4.5k"
"bambu","TPM","Brain","B34",0.788405558002384,3369,"0-1.5k"
"bambu","TPM","Brain","B34",0.690848500714585,4696,"1.5k-3k"
"bambu","TPM","Brain","B34",0.577125864186427,2838,"3k-4.5k"
"bambu","TPM","Brain","B34",0.475373244970306,2913,">4.5k"
"bambu","TPM","Brain","B35",0.782899096271102,3338,"0-1.5k"
"bambu","TPM","Brain","B35",0.696964812720829,4657,"1.5k-3k"
"bambu","TPM","Brain","B35",0.608250227316694,2822,"3k-4.5k"
"bambu","TPM","Brain","B35",0.474333564454127,2909,">4.5k"
"bambu","TPM","Kidney","K31",0.80193684906002,3370,"0-1.5k"
"bambu","TPM","Kidney","K31",0.751979614503636,4428,"1.5k-3k"
"bambu","TPM","Kidney","K31",0.657560470391943,2371,"3k-4.5k"
"bambu","TPM","Kidney","K31",0.559811148440517,2324,">4.5k"
"bambu","TPM","Kidney","K32",0.804474664099992,3388,"0-1.5k"
"bambu","TPM","Kidney","K32",0.7614808807496,4523,"1.5k-3k"
"bambu","TPM","Kidney","K32",0.678216791651788,2502,"3k-4.5k"
"bambu","TPM","Kidney","K32",0.61434391388841,2420,">4.5k"
"bambu","TPM","Kidney","K33",0.808523194377794,3383,"0-1.5k"
"bambu","TPM","Kidney","K33",0.76414135955381,4435,"1.5k-3k"
"bambu","TPM","Kidney","K33",0.679823421998807,2426,"3k-4.5k"
"bambu","TPM","Kidney","K33",0.581272202338697,2318,">4.5k"
"bambu","TPM","Kidney","K34",0.811830688175896,3353,"0-1.5k"
"bambu","TPM","Kidney","K34",0.746914427695492,4377,"1.5k-3k"
"bambu","TPM","Kidney","K34",0.667873728860499,2353,"3k-4.5k"
"bambu","TPM","Kidney","K34",0.583376855687066,2251,">4.5k"
"bambu","TPM","Kidney","K35",0.811748688744427,3324,"0-1.5k"
"bambu","TPM","Kidney","K35",0.769579994904433,4349,"1.5k-3k"
"bambu","TPM","Kidney","K35",0.652849924873848,2314,"3k-4.5k"
"bambu","TPM","Kidney","K35",0.587695255496137,2231,">4.5k"
"bambu","cqn","B20K80","BK20801",0.827863932805194,3699,"0-1.5k"
"bambu","cqn","B20K80","BK20801",0.671771271062813,5161,"1.5k-3k"
"bambu","cqn","B20K80","BK20801",0.525953679143083,3014,"3k-4.5k"
"bambu","cqn","B20K80","BK20801",0.344271632768438,3040,">4.5k"
"bambu","cqn","B20K80","BK20802",0.830040577358612,3695,"0-1.5k"
"bambu","cqn","B20K80","BK20802",0.702198384814614,5175,"1.5k-3k"
"bambu","cqn","B20K80","BK20802",0.576165213120043,3019,"3k-4.5k"
"bambu","cqn","B20K80","BK20802",0.386318076225457,3058,">4.5k"
"bambu","cqn","B20K80","BK20803",0.828515682684825,3697,"0-1.5k"
"bambu","cqn","B20K80","BK20803",0.701273566738972,5160,"1.5k-3k"
"bambu","cqn","B20K80","BK20803",0.548200769432059,3022,"3k-4.5k"
"bambu","cqn","B20K80","BK20803",0.330625977936299,3041,">4.5k"
"bambu","cqn","B20K80","BK20804",0.811633948633646,3689,"0-1.5k"
"bambu","cqn","B20K80","BK20804",0.69538139749508,5155,"1.5k-3k"
"bambu","cqn","B20K80","BK20804",0.561964276439095,2999,"3k-4.5k"
"bambu","cqn","B20K80","BK20804",0.343945195093968,3018,">4.5k"
"bambu","cqn","B20K80","BK20805",0.811760222883248,3696,"0-1.5k"
"bambu","cqn","B20K80","BK20805",0.68399770281767,5147,"1.5k-3k"
"bambu","cqn","B20K80","BK20805",0.507902170743495,3010,"3k-4.5k"
"bambu","cqn","B20K80","BK20805",0.320752823206404,3013,">4.5k"
"bambu","cqn","B80K20","BK80201",0.812065704261989,3676,"0-1.5k"
"bambu","cqn","B80K20","BK80201",0.670052667986642,5153,"1.5k-3k"
"bambu","cqn","B80K20","BK80201",0.530927736132061,3034,"3k-4.5k"
"bambu","cqn","B80K20","BK80201",0.418040693545478,3076,">4.5k"
"bambu","cqn","B80K20","BK80202",0.816583393954255,3658,"0-1.5k"
"bambu","cqn","B80K20","BK80202",0.681405712469565,5156,"1.5k-3k"
"bambu","cqn","B80K20","BK80202",0.559765795804176,3033,"3k-4.5k"
"bambu","cqn","B80K20","BK80202",0.43079226428964,3101,">4.5k"
"bambu","cqn","B80K20","BK80203",0.807224604605963,3687,"0-1.5k"
"bambu","cqn","B80K20","BK80203",0.664430760296379,5164,"1.5k-3k"
"bambu","cqn","B80K20","BK80203",0.542426594961712,3036,"3k-4.5k"
"bambu","cqn","B80K20","BK80203",0.41663919459344,3096,">4.5k"
"bambu","cqn","B80K20","BK80204",0.81437550365513,3690,"0-1.5k"
"bambu","cqn","B80K20","BK80204",0.670135902207351,5165,"1.5k-3k"
"bambu","cqn","B80K20","BK80204",0.529672332997248,3033,"3k-4.5k"
"bambu","cqn","B80K20","BK80204",0.386965385221666,3085,">4.5k"
"bambu","cqn","B80K20","BK80205",0.800056670695641,3686,"0-1.5k"
"bambu","cqn","B80K20","BK80205",0.661516403242575,5152,"1.5k-3k"
"bambu","cqn","B80K20","BK80205",0.534018151354019,3030,"3k-4.5k"
"bambu","cqn","B80K20","BK80205",0.411623934846251,3074,">4.5k"
"bambu","cqn","Brain","B31",0.831926219388271,3456,"0-1.5k"
"bambu","cqn","Brain","B31",0.712141954582007,4924,"1.5k-3k"
"bambu","cqn","Brain","B31",0.586488856613268,2933,"3k-4.5k"
"bambu","cqn","Brain","B31",0.468434751590789,3001,">4.5k"
"bambu","cqn","Brain","B32",0.835337377007872,3481,"0-1.5k"
"bambu","cqn","Brain","B32",0.725708233134171,4940,"1.5k-3k"
"bambu","cqn","Brain","B32",0.629891063668327,2972,"3k-4.5k"
"bambu","cqn","Brain","B32",0.467069384493702,3061,">4.5k"
"bambu","cqn","Brain","B33",0.829711850456075,3449,"0-1.5k"
"bambu","cqn","Brain","B33",0.720047478850191,4903,"1.5k-3k"
"bambu","cqn","Brain","B33",0.612963917992606,2962,"3k-4.5k"
"bambu","cqn","Brain","B33",0.452891498488965,3038,">4.5k"
"bambu","cqn","Brain","B34",0.836566973711233,3468,"0-1.5k"
"bambu","cqn","Brain","B34",0.719404538415985,4918,"1.5k-3k"
"bambu","cqn","Brain","B34",0.595060846778166,2965,"3k-4.5k"
"bambu","cqn","Brain","B34",0.444255137324751,3039,">4.5k"
"bambu","cqn","Brain","B35",0.837096516540785,3487,"0-1.5k"
"bambu","cqn","Brain","B35",0.72866104715057,4957,"1.5k-3k"
"bambu","cqn","Brain","B35",0.627825870476208,2974,"3k-4.5k"
"bambu","cqn","Brain","B35",0.44624121449873,3054,">4.5k"
"bambu","cqn","Kidney","K31",0.843512974848165,3487,"0-1.5k"
"bambu","cqn","Kidney","K31",0.76716245804532,4788,"1.5k-3k"
"bambu","cqn","Kidney","K31",0.670772895228325,2641,"3k-4.5k"
"bambu","cqn","Kidney","K31",0.443110005999092,2576,">4.5k"
"bambu","cqn","Kidney","K32",0.850829851847387,3483,"0-1.5k"
"bambu","cqn","Kidney","K32",0.782075488672929,4832,"1.5k-3k"
"bambu","cqn","Kidney","K32",0.702252461641338,2734,"3k-4.5k"
"bambu","cqn","Kidney","K32",0.536689723815217,2681,">4.5k"
"bambu","cqn","Kidney","K33",0.848437559460344,3490,"0-1.5k"
"bambu","cqn","Kidney","K33",0.778635160525111,4786,"1.5k-3k"
"bambu","cqn","Kidney","K33",0.688179950250676,2662,"3k-4.5k"
"bambu","cqn","Kidney","K33",0.483242456689628,2570,">4.5k"
"bambu","cqn","Kidney","K34",0.845868815866746,3474,"0-1.5k"
"bambu","cqn","Kidney","K34",0.774774633034826,4779,"1.5k-3k"
"bambu","cqn","Kidney","K34",0.685812421179876,2651,"3k-4.5k"
"bambu","cqn","Kidney","K34",0.494352652392861,2594,">4.5k"
"bambu","cqn","Kidney","K35",0.837118966614834,3487,"0-1.5k"
"bambu","cqn","Kidney","K35",0.769745632067787,4784,"1.5k-3k"
"bambu","cqn","Kidney","K35",0.653798952417254,2594,"3k-4.5k"
"bambu","cqn","Kidney","K35",0.471176676205279,2523,">4.5k"
"bambu","ratio_counts","B20K80","BK20801",0.629802027992787,3628,"0-1.5k"
"bambu","ratio_counts","B20K80","BK20801",0.56107804313022,4955,"1.5k-3k"
"bambu","ratio_counts","B20K80","BK20801",0.488326290010816,2846,"3k-4.5k"
"bambu","ratio_counts","B20K80","BK20801",0.315226849324142,2881,">4.5k"
"bambu","ratio_counts","B20K80","BK20802",0.690040418644433,3656,"0-1.5k"
"bambu","ratio_counts","B20K80","BK20802",0.671702338530035,5042,"1.5k-3k"
"bambu","ratio_counts","B20K80","BK20802",0.581331056008765,2899,"3k-4.5k"
"bambu","ratio_counts","B20K80","BK20802",0.416828608593944,2912,">4.5k"
"bambu","ratio_counts","B20K80","BK20803",0.674646063676801,3639,"0-1.5k"
"bambu","ratio_counts","B20K80","BK20803",0.676526666228286,4964,"1.5k-3k"
"bambu","ratio_counts","B20K80","BK20803",0.583602130913234,2838,"3k-4.5k"
"bambu","ratio_counts","B20K80","BK20803",0.412933360491111,2878,">4.5k"
"bambu","ratio_counts","B20K80","BK20804",0.664766314430147,3638,"0-1.5k"
"bambu","ratio_counts","B20K80","BK20804",0.695205721286908,4996,"1.5k-3k"
"bambu","ratio_counts","B20K80","BK20804",0.622757874268363,2862,"3k-4.5k"
"bambu","ratio_counts","B20K80","BK20804",0.444763985400805,2891,">4.5k"
"bambu","ratio_counts","B20K80","BK20805",0.686319130492283,3644,"0-1.5k"
"bambu","ratio_counts","B20K80","BK20805",0.643378206806999,4980,"1.5k-3k"
"bambu","ratio_counts","B20K80","BK20805",0.542749672232145,2863,"3k-4.5k"
"bambu","ratio_counts","B20K80","BK20805",0.386703948669786,2884,">4.5k"
"bambu","ratio_counts","B80K20","BK80201",0.641891773855437,3624,"0-1.5k"
"bambu","ratio_counts","B80K20","BK80201",0.629666820314663,5016,"1.5k-3k"
"bambu","ratio_counts","B80K20","BK80201",0.522632188693827,2941,"3k-4.5k"
"bambu","ratio_counts","B80K20","BK80201",0.389077581999655,2971,">4.5k"
"bambu","ratio_counts","B80K20","BK80202",0.634267256720418,3630,"0-1.5k"
"bambu","ratio_counts","B80K20","BK80202",0.615198594357728,5068,"1.5k-3k"
"bambu","ratio_counts","B80K20","BK80202",0.559094437744528,2949,"3k-4.5k"
"bambu","ratio_counts","B80K20","BK80202",0.413690093802006,3008,">4.5k"
"bambu","ratio_counts","B80K20","BK80203",0.556988164262921,3586,"0-1.5k"
"bambu","ratio_counts","B80K20","BK80203",0.493354407154357,4940,"1.5k-3k"
"bambu","ratio_counts","B80K20","BK80203",0.439160152019971,2882,"3k-4.5k"
"bambu","ratio_counts","B80K20","BK80203",0.302581960792248,2934,">4.5k"
"bambu","ratio_counts","B80K20","BK80204",0.565459112796086,3660,"0-1.5k"
"bambu","ratio_counts","B80K20","BK80204",0.5494369653832,5077,"1.5k-3k"
"bambu","ratio_counts","B80K20","BK80204",0.459588020008242,2959,"3k-4.5k"
"bambu","ratio_counts","B80K20","BK80204",0.293056743164485,2989,">4.5k"
"bambu","ratio_counts","B80K20","BK80205",0.571895986082972,3638,"0-1.5k"
"bambu","ratio_counts","B80K20","BK80205",0.566968771648588,4986,"1.5k-3k"
"bambu","ratio_counts","B80K20","BK80205",0.483612772379637,2885,"3k-4.5k"
"bambu","ratio_counts","B80K20","BK80205",0.327693798431898,2963,">4.5k"
"bambu","ratio_counts","Brain","B31",0.755747573918655,3360,"0-1.5k"
"bambu","ratio_counts","Brain","B31",0.688582599168707,4718,"1.5k-3k"
"bambu","ratio_counts","Brain","B31",0.585190371399052,2822,"3k-4.5k"
"bambu","ratio_counts","Brain","B31",0.432355100672905,2879,">4.5k"
"bambu","ratio_counts","Brain","B32",0.784793122728947,3352,"0-1.5k"
"bambu","ratio_counts","Brain","B32",0.726130032689194,4701,"1.5k-3k"
"bambu","ratio_counts","Brain","B32",0.681444778576995,2816,"3k-4.5k"
"bambu","ratio_counts","Brain","B32",0.507405112297264,2925,">4.5k"
"bambu","ratio_counts","Brain","B33",0.744423984102284,3350,"0-1.5k"
"bambu","ratio_counts","Brain","B33",0.715857405211041,4713,"1.5k-3k"
"bambu","ratio_counts","Brain","B33",0.640746437931455,2844,"3k-4.5k"
"bambu","ratio_counts","Brain","B33",0.493679060943235,2936,">4.5k"
"bambu","ratio_counts","Brain","B34",0.739192970755246,3369,"0-1.5k"
"bambu","ratio_counts","Brain","B34",0.702335416651289,4696,"1.5k-3k"
"bambu","ratio_counts","Brain","B34",0.615679045696565,2838,"3k-4.5k"
"bambu","ratio_counts","Brain","B34",0.465722907410312,2913,">4.5k"
"bambu","ratio_counts","Brain","B35",0.727357327648467,3338,"0-1.5k"
"bambu","ratio_counts","Brain","B35",0.706054636176954,4657,"1.5k-3k"
"bambu","ratio_counts","Brain","B35",0.641502025704132,2822,"3k-4.5k"
"bambu","ratio_counts","Brain","B35",0.450570009608421,2909,">4.5k"
"bambu","ratio_counts","Kidney","K31",0.74415134946817,3370,"0-1.5k"
"bambu","ratio_counts","Kidney","K31",0.761561616803398,4428,"1.5k-3k"
"bambu","ratio_counts","Kidney","K31",0.69643023284561,2371,"3k-4.5k"
"bambu","ratio_counts","Kidney","K31",0.563222759318618,2324,">4.5k"
"bambu","ratio_counts","Kidney","K32",0.782500309222302,3388,"0-1.5k"
"bambu","ratio_counts","Kidney","K32",0.799113997932614,4523,"1.5k-3k"
"bambu","ratio_counts","Kidney","K32",0.730023016080793,2502,"3k-4.5k"
"bambu","ratio_counts","Kidney","K32",0.63640471468616,2420,">4.5k"
"bambu","ratio_counts","Kidney","K33",0.748400783895874,3383,"0-1.5k"
"bambu","ratio_counts","Kidney","K33",0.771820647963744,4435,"1.5k-3k"
"bambu","ratio_counts","Kidney","K33",0.707151513456619,2426,"3k-4.5k"
"bambu","ratio_counts","Kidney","K33",0.576789905335503,2318,">4.5k"
"bambu","ratio_counts","Kidney","K34",0.72931245559701,3353,"0-1.5k"
"bambu","ratio_counts","Kidney","K34",0.775835737548935,4377,"1.5k-3k"
"bambu","ratio_counts","Kidney","K34",0.726766449796522,2353,"3k-4.5k"
"bambu","ratio_counts","Kidney","K34",0.590297703008055,2251,">4.5k"
"bambu","ratio_counts","Kidney","K35",0.72735403691927,3324,"0-1.5k"
"bambu","ratio_counts","Kidney","K35",0.764880418583151,4349,"1.5k-3k"
"bambu","ratio_counts","Kidney","K35",0.685193568337556,2314,"3k-4.5k"
"bambu","ratio_counts","Kidney","K35",0.600672379226149,2231,">4.5k"
"flair","CPM","B20K80","BK20801",0.761520247163794,3849,"0-1.5k"
"flair","CPM","B20K80","BK20801",0.606180639181312,4169,"1.5k-3k"
"flair","CPM","B20K80","BK20801",0.507423692404915,1319,"3k-4.5k"
"flair","CPM","B20K80","BK20801",0.567141395060786,501,">4.5k"
"flair","CPM","B20K80","BK20802",0.768089775897854,3848,"0-1.5k"
"flair","CPM","B20K80","BK20802",0.657325972015446,4185,"1.5k-3k"
"flair","CPM","B20K80","BK20802",0.568311201415614,1338,"3k-4.5k"
"flair","CPM","B20K80","BK20802",0.630217274393907,510,">4.5k"
"flair","CPM","B20K80","BK20803",0.766695214104152,3855,"0-1.5k"
"flair","CPM","B20K80","BK20803",0.62949561489183,4180,"1.5k-3k"
"flair","CPM","B20K80","BK20803",0.529202756671225,1327,"3k-4.5k"
"flair","CPM","B20K80","BK20803",0.594265679965019,501,">4.5k"
"flair","CPM","B20K80","BK20804",0.752288210764637,3828,"0-1.5k"
"flair","CPM","B20K80","BK20804",0.621967059186425,4184,"1.5k-3k"
"flair","CPM","B20K80","BK20804",0.519800144779229,1328,"3k-4.5k"
"flair","CPM","B20K80","BK20804",0.592228374353474,503,">4.5k"
"flair","CPM","B20K80","BK20805",0.75394662171582,3856,"0-1.5k"
"flair","CPM","B20K80","BK20805",0.603010493547967,4174,"1.5k-3k"
"flair","CPM","B20K80","BK20805",0.49365508733229,1332,"3k-4.5k"
"flair","CPM","B20K80","BK20805",0.556337216699093,498,">4.5k"
"flair","CPM","B80K20","BK80201",0.753223223220209,3824,"0-1.5k"
"flair","CPM","B80K20","BK80201",0.599167113671208,4380,"1.5k-3k"
"flair","CPM","B80K20","BK80201",0.483464922563021,1582,"3k-4.5k"
"flair","CPM","B80K20","BK80201",0.542757172005737,614,">4.5k"
"flair","CPM","B80K20","BK80202",0.753632656974982,3817,"0-1.5k"
"flair","CPM","B80K20","BK80202",0.619966911494003,4379,"1.5k-3k"
"flair","CPM","B80K20","BK80202",0.524540893431953,1592,"3k-4.5k"
"flair","CPM","B80K20","BK80202",0.57018578728783,614,">4.5k"
"flair","CPM","B80K20","BK80203",0.759746219830973,3809,"0-1.5k"
"flair","CPM","B80K20","BK80203",0.616096146937856,4362,"1.5k-3k"
"flair","CPM","B80K20","BK80203",0.508532560192433,1582,"3k-4.5k"
"flair","CPM","B80K20","BK80203",0.552886273342954,613,">4.5k"
"flair","CPM","B80K20","BK80204",0.753205406296854,3847,"0-1.5k"
"flair","CPM","B80K20","BK80204",0.587001541613937,4383,"1.5k-3k"
"flair","CPM","B80K20","BK80204",0.477976952586469,1585,"3k-4.5k"
"flair","CPM","B80K20","BK80204",0.556499346574883,610,">4.5k"
"flair","CPM","B80K20","BK80205",0.746560750674015,3830,"0-1.5k"
"flair","CPM","B80K20","BK80205",0.590193794239351,4367,"1.5k-3k"
"flair","CPM","B80K20","BK80205",0.484336010601539,1582,"3k-4.5k"
"flair","CPM","B80K20","BK80205",0.543504542108551,614,">4.5k"
"flair","CPM","Brain","B31",0.76411703588611,3523,"0-1.5k"
"flair","CPM","Brain","B31",0.607697994788324,4210,"1.5k-3k"
"flair","CPM","Brain","B31",0.505256661921391,1550,"3k-4.5k"
"flair","CPM","Brain","B31",0.542892229498346,594,">4.5k"
"flair","CPM","Brain","B32",0.770844730287752,3523,"0-1.5k"
"flair","CPM","Brain","B32",0.649617050220463,4220,"1.5k-3k"
"flair","CPM","Brain","B32",0.544618701765507,1551,"3k-4.5k"
"flair","CPM","Brain","B32",0.576594964623777,604,">4.5k"
"flair","CPM","Brain","B33",0.769284186238034,3504,"0-1.5k"
"flair","CPM","Brain","B33",0.649578198185316,4222,"1.5k-3k"
"flair","CPM","Brain","B33",0.533436009917064,1551,"3k-4.5k"
"flair","CPM","Brain","B33",0.555456564727807,601,">4.5k"
"flair","CPM","Brain","B34",0.766150712482921,3516,"0-1.5k"
"flair","CPM","Brain","B34",0.61512388430341,4201,"1.5k-3k"
"flair","CPM","Brain","B34",0.501066950499541,1551,"3k-4.5k"
"flair","CPM","Brain","B34",0.544435628941851,599,">4.5k"
"flair","CPM","Brain","B35",0.77103043942046,3508,"0-1.5k"
"flair","CPM","Brain","B35",0.647440912312345,4223,"1.5k-3k"
"flair","CPM","Brain","B35",0.539944892336638,1549,"3k-4.5k"
"flair","CPM","Brain","B35",0.556478614563958,604,">4.5k"
"flair","CPM","Kidney","K31",0.794968149754253,3530,"0-1.5k"
"flair","CPM","Kidney","K31",0.651874052475806,3744,"1.5k-3k"
"flair","CPM","Kidney","K31",0.575567667482264,1140,"3k-4.5k"
"flair","CPM","Kidney","K31",0.592100458423409,389,">4.5k"
"flair","CPM","Kidney","K32",0.804285483509328,3534,"0-1.5k"
"flair","CPM","Kidney","K32",0.695174344031061,3783,"1.5k-3k"
"flair","CPM","Kidney","K32",0.634809163766943,1155,"3k-4.5k"
"flair","CPM","Kidney","K32",0.623611073041144,390,">4.5k"
"flair","CPM","Kidney","K33",0.797701480689146,3532,"0-1.5k"
"flair","CPM","Kidney","K33",0.659576214132221,3749,"1.5k-3k"
"flair","CPM","Kidney","K33",0.585297603612861,1145,"3k-4.5k"
"flair","CPM","Kidney","K33",0.606819693163721,389,">4.5k"
"flair","CPM","Kidney","K34",0.809013108763167,3529,"0-1.5k"
"flair","CPM","Kidney","K34",0.700272434732265,3762,"1.5k-3k"
"flair","CPM","Kidney","K34",0.623182365742362,1137,"3k-4.5k"
"flair","CPM","Kidney","K34",0.602365828327809,393,">4.5k"
"flair","CPM","Kidney","K35",0.803883922192832,3524,"0-1.5k"
"flair","CPM","Kidney","K35",0.651045859670178,3715,"1.5k-3k"
"flair","CPM","Kidney","K35",0.579019118840604,1129,"3k-4.5k"
"flair","CPM","Kidney","K35",0.584101729062051,384,">4.5k"
"flair","EDA","B20K80","BK20801",0.760855220700426,3849,"0-1.5k"
"flair","EDA","B20K80","BK20801",0.606174856169754,4169,"1.5k-3k"
"flair","EDA","B20K80","BK20801",0.505619248508112,1319,"3k-4.5k"
"flair","EDA","B20K80","BK20801",0.560842344653538,501,">4.5k"
"flair","EDA","B20K80","BK20802",0.758253066869575,3848,"0-1.5k"
"flair","EDA","B20K80","BK20802",0.657013801738617,4185,"1.5k-3k"
"flair","EDA","B20K80","BK20802",0.56679061916051,1338,"3k-4.5k"
"flair","EDA","B20K80","BK20802",0.607303341449474,510,">4.5k"
"flair","EDA","B20K80","BK20803",0.763395906943388,3855,"0-1.5k"
"flair","EDA","B20K80","BK20803",0.629295764534252,4180,"1.5k-3k"
"flair","EDA","B20K80","BK20803",0.527338847551002,1327,"3k-4.5k"
"flair","EDA","B20K80","BK20803",0.580107259584417,501,">4.5k"
"flair","EDA","B20K80","BK20804",0.748651776036106,3828,"0-1.5k"
"flair","EDA","B20K80","BK20804",0.621815834838319,4184,"1.5k-3k"
"flair","EDA","B20K80","BK20804",0.517766309613056,1328,"3k-4.5k"
"flair","EDA","B20K80","BK20804",0.572019754269389,503,">4.5k"
"flair","EDA","B20K80","BK20805",0.754298156071347,3856,"0-1.5k"
"flair","EDA","B20K80","BK20805",0.602734350796428,4174,"1.5k-3k"
"flair","EDA","B20K80","BK20805",0.492155489343571,1332,"3k-4.5k"
"flair","EDA","B20K80","BK20805",0.550313702246648,498,">4.5k"
"flair","EDA","B80K20","BK80201",0.751764253647726,3824,"0-1.5k"
"flair","EDA","B80K20","BK80201",0.598676390876339,4380,"1.5k-3k"
"flair","EDA","B80K20","BK80201",0.48262903523554,1582,"3k-4.5k"
"flair","EDA","B80K20","BK80201",0.535226666712287,614,">4.5k"
"flair","EDA","B80K20","BK80202",0.747607966240886,3817,"0-1.5k"
"flair","EDA","B80K20","BK80202",0.619229298611762,4379,"1.5k-3k"
"flair","EDA","B80K20","BK80202",0.524295856767237,1592,"3k-4.5k"
"flair","EDA","B80K20","BK80202",0.559071694521865,614,">4.5k"
"flair","EDA","B80K20","BK80203",0.755106265560712,3809,"0-1.5k"
"flair","EDA","B80K20","BK80203",0.615602915744075,4362,"1.5k-3k"
"flair","EDA","B80K20","BK80203",0.507128953077996,1582,"3k-4.5k"
"flair","EDA","B80K20","BK80203",0.538316255877294,613,">4.5k"
"flair","EDA","B80K20","BK80204",0.752762176471665,3847,"0-1.5k"
"flair","EDA","B80K20","BK80204",0.58676891782277,4383,"1.5k-3k"
"flair","EDA","B80K20","BK80204",0.477376683973684,1585,"3k-4.5k"
"flair","EDA","B80K20","BK80204",0.549693557227565,610,">4.5k"
"flair","EDA","B80K20","BK80205",0.747560187191851,3830,"0-1.5k"
"flair","EDA","B80K20","BK80205",0.589828334450519,4367,"1.5k-3k"
"flair","EDA","B80K20","BK80205",0.483175247074082,1582,"3k-4.5k"
"flair","EDA","B80K20","BK80205",0.534198351415421,614,">4.5k"
"flair","EDA","Brain","B31",0.763163981585842,3523,"0-1.5k"
"flair","EDA","Brain","B31",0.607143492097312,4210,"1.5k-3k"
"flair","EDA","Brain","B31",0.50619355501308,1550,"3k-4.5k"
"flair","EDA","Brain","B31",0.545181347105759,594,">4.5k"
"flair","EDA","Brain","B32",0.764640519730132,3523,"0-1.5k"
"flair","EDA","Brain","B32",0.647757617006899,4220,"1.5k-3k"
"flair","EDA","Brain","B32",0.545339044777782,1551,"3k-4.5k"
"flair","EDA","Brain","B32",0.57143591564693,604,">4.5k"
"flair","EDA","Brain","B33",0.765184391508706,3504,"0-1.5k"
"flair","EDA","Brain","B33",0.64838785905824,4222,"1.5k-3k"
"flair","EDA","Brain","B33",0.533903594925211,1551,"3k-4.5k"
"flair","EDA","Brain","B33",0.5525396563941,601,">4.5k"
"flair","EDA","Brain","B34",0.764475472051941,3516,"0-1.5k"
"flair","EDA","Brain","B34",0.614285668266598,4201,"1.5k-3k"
"flair","EDA","Brain","B34",0.50175152160313,1551,"3k-4.5k"
"flair","EDA","Brain","B34",0.54724574402153,599,">4.5k"
"flair","EDA","Brain","B35",0.767751881831569,3508,"0-1.5k"
"flair","EDA","Brain","B35",0.646242379232472,4223,"1.5k-3k"
"flair","EDA","Brain","B35",0.540989168529072,1549,"3k-4.5k"
"flair","EDA","Brain","B35",0.550843656787043,604,">4.5k"
"flair","EDA","Kidney","K31",0.791987846775538,3530,"0-1.5k"
"flair","EDA","Kidney","K31",0.651236433563351,3744,"1.5k-3k"
"flair","EDA","Kidney","K31",0.572875334078762,1140,"3k-4.5k"
"flair","EDA","Kidney","K31",0.582927207157987,389,">4.5k"
"flair","EDA","Kidney","K32",0.792391451476509,3534,"0-1.5k"
"flair","EDA","Kidney","K32",0.695083398031799,3783,"1.5k-3k"
"flair","EDA","Kidney","K32",0.6320983703794,1155,"3k-4.5k"
"flair","EDA","Kidney","K32",0.594852572987765,390,">4.5k"
"flair","EDA","Kidney","K33",0.791148371668719,3532,"0-1.5k"
"flair","EDA","Kidney","K33",0.659237955808087,3749,"1.5k-3k"
"flair","EDA","Kidney","K33",0.583000020922344,1145,"3k-4.5k"
"flair","EDA","Kidney","K33",0.586350654089768,389,">4.5k"
"flair","EDA","Kidney","K34",0.799946637495333,3529,"0-1.5k"
"flair","EDA","Kidney","K34",0.700116015514715,3762,"1.5k-3k"
"flair","EDA","Kidney","K34",0.619712681507383,1137,"3k-4.5k"
"flair","EDA","Kidney","K34",0.574233565714728,393,">4.5k"
"flair","EDA","Kidney","K35",0.801115477694896,3524,"0-1.5k"
"flair","EDA","Kidney","K35",0.649813580369949,3715,"1.5k-3k"
"flair","EDA","Kidney","K35",0.575795884502074,1129,"3k-4.5k"
"flair","EDA","Kidney","K35",0.572826667457868,384,">4.5k"
"flair","TPM","B20K80","BK20801",0.71509655106301,3849,"0-1.5k"
"flair","TPM","B20K80","BK20801",0.602282156170469,4169,"1.5k-3k"
"flair","TPM","B20K80","BK20801",0.515944144118273,1319,"3k-4.5k"
"flair","TPM","B20K80","BK20801",0.609968571461903,501,">4.5k"
"flair","TPM","B20K80","BK20802",0.720725551144084,3848,"0-1.5k"
"flair","TPM","B20K80","BK20802",0.646129131752783,4185,"1.5k-3k"
"flair","TPM","B20K80","BK20802",0.574506621071834,1338,"3k-4.5k"
"flair","TPM","B20K80","BK20802",0.668267731274895,510,">4.5k"
"flair","TPM","B20K80","BK20803",0.722902572934127,3855,"0-1.5k"
"flair","TPM","B20K80","BK20803",0.624988135105824,4180,"1.5k-3k"
"flair","TPM","B20K80","BK20803",0.537425729953029,1327,"3k-4.5k"
"flair","TPM","B20K80","BK20803",0.632449173366415,501,">4.5k"
"flair","TPM","B20K80","BK20804",0.70844330537459,3828,"0-1.5k"
"flair","TPM","B20K80","BK20804",0.616642098176567,4184,"1.5k-3k"
"flair","TPM","B20K80","BK20804",0.527780426966,1328,"3k-4.5k"
"flair","TPM","B20K80","BK20804",0.636255034504724,503,">4.5k"
"flair","TPM","B20K80","BK20805",0.711262601985484,3856,"0-1.5k"
"flair","TPM","B20K80","BK20805",0.600906254808447,4174,"1.5k-3k"
"flair","TPM","B20K80","BK20805",0.50039415237121,1332,"3k-4.5k"
"flair","TPM","B20K80","BK20805",0.598812451151969,498,">4.5k"
"flair","TPM","B80K20","BK80201",0.706538680504807,3824,"0-1.5k"
"flair","TPM","B80K20","BK80201",0.590065990470703,4380,"1.5k-3k"
"flair","TPM","B80K20","BK80201",0.487193882469939,1582,"3k-4.5k"
"flair","TPM","B80K20","BK80201",0.577137279889549,614,">4.5k"
"flair","TPM","B80K20","BK80202",0.705514142113325,3817,"0-1.5k"
"flair","TPM","B80K20","BK80202",0.60758292640691,4379,"1.5k-3k"
"flair","TPM","B80K20","BK80202",0.527193766713765,1592,"3k-4.5k"
"flair","TPM","B80K20","BK80202",0.603926021809602,614,">4.5k"
"flair","TPM","B80K20","BK80203",0.715103181053936,3809,"0-1.5k"
"flair","TPM","B80K20","BK80203",0.607574896613926,4362,"1.5k-3k"
"flair","TPM","B80K20","BK80203",0.511120214133496,1582,"3k-4.5k"
"flair","TPM","B80K20","BK80203",0.590921332189557,613,">4.5k"
"flair","TPM","B80K20","BK80204",0.706041570882372,3847,"0-1.5k"
"flair","TPM","B80K20","BK80204",0.579661392446463,4383,"1.5k-3k"
"flair","TPM","B80K20","BK80204",0.482149747839524,1585,"3k-4.5k"
"flair","TPM","B80K20","BK80204",0.591418201369731,610,">4.5k"
"flair","TPM","B80K20","BK80205",0.701393239570427,3830,"0-1.5k"
"flair","TPM","B80K20","BK80205",0.583677143003704,4367,"1.5k-3k"
"flair","TPM","B80K20","BK80205",0.487840587247629,1582,"3k-4.5k"
"flair","TPM","B80K20","BK80205",0.580152268500337,614,">4.5k"
"flair","TPM","Brain","B31",0.723515597375551,3523,"0-1.5k"
"flair","TPM","Brain","B31",0.600309003964058,4210,"1.5k-3k"
"flair","TPM","Brain","B31",0.511849047720266,1550,"3k-4.5k"
"flair","TPM","Brain","B31",0.588541852675033,594,">4.5k"
"flair","TPM","Brain","B32",0.729308331400529,3523,"0-1.5k"
"flair","TPM","Brain","B32",0.634480351886546,4220,"1.5k-3k"
"flair","TPM","Brain","B32",0.548708038341774,1551,"3k-4.5k"
"flair","TPM","Brain","B32",0.613071643221575,604,">4.5k"
"flair","TPM","Brain","B33",0.727694951645343,3504,"0-1.5k"
"flair","TPM","Brain","B33",0.634868606038588,4222,"1.5k-3k"
"flair","TPM","Brain","B33",0.538053920652461,1551,"3k-4.5k"
"flair","TPM","Brain","B33",0.595373251051311,601,">4.5k"
"flair","TPM","Brain","B34",0.723627519684659,3516,"0-1.5k"
"flair","TPM","Brain","B34",0.603976635856413,4201,"1.5k-3k"
"flair","TPM","Brain","B34",0.505551019695146,1551,"3k-4.5k"
"flair","TPM","Brain","B34",0.584008687835355,599,">4.5k"
"flair","TPM","Brain","B35",0.730176864038407,3508,"0-1.5k"
"flair","TPM","Brain","B35",0.635078450627111,4223,"1.5k-3k"
"flair","TPM","Brain","B35",0.54441081422829,1549,"3k-4.5k"
"flair","TPM","Brain","B35",0.596397782212516,604,">4.5k"
"flair","TPM","Kidney","K31",0.755610564035644,3530,"0-1.5k"
"flair","TPM","Kidney","K31",0.652016032960731,3744,"1.5k-3k"
"flair","TPM","Kidney","K31",0.587167399323174,1140,"3k-4.5k"
"flair","TPM","Kidney","K31",0.634716022636584,389,">4.5k"
"flair","TPM","Kidney","K32",0.762633124595593,3534,"0-1.5k"
"flair","TPM","Kidney","K32",0.685933398448412,3783,"1.5k-3k"
"flair","TPM","Kidney","K32",0.64403168760153,1155,"3k-4.5k"
"flair","TPM","Kidney","K32",0.6628619245897,390,">4.5k"
"flair","TPM","Kidney","K33",0.757561831637577,3532,"0-1.5k"
"flair","TPM","Kidney","K33",0.657892525251194,3749,"1.5k-3k"
"flair","TPM","Kidney","K33",0.595438626130803,1145,"3k-4.5k"
"flair","TPM","Kidney","K33",0.653056598080847,389,">4.5k"
"flair","TPM","Kidney","K34",0.774109920916492,3529,"0-1.5k"
"flair","TPM","Kidney","K34",0.693345325379659,3762,"1.5k-3k"
"flair","TPM","Kidney","K34",0.633622249989622,1137,"3k-4.5k"
"flair","TPM","Kidney","K34",0.644615122054723,393,">4.5k"
"flair","TPM","Kidney","K35",0.769010101554432,3524,"0-1.5k"
"flair","TPM","Kidney","K35",0.65241070035423,3715,"1.5k-3k"
"flair","TPM","Kidney","K35",0.590187673689174,1129,"3k-4.5k"
"flair","TPM","Kidney","K35",0.63650523870128,384,">4.5k"
"flair","cqn","B20K80","BK20801",0.777628696205787,4068,"0-1.5k"
"flair","cqn","B20K80","BK20801",0.595782737761817,5052,"1.5k-3k"
"flair","cqn","B20K80","BK20801",0.419990580842119,1949,"3k-4.5k"
"flair","cqn","B20K80","BK20801",0.344271288934235,815,">4.5k"
"flair","cqn","B20K80","BK20802",0.777087783115604,4054,"0-1.5k"
"flair","cqn","B20K80","BK20802",0.624059670922919,5061,"1.5k-3k"
"flair","cqn","B20K80","BK20802",0.391154868172452,1953,"3k-4.5k"
"flair","cqn","B20K80","BK20802",0.2993226974475,816,">4.5k"
"flair","cqn","B20K80","BK20803",0.781254783749896,4066,"0-1.5k"
"flair","cqn","B20K80","BK20803",0.612494837388242,5057,"1.5k-3k"
"flair","cqn","B20K80","BK20803",0.416269995952171,1952,"3k-4.5k"
"flair","cqn","B20K80","BK20803",0.364191910192024,808,">4.5k"
"flair","cqn","B20K80","BK20804",0.771444363164985,4032,"0-1.5k"
"flair","cqn","B20K80","BK20804",0.613166191304204,5047,"1.5k-3k"
"flair","cqn","B20K80","BK20804",0.432392319340455,1948,"3k-4.5k"
"flair","cqn","B20K80","BK20804",0.39097414845025,812,">4.5k"
"flair","cqn","B20K80","BK20805",0.77704373394392,4069,"0-1.5k"
"flair","cqn","B20K80","BK20805",0.601529904961577,5046,"1.5k-3k"
"flair","cqn","B20K80","BK20805",0.423684300935407,1955,"3k-4.5k"
"flair","cqn","B20K80","BK20805",0.373324396282143,808,">4.5k"
"flair","cqn","B80K20","BK80201",0.762975280320753,4028,"0-1.5k"
"flair","cqn","B80K20","BK80201",0.581564887725655,5049,"1.5k-3k"
"flair","cqn","B80K20","BK80201",0.43069077818107,1959,"3k-4.5k"
"flair","cqn","B80K20","BK80201",0.404398610407275,818,">4.5k"
"flair","cqn","B80K20","BK80202",0.760418536501121,4008,"0-1.5k"
"flair","cqn","B80K20","BK80202",0.594822838401384,5048,"1.5k-3k"
"flair","cqn","B80K20","BK80202",0.434927537876255,1964,"3k-4.5k"
"flair","cqn","B80K20","BK80202",0.395135300708906,821,">4.5k"
"flair","cqn","B80K20","BK80203",0.769158050268957,4049,"0-1.5k"
"flair","cqn","B80K20","BK80203",0.592530586365178,5058,"1.5k-3k"
"flair","cqn","B80K20","BK80203",0.437341202769877,1963,"3k-4.5k"
"flair","cqn","B80K20","BK80203",0.407509438729956,823,">4.5k"
"flair","cqn","B80K20","BK80204",0.76667370568615,4048,"0-1.5k"
"flair","cqn","B80K20","BK80204",0.577213394687918,5056,"1.5k-3k"
"flair","cqn","B80K20","BK80204",0.419364457992682,1961,"3k-4.5k"
"flair","cqn","B80K20","BK80204",0.423998696541167,816,">4.5k"
"flair","cqn","B80K20","BK80205",0.762326928373372,4046,"0-1.5k"
"flair","cqn","B80K20","BK80205",0.582965977591439,5050,"1.5k-3k"
"flair","cqn","B80K20","BK80205",0.436675902758021,1959,"3k-4.5k"
"flair","cqn","B80K20","BK80205",0.424693803049494,820,">4.5k"
"flair","cqn","Brain","B31",0.787901013744147,3783,"0-1.5k"
"flair","cqn","Brain","B31",0.655068683021454,4777,"1.5k-3k"
"flair","cqn","Brain","B31",0.53517744964613,1886,"3k-4.5k"
"flair","cqn","Brain","B31",0.45281164026883,796,">4.5k"
"flair","cqn","Brain","B32",0.790772519332306,3819,"0-1.5k"
"flair","cqn","Brain","B32",0.691033874255932,4819,"1.5k-3k"
"flair","cqn","Brain","B32",0.563960946924963,1908,"3k-4.5k"
"flair","cqn","Brain","B32",0.452879617868934,810,">4.5k"
"flair","cqn","Brain","B33",0.789654554449066,3764,"0-1.5k"
"flair","cqn","Brain","B33",0.689651449103019,4783,"1.5k-3k"
"flair","cqn","Brain","B33",0.555255707994954,1895,"3k-4.5k"
"flair","cqn","Brain","B33",0.437886189600308,804,">4.5k"
"flair","cqn","Brain","B34",0.786813517318577,3780,"0-1.5k"
"flair","cqn","Brain","B34",0.665841310902843,4781,"1.5k-3k"
"flair","cqn","Brain","B34",0.538187757946434,1904,"3k-4.5k"
"flair","cqn","Brain","B34",0.440983686747247,803,">4.5k"
"flair","cqn","Brain","B35",0.797916110011333,3818,"0-1.5k"
"flair","cqn","Brain","B35",0.697872697603213,4831,"1.5k-3k"
"flair","cqn","Brain","B35",0.576640421588228,1917,"3k-4.5k"
"flair","cqn","Brain","B35",0.44835796293965,808,">4.5k"
"flair","cqn","Kidney","K31",0.811044100402417,3828,"0-1.5k"
"flair","cqn","Kidney","K31",0.71150308510004,4689,"1.5k-3k"
"flair","cqn","Kidney","K31",0.598053705479462,1753,"3k-4.5k"
"flair","cqn","Kidney","K31",0.506740746685242,701,">4.5k"
"flair","cqn","Kidney","K32",0.812502791440241,3825,"0-1.5k"
"flair","cqn","Kidney","K32",0.727786324775864,4736,"1.5k-3k"
"flair","cqn","Kidney","K32",0.590304204309876,1782,"3k-4.5k"
"flair","cqn","Kidney","K32",0.50567548919609,716,">4.5k"
"flair","cqn","Kidney","K33",0.808456716676588,3827,"0-1.5k"
"flair","cqn","Kidney","K33",0.711484190776221,4703,"1.5k-3k"
"flair","cqn","Kidney","K33",0.590822909059624,1767,"3k-4.5k"
"flair","cqn","Kidney","K33",0.466284611904142,703,">4.5k"
"flair","cqn","Kidney","K34",0.817031958270179,3817,"0-1.5k"
"flair","cqn","Kidney","K34",0.733563628068591,4694,"1.5k-3k"
"flair","cqn","Kidney","K34",0.613557336353704,1750,"3k-4.5k"
"flair","cqn","Kidney","K34",0.542234391963048,712,">4.5k"
"flair","cqn","Kidney","K35",0.816880831087839,3837,"0-1.5k"
"flair","cqn","Kidney","K35",0.711942729480281,4714,"1.5k-3k"
"flair","cqn","Kidney","K35",0.59193960096977,1722,"3k-4.5k"
"flair","cqn","Kidney","K35",0.438888915925205,700,">4.5k"
"flair","ratio_counts","B20K80","BK20801",0.516852803263513,3849,"0-1.5k"
"flair","ratio_counts","B20K80","BK20801",0.39606017329391,4169,"1.5k-3k"
"flair","ratio_counts","B20K80","BK20801",0.337028446848438,1319,"3k-4.5k"
"flair","ratio_counts","B20K80","BK20801",0.29795263895897,501,">4.5k"
"flair","ratio_counts","B20K80","BK20802",0.600856023268349,3848,"0-1.5k"
"flair","ratio_counts","B20K80","BK20802",0.5728578802791,4185,"1.5k-3k"
"flair","ratio_counts","B20K80","BK20802",0.50150303646061,1338,"3k-4.5k"
"flair","ratio_counts","B20K80","BK20802",0.512469170664388,510,">4.5k"
"flair","ratio_counts","B20K80","BK20803",0.579280313652479,3855,"0-1.5k"
"flair","ratio_counts","B20K80","BK20803",0.52056469459843,4180,"1.5k-3k"
"flair","ratio_counts","B20K80","BK20803",0.44129434210966,1327,"3k-4.5k"
"flair","ratio_counts","B20K80","BK20803",0.465049442623244,501,">4.5k"
"flair","ratio_counts","B20K80","BK20804",0.575440356550396,3828,"0-1.5k"
"flair","ratio_counts","B20K80","BK20804",0.54064968012468,4184,"1.5k-3k"
"flair","ratio_counts","B20K80","BK20804",0.468420388217039,1328,"3k-4.5k"
"flair","ratio_counts","B20K80","BK20804",0.458946892589133,503,">4.5k"
"flair","ratio_counts","B20K80","BK20805",0.586361141747982,3856,"0-1.5k"
"flair","ratio_counts","B20K80","BK20805",0.479269686764515,4174,"1.5k-3k"
"flair","ratio_counts","B20K80","BK20805",0.3858775437659,1332,"3k-4.5k"
"flair","ratio_counts","B20K80","BK20805",0.391146023899313,498,">4.5k"
"flair","ratio_counts","B80K20","BK80201",0.560091095389866,3824,"0-1.5k"
"flair","ratio_counts","B80K20","BK80201",0.50719318894174,4380,"1.5k-3k"
"flair","ratio_counts","B80K20","BK80201",0.462708064751314,1582,"3k-4.5k"
"flair","ratio_counts","B80K20","BK80201",0.429634786321476,614,">4.5k"
"flair","ratio_counts","B80K20","BK80202",0.548165594674293,3817,"0-1.5k"
"flair","ratio_counts","B80K20","BK80202",0.503123991870276,4379,"1.5k-3k"
"flair","ratio_counts","B80K20","BK80202",0.489015050309778,1592,"3k-4.5k"
"flair","ratio_counts","B80K20","BK80202",0.475828075884056,614,">4.5k"
"flair","ratio_counts","B80K20","BK80203",0.509295410057899,3809,"0-1.5k"
"flair","ratio_counts","B80K20","BK80203",0.399977398923657,4362,"1.5k-3k"
"flair","ratio_counts","B80K20","BK80203",0.387695751699489,1582,"3k-4.5k"
"flair","ratio_counts","B80K20","BK80203",0.403972250064907,613,">4.5k"
"flair","ratio_counts","B80K20","BK80204",0.467750256056675,3847,"0-1.5k"
"flair","ratio_counts","B80K20","BK80204",0.346381176747857,4383,"1.5k-3k"
"flair","ratio_counts","B80K20","BK80204",0.355985834680555,1585,"3k-4.5k"
"flair","ratio_counts","B80K20","BK80204",0.356894684275311,610,">4.5k"
"flair","ratio_counts","B80K20","BK80205",0.493804073321479,3830,"0-1.5k"
"flair","ratio_counts","B80K20","BK80205",0.437767172215312,4367,"1.5k-3k"
"flair","ratio_counts","B80K20","BK80205",0.358589102526872,1582,"3k-4.5k"
"flair","ratio_counts","B80K20","BK80205",0.39742371899396,614,">4.5k"
"flair","ratio_counts","Brain","B31",0.648600603380067,3523,"0-1.5k"
"flair","ratio_counts","Brain","B31",0.509787999443435,4210,"1.5k-3k"
"flair","ratio_counts","Brain","B31",0.432159303086306,1550,"3k-4.5k"
"flair","ratio_counts","Brain","B31",0.389988836736716,594,">4.5k"
"flair","ratio_counts","Brain","B32",0.680702083362786,3523,"0-1.5k"
"flair","ratio_counts","Brain","B32",0.598900925878379,4220,"1.5k-3k"
"flair","ratio_counts","Brain","B32",0.559014231810161,1551,"3k-4.5k"
"flair","ratio_counts","Brain","B32",0.544616354912869,604,">4.5k"
"flair","ratio_counts","Brain","B33",0.654596300276842,3504,"0-1.5k"
"flair","ratio_counts","Brain","B33",0.564979836432903,4222,"1.5k-3k"
"flair","ratio_counts","Brain","B33",0.502516990558781,1551,"3k-4.5k"
"flair","ratio_counts","Brain","B33",0.521168100433936,601,">4.5k"
"flair","ratio_counts","Brain","B34",0.617009450238838,3516,"0-1.5k"
"flair","ratio_counts","Brain","B34",0.508764624674417,4201,"1.5k-3k"
"flair","ratio_counts","Brain","B34",0.46331998204191,1551,"3k-4.5k"
"flair","ratio_counts","Brain","B34",0.463767667648085,599,">4.5k"
"flair","ratio_counts","Brain","B35",0.640811718359201,3508,"0-1.5k"
"flair","ratio_counts","Brain","B35",0.543167383880965,4223,"1.5k-3k"
"flair","ratio_counts","Brain","B35",0.48859024329035,1549,"3k-4.5k"
"flair","ratio_counts","Brain","B35",0.462315123511397,604,">4.5k"
"flair","ratio_counts","Kidney","K31",0.658445028152924,3530,"0-1.5k"
"flair","ratio_counts","Kidney","K31",0.60235129216527,3744,"1.5k-3k"
"flair","ratio_counts","Kidney","K31",0.534731377474,1140,"3k-4.5k"
"flair","ratio_counts","Kidney","K31",0.44120789225753,389,">4.5k"
"flair","ratio_counts","Kidney","K32",0.712226545464563,3534,"0-1.5k"
"flair","ratio_counts","Kidney","K32",0.689445872706121,3783,"1.5k-3k"
"flair","ratio_counts","Kidney","K32",0.623376761996008,1155,"3k-4.5k"
"flair","ratio_counts","Kidney","K32",0.54602954837501,390,">4.5k"
"flair","ratio_counts","Kidney","K33",0.650051939832868,3532,"0-1.5k"
"flair","ratio_counts","Kidney","K33",0.617681746162765,3749,"1.5k-3k"
"flair","ratio_counts","Kidney","K33",0.536924725483362,1145,"3k-4.5k"
"flair","ratio_counts","Kidney","K33",0.494776530206997,389,">4.5k"
"flair","ratio_counts","Kidney","K34",0.661165023576367,3529,"0-1.5k"
"flair","ratio_counts","Kidney","K34",0.666728920092988,3762,"1.5k-3k"
"flair","ratio_counts","Kidney","K34",0.602487367069673,1137,"3k-4.5k"
"flair","ratio_counts","Kidney","K34",0.45657935577495,393,">4.5k"
"flair","ratio_counts","Kidney","K35",0.656796141564892,3524,"0-1.5k"
"flair","ratio_counts","Kidney","K35",0.603416255618161,3715,"1.5k-3k"
"flair","ratio_counts","Kidney","K35",0.529277359606297,1129,"3k-4.5k"
"flair","ratio_counts","Kidney","K35",0.427606068317495,384,">4.5k"
"isoquant","CPM","B20K80","BK20801",0.746167784331834,3187,"0-1.5k"
"isoquant","CPM","B20K80","BK20801",0.590576254570785,3334,"1.5k-3k"
"isoquant","CPM","B20K80","BK20801",0.42087132606105,1291,"3k-4.5k"
"isoquant","CPM","B20K80","BK20801",0.374213085385513,638,">4.5k"
"isoquant","CPM","B20K80","BK20802",0.745446277216203,3189,"0-1.5k"
"isoquant","CPM","B20K80","BK20802",0.642123130596995,3392,"1.5k-3k"
"isoquant","CPM","B20K80","BK20802",0.47834762437464,1338,"3k-4.5k"
"isoquant","CPM","B20K80","BK20802",0.434669520523588,668,">4.5k"
"isoquant","CPM","B20K80","BK20803",0.746323162495483,3182,"0-1.5k"
"isoquant","CPM","B20K80","BK20803",0.621304563739957,3334,"1.5k-3k"
"isoquant","CPM","B20K80","BK20803",0.451702664899638,1293,"3k-4.5k"
"isoquant","CPM","B20K80","BK20803",0.369551505789556,659,">4.5k"
"isoquant","CPM","B20K80","BK20804",0.730945402308371,3174,"0-1.5k"
"isoquant","CPM","B20K80","BK20804",0.628309667597375,3363,"1.5k-3k"
"isoquant","CPM","B20K80","BK20804",0.456156518214745,1322,"3k-4.5k"
"isoquant","CPM","B20K80","BK20804",0.378803413102764,652,">4.5k"
"isoquant","CPM","B20K80","BK20805",0.735867785714983,3190,"0-1.5k"
"isoquant","CPM","B20K80","BK20805",0.600185225538494,3325,"1.5k-3k"
"isoquant","CPM","B20K80","BK20805",0.428498479365484,1298,"3k-4.5k"
"isoquant","CPM","B20K80","BK20805",0.329395365232145,661,">4.5k"
"isoquant","CPM","B80K20","BK80201",0.72781118136666,3153,"0-1.5k"
"isoquant","CPM","B80K20","BK80201",0.60256574222473,3400,"1.5k-3k"
"isoquant","CPM","B80K20","BK80201",0.418330613865582,1394,"3k-4.5k"
"isoquant","CPM","B80K20","BK80201",0.434228623150037,719,">4.5k"
"isoquant","CPM","B80K20","BK80202",0.734626646473192,3157,"0-1.5k"
"isoquant","CPM","B80K20","BK80202",0.610659325146586,3430,"1.5k-3k"
"isoquant","CPM","B80K20","BK80202",0.446558994723857,1426,"3k-4.5k"
"isoquant","CPM","B80K20","BK80202",0.463123599378861,734,">4.5k"
"isoquant","CPM","B80K20","BK80203",0.72368067598476,3117,"0-1.5k"
"isoquant","CPM","B80K20","BK80203",0.596251673348386,3317,"1.5k-3k"
"isoquant","CPM","B80K20","BK80203",0.405287684293459,1339,"3k-4.5k"
"isoquant","CPM","B80K20","BK80203",0.404636180619296,701,">4.5k"
"isoquant","CPM","B80K20","BK80204",0.725899764665147,3183,"0-1.5k"
"isoquant","CPM","B80K20","BK80204",0.578968662190965,3428,"1.5k-3k"
"isoquant","CPM","B80K20","BK80204",0.406802767049977,1403,"3k-4.5k"
"isoquant","CPM","B80K20","BK80204",0.4345251750577,723,">4.5k"
"isoquant","CPM","B80K20","BK80205",0.725200886132286,3164,"0-1.5k"
"isoquant","CPM","B80K20","BK80205",0.578296967727624,3349,"1.5k-3k"
"isoquant","CPM","B80K20","BK80205",0.407602595324631,1370,"3k-4.5k"
"isoquant","CPM","B80K20","BK80205",0.412295363531888,707,">4.5k"
"isoquant","CPM","Brain","B31",0.766053857990237,2954,"0-1.5k"
"isoquant","CPM","Brain","B31",0.61918234505563,3223,"1.5k-3k"
"isoquant","CPM","Brain","B31",0.462610471757322,1418,"3k-4.5k"
"isoquant","CPM","Brain","B31",0.461203867945757,756,">4.5k"
"isoquant","CPM","Brain","B32",0.773941992877415,2962,"0-1.5k"
"isoquant","CPM","Brain","B32",0.66639305789386,3253,"1.5k-3k"
"isoquant","CPM","Brain","B32",0.538571577182944,1467,"3k-4.5k"
"isoquant","CPM","Brain","B32",0.480851026640808,770,">4.5k"
"isoquant","CPM","Brain","B33",0.774251513477524,2941,"0-1.5k"
"isoquant","CPM","Brain","B33",0.660871419187777,3261,"1.5k-3k"
"isoquant","CPM","Brain","B33",0.530956813770458,1461,"3k-4.5k"
"isoquant","CPM","Brain","B33",0.471925862381398,761,">4.5k"
"isoquant","CPM","Brain","B34",0.77343476127082,2958,"0-1.5k"
"isoquant","CPM","Brain","B34",0.645071666663979,3231,"1.5k-3k"
"isoquant","CPM","Brain","B34",0.473084371940477,1432,"3k-4.5k"
"isoquant","CPM","Brain","B34",0.476877679578106,754,">4.5k"
"isoquant","CPM","Brain","B35",0.771043103889148,2922,"0-1.5k"
"isoquant","CPM","Brain","B35",0.661687986778556,3209,"1.5k-3k"
"isoquant","CPM","Brain","B35",0.529507894990322,1432,"3k-4.5k"
"isoquant","CPM","Brain","B35",0.472695933720249,744,">4.5k"
"isoquant","CPM","Kidney","K31",0.804570539889419,2980,"0-1.5k"
"isoquant","CPM","Kidney","K31",0.659009000604348,3003,"1.5k-3k"
"isoquant","CPM","Kidney","K31",0.496957798819032,1099,"3k-4.5k"
"isoquant","CPM","Kidney","K31",0.458380383094935,501,">4.5k"
"isoquant","CPM","Kidney","K32",0.810042790267507,3000,"0-1.5k"
"isoquant","CPM","Kidney","K32",0.706333391694728,3112,"1.5k-3k"
"isoquant","CPM","Kidney","K32",0.551866771328214,1169,"3k-4.5k"
"isoquant","CPM","Kidney","K32",0.492390698744007,533,">4.5k"
"isoquant","CPM","Kidney","K33",0.808884603511362,2986,"0-1.5k"
"isoquant","CPM","Kidney","K33",0.673052468166153,3039,"1.5k-3k"
"isoquant","CPM","Kidney","K33",0.52538769703707,1136,"3k-4.5k"
"isoquant","CPM","Kidney","K33",0.468828412062671,513,">4.5k"
"isoquant","CPM","Kidney","K34",0.812712180029207,2969,"0-1.5k"
"isoquant","CPM","Kidney","K34",0.704392682397169,3026,"1.5k-3k"
"isoquant","CPM","Kidney","K34",0.553200335969118,1127,"3k-4.5k"
"isoquant","CPM","Kidney","K34",0.440458891522846,496,">4.5k"
"isoquant","CPM","Kidney","K35",0.813388572497871,2950,"0-1.5k"
"isoquant","CPM","Kidney","K35",0.667929561653281,2942,"1.5k-3k"
"isoquant","CPM","Kidney","K35",0.506897766246967,1062,"3k-4.5k"
"isoquant","CPM","Kidney","K35",0.431440835682075,483,">4.5k"
"isoquant","EDA","B20K80","BK20801",0.761870875550153,3187,"0-1.5k"
"isoquant","EDA","B20K80","BK20801",0.584647879706392,3334,"1.5k-3k"
"isoquant","EDA","B20K80","BK20801",0.418673091212789,1291,"3k-4.5k"
"isoquant","EDA","B20K80","BK20801",0.383926015839639,638,">4.5k"
"isoquant","EDA","B20K80","BK20802",0.754560425638707,3189,"0-1.5k"
"isoquant","EDA","B20K80","BK20802",0.642406143699018,3392,"1.5k-3k"
"isoquant","EDA","B20K80","BK20802",0.476218884384472,1338,"3k-4.5k"
"isoquant","EDA","B20K80","BK20802",0.43111212910325,668,">4.5k"
"isoquant","EDA","B20K80","BK20803",0.75930125157255,3182,"0-1.5k"
"isoquant","EDA","B20K80","BK20803",0.616105979606249,3334,"1.5k-3k"
"isoquant","EDA","B20K80","BK20803",0.449137653816048,1293,"3k-4.5k"
"isoquant","EDA","B20K80","BK20803",0.365559776007666,659,">4.5k"
"isoquant","EDA","B20K80","BK20804",0.743387100624445,3174,"0-1.5k"
"isoquant","EDA","B20K80","BK20804",0.622513352351987,3363,"1.5k-3k"
"isoquant","EDA","B20K80","BK20804",0.453414160124495,1322,"3k-4.5k"
"isoquant","EDA","B20K80","BK20804",0.377423424340618,652,">4.5k"
"isoquant","EDA","B20K80","BK20805",0.75062861842623,3190,"0-1.5k"
"isoquant","EDA","B20K80","BK20805",0.593296025083559,3325,"1.5k-3k"
"isoquant","EDA","B20K80","BK20805",0.42588040278305,1298,"3k-4.5k"
"isoquant","EDA","B20K80","BK20805",0.332698352773136,661,">4.5k"
"isoquant","EDA","B80K20","BK80201",0.737580179231086,3153,"0-1.5k"
"isoquant","EDA","B80K20","BK80201",0.603812872666216,3400,"1.5k-3k"
"isoquant","EDA","B80K20","BK80201",0.417795536920181,1394,"3k-4.5k"
"isoquant","EDA","B80K20","BK80201",0.45533062703902,719,">4.5k"
"isoquant","EDA","B80K20","BK80202",0.739667581646249,3157,"0-1.5k"
"isoquant","EDA","B80K20","BK80202",0.613138372472046,3430,"1.5k-3k"
"isoquant","EDA","B80K20","BK80202",0.446010869257599,1426,"3k-4.5k"
"isoquant","EDA","B80K20","BK80202",0.483797627633581,734,">4.5k"
"isoquant","EDA","B80K20","BK80203",0.731049336460894,3117,"0-1.5k"
"isoquant","EDA","B80K20","BK80203",0.597968648111743,3317,"1.5k-3k"
"isoquant","EDA","B80K20","BK80203",0.403645828543103,1339,"3k-4.5k"
"isoquant","EDA","B80K20","BK80203",0.421520302852215,701,">4.5k"
"isoquant","EDA","B80K20","BK80204",0.736589995851753,3183,"0-1.5k"
"isoquant","EDA","B80K20","BK80204",0.579176872694628,3428,"1.5k-3k"
"isoquant","EDA","B80K20","BK80204",0.406222316305174,1403,"3k-4.5k"
"isoquant","EDA","B80K20","BK80204",0.459067665175559,723,">4.5k"
"isoquant","EDA","B80K20","BK80205",0.736878449853148,3164,"0-1.5k"
"isoquant","EDA","B80K20","BK80205",0.577920087258383,3349,"1.5k-3k"
"isoquant","EDA","B80K20","BK80205",0.406692794466781,1370,"3k-4.5k"
"isoquant","EDA","B80K20","BK80205",0.434413590773191,707,">4.5k"
"isoquant","EDA","Brain","B31",0.777508275474809,2954,"0-1.5k"
"isoquant","EDA","Brain","B31",0.619829545221639,3223,"1.5k-3k"
"isoquant","EDA","Brain","B31",0.463852268181994,1418,"3k-4.5k"
"isoquant","EDA","Brain","B31",0.47271837286972,756,">4.5k"
"isoquant","EDA","Brain","B32",0.781177984845987,2962,"0-1.5k"
"isoquant","EDA","Brain","B32",0.670490875719572,3253,"1.5k-3k"
"isoquant","EDA","Brain","B32",0.538225246176841,1467,"3k-4.5k"
"isoquant","EDA","Brain","B32",0.494353780892972,770,">4.5k"
"isoquant","EDA","Brain","B33",0.783446400473684,2941,"0-1.5k"
"isoquant","EDA","Brain","B33",0.664904453862727,3261,"1.5k-3k"
"isoquant","EDA","Brain","B33",0.530785512474386,1461,"3k-4.5k"
"isoquant","EDA","Brain","B33",0.483216301581723,761,">4.5k"
"isoquant","EDA","Brain","B34",0.785007104648571,2958,"0-1.5k"
"isoquant","EDA","Brain","B34",0.64851667721904,3231,"1.5k-3k"
"isoquant","EDA","Brain","B34",0.472909674073737,1432,"3k-4.5k"
"isoquant","EDA","Brain","B34",0.488918424630345,754,">4.5k"
"isoquant","EDA","Brain","B35",0.781163585409883,2922,"0-1.5k"
"isoquant","EDA","Brain","B35",0.664734750022159,3209,"1.5k-3k"
"isoquant","EDA","Brain","B35",0.528928973287795,1432,"3k-4.5k"
"isoquant","EDA","Brain","B35",0.481913045710503,744,">4.5k"
"isoquant","EDA","Kidney","K31",0.816798415856768,2980,"0-1.5k"
"isoquant","EDA","Kidney","K31",0.651125022019531,3003,"1.5k-3k"
"isoquant","EDA","Kidney","K31",0.492319347354461,1099,"3k-4.5k"
"isoquant","EDA","Kidney","K31",0.450316482572703,501,">4.5k"
"isoquant","EDA","Kidney","K32",0.816781048768672,3000,"0-1.5k"
"isoquant","EDA","Kidney","K32",0.705140673157947,3112,"1.5k-3k"
"isoquant","EDA","Kidney","K32",0.547949664031486,1169,"3k-4.5k"
"isoquant","EDA","Kidney","K32",0.468402650702055,533,">4.5k"
"isoquant","EDA","Kidney","K33",0.817945402535434,2986,"0-1.5k"
"isoquant","EDA","Kidney","K33",0.666356277272911,3039,"1.5k-3k"
"isoquant","EDA","Kidney","K33",0.521679997126717,1136,"3k-4.5k"
"isoquant","EDA","Kidney","K33",0.45628013342688,513,">4.5k"
"isoquant","EDA","Kidney","K34",0.816288716323002,2969,"0-1.5k"
"isoquant","EDA","Kidney","K34",0.699468158849993,3026,"1.5k-3k"
"isoquant","EDA","Kidney","K34",0.547763470900828,1127,"3k-4.5k"
"isoquant","EDA","Kidney","K34",0.436050526916399,496,">4.5k"
"isoquant","EDA","Kidney","K35",0.821862942667321,2950,"0-1.5k"
"isoquant","EDA","Kidney","K35",0.656198824032475,2942,"1.5k-3k"
"isoquant","EDA","Kidney","K35",0.50159618478357,1062,"3k-4.5k"
"isoquant","EDA","Kidney","K35",0.440911797049189,483,">4.5k"
"isoquant","TPM","B20K80","BK20801",0.703726602190352,3187,"0-1.5k"
"isoquant","TPM","B20K80","BK20801",0.591465269602051,3334,"1.5k-3k"
"isoquant","TPM","B20K80","BK20801",0.424585769552106,1291,"3k-4.5k"
"isoquant","TPM","B20K80","BK20801",0.426561871097375,638,">4.5k"
"isoquant","TPM","B20K80","BK20802",0.701449430264508,3189,"0-1.5k"
"isoquant","TPM","B20K80","BK20802",0.630969119005729,3392,"1.5k-3k"
"isoquant","TPM","B20K80","BK20802",0.482110536374997,1338,"3k-4.5k"
"isoquant","TPM","B20K80","BK20802",0.475990847974234,668,">4.5k"
"isoquant","TPM","B20K80","BK20803",0.705000355963275,3182,"0-1.5k"
"isoquant","TPM","B20K80","BK20803",0.619622862541351,3334,"1.5k-3k"
"isoquant","TPM","B20K80","BK20803",0.455919177277737,1293,"3k-4.5k"
"isoquant","TPM","B20K80","BK20803",0.422316782546474,659,">4.5k"
"isoquant","TPM","B20K80","BK20804",0.692036675711346,3174,"0-1.5k"
"isoquant","TPM","B20K80","BK20804",0.62531270287079,3363,"1.5k-3k"
"isoquant","TPM","B20K80","BK20804",0.461494403936947,1322,"3k-4.5k"
"isoquant","TPM","B20K80","BK20804",0.42751420836653,652,">4.5k"
"isoquant","TPM","B20K80","BK20805",0.6982949839458,3190,"0-1.5k"
"isoquant","TPM","B20K80","BK20805",0.601176816025758,3325,"1.5k-3k"
"isoquant","TPM","B20K80","BK20805",0.433726411263594,1298,"3k-4.5k"
"isoquant","TPM","B20K80","BK20805",0.382195818905172,661,">4.5k"
"isoquant","TPM","B80K20","BK80201",0.683919386841239,3153,"0-1.5k"
"isoquant","TPM","B80K20","BK80201",0.590589516250884,3400,"1.5k-3k"
"isoquant","TPM","B80K20","BK80201",0.422367631784278,1394,"3k-4.5k"
"isoquant","TPM","B80K20","BK80201",0.493374408816486,719,">4.5k"
"isoquant","TPM","B80K20","BK80202",0.687768796349907,3157,"0-1.5k"
"isoquant","TPM","B80K20","BK80202",0.59578180993752,3430,"1.5k-3k"
"isoquant","TPM","B80K20","BK80202",0.449411595293259,1426,"3k-4.5k"
"isoquant","TPM","B80K20","BK80202",0.517589919016132,734,">4.5k"
"isoquant","TPM","B80K20","BK80203",0.681000894268449,3117,"0-1.5k"
"isoquant","TPM","B80K20","BK80203",0.582874781309618,3317,"1.5k-3k"
"isoquant","TPM","B80K20","BK80203",0.411875935243727,1339,"3k-4.5k"
"isoquant","TPM","B80K20","BK80203",0.472621035955502,701,">4.5k"
"isoquant","TPM","B80K20","BK80204",0.682530929925536,3183,"0-1.5k"
"isoquant","TPM","B80K20","BK80204",0.568895899651432,3428,"1.5k-3k"
"isoquant","TPM","B80K20","BK80204",0.411648596609457,1403,"3k-4.5k"
"isoquant","TPM","B80K20","BK80204",0.494685405830501,723,">4.5k"
"isoquant","TPM","B80K20","BK80205",0.68358130923543,3164,"0-1.5k"
"isoquant","TPM","B80K20","BK80205",0.56905709620021,3349,"1.5k-3k"
"isoquant","TPM","B80K20","BK80205",0.411523853855471,1370,"3k-4.5k"
"isoquant","TPM","B80K20","BK80205",0.481358836929527,707,">4.5k"
"isoquant","TPM","Brain","B31",0.728464211426302,2954,"0-1.5k"
"isoquant","TPM","Brain","B31",0.609615755214825,3223,"1.5k-3k"
"isoquant","TPM","Brain","B31",0.470272614087098,1418,"3k-4.5k"
"isoquant","TPM","Brain","B31",0.514829935944083,756,">4.5k"
"isoquant","TPM","Brain","B32",0.733414758733079,2962,"0-1.5k"
"isoquant","TPM","Brain","B32",0.648214575667528,3253,"1.5k-3k"
"isoquant","TPM","Brain","B32",0.539196743484638,1467,"3k-4.5k"
"isoquant","TPM","Brain","B32",0.522999471774417,770,">4.5k"
"isoquant","TPM","Brain","B33",0.735000547729737,2941,"0-1.5k"
"isoquant","TPM","Brain","B33",0.643899308960824,3261,"1.5k-3k"
"isoquant","TPM","Brain","B33",0.53291311994409,1461,"3k-4.5k"
"isoquant","TPM","Brain","B33",0.5209657244373,761,">4.5k"
"isoquant","TPM","Brain","B34",0.733768844224321,2958,"0-1.5k"
"isoquant","TPM","Brain","B34",0.629915098190347,3231,"1.5k-3k"
"isoquant","TPM","Brain","B34",0.476330688483348,1432,"3k-4.5k"
"isoquant","TPM","Brain","B34",0.521143549687235,754,">4.5k"
"isoquant","TPM","Brain","B35",0.731292839052257,2922,"0-1.5k"
"isoquant","TPM","Brain","B35",0.645724989823715,3209,"1.5k-3k"
"isoquant","TPM","Brain","B35",0.530651790375113,1432,"3k-4.5k"
"isoquant","TPM","Brain","B35",0.52386419962558,744,">4.5k"
"isoquant","TPM","Kidney","K31",0.767715409326584,2980,"0-1.5k"
"isoquant","TPM","Kidney","K31",0.659703991767753,3003,"1.5k-3k"
"isoquant","TPM","Kidney","K31",0.502801821229397,1099,"3k-4.5k"
"isoquant","TPM","Kidney","K31",0.497839730896772,501,">4.5k"
"isoquant","TPM","Kidney","K32",0.771770502920435,3000,"0-1.5k"
"isoquant","TPM","Kidney","K32",0.696897122761425,3112,"1.5k-3k"
"isoquant","TPM","Kidney","K32",0.554318715486665,1169,"3k-4.5k"
"isoquant","TPM","Kidney","K32",0.525059642322989,533,">4.5k"
"isoquant","TPM","Kidney","K33",0.771620227920982,2986,"0-1.5k"
"isoquant","TPM","Kidney","K33",0.671078948245547,3039,"1.5k-3k"
"isoquant","TPM","Kidney","K33",0.531326117910756,1136,"3k-4.5k"
"isoquant","TPM","Kidney","K33",0.50511461482356,513,">4.5k"
"isoquant","TPM","Kidney","K34",0.780144875848905,2969,"0-1.5k"
"isoquant","TPM","Kidney","K34",0.697381890690156,3026,"1.5k-3k"
"isoquant","TPM","Kidney","K34",0.557731801554112,1127,"3k-4.5k"
"isoquant","TPM","Kidney","K34",0.47826630936152,496,">4.5k"
"isoquant","TPM","Kidney","K35",0.779301556238021,2950,"0-1.5k"
"isoquant","TPM","Kidney","K35",0.670360540826087,2942,"1.5k-3k"
"isoquant","TPM","Kidney","K35",0.515037351711271,1062,"3k-4.5k"
"isoquant","TPM","Kidney","K35",0.476182679010538,483,">4.5k"
"isoquant","cqn","B20K80","BK20801",0.749247499002887,3346,"0-1.5k"
"isoquant","cqn","B20K80","BK20801",0.552630468079026,3834,"1.5k-3k"
"isoquant","cqn","B20K80","BK20801",0.404577149412871,1874,"3k-4.5k"
"isoquant","cqn","B20K80","BK20801",0.170983655649669,1187,">4.5k"
"isoquant","cqn","B20K80","BK20802",0.739036466612081,3337,"0-1.5k"
"isoquant","cqn","B20K80","BK20802",0.599021102668036,3838,"1.5k-3k"
"isoquant","cqn","B20K80","BK20802",0.431464686396213,1884,"3k-4.5k"
"isoquant","cqn","B20K80","BK20802",0.205595482344808,1195,">4.5k"
"isoquant","cqn","B20K80","BK20803",0.746588175513157,3340,"0-1.5k"
"isoquant","cqn","B20K80","BK20803",0.580129563192126,3837,"1.5k-3k"
"isoquant","cqn","B20K80","BK20803",0.420018154688131,1878,"3k-4.5k"
"isoquant","cqn","B20K80","BK20803",0.16946717352935,1196,">4.5k"
"isoquant","cqn","B20K80","BK20804",0.729966002672397,3330,"0-1.5k"
"isoquant","cqn","B20K80","BK20804",0.585327214467578,3836,"1.5k-3k"
"isoquant","cqn","B20K80","BK20804",0.428170620277129,1877,"3k-4.5k"
"isoquant","cqn","B20K80","BK20804",0.177812130622632,1185,">4.5k"
"isoquant","cqn","B20K80","BK20805",0.736414494365064,3344,"0-1.5k"
"isoquant","cqn","B20K80","BK20805",0.559877620092557,3838,"1.5k-3k"
"isoquant","cqn","B20K80","BK20805",0.387499763414389,1873,"3k-4.5k"
"isoquant","cqn","B20K80","BK20805",0.165501936558205,1188,">4.5k"
"isoquant","cqn","B80K20","BK80201",0.727019103633766,3327,"0-1.5k"
"isoquant","cqn","B80K20","BK80201",0.572850805981044,3836,"1.5k-3k"
"isoquant","cqn","B80K20","BK80201",0.366878689030882,1887,"3k-4.5k"
"isoquant","cqn","B80K20","BK80201",0.26427961677956,1196,">4.5k"
"isoquant","cqn","B80K20","BK80202",0.728491255105299,3303,"0-1.5k"
"isoquant","cqn","B80K20","BK80202",0.576440269248315,3839,"1.5k-3k"
"isoquant","cqn","B80K20","BK80202",0.383205212009101,1889,"3k-4.5k"
"isoquant","cqn","B80K20","BK80202",0.275722731777026,1199,">4.5k"
"isoquant","cqn","B80K20","BK80203",0.721682854744961,3336,"0-1.5k"
"isoquant","cqn","B80K20","BK80203",0.561514381585654,3843,"1.5k-3k"
"isoquant","cqn","B80K20","BK80203",0.377022900240589,1884,"3k-4.5k"
"isoquant","cqn","B80K20","BK80203",0.275002492187183,1203,">4.5k"
"isoquant","cqn","B80K20","BK80204",0.725380995818246,3329,"0-1.5k"
"isoquant","cqn","B80K20","BK80204",0.555877847647263,3847,"1.5k-3k"
"isoquant","cqn","B80K20","BK80204",0.361447061506544,1884,"3k-4.5k"
"isoquant","cqn","B80K20","BK80204",0.278288811919412,1196,">4.5k"
"isoquant","cqn","B80K20","BK80205",0.724978340805029,3333,"0-1.5k"
"isoquant","cqn","B80K20","BK80205",0.562130424681623,3836,"1.5k-3k"
"isoquant","cqn","B80K20","BK80205",0.373809687380142,1883,"3k-4.5k"
"isoquant","cqn","B80K20","BK80205",0.266157337242805,1196,">4.5k"
"isoquant","cqn","Brain","B31",0.764495280804608,3154,"0-1.5k"
"isoquant","cqn","Brain","B31",0.617271858575557,3675,"1.5k-3k"
"isoquant","cqn","Brain","B31",0.469999592247087,1840,"3k-4.5k"
"isoquant","cqn","Brain","B31",0.415651967338942,1165,">4.5k"
"isoquant","cqn","Brain","B32",0.770449712187609,3177,"0-1.5k"
"isoquant","cqn","Brain","B32",0.658091277613551,3687,"1.5k-3k"
"isoquant","cqn","Brain","B32",0.525040147051634,1858,"3k-4.5k"
"isoquant","cqn","Brain","B32",0.416889811618026,1186,">4.5k"
"isoquant","cqn","Brain","B33",0.77281863705406,3152,"0-1.5k"
"isoquant","cqn","Brain","B33",0.651976466800178,3662,"1.5k-3k"
"isoquant","cqn","Brain","B33",0.514078591000249,1851,"3k-4.5k"
"isoquant","cqn","Brain","B33",0.41255102534037,1182,">4.5k"
"isoquant","cqn","Brain","B34",0.773172366968115,3160,"0-1.5k"
"isoquant","cqn","Brain","B34",0.643666271416618,3672,"1.5k-3k"
"isoquant","cqn","Brain","B34",0.493746759192282,1846,"3k-4.5k"
"isoquant","cqn","Brain","B34",0.421704312256697,1175,">4.5k"
"isoquant","cqn","Brain","B35",0.778466306855122,3186,"0-1.5k"
"isoquant","cqn","Brain","B35",0.663565128233142,3701,"1.5k-3k"
"isoquant","cqn","Brain","B35",0.536254330437007,1856,"3k-4.5k"
"isoquant","cqn","Brain","B35",0.418290215098503,1182,">4.5k"
"isoquant","cqn","Kidney","K31",0.801876846450909,3187,"0-1.5k"
"isoquant","cqn","Kidney","K31",0.670936115017232,3622,"1.5k-3k"
"isoquant","cqn","Kidney","K31",0.518827673496642,1706,"3k-4.5k"
"isoquant","cqn","Kidney","K31",0.250701790121794,1057,">4.5k"
"isoquant","cqn","Kidney","K32",0.801253606690244,3182,"0-1.5k"
"isoquant","cqn","Kidney","K32",0.703379538275834,3646,"1.5k-3k"
"isoquant","cqn","Kidney","K32",0.57635788071354,1748,"3k-4.5k"
"isoquant","cqn","Kidney","K32",0.280086271017794,1071,">4.5k"
"isoquant","cqn","Kidney","K33",0.800771358566567,3182,"0-1.5k"
"isoquant","cqn","Kidney","K33",0.681688161860369,3636,"1.5k-3k"
"isoquant","cqn","Kidney","K33",0.541841175089375,1716,"3k-4.5k"
"isoquant","cqn","Kidney","K33",0.245852800009831,1046,">4.5k"
"isoquant","cqn","Kidney","K34",0.800870563762328,3177,"0-1.5k"
"isoquant","cqn","Kidney","K34",0.705450685159102,3623,"1.5k-3k"
"isoquant","cqn","Kidney","K34",0.564248364676747,1707,"3k-4.5k"
"isoquant","cqn","Kidney","K34",0.267528669430923,1049,">4.5k"
"isoquant","cqn","Kidney","K35",0.802083980074677,3191,"0-1.5k"
"isoquant","cqn","Kidney","K35",0.671964755862433,3622,"1.5k-3k"
"isoquant","cqn","Kidney","K35",0.505771559580156,1684,"3k-4.5k"
"isoquant","cqn","Kidney","K35",0.241577658932204,1035,">4.5k"
"isoquant","ratio_counts","B20K80","BK20801",0.537622040740135,3187,"0-1.5k"
"isoquant","ratio_counts","B20K80","BK20801",0.368272120870483,3334,"1.5k-3k"
"isoquant","ratio_counts","B20K80","BK20801",0.194412259981101,1291,"3k-4.5k"
"isoquant","ratio_counts","B20K80","BK20801",0.158773633538314,638,">4.5k"
"isoquant","ratio_counts","B20K80","BK20802",0.589833222917209,3189,"0-1.5k"
"isoquant","ratio_counts","B20K80","BK20802",0.530421258062211,3392,"1.5k-3k"
"isoquant","ratio_counts","B20K80","BK20802",0.292835033633525,1338,"3k-4.5k"
"isoquant","ratio_counts","B20K80","BK20802",0.30798225755963,668,">4.5k"
"isoquant","ratio_counts","B20K80","BK20803",0.56872066014577,3182,"0-1.5k"
"isoquant","ratio_counts","B20K80","BK20803",0.476502082320087,3334,"1.5k-3k"
"isoquant","ratio_counts","B20K80","BK20803",0.316003713512574,1293,"3k-4.5k"
"isoquant","ratio_counts","B20K80","BK20803",0.27070923477235,659,">4.5k"
"isoquant","ratio_counts","B20K80","BK20804",0.580559540376236,3174,"0-1.5k"
"isoquant","ratio_counts","B20K80","BK20804",0.526997829544901,3363,"1.5k-3k"
"isoquant","ratio_counts","B20K80","BK20804",0.298931359087901,1322,"3k-4.5k"
"isoquant","ratio_counts","B20K80","BK20804",0.25315181994299,652,">4.5k"
"isoquant","ratio_counts","B20K80","BK20805",0.594748382594485,3190,"0-1.5k"
"isoquant","ratio_counts","B20K80","BK20805",0.45442539197821,3325,"1.5k-3k"
"isoquant","ratio_counts","B20K80","BK20805",0.201710448237865,1298,"3k-4.5k"
"isoquant","ratio_counts","B20K80","BK20805",0.185753077214125,661,">4.5k"
"isoquant","ratio_counts","B80K20","BK80201",0.537169320863002,3153,"0-1.5k"
"isoquant","ratio_counts","B80K20","BK80201",0.526537066016744,3400,"1.5k-3k"
"isoquant","ratio_counts","B80K20","BK80201",0.391269790263725,1394,"3k-4.5k"
"isoquant","ratio_counts","B80K20","BK80201",0.316129572616513,719,">4.5k"
"isoquant","ratio_counts","B80K20","BK80202",0.542500941453369,3157,"0-1.5k"
"isoquant","ratio_counts","B80K20","BK80202",0.510939038163293,3430,"1.5k-3k"
"isoquant","ratio_counts","B80K20","BK80202",0.415961511281821,1426,"3k-4.5k"
"isoquant","ratio_counts","B80K20","BK80202",0.385084912962456,734,">4.5k"
"isoquant","ratio_counts","B80K20","BK80203",0.448579827264538,3117,"0-1.5k"
"isoquant","ratio_counts","B80K20","BK80203",0.406170244524061,3317,"1.5k-3k"
"isoquant","ratio_counts","B80K20","BK80203",0.33567978306228,1339,"3k-4.5k"
"isoquant","ratio_counts","B80K20","BK80203",0.312254052576238,701,">4.5k"
"isoquant","ratio_counts","B80K20","BK80204",0.435213751010834,3183,"0-1.5k"
"isoquant","ratio_counts","B80K20","BK80204",0.380251877846423,3428,"1.5k-3k"
"isoquant","ratio_counts","B80K20","BK80204",0.279795943542649,1403,"3k-4.5k"
"isoquant","ratio_counts","B80K20","BK80204",0.251777885713323,723,">4.5k"
"isoquant","ratio_counts","B80K20","BK80205",0.48195351638594,3164,"0-1.5k"
"isoquant","ratio_counts","B80K20","BK80205",0.456183345162887,3349,"1.5k-3k"
"isoquant","ratio_counts","B80K20","BK80205",0.314659107399454,1370,"3k-4.5k"
"isoquant","ratio_counts","B80K20","BK80205",0.250507816782629,707,">4.5k"
"isoquant","ratio_counts","Brain","B31",0.691098466898864,2954,"0-1.5k"
"isoquant","ratio_counts","Brain","B31",0.555802138100687,3223,"1.5k-3k"
"isoquant","ratio_counts","Brain","B31",0.39295116396954,1418,"3k-4.5k"
"isoquant","ratio_counts","Brain","B31",0.303935462128168,756,">4.5k"
"isoquant","ratio_counts","Brain","B32",0.740984825928858,2962,"0-1.5k"
"isoquant","ratio_counts","Brain","B32",0.617977360290219,3253,"1.5k-3k"
"isoquant","ratio_counts","Brain","B32",0.517574543792903,1467,"3k-4.5k"
"isoquant","ratio_counts","Brain","B32",0.417776655344453,770,">4.5k"
"isoquant","ratio_counts","Brain","B33",0.703233442294174,2941,"0-1.5k"
"isoquant","ratio_counts","Brain","B33",0.597732496122121,3261,"1.5k-3k"
"isoquant","ratio_counts","Brain","B33",0.469773854275701,1461,"3k-4.5k"
"isoquant","ratio_counts","Brain","B33",0.375627718215527,761,">4.5k"
"isoquant","ratio_counts","Brain","B34",0.679983688075096,2958,"0-1.5k"
"isoquant","ratio_counts","Brain","B34",0.565422965365847,3231,"1.5k-3k"
"isoquant","ratio_counts","Brain","B34",0.414171722076048,1432,"3k-4.5k"
"isoquant","ratio_counts","Brain","B34",0.362963825399618,754,">4.5k"
"isoquant","ratio_counts","Brain","B35",0.676653176982766,2922,"0-1.5k"
"isoquant","ratio_counts","Brain","B35",0.596481454366107,3209,"1.5k-3k"
"isoquant","ratio_counts","Brain","B35",0.452518403096144,1432,"3k-4.5k"
"isoquant","ratio_counts","Brain","B35",0.320840241632973,744,">4.5k"
"isoquant","ratio_counts","Kidney","K31",0.665173934971989,2980,"0-1.5k"
"isoquant","ratio_counts","Kidney","K31",0.600955368039679,3003,"1.5k-3k"
"isoquant","ratio_counts","Kidney","K31",0.450197311037895,1099,"3k-4.5k"
"isoquant","ratio_counts","Kidney","K31",0.445180986121151,501,">4.5k"
"isoquant","ratio_counts","Kidney","K32",0.713412873266739,3000,"0-1.5k"
"isoquant","ratio_counts","Kidney","K32",0.67647394940239,3112,"1.5k-3k"
"isoquant","ratio_counts","Kidney","K32",0.520312942480164,1169,"3k-4.5k"
"isoquant","ratio_counts","Kidney","K32",0.473022587872209,533,">4.5k"
"isoquant","ratio_counts","Kidney","K33",0.679948015270092,2986,"0-1.5k"
"isoquant","ratio_counts","Kidney","K33",0.614770764312327,3039,"1.5k-3k"
"isoquant","ratio_counts","Kidney","K33",0.473525120276507,1136,"3k-4.5k"
"isoquant","ratio_counts","Kidney","K33",0.416620275689185,513,">4.5k"
"isoquant","ratio_counts","Kidney","K34",0.663405986567577,2969,"0-1.5k"
"isoquant","ratio_counts","Kidney","K34",0.664097101260834,3026,"1.5k-3k"
"isoquant","ratio_counts","Kidney","K34",0.493654124231215,1127,"3k-4.5k"
"isoquant","ratio_counts","Kidney","K34",0.463642226408559,496,">4.5k"
"isoquant","ratio_counts","Kidney","K35",0.663464665774375,2950,"0-1.5k"
"isoquant","ratio_counts","Kidney","K35",0.61119504478191,2942,"1.5k-3k"
"isoquant","ratio_counts","Kidney","K35",0.426874832981677,1062,"3k-4.5k"
"isoquant","ratio_counts","Kidney","K35",0.412999395894192,483,">4.5k"
"kallisto","CPM","B20K80","BK20801",0.795526582680291,3447,"0-1.5k"
"kallisto","CPM","B20K80","BK20801",0.658537682520452,4435,"1.5k-3k"
"kallisto","CPM","B20K80","BK20801",0.508547851748526,2325,"3k-4.5k"
"kallisto","CPM","B20K80","BK20801",0.203099784013988,2309,">4.5k"
"kallisto","CPM","B20K80","BK20802",0.79481254172569,3482,"0-1.5k"
"kallisto","CPM","B20K80","BK20802",0.69178194608494,4551,"1.5k-3k"
"kallisto","CPM","B20K80","BK20802",0.567725571180923,2376,"3k-4.5k"
"kallisto","CPM","B20K80","BK20802",0.292833316576811,2330,">4.5k"
"kallisto","CPM","B20K80","BK20803",0.798425528789342,3435,"0-1.5k"
"kallisto","CPM","B20K80","BK20803",0.678251478725703,4445,"1.5k-3k"
"kallisto","CPM","B20K80","BK20803",0.536837325799391,2310,"3k-4.5k"
"kallisto","CPM","B20K80","BK20803",0.253775496523183,2303,">4.5k"
"kallisto","CPM","B20K80","BK20804",0.784488040092864,3464,"0-1.5k"
"kallisto","CPM","B20K80","BK20804",0.677264676511829,4489,"1.5k-3k"
"kallisto","CPM","B20K80","BK20804",0.53056560093648,2341,"3k-4.5k"
"kallisto","CPM","B20K80","BK20804",0.248799873091021,2303,">4.5k"
"kallisto","CPM","B20K80","BK20805",0.789357404353637,3480,"0-1.5k"
"kallisto","CPM","B20K80","BK20805",0.661648943804281,4467,"1.5k-3k"
"kallisto","CPM","B20K80","BK20805",0.513189265267887,2318,"3k-4.5k"
"kallisto","CPM","B20K80","BK20805",0.213686442386846,2289,">4.5k"
"kallisto","CPM","B80K20","BK80201",0.789890254400947,3447,"0-1.5k"
"kallisto","CPM","B80K20","BK80201",0.65746972333867,4495,"1.5k-3k"
"kallisto","CPM","B80K20","BK80201",0.546509541113299,2376,"3k-4.5k"
"kallisto","CPM","B80K20","BK80201",0.258054154863373,2356,">4.5k"
"kallisto","CPM","B80K20","BK80202",0.783977001603016,3462,"0-1.5k"
"kallisto","CPM","B80K20","BK80202",0.665628337701656,4575,"1.5k-3k"
"kallisto","CPM","B80K20","BK80202",0.569490238678239,2415,"3k-4.5k"
"kallisto","CPM","B80K20","BK80202",0.309197662373481,2385,">4.5k"
"kallisto","CPM","B80K20","BK80203",0.784847578340059,3367,"0-1.5k"
"kallisto","CPM","B80K20","BK80203",0.649491769957671,4396,"1.5k-3k"
"kallisto","CPM","B80K20","BK80203",0.532770730956889,2337,"3k-4.5k"
"kallisto","CPM","B80K20","BK80203",0.267331739982614,2305,">4.5k"
"kallisto","CPM","B80K20","BK80204",0.788669233965923,3487,"0-1.5k"
"kallisto","CPM","B80K20","BK80204",0.663623879855974,4547,"1.5k-3k"
"kallisto","CPM","B80K20","BK80204",0.531650340353558,2384,"3k-4.5k"
"kallisto","CPM","B80K20","BK80204",0.248167907412985,2379,">4.5k"
"kallisto","CPM","B80K20","BK80205",0.777583822742725,3416,"0-1.5k"
"kallisto","CPM","B80K20","BK80205",0.639069668458031,4434,"1.5k-3k"
"kallisto","CPM","B80K20","BK80205",0.520015859197486,2356,"3k-4.5k"
"kallisto","CPM","B80K20","BK80205",0.231647271237134,2342,">4.5k"
"kallisto","CPM","Brain","B31",0.811171930872076,3179,"0-1.5k"
"kallisto","CPM","Brain","B31",0.707803636590272,4174,"1.5k-3k"
"kallisto","CPM","Brain","B31",0.596497297680387,2275,"3k-4.5k"
"kallisto","CPM","Brain","B31",0.282238504520014,2317,">4.5k"
"kallisto","CPM","Brain","B32",0.810541361093506,3167,"0-1.5k"
"kallisto","CPM","Brain","B32",0.721526616371829,4192,"1.5k-3k"
"kallisto","CPM","Brain","B32",0.596567411809078,2274,"3k-4.5k"
"kallisto","CPM","Brain","B32",0.325842694078069,2331,">4.5k"
"kallisto","CPM","Brain","B33",0.813102399620995,3171,"0-1.5k"
"kallisto","CPM","Brain","B33",0.711259979802106,4188,"1.5k-3k"
"kallisto","CPM","Brain","B33",0.583301228650486,2300,"3k-4.5k"
"kallisto","CPM","Brain","B33",0.297495553775735,2321,">4.5k"
"kallisto","CPM","Brain","B34",0.810551868913449,3158,"0-1.5k"
"kallisto","CPM","Brain","B34",0.709065208569725,4158,"1.5k-3k"
"kallisto","CPM","Brain","B34",0.556619826979142,2277,"3k-4.5k"
"kallisto","CPM","Brain","B34",0.280053200701227,2320,">4.5k"
"kallisto","CPM","Brain","B35",0.812919881966293,3128,"0-1.5k"
"kallisto","CPM","Brain","B35",0.695812826115817,4091,"1.5k-3k"
"kallisto","CPM","Brain","B35",0.598716640947829,2264,"3k-4.5k"
"kallisto","CPM","Brain","B35",0.276998735897409,2295,">4.5k"
"kallisto","CPM","Kidney","K31",0.82291479867977,3200,"0-1.5k"
"kallisto","CPM","Kidney","K31",0.73576482817174,3948,"1.5k-3k"
"kallisto","CPM","Kidney","K31",0.630630287845588,1963,"3k-4.5k"
"kallisto","CPM","Kidney","K31",0.376009294328976,1862,">4.5k"
"kallisto","CPM","Kidney","K32",0.831285854269649,3258,"0-1.5k"
"kallisto","CPM","Kidney","K32",0.756524517430243,4104,"1.5k-3k"
"kallisto","CPM","Kidney","K32",0.665309636408586,2035,"3k-4.5k"
"kallisto","CPM","Kidney","K32",0.47681902699261,1944,">4.5k"
"kallisto","CPM","Kidney","K33",0.827171256964361,3243,"0-1.5k"
"kallisto","CPM","Kidney","K33",0.73854149756027,3999,"1.5k-3k"
"kallisto","CPM","Kidney","K33",0.651424109188008,1989,"3k-4.5k"
"kallisto","CPM","Kidney","K33",0.44104365530125,1892,">4.5k"
"kallisto","CPM","Kidney","K34",0.829908134308051,3207,"0-1.5k"
"kallisto","CPM","Kidney","K34",0.736627467311081,3968,"1.5k-3k"
"kallisto","CPM","Kidney","K34",0.634349090663132,1924,"3k-4.5k"
"kallisto","CPM","Kidney","K34",0.415045707541809,1826,">4.5k"
"kallisto","CPM","Kidney","K35",0.832491405347066,3177,"0-1.5k"
"kallisto","CPM","Kidney","K35",0.73577982732958,3878,"1.5k-3k"
"kallisto","CPM","Kidney","K35",0.621529305175029,1901,"3k-4.5k"
"kallisto","CPM","Kidney","K35",0.404700817906611,1801,">4.5k"
"kallisto","EDA","B20K80","BK20801",0.804672681727815,3447,"0-1.5k"
"kallisto","EDA","B20K80","BK20801",0.650436913127507,4435,"1.5k-3k"
"kallisto","EDA","B20K80","BK20801",0.501971170249184,2325,"3k-4.5k"
"kallisto","EDA","B20K80","BK20801",0.17685613751876,2309,">4.5k"
"kallisto","EDA","B20K80","BK20802",0.802199825203682,3482,"0-1.5k"
"kallisto","EDA","B20K80","BK20802",0.688470651923497,4551,"1.5k-3k"
"kallisto","EDA","B20K80","BK20802",0.56121515448383,2376,"3k-4.5k"
"kallisto","EDA","B20K80","BK20802",0.241167806637535,2330,">4.5k"
"kallisto","EDA","B20K80","BK20803",0.805535766410483,3435,"0-1.5k"
"kallisto","EDA","B20K80","BK20803",0.670269480647466,4445,"1.5k-3k"
"kallisto","EDA","B20K80","BK20803",0.53079750684632,2310,"3k-4.5k"
"kallisto","EDA","B20K80","BK20803",0.218099500814995,2303,">4.5k"
"kallisto","EDA","B20K80","BK20804",0.792223676327252,3464,"0-1.5k"
"kallisto","EDA","B20K80","BK20804",0.668956591906222,4489,"1.5k-3k"
"kallisto","EDA","B20K80","BK20804",0.52289100177583,2341,"3k-4.5k"
"kallisto","EDA","B20K80","BK20804",0.216927429127001,2303,">4.5k"
"kallisto","EDA","B20K80","BK20805",0.796934997988788,3480,"0-1.5k"
"kallisto","EDA","B20K80","BK20805",0.651489285137471,4467,"1.5k-3k"
"kallisto","EDA","B20K80","BK20805",0.507388576330154,2318,"3k-4.5k"
"kallisto","EDA","B20K80","BK20805",0.183723381569601,2289,">4.5k"
"kallisto","EDA","B80K20","BK80201",0.797411070302847,3447,"0-1.5k"
"kallisto","EDA","B80K20","BK80201",0.65585573413708,4495,"1.5k-3k"
"kallisto","EDA","B80K20","BK80201",0.542338479080088,2376,"3k-4.5k"
"kallisto","EDA","B80K20","BK80201",0.25443888016325,2356,">4.5k"
"kallisto","EDA","B80K20","BK80202",0.788505529893453,3462,"0-1.5k"
"kallisto","EDA","B80K20","BK80202",0.66622641384166,4575,"1.5k-3k"
"kallisto","EDA","B80K20","BK80202",0.564215852378231,2415,"3k-4.5k"
"kallisto","EDA","B80K20","BK80202",0.279352526589551,2385,">4.5k"
"kallisto","EDA","B80K20","BK80203",0.790145980293967,3367,"0-1.5k"
"kallisto","EDA","B80K20","BK80203",0.649247138314705,4396,"1.5k-3k"
"kallisto","EDA","B80K20","BK80203",0.528488749907221,2337,"3k-4.5k"
"kallisto","EDA","B80K20","BK80203",0.246715882117764,2305,">4.5k"
"kallisto","EDA","B80K20","BK80204",0.796841351825587,3487,"0-1.5k"
"kallisto","EDA","B80K20","BK80204",0.661139185883378,4547,"1.5k-3k"
"kallisto","EDA","B80K20","BK80204",0.525756170230598,2384,"3k-4.5k"
"kallisto","EDA","B80K20","BK80204",0.23622975700829,2379,">4.5k"
"kallisto","EDA","B80K20","BK80205",0.78590853731452,3416,"0-1.5k"
"kallisto","EDA","B80K20","BK80205",0.636595548057841,4434,"1.5k-3k"
"kallisto","EDA","B80K20","BK80205",0.51459079627601,2356,"3k-4.5k"
"kallisto","EDA","B80K20","BK80205",0.221786568187403,2342,">4.5k"
"kallisto","EDA","Brain","B31",0.816813431712033,3179,"0-1.5k"
"kallisto","EDA","Brain","B31",0.706593457585686,4174,"1.5k-3k"
"kallisto","EDA","Brain","B31",0.591612407665731,2275,"3k-4.5k"
"kallisto","EDA","Brain","B31",0.271061558406635,2317,">4.5k"
"kallisto","EDA","Brain","B32",0.815435381516489,3167,"0-1.5k"
"kallisto","EDA","Brain","B32",0.722544551358333,4192,"1.5k-3k"
"kallisto","EDA","Brain","B32",0.592644056517544,2274,"3k-4.5k"
"kallisto","EDA","Brain","B32",0.317275166410662,2331,">4.5k"
"kallisto","EDA","Brain","B33",0.818959060381414,3171,"0-1.5k"
"kallisto","EDA","Brain","B33",0.710884053163908,4188,"1.5k-3k"
"kallisto","EDA","Brain","B33",0.578531135156467,2300,"3k-4.5k"
"kallisto","EDA","Brain","B33",0.28611892206597,2321,">4.5k"
"kallisto","EDA","Brain","B34",0.816893464947062,3158,"0-1.5k"
"kallisto","EDA","Brain","B34",0.708705680067638,4158,"1.5k-3k"
"kallisto","EDA","Brain","B34",0.553133367929297,2277,"3k-4.5k"
"kallisto","EDA","Brain","B34",0.289702658755944,2320,">4.5k"
"kallisto","EDA","Brain","B35",0.819284989747027,3128,"0-1.5k"
"kallisto","EDA","Brain","B35",0.695263314331412,4091,"1.5k-3k"
"kallisto","EDA","Brain","B35",0.593402115094545,2264,"3k-4.5k"
"kallisto","EDA","Brain","B35",0.267828861432837,2295,">4.5k"
"kallisto","EDA","Kidney","K31",0.828148402549215,3200,"0-1.5k"
"kallisto","EDA","Kidney","K31",0.721150932641044,3948,"1.5k-3k"
"kallisto","EDA","Kidney","K31",0.620330424144855,1963,"3k-4.5k"
"kallisto","EDA","Kidney","K31",0.327661405877758,1862,">4.5k"
"kallisto","EDA","Kidney","K32",0.835647310816204,3258,"0-1.5k"
"kallisto","EDA","Kidney","K32",0.749383940815212,4104,"1.5k-3k"
"kallisto","EDA","Kidney","K32",0.658032154079502,2035,"3k-4.5k"
"kallisto","EDA","Kidney","K32",0.41658245645174,1944,">4.5k"
"kallisto","EDA","Kidney","K33",0.831064489572963,3243,"0-1.5k"
"kallisto","EDA","Kidney","K33",0.725991548311657,3999,"1.5k-3k"
"kallisto","EDA","Kidney","K33",0.642604533985815,1989,"3k-4.5k"
"kallisto","EDA","Kidney","K33",0.392546305080861,1892,">4.5k"
"kallisto","EDA","Kidney","K34",0.832104923012301,3207,"0-1.5k"
"kallisto","EDA","Kidney","K34",0.726131249532299,3968,"1.5k-3k"
"kallisto","EDA","Kidney","K34",0.624645815718966,1924,"3k-4.5k"
"kallisto","EDA","Kidney","K34",0.349803477280504,1826,">4.5k"
"kallisto","EDA","Kidney","K35",0.835372121613109,3177,"0-1.5k"
"kallisto","EDA","Kidney","K35",0.719648381937021,3878,"1.5k-3k"
"kallisto","EDA","Kidney","K35",0.612311223973949,1901,"3k-4.5k"
"kallisto","EDA","Kidney","K35",0.353897523571955,1801,">4.5k"
"kallisto","TPM","B20K80","BK20801",0.758504340124228,3447,"0-1.5k"
"kallisto","TPM","B20K80","BK20801",0.658139335596933,4435,"1.5k-3k"
"kallisto","TPM","B20K80","BK20801",0.511416505196841,2325,"3k-4.5k"
"kallisto","TPM","B20K80","BK20801",0.346658372194883,2309,">4.5k"
"kallisto","TPM","B20K80","BK20802",0.755588004360967,3482,"0-1.5k"
"kallisto","TPM","B20K80","BK20802",0.684699642445239,4551,"1.5k-3k"
"kallisto","TPM","B20K80","BK20802",0.567482899944644,2376,"3k-4.5k"
"kallisto","TPM","B20K80","BK20802",0.417988668988355,2330,">4.5k"
"kallisto","TPM","B20K80","BK20803",0.763204441627786,3435,"0-1.5k"
"kallisto","TPM","B20K80","BK20803",0.676062792169988,4445,"1.5k-3k"
"kallisto","TPM","B20K80","BK20803",0.538590364627215,2310,"3k-4.5k"
"kallisto","TPM","B20K80","BK20803",0.389846941189482,2303,">4.5k"
"kallisto","TPM","B20K80","BK20804",0.750108600762017,3464,"0-1.5k"
"kallisto","TPM","B20K80","BK20804",0.674603402757304,4489,"1.5k-3k"
"kallisto","TPM","B20K80","BK20804",0.533491652430167,2341,"3k-4.5k"
"kallisto","TPM","B20K80","BK20804",0.387041936832474,2303,">4.5k"
"kallisto","TPM","B20K80","BK20805",0.757561214446888,3480,"0-1.5k"
"kallisto","TPM","B20K80","BK20805",0.662409763912507,4467,"1.5k-3k"
"kallisto","TPM","B20K80","BK20805",0.516607736666852,2318,"3k-4.5k"
"kallisto","TPM","B20K80","BK20805",0.350167263303799,2289,">4.5k"
"kallisto","TPM","B80K20","BK80201",0.750916774653056,3447,"0-1.5k"
"kallisto","TPM","B80K20","BK80201",0.64839850835232,4495,"1.5k-3k"
"kallisto","TPM","B80K20","BK80201",0.545436082833219,2376,"3k-4.5k"
"kallisto","TPM","B80K20","BK80201",0.396341426274038,2356,">4.5k"
"kallisto","TPM","B80K20","BK80202",0.745030651783167,3462,"0-1.5k"
"kallisto","TPM","B80K20","BK80202",0.65355822558062,4575,"1.5k-3k"
"kallisto","TPM","B80K20","BK80202",0.568569423622768,2415,"3k-4.5k"
"kallisto","TPM","B80K20","BK80202",0.435552984246774,2385,">4.5k"
"kallisto","TPM","B80K20","BK80203",0.748978452034023,3367,"0-1.5k"
"kallisto","TPM","B80K20","BK80203",0.637738275687977,4396,"1.5k-3k"
"kallisto","TPM","B80K20","BK80203",0.53365611602646,2337,"3k-4.5k"
"kallisto","TPM","B80K20","BK80203",0.402023345496691,2305,">4.5k"
"kallisto","TPM","B80K20","BK80204",0.750070958929946,3487,"0-1.5k"
"kallisto","TPM","B80K20","BK80204",0.655003453674881,4547,"1.5k-3k"
"kallisto","TPM","B80K20","BK80204",0.533575872907473,2384,"3k-4.5k"
"kallisto","TPM","B80K20","BK80204",0.38858021410325,2379,">4.5k"
"kallisto","TPM","B80K20","BK80205",0.741140711711359,3416,"0-1.5k"
"kallisto","TPM","B80K20","BK80205",0.63165222936617,4434,"1.5k-3k"
"kallisto","TPM","B80K20","BK80205",0.521736423102965,2356,"3k-4.5k"
"kallisto","TPM","B80K20","BK80205",0.375587178196513,2342,">4.5k"
"kallisto","TPM","Brain","B31",0.780293985484615,3179,"0-1.5k"
"kallisto","TPM","Brain","B31",0.700434011072994,4174,"1.5k-3k"
"kallisto","TPM","Brain","B31",0.601436714065987,2275,"3k-4.5k"
"kallisto","TPM","Brain","B31",0.430611673455322,2317,">4.5k"
"kallisto","TPM","Brain","B32",0.776902555885226,3167,"0-1.5k"
"kallisto","TPM","Brain","B32",0.708049795105757,4192,"1.5k-3k"
"kallisto","TPM","Brain","B32",0.596515314162262,2274,"3k-4.5k"
"kallisto","TPM","Brain","B32",0.453468859110349,2331,">4.5k"
"kallisto","TPM","Brain","B33",0.78081933009267,3171,"0-1.5k"
"kallisto","TPM","Brain","B33",0.70019425036534,4188,"1.5k-3k"
"kallisto","TPM","Brain","B33",0.58453258839281,2300,"3k-4.5k"
"kallisto","TPM","Brain","B33",0.431707512143119,2321,">4.5k"
"kallisto","TPM","Brain","B34",0.777430820360529,3158,"0-1.5k"
"kallisto","TPM","Brain","B34",0.697709045657093,4158,"1.5k-3k"
"kallisto","TPM","Brain","B34",0.557732137592011,2277,"3k-4.5k"
"kallisto","TPM","Brain","B34",0.416721308349919,2320,">4.5k"
"kallisto","TPM","Brain","B35",0.78020108050642,3128,"0-1.5k"
"kallisto","TPM","Brain","B35",0.685629360313781,4091,"1.5k-3k"
"kallisto","TPM","Brain","B35",0.600804646016732,2264,"3k-4.5k"
"kallisto","TPM","Brain","B35",0.422075355415196,2295,">4.5k"
"kallisto","TPM","Kidney","K31",0.792946930775723,3200,"0-1.5k"
"kallisto","TPM","Kidney","K31",0.737822977439699,3948,"1.5k-3k"
"kallisto","TPM","Kidney","K31",0.63516400512983,1963,"3k-4.5k"
"kallisto","TPM","Kidney","K31",0.506688884729049,1862,">4.5k"
"kallisto","TPM","Kidney","K32",0.799202045307678,3258,"0-1.5k"
"kallisto","TPM","Kidney","K32",0.751465319654077,4104,"1.5k-3k"
"kallisto","TPM","Kidney","K32",0.666920521276061,2035,"3k-4.5k"
"kallisto","TPM","Kidney","K32",0.585857712641237,1944,">4.5k"
"kallisto","TPM","Kidney","K33",0.797513642671998,3243,"0-1.5k"
"kallisto","TPM","Kidney","K33",0.737729497301295,3999,"1.5k-3k"
"kallisto","TPM","Kidney","K33",0.653754299454355,1989,"3k-4.5k"
"kallisto","TPM","Kidney","K33",0.555174525516642,1892,">4.5k"
"kallisto","TPM","Kidney","K34",0.805137612481504,3207,"0-1.5k"
"kallisto","TPM","Kidney","K34",0.732819494262993,3968,"1.5k-3k"
"kallisto","TPM","Kidney","K34",0.636693677940282,1924,"3k-4.5k"
"kallisto","TPM","Kidney","K34",0.541438179536329,1826,">4.5k"
"kallisto","TPM","Kidney","K35",0.806868226650386,3177,"0-1.5k"
"kallisto","TPM","Kidney","K35",0.737227874671276,3878,"1.5k-3k"
"kallisto","TPM","Kidney","K35",0.625322286075558,1901,"3k-4.5k"
"kallisto","TPM","Kidney","K35",0.530429905023512,1801,">4.5k"
"kallisto","cqn","B20K80","BK20801",0.813867566296857,3531,"0-1.5k"
"kallisto","cqn","B20K80","BK20801",0.6689253368437,4650,"1.5k-3k"
"kallisto","cqn","B20K80","BK20801",0.509730293585997,2464,"3k-4.5k"
"kallisto","cqn","B20K80","BK20801",0.226284982814967,2431,">4.5k"
"kallisto","cqn","B20K80","BK20802",0.820790928489876,3528,"0-1.5k"
"kallisto","cqn","B20K80","BK20802",0.69875454583516,4667,"1.5k-3k"
"kallisto","cqn","B20K80","BK20802",0.574474343652364,2473,"3k-4.5k"
"kallisto","cqn","B20K80","BK20802",0.277128383387526,2436,">4.5k"
"kallisto","cqn","B20K80","BK20803",0.81586140361453,3532,"0-1.5k"
"kallisto","cqn","B20K80","BK20803",0.682890022369187,4661,"1.5k-3k"
"kallisto","cqn","B20K80","BK20803",0.549212327951416,2471,"3k-4.5k"
"kallisto","cqn","B20K80","BK20803",0.242047592773632,2444,">4.5k"
"kallisto","cqn","B20K80","BK20804",0.811266490378001,3521,"0-1.5k"
"kallisto","cqn","B20K80","BK20804",0.684194801084689,4659,"1.5k-3k"
"kallisto","cqn","B20K80","BK20804",0.527567288870043,2458,"3k-4.5k"
"kallisto","cqn","B20K80","BK20804",0.250235874002282,2422,">4.5k"
"kallisto","cqn","B20K80","BK20805",0.802314658344962,3534,"0-1.5k"
"kallisto","cqn","B20K80","BK20805",0.667624805709859,4653,"1.5k-3k"
"kallisto","cqn","B20K80","BK20805",0.501505105360356,2457,"3k-4.5k"
"kallisto","cqn","B20K80","BK20805",0.221271169852314,2417,">4.5k"
"kallisto","cqn","B80K20","BK80201",0.814340024553144,3508,"0-1.5k"
"kallisto","cqn","B80K20","BK80201",0.678143487513039,4648,"1.5k-3k"
"kallisto","cqn","B80K20","BK80201",0.552202540007915,2480,"3k-4.5k"
"kallisto","cqn","B80K20","BK80201",0.279970245430304,2453,">4.5k"
"kallisto","cqn","B80K20","BK80202",0.811405200361985,3498,"0-1.5k"
"kallisto","cqn","B80K20","BK80202",0.685241012172456,4663,"1.5k-3k"
"kallisto","cqn","B80K20","BK80202",0.58419522194161,2476,"3k-4.5k"
"kallisto","cqn","B80K20","BK80202",0.326789685013453,2469,">4.5k"
"kallisto","cqn","B80K20","BK80203",0.808392833697079,3523,"0-1.5k"
"kallisto","cqn","B80K20","BK80203",0.669574573325505,4657,"1.5k-3k"
"kallisto","cqn","B80K20","BK80203",0.547803110468201,2479,"3k-4.5k"
"kallisto","cqn","B80K20","BK80203",0.275618699709964,2462,">4.5k"
"kallisto","cqn","B80K20","BK80204",0.809687554770479,3520,"0-1.5k"
"kallisto","cqn","B80K20","BK80204",0.685177135820677,4658,"1.5k-3k"
"kallisto","cqn","B80K20","BK80204",0.538681011971968,2471,"3k-4.5k"
"kallisto","cqn","B80K20","BK80204",0.276415195656443,2460,">4.5k"
"kallisto","cqn","B80K20","BK80205",0.797996862264075,3524,"0-1.5k"
"kallisto","cqn","B80K20","BK80205",0.651247753171325,4648,"1.5k-3k"
"kallisto","cqn","B80K20","BK80205",0.536691325294882,2470,"3k-4.5k"
"kallisto","cqn","B80K20","BK80205",0.25715735508798,2461,">4.5k"
"kallisto","cqn","Brain","B31",0.830722884261212,3291,"0-1.5k"
"kallisto","cqn","Brain","B31",0.730794294779658,4417,"1.5k-3k"
"kallisto","cqn","Brain","B31",0.619760905603485,2393,"3k-4.5k"
"kallisto","cqn","Brain","B31",0.32809504447051,2401,">4.5k"
"kallisto","cqn","Brain","B32",0.831258046440119,3314,"0-1.5k"
"kallisto","cqn","Brain","B32",0.746170990624018,4432,"1.5k-3k"
"kallisto","cqn","Brain","B32",0.620410339162217,2414,"3k-4.5k"
"kallisto","cqn","Brain","B32",0.360778381068627,2433,">4.5k"
"kallisto","cqn","Brain","B33",0.831656291044893,3287,"0-1.5k"
"kallisto","cqn","Brain","B33",0.733136571688203,4392,"1.5k-3k"
"kallisto","cqn","Brain","B33",0.614765097105304,2406,"3k-4.5k"
"kallisto","cqn","Brain","B33",0.33650213281376,2420,">4.5k"
"kallisto","cqn","Brain","B34",0.827756143180225,3293,"0-1.5k"
"kallisto","cqn","Brain","B34",0.737643425793219,4413,"1.5k-3k"
"kallisto","cqn","Brain","B34",0.578677479445892,2411,"3k-4.5k"
"kallisto","cqn","Brain","B34",0.345828790688416,2426,">4.5k"
"kallisto","cqn","Brain","B35",0.833600428515143,3319,"0-1.5k"
"kallisto","cqn","Brain","B35",0.734875964432493,4429,"1.5k-3k"
"kallisto","cqn","Brain","B35",0.626954158036589,2417,"3k-4.5k"
"kallisto","cqn","Brain","B35",0.31493812488581,2433,">4.5k"
"kallisto","cqn","Kidney","K31",0.832378938148161,3351,"0-1.5k"
"kallisto","cqn","Kidney","K31",0.745562999075044,4353,"1.5k-3k"
"kallisto","cqn","Kidney","K31",0.652567237816328,2190,"3k-4.5k"
"kallisto","cqn","Kidney","K31",0.389992505081612,2100,">4.5k"
"kallisto","cqn","Kidney","K32",0.849458234709875,3351,"0-1.5k"
"kallisto","cqn","Kidney","K32",0.774857469438845,4374,"1.5k-3k"
"kallisto","cqn","Kidney","K32",0.70003592890315,2247,"3k-4.5k"
"kallisto","cqn","Kidney","K32",0.472432147827985,2177,">4.5k"
"kallisto","cqn","Kidney","K33",0.834106928649193,3359,"0-1.5k"
"kallisto","cqn","Kidney","K33",0.756098012572542,4349,"1.5k-3k"
"kallisto","cqn","Kidney","K33",0.665843174940269,2202,"3k-4.5k"
"kallisto","cqn","Kidney","K33",0.4360357163352,2114,">4.5k"
"kallisto","cqn","Kidney","K34",0.834346242928761,3337,"0-1.5k"
"kallisto","cqn","Kidney","K34",0.753582635489451,4327,"1.5k-3k"
"kallisto","cqn","Kidney","K34",0.677564313831811,2172,"3k-4.5k"
"kallisto","cqn","Kidney","K34",0.411485792809801,2103,">4.5k"
"kallisto","cqn","Kidney","K35",0.830200466165284,3354,"0-1.5k"
"kallisto","cqn","Kidney","K35",0.743583888382097,4343,"1.5k-3k"
"kallisto","cqn","Kidney","K35",0.639832760564868,2160,"3k-4.5k"
"kallisto","cqn","Kidney","K35",0.414057640651196,2070,">4.5k"
"kallisto","ratio_counts","B20K80","BK20801",0.597950630053794,3447,"0-1.5k"
"kallisto","ratio_counts","B20K80","BK20801",0.556164656598072,4435,"1.5k-3k"
"kallisto","ratio_counts","B20K80","BK20801",0.493249314376839,2325,"3k-4.5k"
"kallisto","ratio_counts","B20K80","BK20801",0.297499658610854,2309,">4.5k"
"kallisto","ratio_counts","B20K80","BK20802",0.673493801445414,3482,"0-1.5k"
"kallisto","ratio_counts","B20K80","BK20802",0.696742508368722,4551,"1.5k-3k"
"kallisto","ratio_counts","B20K80","BK20802",0.593996688435594,2376,"3k-4.5k"
"kallisto","ratio_counts","B20K80","BK20802",0.420089740679396,2330,">4.5k"
"kallisto","ratio_counts","B20K80","BK20803",0.652950967788333,3435,"0-1.5k"
"kallisto","ratio_counts","B20K80","BK20803",0.667115490006809,4445,"1.5k-3k"
"kallisto","ratio_counts","B20K80","BK20803",0.608199644628321,2310,"3k-4.5k"
"kallisto","ratio_counts","B20K80","BK20803",0.431731046903826,2303,">4.5k"
"kallisto","ratio_counts","B20K80","BK20804",0.653962821813723,3464,"0-1.5k"
"kallisto","ratio_counts","B20K80","BK20804",0.696630563922101,4489,"1.5k-3k"
"kallisto","ratio_counts","B20K80","BK20804",0.639069283788681,2341,"3k-4.5k"
"kallisto","ratio_counts","B20K80","BK20804",0.453413261311619,2303,">4.5k"
"kallisto","ratio_counts","B20K80","BK20805",0.663795893106436,3480,"0-1.5k"
"kallisto","ratio_counts","B20K80","BK20805",0.649928615446204,4467,"1.5k-3k"
"kallisto","ratio_counts","B20K80","BK20805",0.58746546102458,2318,"3k-4.5k"
"kallisto","ratio_counts","B20K80","BK20805",0.38433756469169,2289,">4.5k"
"kallisto","ratio_counts","B80K20","BK80201",0.664816051318652,3447,"0-1.5k"
"kallisto","ratio_counts","B80K20","BK80201",0.650115391015296,4495,"1.5k-3k"
"kallisto","ratio_counts","B80K20","BK80201",0.607863257903716,2376,"3k-4.5k"
"kallisto","ratio_counts","B80K20","BK80201",0.36700841048529,2356,">4.5k"
"kallisto","ratio_counts","B80K20","BK80202",0.659591618071673,3462,"0-1.5k"
"kallisto","ratio_counts","B80K20","BK80202",0.643435860438821,4575,"1.5k-3k"
"kallisto","ratio_counts","B80K20","BK80202",0.621258743298134,2415,"3k-4.5k"
"kallisto","ratio_counts","B80K20","BK80202",0.44207279470557,2385,">4.5k"
"kallisto","ratio_counts","B80K20","BK80203",0.563740832499609,3367,"0-1.5k"
"kallisto","ratio_counts","B80K20","BK80203",0.518616330383239,4396,"1.5k-3k"
"kallisto","ratio_counts","B80K20","BK80203",0.478423123370837,2337,"3k-4.5k"
"kallisto","ratio_counts","B80K20","BK80203",0.337970487408927,2305,">4.5k"
"kallisto","ratio_counts","B80K20","BK80204",0.55457145291491,3487,"0-1.5k"
"kallisto","ratio_counts","B80K20","BK80204",0.587126935731615,4547,"1.5k-3k"
"kallisto","ratio_counts","B80K20","BK80204",0.475211738392024,2384,"3k-4.5k"
"kallisto","ratio_counts","B80K20","BK80204",0.301432107998882,2379,">4.5k"
"kallisto","ratio_counts","B80K20","BK80205",0.576635240275121,3416,"0-1.5k"
"kallisto","ratio_counts","B80K20","BK80205",0.576338910336776,4434,"1.5k-3k"
"kallisto","ratio_counts","B80K20","BK80205",0.503296726402687,2356,"3k-4.5k"
"kallisto","ratio_counts","B80K20","BK80205",0.27917269792514,2342,">4.5k"
"kallisto","ratio_counts","Brain","B31",0.76885967343504,3179,"0-1.5k"
"kallisto","ratio_counts","Brain","B31",0.721307827674557,4174,"1.5k-3k"
"kallisto","ratio_counts","Brain","B31",0.641578672434553,2275,"3k-4.5k"
"kallisto","ratio_counts","Brain","B31",0.411251785869363,2317,">4.5k"
"kallisto","ratio_counts","Brain","B32",0.792325130971087,3167,"0-1.5k"
"kallisto","ratio_counts","Brain","B32",0.766984145448868,4192,"1.5k-3k"
"kallisto","ratio_counts","Brain","B32",0.723536120861198,2274,"3k-4.5k"
"kallisto","ratio_counts","Brain","B32",0.529204509726945,2331,">4.5k"
"kallisto","ratio_counts","Brain","B33",0.776606163491613,3171,"0-1.5k"
"kallisto","ratio_counts","Brain","B33",0.750048205634921,4188,"1.5k-3k"
"kallisto","ratio_counts","Brain","B33",0.661485085611775,2300,"3k-4.5k"
"kallisto","ratio_counts","Brain","B33",0.48954502890547,2321,">4.5k"
"kallisto","ratio_counts","Brain","B34",0.754800939457759,3158,"0-1.5k"
"kallisto","ratio_counts","Brain","B34",0.722956762008619,4158,"1.5k-3k"
"kallisto","ratio_counts","Brain","B34",0.632535449003492,2277,"3k-4.5k"
"kallisto","ratio_counts","Brain","B34",0.475484498419993,2320,">4.5k"
"kallisto","ratio_counts","Brain","B35",0.740107165116194,3128,"0-1.5k"
"kallisto","ratio_counts","Brain","B35",0.719883369867391,4091,"1.5k-3k"
"kallisto","ratio_counts","Brain","B35",0.668667630712969,2264,"3k-4.5k"
"kallisto","ratio_counts","Brain","B35",0.45955414221063,2295,">4.5k"
"kallisto","ratio_counts","Kidney","K31",0.707170491909478,3200,"0-1.5k"
"kallisto","ratio_counts","Kidney","K31",0.750053356235594,3948,"1.5k-3k"
"kallisto","ratio_counts","Kidney","K31",0.721968659742104,1963,"3k-4.5k"
"kallisto","ratio_counts","Kidney","K31",0.603228083917691,1862,">4.5k"
"kallisto","ratio_counts","Kidney","K32",0.75111360600361,3258,"0-1.5k"
"kallisto","ratio_counts","Kidney","K32",0.810418782625769,4104,"1.5k-3k"
"kallisto","ratio_counts","Kidney","K32",0.767278645815099,2035,"3k-4.5k"
"kallisto","ratio_counts","Kidney","K32",0.704112173677571,1944,">4.5k"
"kallisto","ratio_counts","Kidney","K33",0.711572876183692,3243,"0-1.5k"
"kallisto","ratio_counts","Kidney","K33",0.760963126924636,3999,"1.5k-3k"
"kallisto","ratio_counts","Kidney","K33",0.717700947422382,1989,"3k-4.5k"
"kallisto","ratio_counts","Kidney","K33",0.648283794221004,1892,">4.5k"
"kallisto","ratio_counts","Kidney","K34",0.699373231494387,3207,"0-1.5k"
"kallisto","ratio_counts","Kidney","K34",0.770565767889542,3968,"1.5k-3k"
"kallisto","ratio_counts","Kidney","K34",0.727999054505378,1924,"3k-4.5k"
"kallisto","ratio_counts","Kidney","K34",0.643384797692274,1826,">4.5k"
"kallisto","ratio_counts","Kidney","K35",0.714083780947452,3177,"0-1.5k"
"kallisto","ratio_counts","Kidney","K35",0.754815776555132,3878,"1.5k-3k"
"kallisto","ratio_counts","Kidney","K35",0.701470114011126,1901,"3k-4.5k"
"kallisto","ratio_counts","Kidney","K35",0.634887770581,1801,">4.5k"
"oarfish","CPM","B20K80","BK20801",0.832301346971227,4170,"0-1.5k"
"oarfish","CPM","B20K80","BK20801",0.690711310027747,5964,"1.5k-3k"
"oarfish","CPM","B20K80","BK20801",0.507183156244268,3305,"3k-4.5k"
"oarfish","CPM","B20K80","BK20801",0.239420760132992,3000,">4.5k"
"oarfish","CPM","B20K80","BK20802",0.831825949667861,4164,"0-1.5k"
"oarfish","CPM","B20K80","BK20802",0.717081098971331,6066,"1.5k-3k"
"oarfish","CPM","B20K80","BK20802",0.565239326426544,3411,"3k-4.5k"
"oarfish","CPM","B20K80","BK20802",0.278166744800516,3081,">4.5k"
"oarfish","CPM","B20K80","BK20803",0.834223900727103,4143,"0-1.5k"
"oarfish","CPM","B20K80","BK20803",0.704389042343723,5948,"1.5k-3k"
"oarfish","CPM","B20K80","BK20803",0.537905743012865,3288,"3k-4.5k"
"oarfish","CPM","B20K80","BK20803",0.280083433729537,2955,">4.5k"
"oarfish","CPM","B20K80","BK20804",0.821154668127179,4145,"0-1.5k"
"oarfish","CPM","B20K80","BK20804",0.699991240999934,6000,"1.5k-3k"
"oarfish","CPM","B20K80","BK20804",0.537453949929388,3305,"3k-4.5k"
"oarfish","CPM","B20K80","BK20804",0.265932219867482,2973,">4.5k"
"oarfish","CPM","B20K80","BK20805",0.830031406667313,4163,"0-1.5k"
"oarfish","CPM","B20K80","BK20805",0.683320245519659,5986,"1.5k-3k"
"oarfish","CPM","B20K80","BK20805",0.508340093195811,3287,"3k-4.5k"
"oarfish","CPM","B20K80","BK20805",0.216768189982007,2989,">4.5k"
"oarfish","CPM","B80K20","BK80201",0.823108468634374,4146,"0-1.5k"
"oarfish","CPM","B80K20","BK80201",0.691247006632828,6060,"1.5k-3k"
"oarfish","CPM","B80K20","BK80201",0.535565166070463,3449,"3k-4.5k"
"oarfish","CPM","B80K20","BK80201",0.265595332646085,3148,">4.5k"
"oarfish","CPM","B80K20","BK80202",0.818335373163877,4156,"0-1.5k"
"oarfish","CPM","B80K20","BK80202",0.696192488894299,6126,"1.5k-3k"
"oarfish","CPM","B80K20","BK80202",0.578496976800972,3509,"3k-4.5k"
"oarfish","CPM","B80K20","BK80202",0.31087330144582,3198,">4.5k"
"oarfish","CPM","B80K20","BK80203",0.820535266960771,4106,"0-1.5k"
"oarfish","CPM","B80K20","BK80203",0.678323300563463,5908,"1.5k-3k"
"oarfish","CPM","B80K20","BK80203",0.544617932282728,3358,"3k-4.5k"
"oarfish","CPM","B80K20","BK80203",0.265736218775159,3010,">4.5k"
"oarfish","CPM","B80K20","BK80204",0.821305353313317,4196,"0-1.5k"
"oarfish","CPM","B80K20","BK80204",0.686118537220758,6113,"1.5k-3k"
"oarfish","CPM","B80K20","BK80204",0.518915082547335,3495,"3k-4.5k"
"oarfish","CPM","B80K20","BK80204",0.229719888506946,3168,">4.5k"
"oarfish","CPM","B80K20","BK80205",0.814688064201838,4142,"0-1.5k"
"oarfish","CPM","B80K20","BK80205",0.671051460649584,5995,"1.5k-3k"
"oarfish","CPM","B80K20","BK80205",0.516660781128357,3380,"3k-4.5k"
"oarfish","CPM","B80K20","BK80205",0.229906183593366,3074,">4.5k"
"oarfish","CPM","Brain","B31",0.846392677049805,3813,"0-1.5k"
"oarfish","CPM","Brain","B31",0.716596065888972,5628,"1.5k-3k"
"oarfish","CPM","Brain","B31",0.561539142313019,3336,"3k-4.5k"
"oarfish","CPM","Brain","B31",0.284503201770512,3056,">4.5k"
"oarfish","CPM","Brain","B32",0.843240262030741,3788,"0-1.5k"
"oarfish","CPM","Brain","B32",0.732446529319656,5619,"1.5k-3k"
"oarfish","CPM","Brain","B32",0.59704939476594,3351,"3k-4.5k"
"oarfish","CPM","Brain","B32",0.33219896966843,3083,">4.5k"
"oarfish","CPM","Brain","B33",0.843746372985679,3787,"0-1.5k"
"oarfish","CPM","Brain","B33",0.727730509211412,5627,"1.5k-3k"
"oarfish","CPM","Brain","B33",0.5731493055015,3346,"3k-4.5k"
"oarfish","CPM","Brain","B33",0.28043009059864,3085,">4.5k"
"oarfish","CPM","Brain","B34",0.847401046627365,3791,"0-1.5k"
"oarfish","CPM","Brain","B34",0.717932104567321,5618,"1.5k-3k"
"oarfish","CPM","Brain","B34",0.539583954663954,3315,"3k-4.5k"
"oarfish","CPM","Brain","B34",0.271354468983426,3056,">4.5k"
"oarfish","CPM","Brain","B35",0.843981351587875,3767,"0-1.5k"
"oarfish","CPM","Brain","B35",0.721359992984724,5562,"1.5k-3k"
"oarfish","CPM","Brain","B35",0.584429402301375,3293,"3k-4.5k"
"oarfish","CPM","Brain","B35",0.27864133322969,3010,">4.5k"
"oarfish","CPM","Kidney","K31",0.855353587037932,3805,"0-1.5k"
"oarfish","CPM","Kidney","K31",0.754902861099542,5170,"1.5k-3k"
"oarfish","CPM","Kidney","K31",0.612228277373426,2620,"3k-4.5k"
"oarfish","CPM","Kidney","K31",0.364854751684488,2313,">4.5k"
"oarfish","CPM","Kidney","K32",0.862752716135935,3860,"0-1.5k"
"oarfish","CPM","Kidney","K32",0.780982894188696,5387,"1.5k-3k"
"oarfish","CPM","Kidney","K32",0.661654900603291,2772,"3k-4.5k"
"oarfish","CPM","Kidney","K32",0.451750950642924,2456,">4.5k"
"oarfish","CPM","Kidney","K33",0.86490385171733,3807,"0-1.5k"
"oarfish","CPM","Kidney","K33",0.76047546006063,5252,"1.5k-3k"
"oarfish","CPM","Kidney","K33",0.639736938787756,2697,"3k-4.5k"
"oarfish","CPM","Kidney","K33",0.431095464187395,2326,">4.5k"
"oarfish","CPM","Kidney","K34",0.863680016233351,3794,"0-1.5k"
"oarfish","CPM","Kidney","K34",0.771126489759894,5158,"1.5k-3k"
"oarfish","CPM","Kidney","K34",0.663018707195481,2595,"3k-4.5k"
"oarfish","CPM","Kidney","K34",0.409821258782899,2217,">4.5k"
"oarfish","CPM","Kidney","K35",0.870255506261704,3772,"0-1.5k"
"oarfish","CPM","Kidney","K35",0.75695846786755,5047,"1.5k-3k"
"oarfish","CPM","Kidney","K35",0.620075809475002,2519,"3k-4.5k"
"oarfish","CPM","Kidney","K35",0.374818323549524,2160,">4.5k"
"oarfish","EDA","B20K80","BK20801",0.842252479412919,4170,"0-1.5k"
"oarfish","EDA","B20K80","BK20801",0.686330867012703,5964,"1.5k-3k"
"oarfish","EDA","B20K80","BK20801",0.504067081246501,3305,"3k-4.5k"
"oarfish","EDA","B20K80","BK20801",0.250222785941544,3000,">4.5k"
"oarfish","EDA","B20K80","BK20802",0.842327080620754,4164,"0-1.5k"
"oarfish","EDA","B20K80","BK20802",0.715376332244733,6066,"1.5k-3k"
"oarfish","EDA","B20K80","BK20802",0.563246868200352,3411,"3k-4.5k"
"oarfish","EDA","B20K80","BK20802",0.281859635018431,3081,">4.5k"
"oarfish","EDA","B20K80","BK20803",0.84290797184604,4143,"0-1.5k"
"oarfish","EDA","B20K80","BK20803",0.698952291066693,5948,"1.5k-3k"
"oarfish","EDA","B20K80","BK20803",0.534978491762508,3288,"3k-4.5k"
"oarfish","EDA","B20K80","BK20803",0.284605490469019,2955,">4.5k"
"oarfish","EDA","B20K80","BK20804",0.830122116104733,4145,"0-1.5k"
"oarfish","EDA","B20K80","BK20804",0.69375171871359,6000,"1.5k-3k"
"oarfish","EDA","B20K80","BK20804",0.53369454965819,3305,"3k-4.5k"
"oarfish","EDA","B20K80","BK20804",0.271649140334703,2973,">4.5k"
"oarfish","EDA","B20K80","BK20805",0.838222752524827,4163,"0-1.5k"
"oarfish","EDA","B20K80","BK20805",0.676786881582366,5986,"1.5k-3k"
"oarfish","EDA","B20K80","BK20805",0.505044929404025,3287,"3k-4.5k"
"oarfish","EDA","B20K80","BK20805",0.228297968210674,2989,">4.5k"
"oarfish","EDA","B80K20","BK80201",0.832650807124902,4146,"0-1.5k"
"oarfish","EDA","B80K20","BK80201",0.69051216150421,6060,"1.5k-3k"
"oarfish","EDA","B80K20","BK80201",0.534642737325987,3449,"3k-4.5k"
"oarfish","EDA","B80K20","BK80201",0.29340188787102,3148,">4.5k"
"oarfish","EDA","B80K20","BK80202",0.82678268845418,4156,"0-1.5k"
"oarfish","EDA","B80K20","BK80202",0.697114691341572,6126,"1.5k-3k"
"oarfish","EDA","B80K20","BK80202",0.577719271219344,3509,"3k-4.5k"
"oarfish","EDA","B80K20","BK80202",0.330195635830803,3198,">4.5k"
"oarfish","EDA","B80K20","BK80203",0.828887758341988,4106,"0-1.5k"
"oarfish","EDA","B80K20","BK80203",0.677478675326908,5908,"1.5k-3k"
"oarfish","EDA","B80K20","BK80203",0.543491149443005,3358,"3k-4.5k"
"oarfish","EDA","B80K20","BK80203",0.286803046279227,3010,">4.5k"
"oarfish","EDA","B80K20","BK80204",0.831094028056764,4196,"0-1.5k"
"oarfish","EDA","B80K20","BK80204",0.684795818436947,6113,"1.5k-3k"
"oarfish","EDA","B80K20","BK80204",0.518134901401443,3495,"3k-4.5k"
"oarfish","EDA","B80K20","BK80204",0.254407552446262,3168,">4.5k"
"oarfish","EDA","B80K20","BK80205",0.82499606463981,4142,"0-1.5k"
"oarfish","EDA","B80K20","BK80205",0.669166026226373,5995,"1.5k-3k"
"oarfish","EDA","B80K20","BK80205",0.515034896935115,3380,"3k-4.5k"
"oarfish","EDA","B80K20","BK80205",0.254532203800143,3074,">4.5k"
"oarfish","EDA","Brain","B31",0.852309089097087,3813,"0-1.5k"
"oarfish","EDA","Brain","B31",0.715471522581657,5628,"1.5k-3k"
"oarfish","EDA","Brain","B31",0.560281174728492,3336,"3k-4.5k"
"oarfish","EDA","Brain","B31",0.320920376792797,3056,">4.5k"
"oarfish","EDA","Brain","B32",0.849182160122619,3788,"0-1.5k"
"oarfish","EDA","Brain","B32",0.73384516700737,5619,"1.5k-3k"
"oarfish","EDA","Brain","B32",0.59660325147782,3351,"3k-4.5k"
"oarfish","EDA","Brain","B32",0.358359501639213,3083,">4.5k"
"oarfish","EDA","Brain","B33",0.850502831158372,3787,"0-1.5k"
"oarfish","EDA","Brain","B33",0.728050985845973,5627,"1.5k-3k"
"oarfish","EDA","Brain","B33",0.572440700511698,3346,"3k-4.5k"
"oarfish","EDA","Brain","B33",0.306999374343424,3085,">4.5k"
"oarfish","EDA","Brain","B34",0.854591514227004,3791,"0-1.5k"
"oarfish","EDA","Brain","B34",0.71824229240668,5618,"1.5k-3k"
"oarfish","EDA","Brain","B34",0.538771999750446,3315,"3k-4.5k"
"oarfish","EDA","Brain","B34",0.303286740405029,3056,">4.5k"
"oarfish","EDA","Brain","B35",0.851272906328192,3767,"0-1.5k"
"oarfish","EDA","Brain","B35",0.720959656758731,5562,"1.5k-3k"
"oarfish","EDA","Brain","B35",0.583325239318154,3293,"3k-4.5k"
"oarfish","EDA","Brain","B35",0.304514602768595,3010,">4.5k"
"oarfish","EDA","Kidney","K31",0.861197118437944,3805,"0-1.5k"
"oarfish","EDA","Kidney","K31",0.745590615244898,5170,"1.5k-3k"
"oarfish","EDA","Kidney","K31",0.607114773060977,2620,"3k-4.5k"
"oarfish","EDA","Kidney","K31",0.358009863033895,2313,">4.5k"
"oarfish","EDA","Kidney","K32",0.870092734138331,3860,"0-1.5k"
"oarfish","EDA","Kidney","K32",0.777245168236737,5387,"1.5k-3k"
"oarfish","EDA","Kidney","K32",0.658362611882627,2772,"3k-4.5k"
"oarfish","EDA","Kidney","K32",0.424676258911891,2456,">4.5k"
"oarfish","EDA","Kidney","K33",0.870103972432113,3807,"0-1.5k"
"oarfish","EDA","Kidney","K33",0.752708331918357,5252,"1.5k-3k"
"oarfish","EDA","Kidney","K33",0.634381564685817,2697,"3k-4.5k"
"oarfish","EDA","Kidney","K33",0.414960516752686,2326,">4.5k"
"oarfish","EDA","Kidney","K34",0.866891259407709,3794,"0-1.5k"
"oarfish","EDA","Kidney","K34",0.762690871688767,5158,"1.5k-3k"
"oarfish","EDA","Kidney","K34",0.656071818080228,2595,"3k-4.5k"
"oarfish","EDA","Kidney","K34",0.380057985028149,2217,">4.5k"
"oarfish","EDA","Kidney","K35",0.873311196269412,3772,"0-1.5k"
"oarfish","EDA","Kidney","K35",0.744804671530538,5047,"1.5k-3k"
"oarfish","EDA","Kidney","K35",0.614522650689441,2519,"3k-4.5k"
"oarfish","EDA","Kidney","K35",0.362420273668118,2160,">4.5k"
"oarfish","TPM","B20K80","BK20801",0.797971806272755,4170,"0-1.5k"
"oarfish","TPM","B20K80","BK20801",0.68704717352941,5964,"1.5k-3k"
"oarfish","TPM","B20K80","BK20801",0.508724539021391,3305,"3k-4.5k"
"oarfish","TPM","B20K80","BK20801",0.34184166328343,3000,">4.5k"
"oarfish","TPM","B20K80","BK20802",0.794305554965734,4164,"0-1.5k"
"oarfish","TPM","B20K80","BK20802",0.70801362860773,6066,"1.5k-3k"
"oarfish","TPM","B20K80","BK20802",0.563927948439754,3411,"3k-4.5k"
"oarfish","TPM","B20K80","BK20802",0.378688665253114,3081,">4.5k"
"oarfish","TPM","B20K80","BK20803",0.800942329178943,4143,"0-1.5k"
"oarfish","TPM","B20K80","BK20803",0.700841714528657,5948,"1.5k-3k"
"oarfish","TPM","B20K80","BK20803",0.539536896593515,3288,"3k-4.5k"
"oarfish","TPM","B20K80","BK20803",0.387603626474057,2955,">4.5k"
"oarfish","TPM","B20K80","BK20804",0.78914457032542,4145,"0-1.5k"
"oarfish","TPM","B20K80","BK20804",0.696282284110717,6000,"1.5k-3k"
"oarfish","TPM","B20K80","BK20804",0.539520356187111,3305,"3k-4.5k"
"oarfish","TPM","B20K80","BK20804",0.374731810180902,2973,">4.5k"
"oarfish","TPM","B20K80","BK20805",0.799229387321319,4163,"0-1.5k"
"oarfish","TPM","B20K80","BK20805",0.681170305858179,5986,"1.5k-3k"
"oarfish","TPM","B20K80","BK20805",0.510974367128553,3287,"3k-4.5k"
"oarfish","TPM","B20K80","BK20805",0.324182921140478,2989,">4.5k"
"oarfish","TPM","B80K20","BK80201",0.786649137388953,4146,"0-1.5k"
"oarfish","TPM","B80K20","BK80201",0.681543011295298,6060,"1.5k-3k"
"oarfish","TPM","B80K20","BK80201",0.534153314663227,3449,"3k-4.5k"
"oarfish","TPM","B80K20","BK80201",0.374408074657027,3148,">4.5k"
"oarfish","TPM","B80K20","BK80202",0.780201949188182,4156,"0-1.5k"
"oarfish","TPM","B80K20","BK80202",0.683637057398245,6126,"1.5k-3k"
"oarfish","TPM","B80K20","BK80202",0.575530407596115,3509,"3k-4.5k"
"oarfish","TPM","B80K20","BK80202",0.405565843238051,3198,">4.5k"
"oarfish","TPM","B80K20","BK80203",0.785901130575855,4106,"0-1.5k"
"oarfish","TPM","B80K20","BK80203",0.668472352448947,5908,"1.5k-3k"
"oarfish","TPM","B80K20","BK80203",0.542541295095777,3358,"3k-4.5k"
"oarfish","TPM","B80K20","BK80203",0.36695794726946,3010,">4.5k"
"oarfish","TPM","B80K20","BK80204",0.784365678831036,4196,"0-1.5k"
"oarfish","TPM","B80K20","BK80204",0.676654484033207,6113,"1.5k-3k"
"oarfish","TPM","B80K20","BK80204",0.517675469327781,3495,"3k-4.5k"
"oarfish","TPM","B80K20","BK80204",0.335487112728291,3168,">4.5k"
"oarfish","TPM","B80K20","BK80205",0.778452429035377,4142,"0-1.5k"
"oarfish","TPM","B80K20","BK80205",0.663066373302882,5995,"1.5k-3k"
"oarfish","TPM","B80K20","BK80205",0.516484796456965,3380,"3k-4.5k"
"oarfish","TPM","B80K20","BK80205",0.336946059610817,3074,">4.5k"
"oarfish","TPM","Brain","B31",0.815757184719961,3813,"0-1.5k"
"oarfish","TPM","Brain","B31",0.708876247318196,5628,"1.5k-3k"
"oarfish","TPM","Brain","B31",0.563849225901362,3336,"3k-4.5k"
"oarfish","TPM","Brain","B31",0.401077902850728,3056,">4.5k"
"oarfish","TPM","Brain","B32",0.811887254213389,3788,"0-1.5k"
"oarfish","TPM","Brain","B32",0.719222334238313,5619,"1.5k-3k"
"oarfish","TPM","Brain","B32",0.595714229965449,3351,"3k-4.5k"
"oarfish","TPM","Brain","B32",0.431879054815314,3083,">4.5k"
"oarfish","TPM","Brain","B33",0.812046114044635,3787,"0-1.5k"
"oarfish","TPM","Brain","B33",0.716285825579626,5627,"1.5k-3k"
"oarfish","TPM","Brain","B33",0.572093439685964,3346,"3k-4.5k"
"oarfish","TPM","Brain","B33",0.387016165192218,3085,">4.5k"
"oarfish","TPM","Brain","B34",0.814785813332455,3791,"0-1.5k"
"oarfish","TPM","Brain","B34",0.707347245419005,5618,"1.5k-3k"
"oarfish","TPM","Brain","B34",0.539826461002632,3315,"3k-4.5k"
"oarfish","TPM","Brain","B34",0.379139846890829,3056,">4.5k"
"oarfish","TPM","Brain","B35",0.81202196957913,3767,"0-1.5k"
"oarfish","TPM","Brain","B35",0.711274052420566,5562,"1.5k-3k"
"oarfish","TPM","Brain","B35",0.583471736904283,3293,"3k-4.5k"
"oarfish","TPM","Brain","B35",0.39058267146568,3010,">4.5k"
"oarfish","TPM","Kidney","K31",0.82569536125218,3805,"0-1.5k"
"oarfish","TPM","Kidney","K31",0.754928758272371,5170,"1.5k-3k"
"oarfish","TPM","Kidney","K31",0.616434914709752,2620,"3k-4.5k"
"oarfish","TPM","Kidney","K31",0.482316875923059,2313,">4.5k"
"oarfish","TPM","Kidney","K32",0.830641033737754,3860,"0-1.5k"
"oarfish","TPM","Kidney","K32",0.774671641190126,5387,"1.5k-3k"
"oarfish","TPM","Kidney","K32",0.661284928948422,2772,"3k-4.5k"
"oarfish","TPM","Kidney","K32",0.547481334565619,2456,">4.5k"
"oarfish","TPM","Kidney","K33",0.835089121896878,3807,"0-1.5k"
"oarfish","TPM","Kidney","K33",0.758567934013931,5252,"1.5k-3k"
"oarfish","TPM","Kidney","K33",0.641865161068747,2697,"3k-4.5k"
"oarfish","TPM","Kidney","K33",0.538053370720752,2326,">4.5k"
"oarfish","TPM","Kidney","K34",0.836555458123881,3794,"0-1.5k"
"oarfish","TPM","Kidney","K34",0.766579600503357,5158,"1.5k-3k"
"oarfish","TPM","Kidney","K34",0.665947869565985,2595,"3k-4.5k"
"oarfish","TPM","Kidney","K34",0.528607239951387,2217,">4.5k"
"oarfish","TPM","Kidney","K35",0.843341678107914,3772,"0-1.5k"
"oarfish","TPM","Kidney","K35",0.75799986842495,5047,"1.5k-3k"
"oarfish","TPM","Kidney","K35",0.624700613938348,2519,"3k-4.5k"
"oarfish","TPM","Kidney","K35",0.490843473851274,2160,">4.5k"
"oarfish","cqn","B20K80","BK20801",0.846165560877924,4228,"0-1.5k"
"oarfish","cqn","B20K80","BK20801",0.699380135991282,6193,"1.5k-3k"
"oarfish","cqn","B20K80","BK20801",0.495530454798659,3542,"3k-4.5k"
"oarfish","cqn","B20K80","BK20801",0.227745674194018,3216,">4.5k"
"oarfish","cqn","B20K80","BK20802",0.851072878293367,4213,"0-1.5k"
"oarfish","cqn","B20K80","BK20802",0.722392944809374,6203,"1.5k-3k"
"oarfish","cqn","B20K80","BK20802",0.561324024798345,3556,"3k-4.5k"
"oarfish","cqn","B20K80","BK20802",0.250959103893614,3222,">4.5k"
"oarfish","cqn","B20K80","BK20803",0.848300102692248,4217,"0-1.5k"
"oarfish","cqn","B20K80","BK20803",0.713662239897687,6213,"1.5k-3k"
"oarfish","cqn","B20K80","BK20803",0.528225586733925,3552,"3k-4.5k"
"oarfish","cqn","B20K80","BK20803",0.23854495646962,3220,">4.5k"
"oarfish","cqn","B20K80","BK20804",0.837827936682373,4201,"0-1.5k"
"oarfish","cqn","B20K80","BK20804",0.707975468812796,6200,"1.5k-3k"
"oarfish","cqn","B20K80","BK20804",0.534517185023751,3509,"3k-4.5k"
"oarfish","cqn","B20K80","BK20804",0.243781690555967,3147,">4.5k"
"oarfish","cqn","B20K80","BK20805",0.837970503433552,4220,"0-1.5k"
"oarfish","cqn","B20K80","BK20805",0.68680522181027,6190,"1.5k-3k"
"oarfish","cqn","B20K80","BK20805",0.479947225782329,3524,"3k-4.5k"
"oarfish","cqn","B20K80","BK20805",0.2031930627461,3177,">4.5k"
"oarfish","cqn","B80K20","BK80201",0.844372813133479,4193,"0-1.5k"
"oarfish","cqn","B80K20","BK80201",0.701316658378556,6196,"1.5k-3k"
"oarfish","cqn","B80K20","BK80201",0.537778284532093,3560,"3k-4.5k"
"oarfish","cqn","B80K20","BK80201",0.305136998916344,3251,">4.5k"
"oarfish","cqn","B80K20","BK80202",0.843133409139386,4173,"0-1.5k"
"oarfish","cqn","B80K20","BK80202",0.710401247279905,6197,"1.5k-3k"
"oarfish","cqn","B80K20","BK80202",0.586207293002379,3577,"3k-4.5k"
"oarfish","cqn","B80K20","BK80202",0.337707857878302,3276,">4.5k"
"oarfish","cqn","B80K20","BK80203",0.839603513377652,4211,"0-1.5k"
"oarfish","cqn","B80K20","BK80203",0.690501522422468,6201,"1.5k-3k"
"oarfish","cqn","B80K20","BK80203",0.546733717025762,3574,"3k-4.5k"
"oarfish","cqn","B80K20","BK80203",0.285391125056647,3261,">4.5k"
"oarfish","cqn","B80K20","BK80204",0.845400249754363,4209,"0-1.5k"
"oarfish","cqn","B80K20","BK80204",0.698886821990469,6202,"1.5k-3k"
"oarfish","cqn","B80K20","BK80204",0.524909987182947,3561,"3k-4.5k"
"oarfish","cqn","B80K20","BK80204",0.277538467332445,3245,">4.5k"
"oarfish","cqn","B80K20","BK80205",0.836691530567438,4212,"0-1.5k"
"oarfish","cqn","B80K20","BK80205",0.687982852404275,6207,"1.5k-3k"
"oarfish","cqn","B80K20","BK80205",0.517088417303656,3555,"3k-4.5k"
"oarfish","cqn","B80K20","BK80205",0.265248886523809,3246,">4.5k"
"oarfish","cqn","Brain","B31",0.858278838239474,3916,"0-1.5k"
"oarfish","cqn","Brain","B31",0.736734091283311,5882,"1.5k-3k"
"oarfish","cqn","Brain","B31",0.573604251046399,3468,"3k-4.5k"
"oarfish","cqn","Brain","B31",0.347541562774964,3166,">4.5k"
"oarfish","cqn","Brain","B32",0.859518086494235,3944,"0-1.5k"
"oarfish","cqn","Brain","B32",0.757132930810061,5929,"1.5k-3k"
"oarfish","cqn","Brain","B32",0.617260479027658,3505,"3k-4.5k"
"oarfish","cqn","Brain","B32",0.384540522733359,3227,">4.5k"
"oarfish","cqn","Brain","B33",0.853764035972173,3898,"0-1.5k"
"oarfish","cqn","Brain","B33",0.748130377011807,5862,"1.5k-3k"
"oarfish","cqn","Brain","B33",0.590654546853425,3482,"3k-4.5k"
"oarfish","cqn","Brain","B33",0.342298383869054,3202,">4.5k"
"oarfish","cqn","Brain","B34",0.860667108472494,3920,"0-1.5k"
"oarfish","cqn","Brain","B34",0.743156697810955,5882,"1.5k-3k"
"oarfish","cqn","Brain","B34",0.565591188592467,3486,"3k-4.5k"
"oarfish","cqn","Brain","B34",0.340750150498468,3211,">4.5k"
"oarfish","cqn","Brain","B35",0.861599588588397,3952,"0-1.5k"
"oarfish","cqn","Brain","B35",0.754452084352224,5942,"1.5k-3k"
"oarfish","cqn","Brain","B35",0.607467121251237,3497,"3k-4.5k"
"oarfish","cqn","Brain","B35",0.338793993346522,3198,">4.5k"
"oarfish","cqn","Kidney","K31",0.856743654525546,3950,"0-1.5k"
"oarfish","cqn","Kidney","K31",0.774871496717802,5715,"1.5k-3k"
"oarfish","cqn","Kidney","K31",0.639845389032809,3059,"3k-4.5k"
"oarfish","cqn","Kidney","K31",0.367082463259807,2677,">4.5k"
"oarfish","cqn","Kidney","K32",0.872549123669111,3952,"0-1.5k"
"oarfish","cqn","Kidney","K32",0.80125342844464,5767,"1.5k-3k"
"oarfish","cqn","Kidney","K32",0.696400936822608,3144,"3k-4.5k"
"oarfish","cqn","Kidney","K32",0.442209569474324,2812,">4.5k"
"oarfish","cqn","Kidney","K33",0.866079112584879,3957,"0-1.5k"
"oarfish","cqn","Kidney","K33",0.782854797750171,5709,"1.5k-3k"
"oarfish","cqn","Kidney","K33",0.660616579302465,3084,"3k-4.5k"
"oarfish","cqn","Kidney","K33",0.389838508266313,2675,">4.5k"
"oarfish","cqn","Kidney","K34",0.865865921375536,3942,"0-1.5k"
"oarfish","cqn","Kidney","K34",0.790729814589954,5688,"1.5k-3k"
"oarfish","cqn","Kidney","K34",0.690618655596558,3033,"3k-4.5k"
"oarfish","cqn","Kidney","K34",0.380282539636456,2697,">4.5k"
"oarfish","cqn","Kidney","K35",0.863868268193295,3951,"0-1.5k"
"oarfish","cqn","Kidney","K35",0.767734647089189,5707,"1.5k-3k"
"oarfish","cqn","Kidney","K35",0.629423211297438,3013,"3k-4.5k"
"oarfish","cqn","Kidney","K35",0.365194307902865,2614,">4.5k"
"oarfish","ratio_counts","B20K80","BK20801",0.64845384195462,4170,"0-1.5k"
"oarfish","ratio_counts","B20K80","BK20801",0.562669971869985,5964,"1.5k-3k"
"oarfish","ratio_counts","B20K80","BK20801",0.446221775387547,3305,"3k-4.5k"
"oarfish","ratio_counts","B20K80","BK20801",0.296861096548792,3000,">4.5k"
"oarfish","ratio_counts","B20K80","BK20802",0.693399067864341,4164,"0-1.5k"
"oarfish","ratio_counts","B20K80","BK20802",0.683681523624642,6066,"1.5k-3k"
"oarfish","ratio_counts","B20K80","BK20802",0.588674848043727,3411,"3k-4.5k"
"oarfish","ratio_counts","B20K80","BK20802",0.409006194324927,3081,">4.5k"
"oarfish","ratio_counts","B20K80","BK20803",0.685907889229329,4143,"0-1.5k"
"oarfish","ratio_counts","B20K80","BK20803",0.678943976559489,5948,"1.5k-3k"
"oarfish","ratio_counts","B20K80","BK20803",0.564557859294259,3288,"3k-4.5k"
"oarfish","ratio_counts","B20K80","BK20803",0.424047703883559,2955,">4.5k"
"oarfish","ratio_counts","B20K80","BK20804",0.682807057179818,4145,"0-1.5k"
"oarfish","ratio_counts","B20K80","BK20804",0.700649111718139,6000,"1.5k-3k"
"oarfish","ratio_counts","B20K80","BK20804",0.60959571475713,3305,"3k-4.5k"
"oarfish","ratio_counts","B20K80","BK20804",0.450849566971441,2973,">4.5k"
"oarfish","ratio_counts","B20K80","BK20805",0.708143185823916,4163,"0-1.5k"
"oarfish","ratio_counts","B20K80","BK20805",0.646629475976568,5986,"1.5k-3k"
"oarfish","ratio_counts","B20K80","BK20805",0.524030830592637,3287,"3k-4.5k"
"oarfish","ratio_counts","B20K80","BK20805",0.343705892190207,2989,">4.5k"
"oarfish","ratio_counts","B80K20","BK80201",0.669217317839961,4146,"0-1.5k"
"oarfish","ratio_counts","B80K20","BK80201",0.637915343845066,6060,"1.5k-3k"
"oarfish","ratio_counts","B80K20","BK80201",0.524504518983028,3449,"3k-4.5k"
"oarfish","ratio_counts","B80K20","BK80201",0.353576855403253,3148,">4.5k"
"oarfish","ratio_counts","B80K20","BK80202",0.66387545482845,4156,"0-1.5k"
"oarfish","ratio_counts","B80K20","BK80202",0.614185203094628,6126,"1.5k-3k"
"oarfish","ratio_counts","B80K20","BK80202",0.557274384930294,3509,"3k-4.5k"
"oarfish","ratio_counts","B80K20","BK80202",0.440314862793351,3198,">4.5k"
"oarfish","ratio_counts","B80K20","BK80203",0.59730463949301,4106,"0-1.5k"
"oarfish","ratio_counts","B80K20","BK80203",0.507623971658413,5908,"1.5k-3k"
"oarfish","ratio_counts","B80K20","BK80203",0.424062464004324,3358,"3k-4.5k"
"oarfish","ratio_counts","B80K20","BK80203",0.293746756275679,3010,">4.5k"
"oarfish","ratio_counts","B80K20","BK80204",0.589428583419507,4196,"0-1.5k"
"oarfish","ratio_counts","B80K20","BK80204",0.543954008984767,6113,"1.5k-3k"
"oarfish","ratio_counts","B80K20","BK80204",0.427515076760333,3495,"3k-4.5k"
"oarfish","ratio_counts","B80K20","BK80204",0.234427351551309,3168,">4.5k"
"oarfish","ratio_counts","B80K20","BK80205",0.605039865987992,4142,"0-1.5k"
"oarfish","ratio_counts","B80K20","BK80205",0.570408105181199,5995,"1.5k-3k"
"oarfish","ratio_counts","B80K20","BK80205",0.427661105413417,3380,"3k-4.5k"
"oarfish","ratio_counts","B80K20","BK80205",0.24567079531125,3074,">4.5k"
"oarfish","ratio_counts","Brain","B31",0.775772532028038,3813,"0-1.5k"
"oarfish","ratio_counts","Brain","B31",0.70351308993103,5628,"1.5k-3k"
"oarfish","ratio_counts","Brain","B31",0.561117885934036,3336,"3k-4.5k"
"oarfish","ratio_counts","Brain","B31",0.384211299852049,3056,">4.5k"
"oarfish","ratio_counts","Brain","B32",0.782430580132929,3788,"0-1.5k"
"oarfish","ratio_counts","Brain","B32",0.73203057266973,5619,"1.5k-3k"
"oarfish","ratio_counts","Brain","B32",0.652145084280069,3351,"3k-4.5k"
"oarfish","ratio_counts","Brain","B32",0.516147295874645,3083,">4.5k"
"oarfish","ratio_counts","Brain","B33",0.75750072857178,3787,"0-1.5k"
"oarfish","ratio_counts","Brain","B33",0.707961342015826,5627,"1.5k-3k"
"oarfish","ratio_counts","Brain","B33",0.609335940534817,3346,"3k-4.5k"
"oarfish","ratio_counts","Brain","B33",0.430001668491103,3085,">4.5k"
"oarfish","ratio_counts","Brain","B34",0.750531453133973,3791,"0-1.5k"
"oarfish","ratio_counts","Brain","B34",0.687339761063292,5618,"1.5k-3k"
"oarfish","ratio_counts","Brain","B34",0.567133604092922,3315,"3k-4.5k"
"oarfish","ratio_counts","Brain","B34",0.442872714986357,3056,">4.5k"
"oarfish","ratio_counts","Brain","B35",0.747429424373252,3767,"0-1.5k"
"oarfish","ratio_counts","Brain","B35",0.694635176477252,5562,"1.5k-3k"
"oarfish","ratio_counts","Brain","B35",0.581025713300969,3293,"3k-4.5k"
"oarfish","ratio_counts","Brain","B35",0.438422089032805,3010,">4.5k"
"oarfish","ratio_counts","Kidney","K31",0.742854226651358,3805,"0-1.5k"
"oarfish","ratio_counts","Kidney","K31",0.742944375745451,5170,"1.5k-3k"
"oarfish","ratio_counts","Kidney","K31",0.643306346880668,2620,"3k-4.5k"
"oarfish","ratio_counts","Kidney","K31",0.539408590442984,2313,">4.5k"
"oarfish","ratio_counts","Kidney","K32",0.786330977479914,3860,"0-1.5k"
"oarfish","ratio_counts","Kidney","K32",0.798999291582069,5387,"1.5k-3k"
"oarfish","ratio_counts","Kidney","K32",0.71377366426646,2772,"3k-4.5k"
"oarfish","ratio_counts","Kidney","K32",0.639860412563168,2456,">4.5k"
"oarfish","ratio_counts","Kidney","K33",0.755280895275595,3807,"0-1.5k"
"oarfish","ratio_counts","Kidney","K33",0.763673174311768,5252,"1.5k-3k"
"oarfish","ratio_counts","Kidney","K33",0.664336746707767,2697,"3k-4.5k"
"oarfish","ratio_counts","Kidney","K33",0.602869069748019,2326,">4.5k"
"oarfish","ratio_counts","Kidney","K34",0.735966602513213,3794,"0-1.5k"
"oarfish","ratio_counts","Kidney","K34",0.770008643083557,5158,"1.5k-3k"
"oarfish","ratio_counts","Kidney","K34",0.707556607369451,2595,"3k-4.5k"
"oarfish","ratio_counts","Kidney","K34",0.585235463150436,2217,">4.5k"
"oarfish","ratio_counts","Kidney","K35",0.75580739797672,3772,"0-1.5k"
"oarfish","ratio_counts","Kidney","K35",0.741856338044104,5047,"1.5k-3k"
"oarfish","ratio_counts","Kidney","K35",0.643531095533521,2519,"3k-4.5k"
"oarfish","ratio_counts","Kidney","K35",0.544241803330887,2160,">4.5k"
