"Tool","Normalization","Condition","Sample","Correlation","RMSE","max_observed","min_observed","mean_expected","LengthQuantile","NRMSE","Similarity"
"bambu","CPM","E3","E31",0.353356945065422,5.19345379324601,10.941345882157,6.09156234168924,8.42061003793181,"All",0.616755053357343,0.383244946642657
"bambu","CPM","E3","E32",0.363541258903479,5.05082326478185,10.941345882157,6.09156234168924,8.42061003793181,"All",0.599816787860941,0.400183212139059
"bambu","CPM","E3","E33",0.299622787750966,5.06824824335512,10.941345882157,6.09156234168924,8.42061003793181,"All",0.601886112826089,0.398113887173911
"bambu","CPM","isoB11","isoB111",0.278806876496997,5.29315853333237,10.2745857333318,8.19538565416613,9.33037926038807,"All",0.567303684621307,0.432696315378693
"bambu","CPM","isoB11","isoB112",0.287476452431017,5.30394174149919,10.2745857333318,8.19538565416613,9.33037926038807,"All",0.568459394144562,0.431540605855438
"bambu","CPM","isoB11","isoB113",0.286327216742596,5.34650591792395,10.2745857333318,8.19538565416613,9.33037926038807,"All",0.573021285492909,0.426978714507091
"bambu","EDA","E3","E31",0.36468671644558,5.15699331375959,10.941345882157,6.09156234168924,8.42061003793181,"All",0.612425143846966,0.387574856153034
"bambu","EDA","E3","E32",0.364425335417466,5.02214007389894,10.941345882157,6.09156234168924,8.42061003793181,"All",0.596410479914877,0.403589520085123
"bambu","EDA","E3","E33",0.310446550361073,4.98850691689041,10.941345882157,6.09156234168924,8.42061003793181,"All",0.592416332595737,0.407583667404263
"bambu","EDA","isoB11","isoB111",0.28514263481823,5.14914762114966,10.2745857333318,8.19538565416613,9.33037926038807,"All",0.551869058850615,0.448130941149385
"bambu","EDA","isoB11","isoB112",0.294424844530144,5.17250261187735,10.2745857333318,8.19538565416613,9.33037926038807,"All",0.554372171540454,0.445627828459546
"bambu","EDA","isoB11","isoB113",0.288471296087871,5.22028025042068,10.2745857333318,8.19538565416613,9.33037926038807,"All",0.559492824968356,0.440507175031644
"bambu","TPM","E3","E31",0.395843587741016,5.05536264674363,10.941345882157,6.09156234168924,8.42061003793181,"All",0.600355867801863,0.399644132198137
"bambu","TPM","E3","E32",0.412872604436593,4.89710053058551,10.941345882157,6.09156234168924,8.42061003793181,"All",0.581561253700841,0.418438746299159
"bambu","TPM","E3","E33",0.349876565697084,4.86567880862401,10.941345882157,6.09156234168924,8.42061003793181,"All",0.577829728096407,0.422170271903593
"bambu","TPM","isoB11","isoB111",0.305837397454627,4.95635554383219,10.2745857333318,8.19538565416613,9.33037926038807,"All",0.531206224903879,0.468793775096121
"bambu","TPM","isoB11","isoB112",0.308804661214993,4.98269387036221,10.2745857333318,8.19538565416613,9.33037926038807,"All",0.534029081916973,0.465970918083027
"bambu","TPM","isoB11","isoB113",0.305019497828373,5.02297434701699,10.2745857333318,8.19538565416613,9.33037926038807,"All",0.538346213678786,0.461653786321214
"bambu","cqn","E3","E31",0.312691361722044,4.55432232148806,10.941345882157,6.09156234168924,8.42061003793181,"All",0.54085420188947,0.45914579811053
"bambu","cqn","E3","E32",0.334444631743243,4.49123827182064,10.941345882157,6.09156234168924,8.42061003793181,"All",0.533362577246688,0.466637422753312
"bambu","cqn","E3","E33",0.29542958052412,4.58694379728051,10.941345882157,6.09156234168924,8.42061003793181,"All",0.5447282057497,0.4552717942503
"bambu","cqn","isoB11","isoB111",0.287291998952341,5.01688242601461,10.2745857333318,8.19538565416613,9.33037926038807,"All",0.537693301205202,0.462306698794798
"bambu","cqn","isoB11","isoB112",0.29763938027054,5.02636968916983,10.2745857333318,8.19538565416613,9.33037926038807,"All",0.538710115515794,0.461289884484206
"bambu","cqn","isoB11","isoB113",0.292658599638495,5.06620592348779,10.2745857333318,8.19538565416613,9.33037926038807,"All",0.54297963481466,0.45702036518534
"bambu","ratio_counts","E3","E31",0.574792159225678,5.14165347071256,10.4689195471999,6.33247384861126,8.84288627626565,"All",0.581445165082897,0.418554834917103
"bambu","ratio_counts","E3","E32",0.586372909597646,4.94842304061053,10.4689195471999,6.33247384861126,8.84288627626565,"All",0.559593653702426,0.440406346297574
"bambu","ratio_counts","E3","E33",0.556655414401621,4.84279182536993,10.4689195471999,6.33247384861126,8.84288627626565,"All",0.547648321382127,0.452351678617873
"bambu","ratio_counts","isoB11","isoB111",0.398233954655046,4.43470057539729,10.0555810987913,7.26296412477678,9.29250006027297,"All",0.47723438758493,0.52276561241507
"bambu","ratio_counts","isoB11","isoB112",0.401177786349606,4.49218384910085,10.0555810987913,7.26296412477678,9.29250006027297,"All",0.483420373415514,0.516579626584486
"bambu","ratio_counts","isoB11","isoB113",0.395764934524125,4.49878404348041,10.0555810987913,7.26296412477678,9.29250006027297,"All",0.48413064453058,0.51586935546942
"flair","CPM","E3","E31",0.399698583984952,4.93022172603604,10.941345882157,6.09156234168924,8.42061003793181,"All",0.585494602389515,0.414505397610485
"flair","CPM","E3","E32",0.410070352386583,4.81390858904296,10.941345882157,6.09156234168924,8.42061003793181,"All",0.571681691392671,0.428318308607329
"flair","CPM","E3","E33",0.370323102853465,4.91329710316041,10.941345882157,6.09156234168924,8.42061003793181,"All",0.583484697786476,0.416515302213524
"flair","CPM","isoB11","isoB111",0.267223586210249,5.14705611314191,10.2745857333318,8.19538565416613,9.33037926038807,"All",0.55164489775819,0.44835510224181
"flair","CPM","isoB11","isoB112",0.270456128468319,5.06034427249113,10.2745857333318,8.19538565416613,9.33037926038807,"All",0.542351401938688,0.457648598061312
"flair","CPM","isoB11","isoB113",0.267730539593668,5.10115805370676,10.2745857333318,8.19538565416613,9.33037926038807,"All",0.546725691565788,0.453274308434212
"flair","EDA","E3","E31",0.402106544654565,4.88757341432984,10.941345882157,6.09156234168924,8.42061003793181,"All",0.580429849181127,0.419570150818873
"flair","EDA","E3","E32",0.407910718840049,4.80057820968735,10.941345882157,6.09156234168924,8.42061003793181,"All",0.57009862564143,0.42990137435857
"flair","EDA","E3","E33",0.389221026354797,4.84382769657011,10.941345882157,6.09156234168924,8.42061003793181,"All",0.575234772154324,0.424765227845676
"flair","EDA","isoB11","isoB111",0.277351239230932,5.06245836556977,10.2745857333318,8.19538565416613,9.33037926038807,"All",0.542577983626275,0.457422016373725
"flair","EDA","isoB11","isoB112",0.271660413575162,4.98552164376138,10.2745857333318,8.19538565416613,9.33037926038807,"All",0.534332153562857,0.465667846437143
"flair","EDA","isoB11","isoB113",0.269211140905942,5.04951030775188,10.2745857333318,8.19538565416613,9.33037926038807,"All",0.541190252489464,0.458809747510536
"flair","TPM","E3","E31",0.443029148234639,4.77605513216308,10.941345882157,6.09156234168924,8.42061003793181,"All",0.567186357122427,0.432813642877573
"flair","TPM","E3","E32",0.46623179837693,4.65482232318085,10.941345882157,6.09156234168924,8.42061003793181,"All",0.552789204370296,0.447210795629704
"flair","TPM","E3","E33",0.40977776330047,4.72364806985612,10.941345882157,6.09156234168924,8.42061003793181,"All",0.560962691370078,0.439037308629922
"flair","TPM","isoB11","isoB111",0.295783680877604,4.78656642993647,10.2745857333318,8.19538565416613,9.33037926038807,"All",0.513008774494059,0.486991225505941
"flair","TPM","isoB11","isoB112",0.292412778129094,4.69197492941612,10.2745857333318,8.19538565416613,9.33037926038807,"All",0.502870762106724,0.497129237893276
"flair","TPM","isoB11","isoB113",0.285805437905152,4.73125982699582,10.2745857333318,8.19538565416613,9.33037926038807,"All",0.507081190909601,0.492918809090399
"flair","cqn","E3","E31",0.330589723030251,4.42272417088809,10.941345882157,6.09156234168924,8.42061003793181,"All",0.525226100124019,0.474773899875981
"flair","cqn","E3","E32",0.342273016885188,4.41259036298892,10.941345882157,6.09156234168924,8.42061003793181,"All",0.524022647184918,0.475977352815082
"flair","cqn","E3","E33",0.313628084304997,4.27769985092283,10.941345882157,6.09156234168924,8.42061003793181,"All",0.508003556945795,0.491996443054205
"flair","cqn","isoB11","isoB111",0.276817823562569,5.40629050150279,10.2745857333318,8.19538565416613,9.33037926038807,"All",0.579428804620524,0.420571195379476
"flair","cqn","isoB11","isoB112",0.278526634161055,5.43664488413644,10.2745857333318,8.19538565416613,9.33037926038807,"All",0.582682089592821,0.417317910407179
"flair","cqn","isoB11","isoB113",0.270011061345265,5.48036904791653,10.2745857333318,8.19538565416613,9.33037926038807,"All",0.587368304650093,0.412631695349907
"flair","ratio_counts","E3","E31",0.6521651284226,4.84536968994585,10.4689195471999,6.33247384861126,8.84288627626565,"All",0.547939839840624,0.452060160159376
"flair","ratio_counts","E3","E32",0.67047680074323,4.70088278781553,10.4689195471999,6.33247384861126,8.84288627626565,"All",0.531600502477649,0.468399497522351
"flair","ratio_counts","E3","E33",0.666250965383085,4.71020256917521,10.4689195471999,6.33247384861126,8.84288627626565,"All",0.532654432277097,0.467345567722903
"flair","ratio_counts","isoB11","isoB111",0.432001983281061,4.24549666381745,10.0555810987913,7.26296412477678,9.29250006027297,"All",0.456873460993309,0.543126539006691
"flair","ratio_counts","isoB11","isoB112",0.429706610626122,4.15301881293721,10.0555810987913,7.26296412477678,9.29250006027297,"All",0.446921580414304,0.553078419585696
"flair","ratio_counts","isoB11","isoB113",0.423545194917418,4.16289980869524,10.0555810987913,7.26296412477678,9.29250006027297,"All",0.447984910593904,0.552015089406096
"isoquant","CPM","E3","E31",0.407602992983778,5.37128779590971,10.941345882157,6.09156234168924,8.42061003793181,"All",0.637873951140594,0.362126048859406
"isoquant","CPM","E3","E32",0.410013119134465,5.23257058795844,10.941345882157,6.09156234168924,8.42061003793181,"All",0.621400416880439,0.378599583119561
"isoquant","CPM","E3","E33",0.366423884253757,5.28658977201745,10.941345882157,6.09156234168924,8.42061003793181,"All",0.627815532153047,0.372184467846953
"isoquant","CPM","isoB11","isoB111",0.242266306524195,5.48960206309075,10.2745857333318,8.19538565416613,9.33037926038807,"All",0.588357869480905,0.411642130519095
"isoquant","CPM","isoB11","isoB112",0.240692136373676,5.40633443172657,10.2745857333318,8.19538565416613,9.33037926038807,"All",0.579433512920428,0.420566487079572
"isoquant","CPM","isoB11","isoB113",0.236541399701891,5.44300294015657,10.2745857333318,8.19538565416613,9.33037926038807,"All",0.583363525560502,0.416636474439498
"isoquant","EDA","E3","E31",0.421396983942044,5.32217768973864,10.941345882157,6.09156234168924,8.42061003793181,"All",0.632041819507631,0.367958180492369
"isoquant","EDA","E3","E32",0.426478977013822,5.18274317799024,10.941345882157,6.09156234168924,8.42061003793181,"All",0.615483100944451,0.384516899055549
"isoquant","EDA","E3","E33",0.38680305098904,5.17414569290978,10.941345882157,6.09156234168924,8.42061003793181,"All",0.614462095929169,0.385537904070831
"isoquant","EDA","isoB11","isoB111",0.259526640479175,5.2391260191811,10.2745857333318,8.19538565416613,9.33037926038807,"All",0.561512653770003,0.438487346229997
"isoquant","EDA","isoB11","isoB112",0.253316001894123,5.18224539076868,10.2745857333318,8.19538565416613,9.33037926038807,"All",0.555416371204737,0.444583628795263
"isoquant","EDA","isoB11","isoB113",0.249202925414447,5.23545678687927,10.2745857333318,8.19538565416613,9.33037926038807,"All",0.561119397268908,0.438880602731092
"isoquant","TPM","E3","E31",0.452501237960138,5.24731861872984,10.941345882157,6.09156234168924,8.42061003793181,"All",0.623151837585705,0.376848162414295
"isoquant","TPM","E3","E32",0.462014837381489,5.09459388439724,10.941345882157,6.09156234168924,8.42061003793181,"All",0.605014822138531,0.394985177861469
"isoquant","TPM","E3","E33",0.406377947089348,5.11068891947401,10.941345882157,6.09156234168924,8.42061003793181,"All",0.606926208012508,0.393073791987492
"isoquant","TPM","isoB11","isoB111",0.267553434164286,5.16577260174329,10.2745857333318,8.19538565416613,9.33037926038807,"All",0.553650870728747,0.446349129271253
"isoquant","TPM","isoB11","isoB112",0.264798340399885,5.07668547385055,10.2745857333318,8.19538565416613,9.33037926038807,"All",0.544102799272427,0.455897200727573
"isoquant","TPM","isoB11","isoB113",0.259485616613637,5.11142843317293,10.2745857333318,8.19538565416613,9.33037926038807,"All",0.547826437760509,0.452173562239491
"isoquant","cqn","E3","E31",0.354008091502856,4.59023160361127,10.941345882157,6.09156234168924,8.42061003793181,"All",0.545118653272617,0.454881346727383
"isoquant","cqn","E3","E32",0.367421169537248,4.50241128603792,10.941345882157,6.09156234168924,8.42061003793181,"All",0.534689442422364,0.465310557577636
"isoquant","cqn","E3","E33",0.339724875033038,4.538892602079,10.941345882157,6.09156234168924,8.42061003793181,"All",0.539021826403661,0.460978173596339
"isoquant","cqn","isoB11","isoB111",0.250328719934747,5.38644581284885,10.2745857333318,8.19538565416613,9.33037926038807,"All",0.57730191480178,0.42269808519822
"isoquant","cqn","isoB11","isoB112",0.255727182744841,5.36851050852613,10.2745857333318,8.19538565416613,9.33037926038807,"All",0.575379666646353,0.424620333353647
"isoquant","cqn","isoB11","isoB113",0.250359598855158,5.39261036319922,10.2745857333318,8.19538565416613,9.33037926038807,"All",0.577962611454974,0.422037388545026
"isoquant","ratio_counts","E3","E31",0.606871319980346,5.42117008633768,10.4689195471999,6.33247384861126,8.84288627626565,"All",0.61305437127334,0.38694562872666
"isoquant","ratio_counts","E3","E32",0.612608343983904,5.23839832852532,10.4689195471999,6.33247384861126,8.84288627626565,"All",0.592385581457178,0.407614418542822
"isoquant","ratio_counts","E3","E33",0.600928755775063,5.19087120497512,10.4689195471999,6.33247384861126,8.84288627626565,"All",0.587010964837063,0.412989035162937
"isoquant","ratio_counts","isoB11","isoB111",0.395180254487854,4.70351690166868,10.0555810987913,7.26296412477678,9.29250006027297,"All",0.506162697999543,0.493837302000457
"isoquant","ratio_counts","isoB11","isoB112",0.398124308344395,4.6205322324921,10.0555810987913,7.26296412477678,9.29250006027297,"All",0.497232413507929,0.502767586492071
"isoquant","ratio_counts","isoB11","isoB113",0.378293196371368,4.62624206252216,10.0555810987913,7.26296412477678,9.29250006027297,"All",0.497846869251057,0.502153130748943
"kallisto","CPM","E3","E31",0.439933722010068,4.74794187387723,10.941345882157,6.09156234168924,8.42061003793181,"All",0.56384773222955,0.43615226777045
"kallisto","CPM","E3","E32",0.446766318607385,4.63211455349541,10.941345882157,6.09156234168924,8.42061003793181,"All",0.550092514987561,0.449907485012439
"kallisto","CPM","E3","E33",0.38613440091042,4.66449550229814,10.941345882157,6.09156234168924,8.42061003793181,"All",0.553937954766493,0.446062045233507
"kallisto","CPM","isoB11","isoB111",0.277635267739176,4.99730194267244,10.2745857333318,8.19538565416613,9.33037926038807,"All",0.535594728060881,0.464405271939119
"kallisto","CPM","isoB11","isoB112",0.284114847027262,4.94862398597302,10.2745857333318,8.19538565416613,9.33037926038807,"All",0.530377581432547,0.469622418567453
"kallisto","CPM","isoB11","isoB113",0.284005274759973,4.98740137486637,10.2745857333318,8.19538565416613,9.33037926038807,"All",0.534533617088887,0.465466382911113
"kallisto","EDA","E3","E31",0.451418938362204,4.65545245835037,10.941345882157,6.09156234168924,8.42061003793181,"All",0.552864036854722,0.447135963145278
"kallisto","EDA","E3","E32",0.459970973393289,4.55633025399602,10.941345882157,6.09156234168924,8.42061003793181,"All",0.541092656407481,0.458907343592519
"kallisto","EDA","E3","E33",0.418898568063893,4.51915531386005,10.941345882157,6.09156234168924,8.42061003793181,"All",0.536677900235599,0.463322099764401
"kallisto","EDA","isoB11","isoB111",0.300807535361947,4.7338469749783,10.2745857333318,8.19538565416613,9.33037926038807,"All",0.507358473098275,0.492641526901725
"kallisto","EDA","isoB11","isoB112",0.296159148710607,4.69187495654706,10.2745857333318,8.19538565416613,9.33037926038807,"All",0.502860047336588,0.497139952663412
"kallisto","EDA","isoB11","isoB113",0.290049840540273,4.74320659664062,10.2745857333318,8.19538565416613,9.33037926038807,"All",0.508361607204737,0.491638392795263
"kallisto","TPM","E3","E31",0.480535306238187,4.57433769494994,10.941345882157,6.09156234168924,8.42061003793181,"All",0.543231152415822,0.456768847584178
"kallisto","TPM","E3","E32",0.507584912838997,4.45292418517332,10.941345882157,6.09156234168924,8.42061003793181,"All",0.528812540316497,0.471187459683503
"kallisto","TPM","E3","E33",0.439855436341904,4.42811770270975,10.941345882157,6.09156234168924,8.42061003793181,"All",0.525866615692055,0.474133384307945
"kallisto","TPM","isoB11","isoB111",0.30691684353228,4.60228120813213,10.2745857333318,8.19538565416613,9.33037926038807,"All",0.493257677924306,0.506742322075694
"kallisto","TPM","isoB11","isoB112",0.304222676575177,4.56296823254583,10.2745857333318,8.19538565416613,9.33037926038807,"All",0.48904423981111,0.51095576018889
"kallisto","TPM","isoB11","isoB113",0.296899095973473,4.60045822442166,10.2745857333318,8.19538565416613,9.33037926038807,"All",0.493062296401263,0.506937703598737
"kallisto","cqn","E3","E31",0.407405353044538,4.06316981043246,10.941345882157,6.09156234168924,8.42061003793181,"All",0.482526775629003,0.517473224370997
"kallisto","cqn","E3","E32",0.420576361971991,3.97691572716514,10.941345882157,6.09156234168924,8.42061003793181,"All",0.472283564878385,0.527716435121615
"kallisto","cqn","E3","E33",0.393524462095664,4.07885631593628,10.941345882157,6.09156234168924,8.42061003793181,"All",0.484389646066319,0.515610353933681
"kallisto","cqn","isoB11","isoB111",0.296728338912811,4.60060186804087,10.2745857333318,8.19538565416613,9.33037926038807,"All",0.493077691661756,0.506922308338244
"kallisto","cqn","isoB11","isoB112",0.301737212692215,4.58953085330715,10.2745857333318,8.19538565416613,9.33037926038807,"All",0.49189113595756,0.50810886404244
"kallisto","cqn","isoB11","isoB113",0.296740550118797,4.64801967237946,10.2745857333318,8.19538565416613,9.33037926038807,"All",0.498159779218464,0.501840220781536
"kallisto","ratio_counts","E3","E31",0.688080755328933,4.63370871756495,10.4689195471999,6.33247384861126,8.84288627626565,"All",0.524004105989902,0.475995894010098
"kallisto","ratio_counts","E3","E32",0.704640902525466,4.48660050087226,10.4689195471999,6.33247384861126,8.84288627626565,"All",0.507368336615876,0.492631663384124
"kallisto","ratio_counts","E3","E33",0.682330033943355,4.36573954289661,10.4689195471999,6.33247384861126,8.84288627626565,"All",0.493700745040031,0.506299254959969
"kallisto","ratio_counts","isoB11","isoB111",0.425202510903475,3.99383835989819,10.0555810987913,7.26296412477678,9.29250006027297,"All",0.429791588269398,0.570208411730602
"kallisto","ratio_counts","isoB11","isoB112",0.429768164187252,3.99254206637069,10.0555810987913,7.26296412477678,9.29250006027297,"All",0.429652089370383,0.570347910629617
"kallisto","ratio_counts","isoB11","isoB113",0.4295218841346,4.00032334132359,10.0555810987913,7.26296412477678,9.29250006027297,"All",0.430489460896068,0.569510539103932
"oarfish","CPM","E3","E31",0.416114621821297,5.01431139208523,10.941345882157,6.09156234168924,8.42061003793181,"All",0.595480775086077,0.404519224913923
"oarfish","CPM","E3","E32",0.424444648649349,4.86334003827291,10.941345882157,6.09156234168924,8.42061003793181,"All",0.577551984519569,0.422448015480431
"oarfish","CPM","E3","E33",0.364723926249278,4.89406429109271,10.941345882157,6.09156234168924,8.42061003793181,"All",0.581200681310109,0.418799318689891
"oarfish","CPM","isoB11","isoB111",0.260859457030308,5.12988689824429,10.2745857333318,8.19538565416613,9.33037926038807,"All",0.549804756600101,0.450195243399899
"oarfish","CPM","isoB11","isoB112",0.261391061215123,5.05091342224302,10.2745857333318,8.19538565416613,9.33037926038807,"All",0.541340633781798,0.458659366218202
"oarfish","CPM","isoB11","isoB113",0.254819290648047,5.07529323261498,10.2745857333318,8.19538565416613,9.33037926038807,"All",0.543953583340607,0.456046416659393
"oarfish","EDA","E3","E31",0.447956032644748,4.88841537729344,10.941345882157,6.09156234168924,8.42061003793181,"All",0.580529837538242,0.419470162461758
"oarfish","EDA","E3","E32",0.454278864254024,4.73575060772528,10.941345882157,6.09156234168924,8.42061003793181,"All",0.562399943281121,0.437600056718879
"oarfish","EDA","E3","E33",0.396849917598315,4.72768645095505,10.941345882157,6.09156234168924,8.42061003793181,"All",0.561442274331496,0.438557725668504
"oarfish","EDA","isoB11","isoB111",0.27557450387633,4.89585251173366,10.2745857333318,8.19538565416613,9.33037926038807,"All",0.524721704777736,0.475278295222264
"oarfish","EDA","isoB11","isoB112",0.277356396526836,4.78873755982143,10.2745857333318,8.19538565416613,9.33037926038807,"All",0.513241469202855,0.486758530797145
"oarfish","EDA","isoB11","isoB113",0.270578176814344,4.81655484227794,10.2745857333318,8.19538565416613,9.33037926038807,"All",0.516222835949072,0.483777164050928
"oarfish","TPM","E3","E31",0.466275483464802,4.8607704546091,10.941345882157,6.09156234168924,8.42061003793181,"All",0.577246830421202,0.422753169578798
"oarfish","TPM","E3","E32",0.482900463353477,4.69343834813114,10.941345882157,6.09156234168924,8.42061003793181,"All",0.557375098358538,0.442624901641462
"oarfish","TPM","E3","E33",0.413123764051377,4.67061100397207,10.941345882157,6.09156234168924,8.42061003793181,"All",0.554664208760725,0.445335791239275
"oarfish","TPM","isoB11","isoB111",0.283631571152814,4.78226238315407,10.2745857333318,8.19538565416613,9.33037926038807,"All",0.5125474806214,0.4874525193786
"oarfish","TPM","isoB11","isoB112",0.281381557812685,4.69604060434724,10.2745857333318,8.19538565416613,9.33037926038807,"All",0.503306508052056,0.496693491947944
"oarfish","TPM","isoB11","isoB113",0.274812190808422,4.71858766292416,10.2745857333318,8.19538565416613,9.33037926038807,"All",0.505723029175977,0.494276970824023
"oarfish","cqn","E3","E31",0.386493777139214,4.22257610656373,10.941345882157,6.09156234168924,8.42061003793181,"All",0.50145726824334,0.49854273175666
"oarfish","cqn","E3","E32",0.40878586102662,4.15193965387106,10.941345882157,6.09156234168924,8.42061003793181,"All",0.493068748602307,0.506931251397693
"oarfish","cqn","E3","E33",0.362435738861738,4.24984483501386,10.941345882157,6.09156234168924,8.42061003793181,"All",0.504695599947016,0.495304400052984
"oarfish","cqn","isoB11","isoB111",0.260667166478432,4.88645581980783,10.2745857333318,8.19538565416613,9.33037926038807,"All",0.523714597599818,0.476285402400182
"oarfish","cqn","isoB11","isoB112",0.272204034946656,4.84338960496448,10.2745857333318,8.19538565416613,9.33037926038807,"All",0.519098899390617,0.480901100609383
"oarfish","cqn","isoB11","isoB113",0.26733392474097,4.91546645096137,10.2745857333318,8.19538565416613,9.33037926038807,"All",0.526823863616122,0.473176136383878
"oarfish","ratio_counts","E3","E31",0.651697637029378,4.97386356841248,10.4689195471999,6.33247384861126,8.84288627626565,"All",0.56247060213387,0.43752939786613
"oarfish","ratio_counts","E3","E32",0.663417734857534,4.7735888372827,10.4689195471999,6.33247384861126,8.84288627626565,"All",0.539822484214802,0.460177515785198
"oarfish","ratio_counts","E3","E33",0.641391268488561,4.66361547690296,10.4689195471999,6.33247384861126,8.84288627626565,"All",0.527386119328497,0.472613880671503
"oarfish","ratio_counts","isoB11","isoB111",0.362708622294482,4.27203643985144,10.0555810987913,7.26296412477678,9.29250006027297,"All",0.459729503593455,0.540270496406545
"oarfish","ratio_counts","isoB11","isoB112",0.356982947061232,4.18186578628649,10.0555810987913,7.26296412477678,9.29250006027297,"All",0.450025908976281,0.549974091023719
"oarfish","ratio_counts","isoB11","isoB113",0.364604144337844,4.18650532472893,10.0555810987913,7.26296412477678,9.29250006027297,"All",0.450525186717722,0.549474813282278
"bambu","CPM","E3","E31",0.534857057195354,3.47771182441701,10.941345882157,6.09156234168924,8.16963762182738,"1597-2528",0.425687403211786,0.574312596788214
"bambu","CPM","E3","E31",0.610835246179683,7.45477259904164,10.941345882157,6.09156234168924,8.09259891597529,"191-575",0.921183994961799,0.0788160050382011
"bambu","CPM","E3","E31",0.500100835320814,6.12386633001411,10.941345882157,6.09156234168924,8.61798746156121,"575-813",0.710591232271847,0.289408767728153
"bambu","CPM","E3","E31",0.842345097612562,1.01761733446378,10.941345882157,6.09156234168924,8.82151092424315,"813-1597",0.115356353713419,0.884643646286581
"bambu","CPM","E3","E32",0.534857057195354,3.4710781156173,10.941345882157,6.09156234168924,8.16963762182738,"1597-2528",0.424875407734535,0.575124592265465
"bambu","CPM","E3","E32",0.44038582807942,7.32147433422615,10.941345882157,6.09156234168924,8.09259891597529,"191-575",0.904712368701866,0.0952876312981342
"bambu","CPM","E3","E32",0.508541831967802,5.81369478352353,10.941345882157,6.09156234168924,8.61798746156121,"575-813",0.674600051282778,0.325399948717222
"bambu","CPM","E3","E32",0.859270115029816,0.969178210389892,10.941345882157,6.09156234168924,8.82151092424315,"813-1597",0.109865330181297,0.890134669818703
"bambu","CPM","E3","E33",0.534857057195354,3.54838020758397,10.941345882157,6.09156234168924,8.16963762182738,"1597-2528",0.434337527787465,0.565662472212535
"bambu","CPM","E3","E33",0.44038582807942,7.37060902129229,10.941345882157,6.09156234168924,8.09259891597529,"191-575",0.910783927119167,0.0892160728808331
"bambu","CPM","E3","E33",0.405999999105512,5.72163319755079,10.941345882157,6.09156234168924,8.61798746156121,"575-813",0.663917558835051,0.336082441164949
"bambu","CPM","E3","E33",0.775946952360258,1.1874188570191,10.941345882157,6.09156234168924,8.82151092424315,"813-1597",0.134604929610851,0.865395070389149
"bambu","CPM","isoB11","isoB111",0.604366788176016,2.60894369825724,10.2745857333318,8.19538565416613,9.41842017762234,"1597-2528",0.277004385985661,0.722995614014339
"bambu","CPM","isoB11","isoB111",0.401916032182423,8.11702565321037,10.2745857333318,8.19538565416613,9.31196563930357,"191-575",0.871676933487636,0.128323066512364
"bambu","CPM","isoB11","isoB111",0.382257982704594,5.81804940344424,10.2745857333318,8.19538565416613,9.33688359577145,"575-813",0.623125408362075,0.376874591637925
"bambu","CPM","isoB11","isoB111",0.665283376939752,1.81663262004199,10.2745857333318,8.19538565416613,9.25533078303635,"813-1597",0.196279599576453,0.803720400423547
"bambu","CPM","isoB11","isoB112",0.604366788176016,2.61647892133333,10.2745857333318,8.19538565416613,9.41842017762234,"1597-2528",0.277804437685839,0.722195562314161
"bambu","CPM","isoB11","isoB112",0.412360265662268,8.06003239081521,10.2745857333318,8.19538565416613,9.31196563930357,"191-575",0.865556500423042,0.134443499576958
"bambu","CPM","isoB11","isoB112",0.385200753699765,5.77315811578075,10.2745857333318,8.19538565416613,9.33688359577145,"575-813",0.618317456415044,0.381682543584956
"bambu","CPM","isoB11","isoB112",0.665283376939752,2.28498270665618,10.2745857333318,8.19538565416613,9.25533078303635,"813-1597",0.246882878658882,0.753117121341118
"bambu","CPM","isoB11","isoB113",0.604366788176016,2.61658535815988,10.2745857333318,8.19538565416613,9.41842017762234,"1597-2528",0.277815738607283,0.722184261392717
"bambu","CPM","isoB11","isoB113",0.412360265662268,8.19586735714307,10.2745857333318,8.19538565416613,9.31196563930357,"191-575",0.880143642557085,0.119856357442915
"bambu","CPM","isoB11","isoB113",0.42333944218489,5.73953758145903,10.2745857333318,8.19538565416613,9.33688359577145,"575-813",0.614716626011958,0.385283373988042
"bambu","CPM","isoB11","isoB113",0.648358359522498,2.26044673353608,10.2745857333318,8.19538565416613,9.25533078303635,"813-1597",0.24423186880356,0.75576813119644
"bambu","EDA","E3","E31",0.534857057195354,3.47928129791873,10.941345882157,6.09156234168924,8.16963762182738,"1597-2528",0.425879513752593,0.574120486247407
"bambu","EDA","E3","E31",0.610835246179683,7.41017254174184,10.941345882157,6.09156234168924,8.09259891597529,"191-575",0.915672779372978,0.0843272206270217
"bambu","EDA","E3","E31",0.500100835320814,6.06105572867577,10.941345882157,6.09156234168924,8.61798746156121,"575-813",0.703302917961982,0.296697082038018
"bambu","EDA","E3","E31",0.842345097612562,0.979906406919318,10.941345882157,6.09156234168924,8.82151092424315,"813-1597",0.111081470661262,0.888918529338738
"bambu","EDA","E3","E32",0.534857057195354,3.47758784863395,10.941345882157,6.09156234168924,8.16963762182738,"1597-2528",0.425672228024244,0.574327771975756
"bambu","EDA","E3","E32",0.44038582807942,7.28170185672752,10.941345882157,6.09156234168924,8.09259891597529,"191-575",0.899797695688711,0.100202304311289
"bambu","EDA","E3","E32",0.530880878850109,5.76695156721558,10.941345882157,6.09156234168924,8.61798746156121,"575-813",0.669176138041265,0.330823861958735
"bambu","EDA","E3","E32",0.859270115029816,0.936837272039573,10.941345882157,6.09156234168924,8.82151092424315,"813-1597",0.106199185160557,0.893800814839443
"bambu","EDA","E3","E33",0.534857057195354,3.54179150413164,10.941345882157,6.09156234168924,8.16963762182738,"1597-2528",0.433531041165008,0.566468958834992
"bambu","EDA","E3","E33",0.44038582807942,7.29572836106572,10.941345882157,6.09156234168924,8.09259891597529,"191-575",0.901530946586702,0.0984690534132981
"bambu","EDA","E3","E33",0.395472871205548,5.55500333174204,10.941345882157,6.09156234168924,8.61798746156121,"575-813",0.644582433720054,0.355417566279946
"bambu","EDA","E3","E33",0.786362347693953,1.11516843711806,10.941345882157,6.09156234168924,8.82151092424315,"813-1597",0.126414675070387,0.873585324929613
"bambu","EDA","isoB11","isoB111",0.604366788176016,2.59951468351317,10.2745857333318,8.19538565416613,9.41842017762234,"1597-2528",0.276003261108426,0.723996738891574
"bambu","EDA","isoB11","isoB111",0.401916032182423,7.96393094878643,10.2745857333318,8.19538565416613,9.31196563930357,"191-575",0.85523629030294,0.14476370969706
"bambu","EDA","isoB11","isoB111",0.391557201780619,5.53957571151955,10.2745857333318,8.19538565416613,9.33688359577145,"575-813",0.593300286406949,0.406699713593051
"bambu","EDA","isoB11","isoB111",0.665283376939752,1.73640682999863,10.2745857333318,8.19538565416613,9.25533078303635,"813-1597",0.187611536605608,0.812388463394392
"bambu","EDA","isoB11","isoB112",0.604366788176016,2.61061529092287,10.2745857333318,8.19538565416613,9.41842017762234,"1597-2528",0.27718186720163,0.72281813279837
"bambu","EDA","isoB11","isoB112",0.411809349897683,7.91301166065984,10.2745857333318,8.19538565416613,9.31196563930357,"191-575",0.849768133514251,0.150231866485749
"bambu","EDA","isoB11","isoB112",0.397913649861473,5.5192534755001,10.2745857333318,8.19538565416613,9.33688359577145,"575-813",0.591123731905547,0.408876268094453
"bambu","EDA","isoB11","isoB112",0.710850731524666,2.23974096141313,10.2745857333318,8.19538565416613,9.25533078303635,"813-1597",0.241994696236924,0.758005303763077
"bambu","EDA","isoB11","isoB113",0.604366788176016,2.61118475133637,10.2745857333318,8.19538565416613,9.41842017762234,"1597-2528",0.27724232961494,0.72275767038506
"bambu","EDA","isoB11","isoB113",0.411809349897683,8.05126413093585,10.2745857333318,8.19538565416613,9.31196563930357,"191-575",0.86461488828453,0.13538511171547
"bambu","EDA","isoB11","isoB113",0.416982994104036,5.49720940307995,10.2745857333318,8.19538565416613,9.33688359577145,"575-813",0.588762765080371,0.411237234919629
"bambu","EDA","isoB11","isoB113",0.648358359522498,2.22143254316229,10.2745857333318,8.19538565416613,9.25533078303635,"813-1597",0.240016547786044,0.759983452213956
"bambu","TPM","E3","E31",0.534857057195354,3.43293429284688,10.941345882157,6.09156234168924,8.16963762182738,"1597-2528",0.420206434086486,0.579793565913514
"bambu","TPM","E3","E31",0.610835246179683,7.31041208876478,10.941345882157,6.09156234168924,8.09259891597529,"191-575",0.903345410376582,0.0966545896234183
"bambu","TPM","E3","E31",0.500100835320814,5.86731990363402,10.941345882157,6.09156234168924,8.61798746156121,"575-813",0.680822515674804,0.319177484325196
"bambu","TPM","E3","E31",0.842345097612562,0.966354349826505,10.941345882157,6.09156234168924,8.82151092424315,"813-1597",0.109545219421628,0.890454780578372
"bambu","TPM","E3","E32",0.534857057195354,3.42204186098162,10.941345882157,6.09156234168924,8.16963762182738,"1597-2528",0.418873151954588,0.581126848045412
"bambu","TPM","E3","E32",0.44038582807942,7.16065313142853,10.941345882157,6.09156234168924,8.09259891597529,"191-575",0.88483974132129,0.11516025867871
"bambu","TPM","E3","E32",0.530880878850109,5.51078526858037,10.941345882157,6.09156234168924,8.61798746156121,"575-813",0.639451530088679,0.360548469911321
"bambu","TPM","E3","E32",0.842345097612562,0.98326224298064,10.941345882157,6.09156234168924,8.82151092424315,"813-1597",0.111461885772703,0.888538114227297
"bambu","TPM","E3","E33",0.534857057195354,3.4997215076293,10.941345882157,6.09156234168924,8.16963762182738,"1597-2528",0.428381486380602,0.571618513619398
"bambu","TPM","E3","E33",0.44038582807942,7.191914417643,10.941345882157,6.09156234168924,8.09259891597529,"191-575",0.888702689002135,0.111297310997865
"bambu","TPM","E3","E33",0.395472871205548,5.28596255103809,10.941345882157,6.09156234168924,8.61798746156121,"575-813",0.613363917575311,0.386636082424689
"bambu","TPM","E3","E33",0.842345097612562,1.0659773873055,10.941345882157,6.09156234168924,8.82151092424315,"813-1597",0.120838413788731,0.879161586211269
"bambu","TPM","isoB11","isoB111",0.627269108570054,2.56783084911307,10.2745857333318,8.19538565416613,9.41842017762234,"1597-2528",0.272639232555593,0.727360767444407
"bambu","TPM","isoB11","isoB111",0.401916032182423,7.76992720082782,10.2745857333318,8.19538565416613,9.31196563930357,"191-575",0.834402477607179,0.165597522392821
"bambu","TPM","isoB11","isoB111",0.404270097942327,5.14860359238215,10.2745857333318,8.19538565416613,9.33688359577145,"575-813",0.551426344729614,0.448573655270386
"bambu","TPM","isoB11","isoB111",0.705643033857819,1.637664417143,10.2745857333318,8.19538565416613,9.25533078303635,"813-1597",0.176942829546902,0.823057170453098
"bambu","TPM","isoB11","isoB112",0.627269108570054,2.57605574574277,10.2745857333318,8.19538565416613,9.41842017762234,"1597-2528",0.2735125102895,0.7264874897105
"bambu","TPM","isoB11","isoB112",0.411809349897683,7.72180695830917,10.2745857333318,8.19538565416613,9.31196563930357,"191-575",0.829234906722301,0.170765093277699
"bambu","TPM","isoB11","isoB112",0.397913649861473,5.11858834540141,10.2745857333318,8.19538565416613,9.33688359577145,"575-813",0.548211648233416,0.451788351766584
"bambu","TPM","isoB11","isoB112",0.739493068692327,2.19080726511337,10.2745857333318,8.19538565416613,9.25533078303635,"813-1597",0.236707613857389,0.763292386142611
"bambu","TPM","isoB11","isoB113",0.627269108570054,2.57490622746246,10.2745857333318,8.19538565416613,9.41842017762234,"1597-2528",0.273390460279135,0.726609539720865
"bambu","TPM","isoB11","isoB113",0.411809349897683,7.84399274240925,10.2745857333318,8.19538565416613,9.31196563930357,"191-575",0.842356280751471,0.157643719248529
"bambu","TPM","isoB11","isoB113",0.416982994104036,5.08629930584,10.2745857333318,8.19538565416613,9.33688359577145,"575-813",0.544753423738035,0.455246576261965
"bambu","TPM","isoB11","isoB113",0.722568051275073,2.18107925849578,10.2745857333318,8.19538565416613,9.25533078303635,"813-1597",0.235656543199231,0.764343456800769
"bambu","cqn","E3","E31",0.53452922568604,3.3974230760313,10.941345882157,6.09156234168924,8.16963762182738,"1597-2528",0.41585970312247,0.58414029687753
"bambu","cqn","E3","E31",0.105116500724634,6.76196709404852,10.941345882157,6.09156234168924,8.09259891597529,"191-575",0.835574228286537,0.164425771713463
"bambu","cqn","E3","E31",0.330739019977352,4.8419477991937,10.941345882157,6.09156234168924,8.61798746156121,"575-813",0.561842056604309,0.438157943395691
"bambu","cqn","E3","E31",0.859270115029816,0.886970331888728,10.941345882157,6.09156234168924,8.82151092424315,"813-1597",0.100546305446516,0.899453694553484
"bambu","cqn","E3","E32",0.53452922568604,3.40845870195448,10.941345882157,6.09156234168924,8.16963762182738,"1597-2528",0.417210512844275,0.582789487155725
"bambu","cqn","E3","E32",0.105186742296605,6.70199217117464,10.941345882157,6.09156234168924,8.09259891597529,"191-575",0.828163145209692,0.171836854790308
"bambu","cqn","E3","E32",0.400456229093815,4.68422038528587,10.941345882157,6.09156234168924,8.61798746156121,"575-813",0.543539939710853,0.456460060289147
"bambu","cqn","E3","E32",0.859270115029816,0.867789208108596,10.941345882157,6.09156234168924,8.82151092424315,"813-1597",0.0983719473411012,0.901628052658899
"bambu","cqn","E3","E33",0.53452922568604,3.43140486501747,10.941345882157,6.09156234168924,8.16963762182738,"1597-2528",0.420019225314175,0.579980774685825
"bambu","cqn","E3","E33",0.105186742296605,6.78710563776613,10.941345882157,6.09156234168924,8.09259891597529,"191-575",0.838680590529202,0.161319409470798
"bambu","cqn","E3","E33",0.350875934063152,4.87268320438653,10.941345882157,6.09156234168924,8.61798746156121,"575-813",0.565408481518469,0.434591518481531
"bambu","cqn","E3","E33",0.825420080195308,1.05156341271017,10.941345882157,6.09156234168924,8.82151092424315,"813-1597",0.11920445621399,0.88079554378601
"bambu","cqn","isoB11","isoB111",0.627269108570054,2.58408019277282,10.2745857333318,8.19538565416613,9.41842017762234,"1597-2528",0.27436450530339,0.72563549469661
"bambu","cqn","isoB11","isoB111",0.401916032182423,7.82084422036451,10.2745857333318,8.19538565416613,9.31196563930357,"191-575",0.839870390774919,0.160129609225081
"bambu","cqn","isoB11","isoB111",0.391557201780619,5.32683562001217,10.2745857333318,8.19538565416613,9.33688359577145,"575-813",0.570515372219551,0.429484627780449
"bambu","cqn","isoB11","isoB111",0.648358359522498,1.52994893262122,10.2745857333318,8.19538565416613,9.25533078303635,"813-1597",0.165304619411917,0.834695380588083
"bambu","cqn","isoB11","isoB112",0.604366788176016,2.59359621483513,10.2745857333318,8.19538565416613,9.41842017762234,"1597-2528",0.275374868175596,0.724625131824404
"bambu","cqn","isoB11","isoB112",0.411809349897683,7.78850175503043,10.2745857333318,8.19538565416613,9.31196563930357,"191-575",0.836397175066565,0.163602824933435
"bambu","cqn","isoB11","isoB112",0.366131409457202,5.29116974456664,10.2745857333318,8.19538565416613,9.33688359577145,"575-813",0.566695481451963,0.433304518548037
"bambu","cqn","isoB11","isoB112",0.693925714107412,1.89511254922517,10.2745857333318,8.19538565416613,9.25533078303635,"813-1597",0.204759029542049,0.795240970457951
"bambu","cqn","isoB11","isoB113",0.627269108570054,2.59407302532817,10.2745857333318,8.19538565416613,9.41842017762234,"1597-2528",0.2754254934911,0.7245745065089
"bambu","cqn","isoB11","isoB113",0.412084531585523,7.87668823601029,10.2745857333318,8.19538565416613,9.31196563930357,"191-575",0.845867407710857,0.154132592289143
"bambu","cqn","isoB11","isoB113",0.416982994104036,5.31182599734067,10.2745857333318,8.19538565416613,9.33688359577145,"575-813",0.568907809854921,0.431092190145079
"bambu","cqn","isoB11","isoB113",0.682208394357006,1.88124706131884,10.2745857333318,8.19538565416613,9.25533078303635,"813-1597",0.203260921237616,0.796739078762384
"bambu","ratio_counts","E3","E31",0.551630389523081,3.40420615361991,10.4689195471999,6.33247384861126,8.55501149411231,"1597-2528",0.397919530086281,0.602080469913719
"bambu","ratio_counts","E3","E31",0.610835246179683,7.7069555853751,10.4689195471999,6.33247384861126,8.60856630373646,"191-575",0.895265868142292,0.104734131857708
"bambu","ratio_counts","E3","E31",0.579099360846726,5.71599239421276,10.4689195471999,6.33247384861126,8.87680639400666,"575-813",0.643924418366499,0.356075581633501
"bambu","ratio_counts","E3","E31",0.941291353282662,0.386253756938492,10.4689195471999,6.33247384861126,9.34494444100298,"813-1597",0.0413329110062677,0.958667088993732
"bambu","ratio_counts","E3","E32",0.536412999467272,3.40771831470252,10.4689195471999,6.33247384861126,8.55501149411231,"1597-2528",0.398330068527408,0.601669931472592
"bambu","ratio_counts","E3","E32",0.44038582807942,7.55982798016166,10.4689195471999,6.33247384861126,8.60856630373646,"191-575",0.878175030943351,0.121824969056649
"bambu","ratio_counts","E3","E32",0.630749559029833,5.20536003836743,10.4689195471999,6.33247384861126,8.87680639400666,"575-813",0.586400086621459,0.413599913378541
"bambu","ratio_counts","E3","E32",0.907441318448154,0.408445684576118,10.4689195471999,6.33247384861126,9.34494444100298,"813-1597",0.0437076632348903,0.95629233676511
"bambu","ratio_counts","E3","E33",0.536412999467272,3.40694206448392,10.4689195471999,6.33247384861126,8.55501149411231,"1597-2528",0.398239332212309,0.601760667787691
"bambu","ratio_counts","E3","E33",0.44038582807942,7.56558623092341,10.4689195471999,6.33247384861126,8.60856630373646,"191-575",0.878843928708505,0.121156071291495
"bambu","ratio_counts","E3","E33",0.532861173864619,4.77995914283774,10.4689195471999,6.33247384861126,8.87680639400666,"575-813",0.538477345418395,0.461522654581605
"bambu","ratio_counts","E3","E33",0.941291353282662,0.360266375814234,10.4689195471999,6.33247384861126,9.34494444100298,"813-1597",0.0385520083172979,0.961447991682702
"bambu","ratio_counts","isoB11","isoB111",0.747729755127929,2.36868429235485,10.0555810987913,7.26296412477678,9.34367466139042,"1597-2528",0.253506717452678,0.746493282547322
"bambu","ratio_counts","isoB11","isoB111",0.228782972165379,7.46071529624904,10.0555810987913,7.26296412477678,9.3678096345256,"191-575",0.79642046404873,0.20357953595127
"bambu","ratio_counts","isoB11","isoB111",0.66488446925735,3.74445206118222,10.0555810987913,7.26296412477678,9.13556702674271,"575-813",0.409876261672759,0.590123738327241
"bambu","ratio_counts","isoB11","isoB111",0.738191144275615,1.12027818014624,10.0555810987913,7.26296412477678,9.3185189434771,"813-1597",0.120220625932239,0.879779374067761
"bambu","ratio_counts","isoB11","isoB112",0.732521692311768,2.35278642303699,10.0555810987913,7.26296412477678,9.34367466139042,"1597-2528",0.2518052595259,0.7481947404741
"bambu","ratio_counts","isoB11","isoB112",0.255989595882343,7.45884441907405,10.0555810987913,7.26296412477678,9.3678096345256,"191-575",0.796220750642076,0.203779249357924
"bambu","ratio_counts","isoB11","isoB112",0.654714152327983,3.74945722153742,10.0555810987913,7.26296412477678,9.13556702674271,"575-813",0.410424137939283,0.589575862060717
"bambu","ratio_counts","isoB11","isoB112",0.822816231361885,1.8452376936907,10.0555810987913,7.26296412477678,9.3185189434771,"813-1597",0.198018344426113,0.801981655573887
"bambu","ratio_counts","isoB11","isoB113",0.732521692311768,2.35242446071499,10.0555810987913,7.26296412477678,9.34367466139042,"1597-2528",0.251766520771062,0.748233479228938
"bambu","ratio_counts","isoB11","isoB113",0.255989595882343,7.47196005373625,10.0555810987913,7.26296412477678,9.3678096345256,"191-575",0.797620825491363,0.202379174508637
"bambu","ratio_counts","isoB11","isoB113",0.573351616893049,3.7456423497393,10.0555810987913,7.26296412477678,9.13556702674271,"575-813",0.410006553372616,0.589993446627384
"bambu","ratio_counts","isoB11","isoB113",0.941291353282662,1.86244762222335,10.0555810987913,7.26296412477678,9.3185189434771,"813-1597",0.199865196767889,0.800134803232111
"flair","CPM","E3","E31",0.67868627223144,2.63235083590892,10.941345882157,6.09156234168924,8.16963762182738,"1597-2528",0.322211456341208,0.677788543658792
"flair","CPM","E3","E31",0.611583360662354,7.44885224732295,10.941345882157,6.09156234168924,8.09259891597529,"191-575",0.920452418890853,0.0795475811091469
"flair","CPM","E3","E31",0.658344852237388,5.63541889687096,10.941345882157,6.09156234168924,8.61798746156121,"575-813",0.653913564159452,0.346086435840548
"flair","CPM","E3","E31",0.815004684861614,1.10530980242297,10.941345882157,6.09156234168924,8.82151092424315,"813-1597",0.125297107481369,0.874702892518631
"flair","CPM","E3","E32",0.692719259063293,2.62058319300668,10.941345882157,6.09156234168924,8.16963762182738,"1597-2528",0.320771044483673,0.679228955516327
"flair","CPM","E3","E32",0.610835246179683,7.41226794159236,10.941345882157,6.09156234168924,8.09259891597529,"191-575",0.915931707298639,0.0840682927013608
"flair","CPM","E3","E32",0.672766495882782,5.27869208140098,10.941345882157,6.09156234168924,8.61798746156121,"575-813",0.612520278655025,0.387479721344975
"flair","CPM","E3","E32",0.831929702278868,1.07349677443439,10.941345882157,6.09156234168924,8.82151092424315,"813-1597",0.121690805991547,0.878309194008453
"flair","CPM","E3","E33",0.67868627223144,2.71770978575187,10.941345882157,6.09156234168924,8.16963762182738,"1597-2528",0.332659771651411,0.667340228348589
"flair","CPM","E3","E33",0.610835246179683,7.45932276801562,10.941345882157,6.09156234168924,8.09259891597529,"191-575",0.921746257965468,0.0782537420345322
"flair","CPM","E3","E33",0.654618652063208,5.4911227239852,10.941345882157,6.09156234168924,8.61798746156121,"575-813",0.637169959747243,0.362830040252757
"flair","CPM","E3","E33",0.765531557026564,1.23656048534273,10.941345882157,6.09156234168924,8.82151092424315,"813-1597",0.140175588508815,0.859824411491185
"flair","CPM","isoB11","isoB111",0.627269108570054,2.60498703028018,10.2745857333318,8.19538565416613,9.41842017762234,"1597-2528",0.276584287083463,0.723415712916537
"flair","CPM","isoB11","isoB111",0.544627978652534,7.87931589486143,10.2745857333318,8.19538565416613,9.31196563930357,"191-575",0.846149588611531,0.153850411388469
"flair","CPM","isoB11","isoB111",0.395222453058496,5.7937903453561,10.2745857333318,8.19538565416613,9.33688359577145,"575-813",0.620527211882563,0.379472788117437
"flair","CPM","isoB11","isoB111",0.644452586272362,1.19897868848028,10.2745857333318,8.19538565416613,9.25533078303635,"813-1597",0.129544660972877,0.870455339027123
"flair","CPM","isoB11","isoB112",0.627269108570054,2.61103409891589,10.2745857333318,8.19538565416613,9.41842017762234,"1597-2528",0.27722633410639,0.72277366589361
"flair","CPM","isoB11","isoB112",0.55452824837176,7.82305062297398,10.2745857333318,8.19538565416613,9.31196563930357,"191-575",0.840107333510206,0.159892666489794
"flair","CPM","isoB11","isoB112",0.364411613070585,5.57313077008175,10.2745857333318,8.19538565416613,9.33688359577145,"575-813",0.596894104217573,0.403105895782427
"flair","CPM","isoB11","isoB112",0.644452586272362,1.12125905848304,10.2745857333318,8.19538565416613,9.25533078303635,"813-1597",0.121147378172388,0.878852621827612
"flair","CPM","isoB11","isoB113",0.627269108570054,2.61064928728926,10.2745857333318,8.19538565416613,9.41842017762234,"1597-2528",0.27718547676308,0.72281452323692
"flair","CPM","isoB11","isoB113",0.55452824837176,7.97396675409302,10.2745857333318,8.19538565416613,9.31196563930357,"191-575",0.856314022512799,0.143685977487201
"flair","CPM","isoB11","isoB113",0.399329102127871,5.5073348336774,10.2745857333318,8.19538565416613,9.33688359577145,"575-813",0.589847220133664,0.410152779866336
"flair","CPM","isoB11","isoB113",0.627527568855108,1.07113609291403,10.2745857333318,8.19538565416613,9.25533078303635,"813-1597",0.115731800194247,0.884268199805753
"flair","EDA","E3","E31",0.664653285399586,2.60247234355693,10.941345882157,6.09156234168924,8.16963762182738,"1597-2528",0.318554195917298,0.681445804082702
"flair","EDA","E3","E31",0.610835246179683,7.41608432713683,10.941345882157,6.09156234168924,8.09259891597529,"191-575",0.916403296905896,0.0835967030941039
"flair","EDA","E3","E31",0.658344852237388,5.54084872496079,10.941345882157,6.09156234168924,8.61798746156121,"575-813",0.642939984500398,0.357060015499602
"flair","EDA","E3","E31",0.831929702278868,1.11862676160896,10.941345882157,6.09156234168924,8.82151092424315,"813-1597",0.126806708194938,0.873193291805062
"flair","EDA","E3","E32",0.664653285399586,2.60636830142379,10.941345882157,6.09156234168924,8.16963762182738,"1597-2528",0.31903107849731,0.68096892150269
"flair","EDA","E3","E32",0.610835246179683,7.40233060750688,10.941345882157,6.09156234168924,8.09259891597529,"191-575",0.914703753931784,0.0852962460682156
"flair","EDA","E3","E32",0.672766495882782,5.24645480457712,10.941345882157,6.09156234168924,8.61798746156121,"575-813",0.608779582005412,0.391220417994588
"flair","EDA","E3","E32",0.831929702278868,1.0962104239043,10.941345882157,6.09156234168924,8.82151092424315,"813-1597",0.124265608614927,0.875734391385073
"flair","EDA","E3","E33",0.664653285399586,2.68436128991429,10.941345882157,6.09156234168924,8.16963762182738,"1597-2528",0.328577767359264,0.671422232640736
"flair","EDA","E3","E33",0.610835246179683,7.41285160385057,10.941345882157,6.09156234168924,8.09259891597529,"191-575",0.916003830267326,0.0839961697326743
"flair","EDA","E3","E33",0.654618652063208,5.33057725062756,10.941345882157,6.09156234168924,8.61798746156121,"575-813",0.618540845458818,0.381459154541182
"flair","EDA","E3","E33",0.759021934943004,1.19466772890963,10.941345882157,6.09156234168924,8.82151092424315,"813-1597",0.135426656404909,0.864573343595091
"flair","EDA","isoB11","isoB111",0.627269108570054,2.5880447775765,10.2745857333318,8.19538565416613,9.41842017762234,"1597-2528",0.274785444774013,0.725214555225987
"flair","EDA","isoB11","isoB111",0.544289174278437,7.79642620152355,10.2745857333318,8.19538565416613,9.31196563930357,"191-575",0.837248171172014,0.162751828827986
"flair","EDA","isoB11","isoB111",0.397913649861473,5.63036412880766,10.2745857333318,8.19538565416613,9.33688359577145,"575-813",0.603023918104492,0.396976081895508
"flair","EDA","isoB11","isoB111",0.644452586272362,1.12370566950057,10.2745857333318,8.19538565416613,9.25533078303635,"813-1597",0.121411724317855,0.878588275682145
"flair","EDA","isoB11","isoB112",0.627269108570054,2.59169905575974,10.2745857333318,8.19538565416613,9.41842017762234,"1597-2528",0.27517343746433,0.72482656253567
"flair","EDA","isoB11","isoB112",0.553838107160515,7.75660703568433,10.2745857333318,8.19538565416613,9.31196563930357,"191-575",0.832972042223346,0.167027957776654
"flair","EDA","isoB11","isoB112",0.357843240732483,5.41597721654073,10.2745857333318,8.19538565416613,9.33688359577145,"575-813",0.580062625927301,0.419937374072699
"flair","EDA","isoB11","isoB112",0.644452586272362,1.06301803877311,10.2745857333318,8.19538565416613,9.25533078303635,"813-1597",0.114854678205717,0.885145321794283
"flair","EDA","isoB11","isoB113",0.627269108570054,2.59496242641332,10.2745857333318,8.19538565416613,9.41842017762234,"1597-2528",0.275519925579326,0.724480074420675
"flair","EDA","isoB11","isoB113",0.553838107160515,7.92877488624327,10.2745857333318,8.19538565416613,9.31196563930357,"191-575",0.851460926013065,0.148539073986935
"flair","EDA","isoB11","isoB113",0.40860114721936,5.39655833772824,10.2745857333318,8.19538565416613,9.33688359577145,"575-813",0.577982822895239,0.422017177104761
"flair","EDA","isoB11","isoB113",0.627527568855108,1.03438945897818,10.2745857333318,8.19538565416613,9.25533078303635,"813-1597",0.111761479219528,0.888238520780471
"flair","TPM","E3","E31",0.664653285399586,2.57415767134017,10.941345882157,6.09156234168924,8.16963762182738,"1597-2528",0.31508835403698,0.68491164596302
"flair","TPM","E3","E31",0.610835246179683,7.30668709863861,10.941345882157,6.09156234168924,8.09259891597529,"191-575",0.902885114473517,0.0971148855264826
"flair","TPM","E3","E31",0.680683899119694,5.31824392871513,10.941345882157,6.09156234168924,8.61798746156121,"575-813",0.617109731527932,0.382890268472068
"flair","TPM","E3","E31",0.842345097612562,1.07073919726255,10.941345882157,6.09156234168924,8.82151092424315,"813-1597",0.121378209068467,0.878621790931533
"flair","TPM","E3","E32",0.664653285399586,2.5557294218061,10.941345882157,6.09156234168924,8.16963762182738,"1597-2528",0.312832654287845,0.687167345712155
"flair","TPM","E3","E32",0.610835246179683,7.28016233109017,10.941345882157,6.09156234168924,8.09259891597529,"191-575",0.899607456971417,0.100392543028583
"flair","TPM","E3","E32",0.694803163377979,4.90852016882327,10.941345882157,6.09156234168924,8.61798746156121,"575-813",0.569566872859438,0.430433127140562
"flair","TPM","E3","E32",0.842345097612562,1.09556195709203,10.941345882157,6.09156234168924,8.82151092424315,"813-1597",0.124192098893311,0.875807901106689
"flair","TPM","E3","E33",0.664653285399586,2.65395982694254,10.941345882157,6.09156234168924,8.16963762182738,"1597-2528",0.324856493004265,0.675143506995735
"flair","TPM","E3","E33",0.610835246179683,7.31097256919805,10.941345882157,6.09156234168924,8.09259891597529,"191-575",0.903414668774173,0.0965853312258269
"flair","TPM","E3","E33",0.654618652063208,5.06447654361768,10.941345882157,6.09156234168924,8.61798746156121,"575-813",0.587663484799294,0.412336515200706
"flair","TPM","E3","E33",0.815004684861614,1.13006336417599,10.941345882157,6.09156234168924,8.82151092424315,"813-1597",0.128103153063084,0.871896846936916
"flair","TPM","isoB11","isoB111",0.650171428964093,2.56592400327679,10.2745857333318,8.19538565416613,9.41842017762234,"1597-2528",0.272436773353273,0.727563226646727
"flair","TPM","isoB11","isoB111",0.544289174278437,7.472923358038,10.2745857333318,8.19538565416613,9.31196563930357,"191-575",0.802507617349508,0.197492382650492
"flair","TPM","isoB11","isoB111",0.410626546023182,5.13103562916839,10.2745857333318,8.19538565416613,9.33688359577145,"575-813",0.549544778676706,0.450455221323294
"flair","TPM","isoB11","isoB111",0.673094923440023,0.97546903351435,10.2745857333318,8.19538565416613,9.25533078303635,"813-1597",0.105395372286665,0.894604627713335
"flair","TPM","isoB11","isoB112",0.627269108570054,2.57213163452747,10.2745857333318,8.19538565416613,9.41842017762234,"1597-2528",0.273095868098847,0.726904131901153
"flair","TPM","isoB11","isoB112",0.553838107160515,7.42516324758286,10.2745857333318,8.19538565416613,9.31196563930357,"191-575",0.797378720583227,0.202621279416773
"flair","TPM","isoB11","isoB112",0.383222193975921,4.84842110728207,10.2745857333318,8.19538565416613,9.33688359577145,"575-813",0.519276165066239,0.480723834933761
"flair","TPM","isoB11","isoB112",0.718662278024937,0.924269948506829,10.2745857333318,8.19538565416613,9.25533078303635,"813-1597",0.0998635240785643,0.900136475921436
"flair","TPM","isoB11","isoB113",0.627269108570054,2.5709925927178,10.2745857333318,8.19538565416613,9.41842017762234,"1597-2528",0.272974930426904,0.727025069573096
"flair","TPM","isoB11","isoB113",0.553838107160515,7.56190575997026,10.2745857333318,8.19538565416613,9.31196563930357,"191-575",0.812063322920058,0.187936677079942
"flair","TPM","isoB11","isoB113",0.4022564089085,4.78378110886584,10.2745857333318,8.19538565416613,9.33688359577145,"575-813",0.512353084388066,0.487646915611934
"flair","TPM","isoB11","isoB113",0.701737260607683,0.902982431609189,10.2745857333318,8.19538565416613,9.25533078303635,"813-1597",0.0975634964083857,0.902436503591614
"flair","cqn","E3","E31",0.67868627223144,2.61388299691161,10.941345882157,6.09156234168924,8.16963762182738,"1597-2528",0.319950910665599,0.680049089334401
"flair","cqn","E3","E31",0.017904249153896,6.75793131439333,10.941345882157,6.09156234168924,8.09259891597529,"191-575",0.835075528215387,0.164924471784613
"flair","cqn","E3","E31",0.527882227463521,4.80625877834147,10.941345882157,6.09156234168924,8.61798746156121,"575-813",0.557700832100164,0.442299167899836
"flair","cqn","E3","E31",0.815004684861614,1.05070490650643,10.941345882157,6.09156234168924,8.82151092424315,"813-1597",0.119107136581205,0.880892863418794
"flair","cqn","E3","E32",0.692719259063293,2.61308661624529,10.941345882157,6.09156234168924,8.16963762182738,"1597-2528",0.319853430128128,0.680146569871872
"flair","cqn","E3","E32",0.017904249153896,6.8606725074795,10.941345882157,6.09156234168924,8.09259891597529,"191-575",0.847771226365378,0.152228773634622
"flair","cqn","E3","E32",0.629398040437275,4.6145461885282,10.941345882157,6.09156234168924,8.61798746156121,"575-813",0.535455198688841,0.464544801311159
"flair","cqn","E3","E32",0.804589289527919,1.03408175457569,10.941345882157,6.09156234168924,8.82151092424315,"813-1597",0.117222748286106,0.882777251713894
"flair","cqn","E3","E33",0.67868627223144,2.6613743674,10.941345882157,6.09156234168924,8.16963762182738,"1597-2528",0.325764065751145,0.674235934248855
"flair","cqn","E3","E33",0.0179153940346228,6.65938529743309,10.941345882157,6.09156234168924,8.09259891597529,"191-575",0.822898226710218,0.177101773289782
"flair","cqn","E3","E33",0.57990908161257,4.3524168277431,10.941345882157,6.09156234168924,8.61798746156121,"575-813",0.505038658637667,0.494961341362333
"flair","cqn","E3","E33",0.765531557026564,1.13522221904622,10.941345882157,6.09156234168924,8.82151092424315,"813-1597",0.128687957062596,0.871312042937404
"flair","cqn","isoB11","isoB111",0.650171428964093,2.64096599710172,10.2745857333318,8.19538565416613,9.41842017762234,"1597-2528",0.28040435097348,0.71959564902652
"flair","cqn","isoB11","isoB111",0.544289174278437,8.13687689585628,10.2745857333318,8.19538565416613,9.31196563930357,"191-575",0.873808732875095,0.126191267124905
"flair","cqn","isoB11","isoB111",0.389806150566793,6.30432723187982,10.2745857333318,8.19538565416613,9.33688359577145,"575-813",0.675206793274682,0.324793206725318
"flair","cqn","isoB11","isoB111",0.644452586272362,1.34482659700897,10.2745857333318,8.19538565416613,9.25533078303635,"813-1597",0.145302920936531,0.854697079063469
"flair","cqn","isoB11","isoB112",0.627269108570054,2.66035099317791,10.2745857333318,8.19538565416613,9.41842017762234,"1597-2528",0.282462551362782,0.717537448637218
"flair","cqn","isoB11","isoB112",0.553838107160515,8.1720267028949,10.2745857333318,8.19538565416613,9.31196563930357,"191-575",0.877583425394391,0.122416574605609
"flair","cqn","isoB11","isoB112",0.364411613070585,6.36240569292359,10.2745857333318,8.19538565416613,9.33688359577145,"575-813",0.681427119408989,0.318572880591011
"flair","cqn","isoB11","isoB112",0.701737260607683,1.30347059370586,10.2745857333318,8.19538565416613,9.25533078303635,"813-1597",0.140834576771144,0.859165423228856
"flair","cqn","isoB11","isoB113",0.627269108570054,2.65432896786139,10.2745857333318,8.19538565416613,9.41842017762234,"1597-2528",0.281823163312243,0.718176836687757
"flair","cqn","isoB11","isoB113",0.554182855470999,8.33616169582579,10.2745857333318,8.19538565416613,9.31196563930357,"191-575",0.89520967094647,0.10479032905353
"flair","cqn","isoB11","isoB113",0.389566932286781,6.30140143115488,10.2745857333318,8.19538565416613,9.33688359577145,"575-813",0.674893433822897,0.325106566177103
"flair","cqn","isoB11","isoB113",0.627527568855108,1.25381692367461,10.2745857333318,8.19538565416613,9.25533078303635,"813-1597",0.135469704224151,0.864530295775849
"flair","ratio_counts","E3","E31",0.72238298376766,2.44488810392013,10.4689195471999,6.33247384861126,8.55501149411231,"1597-2528",0.285784315497733,0.714215684502267
"flair","ratio_counts","E3","E31",0.610835246179683,7.70888317770583,10.4689195471999,6.33247384861126,8.60856630373646,"191-575",0.895489783747134,0.104510216252866
"flair","ratio_counts","E3","E31",0.770040086648921,5.12225113310495,10.4689195471999,6.33247384861126,8.87680639400666,"575-813",0.577037608543916,0.422962391456084
"flair","ratio_counts","E3","E31",0.941291353282662,0.392367540619137,10.4689195471999,6.33247384861126,9.34494444100298,"813-1597",0.0419871453593174,0.958012854640683
"flair","ratio_counts","E3","E32",0.707174920951499,2.44330850803315,10.4689195471999,6.33247384861126,8.55501149411231,"1597-2528",0.285599675665505,0.714400324334495
"flair","ratio_counts","E3","E32",0.610835246179683,7.70496781044821,10.4689195471999,6.33247384861126,8.60856630373646,"191-575",0.895034961524772,0.104965038475228
"flair","ratio_counts","E3","E32",0.827023168349161,4.54806002555683,10.4689195471999,6.33247384861126,8.87680639400666,"575-813",0.512353184657439,0.487646815342561
"flair","ratio_counts","E3","E32",0.890516301030901,0.424042091670804,10.4689195471999,6.33247384861126,9.34494444100298,"813-1597",0.045376630577944,0.954623369422056
"flair","ratio_counts","E3","E33",0.707174920951499,2.44884494068741,10.4689195471999,6.33247384861126,8.55501149411231,"1597-2528",0.286246832324275,0.713753167675725
"flair","ratio_counts","E3","E33",0.610835246179683,7.70975650919168,10.4689195471999,6.33247384861126,8.60856630373646,"191-575",0.895591232868281,0.104408767131719
"flair","ratio_counts","E3","E33",0.785542382475849,4.57853022385629,10.4689195471999,6.33247384861126,8.87680639400666,"575-813",0.515785747782847,0.484214252217153
"flair","ratio_counts","E3","E33",0.941291353282662,0.390480967557418,10.4689195471999,6.33247384861126,9.34494444100298,"813-1597",0.0417852636816221,0.958214736318378
"flair","ratio_counts","isoB11","isoB111",0.879532966201326,2.36988035012593,10.0555810987913,7.26296412477678,9.34367466139042,"1597-2528",0.253634724667658,0.746365275332342
"flair","ratio_counts","isoB11","isoB111",0.368827532570257,7.0819455232134,10.0555810987913,7.26296412477678,9.3678096345256,"191-575",0.755987343841028,0.244012656158972
"flair","ratio_counts","isoB11","isoB111",0.66488446925735,3.74748991208375,10.0555810987913,7.26296412477678,9.13556702674271,"575-813",0.410208791760123,0.589791208239877
"flair","ratio_counts","isoB11","isoB111",0.721266126858361,0.626912124780508,10.0555810987913,7.26296412477678,9.3185189434771,"813-1597",0.0672759403702605,0.93272405962974
"flair","ratio_counts","isoB11","isoB112",0.88840433617742,2.35645204866372,10.0555810987913,7.26296412477678,9.34367466139042,"1597-2528",0.252197570448483,0.747802429551517
"flair","ratio_counts","isoB11","isoB112",0.395087097995971,7.07951560870602,10.0555810987913,7.26296412477678,9.3678096345256,"191-575",0.755727954015424,0.244272045984576
"flair","ratio_counts","isoB11","isoB112",0.637011726410306,3.31488605393307,10.0555810987913,7.26296412477678,9.13556702674271,"575-813",0.362854986913165,0.637145013086835
"flair","ratio_counts","isoB11","isoB112",0.822816231361885,0.62907736698533,10.0555810987913,7.26296412477678,9.3185189434771,"813-1597",0.0675082994197999,0.9324917005802
"flair","ratio_counts","isoB11","isoB113",0.88840433617742,2.35424001586156,10.0555810987913,7.26296412477678,9.34367466139042,"1597-2528",0.251960829243088,0.748039170756912
"flair","ratio_counts","isoB11","isoB113",0.395087097995971,7.09922777782352,10.0555810987913,7.26296412477678,9.3678096345256,"191-575",0.75783219928583,0.24216780071417
"flair","ratio_counts","isoB11","isoB113",0.555799076031303,3.31265632290207,10.0555810987913,7.26296412477678,9.13556702674271,"575-813",0.362610915469709,0.637389084530291
"flair","ratio_counts","isoB11","isoB113",0.924366335865408,0.677136106855512,10.0555810987913,7.26296412477678,9.3185189434771,"813-1597",0.0726656361341094,0.927334363865891
"isoquant","CPM","E3","E31",0.620628149011319,4.04660231551546,10.941345882157,6.09156234168924,8.16963762182738,"1597-2528",0.495322130898912,0.504677869101088
"isoquant","CPM","E3","E31",0.610835246179683,7.4462843020612,10.941345882157,6.09156234168924,8.09259891597529,"191-575",0.920135098671674,0.0798649013283265
"isoquant","CPM","E3","E31",0.590480504354696,5.96745719713632,10.941345882157,6.09156234168924,8.61798746156121,"575-813",0.69244208392655,0.30755791607345
"isoquant","CPM","E3","E31",0.686114167607141,2.53095823804628,10.941345882157,6.09156234168924,8.82151092424315,"813-1597",0.286907567170918,0.713092432829082
"isoquant","CPM","E3","E32",0.620628149011319,4.04205623484548,10.941345882157,6.09156234168924,8.16963762182738,"1597-2528",0.494765670394736,0.505234329605264
"isoquant","CPM","E3","E32",0.44038582807942,7.31140190010139,10.941345882157,6.09156234168924,8.09259891597529,"191-575",0.903467721064025,0.0965322789359747
"isoquant","CPM","E3","E32",0.603154265822277,5.6441839133853,10.941345882157,6.09156234168924,8.61798746156121,"575-813",0.654930624877333,0.345069375122667
"isoquant","CPM","E3","E32",0.703039185024395,2.51666880172929,10.941345882157,6.09156234168924,8.82151092424315,"813-1597",0.285287727163951,0.714712272836049
"isoquant","CPM","E3","E33",0.620628149011319,4.09602105168221,10.941345882157,6.09156234168924,8.16963762182738,"1597-2528",0.501371204120313,0.498628795879687
"isoquant","CPM","E3","E33",0.44038582807942,7.35988364359772,10.941345882157,6.09156234168924,8.09259891597529,"191-575",0.909458595441924,0.0905414045580762
"isoquant","CPM","E3","E33",0.571657080316583,5.70500704238412,10.941345882157,6.09156234168924,8.61798746156121,"575-813",0.661988320107236,0.338011679892764
"isoquant","CPM","E3","E33",0.619716022354837,2.59949998135296,10.941345882157,6.09156234168924,8.82151092424315,"813-1597",0.294677408856237,0.705322591143763
"isoquant","CPM","isoB11","isoB111",0.62001502940775,3.39857687744269,10.2745857333318,8.19538565416613,9.41842017762234,"1597-2528",0.360843624870073,0.639156375129927
"isoquant","CPM","isoB11","isoB111",0.544627978652534,7.87887468310606,10.2745857333318,8.19538565416613,9.31196563930357,"191-575",0.846102207449222,0.153897792550778
"isoquant","CPM","isoB11","isoB111",0.192797554746219,6.18181218309456,10.2745857333318,8.19538565416613,9.33688359577145,"575-813",0.662085172176102,0.337914827823898
"isoquant","CPM","isoB11","isoB111",0.511656295767754,2.61194405698079,10.2745857333318,8.19538565416613,9.25533078303635,"813-1597",0.282209692793271,0.717790307206729
"isoquant","CPM","isoB11","isoB112",0.62001502940775,3.4037073266098,10.2745857333318,8.19538565416613,9.41842017762234,"1597-2528",0.361388349895116,0.638611650104884
"isoquant","CPM","isoB11","isoB112",0.55452824837176,7.81916385218136,10.2745857333318,8.19538565416613,9.31196563930357,"191-575",0.839689938199358,0.160310061800642
"isoquant","CPM","isoB11","isoB112",0.165267650102209,5.97206476949245,10.2745857333318,8.19538565416613,9.33688359577145,"575-813",0.639620780128084,0.360379219871916
"isoquant","CPM","isoB11","isoB112",0.522071691101449,2.57809878538884,10.2745857333318,8.19538565416613,9.25533078303635,"813-1597",0.278552851953613,0.721447148046387
"isoquant","CPM","isoB11","isoB113",0.62001502940775,3.40274624052528,10.2745857333318,8.19538565416613,9.41842017762234,"1597-2528",0.361286306657885,0.638713693342115
"isoquant","CPM","isoB11","isoB113",0.55452824837176,7.96996453574303,10.2745857333318,8.19538565416613,9.31196563930357,"191-575",0.855884229437416,0.144115770562584
"isoquant","CPM","isoB11","isoB113",0.194110866639036,5.90550867784048,10.2745857333318,8.19538565416613,9.33688359577145,"575-813",0.632492481807849,0.367507518192151
"isoquant","CPM","isoB11","isoB113",0.505146673684195,2.55681574216316,10.2745857333318,8.19538565416613,9.25533078303635,"813-1597",0.276253307645084,0.723746692354916
"isoquant","EDA","E3","E31",0.620628149011319,4.04968138319722,10.941345882157,6.09156234168924,8.16963762182738,"1597-2528",0.495699022485087,0.504300977514913
"isoquant","EDA","E3","E31",0.610835246179683,7.37209858906304,10.941345882157,6.09156234168924,8.09259891597529,"191-575",0.910967992557998,0.0890320074420017
"isoquant","EDA","E3","E31",0.613242791370637,5.89180416848929,10.941345882157,6.09156234168924,8.61798746156121,"575-813",0.683663580942591,0.316336419057409
"isoquant","EDA","E3","E31",0.686114167607141,2.51206426349493,10.941345882157,6.09156234168924,8.82151092424315,"813-1597",0.284765760091201,0.715234239908799
"isoquant","EDA","E3","E32",0.620628149011319,4.04842882437967,10.941345882157,6.09156234168924,8.16963762182738,"1597-2528",0.495545703711902,0.504454296288098
"isoquant","EDA","E3","E32",0.44038582807942,7.23046846306011,10.941345882157,6.09156234168924,8.09259891597529,"191-575",0.893466800731557,0.106533199268443
"isoquant","EDA","E3","E32",0.625493312704584,5.57254585974706,10.941345882157,6.09156234168924,8.61798746156121,"575-813",0.646618005027539,0.353381994972461
"isoquant","EDA","E3","E32",0.703039185024395,2.49506785101531,10.941345882157,6.09156234168924,8.82151092424315,"813-1597",0.282839059254396,0.717160940745604
"isoquant","EDA","E3","E33",0.620628149011319,4.09089145779727,10.941345882157,6.09156234168924,8.16963762182738,"1597-2528",0.500743319001979,0.499256680998021
"isoquant","EDA","E3","E33",0.44038582807942,7.23018551517405,10.941345882157,6.09156234168924,8.09259891597529,"191-575",0.89343183694687,0.10656816305313
"isoquant","EDA","E3","E33",0.59369374781178,5.48105334593752,10.941345882157,6.09156234168924,8.61798746156121,"575-813",0.636001545649103,0.363998454350897
"isoquant","EDA","E3","E33",0.630131417688532,2.5561670240602,10.941345882157,6.09156234168924,8.82151092424315,"813-1597",0.289765216640539,0.710234783359461
"isoquant","EDA","isoB11","isoB111",0.62001502940775,3.39432721793499,10.2745857333318,8.19538565416613,9.41842017762234,"1597-2528",0.360392417615826,0.639607582384174
"isoquant","EDA","isoB11","isoB111",0.553838107160515,7.52401608775917,10.2745857333318,8.19538565416613,9.31196563930357,"191-575",0.807994399807717,0.192005600192283
"isoquant","EDA","isoB11","isoB111",0.195867947889789,5.78466072381967,10.2745857333318,8.19538565416613,9.33688359577145,"575-813",0.619549410087908,0.380450589912092
"isoquant","EDA","isoB11","isoB111",0.55071402826911,2.54632221414172,10.2745857333318,8.19538565416613,9.25533078303635,"813-1597",0.275119525582894,0.724880474417106
"isoquant","EDA","isoB11","isoB112",0.607283714635517,3.40424687111603,10.2745857333318,8.19538565416613,9.41842017762234,"1597-2528",0.361445635989392,0.638554364010608
"isoquant","EDA","isoB11","isoB112",0.553838107160515,7.50150322481215,10.2745857333318,8.19538565416613,9.31196563930357,"191-575",0.805576772443199,0.194423227556801
"isoquant","EDA","isoB11","isoB112",0.156368622789013,5.60634411675258,10.2745857333318,8.19538565416613,9.33688359577145,"575-813",0.6004513239612,0.3995486760388
"isoquant","EDA","isoB11","isoB112",0.57935636543677,2.52976728402082,10.2745857333318,8.19538565416613,9.25533078303635,"813-1597",0.273330834232041,0.726669165767959
"isoquant","EDA","isoB11","isoB113",0.607283714635517,3.40547828321251,10.2745857333318,8.19538565416613,9.41842017762234,"1597-2528",0.361576381069061,0.638423618930939
"isoquant","EDA","isoB11","isoB113",0.553838107160515,7.6653849495629,10.2745857333318,8.19538565416613,9.31196563930357,"191-575",0.823175819851519,0.176824180148481
"isoquant","EDA","isoB11","isoB113",0.19704989050648,5.57672375487232,10.2745857333318,8.19538565416613,9.33688359577145,"575-813",0.597278920495265,0.402721079504735
"isoquant","EDA","isoB11","isoB113",0.522071691101449,2.51808806213789,10.2745857333318,8.19538565416613,9.25533078303635,"813-1597",0.272068942879186,0.727931057120814
"isoquant","TPM","E3","E31",0.620628149011319,4.02079597256225,10.941345882157,6.09156234168924,8.16963762182738,"1597-2528",0.492163319682579,0.507836680317421
"isoquant","TPM","E3","E31",0.610835246179683,7.30484005050764,10.941345882157,6.09156234168924,8.09259891597529,"191-575",0.902656875294714,0.0973431247052862
"isoquant","TPM","E3","E31",0.613242791370637,5.72276671476341,10.941345882157,6.09156234168924,8.61798746156121,"575-813",0.664049088060136,0.335950911939864
"isoquant","TPM","E3","E31",0.703039185024395,2.51806815897956,10.941345882157,6.09156234168924,8.82151092424315,"813-1597",0.285446357274177,0.714553642725823
"isoquant","TPM","E3","E32",0.620628149011319,4.01339573908735,10.941345882157,6.09156234168924,8.16963762182738,"1597-2528",0.491257498174031,0.508742501825969
"isoquant","TPM","E3","E32",0.44038582807942,7.15427210102416,10.941345882157,6.09156234168924,8.09259891597529,"191-575",0.884051239324513,0.115948760675487
"isoquant","TPM","E3","E32",0.625493312704584,5.35283661737007,10.941345882157,6.09156234168924,8.61798746156121,"575-813",0.621123741621267,0.378876258378733
"isoquant","TPM","E3","E32",0.703039185024395,2.52817926273082,10.941345882157,6.09156234168924,8.82151092424315,"813-1597",0.286592544569991,0.713407455430009
"isoquant","TPM","E3","E33",0.620628149011319,4.06480365656719,10.941345882157,6.09156234168924,8.16963762182738,"1597-2528",0.49755005604006,0.50244994395994
"isoquant","TPM","E3","E33",0.44038582807942,7.1846763984769,10.941345882157,6.09156234168924,8.09259891597529,"191-575",0.887808289163312,0.112191710836688
"isoquant","TPM","E3","E33",0.571657080316583,5.32031749329236,10.941345882157,6.09156234168924,8.61798746156121,"575-813",0.617350340438828,0.382649659561172
"isoquant","TPM","E3","E33",0.686114167607141,2.55510419884164,10.941345882157,6.09156234168924,8.82151092424315,"813-1597",0.289644735554284,0.710355264445716
"isoquant","TPM","isoB11","isoB111",0.62001502940775,3.36235051835125,10.2745857333318,8.19538565416613,9.41842017762234,"1597-2528",0.356997294125825,0.643002705874175
"isoquant","TPM","isoB11","isoB111",0.553838107160515,7.46970052566093,10.2745857333318,8.19538565416613,9.31196563930357,"191-575",0.802161521530225,0.197838478469775
"isoquant","TPM","isoB11","isoB111",0.215008138237326,5.61855446401002,10.2745857333318,8.19538565416613,9.33688359577145,"575-813",0.601759078002706,0.398240921997294
"isoquant","TPM","isoB11","isoB111",0.562431348019516,2.52159084835193,10.2745857333318,8.19538565416613,9.25533078303635,"813-1597",0.272447404362211,0.727552595637789
"isoquant","TPM","isoB11","isoB112",0.62001502940775,3.36773967696987,10.2745857333318,8.19538565416613,9.41842017762234,"1597-2528",0.357569487605941,0.642430512394059
"isoquant","TPM","isoB11","isoB112",0.553838107160515,7.41949642404794,10.2745857333318,8.19538565416613,9.31196563930357,"191-575",0.796770167700365,0.203229832299635
"isoquant","TPM","isoB11","isoB112",0.177980546263918,5.35840370049151,10.2745857333318,8.19538565416613,9.33688359577145,"575-813",0.573896380470916,0.426103619529084
"isoquant","TPM","isoB11","isoB112",0.596281382854024,2.50314297180381,10.2745857333318,8.19538565416613,9.25533078303635,"813-1597",0.270454188022291,0.729545811977709
"isoquant","TPM","isoB11","isoB113",0.62001502940775,3.36600827462322,10.2745857333318,8.19538565416613,9.41842017762234,"1597-2528",0.35738565610193,0.64261434389807
"isoquant","TPM","isoB11","isoB113",0.553838107160515,7.5557751973579,10.2745857333318,8.19538565416613,9.31196563930357,"191-575",0.811404969694774,0.188595030305226
"isoquant","TPM","isoB11","isoB113",0.19704989050648,5.29505691198087,10.2745857333318,8.19538565416613,9.33688359577145,"575-813",0.567111805311456,0.432888194688544
"isoquant","TPM","isoB11","isoB113",0.57935636543677,2.49560996196824,10.2745857333318,8.19538565416613,9.25533078303635,"813-1597",0.269640277637869,0.730359722362131
"isoquant","cqn","E3","E31",0.599958990171399,3.59173375134471,10.941345882157,6.09156234168924,8.16963762182738,"1597-2528",0.439644194468116,0.560355805531884
"isoquant","cqn","E3","E31",0.017904249153896,6.57497712962948,10.941345882157,6.09156234168924,8.09259891597529,"191-575",0.81246793494857,0.18753206505143
"isoquant","cqn","E3","E31",0.566995168812195,4.54977948480453,10.941345882157,6.09156234168924,8.61798746156121,"575-813",0.527939905354689,0.472060094645311
"isoquant","cqn","E3","E31",0.686114167607141,2.47911285784282,10.941345882157,6.09156234168924,8.82151092424315,"813-1597",0.281030412945446,0.718969587054554
"isoquant","cqn","E3","E32",0.599958990171399,3.57590461549724,10.941345882157,6.09156234168924,8.16963762182738,"1597-2528",0.437706637800342,0.562293362199658
"isoquant","cqn","E3","E32",0.017904249153896,6.53632805253888,10.941345882157,6.09156234168924,8.09259891597529,"191-575",0.807692080184002,0.192307919815998
"isoquant","cqn","E3","E32",0.638187387317762,4.2648270454645,10.941345882157,6.09156234168924,8.61798746156121,"575-813",0.494875058067432,0.505124941932568
"isoquant","cqn","E3","E32",0.703039185024395,2.46306779219755,10.941345882157,6.09156234168924,8.82151092424315,"813-1597",0.27921155608713,0.72078844391287
"isoquant","cqn","E3","E33",0.599958990171399,3.62790568798796,10.941345882157,6.09156234168924,8.16963762182738,"1597-2528",0.444071800479258,0.555928199520742
"isoquant","cqn","E3","E33",0.017904249153896,6.55642066717419,10.941345882157,6.09156234168924,8.09259891597529,"191-575",0.810174918496382,0.189825081503618
"isoquant","cqn","E3","E33",0.58769779703668,4.32089572837789,10.941345882157,6.09156234168924,8.61798746156121,"575-813",0.501381064622149,0.498618935377851
"isoquant","cqn","E3","E33",0.669189150189887,2.504180851186,10.941345882157,6.09156234168924,8.82151092424315,"813-1597",0.283872102261308,0.716127897738692
"isoquant","cqn","isoB11","isoB111",0.632746344179983,3.39416701590087,10.2745857333318,8.19538565416613,9.41842017762234,"1597-2528",0.360375408177821,0.639624591822179
"isoquant","cqn","isoB11","isoB111",0.544289174278437,7.7025707430265,10.2745857333318,8.19538565416613,9.31196563930357,"191-575",0.827169154331476,0.172830845668524
"isoquant","cqn","isoB11","isoB111",0.177980546263918,6.07783062122014,10.2745857333318,8.19538565416613,9.33688359577145,"575-813",0.650948526762474,0.349051473237526
"isoquant","cqn","isoB11","isoB111",0.505146673684195,2.54596168989619,10.2745857333318,8.19538565416613,9.25533078303635,"813-1597",0.275080572437514,0.724919427562486
"isoquant","cqn","isoB11","isoB112",0.607283714635517,3.41311428074389,10.2745857333318,8.19538565416613,9.41842017762234,"1597-2528",0.362387132488871,0.637612867511129
"isoquant","cqn","isoB11","isoB112",0.553838107160515,7.67987924623624,10.2745857333318,8.19538565416613,9.31196563930357,"191-575",0.824732343708541,0.175267656291459
"isoquant","cqn","isoB11","isoB112",0.156368622789013,6.03897659501339,10.2745857333318,8.19538565416613,9.33688359577145,"575-813",0.646787178298802,0.353212821701198
"isoquant","cqn","isoB11","isoB112",0.596281382854024,2.53187503552481,10.2745857333318,8.19538565416613,9.25533078303635,"813-1597",0.273558568016323,0.726441431983677
"isoquant","cqn","isoB11","isoB113",0.62001502940775,3.40934148456193,10.2745857333318,8.19538565416613,9.41842017762234,"1597-2528",0.361986556159635,0.638013443840365
"isoquant","cqn","isoB11","isoB113",0.553838107160515,7.79521771236922,10.2745857333318,8.19538565416613,9.31196563930357,"191-575",0.83711839307777,0.16288160692223
"isoquant","cqn","isoB11","isoB113",0.184564430574821,5.97994984253808,10.2745857333318,8.19538565416613,9.33688359577145,"575-813",0.640465288144571,0.359534711855429
"isoquant","cqn","isoB11","isoB113",0.55071402826911,2.5116376670903,10.2745857333318,8.19538565416613,9.25533078303635,"813-1597",0.271372004520223,0.728627995479777
"isoquant","ratio_counts","E3","E31",0.570641364876486,4.32744881387847,10.4689195471999,6.33247384861126,8.55501149411231,"1597-2528",0.505837872556534,0.494162127443466
"isoquant","ratio_counts","E3","E31",0.610835246179683,7.70387660494107,10.4689195471999,6.33247384861126,8.60856630373646,"191-575",0.894908203424916,0.105091796575084
"isoquant","ratio_counts","E3","E31",0.715003603912489,5.64833173134513,10.4689195471999,6.33247384861126,8.87680639400666,"575-813",0.636302233104769,0.363697766895231
"isoquant","ratio_counts","E3","E31",0.785060423277241,2.41117629239741,10.4689195471999,6.33247384861126,9.34494444100298,"813-1597",0.258019328806049,0.741980671193951
"isoquant","ratio_counts","E3","E32",0.555339250064156,4.32999889356982,10.4689195471999,6.33247384861126,8.55501149411231,"1597-2528",0.506135952774557,0.493864047225443
"isoquant","ratio_counts","E3","E32",0.44038582807942,7.55916423487875,10.4689195471999,6.33247384861126,8.60856630373646,"191-575",0.878097928060073,0.121902071939927
"isoquant","ratio_counts","E3","E32",0.759527593998423,5.12841955229067,10.4689195471999,6.33247384861126,8.87680639400666,"575-813",0.577732500255184,0.422267499744816
"isoquant","ratio_counts","E3","E32",0.751210388442733,2.4136402542762,10.4689195471999,6.33247384861126,9.34494444100298,"813-1597",0.258282996706307,0.741717003293693
"isoquant","ratio_counts","E3","E33",0.555339250064156,4.32809636712137,10.4689195471999,6.33247384861126,8.55501149411231,"1597-2528",0.505913565411341,0.494086434588659
"isoquant","ratio_counts","E3","E33",0.44038582807942,7.56435146053668,10.4689195471999,6.33247384861126,8.60856630373646,"191-575",0.878700493629636,0.121299506370364
"isoquant","ratio_counts","E3","E33",0.723321203665881,4.9250688890542,10.4689195471999,6.33247384861126,8.87680639400666,"575-813",0.554824412119594,0.445175587880406
"isoquant","ratio_counts","E3","E33",0.785060423277241,2.40657461158843,10.4689195471999,6.33247384861126,9.34494444100298,"813-1597",0.257526904176022,0.742473095823978
"isoquant","ratio_counts","isoB11","isoB111",0.805887615038892,3.37512688126824,10.0555810987913,7.26296412477678,9.34367466139042,"1597-2528",0.361220505163221,0.638779494836779
"isoquant","ratio_counts","isoB11","isoB111",0.421346663421685,7.06965553107947,10.0555810987913,7.26296412477678,9.3678096345256,"191-575",0.754675405126065,0.245324594873935
"isoquant","ratio_counts","isoB11","isoB111",0.44851846047727,4.4621531412365,10.0555810987913,7.26296412477678,9.13556702674271,"575-813",0.488437458580771,0.511562541419229
"isoquant","ratio_counts","isoB11","isoB111",0.782456574443818,2.36036415312046,10.0555810987913,7.26296412477678,9.3185189434771,"813-1597",0.253298208378134,0.746701791621866
"isoquant","ratio_counts","isoB11","isoB112",0.790670224983083,3.36138455925865,10.0555810987913,7.26296412477678,9.34367466139042,"1597-2528",0.359749743122846,0.640250256877154
"isoquant","ratio_counts","isoB11","isoB112",0.421346663421685,7.06999661493382,10.0555810987913,7.26296412477678,9.3678096345256,"191-575",0.75471181532948,0.24528818467052
"isoquant","ratio_counts","isoB11","isoB112",0.404270097942327,4.10569839809639,10.0555810987913,7.26296412477678,9.13556702674271,"575-813",0.449419109517527,0.550580890482473
"isoquant","ratio_counts","isoB11","isoB112",0.816306609278325,2.36057443043026,10.0555810987913,7.26296412477678,9.3185189434771,"813-1597",0.253320773907172,0.746679226092829
"isoquant","ratio_counts","isoB11","isoB113",0.745018054815655,3.35967091623728,10.0555810987913,7.26296412477678,9.34367466139042,"1597-2528",0.359566341722062,0.640433658277938
"isoquant","ratio_counts","isoB11","isoB113",0.421346663421685,7.07988620801787,10.0555810987913,7.26296412477678,9.3678096345256,"191-575",0.755767514950831,0.244232485049169
"isoquant","ratio_counts","isoB11","isoB113",0.353418513295494,4.10701363688601,10.0555810987913,7.26296412477678,9.13556702674271,"575-813",0.449563078554782,0.550436921445218
"isoquant","ratio_counts","isoB11","isoB113",0.917856713781849,2.37469052320632,10.0555810987913,7.26296412477678,9.3185189434771,"813-1597",0.254835616862547,0.745164383137453
"kallisto","CPM","E3","E31",0.92490140482668,1.06213150048379,10.941345882157,6.09156234168924,8.16963762182738,"1597-2528",0.130009622170513,0.869990377829487
"kallisto","CPM","E3","E31",0.610835246179683,7.45938761835843,10.941345882157,6.09156234168924,8.09259891597529,"191-575",0.921754271502711,0.0782457284972887
"kallisto","CPM","E3","E31",0.623508062658223,5.51730381003075,10.941345882157,6.09156234168924,8.61798746156121,"575-813",0.640207917990083,0.359792082009917
"kallisto","CPM","E3","E31",0.825420080195308,1.00675208425039,10.941345882157,6.09156234168924,8.82151092424315,"813-1597",0.114124676928489,0.885875323071511
"kallisto","CPM","E3","E32",0.925468655051626,1.04081778751861,10.941345882157,6.09156234168924,8.16963762182738,"1597-2528",0.127400728857029,0.872599271142971
"kallisto","CPM","E3","E32",0.44038582807942,7.32733148980647,10.941345882157,6.09156234168924,8.09259891597529,"191-575",0.90543613564511,0.0945638643548896
"kallisto","CPM","E3","E32",0.665177103624758,5.31472621372254,10.941345882157,6.09156234168924,8.61798746156121,"575-813",0.616701548642047,0.383298451357953
"kallisto","CPM","E3","E32",0.842345097612562,0.95418092172229,10.941345882157,6.09156234168924,8.82151092424315,"813-1597",0.108165248551699,0.891834751448301
"kallisto","CPM","E3","E33",0.92490140482668,1.2692644954759,10.941345882157,6.09156234168924,8.16963762182738,"1597-2528",0.155363622504469,0.844636377495531
"kallisto","CPM","E3","E33",0.44038582807942,7.39664001636116,10.941345882157,6.09156234168924,8.09259891597529,"191-575",0.914000569305337,0.0859994306946634
"kallisto","CPM","E3","E33",0.603928764205044,5.23375056900782,10.941345882157,6.09156234168924,8.61798746156121,"575-813",0.607305428599415,0.392694571400585
"kallisto","CPM","E3","E33",0.803287365111207,1.17397372151339,10.941345882157,6.09156234168924,8.82151092424315,"813-1597",0.133080798923809,0.866919201076191
"kallisto","CPM","isoB11","isoB111",0.760865977535279,1.17104477958535,10.2745857333318,8.19538565416613,9.41842017762234,"1597-2528",0.124335584684116,0.875664415315884
"kallisto","CPM","isoB11","isoB111",0.553838107160515,7.91053375455208,10.2745857333318,8.19538565416613,9.31196563930357,"191-575",0.849502034367869,0.150497965632131
"kallisto","CPM","isoB11","isoB111",0.367585930257611,5.6829279166799,10.2745857333318,8.19538565416613,9.33688359577145,"575-813",0.608653611067146,0.391346388932854
"kallisto","CPM","isoB11","isoB111",0.634037190938668,1.19857220849265,10.2745857333318,8.19538565416613,9.25533078303635,"813-1597",0.129500742500684,0.870499257499316
"kallisto","CPM","isoB11","isoB112",0.73796365714124,1.1787235794848,10.2745857333318,8.19538565416613,9.41842017762234,"1597-2528",0.125150880641892,0.874849119358108
"kallisto","CPM","isoB11","isoB112",0.554182855470999,7.85676807921675,10.2745857333318,8.19538565416613,9.31196563930357,"191-575",0.843728207721817,0.156271792278183
"kallisto","CPM","isoB11","isoB112",0.354888661509507,5.60244965615285,10.2745857333318,8.19538565416613,9.33688359577145,"575-813",0.6000342189861,0.3999657810139
"kallisto","CPM","isoB11","isoB112",0.634037190938668,1.12218425407146,10.2745857333318,8.19538565416613,9.25533078303635,"813-1597",0.121247341708008,0.878752658291992
"kallisto","CPM","isoB11","isoB113",0.73796365714124,1.18613428248401,10.2745857333318,8.19538565416613,9.41842017762234,"1597-2528",0.125937711432985,0.874062288567015
"kallisto","CPM","isoB11","isoB113",0.554182855470999,8.00728481883441,10.2745857333318,8.19538565416613,9.31196563930357,"191-575",0.859892006585332,0.140107993414668
"kallisto","CPM","isoB11","isoB113",0.4022564089085,5.52468598975641,10.2745857333318,8.19538565416613,9.33688359577145,"575-813",0.591705565683443,0.408294434316557
"kallisto","CPM","isoB11","isoB113",0.627527568855108,1.06893929511921,10.2745857333318,8.19538565416613,9.25533078303635,"813-1597",0.115494445328569,0.884505554671431
"kallisto","EDA","E3","E31",0.907041239767958,1.0529367621725,10.941345882157,6.09156234168924,8.16963762182738,"1597-2528",0.1288841452844,0.8711158547156
"kallisto","EDA","E3","E31",0.610835246179683,7.36963865340489,10.941345882157,6.09156234168924,8.09259891597529,"191-575",0.910664019052862,0.0893359809471376
"kallisto","EDA","E3","E31",0.645544730153421,5.33608468535351,10.941345882157,6.09156234168924,8.61798746156121,"575-813",0.619179908204095,0.380820091795905
"kallisto","EDA","E3","E31",0.842345097612562,0.937549335763222,10.941345882157,6.09156234168924,8.82151092424315,"813-1597",0.106279904181342,0.893720095818658
"kallisto","EDA","E3","E32",0.92490140482668,1.05189843045393,10.941345882157,6.09156234168924,8.16963762182738,"1597-2528",0.128757048861446,0.871242951138554
"kallisto","EDA","E3","E32",0.44038582807942,7.24185751501377,10.941345882157,6.09156234168924,8.09259891597529,"191-575",0.894874142436233,0.105125857563767
"kallisto","EDA","E3","E32",0.684432966909651,5.17850690187785,10.941345882157,6.09156234168924,8.61798746156121,"575-813",0.600895153883147,0.399104846116853
"kallisto","EDA","E3","E32",0.842345097612562,0.899372917059364,10.941345882157,6.09156234168924,8.82151092424315,"813-1597",0.101952253393205,0.898047746606795
"kallisto","EDA","E3","E33",0.92490140482668,1.23460904559468,10.941345882157,6.09156234168924,8.16963762182738,"1597-2528",0.151121641221404,0.848878358778596
"kallisto","EDA","E3","E33",0.44038582807942,7.273879881552,10.941345882157,6.09156234168924,8.09259891597529,"191-575",0.898831136582454,0.101168863417546
"kallisto","EDA","E3","E33",0.593345900773629,4.92009839648785,10.941345882157,6.09156234168924,8.61798746156121,"575-813",0.570910368393196,0.429089631606804
"kallisto","EDA","E3","E33",0.796777743027648,1.06729958554188,10.941345882157,6.09156234168924,8.82151092424315,"813-1597",0.120988297209806,0.879011702790194
"kallisto","EDA","isoB11","isoB111",0.760865977535279,1.14085594005345,10.2745857333318,8.19538565416613,9.41842017762234,"1597-2528",0.121130287090404,0.878869712909596
"kallisto","EDA","isoB11","isoB111",0.553838107160515,7.61575898264646,10.2745857333318,8.19538565416613,9.31196563930357,"191-575",0.817846551162321,0.182153448837679
"kallisto","EDA","isoB11","isoB111",0.389566932286781,5.21177329833827,10.2745857333318,8.19538565416613,9.33688359577145,"575-813",0.558191953972587,0.441808046027413
"kallisto","EDA","isoB11","isoB111",0.644452586272362,1.0391117107112,10.2745857333318,8.19538565416613,9.25533078303635,"813-1597",0.112271698880362,0.887728301119638
"kallisto","EDA","isoB11","isoB112",0.73796365714124,1.15587905671043,10.2745857333318,8.19538565416613,9.41842017762234,"1597-2528",0.122725365285437,0.877274634714563
"kallisto","EDA","isoB11","isoB112",0.553838107160515,7.56275169556095,10.2745857333318,8.19538565416613,9.31196563930357,"191-575",0.812154166853923,0.187845833146077
"kallisto","EDA","isoB11","isoB112",0.351498502421623,5.1471553227792,10.2745857333318,8.19538565416613,9.33688359577145,"575-813",0.551271231989042,0.448728768010958
"kallisto","EDA","isoB11","isoB112",0.706944958274531,0.980195685956054,10.2745857333318,8.19538565416613,9.25533078303635,"813-1597",0.10590606742577,0.89409393257423
"kallisto","EDA","isoB11","isoB113",0.73796365714124,1.16610499737797,10.2745857333318,8.19538565416613,9.41842017762234,"1597-2528",0.12381110370809,0.87618889629191
"kallisto","EDA","isoB11","isoB113",0.553838107160515,7.7201253985808,10.2745857333318,8.19538565416613,9.31196563930357,"191-575",0.829054326188232,0.170945673811768
"kallisto","EDA","isoB11","isoB113",0.370532717354202,5.0949355128137,10.2745857333318,8.19538565416613,9.33688359577145,"575-813",0.545678379788426,0.454321620211574
"kallisto","EDA","isoB11","isoB113",0.661377603689616,0.943949423967326,10.2745857333318,8.19538565416613,9.25533078303635,"813-1597",0.101989809558989,0.898010190441011
"kallisto","TPM","E3","E31",0.935107213431664,0.91860524790274,10.941345882157,6.09156234168924,8.16963762182738,"1597-2528",0.112441370159239,0.887558629840761
"kallisto","TPM","E3","E31",0.610835246179683,7.31461694430268,10.941345882157,6.09156234168924,8.09259891597529,"191-575",0.903865003103413,0.0961349968965867
"kallisto","TPM","E3","E31",0.645544730153421,5.15108562211018,10.941345882157,6.09156234168924,8.61798746156121,"575-813",0.597713288060067,0.402286711939933
"kallisto","TPM","E3","E31",0.842345097612562,0.949055646021679,10.941345882157,6.09156234168924,8.82151092424315,"813-1597",0.107584251062196,0.892415748937804
"kallisto","TPM","E3","E32",0.935107213431664,0.878748703725699,10.941345882157,6.09156234168924,8.16963762182738,"1597-2528",0.107562751789368,0.892437248210632
"kallisto","TPM","E3","E32",0.44038582807942,7.16612092806449,10.941345882157,6.09156234168924,8.09259891597529,"191-575",0.885515395297563,0.114484604702437
"kallisto","TPM","E3","E32",0.684432966909651,4.94023561236808,10.941345882157,6.09156234168924,8.61798746156121,"575-813",0.573247017868499,0.426752982131501
"kallisto","TPM","E3","E32",0.842345097612562,0.963494408923343,10.941345882157,6.09156234168924,8.82151092424315,"813-1597",0.109221018621139,0.890778981378861
"kallisto","TPM","E3","E33",0.935107213431664,1.13157225582228,10.941345882157,6.09156234168924,8.16963762182738,"1597-2528",0.138509479637013,0.861490520362987
"kallisto","TPM","E3","E33",0.44038582807942,7.21420933495048,10.941345882157,6.09156234168924,8.09259891597529,"191-575",0.891457665189509,0.108542334810491
"kallisto","TPM","E3","E33",0.593345900773629,4.7018947127009,10.941345882157,6.09156234168924,8.61798746156121,"575-813",0.545590804543723,0.454409195456277
"kallisto","TPM","E3","E33",0.825420080195308,1.04488509699778,10.941345882157,6.09156234168924,8.82151092424315,"813-1597",0.118447407249277,0.881552592750723
"kallisto","TPM","isoB11","isoB111",0.741780710540247,1.07478872768118,10.2745857333318,8.19538565416613,9.41842017762234,"1597-2528",0.114115606164484,0.885884393835516
"kallisto","TPM","isoB11","isoB111",0.553838107160515,7.49619962842885,10.2745857333318,8.19538565416613,9.31196563930357,"191-575",0.805007226056461,0.194992773943539
"kallisto","TPM","isoB11","isoB111",0.4022564089085,4.93800257384503,10.2745857333318,8.19538565416613,9.33688359577145,"575-813",0.528870529785911,0.471129470214089
"kallisto","TPM","isoB11","isoB111",0.690019940857277,0.965603330499408,10.2745857333318,8.19538565416613,9.25533078303635,"813-1597",0.104329424105426,0.895670575894574
"kallisto","TPM","isoB11","isoB112",0.73796365714124,1.08374314132475,10.2745857333318,8.19538565416613,9.41842017762234,"1597-2528",0.115066340308289,0.884933659691711
"kallisto","TPM","isoB11","isoB112",0.553838107160515,7.45093917322945,10.2745857333318,8.19538565416613,9.31196563930357,"191-575",0.80014676404956,0.19985323595044
"kallisto","TPM","isoB11","isoB112",0.351498502421623,4.86933491255897,10.2745857333318,8.19538565416613,9.33688359577145,"575-813",0.521516077887511,0.478483922112489
"kallisto","TPM","isoB11","isoB112",0.718662278024937,0.916716855311139,10.2745857333318,8.19538565416613,9.25533078303635,"813-1597",0.0990474437706046,0.900952556229395
"kallisto","TPM","isoB11","isoB113",0.718878390146208,1.08968265401253,10.2745857333318,8.19538565416613,9.41842017762234,"1597-2528",0.115696967587149,0.884303032412851
"kallisto","TPM","isoB11","isoB113",0.553838107160515,7.58742104013548,10.2745857333318,8.19538565416613,9.31196563930357,"191-575",0.814803376003751,0.185196623996249
"kallisto","TPM","isoB11","isoB113",0.370532717354202,4.79227259215865,10.2745857333318,8.19538565416613,9.33688359577145,"575-813",0.513262540225842,0.486737459774158
"kallisto","TPM","isoB11","isoB113",0.673094923440023,0.890598199406383,10.2745857333318,8.19538565416613,9.25533078303635,"813-1597",0.0962254316224675,0.903774568377532
"kallisto","cqn","E3","E31",0.92490140482668,1.04685766607025,10.941345882157,6.09156234168924,8.16963762182738,"1597-2528",0.128140036869357,0.871859963130643
"kallisto","cqn","E3","E31",0.0179153940346228,6.63915349902678,10.941345882157,6.09156234168924,8.09259891597529,"191-575",0.820398189501358,0.179601810498642
"kallisto","cqn","E3","E31",0.561219278666197,4.29311404274549,10.941345882157,6.09156234168924,8.61798746156121,"575-813",0.498157378610036,0.501842621389964
"kallisto","cqn","E3","E31",0.842345097612562,0.900328165833209,10.941345882157,6.09156234168924,8.82151092424315,"813-1597",0.102060539692689,0.897939460307311
"kallisto","cqn","E3","E32",0.92490140482668,1.06178965262878,10.941345882157,6.09156234168924,8.16963762182738,"1597-2528",0.129967778471829,0.870032221528171
"kallisto","cqn","E3","E32",0.017904249153896,6.56873493165119,10.941345882157,6.09156234168924,8.09259891597529,"191-575",0.811696588432686,0.188303411567314
"kallisto","cqn","E3","E32",0.65223909835637,4.08538736309322,10.941345882157,6.09156234168924,8.61798746156121,"575-813",0.47405352831102,0.52594647168898
"kallisto","cqn","E3","E32",0.842345097612562,0.83040931033306,10.941345882157,6.09156234168924,8.82151092424315,"813-1597",0.0941345895804472,0.905865410419553
"kallisto","cqn","E3","E33",0.92490140482668,1.17286008505887,10.941345882157,6.09156234168924,8.16963762182738,"1597-2528",0.143563293667427,0.856436706332573
"kallisto","cqn","E3","E33",0.017904249153896,6.65336129809924,10.941345882157,6.09156234168924,8.09259891597529,"191-575",0.82215384293482,0.17784615706518
"kallisto","cqn","E3","E33",0.571026447977366,4.27596778699404,10.941345882157,6.09156234168924,8.61798746156121,"575-813",0.496167789297226,0.503832210702774
"kallisto","cqn","E3","E33",0.808495062778054,0.998125603194081,10.941345882157,6.09156234168924,8.82151092424315,"813-1597",0.113146785371092,0.886853214628908
"kallisto","cqn","isoB11","isoB111",0.741780710540247,1.13505642888533,10.2745857333318,8.19538565416613,9.41842017762234,"1597-2528",0.120514524461561,0.879485475538439
"kallisto","cqn","isoB11","isoB111",0.553838107160515,7.46230917268213,10.2745857333318,8.19538565416613,9.31196563930357,"191-575",0.801367773650872,0.198632226349128
"kallisto","cqn","isoB11","isoB111",0.383222193975921,4.96799380742861,10.2745857333318,8.19538565416613,9.33688359577145,"575-813",0.532082654396435,0.467917345603565
"kallisto","cqn","isoB11","isoB111",0.627527568855108,0.988006870209694,10.2745857333318,8.19538565416613,9.25533078303635,"813-1597",0.106750033399191,0.893249966600809
"kallisto","cqn","isoB11","isoB112",0.760865977535279,1.15599792508983,10.2745857333318,8.19538565416613,9.41842017762234,"1597-2528",0.122737986125998,0.877262013874002
"kallisto","cqn","isoB11","isoB112",0.553838107160515,7.43992463819532,10.2745857333318,8.19538565416613,9.31196563930357,"191-575",0.798963927314463,0.201036072685537
"kallisto","cqn","isoB11","isoB112",0.361650083718999,4.96823104191578,10.2745857333318,8.19538565416613,9.33688359577145,"575-813",0.532108062712255,0.467891937287745
"kallisto","cqn","isoB11","isoB112",0.67830262110687,0.930624963471205,10.2745857333318,8.19538565416613,9.25533078303635,"813-1597",0.100550157016203,0.899449842983797
"kallisto","cqn","isoB11","isoB113",0.741780710540247,1.17361013921299,10.2745857333318,8.19538565416613,9.41842017762234,"1597-2528",0.124607961534932,0.875392038465068
"kallisto","cqn","isoB11","isoB113",0.553838107160515,7.56403375367859,10.2745857333318,8.19538565416613,9.31196563930357,"191-575",0.812291845424409,0.187708154575591
"kallisto","cqn","isoB11","isoB113",0.351498502421623,4.99054929651432,10.2745857333318,8.19538565416613,9.33688359577145,"575-813",0.534498395029201,0.465501604970799
"kallisto","cqn","isoB11","isoB113",0.661377603689616,0.907778264068896,10.2745857333318,8.19538565416613,9.25533078303635,"813-1597",0.0980816661607296,0.90191833383927
"kallisto","ratio_counts","E3","E31",0.911216430401662,0.528495579483104,10.4689195471999,6.33247384861126,8.55501149411231,"1597-2528",0.061776139032288,0.938223860967712
"kallisto","ratio_counts","E3","E31",0.610835246179683,7.70601507232606,10.4689195471999,6.33247384861126,8.60856630373646,"191-575",0.895156614984929,0.104843385015071
"kallisto","ratio_counts","E3","E31",0.733691400134209,4.88632672243219,10.4689195471999,6.33247384861126,8.87680639400666,"575-813",0.550459985894396,0.449540014105604
"kallisto","ratio_counts","E3","E31",0.941291353282662,0.341728193399645,10.4689195471999,6.33247384861126,9.34494444100298,"813-1597",0.0365682423857159,0.963431757614284
"kallisto","ratio_counts","E3","E32",0.896008367585501,0.578201297160052,10.4689195471999,6.33247384861126,8.55501149411231,"1597-2528",0.0675862677166452,0.932413732283355
"kallisto","ratio_counts","E3","E32",0.44038582807942,7.55968565853953,10.4689195471999,6.33247384861126,8.60856630373646,"191-575",0.878158498385303,0.121841501614697
"kallisto","ratio_counts","E3","E32",0.827023168349161,4.5529551501993,10.4689195471999,6.33247384861126,8.87680639400666,"575-813",0.512904635756539,0.487095364243461
"kallisto","ratio_counts","E3","E32",0.890516301030901,0.358005452865175,10.4689195471999,6.33247384861126,9.34494444100298,"813-1597",0.0383100675584916,0.961689932441508
"kallisto","ratio_counts","E3","E33",0.896008367585501,0.462144399381915,10.4689195471999,6.33247384861126,8.55501149411231,"1597-2528",0.054020313087828,0.945979686912172
"kallisto","ratio_counts","E3","E33",0.44038582807942,7.56968089188413,10.4689195471999,6.33247384861126,8.60856630373646,"191-575",0.879319578290126,0.120680421709874
"kallisto","ratio_counts","E3","E33",0.7528474870031,4.04747778917959,10.4689195471999,6.33247384861126,8.87680639400666,"575-813",0.455961030299401,0.544038969700599
"kallisto","ratio_counts","E3","E33",0.941291353282662,0.305891792369829,10.4689195471999,6.33247384861126,9.34494444100298,"813-1597",0.0327333987163864,0.967266601283614
"kallisto","ratio_counts","isoB11","isoB111",0.908681753265635,0.664612836635421,10.0555810987913,7.26296412477678,9.34367466139042,"1597-2528",0.0711297065363062,0.928870293463694
"kallisto","ratio_counts","isoB11","isoB111",0.421346663421685,7.07675057510776,10.0555810987913,7.26296412477678,9.3678096345256,"191-575",0.755432790716197,0.244567209283803
"kallisto","ratio_counts","isoB11","isoB111",0.647163307707682,3.30477595218909,10.0555810987913,7.26296412477678,9.13556702674271,"575-813",0.361748312120634,0.638251687879366
"kallisto","ratio_counts","isoB11","isoB111",0.721266126858361,0.593042716347987,10.0555810987913,7.26296412477678,9.3185189434771,"813-1597",0.0636413060857823,0.936358693914218
"kallisto","ratio_counts","isoB11","isoB112",0.896008367585501,0.607093435060719,10.0555810987913,7.26296412477678,9.34367466139042,"1597-2528",0.0649737343241763,0.935026265675824
"kallisto","ratio_counts","isoB11","isoB112",0.395087097995971,7.07681962732601,10.0555810987913,7.26296412477678,9.3678096345256,"191-575",0.755440161939668,0.244559838060332
"kallisto","ratio_counts","isoB11","isoB112",0.637011726410306,3.30843886925644,10.0555810987913,7.26296412477678,9.13556702674271,"575-813",0.362149263375945,0.637850736624055
"kallisto","ratio_counts","isoB11","isoB112",0.822816231361885,0.597970909817726,10.0555810987913,7.26296412477678,9.3185189434771,"813-1597",0.0641701662511832,0.935829833748817
"kallisto","ratio_counts","isoB11","isoB113",0.896008367585501,0.606226635534355,10.0555810987913,7.26296412477678,9.34367466139042,"1597-2528",0.0648809657338971,0.935119034266103
"kallisto","ratio_counts","isoB11","isoB113",0.421346663421685,7.09133590462123,10.0555810987913,7.26296412477678,9.3678096345256,"191-575",0.75698975334487,0.24301024665513
"kallisto","ratio_counts","isoB11","isoB113",0.555799076031303,3.30558794990591,10.0555810987913,7.26296412477678,9.13556702674271,"575-813",0.361837195242441,0.638162804757559
"kallisto","ratio_counts","isoB11","isoB113",0.941291353282662,0.641986894046819,10.0555810987913,7.26296412477678,9.3185189434771,"813-1597",0.0688936619586104,0.93110633804139
"oarfish","CPM","E3","E31",0.662507906167992,3.20848997860061,10.941345882157,6.09156234168924,8.16963762182738,"1597-2528",0.392733451240024,0.607266548759976
"oarfish","CPM","E3","E31",0.610835246179683,7.45547462478586,10.941345882157,6.09156234168924,8.09259891597529,"191-575",0.921270744070647,0.0787292559293533
"oarfish","CPM","E3","E31",0.658344852237388,5.64526648282701,10.941345882157,6.09156234168924,8.61798746156121,"575-813",0.655056242307914,0.344943757692086
"oarfish","CPM","E3","E31",0.825420080195308,1.01739724732102,10.941345882157,6.09156234168924,8.82151092424315,"813-1597",0.115331404796544,0.884668595203456
"oarfish","CPM","E3","E32",0.662507906167992,3.2015379607,10.941345882157,6.09156234168924,8.16963762182738,"1597-2528",0.391882493312339,0.608117506687661
"oarfish","CPM","E3","E32",0.44038582807942,7.32231421545517,10.941345882157,6.09156234168924,8.09259891597529,"191-575",0.904816152571267,0.0951838474287329
"oarfish","CPM","E3","E32",0.672766495882782,5.29580129249149,10.941345882157,6.09156234168924,8.61798746156121,"575-813",0.614505569439773,0.385494430560227
"oarfish","CPM","E3","E32",0.842345097612562,0.966469172035533,10.941345882157,6.09156234168924,8.82151092424315,"813-1597",0.10955823558292,0.89044176441708
"oarfish","CPM","E3","E33",0.662507906167992,3.28378672193056,10.941345882157,6.09156234168924,8.16963762182738,"1597-2528",0.401950107695969,0.598049892304031
"oarfish","CPM","E3","E33",0.44038582807942,7.37141827907443,10.941345882157,6.09156234168924,8.09259891597529,"191-575",0.910883926858503,0.0891160731414971
"oarfish","CPM","E3","E33",0.613762103811002,5.24329938340008,10.941345882157,6.09156234168924,8.61798746156121,"575-813",0.608413438379523,0.391586561620477
"oarfish","CPM","E3","E33",0.775946952360258,1.18608670631402,10.941345882157,6.09156234168924,8.82151092424315,"813-1597",0.134453917985232,0.865546082014768
"oarfish","CPM","isoB11","isoB111",0.69597606975217,1.20911434688639,10.2745857333318,8.19538565416613,9.41842017762234,"1597-2528",0.128377617910823,0.871622382089177
"oarfish","CPM","isoB11","isoB111",0.401916032182423,8.11883916207815,10.2745857333318,8.19538565416613,9.31196563930357,"191-575",0.871871683869889,0.128128316130111
"oarfish","CPM","isoB11","isoB111",0.385438165588991,5.83851204409763,10.2745857333318,8.19538565416613,9.33688359577145,"575-813",0.62531700049702,0.37468299950298
"oarfish","CPM","isoB11","isoB111",0.644452586272362,1.21153953667102,10.2745857333318,8.19538565416613,9.25533078303635,"813-1597",0.130901808381781,0.869098191618219
"oarfish","CPM","isoB11","isoB112",0.685797260688152,1.22505209720124,10.2745857333318,8.19538565416613,9.41842017762234,"1597-2528",0.130069807260447,0.869930192739553
"oarfish","CPM","isoB11","isoB112",0.412084531585523,8.06299292157914,10.2745857333318,8.19538565416613,9.31196563930357,"191-575",0.865874428009826,0.134125571990174
"oarfish","CPM","isoB11","isoB112",0.370532717354202,5.65029749559743,10.2745857333318,8.19538565416613,9.33688359577145,"575-813",0.60515882388813,0.39484117611187
"oarfish","CPM","isoB11","isoB112",0.644452586272362,1.13353400699914,10.2745857333318,8.19538565416613,9.25533078303635,"813-1597",0.122473635310446,0.877526364689554
"oarfish","CPM","isoB11","isoB113",0.656533184629103,1.23589931742409,10.2745857333318,8.19538565416613,9.41842017762234,"1597-2528",0.131221509989597,0.868778490010403
"oarfish","CPM","isoB11","isoB113",0.411809349897683,8.19690101242273,10.2745857333318,8.19538565416613,9.31196563930357,"191-575",0.880254645466643,0.119745354533357
"oarfish","CPM","isoB11","isoB113",0.40860114721936,5.54138089609272,10.2745857333318,8.19538565416613,9.33688359577145,"575-813",0.593493625496449,0.406506374503551
"oarfish","CPM","isoB11","isoB113",0.627527568855108,1.08340980156131,10.2745857333318,8.19538565416613,9.25533078303635,"813-1597",0.117057923369637,0.882942076630363
"oarfish","EDA","E3","E31",0.662507906167992,3.1960352296612,10.941345882157,6.09156234168924,8.16963762182738,"1597-2528",0.391208934545901,0.608791065454099
"oarfish","EDA","E3","E31",0.610835246179683,7.32411488117902,10.941345882157,6.09156234168924,8.09259891597529,"191-575",0.905038660290055,0.0949613397099454
"oarfish","EDA","E3","E31",0.680683899119694,5.39778873126705,10.941345882157,6.09156234168924,8.61798746156121,"575-813",0.626339821836919,0.373660178163081
"oarfish","EDA","E3","E31",0.842345097612562,0.918274772883204,10.941345882157,6.09156234168924,8.82151092424315,"813-1597",0.104094953888184,0.895905046111816
"oarfish","EDA","E3","E32",0.662507906167992,3.19289685862635,10.941345882157,6.09156234168924,8.16963762182738,"1597-2528",0.390824783965408,0.609175216034592
"oarfish","EDA","E3","E32",0.44038582807942,7.18517357110127,10.941345882157,6.09156234168924,8.09259891597529,"191-575",0.887869724634109,0.112130275365891
"oarfish","EDA","E3","E32",0.694803163377979,5.03734083700028,10.941345882157,6.09156234168924,8.61798746156121,"575-813",0.584514755848545,0.415485244151455
"oarfish","EDA","E3","E32",0.842345097612562,0.891970886266312,10.941345882157,6.09156234168924,8.82151092424315,"813-1597",0.101113164618434,0.898886835381566
"oarfish","EDA","E3","E33",0.662507906167992,3.26876070770301,10.941345882157,6.09156234168924,8.16963762182738,"1597-2528",0.400110856688385,0.599889143311615
"oarfish","EDA","E3","E33",0.44038582807942,7.22552124624349,10.941345882157,6.09156234168924,8.09259891597529,"191-575",0.892855474646083,0.107144525353917
"oarfish","EDA","E3","E33",0.615038116500837,4.86097050832104,10.941345882157,6.09156234168924,8.61798746156121,"575-813",0.564049382759306,0.435950617240694
"oarfish","EDA","E3","E33",0.79807966744436,1.0610307940926,10.941345882157,6.09156234168924,8.82151092424315,"813-1597",0.120277671614813,0.879722328385187
"oarfish","EDA","isoB11","isoB111",0.69597606975217,1.17984555592693,10.2745857333318,8.19538565416613,9.41842017762234,"1597-2528",0.125270006399818,0.874729993600182
"oarfish","EDA","isoB11","isoB111",0.411809349897683,7.86671976305817,10.2745857333318,8.19538565416613,9.31196563930357,"191-575",0.844796906235846,0.155203093764154
"oarfish","EDA","isoB11","isoB111",0.378844305618911,5.40937451289644,10.2745857333318,8.19538565416613,9.33688359577145,"575-813",0.579355462388572,0.420644537611428
"oarfish","EDA","isoB11","isoB111",0.673094923440023,1.05284934784858,10.2745857333318,8.19538565416613,9.25533078303635,"813-1597",0.113755993440915,0.886244006559086
"oarfish","EDA","isoB11","isoB112",0.685797260688152,1.19965377459673,10.2745857333318,8.19538565416613,9.41842017762234,"1597-2528",0.127373142413739,0.872626857586261
"oarfish","EDA","isoB11","isoB112",0.411809349897683,7.78703969586723,10.2745857333318,8.19538565416613,9.31196563930357,"191-575",0.836240166415564,0.163759833584436
"oarfish","EDA","isoB11","isoB112",0.351498502421623,5.14589320364803,10.2745857333318,8.19538565416613,9.33688359577145,"575-813",0.551136056358091,0.448863943641909
"oarfish","EDA","isoB11","isoB112",0.718662278024937,0.976041796167254,10.2745857333318,8.19538565416613,9.25533078303635,"813-1597",0.105457256909304,0.894542743090696
"oarfish","EDA","isoB11","isoB113",0.656533184629103,1.21146359906725,10.2745857333318,8.19538565416613,9.41842017762234,"1597-2528",0.12862704957097,0.871372950429031
"oarfish","EDA","isoB11","isoB113",0.411809349897683,7.91785124053404,10.2745857333318,8.19538565416613,9.31196563930357,"191-575",0.850287849765541,0.149712150234459
"oarfish","EDA","isoB11","isoB113",0.370532717354202,5.04285159677808,10.2745857333318,8.19538565416613,9.33688359577145,"575-813",0.540100082115399,0.459899917884601
"oarfish","EDA","isoB11","isoB113",0.673094923440023,0.939845804166487,10.2745857333318,8.19538565416613,9.25533078303635,"813-1597",0.101546430505659,0.898453569494341
"oarfish","TPM","E3","E31",0.662507906167992,3.16905954159501,10.941345882157,6.09156234168924,8.16963762182738,"1597-2528",0.387906990284124,0.612093009715876
"oarfish","TPM","E3","E31",0.610835246179683,7.31097900783823,10.941345882157,6.09156234168924,8.09259891597529,"191-575",0.903415464394993,0.0965845356050071
"oarfish","TPM","E3","E31",0.680683899119694,5.32301503785826,10.941345882157,6.09156234168924,8.61798746156121,"575-813",0.617663353723881,0.382336646276119
"oarfish","TPM","E3","E31",0.842345097612562,0.962394363530989,10.941345882157,6.09156234168924,8.82151092424315,"813-1597",0.109096318283317,0.890903681716683
"oarfish","TPM","E3","E32",0.662507906167992,3.15791983379602,10.941345882157,6.09156234168924,8.16963762182738,"1597-2528",0.386543440477554,0.613456559522446
"oarfish","TPM","E3","E32",0.44038582807942,7.16131767874747,10.941345882157,6.09156234168924,8.09259891597529,"191-575",0.884921859232463,0.115078140767537
"oarfish","TPM","E3","E32",0.694803163377979,4.91742137252505,10.941345882157,6.09156234168924,8.61798746156121,"575-813",0.570599736244478,0.429400263755522
"oarfish","TPM","E3","E32",0.842345097612562,0.977008234864642,10.941345882157,6.09156234168924,8.82151092424315,"813-1597",0.110752936005514,0.889247063994486
"oarfish","TPM","E3","E33",0.662507906167992,3.2387867250707,10.941345882157,6.09156234168924,8.16963762182738,"1597-2528",0.396441907829231,0.603558092170769
"oarfish","TPM","E3","E33",0.44038582807942,7.19254866683548,10.941345882157,6.09156234168924,8.09259891597529,"191-575",0.888781062982987,0.111218937017013
"oarfish","TPM","E3","E33",0.593345900773629,4.70656592412125,10.941345882157,6.09156234168924,8.61798746156121,"575-813",0.546132834970338,0.453867165029662
"oarfish","TPM","E3","E33",0.825420080195308,1.06032018768159,10.941345882157,6.09156234168924,8.82151092424315,"813-1597",0.120197117793918,0.879802882206082
"oarfish","TPM","isoB11","isoB111",0.69597606975217,1.10148629208379,10.2745857333318,8.19538565416613,9.41842017762234,"1597-2528",0.116950217903939,0.883049782096061
"oarfish","TPM","isoB11","isoB111",0.411809349897683,7.77081064816759,10.2745857333318,8.19538565416613,9.31196563930357,"191-575",0.834497349879478,0.165502650120522
"oarfish","TPM","isoB11","isoB111",0.378844305618911,5.16939967353846,10.2745857333318,8.19538565416613,9.33688359577145,"575-813",0.553653649048341,0.446346350951659
"oarfish","TPM","isoB11","isoB111",0.673094923440023,0.975642763647337,10.2745857333318,8.19538565416613,9.25533078303635,"813-1597",0.105414143105025,0.894585856894975
"oarfish","TPM","isoB11","isoB112",0.69597606975217,1.11903428198222,10.2745857333318,8.19538565416613,9.41842017762234,"1597-2528",0.118813374311011,0.881186625688989
"oarfish","TPM","isoB11","isoB112",0.411809349897683,7.72361972095574,10.2745857333318,8.19538565416613,9.31196563930357,"191-575",0.829429576968818,0.170570423031182
"oarfish","TPM","isoB11","isoB112",0.351498502421623,4.92307670887155,10.2745857333318,8.19538565416613,9.33688359577145,"575-813",0.527271938048059,0.472728061951941
"oarfish","TPM","isoB11","isoB112",0.718662278024937,0.92526355203403,10.2745857333318,8.19538565416613,9.25533078303635,"813-1597",0.0999708788074761,0.900029121192524
"oarfish","TPM","isoB11","isoB113",0.69597606975217,1.1306142891188,10.2745857333318,8.19538565416613,9.41842017762234,"1597-2528",0.120042880631411,0.879957119368589
"oarfish","TPM","isoB11","isoB113",0.411809349897683,7.84427145812791,10.2745857333318,8.19538565416613,9.31196563930357,"191-575",0.842386211673626,0.157613788326374
"oarfish","TPM","isoB11","isoB113",0.370532717354202,4.80891512144154,10.2745857333318,8.19538565416613,9.33688359577145,"575-813",0.51504499034554,0.48495500965446
"oarfish","TPM","isoB11","isoB113",0.701737260607683,0.902150588254571,10.2745857333318,8.19538565416613,9.25533078303635,"813-1597",0.0974736191933928,0.902526380806607
"oarfish","cqn","E3","E31",0.656998928945848,2.20997866845635,10.941345882157,6.09156234168924,8.16963762182738,"1597-2528",0.270511223478481,0.729488776521519
"oarfish","cqn","E3","E31",0.105398314905212,6.77231586345521,10.941345882157,6.09156234168924,8.09259891597529,"191-575",0.836853022591574,0.163146977408426
"oarfish","cqn","E3","E31",0.560874866679991,4.25305566783287,10.941345882157,6.09156234168924,8.61798746156121,"575-813",0.493509150112223,0.506490849887777
"oarfish","cqn","E3","E31",0.842345097612562,0.913662978711623,10.941345882157,6.09156234168924,8.82151092424315,"813-1597",0.103572164287719,0.896427835712281
"oarfish","cqn","E3","E32",0.656998928945848,2.19957187148221,10.941345882157,6.09156234168924,8.16963762182738,"1597-2528",0.269237385218343,0.730762614781657
"oarfish","cqn","E3","E32",0.105398314905212,6.72226649368199,10.941345882157,6.09156234168924,8.09259891597529,"191-575",0.830668437108853,0.169331562891147
"oarfish","cqn","E3","E32",0.631054256780769,4.06972757941076,10.941345882157,6.09156234168924,8.61798746156121,"575-813",0.472236423824351,0.527763576175649
"oarfish","cqn","E3","E32",0.842345097612562,0.848889029916558,10.941345882157,6.09156234168924,8.82151092424315,"813-1597",0.0962294370212311,0.903770562978769
"oarfish","cqn","E3","E33",0.656998928945848,2.31379766500818,10.941345882157,6.09156234168924,8.16963762182738,"1597-2528",0.283219130653513,0.716780869346487
"oarfish","cqn","E3","E33",0.105186742296605,6.77855928115387,10.941345882157,6.09156234168924,8.09259891597529,"191-575",0.837624519827936,0.162375480172064
"oarfish","cqn","E3","E33",0.581534908663163,4.26775637072709,10.941345882157,6.09156234168924,8.61798746156121,"575-813",0.495214966343657,0.504785033656343
"oarfish","cqn","E3","E33",0.796777743027648,1.04307355289213,10.941345882157,6.09156234168924,8.82151092424315,"813-1597",0.118242051939829,0.881757948060171
"oarfish","cqn","isoB11","isoB111",0.685797260688152,1.21326168510265,10.2745857333318,8.19538565416613,9.41842017762234,"1597-2528",0.128817961210235,0.871182038789765
"oarfish","cqn","isoB11","isoB111",0.401916032182423,7.87620211810691,10.2745857333318,8.19538565416613,9.31196563930357,"191-575",0.845815204135134,0.154184795864866
"oarfish","cqn","isoB11","isoB111",0.326119549178185,5.33686177847496,10.2745857333318,8.19538565416613,9.33688359577145,"575-813",0.571589195017056,0.428410804982944
"oarfish","cqn","isoB11","isoB111",0.627527568855108,1.12987110267176,10.2745857333318,8.19538565416613,9.25533078303635,"813-1597",0.122077873731174,0.877922126268825
"oarfish","cqn","isoB11","isoB112",0.675618451624135,1.22974658050811,10.2745857333318,8.19538565416613,9.41842017762234,"1597-2528",0.130568243645567,0.869431756354433
"oarfish","cqn","isoB11","isoB112",0.411809349897683,7.82974410794094,10.2745857333318,8.19538565416613,9.31196563930357,"191-575",0.840826138242335,0.159173861757665
"oarfish","cqn","isoB11","isoB112",0.351498502421623,5.26175624812304,10.2745857333318,8.19538565416613,9.33688359577145,"575-813",0.563545233712244,0.436454766287756
"oarfish","cqn","isoB11","isoB112",0.673094923440023,1.05079982016705,10.2745857333318,8.19538565416613,9.25533078303635,"813-1597",0.11353455049851,0.88646544950149
"oarfish","cqn","isoB11","isoB113",0.656533184629103,1.24540497449581,10.2745857333318,8.19538565416613,9.41842017762234,"1597-2528",0.132230772359766,0.867769227640234
"oarfish","cqn","isoB11","isoB113",0.412084531585523,7.94974328271354,10.2745857333318,8.19538565416613,9.31196563930357,"191-575",0.853712695111286,0.146287304888714
"oarfish","cqn","isoB11","isoB113",0.370532717354202,5.34627961980285,10.2745857333318,8.19538565416613,9.33688359577145,"575-813",0.572597865761559,0.427402134238441
"oarfish","cqn","isoB11","isoB113",0.673094923440023,1.00936271408536,10.2745857333318,8.19538565416613,9.25533078303635,"813-1597",0.109057443515187,0.890942556484813
"oarfish","ratio_counts","E3","E31",0.660054293670721,3.33585198829687,10.4689195471999,6.33247384861126,8.55501149411231,"1597-2528",0.389929574097317,0.610070425902683
"oarfish","ratio_counts","E3","E31",0.610835246179683,7.7085399394673,10.4689195471999,6.33247384861126,8.60856630373646,"191-575",0.895449912039532,0.104550087960468
"oarfish","ratio_counts","E3","E31",0.770040086648921,5.1217641019069,10.4689195471999,6.33247384861126,8.87680639400666,"575-813",0.576982742956403,0.423017257043597
"oarfish","ratio_counts","E3","E31",0.941291353282662,0.367665207127645,10.4689195471999,6.33247384861126,9.34494444100298,"813-1597",0.0393437552731115,0.960656244726888
"oarfish","ratio_counts","E3","E32",0.644836903614912,3.3400340964148,10.4689195471999,6.33247384861126,8.55501149411231,"1597-2528",0.390418423015966,0.609581576984034
"oarfish","ratio_counts","E3","E32",0.44038582807942,7.56055972060468,10.4689195471999,6.33247384861126,8.60856630373646,"191-575",0.878260032372997,0.121739967627003
"oarfish","ratio_counts","E3","E32",0.827023168349161,4.5452639498741,10.4689195471999,6.33247384861126,8.87680639400666,"575-813",0.512038197987839,0.487961802012161
"oarfish","ratio_counts","E3","E32",0.890516301030901,0.386306124167408,10.4689195471999,6.33247384861126,9.34494444100298,"813-1597",0.0413385148093985,0.958661485190601
"oarfish","ratio_counts","E3","E33",0.644836903614912,3.33675921161737,10.4689195471999,6.33247384861126,8.55501149411231,"1597-2528",0.390035619930351,0.609964380069649
"oarfish","ratio_counts","E3","E33",0.44038582807942,7.56623341596985,10.4689195471999,6.33247384861126,8.60856630373646,"191-575",0.878919107899047,0.121080892100953
"oarfish","ratio_counts","E3","E33",0.7528474870031,4.05115699586996,10.4689195471999,6.33247384861126,8.87680639400666,"575-813",0.456375504438755,0.543624495561245
"oarfish","ratio_counts","E3","E33",0.941291353282662,0.339650446420906,10.4689195471999,6.33247384861126,9.34494444100298,"813-1597",0.0363459032383987,0.963654096761601
"oarfish","ratio_counts","isoB11","isoB111",0.746462416559915,0.806875310676003,10.0555810987913,7.26296412477678,9.34367466139042,"1597-2528",0.0863552445816787,0.913644755418321
"oarfish","ratio_counts","isoB11","isoB111",0.228782972165379,7.464935951567,10.0555810987913,7.26296412477678,9.3678096345256,"191-575",0.796871012841096,0.203128987158904
"oarfish","ratio_counts","isoB11","isoB111",0.654714152327983,3.75440285499502,10.0555810987913,7.26296412477678,9.13556702674271,"575-813",0.410965498255848,0.589034501744152
"oarfish","ratio_counts","isoB11","isoB111",0.755116161692869,0.570012146422985,10.0555810987913,7.26296412477678,9.3185189434771,"813-1597",0.0611698221445362,0.938830177855464
"oarfish","ratio_counts","isoB11","isoB112",0.640005976846787,0.758919447597247,10.0555810987913,7.26296412477678,9.34367466139042,"1597-2528",0.0812228031368885,0.918777196863112
"oarfish","ratio_counts","isoB11","isoB112",0.255989595882343,7.46206369381666,10.0555810987913,7.26296412477678,9.3678096345256,"191-575",0.796564403520198,0.203435596479802
"oarfish","ratio_counts","isoB11","isoB112",0.637011726410306,3.33342099600591,10.0555810987913,7.26296412477678,9.13556702674271,"575-813",0.364883863940566,0.635116136059434
"oarfish","ratio_counts","isoB11","isoB112",0.822816231361885,0.578988752996019,10.0555810987913,7.26296412477678,9.3185189434771,"813-1597",0.0621331304371396,0.93786686956286
"oarfish","ratio_counts","isoB11","isoB113",0.793353943576413,0.747814865114096,10.0555810987913,7.26296412477678,9.34367466139042,"1597-2528",0.0800343432551422,0.919965656744858
"oarfish","ratio_counts","isoB11","isoB113",0.255989595882343,7.47823554975894,10.0555810987913,7.26296412477678,9.3678096345256,"191-575",0.798290725528567,0.201709274471433
"oarfish","ratio_counts","isoB11","isoB113",0.545647494733928,3.31264595565965,10.0555810987913,7.26296412477678,9.13556702674271,"575-813",0.362609780647712,0.637390219352288
"oarfish","ratio_counts","isoB11","isoB113",0.924366335865408,0.625933259272742,10.0555810987913,7.26296412477678,9.3185189434771,"813-1597",0.0671708951894003,0.9328291048106
