"Tool","Normalization","Condition","Sample","Correlation","RMSE","max_observed","min_observed","mean_expected","LengthQuantile","NRMSE","Similarity"
"bambu","CPM","E3","E31",0.618609990571681,2.87118456343267,10.941345882157,6.09156234168924,8.42061003793181,"All",0.340971087664554,0.659028912335446
"bambu","CPM","E3","E32",0.622075248289289,2.90971084531082,10.941345882157,6.09156234168924,8.42061003793181,"All",0.345546324102841,0.654453675897159
"bambu","CPM","E3","E33",0.628495033036772,2.89131492644534,10.941345882157,6.09156234168924,8.42061003793181,"All",0.343361693917782,0.656638306082218
"bambu","CPM","isoB11","isoB111",0.325399368854828,2.99516097984513,10.2745857333318,8.19538565416613,9.33037926038807,"All",0.321011707697781,0.678988292302219
"bambu","CPM","isoB11","isoB112",0.356548386658552,2.81411163653287,10.2745857333318,8.19538565416613,9.33037926038807,"All",0.30160742216344,0.69839257783656
"bambu","CPM","isoB11","isoB113",0.364959596112204,2.83258710270588,10.2745857333318,8.19538565416613,9.33037926038807,"All",0.303587563126353,0.696412436873647
"bambu","EDA","E3","E31",0.6254836453079,2.78778748321221,10.941345882157,6.09156234168924,8.42061003793181,"All",0.331067163857991,0.668932836142009
"bambu","EDA","E3","E32",0.636713872507001,2.83477306823298,10.941345882157,6.09156234168924,8.42061003793181,"All",0.336646995343966,0.663353004656034
"bambu","EDA","E3","E33",0.638853800756161,2.81591281833337,10.941345882157,6.09156234168924,8.42061003793181,"All",0.33440722295044,0.66559277704956
"bambu","EDA","isoB11","isoB111",0.349338316316378,2.89892357644491,10.2745857333318,8.19538565416613,9.33037926038807,"All",0.310697292740524,0.689302707259476
"bambu","EDA","isoB11","isoB112",0.397821781451944,2.72255016151116,10.2745857333318,8.19538565416613,9.33037926038807,"All",0.291794158150644,0.708205841849356
"bambu","EDA","isoB11","isoB113",0.397205326267508,2.7437592938051,10.2745857333318,8.19538565416613,9.33037926038807,"All",0.294067284644438,0.705932715355562
"bambu","TPM","E3","E31",0.564832636712562,3.18389730409943,10.941345882157,6.09156234168924,8.42061003793181,"All",0.378107677443454,0.621892322556546
"bambu","TPM","E3","E32",0.564959995196638,3.2033143835645,10.941345882157,6.09156234168924,8.42061003793181,"All",0.38041357682338,0.61958642317662
"bambu","TPM","E3","E33",0.577477628583323,3.19538754751936,10.941345882157,6.09156234168924,8.42061003793181,"All",0.379472215566959,0.620527784433041
"bambu","TPM","isoB11","isoB111",0.241168337114622,3.29112032884751,10.2745857333318,8.19538565416613,9.33037926038807,"All",0.352731677566408,0.647268322433592
"bambu","TPM","isoB11","isoB112",0.279357108638265,3.13648240415861,10.2745857333318,8.19538565416613,9.33037926038807,"All",0.336158082820329,0.663841917179671
"bambu","TPM","isoB11","isoB113",0.278989905915287,3.14607166148454,10.2745857333318,8.19538565416613,9.33037926038807,"All",0.337185828537659,0.662814171462341
"bambu","cqn","E3","E31",0.619960259319035,2.65901030288378,10.941345882157,6.09156234168924,8.42061003793181,"All",0.315774069919625,0.684225930080375
"bambu","cqn","E3","E32",0.628367013591326,2.58031077501462,10.941345882157,6.09156234168924,8.42061003793181,"All",0.306428009774975,0.693571990225025
"bambu","cqn","E3","E33",0.628897169266156,2.66019603899849,10.941345882157,6.09156234168924,8.42061003793181,"All",0.315914883484126,0.684085116515874
"bambu","cqn","isoB11","isoB111",0.352848523753404,2.64870422312586,10.2745857333318,8.19538565416613,9.33037926038807,"All",0.283879588300433,0.716120411699567
"bambu","cqn","isoB11","isoB112",0.383731758268343,2.54913356626618,10.2745857333318,8.19538565416613,9.33037926038807,"All",0.273207925972363,0.726792074027637
"bambu","cqn","isoB11","isoB113",0.390241459661198,2.54749489755428,10.2745857333318,8.19538565416613,9.33037926038807,"All",0.273032298737267,0.726967701262733
"bambu","ratio_counts","E3","E31",0.806789034304039,2.09274902353272,10.4689195471999,6.33247384861126,8.84288627626565,"All",0.236659045265533,0.763340954734467
"bambu","ratio_counts","E3","E32",0.810614106396409,2.209616704637,10.4689195471999,6.33247384861126,8.84288627626565,"All",0.249875056130443,0.750124943869557
"bambu","ratio_counts","E3","E33",0.802071976536264,2.27468585739503,10.4689195471999,6.33247384861126,8.84288627626565,"All",0.257233417498571,0.742766582501429
"bambu","ratio_counts","isoB11","isoB111",0.769151709486171,2.11938252336121,10.0555810987913,7.26296412477678,9.29250006027297,"All",0.228074523499003,0.771925476500997
"bambu","ratio_counts","isoB11","isoB112",0.729357249341769,2.0989287253756,10.0555810987913,7.26296412477678,9.29250006027297,"All",0.225873415309286,0.774126584690714
"bambu","ratio_counts","isoB11","isoB113",0.752512271150683,2.09148545110357,10.0555810987913,7.26296412477678,9.29250006027297,"All",0.22507241727606,0.77492758272394
"flair","CPM","E3","E31",0.635325922435047,2.39834924863033,10.941345882157,6.09156234168924,8.42061003793181,"All",0.284818942787593,0.715181057212407
"flair","CPM","E3","E32",0.62760044404702,2.46328128206398,10.941345882157,6.09156234168924,8.42061003793181,"All",0.292530027036971,0.707469972963029
"flair","CPM","E3","E33",0.617890614111454,2.36287768144559,10.941345882157,6.09156234168924,8.42061003793181,"All",0.280606472785426,0.719393527214574
"flair","CPM","isoB11","isoB111",0.201969210303644,2.155407936253,10.2745857333318,8.19538565416613,9.33037926038807,"All",0.231009680968033,0.768990319031967
"flair","CPM","isoB11","isoB112",0.234670950502304,2.03377620481068,10.2745857333318,8.19538565416613,9.33037926038807,"All",0.217973583715405,0.782026416284595
"flair","CPM","isoB11","isoB113",0.255730526379036,2.00873176815981,10.2745857333318,8.19538565416613,9.33037926038807,"All",0.215289401652496,0.784710598347504
"flair","EDA","E3","E31",0.640710690516702,2.4158192856909,10.941345882157,6.09156234168924,8.42061003793181,"All",0.286893618729344,0.713106381270656
"flair","EDA","E3","E32",0.627077742435491,2.47990261231008,10.941345882157,6.09156234168924,8.42061003793181,"All",0.294503913747224,0.705496086252776
"flair","EDA","E3","E33",0.61736628333862,2.36215051625841,10.941345882157,6.09156234168924,8.42061003793181,"All",0.280520117380781,0.719479882619219
"flair","EDA","isoB11","isoB111",0.197370829520005,2.17998780628978,10.2745857333318,8.19538565416613,9.33037926038807,"All",0.233644072277412,0.766355927722588
"flair","EDA","isoB11","isoB112",0.236769301913164,2.04061937925739,10.2745857333318,8.19538565416613,9.33037926038807,"All",0.218707013113689,0.781292986886311
"flair","EDA","isoB11","isoB113",0.259155657744627,2.01616577455655,10.2745857333318,8.19538565416613,9.33037926038807,"All",0.21608615451637,0.78391384548363
"flair","TPM","E3","E31",0.589852220313739,2.71806390357306,10.941345882157,6.09156234168924,8.42061003793181,"All",0.322787053589843,0.677212946410157
"flair","TPM","E3","E32",0.573852440968429,2.79226470042881,10.941345882157,6.09156234168924,8.42061003793181,"All",0.331598861347417,0.668401138652583
"flair","TPM","E3","E33",0.562835985356187,2.67272642746875,10.941345882157,6.09156234168924,8.42061003793181,"All",0.317402945324517,0.682597054675483
"flair","TPM","isoB11","isoB111",0.156250329755194,2.50770617816007,10.2745857333318,8.19538565416613,9.33037926038807,"All",0.268767871934905,0.731232128065096
"flair","TPM","isoB11","isoB112",0.181702272775751,2.42781123452053,10.2745857333318,8.19538565416613,9.33037926038807,"All",0.260204989182782,0.739795010817218
"flair","TPM","isoB11","isoB113",0.192034437005657,2.39288304084509,10.2745857333318,8.19538565416613,9.33037926038807,"All",0.2564614978733,0.7435385021267
"flair","cqn","E3","E31",0.640914488356218,2.52675305331478,10.941345882157,6.09156234168924,8.42061003793181,"All",0.300067696037778,0.699932303962222
"flair","cqn","E3","E32",0.632753952330175,2.53239510334607,10.941345882157,6.09156234168924,8.42061003793181,"All",0.300737724694356,0.699262275305644
"flair","cqn","E3","E33",0.609484117583062,2.49368358745496,10.941345882157,6.09156234168924,8.42061003793181,"All",0.296140490560876,0.703859509439124
"flair","cqn","isoB11","isoB111",0.224355566135108,2.09288975133902,10.2745857333318,8.19538565416613,9.33037926038807,"All",0.224309183253068,0.775690816746932
"flair","cqn","isoB11","isoB112",0.24414941922024,2.02617426914606,10.2745857333318,8.19538565416613,9.33037926038807,"All",0.217158832733428,0.782841167266572
"flair","cqn","isoB11","isoB113",0.259420585032574,1.9966996240624,10.2745857333318,8.19538565416613,9.33037926038807,"All",0.213999835198484,0.786000164801516
"flair","ratio_counts","E3","E31",0.801746886954876,1.77862669083055,10.4689195471999,6.33247384861126,8.84288627626565,"All",0.201136442928639,0.798863557071361
"flair","ratio_counts","E3","E32",0.790466121187446,1.8140407357376,10.4689195471999,6.33247384861126,8.84288627626565,"All",0.205141249029346,0.794858750970654
"flair","ratio_counts","E3","E33",0.778842784260336,1.65201644158206,10.4689195471999,6.33247384861126,8.84288627626565,"All",0.186818691315309,0.813181308684691
"flair","ratio_counts","isoB11","isoB111",0.758107784277278,1.27099328707058,10.0555810987913,7.26296412477678,9.29250006027297,"All",0.136776247385167,0.863223752614833
"flair","ratio_counts","isoB11","isoB112",0.732826187762573,1.24167818016302,10.0555810987913,7.26296412477678,9.29250006027297,"All",0.133621541254694,0.866378458745306
"flair","ratio_counts","isoB11","isoB113",0.754196505892716,1.23363929239834,10.0555810987913,7.26296412477678,9.29250006027297,"All",0.132756447069864,0.867243552930136
"isoquant","CPM","E3","E31",0.618861808312545,2.78673143076068,10.941345882157,6.09156234168924,8.42061003793181,"All",0.330941751037925,0.669058248962075
"isoquant","CPM","E3","E32",0.607019050805085,2.88730949662092,10.941345882157,6.09156234168924,8.42061003793181,"All",0.342886024125881,0.657113975874119
"isoquant","CPM","E3","E33",0.591502169417,2.86197918469956,10.941345882157,6.09156234168924,8.42061003793181,"All",0.339877891483797,0.660122108516203
"isoquant","CPM","isoB11","isoB111",0.270436461061884,2.4910979239011,10.2745857333318,8.19538565416613,9.33037926038807,"All",0.266987852731453,0.733012147268547
"isoquant","CPM","isoB11","isoB112",0.296891584745637,2.41499256128253,10.2745857333318,8.19538565416613,9.33037926038807,"All",0.258831125068552,0.741168874931448
"isoquant","CPM","isoB11","isoB113",0.324986008015177,2.38159985968711,10.2745857333318,8.19538565416613,9.33037926038807,"All",0.255252202855048,0.744747797144952
"isoquant","EDA","E3","E31",0.610888616589053,2.75669244802835,10.941345882157,6.09156234168924,8.42061003793181,"All",0.327374434347446,0.672625565652554
"isoquant","EDA","E3","E32",0.609085339518464,2.85712425120596,10.941345882157,6.09156234168924,8.42061003793181,"All",0.339301337828928,0.660698662171072
"isoquant","EDA","E3","E33",0.590850271995107,2.81816490134153,10.941345882157,6.09156234168924,8.42061003793181,"All",0.334674671864237,0.665325328135763
"isoquant","EDA","isoB11","isoB111",0.28001177764556,2.46190830316365,10.2745857333318,8.19538565416613,9.33037926038807,"All",0.263859403187996,0.736140596812004
"isoquant","EDA","isoB11","isoB112",0.33061335184467,2.35030733188266,10.2745857333318,8.19538565416613,9.33037926038807,"All",0.251898370504706,0.748101629495294
"isoquant","EDA","isoB11","isoB113",0.351845575573691,2.33468833542671,10.2745857333318,8.19538565416613,9.33037926038807,"All",0.25022437676661,0.74977562323339
"isoquant","TPM","E3","E31",0.518430720088283,3.18491310827608,10.941345882157,6.09156234168924,8.42061003793181,"All",0.378228310529664,0.621771689470336
"isoquant","TPM","E3","E32",0.515315812648619,3.26429037694684,10.941345882157,6.09156234168924,8.42061003793181,"All",0.387654856624685,0.612345143375315
"isoquant","TPM","E3","E33",0.495830989718677,3.24798081431642,10.941345882157,6.09156234168924,8.42061003793181,"All",0.385717994264719,0.614282005735281
"isoquant","TPM","isoB11","isoB111",0.206455936616413,2.94139793538588,10.2745857333318,8.19538565416613,9.33037926038807,"All",0.315249557740222,0.684750442259778
"isoquant","TPM","isoB11","isoB112",0.218037149559515,2.89518955651223,10.2745857333318,8.19538565416613,9.33037926038807,"All",0.310297092509808,0.689702907490192
"isoquant","TPM","isoB11","isoB113",0.229769750907102,2.85502993680095,10.2745857333318,8.19538565416613,9.33037926038807,"All",0.305992913805972,0.694007086194028
"isoquant","cqn","E3","E31",0.611610307440474,2.8617948578872,10.941345882157,6.09156234168924,8.42061003793181,"All",0.339856001524337,0.660143998475663
"isoquant","cqn","E3","E32",0.607293325516865,2.88228820998291,10.941345882157,6.09156234168924,8.42061003793181,"All",0.342289714996805,0.657710285003195
"isoquant","cqn","E3","E33",0.592467900752891,2.88205701402743,10.941345882157,6.09156234168924,8.42061003793181,"All",0.342262259034061,0.657737740965939
"isoquant","cqn","isoB11","isoB111",0.280087471847803,2.53591692333871,10.2745857333318,8.19538565416613,9.33037926038807,"All",0.271791408748505,0.728208591251495
"isoquant","cqn","isoB11","isoB112",0.320072934182402,2.47200036671873,10.2745857333318,8.19538565416613,9.33037926038807,"All",0.264941038057644,0.735058961942356
"isoquant","cqn","isoB11","isoB113",0.344314002450562,2.43711546614108,10.2745857333318,8.19538565416613,9.33037926038807,"All",0.261202186762954,0.738797813237046
"isoquant","ratio_counts","E3","E31",0.821606325516968,2.09762469840989,10.4689195471999,6.33247384861126,8.84288627626565,"All",0.23721041217503,0.76278958782497
"isoquant","ratio_counts","E3","E32",0.813232839962793,2.26205100889679,10.4689195471999,6.33247384861126,8.84288627626565,"All",0.25580460250497,0.74419539749503
"isoquant","ratio_counts","E3","E33",0.808338571148666,2.23404170432836,10.4689195471999,6.33247384861126,8.84288627626565,"All",0.252637163312226,0.747362836687774
"isoquant","ratio_counts","isoB11","isoB111",0.815641258807196,1.67603743879363,10.0555810987913,7.26296412477678,9.29250006027297,"All",0.180364533540223,0.819635466459777
"isoquant","ratio_counts","isoB11","isoB112",0.712605530075989,1.67314346528736,10.0555810987913,7.26296412477678,9.29250006027297,"All",0.180053102441219,0.819946897558781
"isoquant","ratio_counts","isoB11","isoB113",0.724679586679554,1.67106508473528,10.0555810987913,7.26296412477678,9.29250006027297,"All",0.179829440290172,0.820170559709828
"kallisto","CPM","E3","E31",0.658118145396184,2.94493791898816,10.941345882157,6.09156234168924,8.42061003793181,"All",0.349729758974976,0.650270241025024
"kallisto","CPM","E3","E32",0.650979610023827,3.02204753460252,10.941345882157,6.09156234168924,8.42061003793181,"All",0.358887007115789,0.641112992884211
"kallisto","CPM","E3","E33",0.636204548900799,2.95668338092301,10.941345882157,6.09156234168924,8.42061003793181,"All",0.351124605890099,0.648875394109901
"kallisto","CPM","isoB11","isoB111",0.144885859410857,3.15683623039731,10.2745857333318,8.19538565416613,9.33037926038807,"All",0.338339540365695,0.661660459634305
"kallisto","CPM","isoB11","isoB112",0.186492747180006,3.1185247302313,10.2745857333318,8.19538565416613,9.33037926038807,"All",0.334233437162725,0.665766562837276
"kallisto","CPM","isoB11","isoB113",0.193648071828203,3.11016176682592,10.2745857333318,8.19538565416613,9.33037926038807,"All",0.333337121678434,0.666662878321566
"kallisto","EDA","E3","E31",0.656337784056023,2.9103429080734,10.941345882157,6.09156234168924,8.42061003793181,"All",0.345621385500974,0.654378614499026
"kallisto","EDA","E3","E32",0.654597847292904,2.97911951838785,10.941345882157,6.09156234168924,8.42061003793181,"All",0.35378903725122,0.64621096274878
"kallisto","EDA","E3","E33",0.641053192550599,2.9158450190286,10.941345882157,6.09156234168924,8.42061003793181,"All",0.346274795518825,0.653725204481175
"kallisto","EDA","isoB11","isoB111",0.142273598031356,3.12876927696948,10.2745857333318,8.19538565416613,9.33037926038807,"All",0.335331414688854,0.664668585311146
"kallisto","EDA","isoB11","isoB112",0.196638921813429,3.0882974226474,10.2745857333318,8.19538565416613,9.33037926038807,"All",0.330993771685006,0.669006228314994
"kallisto","EDA","isoB11","isoB113",0.204854294557655,3.08215463891387,10.2745857333318,8.19538565416613,9.33037926038807,"All",0.330335407907704,0.669664592092296
"kallisto","TPM","E3","E31",0.582926288795771,3.190318864149,10.941345882157,6.09156234168924,8.42061003793181,"All",0.378870277780086,0.621129722219914
"kallisto","TPM","E3","E32",0.57738352735177,3.27602849983862,10.941345882157,6.09156234168924,8.42061003793181,"All",0.389048831982634,0.610951168017366
"kallisto","TPM","E3","E33",0.571619100284324,3.20608352928563,10.941345882157,6.09156234168924,8.42061003793181,"All",0.380742430161637,0.619257569838363
"kallisto","TPM","isoB11","isoB111",0.0748280379214943,3.37677931869003,10.2745857333318,8.19538565416613,9.33037926038807,"All",0.361912332227059,0.638087667772941
"kallisto","TPM","isoB11","isoB112",0.120182952887318,3.33325835170682,10.2745857333318,8.19538565416613,9.33037926038807,"All",0.357247895148067,0.642752104851933
"kallisto","TPM","isoB11","isoB113",0.134133943008274,3.32269074014049,10.2745857333318,8.19538565416613,9.33037926038807,"All",0.356115292574109,0.643884707425891
"kallisto","cqn","E3","E31",0.671376155376106,2.87476704938233,10.941345882157,6.09156234168924,8.42061003793181,"All",0.341396530231485,0.658603469768515
"kallisto","cqn","E3","E32",0.653572541974497,2.87132536826336,10.941345882157,6.09156234168924,8.42061003793181,"All",0.340987809117044,0.659012190882956
"kallisto","cqn","E3","E33",0.652492961161846,2.86142259968658,10.941345882157,6.09156234168924,8.42061003793181,"All",0.33981179353953,0.66018820646047
"kallisto","cqn","isoB11","isoB111",0.159120790986107,3.11722812626695,10.2745857333318,8.19538565416613,9.33037926038807,"All",0.334094471325627,0.665905528674373
"kallisto","cqn","isoB11","isoB112",0.193326271513337,3.09697356118875,10.2745857333318,8.19538565416613,9.33037926038807,"All",0.331923652271766,0.668076347728234
"kallisto","cqn","isoB11","isoB113",0.213921491664763,3.08637131593672,10.2745857333318,8.19538565416613,9.33037926038807,"All",0.330787337770914,0.669212662229086
"kallisto","ratio_counts","E3","E31",0.764729386395599,2.65598596332408,10.4689195471999,6.33247384861126,8.84288627626565,"All",0.300352835075213,0.699647164924787
"kallisto","ratio_counts","E3","E32",0.766530374234974,2.75727739611284,10.4689195471999,6.33247384861126,8.84288627626565,"All",0.311807402014587,0.688192597985413
"kallisto","ratio_counts","E3","E33",0.760136417107938,2.67130572270646,10.4689195471999,6.33247384861126,8.84288627626565,"All",0.302085273885774,0.697914726114226
"kallisto","ratio_counts","isoB11","isoB111",0.572051489611983,2.84428460114289,10.0555810987913,7.26296412477678,9.29250006027297,"All",0.306083893752414,0.693916106247586
"kallisto","ratio_counts","isoB11","isoB112",0.548651917685544,2.83439365399572,10.0555810987913,7.26296412477678,9.29250006027297,"All",0.305019492667343,0.694980507332657
"kallisto","ratio_counts","isoB11","isoB113",0.630002287290869,2.82943512618144,10.0555810987913,7.26296412477678,9.29250006027297,"All",0.304485887310108,0.695514112689892
"oarfish","CPM","E3","E31",0.661508407948193,3.01578008967558,10.941345882157,6.09156234168924,8.42061003793181,"All",0.358142708911894,0.641857291088106
"oarfish","CPM","E3","E32",0.66227858064309,3.17405550670752,10.941345882157,6.09156234168924,8.42061003793181,"All",0.3769389025747,0.6230610974253
"oarfish","CPM","E3","E33",0.633628706961843,3.11652198077467,10.941345882157,6.09156234168924,8.42061003793181,"All",0.370106437269493,0.629893562730507
"oarfish","CPM","isoB11","isoB111",0.308824190404811,3.17365317408179,10.2745857333318,8.19538565416613,9.33037926038807,"All",0.340141926229673,0.659858073770327
"oarfish","CPM","isoB11","isoB112",0.349427818368789,3.15201405977052,10.2745857333318,8.19538565416613,9.33037926038807,"All",0.337822715648048,0.662177284351952
"oarfish","CPM","isoB11","isoB113",0.354671270558077,3.14723271500639,10.2745857333318,8.19538565416613,9.33037926038807,"All",0.337310266514878,0.662689733485122
"oarfish","EDA","E3","E31",0.663913789758836,2.96650910971738,10.941345882157,6.09156234168924,8.42061003793181,"All",0.3522914725126,0.6477085274874
"oarfish","EDA","E3","E32",0.671354913279115,3.12583633719233,10.941345882157,6.09156234168924,8.42061003793181,"All",0.371212575230484,0.628787424769516
"oarfish","EDA","E3","E33",0.639556931424294,3.06240836793127,10.941345882157,6.09156234168924,8.42061003793181,"All",0.363680107989353,0.636319892010647
"oarfish","EDA","isoB11","isoB111",0.315657714738143,3.12483286649854,10.2745857333318,8.19538565416613,9.33037926038807,"All",0.33490952289206,0.66509047710794
"oarfish","EDA","isoB11","isoB112",0.368451895806457,3.09358356549825,10.2745857333318,8.19538565416613,9.33037926038807,"All",0.331560323451373,0.668439676548627
"oarfish","EDA","isoB11","isoB113",0.374149654322615,3.09052287973064,10.2745857333318,8.19538565416613,9.33037926038807,"All",0.331232289007949,0.668767710992051
"oarfish","TPM","E3","E31",0.601070822454007,3.28164300957202,10.941345882157,6.09156234168924,8.42061003793181,"All",0.389715590056944,0.610284409943056
"oarfish","TPM","E3","E32",0.586901438208624,3.42342749849749,10.941345882157,6.09156234168924,8.42061003793181,"All",0.406553383077495,0.593446616922505
"oarfish","TPM","E3","E33",0.572509280954404,3.37819932302476,10.941345882157,6.09156234168924,8.42061003793181,"All",0.401182254944379,0.598817745055621
"oarfish","TPM","isoB11","isoB111",0.234564035391904,3.48129143254826,10.2745857333318,8.19538565416613,9.33037926038807,"All",0.37311360400193,0.62688639599807
"oarfish","TPM","isoB11","isoB112",0.253569183399286,3.4531057358727,10.2745857333318,8.19538565416613,9.33037926038807,"All",0.370092751806219,0.629907248193781
"oarfish","TPM","isoB11","isoB113",0.266289760551637,3.44560732759329,10.2745857333318,8.19538565416613,9.33037926038807,"All",0.369289096555972,0.630710903444028
"oarfish","cqn","E3","E31",0.668566609808671,2.88043027032198,10.941345882157,6.09156234168924,8.42061003793181,"All",0.342069073065572,0.657930926934428
"oarfish","cqn","E3","E32",0.665858559015485,2.88316274301605,10.941345882157,6.09156234168924,8.42061003793181,"All",0.342393571252966,0.657606428747034
"oarfish","cqn","E3","E33",0.643493468199033,2.89492943686447,10.941345882157,6.09156234168924,8.42061003793181,"All",0.343790939590346,0.656209060409654
"oarfish","cqn","isoB11","isoB111",0.313693373468546,3.01970848921943,10.2745857333318,8.19538565416613,9.33037926038807,"All",0.323642630695575,0.676357369304425
"oarfish","cqn","isoB11","isoB112",0.365704317736168,3.02183781597533,10.2745857333318,8.19538565416613,9.33037926038807,"All",0.323870845079629,0.676129154920371
"oarfish","cqn","isoB11","isoB113",0.364341585571951,3.01311572615948,10.2745857333318,8.19538565416613,9.33037926038807,"All",0.322936039583257,0.677063960416743
"oarfish","ratio_counts","E3","E31",0.747916850669778,2.702981991833,10.4689195471999,6.33247384861126,8.84288627626565,"All",0.305667392680128,0.694332607319872
"oarfish","ratio_counts","E3","E32",0.745869428484591,2.87491519009628,10.4689195471999,6.33247384861126,8.84288627626565,"All",0.325110501286505,0.674889498713495
"oarfish","ratio_counts","E3","E33",0.746782784178997,2.77595800842909,10.4689195471999,6.33247384861126,8.84288627626565,"All",0.313919903717384,0.686080096282616
"oarfish","ratio_counts","isoB11","isoB111",0.730726292780362,2.77119308451021,10.0555810987913,7.26296412477678,9.29250006027297,"All",0.298218247676697,0.701781752323303
"oarfish","ratio_counts","isoB11","isoB112",0.654082299111776,2.7672158878908,10.0555810987913,7.26296412477678,9.29250006027297,"All",0.297790246967135,0.702209753032865
"oarfish","ratio_counts","isoB11","isoB113",0.686762315154436,2.76861441704222,10.0555810987913,7.26296412477678,9.29250006027297,"All",0.297940747816459,0.702059252183541
"bambu","CPM","E3","E31",0.710579424122015,3.17659961835285,10.941345882157,6.09156234168924,8.16963762182738,"1597-2528",0.388829929232811,0.611170070767189
"bambu","CPM","E3","E31",0.585064176656814,3.26420621273621,10.941345882157,6.09156234168924,8.09259891597529,"191-575",0.403356974270956,0.596643025729044
"bambu","CPM","E3","E31",0.523754161410064,2.48316175248278,10.941345882157,6.09156234168924,8.61798746156121,"575-813",0.288137081140861,0.711862918859139
"bambu","CPM","E3","E31",0.537694784101991,2.43331871190707,10.941345882157,6.09156234168924,8.82151092424315,"813-1597",0.275839222192636,0.724160777807364
"bambu","CPM","E3","E32",0.733354127347806,3.4225184195865,10.941345882157,6.09156234168924,8.16963762182738,"1597-2528",0.418931484848523,0.581068515151477
"bambu","CPM","E3","E32",0.585064176656814,3.26992206595045,10.941345882157,6.09156234168924,8.09259891597529,"191-575",0.404063280523569,0.595936719476431
"bambu","CPM","E3","E32",0.565603767527575,2.46409495703006,10.941345882157,6.09156234168924,8.61798746156121,"575-813",0.285924639368606,0.714075360631394
"bambu","CPM","E3","E32",0.56503519685294,2.29280234893305,10.941345882157,6.09156234168924,8.82151092424315,"813-1597",0.259910390478801,0.740089609521199
"bambu","CPM","E3","E33",0.684846804738203,3.41187559310277,10.941345882157,6.09156234168924,8.16963762182738,"1597-2528",0.417628755526075,0.582371244473925
"bambu","CPM","E3","E33",0.668956060460491,3.18504217129456,10.941345882157,6.09156234168924,8.09259891597529,"191-575",0.393574697617485,0.606425302382515
"bambu","CPM","E3","E33",0.555458408468785,2.35745750449643,10.941345882157,6.09156234168924,8.61798746156121,"575-813",0.273550816244674,0.726449183755326
"bambu","CPM","E3","E33",0.598885231687448,2.44761632847475,10.941345882157,6.09156234168924,8.82151092424315,"813-1597",0.277459989506814,0.722540010493186
"bambu","CPM","isoB11","isoB111",0.544566284924915,3.20629016466744,10.2745857333318,8.19538565416613,9.41842017762234,"1597-2528",0.340427598705504,0.659572401294496
"bambu","CPM","isoB11","isoB111",0.406632973074618,3.72226396263957,10.2745857333318,8.19538565416613,9.31196563930357,"191-575",0.399729134193621,0.600270865806379
"bambu","CPM","isoB11","isoB111",0.380450964704647,1.74629894825347,10.2745857333318,8.19538565416613,9.33688359577145,"575-813",0.18703231440567,0.81296768559433
"bambu","CPM","isoB11","isoB111",0.0898327847531172,2.90026587429878,10.2745857333318,8.19538565416613,9.25533078303635,"813-1597",0.31336166608054,0.686638333919459
"bambu","CPM","isoB11","isoB112",0.545838636057917,3.13957466078785,10.2745857333318,8.19538565416613,9.41842017762234,"1597-2528",0.333344085481269,0.666655914518731
"bambu","CPM","isoB11","isoB112",0.472111880060755,3.30221401984822,10.2745857333318,8.19538565416613,9.31196563930357,"191-575",0.354620511689859,0.645379488310141
"bambu","CPM","isoB11","isoB112",0.362696586351763,1.67605513819675,10.2745857333318,8.19538565416613,9.33688359577145,"575-813",0.179509053637106,0.820490946362894
"bambu","CPM","isoB11","isoB112",0.286423371676605,2.81612828917131,10.2745857333318,8.19538565416613,9.25533078303635,"813-1597",0.304270949919247,0.695729050080753
"bambu","CPM","isoB11","isoB113",0.522936315663879,3.15753961397792,10.2745857333318,8.19538565416613,9.41842017762234,"1597-2528",0.335251512932081,0.664748487067919
"bambu","CPM","isoB11","isoB113",0.466431939703239,3.34613548474429,10.2745857333318,8.19538565416613,9.31196563930357,"191-575",0.359337181252157,0.640662818747843
"bambu","CPM","isoB11","isoB113",0.394400833410484,1.71599533738312,10.2745857333318,8.19538565416613,9.33688359577145,"575-813",0.183786733526406,0.816213266473594
"bambu","CPM","isoB11","isoB113",0.269498354259351,2.79217269011267,10.2745857333318,8.19538565416613,9.25533078303635,"813-1597",0.301682647067602,0.698317352932398
"bambu","EDA","E3","E31",0.710579424122015,2.92346102597284,10.941345882157,6.09156234168924,8.16963762182738,"1597-2528",0.357844639052537,0.642155360947463
"bambu","EDA","E3","E31",0.638449920895517,3.20800445505216,10.941345882157,6.09156234168924,8.09259891597529,"191-575",0.396412140075218,0.603587859924782
"bambu","EDA","E3","E31",0.523754161410064,2.50860610963122,10.941345882157,6.09156234168924,8.61798746156121,"575-813",0.291089552035247,0.708910447964753
"bambu","EDA","E3","E31",0.537694784101991,2.40993916605683,10.941345882157,6.09156234168924,8.82151092424315,"813-1597",0.273188934044605,0.726811065955395
"bambu","EDA","E3","E32",0.723142059429995,3.20997943558845,10.941345882157,6.09156234168924,8.16963762182738,"1597-2528",0.392915767403456,0.607084232596544
"bambu","EDA","E3","E32",0.6003172464393,3.22384222505485,10.941345882157,6.09156234168924,8.09259891597529,"191-575",0.398369208523456,0.601630791476544
"bambu","EDA","E3","E32",0.565603767527575,2.48790244926168,10.941345882157,6.09156234168924,8.61798746156121,"575-813",0.288687174396396,0.711312825603604
"bambu","EDA","E3","E32",0.56503519685294,2.26236780990863,10.941345882157,6.09156234168924,8.82151092424315,"813-1597",0.256460353485617,0.743539646514383
"bambu","EDA","E3","E33",0.684846804738203,3.19711121115988,10.941345882157,6.09156234168924,8.16963762182738,"1597-2528",0.391340639469484,0.608659360530516
"bambu","EDA","E3","E33",0.736505369497218,3.15100622168962,10.941345882157,6.09156234168924,8.09259891597529,"191-575",0.389368885620828,0.610631114379172
"bambu","EDA","E3","E33",0.555458408468785,2.3799005994549,10.941345882157,6.09156234168924,8.61798746156121,"575-813",0.276155031562759,0.723844968437241
"bambu","EDA","E3","E33",0.615810249104702,2.40531840805634,10.941345882157,6.09156234168924,8.82151092424315,"813-1597",0.272665128311079,0.727334871688921
"bambu","EDA","isoB11","isoB111",0.522936315663879,2.96432808954498,10.2745857333318,8.19538565416613,9.41842017762234,"1597-2528",0.314737294964612,0.685262705035388
"bambu","EDA","isoB11","isoB111",0.406632973074618,3.60796050353922,10.2745857333318,8.19538565416613,9.31196563930357,"191-575",0.38745423289696,0.61254576710304
"bambu","EDA","isoB11","isoB111",0.403278022586926,1.7773991791329,10.2745857333318,8.19538565416613,9.33688359577145,"575-813",0.190363214974412,0.809636785025588
"bambu","EDA","isoB11","isoB111",0.140607837004879,2.89480124925101,10.2745857333318,8.19538565416613,9.25533078303635,"813-1597",0.312771236070433,0.687228763929567
"bambu","EDA","isoB11","isoB112",0.50003399526984,2.86899875975953,10.2745857333318,8.19538565416613,9.41842017762234,"1597-2528",0.304615711090923,0.695384288909077
"bambu","EDA","isoB11","isoB112",0.472111880060755,3.25905820598318,10.2745857333318,8.19538565416613,9.31196563930357,"191-575",0.349986064405938,0.650013935594062
"bambu","EDA","isoB11","isoB112",0.362696586351763,1.69292542524978,10.2745857333318,8.19538565416613,9.33688359577145,"575-813",0.181315897096167,0.818684102903833
"bambu","EDA","isoB11","isoB112",0.292932993760165,2.78239670166179,10.2745857333318,8.19538565416613,9.25533078303635,"813-1597",0.300626392171905,0.699373607828095
"bambu","EDA","isoB11","isoB113",0.508940453200855,2.9048665034123,10.2745857333318,8.19538565416613,9.41842017762234,"1597-2528",0.308423965869999,0.691576034130001
"bambu","EDA","isoB11","isoB113",0.466431939703239,3.28120906680467,10.2745857333318,8.19538565416613,9.31196563930357,"191-575",0.352364816828305,0.647635183171695
"bambu","EDA","isoB11","isoB113",0.394400833410484,1.73954249872199,10.2745857333318,8.19538565416613,9.33688359577145,"575-813",0.186308684356931,0.81369131564307
"bambu","EDA","isoB11","isoB113",0.313763784427554,2.77340806221507,10.2745857333318,8.19538565416613,9.25533078303635,"813-1597",0.299655207061676,0.700344792938324
"bambu","TPM","E3","E31",0.710579424122015,4.03133930472052,10.941345882157,6.09156234168924,8.16963762182738,"1597-2528",0.493453870456839,0.506546129543161
"bambu","TPM","E3","E31",0.667866555476027,3.13551374123445,10.941345882157,6.09156234168924,8.09259891597529,"191-575",0.387454484497527,0.612545515502473
"bambu","TPM","E3","E31",0.533899520468855,2.54017361393623,10.941345882157,6.09156234168924,8.61798746156121,"575-813",0.294752530711626,0.705247469288374
"bambu","TPM","E3","E31",0.537694784101991,2.8339316852763,10.941345882157,6.09156234168924,8.82151092424315,"813-1597",0.321252414650208,0.678747585349792
"bambu","TPM","E3","E32",0.733354127347806,4.16741152932215,10.941345882157,6.09156234168924,8.16963762182738,"1597-2528",0.510109716272824,0.489890283727176
"bambu","TPM","E3","E32",0.643897445817834,3.15094383123519,10.941345882157,6.09156234168924,8.09259891597529,"191-575",0.389361176051248,0.610638823948752
"bambu","TPM","E3","E32",0.565603767527575,2.52347197621961,10.941345882157,6.09156234168924,8.61798746156121,"575-813",0.292814533262556,0.707185466737444
"bambu","TPM","E3","E32",0.581960214270194,2.72043939874846,10.941345882157,6.09156234168924,8.82151092424315,"813-1597",0.308387012396276,0.691612987603724
"bambu","TPM","E3","E33",0.709100466043005,4.14266270709121,10.941345882157,6.09156234168924,8.16963762182738,"1597-2528",0.50708035029889,0.49291964970111
"bambu","TPM","E3","E33",0.745221409372924,3.09645693912317,10.941345882157,6.09156234168924,8.09259891597529,"191-575",0.382628247275492,0.617371752724508
"bambu","TPM","E3","E33",0.555458408468785,2.42279934350311,10.941345882157,6.09156234168924,8.61798746156121,"575-813",0.281132846190542,0.718867153809458
"bambu","TPM","E3","E33",0.598885231687448,2.87384147699895,10.941345882157,6.09156234168924,8.82151092424315,"813-1597",0.325776559330794,0.674223440669206
"bambu","TPM","isoB11","isoB111",0.610728543841026,4.1014467522808,10.2745857333318,8.19538565416613,9.41842017762234,"1597-2528",0.435470776938325,0.564529223061675
"bambu","TPM","isoB11","isoB111",0.41750551246164,3.53815283005195,10.2745857333318,8.19538565416613,9.31196563930357,"191-575",0.379957676724907,0.620042323275093
"bambu","TPM","isoB11","isoB111",0.403278022586926,1.8319257886494,10.2745857333318,8.19538565416613,9.33688359577145,"575-813",0.19620313029061,0.80379686970939
"bambu","TPM","isoB11","isoB111",0.0833231626695579,3.24504402002017,10.2745857333318,8.19538565416613,9.25533078303635,"813-1597",0.35061351086099,0.64938648913901
"bambu","TPM","isoB11","isoB112",0.578919765515973,4.01243227204285,10.2745857333318,8.19538565416613,9.41842017762234,"1597-2528",0.426019671704197,0.573980328295803
"bambu","TPM","isoB11","isoB112",0.472111880060755,3.19036811692937,10.2745857333318,8.19538565416613,9.31196563930357,"191-575",0.342609524187202,0.657390475812798
"bambu","TPM","isoB11","isoB112",0.396937173175182,1.74666142036062,10.2745857333318,8.19538565416613,9.33688359577145,"575-813",0.187071135935726,0.812928864064274
"bambu","TPM","isoB11","isoB112",0.156230930005421,3.16245875691307,10.2745857333318,8.19538565416613,9.25533078303635,"813-1597",0.341690516638194,0.658309483361806
"bambu","TPM","isoB11","isoB113",0.556017445121934,4.02090244971479,10.2745857333318,8.19538565416613,9.41842017762234,"1597-2528",0.42691899213291,0.57308100786709
"bambu","TPM","isoB11","isoB113",0.466431939703239,3.22292589908849,10.2745857333318,8.19538565416613,9.31196563930357,"191-575",0.346105862492157,0.653894137507843
"bambu","TPM","isoB11","isoB113",0.4311777599986,1.78653610292808,10.2745857333318,8.19538565416613,9.33688359577145,"575-813",0.191341798856438,0.808658201143562
"bambu","TPM","isoB11","isoB113",0.195288662506776,3.13299461945485,10.2745857333318,8.19538565416613,9.25533078303635,"813-1597",0.338507039121407,0.661492960878593
"bambu","cqn","E3","E31",0.710579424122015,2.9315695482901,10.941345882157,6.09156234168924,8.16963762182738,"1597-2528",0.358837158267292,0.641162841732708
"bambu","cqn","E3","E31",0.584942619021777,3.02349214417231,10.941345882157,6.09156234168924,8.09259891597529,"191-575",0.373612009635588,0.626387990364412
"bambu","cqn","E3","E31",0.533899520468855,2.39107598406541,10.941345882157,6.09156234168924,8.61798746156121,"575-813",0.277451782649989,0.722548217350011
"bambu","cqn","E3","E31",0.537694784101991,2.16948394129055,10.941345882157,6.09156234168924,8.82151092424315,"813-1597",0.245931106351453,0.754068893648547
"bambu","cqn","E3","E32",0.710579424122015,2.89020535368996,10.941345882157,6.09156234168924,8.16963762182738,"1597-2528",0.353773996776553,0.646226003223447
"bambu","cqn","E3","E32",0.570808317818649,2.99934403945099,10.941345882157,6.09156234168924,8.09259891597529,"191-575",0.370628035640083,0.629371964359916
"bambu","cqn","E3","E32",0.565603767527575,2.2847335561128,10.941345882157,6.09156234168924,8.61798746156121,"575-813",0.265112193108123,0.734887806891877
"bambu","cqn","E3","E32",0.56503519685294,1.98119224417933,10.941345882157,6.09156234168924,8.82151092424315,"813-1597",0.224586497845244,0.775413502154756
"bambu","cqn","E3","E33",0.648068846416487,3.00468815825536,10.941345882157,6.09156234168924,8.16963762182738,"1597-2528",0.367787201506653,0.632212798493347
"bambu","cqn","E3","E33",0.653439617160015,2.9585733791682,10.941345882157,6.09156234168924,8.09259891597529,"191-575",0.365590017482245,0.634409982517755
"bambu","cqn","E3","E33",0.555458408468785,2.37710556849702,10.941345882157,6.09156234168924,8.61798746156121,"575-813",0.275830706310449,0.724169293689551
"bambu","cqn","E3","E33",0.581960214270194,2.18540961192691,10.941345882157,6.09156234168924,8.82151092424315,"813-1597",0.247736428679241,0.752263571320759
"bambu","cqn","isoB11","isoB111",0.544566284924915,2.91111306516213,10.2745857333318,8.19538565416613,9.41842017762234,"1597-2528",0.309087194058169,0.690912805941831
"bambu","cqn","isoB11","isoB111",0.406632973074618,3.23190969339045,10.2745857333318,8.19538565416613,9.31196563930357,"191-575",0.34707062059479,0.65292937940521
"bambu","cqn","isoB11","isoB111",0.380450964704647,1.7546415085024,10.2745857333318,8.19538565416613,9.33688359577145,"575-813",0.187925820270165,0.812074179729835
"bambu","cqn","isoB11","isoB111",0.123682819587625,2.42119977226624,10.2745857333318,8.19538565416613,9.25533078303635,"813-1597",0.261600566097966,0.738399433902034
"bambu","cqn","isoB11","isoB112",0.50003399526984,2.86419739271871,10.2745857333318,8.19538565416613,9.41842017762234,"1597-2528",0.304105926334004,0.695894073665996
"bambu","cqn","isoB11","isoB112",0.466431939703239,3.02847541889834,10.2745857333318,8.19538565416613,9.31196563930357,"191-575",0.325224075797259,0.674775924202741
"bambu","cqn","isoB11","isoB112",0.337333188704787,1.66562743106022,10.2745857333318,8.19538565416613,9.33688359577145,"575-813",0.178392224126534,0.821607775873466
"bambu","cqn","isoB11","isoB112",0.320273406511113,2.38441889203424,10.2745857333318,8.19538565416613,9.25533078303635,"813-1597",0.257626544953371,0.742373455046629
"bambu","cqn","isoB11","isoB113",0.477131674875802,2.88814086191527,10.2745857333318,8.19538565416613,9.41842017762234,"1597-2528",0.306648122237882,0.693351877762118
"bambu","cqn","isoB11","isoB113",0.466431939703239,3.01990573917324,10.2745857333318,8.19538565416613,9.31196563930357,"191-575",0.324303788925825,0.675696211074175
"bambu","cqn","isoB11","isoB113",0.337333188704787,1.7113473305383,10.2745857333318,8.19538565416613,9.33688359577145,"575-813",0.183288922153142,0.816711077846858
"bambu","cqn","isoB11","isoB113",0.330688801844808,2.32686725563078,10.2745857333318,8.19538565416613,9.25533078303635,"813-1597",0.251408329985956,0.748591670014044
"bambu","ratio_counts","E3","E31",0.708442259519512,2.45175804355886,10.4689195471999,6.33247384861126,8.55501149411231,"1597-2528",0.286587346521533,0.713412653478467
"bambu","ratio_counts","E3","E31",0.821486758285358,3.1009037241346,10.4689195471999,6.33247384861126,8.60856630373646,"191-575",0.360211400449885,0.639788599550115
"bambu","ratio_counts","E3","E31",0.804019705409154,0.843981893887836,10.4689195471999,6.33247384861126,8.87680639400666,"575-813",0.0950771996624445,0.904922800337555
"bambu","ratio_counts","E3","E31",0.785060423277241,0.933470264555104,10.4689195471999,6.33247384861126,9.34494444100298,"813-1597",0.0998904028213694,0.900109597178631
"bambu","ratio_counts","E3","E32",0.712047043028069,2.88700607949286,10.4689195471999,6.33247384861126,8.55501149411231,"1597-2528",0.337463728889171,0.662536271110829
"bambu","ratio_counts","E3","E32",0.811681213425188,3.10592274460679,10.4689195471999,6.33247384861126,8.60856630373646,"191-575",0.360794426739641,0.639205573260359
"bambu","ratio_counts","E3","E32",0.824310423526735,0.829600073321349,10.4689195471999,6.33247384861126,8.87680639400666,"575-813",0.0934570426005313,0.906542957399469
"bambu","ratio_counts","E3","E32",0.839741248779139,0.761295971637979,10.4689195471999,6.33247384861126,9.34494444100298,"813-1597",0.0814660778824566,0.918533922117543
"bambu","ratio_counts","E3","E33",0.705706463838148,2.90913592294846,10.4689195471999,6.33247384861126,8.55501149411231,"1597-2528",0.340050498465206,0.659949501534794
"bambu","ratio_counts","E3","E33",0.801875668565018,3.21480656181057,10.4689195471999,6.33247384861126,8.60856630373646,"191-575",0.373442736964832,0.626557263035168
"bambu","ratio_counts","E3","E33",0.847137481409014,0.730710080069356,10.4689195471999,6.33247384861126,8.87680639400666,"575-813",0.0823167756100559,0.917683224389944
"bambu","ratio_counts","E3","E33",0.81240083602819,1.03015392718521,10.4689195471999,6.33247384861126,9.34494444100298,"813-1597",0.110236495646264,0.889763504353736
"bambu","ratio_counts","isoB11","isoB111",0.740125723719848,2.30271939997287,10.0555810987913,7.26296412477678,9.34367466139042,"1597-2528",0.24644687271573,0.75355312728427
"bambu","ratio_counts","isoB11","isoB111",0.657788632914824,2.95476141323253,10.0555810987913,7.26296412477678,9.3678096345256,"191-575",0.315416466442975,0.684583533557025
"bambu","ratio_counts","isoB11","isoB111",0.895327936938269,0.547599905936899,10.0555810987913,7.26296412477678,9.13556702674271,"575-813",0.0599415344809906,0.940058465519009
"bambu","ratio_counts","isoB11","isoB111",0.929574033532256,1.83977952986228,10.0555810987913,7.26296412477678,9.3185189434771,"813-1597",0.197432611450569,0.802567388549431
"bambu","ratio_counts","isoB11","isoB112",0.620995898326585,2.30783105966018,10.0555810987913,7.26296412477678,9.34367466139042,"1597-2528",0.246993944384271,0.753006055615729
"bambu","ratio_counts","isoB11","isoB112",0.679884619903161,2.8828270851816,10.0555810987913,7.26296412477678,9.3678096345256,"191-575",0.30773758195905,0.69226241804095
"bambu","ratio_counts","isoB11","isoB112",0.772315458350433,0.657215867146008,10.0555810987913,7.26296412477678,9.13556702674271,"575-813",0.0719403475692454,0.928059652430755
"bambu","ratio_counts","isoB11","isoB112",0.682208394357006,1.82306917222064,10.0555810987913,7.26296412477678,9.3185189434771,"813-1597",0.195639369655065,0.804360630344935
"bambu","ratio_counts","isoB11","isoB113",0.664085409639042,2.31845383960358,10.0555810987913,7.26296412477678,9.34367466139042,"1597-2528",0.24813083969884,0.75186916030116
"bambu","ratio_counts","isoB11","isoB113",0.700191536524209,2.87826340043572,10.0555810987913,7.26296412477678,9.3678096345256,"191-575",0.30725041527613,0.69274958472387
"bambu","ratio_counts","isoB11","isoB113",0.804019705409154,0.55335728417046,10.0555810987913,7.26296412477678,9.13556702674271,"575-813",0.0605717502318802,0.93942824976812
"bambu","ratio_counts","isoB11","isoB113",0.710850731524666,1.81697761460693,10.0555810987913,7.26296412477678,9.3185189434771,"813-1597",0.194985665171481,0.805014334828519
"flair","CPM","E3","E31",0.580529370885372,3.41106483737059,10.941345882157,6.09156234168924,8.16963762182738,"1597-2528",0.417529515416573,0.582470484583427
"flair","CPM","E3","E31",0.739332678317488,2.01422106847489,10.941345882157,6.09156234168924,8.09259891597529,"191-575",0.248896688120635,0.751103311879365
"flair","CPM","E3","E31",0.745683890821108,1.87147852108601,10.941345882157,6.09156234168924,8.61798746156121,"575-813",0.21715957808402,0.78284042191598
"flair","CPM","E3","E31",0.298140691427012,1.97816587491983,10.941345882157,6.09156234168924,8.82151092424315,"813-1597",0.224243430848503,0.775756569151497
"flair","CPM","E3","E32",0.548260396337481,3.5034789515998,10.941345882157,6.09156234168924,8.16963762182738,"1597-2528",0.42884141424331,0.57115858575669
"flair","CPM","E3","E32",0.739332678317488,2.12341461859663,10.941345882157,6.09156234168924,8.09259891597529,"191-575",0.262389702077645,0.737610297922355
"flair","CPM","E3","E32",0.745683890821108,1.88663408689264,10.941345882157,6.09156234168924,8.61798746156121,"575-813",0.218918174957621,0.781081825042379
"flair","CPM","E3","E32",0.281215674009758,2.00501223356208,10.941345882157,6.09156234168924,8.82151092424315,"813-1597",0.227286714348665,0.772713285651335
"flair","CPM","E3","E33",0.524006735032679,3.43604239704049,10.941345882157,6.09156234168924,8.16963762182738,"1597-2528",0.420586879870923,0.579413120129077
"flair","CPM","E3","E33",0.739332678317488,1.70603412423544,10.941345882157,6.09156234168924,8.09259891597529,"191-575",0.210814120648883,0.789185879351117
"flair","CPM","E3","E33",0.745683890821108,1.92830976470466,10.941345882157,6.09156234168924,8.61798746156121,"575-813",0.223754069416496,0.776245930583504
"flair","CPM","E3","E33",0.298323543754184,2.01361849504707,10.941345882157,6.09156234168924,8.82151092424315,"813-1597",0.228262313830306,0.771737686169694
"flair","CPM","isoB11","isoB111",0.491127537338825,3.10279450536216,10.2745857333318,8.19538565416613,9.41842017762234,"1597-2528",0.329438955456057,0.670561044543943
"flair","CPM","isoB11","isoB111",0.35770654583302,1.82040747994087,10.2745857333318,8.19538565416613,9.31196563930357,"191-575",0.195491215330237,0.804508784669763
"flair","CPM","isoB11","isoB111",0.251097636705067,1.77997394354323,10.2745857333318,8.19538565416613,9.33688359577145,"575-813",0.190638977693731,0.809361022306269
"flair","CPM","isoB11","isoB111",-0.378860005263146,1.59748432511669,10.2745857333318,8.19538565416613,9.25533078303635,"813-1597",0.172601537704589,0.827398462295411
"flair","CPM","isoB11","isoB112",0.528025720195887,3.0392625089988,10.2745857333318,8.19538565416613,9.41842017762234,"1597-2528",0.322693450884675,0.677306549115325
"flair","CPM","isoB11","isoB112",0.407720227013321,1.47141032348744,10.2745857333318,8.19538565416613,9.31196563930357,"191-575",0.158012860064364,0.841987139935636
"flair","CPM","isoB11","isoB112",0.227002408940439,1.71421312956909,10.2745857333318,8.19538565416613,9.33688359577145,"575-813",0.183595855296454,0.816404144703546
"flair","CPM","isoB11","isoB112",-0.184873267173082,1.52323464895248,10.2745857333318,8.19538565416613,9.25533078303635,"813-1597",0.1645791689849,0.8354208310151
"flair","CPM","isoB11","isoB113",0.550928040589926,2.97709565360203,10.2745857333318,8.19538565416613,9.41842017762234,"1597-2528",0.31609289004492,0.68390710995508
"flair","CPM","isoB11","isoB113",0.415331004584236,1.47867704742236,10.2745857333318,8.19538565416613,9.31196563930357,"191-575",0.158793224191165,0.841206775808835
"flair","CPM","isoB11","isoB113",0.25870665599916,1.72304931570296,10.2745857333318,8.19538565416613,9.33688359577145,"575-813",0.18454222953827,0.81545777046173
"flair","CPM","isoB11","isoB113",-0.184873267173082,1.49340761479125,10.2745857333318,8.19538565416613,9.25533078303635,"813-1597",0.161356481988568,0.838643518011432
"flair","EDA","E3","E31",0.58017310858064,3.46444137800825,10.941345882157,6.09156234168924,8.16963762182738,"1597-2528",0.424063041517541,0.575936958482459
"flair","EDA","E3","E31",0.768688534662447,1.95344756355422,10.941345882157,6.09156234168924,8.09259891597529,"191-575",0.241386924501842,0.758613075498158
"flair","EDA","E3","E31",0.745683890821108,1.88585165349669,10.941345882157,6.09156234168924,8.61798746156121,"575-813",0.21882738422493,0.78117261577507
"flair","EDA","E3","E31",0.281215674009758,2.02208312655568,10.941345882157,6.09156234168924,8.82151092424315,"813-1597",0.229221858241837,0.770778141758163
"flair","EDA","E3","E32",0.548260396337481,3.55250994577772,10.941345882157,6.09156234168924,8.16963762182738,"1597-2528",0.434843026119817,0.565156973880183
"flair","EDA","E3","E32",0.739332678317488,2.07124488916727,10.941345882157,6.09156234168924,8.09259891597529,"191-575",0.255943104393633,0.744056895606366
"flair","EDA","E3","E32",0.745683890821108,1.90023463045158,10.941345882157,6.09156234168924,8.61798746156121,"575-813",0.220496332691037,0.779503667308963
"flair","EDA","E3","E32",0.281215674009758,2.04641089025328,10.941345882157,6.09156234168924,8.82151092424315,"813-1597",0.231979635668688,0.768020364331312
"flair","EDA","E3","E33",0.524006735032679,3.45118142058539,10.941345882157,6.09156234168924,8.16963762182738,"1597-2528",0.422439963721847,0.577560036278153
"flair","EDA","E3","E33",0.754554233459319,1.64037370095182,10.941345882157,6.09156234168924,8.09259891597529,"191-575",0.202700482006296,0.797299517993704
"flair","EDA","E3","E33",0.745683890821108,1.93795683308611,10.941345882157,6.09156234168924,8.61798746156121,"575-813",0.224873480233056,0.775126519766944
"flair","EDA","E3","E33",0.298140691427012,2.03268332337144,10.941345882157,6.09156234168924,8.82151092424315,"813-1597",0.230423488768262,0.769576511231738
"flair","EDA","isoB11","isoB111",0.491127537338825,3.20193029410238,10.2745857333318,8.19538565416613,9.41842017762234,"1597-2528",0.339964689801161,0.660035310198839
"flair","EDA","isoB11","isoB111",0.358793799771722,1.69463507941802,10.2745857333318,8.19538565416613,9.31196563930357,"191-575",0.181984679181522,0.818015320818478
"flair","EDA","isoB11","isoB111",0.251097636705067,1.79736937783865,10.2745857333318,8.19538565416613,9.33688359577145,"575-813",0.192502065534227,0.807497934465773
"flair","EDA","isoB11","isoB111",-0.378860005263146,1.66292696956437,10.2745857333318,8.19538565416613,9.25533078303635,"813-1597",0.179672343274026,0.820327656725974
"flair","EDA","isoB11","isoB112",0.528025720195887,3.06589260313556,10.2745857333318,8.19538565416613,9.41842017762234,"1597-2528",0.325520898974114,0.674479101025886
"flair","EDA","isoB11","isoB112",0.407720227013321,1.42105815596101,10.2745857333318,8.19538565416613,9.31196563930357,"191-575",0.152605605626707,0.847394394373293
"flair","EDA","isoB11","isoB112",0.227002408940439,1.72283019355766,10.2745857333318,8.19538565416613,9.33688359577145,"575-813",0.18451876109261,0.81548123890739
"flair","EDA","isoB11","isoB112",-0.184873267173082,1.547715174156,10.2745857333318,8.19538565416613,9.25533078303635,"813-1597",0.167224187923432,0.832775812076568
"flair","EDA","isoB11","isoB113",0.550928040589926,3.01137843397493,10.2745857333318,8.19538565416613,9.41842017762234,"1597-2528",0.319732861476047,0.680267138523953
"flair","EDA","isoB11","isoB113",0.415331004584236,1.41319788614724,10.2745857333318,8.19538565416613,9.31196563930357,"191-575",0.15176150137222,0.84823849862778
"flair","EDA","isoB11","isoB113",0.25870665599916,1.73240595456505,10.2745857333318,8.19538565416613,9.33688359577145,"575-813",0.185544345369116,0.814455654630884
"flair","EDA","isoB11","isoB113",-0.184873267173082,1.52137242681546,10.2745857333318,8.19538565416613,9.25533078303635,"813-1597",0.164377963627612,0.835622036372389
"flair","TPM","E3","E31",0.58017310858064,4.08515664335766,10.941345882157,6.09156234168924,8.16963762182738,"1597-2528",0.500041352194504,0.499958647805496
"flair","TPM","E3","E31",0.838272786739387,1.82470816732185,10.941345882157,6.09156234168924,8.09259891597529,"191-575",0.225478636253647,0.774521363746353
"flair","TPM","E3","E31",0.735538531762318,1.94737186106886,10.941345882157,6.09156234168924,8.61798746156121,"575-813",0.225965965923566,0.774034034076434
"flair","TPM","E3","E31",0.298140691427012,2.44538092714851,10.941345882157,6.09156234168924,8.82151092424315,"813-1597",0.277206586054114,0.722793413945886
"flair","TPM","E3","E32",0.562301989724471,4.19732545048909,10.941345882157,6.09156234168924,8.16963762182738,"1597-2528",0.513771313341342,0.486228686658658
"flair","TPM","E3","E32",0.838272786739387,1.95380493185639,10.941345882157,6.09156234168924,8.09259891597529,"191-575",0.241431084394837,0.758568915605163
"flair","TPM","E3","E32",0.745683890821108,1.96368950482072,10.941345882157,6.09156234168924,8.61798746156121,"575-813",0.22785940610605,0.77214059389395
"flair","TPM","E3","E32",0.315065708844266,2.47589967120963,10.941345882157,6.09156234168924,8.82151092424315,"813-1597",0.280666168468419,0.719333831531581
"flair","TPM","E3","E33",0.524006735032679,4.09318110735247,10.941345882157,6.09156234168924,8.16963762182738,"1597-2528",0.501023582296531,0.498976417703469
"flair","TPM","E3","E33",0.823051231597557,1.35846968946317,10.941345882157,6.09156234168924,8.09259891597529,"191-575",0.167865688583857,0.832134311416143
"flair","TPM","E3","E33",0.725393172703527,2.0045886436503,10.941345882157,6.09156234168924,8.61798746156121,"575-813",0.232605193798594,0.767394806201406
"flair","TPM","E3","E33",0.33199072626152,2.5035110837231,10.941345882157,6.09156234168924,8.82151092424315,"813-1597",0.283796177913581,0.71620382208642
"flair","TPM","isoB11","isoB111",0.492399888471828,3.92699593674731,10.2745857333318,8.19538565416613,9.41842017762234,"1597-2528",0.416948475719701,0.583051524280299
"flair","TPM","isoB11","isoB111",0.409894734890725,1.48965186727004,10.2745857333318,8.19538565416613,9.31196563930357,"191-575",0.159971795963527,0.840028204036473
"flair","TPM","isoB11","isoB111",0.251097636705067,1.8563145609542,10.2745857333318,8.19538565416613,9.33688359577145,"575-813",0.19881521943734,0.80118478056266
"flair","TPM","isoB11","isoB111",-0.274706051926199,2.0754473150934,10.2745857333318,8.19538565416613,9.25533078303635,"813-1597",0.224243451017158,0.775756548982843
"flair","TPM","isoB11","isoB112",0.505123399801849,3.86413261583596,10.2745857333318,8.19538565416613,9.41842017762234,"1597-2528",0.41027396771031,0.58972603228969
"flair","TPM","isoB11","isoB112",0.465344685764537,1.2281146733885,10.2745857333318,8.19538565416613,9.31196563930357,"191-575",0.131885653465571,0.868114346534429
"flair","TPM","isoB11","isoB112",0.259974825881509,1.78451553022415,10.2745857333318,8.19538565416613,9.33688359577145,"575-813",0.191125391242142,0.808874608757858
"flair","TPM","isoB11","isoB112",-0.257781034508945,2.05202033684067,10.2745857333318,8.19538565416613,9.25533078303635,"813-1597",0.221712263445161,0.778287736554839
"flair","TPM","isoB11","isoB113",0.528025720195887,3.79210907225529,10.2745857333318,8.19538565416613,9.41842017762234,"1597-2528",0.402626873800464,0.597373126199536
"flair","TPM","isoB11","isoB113",0.454472146377515,1.22634381132016,10.2745857333318,8.19538565416613,9.31196563930357,"191-575",0.131695482868198,0.868304517131802
"flair","TPM","isoB11","isoB113",0.268852015057951,1.79255402374918,10.2745857333318,8.19538565416613,9.33688359577145,"575-813",0.191986330916774,0.808013669083226
"flair","TPM","isoB11","isoB113",-0.130192441671184,2.01361562462091,10.2745857333318,8.19538565416613,9.25533078303635,"813-1597",0.217562794007489,0.782437205992511
"flair","cqn","E3","E31",0.58555826871096,3.54341727228529,10.941345882157,6.09156234168924,8.16963762182738,"1597-2528",0.433730042421723,0.566269957578277
"flair","cqn","E3","E31",0.739332678317488,2.00377564136724,10.941345882157,6.09156234168924,8.09259891597529,"191-575",0.24760594985273,0.752394050147269
"flair","cqn","E3","E31",0.745683890821108,2.19911957561749,10.941345882157,6.09156234168924,8.61798746156121,"575-813",0.255177857408846,0.744822142591154
"flair","cqn","E3","E31",0.298140691427012,2.06645799338897,10.941345882157,6.09156234168924,8.82151092424315,"813-1597",0.234252160557889,0.765747839442111
"flair","cqn","E3","E32",0.535804951761663,3.58271337827134,10.941345882157,6.09156234168924,8.16963762182738,"1597-2528",0.438540060663053,0.561459939336947
"flair","cqn","E3","E32",0.739332678317488,2.03339631883656,10.941345882157,6.09156234168924,8.09259891597529,"191-575",0.251266168007228,0.748733831992772
"flair","cqn","E3","E32",0.745683890821108,2.14244913558254,10.941345882157,6.09156234168924,8.61798746156121,"575-813",0.248602025140846,0.751397974859154
"flair","cqn","E3","E32",0.298140691427012,2.05560085608356,10.941345882157,6.09156234168924,8.82151092424315,"813-1597",0.23302140344625,0.76697859655375
"flair","cqn","E3","E33",0.529426321383548,3.52396688323775,10.941345882157,6.09156234168924,8.16963762182738,"1597-2528",0.431349228247594,0.568650771752406
"flair","cqn","E3","E33",0.72519837711436,1.8967871609819,10.941345882157,6.09156234168924,8.09259891597529,"191-575",0.234385415696004,0.765614584303996
"flair","cqn","E3","E33",0.745683890821108,2.20312137749385,10.941345882157,6.09156234168924,8.61798746156121,"575-813",0.255642211980514,0.744357788019486
"flair","cqn","E3","E33",0.298140691427012,2.0391418925945,10.941345882157,6.09156234168924,8.82151092424315,"813-1597",0.231155627432321,0.768844372567679
"flair","cqn","isoB11","isoB111",0.559834498520941,3.07020849618795,10.2745857333318,8.19538565416613,9.41842017762234,"1597-2528",0.325979138569609,0.674020861430391
"flair","cqn","isoB11","isoB111",0.424029036093854,1.55526330060593,10.2745857333318,8.19538565416613,9.31196563930357,"191-575",0.167017723308764,0.832982276691235
"flair","cqn","isoB11","isoB111",0.251097636705067,1.79587677945663,10.2745857333318,8.19538565416613,9.33688359577145,"575-813",0.192342205087569,0.807657794912431
"flair","cqn","isoB11","isoB111",-0.378860005263146,1.60185069384222,10.2745857333318,8.19538565416613,9.25533078303635,"813-1597",0.17307330568651,0.82692669431349
"flair","cqn","isoB11","isoB112",0.528025720195887,2.9928297918711,10.2745857333318,8.19538565416613,9.41842017762234,"1597-2528",0.317763460902064,0.682236539097936
"flair","cqn","isoB11","isoB112",0.407720227013321,1.46266334207744,10.2745857333318,8.19538565416613,9.31196563930357,"191-575",0.15707353299328,0.84292646700672
"flair","cqn","isoB11","isoB112",0.227002408940439,1.7635451965113,10.2745857333318,8.19538565416613,9.33688359577145,"575-813",0.188879424105704,0.811120575894296
"flair","cqn","isoB11","isoB112",-0.222629075257725,1.52665311984503,10.2745857333318,8.19538565416613,9.25533078303635,"813-1597",0.164948520548088,0.835051479451912
"flair","cqn","isoB11","isoB113",0.550928040589926,2.93831313195269,10.2745857333318,8.19538565416613,9.41842017762234,"1597-2528",0.31197515894799,0.68802484105201
"flair","cqn","isoB11","isoB113",0.415331004584236,1.43143625571734,10.2745857333318,8.19538565416613,9.31196563930357,"191-575",0.153720096396789,0.846279903603211
"flair","cqn","isoB11","isoB113",0.25870665599916,1.76740916100811,10.2745857333318,8.19538565416613,9.33688359577145,"575-813",0.189293262883618,0.810706737116382
"flair","cqn","isoB11","isoB113",-0.167948249755828,1.50159808561336,10.2745857333318,8.19538565416613,9.25533078303635,"813-1597",0.162241428298334,0.837758571701666
"flair","ratio_counts","E3","E31",0.638496324424991,2.99667430322429,10.4689195471999,6.33247384861126,8.55501149411231,"1597-2528",0.350282907894004,0.649717092105996
"flair","ratio_counts","E3","E31",0.928514863651669,1.58841527842618,10.4689195471999,6.33247384861126,8.60856630373646,"191-575",0.184515658285253,0.815484341714747
"flair","ratio_counts","E3","E31",0.935909373173432,0.405223454671064,10.4689195471999,6.33247384861126,8.87680639400666,"575-813",0.0456496893910695,0.95435031060893
"flair","ratio_counts","E3","E31",0.670491074606599,1.01212603707942,10.4689195471999,6.33247384861126,9.34494444100298,"813-1597",0.108307335957878,0.891692664042122
"flair","ratio_counts","E3","E32",0.609329660151357,3.01452668456184,10.4689195471999,6.33247384861126,8.55501149411231,"1597-2528",0.352369682569857,0.647630317430143
"flair","ratio_counts","E3","E32",0.93395113334518,1.68971085455776,10.4689195471999,6.33247384861126,8.60856630373646,"191-575",0.196282492919217,0.803717507080783
"flair","ratio_counts","E3","E32",0.946054732232222,0.45050017637765,10.4689195471999,6.33247384861126,8.87680639400666,"575-813",0.0507502536815282,0.949249746318472
"flair","ratio_counts","E3","E32",0.57935636543677,1.02134989921063,10.4689195471999,6.33247384861126,9.34494444100298,"813-1597",0.10929437897236,0.89070562102764
"flair","ratio_counts","E3","E33",0.59157603841958,3.04371729560497,10.4689195471999,6.33247384861126,8.55501149411231,"1597-2528",0.355781789153609,0.644218210846391
"flair","ratio_counts","E3","E33",0.913293308509838,0.61911202390048,10.4689195471999,6.33247384861126,8.60856630373646,"191-575",0.071918133874599,0.928081866125401
"flair","ratio_counts","E3","E33",0.925764014114641,0.486558637958045,10.4689195471999,6.33247384861126,8.87680639400666,"575-813",0.0548123521412559,0.945187647858744
"flair","ratio_counts","E3","E33",0.74209691752575,1.08183686153956,10.4689195471999,6.33247384861126,9.34494444100298,"813-1597",0.115767072599465,0.884232927400535
"flair","ratio_counts","isoB11","isoB111",0.761670479376077,2.37333546086167,10.0555810987913,7.26296412477678,9.34367466139042,"1597-2528",0.254004505386802,0.745995494613198
"flair","ratio_counts","isoB11","isoB111",0.870890404900453,0.632352965350547,10.0555810987913,7.26296412477678,9.3678096345256,"191-575",0.0675027557156983,0.932497244284302
"flair","ratio_counts","isoB11","isoB111",0.885182577879479,0.513283173523044,10.0555810987913,7.26296412477678,9.13556702674271,"575-813",0.0561851466931938,0.943814853306806
"flair","ratio_counts","isoB11","isoB111",0.618414097938125,0.486978234593101,10.0555810987913,7.26296412477678,9.3185189434771,"813-1597",0.0522591881335372,0.947740811866463
"flair","ratio_counts","isoB11","isoB112",0.809829344960587,2.36159596776465,10.0555810987913,7.26296412477678,9.34367466139042,"1597-2528",0.252748094657356,0.747251905342644
"flair","ratio_counts","isoB11","isoB112",0.791520867375193,0.53918378693392,10.0555810987913,7.26296412477678,9.3678096345256,"191-575",0.0575570819614787,0.942442918038521
"flair","ratio_counts","isoB11","isoB112",0.824310423526735,0.449654001015175,10.0555810987913,7.26296412477678,9.13556702674271,"575-813",0.0492201523669953,0.950779847633005
"flair","ratio_counts","isoB11","isoB112",0.484315883016806,0.413045197548164,10.0555810987913,7.26296412477678,9.3185189434771,"813-1597",0.0443251980334592,0.955674801966541
"flair","ratio_counts","isoB11","isoB113",0.832641439184829,2.35411450436131,10.0555810987913,7.26296412477678,9.34367466139042,"1597-2528",0.251947396465857,0.748052603534143
"flair","ratio_counts","isoB11","isoB113",0.80456791463962,0.515159175935993,10.0555810987913,7.26296412477678,9.3678096345256,"191-575",0.0549924898171867,0.945007510182813
"flair","ratio_counts","isoB11","isoB113",0.864891859761898,0.432790270987812,10.0555810987913,7.26296412477678,9.13556702674271,"575-813",0.0473742100212168,0.952625789978783
"flair","ratio_counts","isoB11","isoB113",0.484315883016806,0.408439135761338,10.0555810987913,7.26296412477678,9.3185189434771,"813-1597",0.0438309068467626,0.956169093153237
"isoquant","CPM","E3","E31",0.833560043791327,3.23828415788761,10.941345882157,6.09156234168924,8.16963762182738,"1597-2528",0.396380391369584,0.603619608630416
"isoquant","CPM","E3","E31",0.77521205829466,1.2756809847165,10.941345882157,6.09156234168924,8.09259891597529,"191-575",0.157635513382262,0.842364486617738
"isoquant","CPM","E3","E31",0.618866902586226,2.9959865477309,10.941345882157,6.09156234168924,8.61798746156121,"575-813",0.347643409913728,0.652356590086272
"isoquant","CPM","E3","E31",0.300744540260436,3.2147776659586,10.941345882157,6.09156234168924,8.82151092424315,"813-1597",0.364424835333344,0.635575164666656
"isoquant","CPM","E3","E32",0.83087867054111,3.52360291742379,10.941345882157,6.09156234168924,8.16963762182738,"1597-2528",0.431304677212309,0.568695322787691
"isoquant","CPM","E3","E32",0.789346359497789,1.45414987770142,10.941345882157,6.09156234168924,8.09259891597529,"191-575",0.179688860500777,0.820311139499223
"isoquant","CPM","E3","E32",0.649302979762598,2.98571920440482,10.941345882157,6.09156234168924,8.61798746156121,"575-813",0.346452024642878,0.653547975357122
"isoquant","CPM","E3","E32",0.229138697341284,3.20427467826872,10.941345882157,6.09156234168924,8.82151092424315,"813-1597",0.363234224362039,0.636765775637961
"isoquant","CPM","E3","E33",0.814135460770632,3.49279934805135,10.941345882157,6.09156234168924,8.16963762182738,"1597-2528",0.427534183244481,0.572465816755519
"isoquant","CPM","E3","E33",0.790433613436491,1.19331315732375,10.941345882157,6.09156234168924,8.09259891597529,"191-575",0.147457345867973,0.852542654132027
"isoquant","CPM","E3","E33",0.578640133950398,3.00293334094451,10.941345882157,6.09156234168924,8.61798746156121,"575-813",0.348449490596092,0.651550509403908
"isoquant","CPM","E3","E33",0.307254162343995,3.24353230422861,10.941345882157,6.09156234168924,8.82151092424315,"813-1597",0.3676844400107,0.6323155599893
"isoquant","CPM","isoB11","isoB111",0.699793123151176,3.33208951408522,10.2745857333318,8.19538565416613,9.41842017762234,"1597-2528",0.353784334447309,0.646215665552691
"isoquant","CPM","isoB11","isoB111",0.589291634776586,1.3075830308202,10.2745857333318,8.19538565416613,9.31196563930357,"191-575",0.140419658047406,0.859580341952594
"isoquant","CPM","isoB11","isoB111",0.402009852704577,1.52814723794895,10.2745857333318,8.19538565416613,9.33688359577145,"575-813",0.163667804388289,0.836332195611711
"isoquant","CPM","isoB11","isoB111",-0.404898493597383,3.15260307214874,10.2745857333318,8.19538565416613,9.25533078303635,"813-1597",0.34062565088727,0.65937434911273
"isoquant","CPM","isoB11","isoB112",0.709971932215193,3.26345258034069,10.2745857333318,8.19538565416613,9.41842017762234,"1597-2528",0.346496813562691,0.653503186437309
"isoquant","CPM","isoB11","isoB112",0.688231743198485,1.03073647743724,10.2745857333318,8.19538565416613,9.31196563930357,"191-575",0.11068946314479,0.88931053685521
"isoquant","CPM","isoB11","isoB112",0.457809327527925,1.53208170248224,10.2745857333318,8.19538565416613,9.33688359577145,"575-813",0.164089193869366,0.835910806130634
"isoquant","CPM","isoB11","isoB112",-0.242157941508403,3.09022916600492,10.2745857333318,8.19538565416613,9.25533078303635,"813-1597",0.333886409729283,0.666113590270717
"isoquant","CPM","isoB11","isoB113",0.742872216959799,3.2172678589297,10.2745857333318,8.19538565416613,9.41842017762234,"1597-2528",0.341593154505227,0.658406845494773
"isoquant","CPM","isoB11","isoB113",0.688231743198485,1.02314358814059,10.2745857333318,8.19538565416613,9.31196563930357,"191-575",0.10987407253976,0.89012592746024
"isoquant","CPM","isoB11","isoB113",0.457809327527925,1.53051970830697,10.2745857333318,8.19538565416613,9.33688359577145,"575-813",0.163921900986334,0.836078099013666
"isoquant","CPM","isoB11","isoB113",-0.175759796256099,3.03644792652038,10.2745857333318,8.19538565416613,9.25533078303635,"813-1597",0.328075570468615,0.671924429531385
"isoquant","EDA","E3","E31",0.833049127381823,3.12806193897591,10.941345882157,6.09156234168924,8.16963762182738,"1597-2528",0.382888701283207,0.617111298716793
"isoquant","EDA","E3","E31",0.790433613436491,1.20206522227222,10.941345882157,6.09156234168924,8.09259891597529,"191-575",0.148538835886117,0.851461164113883
"isoquant","EDA","E3","E31",0.598576184468645,3.00715245295751,10.941345882157,6.09156234168924,8.61798746156121,"575-813",0.348939061047641,0.651060938952359
"isoquant","EDA","E3","E31",0.273404127509487,3.23832332073648,10.941345882157,6.09156234168924,8.82151092424315,"813-1597",0.367093953467424,0.632906046532576
"isoquant","EDA","E3","E32",0.830368772567011,3.41918982946594,10.941345882157,6.09156234168924,8.16963762182738,"1597-2528",0.418524050605458,0.581475949394542
"isoquant","EDA","E3","E32",0.80456791463962,1.41411268850266,10.941345882157,6.09156234168924,8.09259891597529,"191-575",0.174741477142914,0.825258522857086
"isoquant","EDA","E3","E32",0.649302979762598,2.99530267791033,10.941345882157,6.09156234168924,8.61798746156121,"575-813",0.347564056140749,0.652435943859252
"isoquant","EDA","E3","E32",0.229138697341284,3.21757355406906,10.941345882157,6.09156234168924,8.82151092424315,"813-1597",0.36474177515629,0.63525822484371
"isoquant","EDA","E3","E33",0.816327179180021,3.35007522284796,10.941345882157,6.09156234168924,8.16963762182738,"1597-2528",0.410064115193719,0.589935884806281
"isoquant","EDA","E3","E33",0.790433613436491,1.16188633418944,10.941345882157,6.09156234168924,8.09259891597529,"191-575",0.14357394284002,0.85642605715998
"isoquant","EDA","E3","E33",0.568140107292273,3.01125049829281,10.941345882157,6.09156234168924,8.61798746156121,"575-813",0.349414583361125,0.650585416638875
"isoquant","EDA","E3","E33",0.290329144926741,3.24274101056919,10.941345882157,6.09156234168924,8.82151092424315,"813-1597",0.36759473954258,0.63240526045742
"isoquant","EDA","isoB11","isoB111",0.653988482363099,3.23478601109708,10.2745857333318,8.19538565416613,9.41842017762234,"1597-2528",0.34345314289362,0.65654685710638
"isoquant","EDA","isoB11","isoB111",0.629520030508567,1.19551214111399,10.2745857333318,8.19538565416613,9.31196563930357,"191-575",0.128384509503345,0.871615490496655
"isoquant","EDA","isoB11","isoB111",0.424836910586856,1.56025528347121,10.2745857333318,8.19538565416613,9.33688359577145,"575-813",0.167106644038899,0.832893355961101
"isoquant","EDA","isoB11","isoB111",-0.386671551763417,3.19201176206469,10.2745857333318,8.19538565416613,9.25533078303635,"813-1597",0.344883595939669,0.655116404060331
"isoquant","EDA","isoB11","isoB112",0.689614314087159,3.07340477179904,10.2745857333318,8.19538565416613,9.41842017762234,"1597-2528",0.326318502873898,0.673681497126102
"isoquant","EDA","isoB11","isoB112",0.688231743198485,1.02697998214919,10.2745857333318,8.19538565416613,9.31196563930357,"191-575",0.110286057952636,0.889713942047364
"isoquant","EDA","isoB11","isoB112",0.457809327527925,1.54285500782638,10.2745857333318,8.19538565416613,9.33688359577145,"575-813",0.165243037679629,0.834756962320371
"isoquant","EDA","isoB11","isoB112",-0.213515604340742,3.07859859647019,10.2745857333318,8.19538565416613,9.25533078303635,"813-1597",0.332629775060315,0.667370224939685
"isoquant","EDA","isoB11","isoB113",0.741780710540247,3.06662089977063,10.2745857333318,8.19538565416613,9.41842017762234,"1597-2528",0.325598225810392,0.674401774189608
"isoquant","EDA","isoB11","isoB113",0.708889568033827,0.998548581697157,10.2745857333318,8.19538565416613,9.31196563930357,"191-575",0.107232846466113,0.892767153533887
"isoquant","EDA","isoB11","isoB113",0.457809327527925,1.54609129946541,10.2745857333318,8.19538565416613,9.33688359577145,"575-813",0.165589651365646,0.834410348634354
"isoquant","EDA","isoB11","isoB113",-0.186175191589794,3.04522540777223,10.2745857333318,8.19538565416613,9.25533078303635,"813-1597",0.329023940814052,0.670976059185948
"isoquant","TPM","E3","E31",0.833049127381823,4.22894413620891,10.941345882157,6.09156234168924,8.16963762182738,"1597-2528",0.517641581177378,0.482358418822622
"isoquant","TPM","E3","E31",0.843709056432898,1.02097327982299,10.941345882157,6.09156234168924,8.09259891597529,"191-575",0.126161359338782,0.873838640661218
"isoquant","TPM","E3","E31",0.588430825409854,3.04002416117015,10.941345882157,6.09156234168924,8.61798746156121,"575-813",0.352753374813965,0.647246625186035
"isoquant","TPM","E3","E31",0.31766955767769,3.59749272316691,10.941345882157,6.09156234168924,8.82151092424315,"813-1597",0.407809133158849,0.592190866841151
"isoquant","TPM","E3","E32",0.840580840484822,4.41388359398431,10.941345882157,6.09156234168924,8.16963762182738,"1597-2528",0.540278993794222,0.459721006205778
"isoquant","TPM","E3","E32",0.871977658839155,1.25841976142724,10.941345882157,6.09156234168924,8.09259891597529,"191-575",0.155502549242005,0.844497450757995
"isoquant","TPM","E3","E32",0.608721543527435,3.03204807005219,10.941345882157,6.09156234168924,8.61798746156121,"575-813",0.351827858136952,0.648172141863048
"isoquant","TPM","E3","E32",0.290329144926741,3.59119866596946,10.941345882157,6.09156234168924,8.82151092424315,"813-1597",0.407095643457197,0.592904356542803
"isoquant","TPM","E3","E33",0.8201567046492,4.37745923350088,10.941345882157,6.09156234168924,8.16963762182738,"1597-2528",0.53582048998175,0.46417951001825
"isoquant","TPM","E3","E33",0.852407087942516,0.989097387968981,10.941345882157,6.09156234168924,8.09259891597529,"191-575",0.12222246502498,0.87777753497502
"isoquant","TPM","E3","E33",0.578285466351063,3.0520795379243,10.941345882157,6.09156234168924,8.61798746156121,"575-813",0.354152236997035,0.645847763002965
"isoquant","TPM","E3","E33",0.290329144926741,3.64758397536169,10.941345882157,6.09156234168924,8.82151092424315,"813-1597",0.413487440721458,0.586512559278542
"isoquant","TPM","isoB11","isoB111",0.699793123151176,4.33459586162562,10.2745857333318,8.19538565416613,9.41842017762234,"1597-2528",0.460225364751127,0.539774635248873
"isoquant","TPM","isoB11","isoB111",0.648003347466504,1.0815121023247,10.2745857333318,8.19538565416613,9.31196563930357,"191-575",0.116142192123208,0.883857807876792
"isoquant","TPM","isoB11","isoB111",0.424836910586856,1.62105653964935,10.2745857333318,8.19538565416613,9.33688359577145,"575-813",0.173618587296461,0.826381412703538
"isoquant","TPM","isoB11","isoB111",-0.348915743678774,3.53004248007661,10.2745857333318,8.19538565416613,9.25533078303635,"813-1597",0.38140640921734,0.61859359078266
"isoquant","TPM","isoB11","isoB112",0.709971932215193,4.2782771211632,10.2745857333318,8.19538565416613,9.41842017762234,"1597-2528",0.454245727041161,0.545754272958839
"isoquant","TPM","isoB11","isoB112",0.728460138930466,0.935611720995037,10.2745857333318,8.19538565416613,9.31196563930357,"191-575",0.100474138032259,0.899525861967741
"isoquant","TPM","isoB11","isoB112",0.490781744468995,1.61577958467854,10.2745857333318,8.19538565416613,9.33688359577145,"575-813",0.173053414247373,0.826946585752627
"isoquant","TPM","isoB11","isoB112",-0.192684813673353,3.49002806728723,10.2745857333318,8.19538565416613,9.25533078303635,"813-1597",0.377083018327549,0.622916981672451
"isoquant","TPM","isoB11","isoB113",0.751959519604264,4.22154854613314,10.2745857333318,8.19538565416613,9.41842017762234,"1597-2528",0.448222575179149,0.551777424820851
"isoquant","TPM","isoB11","isoB113",0.728460138930466,0.928123703525169,10.2745857333318,8.19538565416613,9.31196563930357,"191-575",0.0996700094776748,0.900329990522325
"isoquant","TPM","isoB11","isoB113",0.490781744468995,1.61285900096879,10.2745857333318,8.19538565416613,9.33688359577145,"575-813",0.172740613548961,0.827259386451039
"isoquant","TPM","isoB11","isoB113",-0.165344400922404,3.42773899123905,10.2745857333318,8.19538565416613,9.25533078303635,"813-1597",0.370352942708605,0.629647057291395
"isoquant","cqn","E3","E31",0.833049127381823,3.39723629264867,10.941345882157,6.09156234168924,8.16963762182738,"1597-2528",0.415836840005246,0.584163159994754
"isoquant","cqn","E3","E31",0.790433613436491,1.43852684734666,10.941345882157,6.09156234168924,8.09259891597529,"191-575",0.177758327365875,0.822241672634125
"isoquant","cqn","E3","E31",0.598576184468645,2.84987055414146,10.941345882157,6.09156234168924,8.61798746156121,"575-813",0.330688640109159,0.669311359890841
"isoquant","cqn","E3","E31",0.273404127509487,3.37448857743523,10.941345882157,6.09156234168924,8.82151092424315,"813-1597",0.382529546969274,0.617470453030726
"isoquant","cqn","E3","E32",0.822843318776839,3.45219093650572,10.941345882157,6.09156234168924,8.16963762182738,"1597-2528",0.422563532962866,0.577436467037134
"isoquant","cqn","E3","E32",0.80456791463962,1.52549248975322,10.941345882157,6.09156234168924,8.09259891597529,"191-575",0.188504645490561,0.811495354509439
"isoquant","cqn","E3","E32",0.629012261645016,2.80429928993634,10.941345882157,6.09156234168924,8.61798746156121,"575-813",0.325400715937955,0.674599284062045
"isoquant","cqn","E3","E32",0.229138697341284,3.38722435662611,10.941345882157,6.09156234168924,8.82151092424315,"813-1597",0.383973265545406,0.616026734454594
"isoquant","cqn","E3","E33",0.798604523340002,3.46835945219259,10.941345882157,6.09156234168924,8.16963762182738,"1597-2528",0.424542631233231,0.575457368766769
"isoquant","cqn","E3","E33",0.80456791463962,1.34698823934463,10.941345882157,6.09156234168924,8.09259891597529,"191-575",0.166446929265899,0.833553070734101
"isoquant","cqn","E3","E33",0.568140107292273,2.87360458626881,10.941345882157,6.09156234168924,8.61798746156121,"575-813",0.333442651092954,0.666557348907046
"isoquant","cqn","E3","E33",0.290329144926741,3.39195926010126,10.941345882157,6.09156234168924,8.82151092424315,"813-1597",0.384510010726114,0.615489989273886
"isoquant","cqn","isoB11","isoB111",0.699793123151176,3.34732001224053,10.2745857333318,8.19538565416613,9.41842017762234,"1597-2528",0.35540143135614,0.64459856864386
"isoquant","cqn","isoB11","isoB111",0.648003347466504,1.20849823508163,10.2745857333318,8.19538565416613,9.31196563930357,"191-575",0.12977906941375,0.87022093058625
"isoquant","cqn","isoB11","isoB111",0.424836910586856,1.67277913094371,10.2745857333318,8.19538565416613,9.33688359577145,"575-813",0.179158186324749,0.820841813675251
"isoquant","cqn","isoB11","isoB111",-0.386671551763417,3.24848674940637,10.2745857333318,8.19538565416613,9.25533078303635,"813-1597",0.350985483453532,0.649014516546468
"isoquant","cqn","isoB11","isoB112",0.676890802757138,3.24366938804354,10.2745857333318,8.19538565416613,9.41842017762234,"1597-2528",0.34439633472186,0.65560366527814
"isoquant","cqn","isoB11","isoB112",0.719762107420849,1.09927210695602,10.2745857333318,8.19538565416613,9.31196563930357,"191-575",0.11804941615294,0.88195058384706
"isoquant","cqn","isoB11","isoB112",0.413423381645716,1.67554076600327,10.2745857333318,8.19538565416613,9.33688359577145,"575-813",0.179453963286218,0.820546036713782
"isoquant","cqn","isoB11","isoB112",-0.213515604340742,3.19285010841428,10.2745857333318,8.19538565416613,9.25533078303635,"813-1597",0.344974175776225,0.655025824223775
"isoquant","cqn","isoB11","isoB113",0.732874252609232,3.20164431764496,10.2745857333318,8.19538565416613,9.41842017762234,"1597-2528",0.339934326273943,0.660065673726057
"isoquant","cqn","isoB11","isoB113",0.728460138930466,1.07904391066972,10.2745857333318,8.19538565416613,9.31196563930357,"191-575",0.1158771361994,0.8841228638006
"isoquant","cqn","isoB11","isoB113",0.445127628704437,1.67259481253419,10.2745857333318,8.19538565416613,9.33688359577145,"575-813",0.179138445432872,0.820861554567128
"isoquant","cqn","isoB11","isoB113",-0.213515604340742,3.13473851553843,10.2745857333318,8.19538565416613,9.25533078303635,"813-1597",0.338695459840716,0.661304540159284
"isoquant","ratio_counts","E3","E31",0.804759990688534,2.37457675706587,10.4689195471999,6.33247384861126,8.55501149411231,"1597-2528",0.277565583482861,0.722434416517139
"isoquant","ratio_counts","E3","E31",0.939387403038691,0.482766309567191,10.4689195471999,6.33247384861126,8.60856630373646,"191-575",0.0560797573642025,0.943920242635798
"isoquant","ratio_counts","E3","E31",0.814165064467945,2.46325917883385,10.4689195471999,6.33247384861126,8.87680639400666,"575-813",0.277493849645855,0.722506150354145
"isoquant","ratio_counts","E3","E31",0.717360353608225,2.43020766303663,10.4689195471999,6.33247384861126,9.34494444100298,"813-1597",0.260055870677365,0.739944129322635
"isoquant","ratio_counts","E3","E32",0.812862252147804,2.81962870216428,10.4689195471999,6.33247384861126,8.55501149411231,"1597-2528",0.329587950186249,0.670412049813751
"isoquant","ratio_counts","E3","E32",0.919816832142051,0.843439130640323,10.4689195471999,6.33247384861126,8.60856630373646,"191-575",0.0979767246811164,0.902023275318884
"isoquant","ratio_counts","E3","E32",0.824310423526735,2.46891079812442,10.4689195471999,6.33247384861126,8.87680639400666,"575-813",0.278130522232787,0.721869477767213
"isoquant","ratio_counts","E3","E32",0.717360353608225,2.44324152333853,10.4689195471999,6.33247384861126,9.34494444100298,"813-1597",0.261450620574937,0.738549379425063
"isoquant","ratio_counts","E3","E33",0.812862252147804,2.82649598781702,10.4689195471999,6.33247384861126,8.55501149411231,"1597-2528",0.330390670984166,0.669609329015834
"isoquant","ratio_counts","E3","E33",0.939387403038691,0.418526357705943,10.4689195471999,6.33247384861126,8.60856630373646,"191-575",0.0486174286099517,0.951382571390048
"isoquant","ratio_counts","E3","E33",0.814165064467945,2.4620622459987,10.4689195471999,6.33247384861126,8.87680639400666,"575-813",0.277359011418905,0.722640988581095
"isoquant","ratio_counts","E3","E33",0.717360353608225,2.45378402117438,10.4689195471999,6.33247384861126,9.34494444100298,"813-1597",0.26257877044275,0.73742122955725
"isoquant","ratio_counts","isoB11","isoB111",0.747729755127929,2.36798697418925,10.0555810987913,7.26296412477678,9.34367466139042,"1597-2528",0.253432087482043,0.746567912517957
"isoquant","ratio_counts","isoB11","isoB111",0.910031546693732,0.345595309219994,10.0555810987913,7.26296412477678,9.3678096345256,"191-575",0.0368917946353524,0.963108205364648
"isoquant","ratio_counts","isoB11","isoB111",0.875037218820688,0.50890921593643,10.0555810987913,7.26296412477678,9.13556702674271,"575-813",0.055706363321148,0.944293636678852
"isoquant","ratio_counts","isoB11","isoB111",0.863175888279952,2.32569012933813,10.0555810987913,7.26296412477678,9.3185189434771,"813-1597",0.249577228253219,0.750422771746781
"isoquant","ratio_counts","isoB11","isoB112",0.817433376368668,2.36503536702462,10.0555810987913,7.26296412477678,9.34367466139042,"1597-2528",0.253116193867209,0.746883806132791
"isoquant","ratio_counts","isoB11","isoB112",0.588204380837884,0.427429618146023,10.0555810987913,7.26296412477678,9.3678096345256,"191-575",0.0456274876221552,0.954372512377845
"isoquant","ratio_counts","isoB11","isoB112",0.753292910115201,0.48380249493045,10.0555810987913,7.26296412477678,9.13556702674271,"575-813",0.0529581243850771,0.947041875614923
"isoquant","ratio_counts","isoB11","isoB112",0.64966028393921,2.31114847957702,10.0555810987913,7.26296412477678,9.3185189434771,"813-1597",0.248016717419973,0.751983282580027
"isoquant","ratio_counts","isoB11","isoB113",0.821235392072708,2.36832872587305,10.0555810987913,7.26296412477678,9.34367466139042,"1597-2528",0.253468663207995,0.746531336792005
"isoquant","ratio_counts","isoB11","isoB113",0.634956300202078,0.428157357351931,10.0555810987913,7.26296412477678,9.3678096345256,"191-575",0.0457051727197713,0.954294827280229
"isoquant","ratio_counts","isoB11","isoB113",0.743147551056411,0.458046683472273,10.0555810987913,7.26296412477678,9.13556702674271,"575-813",0.0501388345278869,0.949861165472113
"isoquant","ratio_counts","isoB11","isoB113",0.64966028393921,2.30677403324474,10.0555810987913,7.26296412477678,9.3185189434771,"813-1597",0.247547281626708,0.752452718373292
"kallisto","CPM","E3","E31",0.620383126007021,3.5465694520144,10.941345882157,6.09156234168924,8.16963762182738,"1597-2528",0.434115883247843,0.565884116752157
"kallisto","CPM","E3","E31",0.408747563376444,3.98871546684506,10.941345882157,6.09156234168924,8.09259891597529,"191-575",0.492884363633924,0.507115636366076
"kallisto","CPM","E3","E31",0.769779118585736,1.9230479696331,10.941345882157,6.09156234168924,8.61798746156121,"575-813",0.223143509805562,0.776856490194438
"kallisto","CPM","E3","E31",0.636641039772091,1.44180469528347,10.941345882157,6.09156234168924,8.82151092424315,"813-1597",0.163441921419734,0.836558078580266
"kallisto","CPM","E3","E32",0.606341532620031,3.64423963151028,10.941345882157,6.09156234168924,8.16963762182738,"1597-2528",0.44607114785284,0.55392885214716
"kallisto","CPM","E3","E32",0.39453976037138,3.96945802726207,10.941345882157,6.09156234168924,8.09259891597529,"191-575",0.490504727650115,0.509495272349885
"kallisto","CPM","E3","E32",0.769779118585736,2.25472990571453,10.941345882157,6.09156234168924,8.61798746156121,"575-813",0.261630678365604,0.738369321634396
"kallisto","CPM","E3","E32",0.636641039772091,1.42146471226805,10.941345882157,6.09156234168924,8.82151092424315,"813-1597",0.161136195882454,0.838863804117546
"kallisto","CPM","E3","E33",0.578258345846051,3.56082669868163,10.941345882157,6.09156234168924,8.16963762182738,"1597-2528",0.435861033685011,0.564138966314989
"kallisto","CPM","E3","E33",0.408747563376444,3.97645195579168,10.941345882157,6.09156234168924,8.09259891597529,"191-575",0.491368965282824,0.508631034717176
"kallisto","CPM","E3","E33",0.748220230585806,1.94767440262336,10.941345882157,6.09156234168924,8.61798746156121,"575-813",0.226001071747965,0.773998928252035
"kallisto","CPM","E3","E33",0.653566057189345,1.50562950587488,10.941345882157,6.09156234168924,8.82151092424315,"813-1597",0.170677055076487,0.829322944923513
"kallisto","CPM","isoB11","isoB111",0.113308701472874,3.63180592672321,10.2745857333318,8.19538565416613,9.41842017762234,"1597-2528",0.385606700299078,0.614393299700922
"kallisto","CPM","isoB11","isoB111",0.251368822397278,4.62113000997772,10.2745857333318,8.19538565416613,9.31196563930357,"191-575",0.496257201645272,0.503742798354728
"kallisto","CPM","isoB11","isoB111",0.213052540234602,1.61291532018543,10.2745857333318,8.19538565416613,9.33688359577145,"575-813",0.172746645456296,0.827253354543705
"kallisto","CPM","isoB11","isoB111",-0.243459865925115,1.43043793639213,10.2745857333318,8.19538565416613,9.25533078303635,"813-1597",0.154552870116097,0.845447129883903
"kallisto","CPM","isoB11","isoB112",0.272450136125787,3.57671009220137,10.2745857333318,8.19538565416613,9.41842017762234,"1597-2528",0.379756904528367,0.620243095471633
"kallisto","CPM","isoB11","isoB112",0.273226980866607,4.58748478209496,10.2745857333318,8.19538565416613,9.31196563930357,"191-575",0.492644083944241,0.507355916055759
"kallisto","CPM","isoB11","isoB112",0.188957312469975,1.64103405800038,10.2745857333318,8.19538565416613,9.33688359577145,"575-813",0.175758221805783,0.824241778194217
"kallisto","CPM","isoB11","isoB112",-0.0690019940857277,1.30539255038815,10.2745857333318,8.19538565416613,9.25533078303635,"813-1597",0.141042236197623,0.858957763802377
"kallisto","CPM","isoB11","isoB113",0.282635187943574,3.56919652101088,10.2745857333318,8.19538565416613,9.41842017762234,"1597-2528",0.37895915171539,0.62104084828461
"kallisto","CPM","isoB11","isoB113",0.273226980866607,4.58543163774933,10.2745857333318,8.19538565416613,9.31196563930357,"191-575",0.492423599416574,0.507576400583426
"kallisto","CPM","isoB11","isoB113",0.188957312469975,1.61593711358279,10.2745857333318,8.19538565416613,9.33688359577145,"575-813",0.173070285926519,0.826929714073481
"kallisto","CPM","isoB11","isoB113",0.0091134709169829,1.28374332876238,10.2745857333318,8.19538565416613,9.25533078303635,"813-1597",0.138703127835829,0.861296872164171
"kallisto","EDA","E3","E31",0.620383126007021,3.44155076577436,10.941345882157,6.09156234168924,8.16963762182738,"1597-2528",0.421261128716325,0.578738871283675
"kallisto","EDA","E3","E31",0.47104331501403,3.96091887000901,10.941345882157,6.09156234168924,8.09259891597529,"191-575",0.489449546571487,0.510550453428513
"kallisto","EDA","E3","E31",0.769779118585736,1.94888584838332,10.941345882157,6.09156234168924,8.61798746156121,"575-813",0.226141643518969,0.773858356481031
"kallisto","EDA","E3","E31",0.653566057189345,1.45754694269961,10.941345882157,6.09156234168924,8.82151092424315,"813-1597",0.16522645102598,0.83477354897402
"kallisto","EDA","E3","E32",0.606341532620031,3.51299775955358,10.941345882157,6.09156234168924,8.16963762182738,"1597-2528",0.430006558695782,0.569993441304218
"kallisto","EDA","E3","E32",0.47104331501403,3.95005989886672,10.941345882157,6.09156234168924,8.09259891597529,"191-575",0.488107706792321,0.511892293207679
"kallisto","EDA","E3","E32",0.769779118585736,2.27075429891479,10.941345882157,6.09156234168924,8.61798746156121,"575-813",0.263490090817958,0.736509909182042
"kallisto","EDA","E3","E32",0.636641039772091,1.41577072527196,10.941345882157,6.09156234168924,8.82151092424315,"813-1597",0.160490729698148,0.839509270301853
"kallisto","EDA","E3","E33",0.578258345846051,3.43813582644888,10.941345882157,6.09156234168924,8.16963762182738,"1597-2528",0.420843124946323,0.579156875053677
"kallisto","EDA","E3","E33",0.451370972391635,3.95846019998632,10.941345882157,6.09156234168924,8.09259891597529,"191-575",0.489145729460542,0.510854270539458
"kallisto","EDA","E3","E33",0.748220230585806,1.96992263404453,10.941345882157,6.09156234168924,8.61798746156121,"575-813",0.228582675808125,0.771417324191875
"kallisto","EDA","E3","E33",0.687416092023853,1.48869915219864,10.941345882157,6.09156234168924,8.82151092424315,"813-1597",0.168757842617121,0.831242157382879
"kallisto","EDA","isoB11","isoB111",0.143863856926234,3.54340473883649,10.2745857333318,8.19538565416613,9.41842017762234,"1597-2528",0.3762207113307,0.6237792886693
"kallisto","EDA","isoB11","isoB111",0.272134072943141,4.59419618612217,10.2745857333318,8.19538565416613,9.31196563930357,"191-575",0.493364812981178,0.506635187018822
"kallisto","EDA","isoB11","isoB111",0.244756787293323,1.63421995367803,10.2745857333318,8.19538565416613,9.33688359577145,"575-813",0.175028416806882,0.824971583193118
"kallisto","EDA","isoB11","isoB111",-0.226534848507861,1.46902222914119,10.2745857333318,8.19538565416613,9.25533078303635,"813-1597",0.15872174248312,0.84127825751688
"kallisto","EDA","isoB11","isoB112",0.227890534422972,3.47777134264173,10.2745857333318,8.19538565416613,9.41842017762234,"1597-2528",0.369252090802312,0.630747909197688
"kallisto","EDA","isoB11","isoB112",0.273226980866607,4.57613406864854,10.2745857333318,8.19538565416613,9.31196563930357,"191-575",0.491425145442309,0.508574854557691
"kallisto","EDA","isoB11","isoB112",0.188957312469975,1.65364963152282,10.2745857333318,8.19538565416613,9.33688359577145,"575-813",0.177109376438165,0.822890623561835
"kallisto","EDA","isoB11","isoB112",-0.0807193138361343,1.3073181407635,10.2745857333318,8.19538565416613,9.25533078303635,"813-1597",0.141250288229527,0.858749711770473
"kallisto","EDA","isoB11","isoB113",0.282635187943574,3.47560471349711,10.2745857333318,8.19538565416613,9.41842017762234,"1597-2528",0.369022049128257,0.630977950871743
"kallisto","EDA","isoB11","isoB113",0.283063152177805,4.57033147657767,10.2745857333318,8.19538565416613,9.31196563930357,"191-575",0.490802012551184,0.509197987448816
"kallisto","EDA","isoB11","isoB113",0.188957312469975,1.63195421742096,10.2745857333318,8.19538565416613,9.33688359577145,"575-813",0.174785751657014,0.825214248342986
"kallisto","EDA","isoB11","isoB113",-0.041661581334779,1.30298855084715,10.2745857333318,8.19538565416613,9.25533078303635,"813-1597",0.140782494044982,0.859217505955018
"kallisto","TPM","E3","E31",0.620383126007021,4.16167926055534,10.941345882157,6.09156234168924,8.16963762182738,"1597-2528",0.50940806106703,0.49059193893297
"kallisto","TPM","E3","E31",0.465578775396698,3.93549083216057,10.941345882157,6.09156234168924,8.09259891597529,"191-575",0.48630741162665,0.51369258837335
"kallisto","TPM","E3","E31",0.758365589644596,1.96279369659181,10.941345882157,6.09156234168924,8.61798746156121,"575-813",0.227755459769054,0.772244540230946
"kallisto","TPM","E3","E31",0.653566057189345,1.93389920958024,10.941345882157,6.09156234168924,8.82151092424315,"813-1597",0.219225394174316,0.780774605825684
"kallisto","TPM","E3","E32",0.606341532620031,4.27640627298453,10.941345882157,6.09156234168924,8.16963762182738,"1597-2528",0.523451157926389,0.476548842073611
"kallisto","TPM","E3","E32",0.47104331501403,3.92963410251803,10.941345882157,6.09156234168924,8.09259891597529,"191-575",0.485583697316408,0.514416302683592
"kallisto","TPM","E3","E32",0.758365589644596,2.29354655125806,10.941345882157,6.09156234168924,8.61798746156121,"575-813",0.266134821092274,0.733865178907726
"kallisto","TPM","E3","E32",0.636641039772091,1.91373494618155,10.941345882157,6.09156234168924,8.82151092424315,"813-1597",0.216939588083744,0.783060411916256
"kallisto","TPM","E3","E33",0.592299939233041,4.15715859869022,10.941345882157,6.09156234168924,8.16963762182738,"1597-2528",0.508854711937682,0.491145288062318
"kallisto","TPM","E3","E33",0.465578775396698,3.9361442330991,10.941345882157,6.09156234168924,8.09259891597529,"191-575",0.486388152182966,0.513611847817034
"kallisto","TPM","E3","E33",0.758365589644596,1.99070932065668,10.941345882157,6.09156234168924,8.61798746156121,"575-813",0.230994687510958,0.769005312489042
"kallisto","TPM","E3","E33",0.653566057189345,2.01768247823077,10.941345882157,6.09156234168924,8.82151092424315,"813-1597",0.228723003979489,0.771276996020511
"kallisto","TPM","isoB11","isoB111",0.168053354993476,4.20053899562366,10.2745857333318,8.19538565416613,9.41842017762234,"1597-2528",0.445991887854389,0.554008112145611
"kallisto","TPM","isoB11","isoB111",0.281970244254338,4.58312668010453,10.2745857333318,8.19538565416613,9.31196563930357,"191-575",0.492176072982943,0.507823927017057
"kallisto","TPM","isoB11","isoB111",0.221929729411044,1.65401304167703,10.2745857333318,8.19538565416613,9.33688359577145,"575-813",0.177148298435048,0.822851701564952
"kallisto","TPM","isoB11","isoB111",-0.339802272761791,1.91320917982037,10.2745857333318,8.19538565416613,9.25533078303635,"813-1597",0.206714295217519,0.793285704782481
"kallisto","TPM","isoB11","isoB112",0.272450136125787,4.12545679649,10.2745857333318,8.19538565416613,9.41842017762234,"1597-2528",0.438020041438782,0.561979958561218
"kallisto","TPM","isoB11","isoB112",0.334429824580727,4.56411875015893,10.2745857333318,8.19538565416613,9.31196563930357,"191-575",0.490134835860528,0.509865164139472
"kallisto","TPM","isoB11","isoB112",0.145839536470115,1.67218729912448,10.2745857333318,8.19538565416613,9.33688359577145,"575-813",0.179094799883956,0.820905200116044
"kallisto","TPM","isoB11","isoB112",-0.024736563917525,1.79551181781397,10.2745857333318,8.19538565416613,9.25533078303635,"813-1597",0.193997584732993,0.806002415267007
"kallisto","TPM","isoB11","isoB113",0.272450136125787,4.11359448613643,10.2745857333318,8.19538565416613,9.41842017762234,"1597-2528",0.436760561597168,0.563239438402832
"kallisto","TPM","isoB11","isoB113",0.323500745346063,4.56224070055388,10.2745857333318,8.19538565416613,9.31196563930357,"191-575",0.489933154531601,0.510066845468399
"kallisto","TPM","isoB11","isoB113",0.199102671528765,1.64722365846182,10.2745857333318,8.19538565416613,9.33688359577145,"575-813",0.176421141119059,0.823578858880942
"kallisto","TPM","isoB11","isoB113",-0.041661581334779,1.7711922517793,10.2745857333318,8.19538565416613,9.25533078303635,"813-1597",0.191369956763257,0.808630043236743
"kallisto","cqn","E3","E31",0.620383126007021,3.38621621221134,10.941345882157,6.09156234168924,8.16963762182738,"1597-2528",0.414487933120088,0.585512066879913
"kallisto","cqn","E3","E31",0.47104331501403,3.97875955561335,10.941345882157,6.09156234168924,8.09259891597529,"191-575",0.491654114694728,0.508345885305272
"kallisto","cqn","E3","E31",0.779924477644526,1.81612783947423,10.941345882157,6.09156234168924,8.61798746156121,"575-813",0.210736885795517,0.789263114204483
"kallisto","cqn","E3","E31",0.653566057189345,1.42012715160249,10.941345882157,6.09156234168924,8.82151092424315,"813-1597",0.160984570987688,0.839015429012312
"kallisto","cqn","E3","E32",0.606341532620031,3.36016609139271,10.941345882157,6.09156234168924,8.16963762182738,"1597-2528",0.411299282408209,0.588700717591791
"kallisto","cqn","E3","E32",0.456835512008967,3.96403312590927,10.941345882157,6.09156234168924,8.09259891597529,"191-575",0.489834374231006,0.510165625768994
"kallisto","cqn","E3","E32",0.769779118585736,1.90906327445067,10.941345882157,6.09156234168924,8.61798746156121,"575-813",0.221520776511414,0.778479223488586
"kallisto","cqn","E3","E32",0.653566057189345,1.37473061812809,10.941345882157,6.09156234168924,8.82151092424315,"813-1597",0.155838453291496,0.844161546708504
"kallisto","cqn","E3","E33",0.578258345846051,3.35093344105696,10.941345882157,6.09156234168924,8.16963762182738,"1597-2528",0.410169164921592,0.589830835078408
"kallisto","cqn","E3","E33",0.456835512008967,3.97501686262689,10.941345882157,6.09156234168924,8.09259891597529,"191-575",0.491191631254573,0.508808368745427
"kallisto","cqn","E3","E33",0.778656307762178,1.80616427029309,10.941345882157,6.09156234168924,8.61798746156121,"575-813",0.209580749374389,0.790419250625611
"kallisto","cqn","E3","E33",0.687416092023853,1.41823451097939,10.941345882157,6.09156234168924,8.82151092424315,"813-1597",0.160770022636577,0.839229977363423
"kallisto","cqn","isoB11","isoB111",0.143863856926234,3.49694471254325,10.2745857333318,8.19538565416613,9.41842017762234,"1597-2528",0.371287821799647,0.628712178200353
"kallisto","cqn","isoB11","isoB111",0.272134072943141,4.61182523977572,10.2745857333318,8.19538565416613,9.31196563930357,"191-575",0.495257974354019,0.504742025645981
"kallisto","cqn","isoB11","isoB111",0.213052540234602,1.6643160018789,10.2745857333318,8.19538565416613,9.33688359577145,"575-813",0.17825176728482,0.82174823271518
"kallisto","cqn","isoB11","isoB111",-0.270800278676063,1.38615431040041,10.2745857333318,8.19538565416613,9.25533078303635,"813-1597",0.149768208494614,0.850231791505386
"kallisto","cqn","isoB11","isoB112",0.207520430787399,3.4553231019352,10.2745857333318,8.19538565416613,9.41842017762234,"1597-2528",0.366868650662333,0.633131349337667
"kallisto","cqn","isoB11","isoB112",0.273226980866607,4.59701316384275,10.2745857333318,8.19538565416613,9.31196563930357,"191-575",0.493667324591476,0.506332675408524
"kallisto","cqn","isoB11","isoB112",0.169934764234742,1.70887452933493,10.2745857333318,8.19538565416613,9.33688359577145,"575-813",0.183024079909152,0.816975920090848
"kallisto","cqn","isoB11","isoB112",-0.0637942964188803,1.30155365821138,10.2745857333318,8.19538565416613,9.25533078303635,"813-1597",0.140627459863124,0.859372540136876
"kallisto","cqn","isoB11","isoB113",0.259718821353554,3.44551184867139,10.2745857333318,8.19538565416613,9.41842017762234,"1597-2528",0.365826941641204,0.634173058358796
"kallisto","cqn","isoB11","isoB113",0.293992231412469,4.59070245603984,10.2745857333318,8.19538565416613,9.31196563930357,"191-575",0.492989625806133,0.507010374193867
"kallisto","cqn","isoB11","isoB113",0.188957312469975,1.68568350038276,10.2745857333318,8.19538565416613,9.33688359577145,"575-813",0.180540271611202,0.819459728388798
"kallisto","cqn","isoB11","isoB113",-0.024736563917525,1.27897498948013,10.2745857333318,8.19538565416613,9.25533078303635,"813-1597",0.138187928606971,0.861812071393029
"kallisto","ratio_counts","E3","E31",0.644836903614912,3.3732556320014,10.4689195471999,6.33247384861126,8.55501149411231,"1597-2528",0.394301706587177,0.605698293412823
"kallisto","ratio_counts","E3","E31",0.585798646978005,3.9487714227663,10.4689195471999,6.33247384861126,8.60856630373646,"191-575",0.458702562475749,0.541297437524251
"kallisto","ratio_counts","E3","E31",0.825578593409084,0.689025961850345,10.4689195471999,6.33247384861126,8.87680639400666,"575-813",0.0776209293373294,0.922379070662671
"kallisto","ratio_counts","E3","E31",0.890516301030901,0.518047238271872,10.4689195471999,6.33247384861126,9.34494444100298,"813-1597",0.0554360961204678,0.944563903879532
"kallisto","ratio_counts","E3","E32",0.644836903614912,3.35541755032966,10.4689195471999,6.33247384861126,8.55501149411231,"1597-2528",0.392216603407127,0.607783396592873
"kallisto","ratio_counts","E3","E32",0.585798646978005,3.95370594902131,10.4689195471999,6.33247384861126,8.60856630373646,"191-575",0.459275773633205,0.540724226366795
"kallisto","ratio_counts","E3","E32",0.867428199526595,1.668002249981,10.4689195471999,6.33247384861126,8.87680639400666,"575-813",0.187905669668224,0.812094330331776
"kallisto","ratio_counts","E3","E32",0.941291353282662,0.514935712949886,10.4689195471999,6.33247384861126,9.34494444100298,"813-1597",0.055103132629713,0.944896867370287
"kallisto","ratio_counts","E3","E33",0.644836903614912,3.39930681022054,10.4689195471999,6.33247384861126,8.55501149411231,"1597-2528",0.397346843141005,0.602653156858995
"kallisto","ratio_counts","E3","E33",0.595634818289203,3.95574403971266,10.4689195471999,6.33247384861126,8.60856630373646,"191-575",0.459512525099064,0.540487474900936
"kallisto","ratio_counts","E3","E33",0.847137481409014,0.761028380248203,10.4689195471999,6.33247384861126,8.87680639400666,"575-813",0.085732226937159,0.914267773062841
"kallisto","ratio_counts","E3","E33",0.941291353282662,0.510320610521957,10.4689195471999,6.33247384861126,9.34494444100298,"813-1597",0.0546092717558399,0.94539072824416
"kallisto","ratio_counts","isoB11","isoB111",0.490126771380852,3.37925205669209,10.0555810987913,7.26296412477678,9.34367466139042,"1597-2528",0.36166199906935,0.63833800093065
"kallisto","ratio_counts","isoB11","isoB111",0.418583734687642,4.41654764067875,10.0555810987913,7.26296412477678,9.3678096345256,"191-575",0.47146001178347,0.52853998821653
"kallisto","ratio_counts","isoB11","isoB111",0.6467666399979,0.796376276198157,10.0555810987913,7.26296412477678,9.13556702674271,"575-813",0.0871731632931935,0.912826836706807
"kallisto","ratio_counts","isoB11","isoB111",0.941291353282662,0.358944419303733,10.0555810987913,7.26296412477678,9.3185189434771,"813-1597",0.0385194709031516,0.961480529096848
"kallisto","ratio_counts","isoB11","isoB112",0.734873128111782,3.36357804255202,10.0555810987913,7.26296412477678,9.34367466139042,"1597-2528",0.359984499080524,0.640015500919476
"kallisto","ratio_counts","isoB11","isoB112",0.334429824580727,4.41524987194053,10.0555810987913,7.26296412477678,9.3678096345256,"191-575",0.471321476865614,0.528678523134386
"kallisto","ratio_counts","isoB11","isoB112",0.640425790586156,0.724167954834992,10.0555810987913,7.26296412477678,9.13556702674271,"575-813",0.0792690757689284,0.920730924231072
"kallisto","ratio_counts","isoB11","isoB112",0.524675539934873,0.358449584065265,10.0555810987913,7.26296412477678,9.3185189434771,"813-1597",0.0384663685548633,0.961533631445137
"kallisto","ratio_counts","isoB11","isoB113",0.790670224983083,3.35651287072883,10.0555810987913,7.26296412477678,9.34367466139042,"1597-2528",0.359228354193291,0.640771645806709
"kallisto","ratio_counts","isoB11","isoB113",0.330058192886861,4.41531797126289,10.0555810987913,7.26296412477678,9.3678096345256,"191-575",0.47132874636884,0.52867125363116
"kallisto","ratio_counts","isoB11","isoB113",0.815433234350293,0.67558239705762,10.0555810987913,7.26296412477678,9.13556702674271,"575-813",0.0739507898174218,0.926049210182578
"kallisto","ratio_counts","isoB11","isoB113",0.56503519685294,0.359647881002245,10.0555810987913,7.26296412477678,9.3185189434771,"813-1597",0.0385949616225222,0.961405038377478
"oarfish","CPM","E3","E31",0.545069125113165,3.71307019351418,10.941345882157,6.09156234168924,8.16963762182738,"1597-2528",0.454496314939811,0.545503685060189
"oarfish","CPM","E3","E31",0.50492346064149,3.9791563520161,10.941345882157,6.09156234168924,8.09259891597529,"191-575",0.491703146706183,0.508296853293817
"oarfish","CPM","E3","E31",0.757097419762248,1.93508080546338,10.941345882157,6.09156234168924,8.61798746156121,"575-813",0.224539756421603,0.775460243578397
"oarfish","CPM","E3","E31",0.670491074606599,1.6180876188109,10.941345882157,6.09156234168924,8.82151092424315,"813-1597",0.183425224171529,0.816574775828471
"oarfish","CPM","E3","E32",0.556306013084086,4.01106333669227,10.941345882157,6.09156234168924,8.16963762182738,"1597-2528",0.490972001741625,0.509027998258375
"oarfish","CPM","E3","E32",0.50492346064149,3.95243861977581,10.941345882157,6.09156234168924,8.09259891597529,"191-575",0.488401644615484,0.511598355384516
"oarfish","CPM","E3","E32",0.798947025879759,2.38797102097533,10.941345882157,6.09156234168924,8.61798746156121,"575-813",0.277091493997455,0.722908506002545
"oarfish","CPM","E3","E32",0.670491074606599,1.59981411319587,10.941345882157,6.09156234168924,8.82151092424315,"813-1597",0.181353752994771,0.818646247005229
"oarfish","CPM","E3","E33",0.460819564791223,3.7363022039097,10.941345882157,6.09156234168924,8.16963762182738,"1597-2528",0.45734001639524,0.54265998360476
"oarfish","CPM","E3","E33",0.476507854631363,3.98975830806168,10.941345882157,6.09156234168924,8.09259891597529,"191-575",0.493013227207598,0.506986772792402
"oarfish","CPM","E3","E33",0.778656307762178,2.42252953941879,10.941345882157,6.09156234168924,8.61798746156121,"575-813",0.281101539103415,0.718898460896585
"oarfish","CPM","E3","E33",0.687416092023853,1.65500300882017,10.941345882157,6.09156234168924,8.82151092424315,"813-1597",0.187609925672927,0.812390074327073
"oarfish","CPM","isoB11","isoB111",0.370481259871982,3.92732516275697,10.2745857333318,8.19538565416613,9.41842017762234,"1597-2528",0.416983431264628,0.583016568735372
"oarfish","CPM","isoB11","isoB111",0.423501820343241,4.41901519394941,10.2745857333318,8.19538565416613,9.31196563930357,"191-575",0.474552351793246,0.525447648206754
"oarfish","CPM","isoB11","isoB111",0.348746717645926,1.56640526203791,10.2745857333318,8.19538565416613,9.33688359577145,"575-813",0.167765319763364,0.832234680236636
"oarfish","CPM","isoB11","isoB111",0.0364538836679316,1.52541182144376,10.2745857333318,8.19538565416613,9.25533078303635,"813-1597",0.164814403418148,0.835185596581852
"oarfish","CPM","isoB11","isoB112",0.463419857709283,3.88561654412695,10.2745857333318,8.19538565416613,9.41842017762234,"1597-2528",0.412555022057623,0.587444977942377
"oarfish","CPM","isoB11","isoB112",0.466125229358432,4.39267862437013,10.2745857333318,8.19538565416613,9.31196563930357,"191-575",0.471724101496862,0.528275898503138
"oarfish","CPM","isoB11","isoB112",0.375378285175252,1.65955719489152,10.2745857333318,8.19538565416613,9.33688359577145,"575-813",0.177742088981715,0.822257911018285
"oarfish","CPM","isoB11","isoB112",0.217421377590878,1.4291204728692,10.2745857333318,8.19538565416613,9.25533078303635,"813-1597",0.154410523661517,0.845589476338483
"oarfish","CPM","isoB11","isoB113",0.45450793736872,3.89872222275687,10.2745857333318,8.19538565416613,9.41842017762234,"1597-2528",0.413946516425337,0.586053483574663
"oarfish","CPM","isoB11","isoB113",0.466125229358432,4.3902233460206,10.2745857333318,8.19538565416613,9.31196563930357,"191-575",0.471460432316301,0.528539567683699
"oarfish","CPM","isoB11","isoB113",0.419764231057461,1.62518172090954,10.2745857333318,8.19538565416613,9.33688359577145,"575-813",0.174060402942751,0.825939597057249
"oarfish","CPM","isoB11","isoB113",0.300744540260436,1.3978077577092,10.2745857333318,8.19538565416613,9.25533078303635,"813-1597",0.151027315011926,0.848972684988074
"oarfish","EDA","E3","E31",0.545069125113165,3.57463986997198,10.941345882157,6.09156234168924,8.16963762182738,"1597-2528",0.437551827319901,0.562448172680099
"oarfish","EDA","E3","E31",0.50492346064149,3.96016332407293,10.941345882157,6.09156234168924,8.09259891597529,"191-575",0.489356183988722,0.510643816011278
"oarfish","EDA","E3","E31",0.757097419762248,1.95711528499066,10.941345882157,6.09156234168924,8.61798746156121,"575-813",0.227096557487462,0.772903442512538
"oarfish","EDA","E3","E31",0.670491074606599,1.58259138098726,10.941345882157,6.09156234168924,8.82151092424315,"813-1597",0.179401396719694,0.820598603280306
"oarfish","EDA","E3","E32",0.542238504707247,3.88034804460279,10.941345882157,6.09156234168924,8.16963762182738,"1597-2528",0.474971868303608,0.525028131696392
"oarfish","EDA","E3","E32",0.519131263646553,3.93806692468985,10.941345882157,6.09156234168924,8.09259891597529,"191-575",0.486625738601212,0.513374261398788
"oarfish","EDA","E3","E32",0.798947025879759,2.40344861798716,10.941345882157,6.09156234168924,8.61798746156121,"575-813",0.278887458203816,0.721112541796184
"oarfish","EDA","E3","E32",0.670491074606599,1.55044278884914,10.941345882157,6.09156234168924,8.82151092424315,"813-1597",0.175757055924313,0.824242944075687
"oarfish","EDA","E3","E33",0.474861158178214,3.58818949707732,10.941345882157,6.09156234168924,8.16963762182738,"1597-2528",0.439210361973769,0.560789638026231
"oarfish","EDA","E3","E33",0.476507854631363,3.97415704011951,10.941345882157,6.09156234168924,8.09259891597529,"191-575",0.491085383247437,0.508914616752564
"oarfish","EDA","E3","E33",0.778656307762178,2.43631323389378,10.941345882157,6.09156234168924,8.61798746156121,"575-813",0.28270094900468,0.717299050995321
"oarfish","EDA","E3","E33",0.687416092023853,1.59101942726424,10.941345882157,6.09156234168924,8.82151092424315,"813-1597",0.180356793856234,0.819643206143766
"oarfish","EDA","isoB11","isoB111",0.360296208054196,3.77229829784732,10.2745857333318,8.19538565416613,9.41842017762234,"1597-2528",0.400523466431249,0.599476533568751
"oarfish","EDA","isoB11","isoB111",0.433337991654439,4.41129669849141,10.2745857333318,8.19538565416613,9.31196563930357,"191-575",0.473723472504279,0.526276527495721
"oarfish","EDA","isoB11","isoB111",0.371573775528205,1.58834523785508,10.2745857333318,8.19538565416613,9.33688359577145,"575-813",0.170115137621981,0.829884862378019
"oarfish","EDA","isoB11","isoB111",0.0156230930005421,1.50844838011923,10.2745857333318,8.19538565416613,9.25533078303635,"813-1597",0.162981574130661,0.837018425869339
"oarfish","EDA","isoB11","isoB112",0.463419857709283,3.71098081680679,10.2745857333318,8.19538565416613,9.41842017762234,"1597-2528",0.394013087845017,0.605986912154983
"oarfish","EDA","isoB11","isoB112",0.475961400669629,4.3884551268655,10.2745857333318,8.19538565416613,9.31196563930357,"191-575",0.471270545537978,0.528729454462022
"oarfish","EDA","isoB11","isoB112",0.375378285175252,1.67243378563892,10.2745857333318,8.19538565416613,9.33688359577145,"575-813",0.179121199111483,0.820878800888517
"oarfish","EDA","isoB11","isoB112",0.234346395008132,1.37265674672479,10.2745857333318,8.19538565416613,9.25533078303635,"813-1597",0.148309852873186,0.851690147126814
"oarfish","EDA","isoB11","isoB113",0.444322885550934,3.72781675948818,10.2745857333318,8.19538565416613,9.41842017762234,"1597-2528",0.395800642696455,0.604199357303545
"oarfish","EDA","isoB11","isoB113",0.466125229358432,4.38545450407873,10.2745857333318,8.19538565416613,9.31196563930357,"191-575",0.470948312520482,0.529051687479518
"oarfish","EDA","isoB11","isoB113",0.419764231057461,1.63958858905449,10.2745857333318,8.19538565416613,9.33688359577145,"575-813",0.175603409021511,0.824396590978489
"oarfish","EDA","isoB11","isoB113",0.300744540260436,1.34862279283071,10.2745857333318,8.19538565416613,9.25533078303635,"813-1597",0.145713084107435,0.854286915892565
"oarfish","TPM","E3","E31",0.531027531726174,4.33498832955084,10.941345882157,6.09156234168924,8.16963762182738,"1597-2528",0.530621862341698,0.469378137658302
"oarfish","TPM","E3","E31",0.528967434957751,3.93013894630301,10.941345882157,6.09156234168924,8.09259891597529,"191-575",0.485646080710199,0.514353919289801
"oarfish","TPM","E3","E31",0.767242778821038,1.96624374435267,10.941345882157,6.09156234168924,8.61798746156121,"575-813",0.228155790794858,0.771844209205142
"oarfish","TPM","E3","E31",0.653566057189345,2.16734547443008,10.941345882157,6.09156234168924,8.82151092424315,"813-1597",0.245688691318605,0.754311308681395
"oarfish","TPM","E3","E32",0.542238504707247,4.56298639285593,10.941345882157,6.09156234168924,8.16963762182738,"1597-2528",0.558529839887229,0.441470160112771
"oarfish","TPM","E3","E32",0.543175237962815,3.91842421694809,10.941345882157,6.09156234168924,8.09259891597529,"191-575",0.48419849514757,0.51580150485243
"oarfish","TPM","E3","E32",0.798947025879759,2.42337423742362,10.941345882157,6.09156234168924,8.61798746156121,"575-813",0.281199554795432,0.718800445204568
"oarfish","TPM","E3","E32",0.653566057189345,2.14895589999399,10.941345882157,6.09156234168924,8.82151092424315,"813-1597",0.243604062665531,0.756395937334469
"oarfish","TPM","E3","E33",0.460819564791223,4.34352456330511,10.941345882157,6.09156234168924,8.16963762182738,"1597-2528",0.531666735339671,0.468333264660329
"oarfish","TPM","E3","E33",0.495087289330292,3.9434998613998,10.941345882157,6.09156234168924,8.09259891597529,"191-575",0.487297084946974,0.512702915053026
"oarfish","TPM","E3","E33",0.757097419762248,2.46039231406438,10.941345882157,6.09156234168924,8.61798746156121,"575-813",0.285494998111619,0.714505001888381
"oarfish","TPM","E3","E33",0.670491074606599,2.22137958759287,10.941345882157,6.09156234168924,8.82151092424315,"813-1597",0.251813958704978,0.748186041295022
"oarfish","TPM","isoB11","isoB111",0.426499044869807,4.63695632138722,10.2745857333318,8.19538565416613,9.41842017762234,"1597-2528",0.492328462092229,0.507671537907771
"oarfish","TPM","isoB11","isoB111",0.454103242200301,4.40943678883814,10.2745857333318,8.19538565416613,9.31196563930357,"191-575",0.473523739201417,0.526476260798583
"oarfish","TPM","isoB11","isoB111",0.384255474351693,1.64586462530318,10.2745857333318,8.19538565416613,9.33688359577145,"575-813",0.176275585790592,0.823724414209408
"oarfish","TPM","isoB11","isoB111",0.0234346395008132,2.09604023574508,10.2745857333318,8.19538565416613,9.25533078303635,"813-1597",0.22646843045165,0.77353156954835
"oarfish","TPM","isoB11","isoB112",0.47742430395874,4.57874375019698,10.2745857333318,8.19538565416613,9.41842017762234,"1597-2528",0.486147747058028,0.513852252941972
"oarfish","TPM","isoB11","isoB112",0.494540835368559,4.39165073475635,10.2745857333318,8.19538565416613,9.31196563930357,"191-575",0.47161371775474,0.528386282245261
"oarfish","TPM","isoB11","isoB112",0.380450964704647,1.72489262875321,10.2745857333318,8.19538565416613,9.33688359577145,"575-813",0.184739652268385,0.815260347731615
"oarfish","TPM","isoB11","isoB112",0.0755116161692869,2.008958520693,10.2745857333318,8.19538565416613,9.25533078303635,"813-1597",0.21705961329606,0.78294038670394
"oarfish","TPM","isoB11","isoB113",0.486336224299303,4.58651791571392,10.2745857333318,8.19538565416613,9.41842017762234,"1597-2528",0.486973168452522,0.513026831547478
"oarfish","TPM","isoB11","isoB113",0.494540835368559,4.38943009302347,10.2745857333318,8.19538565416613,9.31196563930357,"191-575",0.471375245898324,0.528624754101676
"oarfish","TPM","isoB11","isoB113",0.395669003292833,1.68888193548423,10.2745857333318,8.19538565416613,9.33688359577145,"575-813",0.1808828307819,0.8191171692181
"oarfish","TPM","isoB11","isoB113",0.158834778838845,1.97440643351435,10.2745857333318,8.19538565416613,9.25533078303635,"813-1597",0.213326403971768,0.786673596028232
"oarfish","cqn","E3","E31",0.545069125113165,3.53217405363168,10.941345882157,6.09156234168924,8.16963762182738,"1597-2528",0.432353822425921,0.567646177574079
"oarfish","cqn","E3","E31",0.481561203132796,3.82888946215536,10.941345882157,6.09156234168924,8.09259891597529,"191-575",0.473134712582493,0.526865287417507
"oarfish","cqn","E3","E31",0.798947025879759,1.85000801705376,10.941345882157,6.09156234168924,8.61798746156121,"575-813",0.214668218688568,0.785331781311432
"oarfish","cqn","E3","E31",0.670491074606599,1.50133673042963,10.941345882157,6.09156234168924,8.82151092424315,"813-1597",0.170190429204557,0.829809570795442
"oarfish","cqn","E3","E32",0.531027531726174,3.5730069512433,10.941345882157,6.09156234168924,8.16963762182738,"1597-2528",0.437351950800983,0.562648049199017
"oarfish","cqn","E3","E32",0.491366747992966,3.77661498702552,10.941345882157,6.09156234168924,8.09259891597529,"191-575",0.466675171503959,0.533324828496041
"oarfish","cqn","E3","E32",0.798947025879759,1.92762473302419,10.941345882157,6.09156234168924,8.61798746156121,"575-813",0.223674580825508,0.776325419174492
"oarfish","cqn","E3","E32",0.670491074606599,1.46818312606665,10.941345882157,6.09156234168924,8.82151092424315,"813-1597",0.16643216096143,0.83356783903857
"oarfish","cqn","E3","E33",0.474861158178214,3.51361009001409,10.941345882157,6.09156234168924,8.16963762182738,"1597-2528",0.430081510669034,0.569918489330966
"oarfish","cqn","E3","E33",0.453234073536749,3.82460346339884,10.941345882157,6.09156234168924,8.09259891597529,"191-575",0.472605093012683,0.527394906987317
"oarfish","cqn","E3","E33",0.788801666820968,1.97474721836332,10.941345882157,6.09156234168924,8.61798746156121,"575-813",0.229142503069456,0.770857496930544
"oarfish","cqn","E3","E33",0.687416092023853,1.51073576594364,10.941345882157,6.09156234168924,8.82151092424315,"813-1597",0.171255896967928,0.828744103032072
"oarfish","cqn","isoB11","isoB111",0.347564893281962,3.71641114371378,10.2745857333318,8.19538565416613,9.41842017762234,"1597-2528",0.394589652364817,0.605410347635183
"oarfish","cqn","isoB11","isoB111",0.428175458894093,4.1890531456298,10.2745857333318,8.19538565416613,9.31196563930357,"191-575",0.449857023521308,0.550142976478692
"oarfish","cqn","isoB11","isoB111",0.348746717645926,1.60175014529158,10.2745857333318,8.19538565416613,9.33688359577145,"575-813",0.17155083158764,0.82844916841236
"oarfish","cqn","isoB11","isoB111",-0.0572846743353211,1.43290660621245,10.2745857333318,8.19538565416613,9.25533078303635,"813-1597",0.154819599623468,0.845180400376532
"oarfish","cqn","isoB11","isoB112",0.45450793736872,3.66849395993128,10.2745857333318,8.19538565416613,9.41842017762234,"1597-2528",0.389502049255291,0.610497950744709
"oarfish","cqn","isoB11","isoB112",0.452144568552286,4.2408038721077,10.2745857333318,8.19538565416613,9.31196563930357,"191-575",0.455414467403991,0.544585532596009
"oarfish","cqn","isoB11","isoB112",0.369037435763508,1.67998668591441,10.2745857333318,8.19538565416613,9.33688359577145,"575-813",0.179930130721053,0.820069869278947
"oarfish","cqn","isoB11","isoB112",0.178363645089522,1.31933120727669,10.2745857333318,8.19538565416613,9.25533078303635,"813-1597",0.142548250106288,0.857451749893712
"oarfish","cqn","isoB11","isoB113",0.45450793736872,3.68592913346022,10.2745857333318,8.19538565416613,9.41842017762234,"1597-2528",0.391353227393464,0.608646772606537
"oarfish","cqn","isoB11","isoB113",0.449965558583359,4.21840071644876,10.2745857333318,8.19538565416613,9.31196563930357,"191-575",0.453008621363883,0.546991378636117
"oarfish","cqn","isoB11","isoB113",0.369037435763508,1.65108913784942,10.2745857333318,8.19538565416613,9.33688359577145,"575-813",0.176835142144984,0.823164857855016
"oarfish","cqn","isoB11","isoB113",0.234346395008132,1.30218426632615,10.2745857333318,8.19538565416613,9.25533078303635,"813-1597",0.140695594447349,0.859304405552651
"oarfish","ratio_counts","E3","E31",0.549094157847113,3.41283578106242,10.4689195471999,6.33247384861126,8.55501149411231,"1597-2528",0.398928251985539,0.601071748014461
"oarfish","ratio_counts","E3","E31",0.585798646978005,3.95573705572943,10.4689195471999,6.33247384861126,8.60856630373646,"191-575",0.459511713816095,0.540488286183905
"oarfish","ratio_counts","E3","E31",0.925764014114641,1.13098989466082,10.4689195471999,6.33247384861126,8.87680639400666,"575-813",0.127409548486315,0.872590451513685
"oarfish","ratio_counts","E3","E31",0.941291353282662,0.399141459161992,10.4689195471999,6.33247384861126,9.34494444100298,"813-1597",0.0427120205670428,0.957287979432957
"oarfish","ratio_counts","E3","E32",0.543755277901262,3.73699638496482,10.4689195471999,6.33247384861126,8.55501149411231,"1597-2528",0.436819563309375,0.563180436690625
"oarfish","ratio_counts","E3","E32",0.585798646978005,3.95502479647851,10.4689195471999,6.33247384861126,8.60856630373646,"191-575",0.459428975387211,0.540571024612789
"oarfish","ratio_counts","E3","E32",0.946054732232222,1.69587175465607,10.4689195471999,6.33247384861126,8.87680639400666,"575-813",0.191045256523908,0.808954743476092
"oarfish","ratio_counts","E3","E32",0.941291353282662,0.378495925236602,10.4689195471999,6.33247384861126,9.34494444100298,"813-1597",0.0405027475151022,0.959497252484898
"oarfish","ratio_counts","E3","E33",0.527536188601383,3.41933258793115,10.4689195471999,6.33247384861126,8.55501149411231,"1597-2528",0.399687667314578,0.600312332685422
"oarfish","ratio_counts","E3","E33",0.595634818289203,3.94543659489565,10.4689195471999,6.33247384861126,8.60856630373646,"191-575",0.458315177660091,0.541684822339909
"oarfish","ratio_counts","E3","E33",0.925764014114641,1.68623702315762,10.4689195471999,6.33247384861126,8.87680639400666,"575-813",0.189959873890695,0.810040126109305
"oarfish","ratio_counts","E3","E33",0.941291353282662,0.50959488228999,10.4689195471999,6.33247384861126,9.34494444100298,"813-1597",0.0545316117722468,0.945468388227753
"oarfish","ratio_counts","isoB11","isoB111",0.806521672957884,3.25142666270602,10.0555810987913,7.26296412477678,9.34367466139042,"1597-2528",0.34798157903993,0.65201842096007
"oarfish","ratio_counts","isoB11","isoB111",0.601645811868269,4.37048049222776,10.0555810987913,7.26296412477678,9.3678096345256,"191-575",0.466542410951659,0.533457589048341
"oarfish","ratio_counts","isoB11","isoB111",0.90547329599706,0.506873814373513,10.0555810987913,7.26296412477678,9.13556702674271,"575-813",0.0554835636244288,0.944516436375571
"oarfish","ratio_counts","isoB11","isoB111",0.941291353282662,0.341160010490326,10.0555810987913,7.26296412477678,9.3185189434771,"813-1597",0.0366109692494788,0.963389030750521
"oarfish","ratio_counts","isoB11","isoB112",0.897826013292738,3.24924197626402,10.0555810987913,7.26296412477678,9.34367466139042,"1597-2528",0.347747764558886,0.652252235441114
"oarfish","ratio_counts","isoB11","isoB112",0.48798338782776,4.36883942522399,10.0555810987913,7.26296412477678,9.3678096345256,"191-575",0.466367229445224,0.533632770554776
"oarfish","ratio_counts","isoB11","isoB112",0.854746500703107,0.441165702416042,10.0555810987913,7.26296412477678,9.13556702674271,"575-813",0.0482910038451482,0.951708996154852
"oarfish","ratio_counts","isoB11","isoB112",0.463485092349416,0.344479775574249,10.0555810987913,7.26296412477678,9.3185189434771,"813-1597",0.0369672238328584,0.963032776167142
"oarfish","ratio_counts","isoB11","isoB113",0.872463696533057,3.25797660664531,10.0555810987913,7.26296412477678,9.34367466139042,"1597-2528",0.348682582036787,0.651317417963214
"oarfish","ratio_counts","isoB11","isoB113",0.544814599848014,4.368481594574,10.0555810987913,7.26296412477678,9.3678096345256,"191-575",0.466329031545828,0.533670968454172
"oarfish","ratio_counts","isoB11","isoB113",0.885182577879479,0.423063050241123,10.0555810987913,7.26296412477678,9.13556702674271,"575-813",0.0463094462557916,0.953690553744208
"oarfish","ratio_counts","isoB11","isoB113",0.548110179435686,0.334972960488132,10.0555810987913,7.26296412477678,9.3185189434771,"813-1597",0.0359470171730038,0.964052982826996
