"Dataset","Platform","Transcript length bin","Tool","Normalization","Condition","Sample","Spearman correlation"
"Mouse","Iso-Seq","0-1.5k","Bambu","CPM","B20K80","B20K80_1",0.749493987740632
"Mouse","Iso-Seq","0-1.5k","Bambu","CPM","B20K80","B20K80_2",0.785773648996787
"Mouse","Iso-Seq","0-1.5k","Bambu","CPM","B20K80","B20K80_3",0.65770796360065
"Mouse","Iso-Seq","0-1.5k","Bambu","CPM","B20K80","B20K80_4",0.681766857158572
"Mouse","Iso-Seq","0-1.5k","Bambu","CPM","B20K80","B20K80_5",0.715022457803595
"Mouse","Iso-Seq","0-1.5k","Bambu","CPM","Brain","B31",0.768166497723371
"Mouse","Iso-Seq","0-1.5k","Bambu","CPM","Brain","B32",0.786806369847584
"Mouse","Iso-Seq","0-1.5k","Bambu","CPM","Brain","B33",0.759724234251387
"Mouse","Iso-Seq","0-1.5k","Bambu","CPM","Brain","B34",0.687735047733508
"Mouse","Iso-Seq","0-1.5k","Bambu","CPM","Brain","B35",0.749708808986661
"Mouse","Iso-Seq","0-1.5k","Bambu","CPM","B80K20","B80K20_1",0.739877774035873
"Mouse","Iso-Seq","0-1.5k","Bambu","CPM","B80K20","B80K20_2",0.761680666604441
"Mouse","Iso-Seq","0-1.5k","Bambu","CPM","B80K20","B80K20_3",0.660099431992921
"Mouse","Iso-Seq","0-1.5k","Bambu","CPM","B80K20","B80K20_4",0.701456552500931
"Mouse","Iso-Seq","0-1.5k","Bambu","CPM","B80K20","B80K20_5",0.722168329852231
"Mouse","Iso-Seq","0-1.5k","Bambu","CPM","Kidney","K31",0.810089432559627
"Mouse","Iso-Seq","0-1.5k","Bambu","CPM","Kidney","K32",0.764715913997221
"Mouse","Iso-Seq","0-1.5k","Bambu","CPM","Kidney","K33",0.738897802547972
"Mouse","Iso-Seq","0-1.5k","Bambu","CPM","Kidney","K34",0.676290392012562
"Mouse","Iso-Seq","0-1.5k","Bambu","CPM","Kidney","K35",0.690863752269969
"Mouse","Iso-Seq","0-1.5k","Bambu","CQN","B20K80","B20K80_1",0.766296875053061
"Mouse","Iso-Seq","0-1.5k","Bambu","CQN","B20K80","B20K80_2",0.796116085555747
"Mouse","Iso-Seq","0-1.5k","Bambu","CQN","B20K80","B20K80_3",0.761574075847498
"Mouse","Iso-Seq","0-1.5k","Bambu","CQN","B20K80","B20K80_4",0.766594642744517
"Mouse","Iso-Seq","0-1.5k","Bambu","CQN","B20K80","B20K80_5",0.751993958387619
"Mouse","Iso-Seq","0-1.5k","Bambu","CQN","Brain","B31",0.775594349418409
"Mouse","Iso-Seq","0-1.5k","Bambu","CQN","Brain","B32",0.799927227030086
"Mouse","Iso-Seq","0-1.5k","Bambu","CQN","Brain","B33",0.785078247797676
"Mouse","Iso-Seq","0-1.5k","Bambu","CQN","Brain","B34",0.782016331236578
"Mouse","Iso-Seq","0-1.5k","Bambu","CQN","Brain","B35",0.791082783136574
"Mouse","Iso-Seq","0-1.5k","Bambu","CQN","B80K20","B80K20_1",0.781943209939927
"Mouse","Iso-Seq","0-1.5k","Bambu","CQN","B80K20","B80K20_2",0.78171675904189
"Mouse","Iso-Seq","0-1.5k","Bambu","CQN","B80K20","B80K20_3",0.775631042664534
"Mouse","Iso-Seq","0-1.5k","Bambu","CQN","B80K20","B80K20_4",0.764028635796383
"Mouse","Iso-Seq","0-1.5k","Bambu","CQN","B80K20","B80K20_5",0.779703205349154
"Mouse","Iso-Seq","0-1.5k","Bambu","CQN","Kidney","K31",0.750180664473389
"Mouse","Iso-Seq","0-1.5k","Bambu","CQN","Kidney","K32",0.771227350580399
"Mouse","Iso-Seq","0-1.5k","Bambu","CQN","Kidney","K33",0.761948639242627
"Mouse","Iso-Seq","0-1.5k","Bambu","CQN","Kidney","K34",0.751875837440781
"Mouse","Iso-Seq","0-1.5k","Bambu","CQN","Kidney","K35",0.711836690147972
"Mouse","Iso-Seq","0-1.5k","Bambu","EDASeq","B20K80","B20K80_1",0.769039647230239
"Mouse","Iso-Seq","0-1.5k","Bambu","EDASeq","B20K80","B20K80_2",0.797916778850137
"Mouse","Iso-Seq","0-1.5k","Bambu","EDASeq","B20K80","B20K80_3",0.741380049992185
"Mouse","Iso-Seq","0-1.5k","Bambu","EDASeq","B20K80","B20K80_4",0.747269954847263
"Mouse","Iso-Seq","0-1.5k","Bambu","EDASeq","B20K80","B20K80_5",0.748542448396151
"Mouse","Iso-Seq","0-1.5k","Bambu","EDASeq","Brain","B31",0.758634961989693
"Mouse","Iso-Seq","0-1.5k","Bambu","EDASeq","Brain","B32",0.791614917804954
"Mouse","Iso-Seq","0-1.5k","Bambu","EDASeq","Brain","B33",0.772152792449538
"Mouse","Iso-Seq","0-1.5k","Bambu","EDASeq","Brain","B34",0.752250465441225
"Mouse","Iso-Seq","0-1.5k","Bambu","EDASeq","Brain","B35",0.77398424563511
"Mouse","Iso-Seq","0-1.5k","Bambu","EDASeq","B80K20","B80K20_1",0.782128401297814
"Mouse","Iso-Seq","0-1.5k","Bambu","EDASeq","B80K20","B80K20_2",0.781692262399153
"Mouse","Iso-Seq","0-1.5k","Bambu","EDASeq","B80K20","B80K20_3",0.755831317910803
"Mouse","Iso-Seq","0-1.5k","Bambu","EDASeq","B80K20","B80K20_4",0.7614094490677
"Mouse","Iso-Seq","0-1.5k","Bambu","EDASeq","B80K20","B80K20_5",0.768200718980049
"Mouse","Iso-Seq","0-1.5k","Bambu","EDASeq","Kidney","K31",0.77570878034265
"Mouse","Iso-Seq","0-1.5k","Bambu","EDASeq","Kidney","K32",0.781187272424765
"Mouse","Iso-Seq","0-1.5k","Bambu","EDASeq","Kidney","K33",0.760472284968824
"Mouse","Iso-Seq","0-1.5k","Bambu","EDASeq","Kidney","K34",0.731216447337332
"Mouse","Iso-Seq","0-1.5k","Bambu","EDASeq","Kidney","K35",0.713608610263685
"Mouse","Iso-Seq","0-1.5k","Bambu","SMR","B20K80","B20K80_1",0.687111670049414
"Mouse","Iso-Seq","0-1.5k","Bambu","SMR","B20K80","B20K80_2",0.750003222296481
"Mouse","Iso-Seq","0-1.5k","Bambu","SMR","B20K80","B20K80_3",0.592654471532595
"Mouse","Iso-Seq","0-1.5k","Bambu","SMR","B20K80","B20K80_4",0.66340791320669
"Mouse","Iso-Seq","0-1.5k","Bambu","SMR","B20K80","B20K80_5",0.722524735306294
"Mouse","Iso-Seq","0-1.5k","Bambu","SMR","Brain","B31",0.707583173654451
"Mouse","Iso-Seq","0-1.5k","Bambu","SMR","Brain","B32",0.750794141960219
"Mouse","Iso-Seq","0-1.5k","Bambu","SMR","Brain","B33",0.73581627710335
"Mouse","Iso-Seq","0-1.5k","Bambu","SMR","Brain","B34",0.768626935056439
"Mouse","Iso-Seq","0-1.5k","Bambu","SMR","Brain","B35",0.767421225003311
"Mouse","Iso-Seq","0-1.5k","Bambu","SMR","B80K20","B80K20_1",0.740128246072651
"Mouse","Iso-Seq","0-1.5k","Bambu","SMR","B80K20","B80K20_2",0.617461716730944
"Mouse","Iso-Seq","0-1.5k","Bambu","SMR","B80K20","B80K20_3",0.676228645626839
"Mouse","Iso-Seq","0-1.5k","Bambu","SMR","B80K20","B80K20_4",0.624960931384489
"Mouse","Iso-Seq","0-1.5k","Bambu","SMR","B80K20","B80K20_5",0.707060449046135
"Mouse","Iso-Seq","0-1.5k","Bambu","SMR","Kidney","K31",0.834236299069508
"Mouse","Iso-Seq","0-1.5k","Bambu","SMR","Kidney","K32",0.806584243121788
"Mouse","Iso-Seq","0-1.5k","Bambu","SMR","Kidney","K33",0.782867077231052
"Mouse","Iso-Seq","0-1.5k","Bambu","SMR","Kidney","K34",0.72180791064883
"Mouse","Iso-Seq","0-1.5k","Bambu","SMR","Kidney","K35",0.72786548176937
"Mouse","Iso-Seq","0-1.5k","Bambu","TPM","B20K80","B20K80_1",0.830925600732839
"Mouse","Iso-Seq","0-1.5k","Bambu","TPM","B20K80","B20K80_2",0.854798769302574
"Mouse","Iso-Seq","0-1.5k","Bambu","TPM","B20K80","B20K80_3",0.759609932580748
"Mouse","Iso-Seq","0-1.5k","Bambu","TPM","B20K80","B20K80_4",0.780023275245081
"Mouse","Iso-Seq","0-1.5k","Bambu","TPM","B20K80","B20K80_5",0.807343490070525
"Mouse","Iso-Seq","0-1.5k","Bambu","TPM","Brain","B31",0.838369740366866
"Mouse","Iso-Seq","0-1.5k","Bambu","TPM","Brain","B32",0.853864121347914
"Mouse","Iso-Seq","0-1.5k","Bambu","TPM","Brain","B33",0.834754050533716
"Mouse","Iso-Seq","0-1.5k","Bambu","TPM","Brain","B34",0.783515866673159
"Mouse","Iso-Seq","0-1.5k","Bambu","TPM","Brain","B35",0.827589075732997
"Mouse","Iso-Seq","0-1.5k","Bambu","TPM","B80K20","B80K20_1",0.825272919581265
"Mouse","Iso-Seq","0-1.5k","Bambu","TPM","B80K20","B80K20_2",0.834459971326852
"Mouse","Iso-Seq","0-1.5k","Bambu","TPM","B80K20","B80K20_3",0.765249955987932
"Mouse","Iso-Seq","0-1.5k","Bambu","TPM","B80K20","B80K20_4",0.796104276500249
"Mouse","Iso-Seq","0-1.5k","Bambu","TPM","B80K20","B80K20_5",0.812474823895936
"Mouse","Iso-Seq","0-1.5k","Bambu","TPM","Kidney","K31",0.873440758569412
"Mouse","Iso-Seq","0-1.5k","Bambu","TPM","Kidney","K32",0.843632430365233
"Mouse","Iso-Seq","0-1.5k","Bambu","TPM","Kidney","K33",0.827417629707137
"Mouse","Iso-Seq","0-1.5k","Bambu","TPM","Kidney","K34",0.77858239131092
"Mouse","Iso-Seq","0-1.5k","Bambu","TPM","Kidney","K35",0.790740963214238
"Mouse","Iso-Seq","0-1.5k","FLAIR","CPM","B20K80","B20K80_1",0.764264349450963
"Mouse","Iso-Seq","0-1.5k","FLAIR","CPM","B20K80","B20K80_2",0.795322909674622
"Mouse","Iso-Seq","0-1.5k","FLAIR","CPM","B20K80","B20K80_3",0.66637558274108
"Mouse","Iso-Seq","0-1.5k","FLAIR","CPM","B20K80","B20K80_4",0.689573442085804
"Mouse","Iso-Seq","0-1.5k","FLAIR","CPM","B20K80","B20K80_5",0.719939856688186
"Mouse","Iso-Seq","0-1.5k","FLAIR","CPM","Brain","B31",0.784997793828189
"Mouse","Iso-Seq","0-1.5k","FLAIR","CPM","Brain","B32",0.789889435754181
"Mouse","Iso-Seq","0-1.5k","FLAIR","CPM","Brain","B33",0.778956165626542
"Mouse","Iso-Seq","0-1.5k","FLAIR","CPM","Brain","B34",0.680035748058394
"Mouse","Iso-Seq","0-1.5k","FLAIR","CPM","Brain","B35",0.745897459946969
"Mouse","Iso-Seq","0-1.5k","FLAIR","CPM","B80K20","B80K20_1",0.742783097242931
"Mouse","Iso-Seq","0-1.5k","FLAIR","CPM","B80K20","B80K20_2",0.777958705382983
"Mouse","Iso-Seq","0-1.5k","FLAIR","CPM","B80K20","B80K20_3",0.654079093427307
"Mouse","Iso-Seq","0-1.5k","FLAIR","CPM","B80K20","B80K20_4",0.707684212267337
"Mouse","Iso-Seq","0-1.5k","FLAIR","CPM","B80K20","B80K20_5",0.720670153797537
"Mouse","Iso-Seq","0-1.5k","FLAIR","CPM","Kidney","K31",0.822387520070829
"Mouse","Iso-Seq","0-1.5k","FLAIR","CPM","Kidney","K32",0.779668339758868
"Mouse","Iso-Seq","0-1.5k","FLAIR","CPM","Kidney","K33",0.757381951954238
"Mouse","Iso-Seq","0-1.5k","FLAIR","CPM","Kidney","K34",0.68195533053075
"Mouse","Iso-Seq","0-1.5k","FLAIR","CPM","Kidney","K35",0.700277165199694
"Mouse","Iso-Seq","0-1.5k","FLAIR","CQN","B20K80","B20K80_1",0.778656387838098
"Mouse","Iso-Seq","0-1.5k","FLAIR","CQN","B20K80","B20K80_2",0.796044860409405
"Mouse","Iso-Seq","0-1.5k","FLAIR","CQN","B20K80","B20K80_3",0.767639608550872
"Mouse","Iso-Seq","0-1.5k","FLAIR","CQN","B20K80","B20K80_4",0.768448541907283
"Mouse","Iso-Seq","0-1.5k","FLAIR","CQN","B20K80","B20K80_5",0.750506671677191
"Mouse","Iso-Seq","0-1.5k","FLAIR","CQN","Brain","B31",0.78467845915244006
"Mouse","Iso-Seq","0-1.5k","FLAIR","CQN","Brain","B32",0.800110082228678
"Mouse","Iso-Seq","0-1.5k","FLAIR","CQN","Brain","B33",0.790423596309299
"Mouse","Iso-Seq","0-1.5k","FLAIR","CQN","Brain","B34",0.777176384154402
"Mouse","Iso-Seq","0-1.5k","FLAIR","CQN","Brain","B35",0.786368322454131
"Mouse","Iso-Seq","0-1.5k","FLAIR","CQN","B80K20","B80K20_1",0.773052966894301
"Mouse","Iso-Seq","0-1.5k","FLAIR","CQN","B80K20","B80K20_2",0.779816266934691
"Mouse","Iso-Seq","0-1.5k","FLAIR","CQN","B80K20","B80K20_3",0.766725593836144
"Mouse","Iso-Seq","0-1.5k","FLAIR","CQN","B80K20","B80K20_4",0.75931938882774
"Mouse","Iso-Seq","0-1.5k","FLAIR","CQN","B80K20","B80K20_5",0.768004127638044
"Mouse","Iso-Seq","0-1.5k","FLAIR","CQN","Kidney","K31",0.750889815601412
"Mouse","Iso-Seq","0-1.5k","FLAIR","CQN","Kidney","K32",0.777866105574906
"Mouse","Iso-Seq","0-1.5k","FLAIR","CQN","Kidney","K33",0.769677209347279
"Mouse","Iso-Seq","0-1.5k","FLAIR","CQN","Kidney","K34",0.759314055882134
"Mouse","Iso-Seq","0-1.5k","FLAIR","CQN","Kidney","K35",0.728333984333906
"Mouse","Iso-Seq","0-1.5k","FLAIR","EDASeq","B20K80","B20K80_1",0.752568577030796
"Mouse","Iso-Seq","0-1.5k","FLAIR","EDASeq","B20K80","B20K80_2",0.789835559044217
"Mouse","Iso-Seq","0-1.5k","FLAIR","EDASeq","B20K80","B20K80_3",0.704968699305021
"Mouse","Iso-Seq","0-1.5k","FLAIR","EDASeq","B20K80","B20K80_4",0.704976908426038
"Mouse","Iso-Seq","0-1.5k","FLAIR","EDASeq","B20K80","B20K80_5",0.711872090785762
"Mouse","Iso-Seq","0-1.5k","FLAIR","EDASeq","Brain","B31",0.770232902103919
"Mouse","Iso-Seq","0-1.5k","FLAIR","EDASeq","Brain","B32",0.782248474342401
"Mouse","Iso-Seq","0-1.5k","FLAIR","EDASeq","Brain","B33",0.770527944035324
"Mouse","Iso-Seq","0-1.5k","FLAIR","EDASeq","Brain","B34",0.723187826151683
"Mouse","Iso-Seq","0-1.5k","FLAIR","EDASeq","Brain","B35",0.756014557944889
"Mouse","Iso-Seq","0-1.5k","FLAIR","EDASeq","B80K20","B80K20_1",0.753254565255003
"Mouse","Iso-Seq","0-1.5k","FLAIR","EDASeq","B80K20","B80K20_2",0.785292001306701
"Mouse","Iso-Seq","0-1.5k","FLAIR","EDASeq","B80K20","B80K20_3",0.694104550714022
"Mouse","Iso-Seq","0-1.5k","FLAIR","EDASeq","B80K20","B80K20_4",0.741618619564259
"Mouse","Iso-Seq","0-1.5k","FLAIR","EDASeq","B80K20","B80K20_5",0.735255768984431
"Mouse","Iso-Seq","0-1.5k","FLAIR","EDASeq","Kidney","K31",0.7843739974171
"Mouse","Iso-Seq","0-1.5k","FLAIR","EDASeq","Kidney","K32",0.777932017467659
"Mouse","Iso-Seq","0-1.5k","FLAIR","EDASeq","Kidney","K33",0.762686938169956
"Mouse","Iso-Seq","0-1.5k","FLAIR","EDASeq","Kidney","K34",0.708759953379345
"Mouse","Iso-Seq","0-1.5k","FLAIR","EDASeq","Kidney","K35",0.701566736229187
"Mouse","Iso-Seq","0-1.5k","FLAIR","SMR","B20K80","B20K80_1",0.666297324452591
"Mouse","Iso-Seq","0-1.5k","FLAIR","SMR","B20K80","B20K80_2",0.709418318522365
"Mouse","Iso-Seq","0-1.5k","FLAIR","SMR","B20K80","B20K80_3",0.559898922512357
"Mouse","Iso-Seq","0-1.5k","FLAIR","SMR","B20K80","B20K80_4",0.632098158829397
"Mouse","Iso-Seq","0-1.5k","FLAIR","SMR","B20K80","B20K80_5",0.696697196481483
"Mouse","Iso-Seq","0-1.5k","FLAIR","SMR","Brain","B31",0.714826746790374
"Mouse","Iso-Seq","0-1.5k","FLAIR","SMR","Brain","B32",0.722937033363516
"Mouse","Iso-Seq","0-1.5k","FLAIR","SMR","Brain","B33",0.735178113692137
"Mouse","Iso-Seq","0-1.5k","FLAIR","SMR","Brain","B34",0.75609241883338
"Mouse","Iso-Seq","0-1.5k","FLAIR","SMR","Brain","B35",0.749451767239653
"Mouse","Iso-Seq","0-1.5k","FLAIR","SMR","B80K20","B80K20_1",0.705677771727321
"Mouse","Iso-Seq","0-1.5k","FLAIR","SMR","B80K20","B80K20_2",0.573685006625477
"Mouse","Iso-Seq","0-1.5k","FLAIR","SMR","B80K20","B80K20_3",0.624366241814334
"Mouse","Iso-Seq","0-1.5k","FLAIR","SMR","B80K20","B80K20_4",0.578111706531189
"Mouse","Iso-Seq","0-1.5k","FLAIR","SMR","B80K20","B80K20_5",0.672446582897405
"Mouse","Iso-Seq","0-1.5k","FLAIR","SMR","Kidney","K31",0.80675401602363
"Mouse","Iso-Seq","0-1.5k","FLAIR","SMR","Kidney","K32",0.777102810088127
"Mouse","Iso-Seq","0-1.5k","FLAIR","SMR","Kidney","K33",0.760419138518533
"Mouse","Iso-Seq","0-1.5k","FLAIR","SMR","Kidney","K34",0.678448879121129
"Mouse","Iso-Seq","0-1.5k","FLAIR","SMR","Kidney","K35",0.70371253578202
"Mouse","Iso-Seq","0-1.5k","FLAIR","TPM","B20K80","B20K80_1",0.844226873607707
"Mouse","Iso-Seq","0-1.5k","FLAIR","TPM","B20K80","B20K80_2",0.861985965476558
"Mouse","Iso-Seq","0-1.5k","FLAIR","TPM","B20K80","B20K80_3",0.769048272763309
"Mouse","Iso-Seq","0-1.5k","FLAIR","TPM","B20K80","B20K80_4",0.787643362786143
"Mouse","Iso-Seq","0-1.5k","FLAIR","TPM","B20K80","B20K80_5",0.811768303763205
"Mouse","Iso-Seq","0-1.5k","FLAIR","TPM","Brain","B31",0.855110853320123
"Mouse","Iso-Seq","0-1.5k","FLAIR","TPM","Brain","B32",0.858090150044475
"Mouse","Iso-Seq","0-1.5k","FLAIR","TPM","Brain","B33",0.854109709093011
"Mouse","Iso-Seq","0-1.5k","FLAIR","TPM","Brain","B34",0.782267315805775
"Mouse","Iso-Seq","0-1.5k","FLAIR","TPM","Brain","B35",0.827514153749877
"Mouse","Iso-Seq","0-1.5k","FLAIR","TPM","B80K20","B80K20_1",0.827254621925985
"Mouse","Iso-Seq","0-1.5k","FLAIR","TPM","B80K20","B80K20_2",0.846574120678164
"Mouse","Iso-Seq","0-1.5k","FLAIR","TPM","B80K20","B80K20_3",0.760749926964133
"Mouse","Iso-Seq","0-1.5k","FLAIR","TPM","B80K20","B80K20_4",0.799884108590251
"Mouse","Iso-Seq","0-1.5k","FLAIR","TPM","B80K20","B80K20_5",0.81014030968574
"Mouse","Iso-Seq","0-1.5k","FLAIR","TPM","Kidney","K31",0.884868880261002
"Mouse","Iso-Seq","0-1.5k","FLAIR","TPM","Kidney","K32",0.857212708048269
"Mouse","Iso-Seq","0-1.5k","FLAIR","TPM","Kidney","K33",0.844666216591548
"Mouse","Iso-Seq","0-1.5k","FLAIR","TPM","Kidney","K34",0.785843347839048
"Mouse","Iso-Seq","0-1.5k","FLAIR","TPM","Kidney","K35",0.800439436194506
"Mouse","Iso-Seq","0-1.5k","IsoQuant","CPM","B20K80","B20K80_1",0.741772886633833
"Mouse","Iso-Seq","0-1.5k","IsoQuant","CPM","B20K80","B20K80_2",0.783893890212941
"Mouse","Iso-Seq","0-1.5k","IsoQuant","CPM","B20K80","B20K80_3",0.647015423576873
"Mouse","Iso-Seq","0-1.5k","IsoQuant","CPM","B20K80","B20K80_4",0.670200493460791
"Mouse","Iso-Seq","0-1.5k","IsoQuant","CPM","B20K80","B20K80_5",0.698053596113385
"Mouse","Iso-Seq","0-1.5k","IsoQuant","CPM","Brain","B31",0.777665604250773
"Mouse","Iso-Seq","0-1.5k","IsoQuant","CPM","Brain","B32",0.781539441929847
"Mouse","Iso-Seq","0-1.5k","IsoQuant","CPM","Brain","B33",0.769434405548549
"Mouse","Iso-Seq","0-1.5k","IsoQuant","CPM","Brain","B34",0.672573518331236
"Mouse","Iso-Seq","0-1.5k","IsoQuant","CPM","Brain","B35",0.738018670214831
"Mouse","Iso-Seq","0-1.5k","IsoQuant","CPM","B80K20","B80K20_1",0.724201550795872
"Mouse","Iso-Seq","0-1.5k","IsoQuant","CPM","B80K20","B80K20_2",0.761749467147553
"Mouse","Iso-Seq","0-1.5k","IsoQuant","CPM","B80K20","B80K20_3",0.625903350595809
"Mouse","Iso-Seq","0-1.5k","IsoQuant","CPM","B80K20","B80K20_4",0.682778529258302
"Mouse","Iso-Seq","0-1.5k","IsoQuant","CPM","B80K20","B80K20_5",0.699454037899135
"Mouse","Iso-Seq","0-1.5k","IsoQuant","CPM","Kidney","K31",0.805302996124216
"Mouse","Iso-Seq","0-1.5k","IsoQuant","CPM","Kidney","K32",0.762531982620178
"Mouse","Iso-Seq","0-1.5k","IsoQuant","CPM","Kidney","K33",0.735778494275856
"Mouse","Iso-Seq","0-1.5k","IsoQuant","CPM","Kidney","K34",0.645743579268145
"Mouse","Iso-Seq","0-1.5k","IsoQuant","CPM","Kidney","K35",0.667191625770472
"Mouse","Iso-Seq","0-1.5k","IsoQuant","CQN","B20K80","B20K80_1",0.709479160122912
"Mouse","Iso-Seq","0-1.5k","IsoQuant","CQN","B20K80","B20K80_2",0.744204309101605
"Mouse","Iso-Seq","0-1.5k","IsoQuant","CQN","B20K80","B20K80_3",0.719997474657101
"Mouse","Iso-Seq","0-1.5k","IsoQuant","CQN","B20K80","B20K80_4",0.712650448115479
"Mouse","Iso-Seq","0-1.5k","IsoQuant","CQN","B20K80","B20K80_5",0.686889836419291
"Mouse","Iso-Seq","0-1.5k","IsoQuant","CQN","Brain","B31",0.745635468542657
"Mouse","Iso-Seq","0-1.5k","IsoQuant","CQN","Brain","B32",0.763921331327377
"Mouse","Iso-Seq","0-1.5k","IsoQuant","CQN","Brain","B33",0.755529712839206
"Mouse","Iso-Seq","0-1.5k","IsoQuant","CQN","Brain","B34",0.754612540199205
"Mouse","Iso-Seq","0-1.5k","IsoQuant","CQN","Brain","B35",0.749918351463015
"Mouse","Iso-Seq","0-1.5k","IsoQuant","CQN","B80K20","B80K20_1",0.730071286832307
"Mouse","Iso-Seq","0-1.5k","IsoQuant","CQN","B80K20","B80K20_2",0.737226772728246
"Mouse","Iso-Seq","0-1.5k","IsoQuant","CQN","B80K20","B80K20_3",0.722868234260173
"Mouse","Iso-Seq","0-1.5k","IsoQuant","CQN","B80K20","B80K20_4",0.713332014749153
"Mouse","Iso-Seq","0-1.5k","IsoQuant","CQN","B80K20","B80K20_5",0.719797847567529
"Mouse","Iso-Seq","0-1.5k","IsoQuant","CQN","Kidney","K31",0.696289406756902
"Mouse","Iso-Seq","0-1.5k","IsoQuant","CQN","Kidney","K32",0.737131100060712
"Mouse","Iso-Seq","0-1.5k","IsoQuant","CQN","Kidney","K33",0.722456680785668
"Mouse","Iso-Seq","0-1.5k","IsoQuant","CQN","Kidney","K34",0.707732159832246
"Mouse","Iso-Seq","0-1.5k","IsoQuant","CQN","Kidney","K35",0.684760472991576
"Mouse","Iso-Seq","0-1.5k","IsoQuant","EDASeq","B20K80","B20K80_1",0.752967370084292
"Mouse","Iso-Seq","0-1.5k","IsoQuant","EDASeq","B20K80","B20K80_2",0.780135392837166
"Mouse","Iso-Seq","0-1.5k","IsoQuant","EDASeq","B20K80","B20K80_3",0.748113625947833
"Mouse","Iso-Seq","0-1.5k","IsoQuant","EDASeq","B20K80","B20K80_4",0.755077962538868
"Mouse","Iso-Seq","0-1.5k","IsoQuant","EDASeq","B20K80","B20K80_5",0.737048257767385
"Mouse","Iso-Seq","0-1.5k","IsoQuant","EDASeq","Brain","B31",0.756817857518322
"Mouse","Iso-Seq","0-1.5k","IsoQuant","EDASeq","Brain","B32",0.77480700330649
"Mouse","Iso-Seq","0-1.5k","IsoQuant","EDASeq","Brain","B33",0.772117462263764
"Mouse","Iso-Seq","0-1.5k","IsoQuant","EDASeq","Brain","B34",0.760752127753101
"Mouse","Iso-Seq","0-1.5k","IsoQuant","EDASeq","Brain","B35",0.768198017253997
"Mouse","Iso-Seq","0-1.5k","IsoQuant","EDASeq","B80K20","B80K20_1",0.766229885753129
"Mouse","Iso-Seq","0-1.5k","IsoQuant","EDASeq","B80K20","B80K20_2",0.767176057906812
"Mouse","Iso-Seq","0-1.5k","IsoQuant","EDASeq","B80K20","B80K20_3",0.746568691273439
"Mouse","Iso-Seq","0-1.5k","IsoQuant","EDASeq","B80K20","B80K20_4",0.747960592100303
"Mouse","Iso-Seq","0-1.5k","IsoQuant","EDASeq","B80K20","B80K20_5",0.748704563685907
"Mouse","Iso-Seq","0-1.5k","IsoQuant","EDASeq","Kidney","K31",0.744206323453923
"Mouse","Iso-Seq","0-1.5k","IsoQuant","EDASeq","Kidney","K32",0.768111196774199
"Mouse","Iso-Seq","0-1.5k","IsoQuant","EDASeq","Kidney","K33",0.747737660038184
"Mouse","Iso-Seq","0-1.5k","IsoQuant","EDASeq","Kidney","K34",0.719992717727098
"Mouse","Iso-Seq","0-1.5k","IsoQuant","EDASeq","Kidney","K35",0.701357622526664
"Mouse","Iso-Seq","0-1.5k","IsoQuant","SMR","B20K80","B20K80_1",0.68668691479029
"Mouse","Iso-Seq","0-1.5k","IsoQuant","SMR","B20K80","B20K80_2",0.729592072162149
"Mouse","Iso-Seq","0-1.5k","IsoQuant","SMR","B20K80","B20K80_3",0.592316178612012
"Mouse","Iso-Seq","0-1.5k","IsoQuant","SMR","B20K80","B20K80_4",0.650820442881645
"Mouse","Iso-Seq","0-1.5k","IsoQuant","SMR","B20K80","B20K80_5",0.708330195606269
"Mouse","Iso-Seq","0-1.5k","IsoQuant","SMR","Brain","B31",0.742057527080856
"Mouse","Iso-Seq","0-1.5k","IsoQuant","SMR","Brain","B32",0.737996484883153
"Mouse","Iso-Seq","0-1.5k","IsoQuant","SMR","Brain","B33",0.753421773644204
"Mouse","Iso-Seq","0-1.5k","IsoQuant","SMR","Brain","B34",0.779707147838952
"Mouse","Iso-Seq","0-1.5k","IsoQuant","SMR","Brain","B35",0.777638425482575
"Mouse","Iso-Seq","0-1.5k","IsoQuant","SMR","B80K20","B80K20_1",0.728652525390463
"Mouse","Iso-Seq","0-1.5k","IsoQuant","SMR","B80K20","B80K20_2",0.583490319760568
"Mouse","Iso-Seq","0-1.5k","IsoQuant","SMR","B80K20","B80K20_3",0.637694198315813
"Mouse","Iso-Seq","0-1.5k","IsoQuant","SMR","B80K20","B80K20_4",0.626028993888355
"Mouse","Iso-Seq","0-1.5k","IsoQuant","SMR","B80K20","B80K20_5",0.700788955399996
"Mouse","Iso-Seq","0-1.5k","IsoQuant","SMR","Kidney","K31",0.795009651737944
"Mouse","Iso-Seq","0-1.5k","IsoQuant","SMR","Kidney","K32",0.780513429197185
"Mouse","Iso-Seq","0-1.5k","IsoQuant","SMR","Kidney","K33",0.75916781155289
"Mouse","Iso-Seq","0-1.5k","IsoQuant","SMR","Kidney","K34",0.672732202185293
"Mouse","Iso-Seq","0-1.5k","IsoQuant","SMR","Kidney","K35",0.700166937703526
"Mouse","Iso-Seq","0-1.5k","IsoQuant","TPM","B20K80","B20K80_1",0.830776778759957
"Mouse","Iso-Seq","0-1.5k","IsoQuant","TPM","B20K80","B20K80_2",0.858412183620521
"Mouse","Iso-Seq","0-1.5k","IsoQuant","TPM","B20K80","B20K80_3",0.75966728748979
"Mouse","Iso-Seq","0-1.5k","IsoQuant","TPM","B20K80","B20K80_4",0.778583348471673
"Mouse","Iso-Seq","0-1.5k","IsoQuant","TPM","B20K80","B20K80_5",0.799903245961188
"Mouse","Iso-Seq","0-1.5k","IsoQuant","TPM","Brain","B31",0.855205924296954
"Mouse","Iso-Seq","0-1.5k","IsoQuant","TPM","Brain","B32",0.855707187366113
"Mouse","Iso-Seq","0-1.5k","IsoQuant","TPM","Brain","B33",0.851317715239986
"Mouse","Iso-Seq","0-1.5k","IsoQuant","TPM","Brain","B34",0.779982734850544
"Mouse","Iso-Seq","0-1.5k","IsoQuant","TPM","Brain","B35",0.826762919102192
"Mouse","Iso-Seq","0-1.5k","IsoQuant","TPM","B80K20","B80K20_1",0.819476707342629
"Mouse","Iso-Seq","0-1.5k","IsoQuant","TPM","B80K20","B80K20_2",0.842277208777944
"Mouse","Iso-Seq","0-1.5k","IsoQuant","TPM","B80K20","B80K20_3",0.744836535903285
"Mouse","Iso-Seq","0-1.5k","IsoQuant","TPM","B80K20","B80K20_4",0.787999403649488
"Mouse","Iso-Seq","0-1.5k","IsoQuant","TPM","B80K20","B80K20_5",0.799377154359493
"Mouse","Iso-Seq","0-1.5k","IsoQuant","TPM","Kidney","K31",0.873589804928637
"Mouse","Iso-Seq","0-1.5k","IsoQuant","TPM","Kidney","K32",0.848229995160402
"Mouse","Iso-Seq","0-1.5k","IsoQuant","TPM","Kidney","K33",0.830604390935945
"Mouse","Iso-Seq","0-1.5k","IsoQuant","TPM","Kidney","K34",0.758376323132376
"Mouse","Iso-Seq","0-1.5k","IsoQuant","TPM","Kidney","K35",0.775429654600575
"Mouse","Iso-Seq","0-1.5k","Kallisto","CPM","B20K80","B20K80_1",0.711952775975555
"Mouse","Iso-Seq","0-1.5k","Kallisto","CPM","B20K80","B20K80_2",0.748248010117902
"Mouse","Iso-Seq","0-1.5k","Kallisto","CPM","B20K80","B20K80_3",0.602301133241639
"Mouse","Iso-Seq","0-1.5k","Kallisto","CPM","B20K80","B20K80_4",0.632462051766025
"Mouse","Iso-Seq","0-1.5k","Kallisto","CPM","B20K80","B20K80_5",0.661446522427995
"Mouse","Iso-Seq","0-1.5k","Kallisto","CPM","Brain","B31",0.762595013765622
"Mouse","Iso-Seq","0-1.5k","Kallisto","CPM","Brain","B32",0.767804386286636
"Mouse","Iso-Seq","0-1.5k","Kallisto","CPM","Brain","B33",0.752096056828293
"Mouse","Iso-Seq","0-1.5k","Kallisto","CPM","Brain","B34",0.654509287635257
"Mouse","Iso-Seq","0-1.5k","Kallisto","CPM","Brain","B35",0.723086111723399
"Mouse","Iso-Seq","0-1.5k","Kallisto","CPM","B80K20","B80K20_1",0.703344696807924
"Mouse","Iso-Seq","0-1.5k","Kallisto","CPM","B80K20","B80K20_2",0.738476071251466
"Mouse","Iso-Seq","0-1.5k","Kallisto","CPM","B80K20","B80K20_3",0.608002617217672
"Mouse","Iso-Seq","0-1.5k","Kallisto","CPM","B80K20","B80K20_4",0.659993989057133
"Mouse","Iso-Seq","0-1.5k","Kallisto","CPM","B80K20","B80K20_5",0.679516714694733
"Mouse","Iso-Seq","0-1.5k","Kallisto","CPM","Kidney","K31",0.782812664233431
"Mouse","Iso-Seq","0-1.5k","Kallisto","CPM","Kidney","K32",0.733699956608944
"Mouse","Iso-Seq","0-1.5k","Kallisto","CPM","Kidney","K33",0.705362659323912
"Mouse","Iso-Seq","0-1.5k","Kallisto","CPM","Kidney","K34",0.628509097692492
"Mouse","Iso-Seq","0-1.5k","Kallisto","CPM","Kidney","K35",0.654186266670006
"Mouse","Iso-Seq","0-1.5k","Kallisto","CQN","B20K80","B20K80_1",0.718738939326592
"Mouse","Iso-Seq","0-1.5k","Kallisto","CQN","B20K80","B20K80_2",0.75333017033025
"Mouse","Iso-Seq","0-1.5k","Kallisto","CQN","B20K80","B20K80_3",0.717736861423198
"Mouse","Iso-Seq","0-1.5k","Kallisto","CQN","B20K80","B20K80_4",0.716459591280346
"Mouse","Iso-Seq","0-1.5k","Kallisto","CQN","B20K80","B20K80_5",0.693578582217484
"Mouse","Iso-Seq","0-1.5k","Kallisto","CQN","Brain","B31",0.764497424634192
"Mouse","Iso-Seq","0-1.5k","Kallisto","CQN","Brain","B32",0.785131275559192
"Mouse","Iso-Seq","0-1.5k","Kallisto","CQN","Brain","B33",0.771144479671438
"Mouse","Iso-Seq","0-1.5k","Kallisto","CQN","Brain","B34",0.762031282280057
"Mouse","Iso-Seq","0-1.5k","Kallisto","CQN","Brain","B35",0.768540862698704
"Mouse","Iso-Seq","0-1.5k","Kallisto","CQN","B80K20","B80K20_1",0.745292755410027
"Mouse","Iso-Seq","0-1.5k","Kallisto","CQN","B80K20","B80K20_2",0.753400455451948
"Mouse","Iso-Seq","0-1.5k","Kallisto","CQN","B80K20","B80K20_3",0.738482834419298
"Mouse","Iso-Seq","0-1.5k","Kallisto","CQN","B80K20","B80K20_4",0.728811546733832
"Mouse","Iso-Seq","0-1.5k","Kallisto","CQN","B80K20","B80K20_5",0.741922554822391
"Mouse","Iso-Seq","0-1.5k","Kallisto","CQN","Kidney","K31",0.703217324236072
"Mouse","Iso-Seq","0-1.5k","Kallisto","CQN","Kidney","K32",0.742132736080835
"Mouse","Iso-Seq","0-1.5k","Kallisto","CQN","Kidney","K33",0.72167771411872
"Mouse","Iso-Seq","0-1.5k","Kallisto","CQN","Kidney","K34",0.707131085943487
"Mouse","Iso-Seq","0-1.5k","Kallisto","CQN","Kidney","K35",0.681262842873137
"Mouse","Iso-Seq","0-1.5k","Kallisto","EDASeq","B20K80","B20K80_1",0.729494003316537
"Mouse","Iso-Seq","0-1.5k","Kallisto","EDASeq","B20K80","B20K80_2",0.758772324028489
"Mouse","Iso-Seq","0-1.5k","Kallisto","EDASeq","B20K80","B20K80_3",0.702307014670781
"Mouse","Iso-Seq","0-1.5k","Kallisto","EDASeq","B20K80","B20K80_4",0.714298765963937
"Mouse","Iso-Seq","0-1.5k","Kallisto","EDASeq","B20K80","B20K80_5",0.700773981234501
"Mouse","Iso-Seq","0-1.5k","Kallisto","EDASeq","Brain","B31",0.738078498098581
"Mouse","Iso-Seq","0-1.5k","Kallisto","EDASeq","Brain","B32",0.753686683736469
"Mouse","Iso-Seq","0-1.5k","Kallisto","EDASeq","Brain","B33",0.748842584817175
"Mouse","Iso-Seq","0-1.5k","Kallisto","EDASeq","Brain","B34",0.723563471744743
"Mouse","Iso-Seq","0-1.5k","Kallisto","EDASeq","Brain","B35",0.742357475095962
"Mouse","Iso-Seq","0-1.5k","Kallisto","EDASeq","B80K20","B80K20_1",0.733996905938669
"Mouse","Iso-Seq","0-1.5k","Kallisto","EDASeq","B80K20","B80K20_2",0.747941142292773
"Mouse","Iso-Seq","0-1.5k","Kallisto","EDASeq","B80K20","B80K20_3",0.71159936548116
"Mouse","Iso-Seq","0-1.5k","Kallisto","EDASeq","B80K20","B80K20_4",0.718078995788158
"Mouse","Iso-Seq","0-1.5k","Kallisto","EDASeq","B80K20","B80K20_5",0.71917704211687306
"Mouse","Iso-Seq","0-1.5k","Kallisto","EDASeq","Kidney","K31",0.740797503463311
"Mouse","Iso-Seq","0-1.5k","Kallisto","EDASeq","Kidney","K32",0.749333249188892
"Mouse","Iso-Seq","0-1.5k","Kallisto","EDASeq","Kidney","K33",0.733659287974278
"Mouse","Iso-Seq","0-1.5k","Kallisto","EDASeq","Kidney","K34",0.701825864483966
"Mouse","Iso-Seq","0-1.5k","Kallisto","EDASeq","Kidney","K35",0.692507421369361
"Mouse","Iso-Seq","0-1.5k","Kallisto","SMR","B20K80","B20K80_1",0.670292215096593
"Mouse","Iso-Seq","0-1.5k","Kallisto","SMR","B20K80","B20K80_2",0.733612118844338
"Mouse","Iso-Seq","0-1.5k","Kallisto","SMR","B20K80","B20K80_3",0.579639470611806
"Mouse","Iso-Seq","0-1.5k","Kallisto","SMR","B20K80","B20K80_4",0.645536745672466
"Mouse","Iso-Seq","0-1.5k","Kallisto","SMR","B20K80","B20K80_5",0.715244737634605
"Mouse","Iso-Seq","0-1.5k","Kallisto","SMR","Brain","B31",0.751878505854506
"Mouse","Iso-Seq","0-1.5k","Kallisto","SMR","Brain","B32",0.751094116437866
"Mouse","Iso-Seq","0-1.5k","Kallisto","SMR","Brain","B33",0.773535467573061
"Mouse","Iso-Seq","0-1.5k","Kallisto","SMR","Brain","B34",0.778479295359881
"Mouse","Iso-Seq","0-1.5k","Kallisto","SMR","Brain","B35",0.78236154794388
"Mouse","Iso-Seq","0-1.5k","Kallisto","SMR","B80K20","B80K20_1",0.723961356694911
"Mouse","Iso-Seq","0-1.5k","Kallisto","SMR","B80K20","B80K20_2",0.605917710913623
"Mouse","Iso-Seq","0-1.5k","Kallisto","SMR","B80K20","B80K20_3",0.647699245665649
"Mouse","Iso-Seq","0-1.5k","Kallisto","SMR","B80K20","B80K20_4",0.613171480648448
"Mouse","Iso-Seq","0-1.5k","Kallisto","SMR","B80K20","B80K20_5",0.70524327205294
"Mouse","Iso-Seq","0-1.5k","Kallisto","SMR","Kidney","K31",0.821133932804998
"Mouse","Iso-Seq","0-1.5k","Kallisto","SMR","Kidney","K32",0.802713079445764
"Mouse","Iso-Seq","0-1.5k","Kallisto","SMR","Kidney","K33",0.763278587656815
"Mouse","Iso-Seq","0-1.5k","Kallisto","SMR","Kidney","K34",0.699761085518862
"Mouse","Iso-Seq","0-1.5k","Kallisto","SMR","Kidney","K35",0.726147432177375
"Mouse","Iso-Seq","0-1.5k","Kallisto","TPM","B20K80","B20K80_1",0.799913984529995
"Mouse","Iso-Seq","0-1.5k","Kallisto","TPM","B20K80","B20K80_2",0.824289237674273
"Mouse","Iso-Seq","0-1.5k","Kallisto","TPM","B20K80","B20K80_3",0.716050900005593
"Mouse","Iso-Seq","0-1.5k","Kallisto","TPM","B20K80","B20K80_4",0.740557210884188
"Mouse","Iso-Seq","0-1.5k","Kallisto","TPM","B20K80","B20K80_5",0.76349609048809
"Mouse","Iso-Seq","0-1.5k","Kallisto","TPM","Brain","B31",0.836856580029696
"Mouse","Iso-Seq","0-1.5k","Kallisto","TPM","Brain","B32",0.838589875178008
"Mouse","Iso-Seq","0-1.5k","Kallisto","TPM","Brain","B33",0.830496949615457
"Mouse","Iso-Seq","0-1.5k","Kallisto","TPM","Brain","B34",0.760460879798552
"Mouse","Iso-Seq","0-1.5k","Kallisto","TPM","Brain","B35",0.806955177537261
"Mouse","Iso-Seq","0-1.5k","Kallisto","TPM","B80K20","B80K20_1",0.792443654102326
"Mouse","Iso-Seq","0-1.5k","Kallisto","TPM","B80K20","B80K20_2",0.814750307893503
"Mouse","Iso-Seq","0-1.5k","Kallisto","TPM","B80K20","B80K20_3",0.721685859380562
"Mouse","Iso-Seq","0-1.5k","Kallisto","TPM","B80K20","B80K20_4",0.759988295819186
"Mouse","Iso-Seq","0-1.5k","Kallisto","TPM","B80K20","B80K20_5",0.775221791725645
"Mouse","Iso-Seq","0-1.5k","Kallisto","TPM","Kidney","K31",0.850947691859645
"Mouse","Iso-Seq","0-1.5k","Kallisto","TPM","Kidney","K32",0.817668465432941
"Mouse","Iso-Seq","0-1.5k","Kallisto","TPM","Kidney","K33",0.797596580317984
"Mouse","Iso-Seq","0-1.5k","Kallisto","TPM","Kidney","K34",0.73826192548278
"Mouse","Iso-Seq","0-1.5k","Kallisto","TPM","Kidney","K35",0.76104027073301
"Mouse","Iso-Seq","0-1.5k","Oarfish","CPM","B20K80","B20K80_1",0.784113537566172
"Mouse","Iso-Seq","0-1.5k","Oarfish","CPM","B20K80","B20K80_2",0.813955705983341
"Mouse","Iso-Seq","0-1.5k","Oarfish","CPM","B20K80","B20K80_3",0.694642074910333
"Mouse","Iso-Seq","0-1.5k","Oarfish","CPM","B20K80","B20K80_4",0.720498098448847
"Mouse","Iso-Seq","0-1.5k","Oarfish","CPM","B20K80","B20K80_5",0.752913958370003
"Mouse","Iso-Seq","0-1.5k","Oarfish","CPM","Brain","B31",0.79384753251806806
"Mouse","Iso-Seq","0-1.5k","Oarfish","CPM","Brain","B32",0.807477755435264
"Mouse","Iso-Seq","0-1.5k","Oarfish","CPM","Brain","B33",0.789322162941989
"Mouse","Iso-Seq","0-1.5k","Oarfish","CPM","Brain","B34",0.711716664852409
"Mouse","Iso-Seq","0-1.5k","Oarfish","CPM","Brain","B35",0.768037894087701
"Mouse","Iso-Seq","0-1.5k","Oarfish","CPM","B80K20","B80K20_1",0.76443991510333
"Mouse","Iso-Seq","0-1.5k","Oarfish","CPM","B80K20","B80K20_2",0.781079252357339
"Mouse","Iso-Seq","0-1.5k","Oarfish","CPM","B80K20","B80K20_3",0.697592559169813
"Mouse","Iso-Seq","0-1.5k","Oarfish","CPM","B80K20","B80K20_4",0.725058715055543
"Mouse","Iso-Seq","0-1.5k","Oarfish","CPM","B80K20","B80K20_5",0.752766497004452
"Mouse","Iso-Seq","0-1.5k","Oarfish","CPM","Kidney","K31",0.838719580154723
"Mouse","Iso-Seq","0-1.5k","Oarfish","CPM","Kidney","K32",0.790427536582909
"Mouse","Iso-Seq","0-1.5k","Oarfish","CPM","Kidney","K33",0.777917403379154
"Mouse","Iso-Seq","0-1.5k","Oarfish","CPM","Kidney","K34",0.715766648706186
"Mouse","Iso-Seq","0-1.5k","Oarfish","CPM","Kidney","K35",0.734109001328468
"Mouse","Iso-Seq","0-1.5k","Oarfish","CQN","B20K80","B20K80_1",0.795987331902113
"Mouse","Iso-Seq","0-1.5k","Oarfish","CQN","B20K80","B20K80_2",0.823571890675046
"Mouse","Iso-Seq","0-1.5k","Oarfish","CQN","B20K80","B20K80_3",0.78096658331646
"Mouse","Iso-Seq","0-1.5k","Oarfish","CQN","B20K80","B20K80_4",0.790504257376201
"Mouse","Iso-Seq","0-1.5k","Oarfish","CQN","B20K80","B20K80_5",0.77936070059217
"Mouse","Iso-Seq","0-1.5k","Oarfish","CQN","Brain","B31",0.805239614893187
"Mouse","Iso-Seq","0-1.5k","Oarfish","CQN","Brain","B32",0.826025232897967
"Mouse","Iso-Seq","0-1.5k","Oarfish","CQN","Brain","B33",0.80930074718222
"Mouse","Iso-Seq","0-1.5k","Oarfish","CQN","Brain","B34",0.799579975862561
"Mouse","Iso-Seq","0-1.5k","Oarfish","CQN","Brain","B35",0.80761572526705006
"Mouse","Iso-Seq","0-1.5k","Oarfish","CQN","B80K20","B80K20_1",0.807283560785627
"Mouse","Iso-Seq","0-1.5k","Oarfish","CQN","B80K20","B80K20_2",0.803227072505228
"Mouse","Iso-Seq","0-1.5k","Oarfish","CQN","B80K20","B80K20_3",0.799797305627978
"Mouse","Iso-Seq","0-1.5k","Oarfish","CQN","B80K20","B80K20_4",0.782169433446768
"Mouse","Iso-Seq","0-1.5k","Oarfish","CQN","B80K20","B80K20_5",0.801755896298519
"Mouse","Iso-Seq","0-1.5k","Oarfish","CQN","Kidney","K31",0.774603009280561
"Mouse","Iso-Seq","0-1.5k","Oarfish","CQN","Kidney","K32",0.800594943197435
"Mouse","Iso-Seq","0-1.5k","Oarfish","CQN","Kidney","K33",0.793947338085208
"Mouse","Iso-Seq","0-1.5k","Oarfish","CQN","Kidney","K34",0.779439137570864
"Mouse","Iso-Seq","0-1.5k","Oarfish","CQN","Kidney","K35",0.751792837772043
"Mouse","Iso-Seq","0-1.5k","Oarfish","EDASeq","B20K80","B20K80_1",0.805023685021697
"Mouse","Iso-Seq","0-1.5k","Oarfish","EDASeq","B20K80","B20K80_2",0.823399115971951
"Mouse","Iso-Seq","0-1.5k","Oarfish","EDASeq","B20K80","B20K80_3",0.773525285090013
"Mouse","Iso-Seq","0-1.5k","Oarfish","EDASeq","B20K80","B20K80_4",0.78681358519287
"Mouse","Iso-Seq","0-1.5k","Oarfish","EDASeq","B20K80","B20K80_5",0.78887941282191
"Mouse","Iso-Seq","0-1.5k","Oarfish","EDASeq","Brain","B31",0.783198074881826
"Mouse","Iso-Seq","0-1.5k","Oarfish","EDASeq","Brain","B32",0.79833992128537
"Mouse","Iso-Seq","0-1.5k","Oarfish","EDASeq","Brain","B33",0.790619187735112
"Mouse","Iso-Seq","0-1.5k","Oarfish","EDASeq","Brain","B34",0.772376681243561
"Mouse","Iso-Seq","0-1.5k","Oarfish","EDASeq","Brain","B35",0.792525912730238
"Mouse","Iso-Seq","0-1.5k","Oarfish","EDASeq","B80K20","B80K20_1",0.803613701520915
"Mouse","Iso-Seq","0-1.5k","Oarfish","EDASeq","B80K20","B80K20_2",0.800890002707814
"Mouse","Iso-Seq","0-1.5k","Oarfish","EDASeq","B80K20","B80K20_3",0.789861778229905
"Mouse","Iso-Seq","0-1.5k","Oarfish","EDASeq","B80K20","B80K20_4",0.782750841285386
"Mouse","Iso-Seq","0-1.5k","Oarfish","EDASeq","B80K20","B80K20_5",0.79834319900195
"Mouse","Iso-Seq","0-1.5k","Oarfish","EDASeq","Kidney","K31",0.804052704610153
"Mouse","Iso-Seq","0-1.5k","Oarfish","EDASeq","Kidney","K32",0.803179611820668
"Mouse","Iso-Seq","0-1.5k","Oarfish","EDASeq","Kidney","K33",0.792486471016993
"Mouse","Iso-Seq","0-1.5k","Oarfish","EDASeq","Kidney","K34",0.768089660810935
"Mouse","Iso-Seq","0-1.5k","Oarfish","EDASeq","Kidney","K35",0.759620247609859
"Mouse","Iso-Seq","0-1.5k","Oarfish","SMR","B20K80","B20K80_1",0.714197256829359
"Mouse","Iso-Seq","0-1.5k","Oarfish","SMR","B20K80","B20K80_2",0.764656805112382
"Mouse","Iso-Seq","0-1.5k","Oarfish","SMR","B20K80","B20K80_3",0.61624015356185
"Mouse","Iso-Seq","0-1.5k","Oarfish","SMR","B20K80","B20K80_4",0.688960915911361
"Mouse","Iso-Seq","0-1.5k","Oarfish","SMR","B20K80","B20K80_5",0.74567447818171
"Mouse","Iso-Seq","0-1.5k","Oarfish","SMR","Brain","B31",0.715668447947691
"Mouse","Iso-Seq","0-1.5k","Oarfish","SMR","Brain","B32",0.743375474605018
"Mouse","Iso-Seq","0-1.5k","Oarfish","SMR","Brain","B33",0.745436240818758
"Mouse","Iso-Seq","0-1.5k","Oarfish","SMR","Brain","B34",0.758078161403988
"Mouse","Iso-Seq","0-1.5k","Oarfish","SMR","Brain","B35",0.765616736408842
"Mouse","Iso-Seq","0-1.5k","Oarfish","SMR","B80K20","B80K20_1",0.749686725574408
"Mouse","Iso-Seq","0-1.5k","Oarfish","SMR","B80K20","B80K20_2",0.615506564880079
"Mouse","Iso-Seq","0-1.5k","Oarfish","SMR","B80K20","B80K20_3",0.671662741458536
"Mouse","Iso-Seq","0-1.5k","Oarfish","SMR","B80K20","B80K20_4",0.603933428399263
"Mouse","Iso-Seq","0-1.5k","Oarfish","SMR","B80K20","B80K20_5",0.711171742709625
"Mouse","Iso-Seq","0-1.5k","Oarfish","SMR","Kidney","K31",0.846638766169493
"Mouse","Iso-Seq","0-1.5k","Oarfish","SMR","Kidney","K32",0.80875676719128
"Mouse","Iso-Seq","0-1.5k","Oarfish","SMR","Kidney","K33",0.801228777227069
"Mouse","Iso-Seq","0-1.5k","Oarfish","SMR","Kidney","K34",0.741881291036143
"Mouse","Iso-Seq","0-1.5k","Oarfish","SMR","Kidney","K35",0.761859186430639
"Mouse","Iso-Seq","0-1.5k","Oarfish","TPM","B20K80","B20K80_1",0.854189482911828
"Mouse","Iso-Seq","0-1.5k","Oarfish","TPM","B20K80","B20K80_2",0.87290850892518
"Mouse","Iso-Seq","0-1.5k","Oarfish","TPM","B20K80","B20K80_3",0.785560454562355
"Mouse","Iso-Seq","0-1.5k","Oarfish","TPM","B20K80","B20K80_4",0.80780613265918
"Mouse","Iso-Seq","0-1.5k","Oarfish","TPM","B20K80","B20K80_5",0.833830961586862
"Mouse","Iso-Seq","0-1.5k","Oarfish","TPM","Brain","B31",0.854326695890063
"Mouse","Iso-Seq","0-1.5k","Oarfish","TPM","Brain","B32",0.865747070006265
"Mouse","Iso-Seq","0-1.5k","Oarfish","TPM","Brain","B33",0.854393995708845
"Mouse","Iso-Seq","0-1.5k","Oarfish","TPM","Brain","B34",0.80115685271301
"Mouse","Iso-Seq","0-1.5k","Oarfish","TPM","Brain","B35",0.838372641914284
"Mouse","Iso-Seq","0-1.5k","Oarfish","TPM","B80K20","B80K20_1",0.840086107612317
"Mouse","Iso-Seq","0-1.5k","Oarfish","TPM","B80K20","B80K20_2",0.844940660617708
"Mouse","Iso-Seq","0-1.5k","Oarfish","TPM","B80K20","B80K20_3",0.792760276691556
"Mouse","Iso-Seq","0-1.5k","Oarfish","TPM","B80K20","B80K20_4",0.807341925465449
"Mouse","Iso-Seq","0-1.5k","Oarfish","TPM","B80K20","B80K20_5",0.831438875102348
"Mouse","Iso-Seq","0-1.5k","Oarfish","TPM","Kidney","K31",0.89273511847639
"Mouse","Iso-Seq","0-1.5k","Oarfish","TPM","Kidney","K32",0.859854347208107
"Mouse","Iso-Seq","0-1.5k","Oarfish","TPM","Kidney","K33",0.854214021451473
"Mouse","Iso-Seq","0-1.5k","Oarfish","TPM","Kidney","K34",0.807102973098373
"Mouse","Iso-Seq","0-1.5k","Oarfish","TPM","Kidney","K35",0.821571712645899
"Mouse","Iso-Seq","1.5k-3k","Bambu","CPM","B20K80","B20K80_1",0.803817385183963
"Mouse","Iso-Seq","1.5k-3k","Bambu","CPM","B20K80","B20K80_2",0.807084405531862
"Mouse","Iso-Seq","1.5k-3k","Bambu","CPM","B20K80","B20K80_3",0.794702922260622
"Mouse","Iso-Seq","1.5k-3k","Bambu","CPM","B20K80","B20K80_4",0.811546230670376
"Mouse","Iso-Seq","1.5k-3k","Bambu","CPM","B20K80","B20K80_5",0.804958685402389
"Mouse","Iso-Seq","1.5k-3k","Bambu","CPM","Brain","B31",0.773812048197464
"Mouse","Iso-Seq","1.5k-3k","Bambu","CPM","Brain","B32",0.794367325485114
"Mouse","Iso-Seq","1.5k-3k","Bambu","CPM","Brain","B33",0.783712861358288
"Mouse","Iso-Seq","1.5k-3k","Bambu","CPM","Brain","B34",0.769293790795629
"Mouse","Iso-Seq","1.5k-3k","Bambu","CPM","Brain","B35",0.77872807475959
"Mouse","Iso-Seq","1.5k-3k","Bambu","CPM","B80K20","B80K20_1",0.806847107679204
"Mouse","Iso-Seq","1.5k-3k","Bambu","CPM","B80K20","B80K20_2",0.773954530340603
"Mouse","Iso-Seq","1.5k-3k","Bambu","CPM","B80K20","B80K20_3",0.809651823594484
"Mouse","Iso-Seq","1.5k-3k","Bambu","CPM","B80K20","B80K20_4",0.766323788141636
"Mouse","Iso-Seq","1.5k-3k","Bambu","CPM","B80K20","B80K20_5",0.787496565014721
"Mouse","Iso-Seq","1.5k-3k","Bambu","CPM","Kidney","K31",0.808848257749513
"Mouse","Iso-Seq","1.5k-3k","Bambu","CPM","Kidney","K32",0.815970287715228
"Mouse","Iso-Seq","1.5k-3k","Bambu","CPM","Kidney","K33",0.812399970352419
"Mouse","Iso-Seq","1.5k-3k","Bambu","CPM","Kidney","K34",0.839701521330258
"Mouse","Iso-Seq","1.5k-3k","Bambu","CPM","Kidney","K35",0.840816256567211
"Mouse","Iso-Seq","1.5k-3k","Bambu","CQN","B20K80","B20K80_1",0.794683566692169
"Mouse","Iso-Seq","1.5k-3k","Bambu","CQN","B20K80","B20K80_2",0.821106863249544
"Mouse","Iso-Seq","1.5k-3k","Bambu","CQN","B20K80","B20K80_3",0.790088357925912
"Mouse","Iso-Seq","1.5k-3k","Bambu","CQN","B20K80","B20K80_4",0.78803126492322
"Mouse","Iso-Seq","1.5k-3k","Bambu","CQN","B20K80","B20K80_5",0.77230235561812
"Mouse","Iso-Seq","1.5k-3k","Bambu","CQN","Brain","B31",0.801892691962272
"Mouse","Iso-Seq","1.5k-3k","Bambu","CQN","Brain","B32",0.817257558172541
"Mouse","Iso-Seq","1.5k-3k","Bambu","CQN","Brain","B33",0.813614851804791
"Mouse","Iso-Seq","1.5k-3k","Bambu","CQN","Brain","B34",0.796607663073168
"Mouse","Iso-Seq","1.5k-3k","Bambu","CQN","Brain","B35",0.810209965726539
"Mouse","Iso-Seq","1.5k-3k","Bambu","CQN","B80K20","B80K20_1",0.807502027983903
"Mouse","Iso-Seq","1.5k-3k","Bambu","CQN","B80K20","B80K20_2",0.796000596739142
"Mouse","Iso-Seq","1.5k-3k","Bambu","CQN","B80K20","B80K20_3",0.801518867097487
"Mouse","Iso-Seq","1.5k-3k","Bambu","CQN","B80K20","B80K20_4",0.782545691111825
"Mouse","Iso-Seq","1.5k-3k","Bambu","CQN","B80K20","B80K20_5",0.784840438959552
"Mouse","Iso-Seq","1.5k-3k","Bambu","CQN","Kidney","K31",0.810318261774374
"Mouse","Iso-Seq","1.5k-3k","Bambu","CQN","Kidney","K32",0.840358497910881
"Mouse","Iso-Seq","1.5k-3k","Bambu","CQN","Kidney","K33",0.820781797288287
"Mouse","Iso-Seq","1.5k-3k","Bambu","CQN","Kidney","K34",0.806161833352169
"Mouse","Iso-Seq","1.5k-3k","Bambu","CQN","Kidney","K35",0.77233405743036
"Mouse","Iso-Seq","1.5k-3k","Bambu","EDASeq","B20K80","B20K80_1",0.793858352329227
"Mouse","Iso-Seq","1.5k-3k","Bambu","EDASeq","B20K80","B20K80_2",0.810959956448474
"Mouse","Iso-Seq","1.5k-3k","Bambu","EDASeq","B20K80","B20K80_3",0.787216732214677
"Mouse","Iso-Seq","1.5k-3k","Bambu","EDASeq","B20K80","B20K80_4",0.793535102555406
"Mouse","Iso-Seq","1.5k-3k","Bambu","EDASeq","B20K80","B20K80_5",0.783872253677294
"Mouse","Iso-Seq","1.5k-3k","Bambu","EDASeq","Brain","B31",0.785192552555637
"Mouse","Iso-Seq","1.5k-3k","Bambu","EDASeq","Brain","B32",0.8048874559145
"Mouse","Iso-Seq","1.5k-3k","Bambu","EDASeq","Brain","B33",0.797956958830158
"Mouse","Iso-Seq","1.5k-3k","Bambu","EDASeq","Brain","B34",0.775745689282419
"Mouse","Iso-Seq","1.5k-3k","Bambu","EDASeq","Brain","B35",0.786680221093856
"Mouse","Iso-Seq","1.5k-3k","Bambu","EDASeq","B80K20","B80K20_1",0.808798816705513
"Mouse","Iso-Seq","1.5k-3k","Bambu","EDASeq","B80K20","B80K20_2",0.789245988465788
"Mouse","Iso-Seq","1.5k-3k","Bambu","EDASeq","B80K20","B80K20_3",0.803850901321866
"Mouse","Iso-Seq","1.5k-3k","Bambu","EDASeq","B80K20","B80K20_4",0.771784258893403
"Mouse","Iso-Seq","1.5k-3k","Bambu","EDASeq","B80K20","B80K20_5",0.78219593422219
"Mouse","Iso-Seq","1.5k-3k","Bambu","EDASeq","Kidney","K31",0.804639913988563
"Mouse","Iso-Seq","1.5k-3k","Bambu","EDASeq","Kidney","K32",0.822351084810392
"Mouse","Iso-Seq","1.5k-3k","Bambu","EDASeq","Kidney","K33",0.808804453946855
"Mouse","Iso-Seq","1.5k-3k","Bambu","EDASeq","Kidney","K34",0.81921630339741
"Mouse","Iso-Seq","1.5k-3k","Bambu","EDASeq","Kidney","K35",0.815488520133754
"Mouse","Iso-Seq","1.5k-3k","Bambu","SMR","B20K80","B20K80_1",0.580186674920263
"Mouse","Iso-Seq","1.5k-3k","Bambu","SMR","B20K80","B20K80_2",0.723134431348096
"Mouse","Iso-Seq","1.5k-3k","Bambu","SMR","B20K80","B20K80_3",0.693801883947141
"Mouse","Iso-Seq","1.5k-3k","Bambu","SMR","B20K80","B20K80_4",0.714931160041303
"Mouse","Iso-Seq","1.5k-3k","Bambu","SMR","B20K80","B20K80_5",0.652964461552556
"Mouse","Iso-Seq","1.5k-3k","Bambu","SMR","Brain","B31",0.618181034928323
"Mouse","Iso-Seq","1.5k-3k","Bambu","SMR","Brain","B32",0.733880023281002
"Mouse","Iso-Seq","1.5k-3k","Bambu","SMR","Brain","B33",0.69309680695166
"Mouse","Iso-Seq","1.5k-3k","Bambu","SMR","Brain","B34",0.700291595768078
"Mouse","Iso-Seq","1.5k-3k","Bambu","SMR","Brain","B35",0.715198483667909
"Mouse","Iso-Seq","1.5k-3k","Bambu","SMR","B80K20","B80K20_1",0.731118195648152
"Mouse","Iso-Seq","1.5k-3k","Bambu","SMR","B80K20","B80K20_2",0.632753963835961
"Mouse","Iso-Seq","1.5k-3k","Bambu","SMR","B80K20","B80K20_3",0.638156656482256
"Mouse","Iso-Seq","1.5k-3k","Bambu","SMR","B80K20","B80K20_4",0.582902509724351
"Mouse","Iso-Seq","1.5k-3k","Bambu","SMR","B80K20","B80K20_5",0.652856473189097
"Mouse","Iso-Seq","1.5k-3k","Bambu","SMR","Kidney","K31",0.765218056121324
"Mouse","Iso-Seq","1.5k-3k","Bambu","SMR","Kidney","K32",0.789211127116616
"Mouse","Iso-Seq","1.5k-3k","Bambu","SMR","Kidney","K33",0.780850634157543
"Mouse","Iso-Seq","1.5k-3k","Bambu","SMR","Kidney","K34",0.817785087791086
"Mouse","Iso-Seq","1.5k-3k","Bambu","SMR","Kidney","K35",0.811346626865194
"Mouse","Iso-Seq","1.5k-3k","Bambu","TPM","B20K80","B20K80_1",0.820857462205805
"Mouse","Iso-Seq","1.5k-3k","Bambu","TPM","B20K80","B20K80_2",0.827707246698124
"Mouse","Iso-Seq","1.5k-3k","Bambu","TPM","B20K80","B20K80_3",0.812023354410974
"Mouse","Iso-Seq","1.5k-3k","Bambu","TPM","B20K80","B20K80_4",0.82166052652869
"Mouse","Iso-Seq","1.5k-3k","Bambu","TPM","B20K80","B20K80_5",0.815512554571784
"Mouse","Iso-Seq","1.5k-3k","Bambu","TPM","Brain","B31",0.795769773479404
"Mouse","Iso-Seq","1.5k-3k","Bambu","TPM","Brain","B32",0.812474845228182
"Mouse","Iso-Seq","1.5k-3k","Bambu","TPM","Brain","B33",0.805361940866928
"Mouse","Iso-Seq","1.5k-3k","Bambu","TPM","Brain","B34",0.787448857003663
"Mouse","Iso-Seq","1.5k-3k","Bambu","TPM","Brain","B35",0.7993595970698
"Mouse","Iso-Seq","1.5k-3k","Bambu","TPM","B80K20","B80K20_1",0.821550928158599
"Mouse","Iso-Seq","1.5k-3k","Bambu","TPM","B80K20","B80K20_2",0.794590942840028
"Mouse","Iso-Seq","1.5k-3k","Bambu","TPM","B80K20","B80K20_3",0.817720858664781
"Mouse","Iso-Seq","1.5k-3k","Bambu","TPM","B80K20","B80K20_4",0.785569462426187
"Mouse","Iso-Seq","1.5k-3k","Bambu","TPM","B80K20","B80K20_5",0.799524956559146
"Mouse","Iso-Seq","1.5k-3k","Bambu","TPM","Kidney","K31",0.834671452142654
"Mouse","Iso-Seq","1.5k-3k","Bambu","TPM","Kidney","K32",0.840276234799299
"Mouse","Iso-Seq","1.5k-3k","Bambu","TPM","Kidney","K33",0.835673217687586
"Mouse","Iso-Seq","1.5k-3k","Bambu","TPM","Kidney","K34",0.848838872176519
"Mouse","Iso-Seq","1.5k-3k","Bambu","TPM","Kidney","K35",0.849467857290113
"Mouse","Iso-Seq","1.5k-3k","FLAIR","CPM","B20K80","B20K80_1",0.796860177289844
"Mouse","Iso-Seq","1.5k-3k","FLAIR","CPM","B20K80","B20K80_2",0.794506597556879
"Mouse","Iso-Seq","1.5k-3k","FLAIR","CPM","B20K80","B20K80_3",0.784290563122416
"Mouse","Iso-Seq","1.5k-3k","FLAIR","CPM","B20K80","B20K80_4",0.803072124893281
"Mouse","Iso-Seq","1.5k-3k","FLAIR","CPM","B20K80","B20K80_5",0.795528161101509
"Mouse","Iso-Seq","1.5k-3k","FLAIR","CPM","Brain","B31",0.771926900503882
"Mouse","Iso-Seq","1.5k-3k","FLAIR","CPM","Brain","B32",0.786612850113963
"Mouse","Iso-Seq","1.5k-3k","FLAIR","CPM","Brain","B33",0.776744878268845
"Mouse","Iso-Seq","1.5k-3k","FLAIR","CPM","Brain","B34",0.757375904446392
"Mouse","Iso-Seq","1.5k-3k","FLAIR","CPM","Brain","B35",0.76973009465556
"Mouse","Iso-Seq","1.5k-3k","FLAIR","CPM","B80K20","B80K20_1",0.802634855717871
"Mouse","Iso-Seq","1.5k-3k","FLAIR","CPM","B80K20","B80K20_2",0.764640843530294
"Mouse","Iso-Seq","1.5k-3k","FLAIR","CPM","B80K20","B80K20_3",0.801646971389095
"Mouse","Iso-Seq","1.5k-3k","FLAIR","CPM","B80K20","B80K20_4",0.759359096100345
"Mouse","Iso-Seq","1.5k-3k","FLAIR","CPM","B80K20","B80K20_5",0.780707907388374
"Mouse","Iso-Seq","1.5k-3k","FLAIR","CPM","Kidney","K31",0.791462302060586
"Mouse","Iso-Seq","1.5k-3k","FLAIR","CPM","Kidney","K32",0.799596010895432
"Mouse","Iso-Seq","1.5k-3k","FLAIR","CPM","Kidney","K33",0.795655778535737
"Mouse","Iso-Seq","1.5k-3k","FLAIR","CPM","Kidney","K34",0.829012732689501
"Mouse","Iso-Seq","1.5k-3k","FLAIR","CPM","Kidney","K35",0.82475320670663
"Mouse","Iso-Seq","1.5k-3k","FLAIR","CQN","B20K80","B20K80_1",0.774638234889554
"Mouse","Iso-Seq","1.5k-3k","FLAIR","CQN","B20K80","B20K80_2",0.796065796086872
"Mouse","Iso-Seq","1.5k-3k","FLAIR","CQN","B20K80","B20K80_3",0.767663945262809
"Mouse","Iso-Seq","1.5k-3k","FLAIR","CQN","B20K80","B20K80_4",0.76879032911734
"Mouse","Iso-Seq","1.5k-3k","FLAIR","CQN","B20K80","B20K80_5",0.751651848667116
"Mouse","Iso-Seq","1.5k-3k","FLAIR","CQN","Brain","B31",0.794419115121211
"Mouse","Iso-Seq","1.5k-3k","FLAIR","CQN","Brain","B32",0.802656125127446
"Mouse","Iso-Seq","1.5k-3k","FLAIR","CQN","Brain","B33",0.802137361489108
"Mouse","Iso-Seq","1.5k-3k","FLAIR","CQN","Brain","B34",0.780939030647273
"Mouse","Iso-Seq","1.5k-3k","FLAIR","CQN","Brain","B35",0.798618394841486
"Mouse","Iso-Seq","1.5k-3k","FLAIR","CQN","B80K20","B80K20_1",0.791494981851607
"Mouse","Iso-Seq","1.5k-3k","FLAIR","CQN","B80K20","B80K20_2",0.774455839845286
"Mouse","Iso-Seq","1.5k-3k","FLAIR","CQN","B80K20","B80K20_3",0.779479539106964
"Mouse","Iso-Seq","1.5k-3k","FLAIR","CQN","B80K20","B80K20_4",0.763912641120452
"Mouse","Iso-Seq","1.5k-3k","FLAIR","CQN","B80K20","B80K20_5",0.769262352036399
"Mouse","Iso-Seq","1.5k-3k","FLAIR","CQN","Kidney","K31",0.795517199414782
"Mouse","Iso-Seq","1.5k-3k","FLAIR","CQN","Kidney","K32",0.819678974441926
"Mouse","Iso-Seq","1.5k-3k","FLAIR","CQN","Kidney","K33",0.799799168866392
"Mouse","Iso-Seq","1.5k-3k","FLAIR","CQN","Kidney","K34",0.788480159937795
"Mouse","Iso-Seq","1.5k-3k","FLAIR","CQN","Kidney","K35",0.752370582825266
"Mouse","Iso-Seq","1.5k-3k","FLAIR","EDASeq","B20K80","B20K80_1",0.787478925542629
"Mouse","Iso-Seq","1.5k-3k","FLAIR","EDASeq","B20K80","B20K80_2",0.800183835246281
"Mouse","Iso-Seq","1.5k-3k","FLAIR","EDASeq","B20K80","B20K80_3",0.777713785038821
"Mouse","Iso-Seq","1.5k-3k","FLAIR","EDASeq","B20K80","B20K80_4",0.786630508828758
"Mouse","Iso-Seq","1.5k-3k","FLAIR","EDASeq","B20K80","B20K80_5",0.775693678879058
"Mouse","Iso-Seq","1.5k-3k","FLAIR","EDASeq","Brain","B31",0.778188124303475
"Mouse","Iso-Seq","1.5k-3k","FLAIR","EDASeq","Brain","B32",0.794394982948017
"Mouse","Iso-Seq","1.5k-3k","FLAIR","EDASeq","Brain","B33",0.787582675721127
"Mouse","Iso-Seq","1.5k-3k","FLAIR","EDASeq","Brain","B34",0.75941096063658
"Mouse","Iso-Seq","1.5k-3k","FLAIR","EDASeq","Brain","B35",0.772739395385967
"Mouse","Iso-Seq","1.5k-3k","FLAIR","EDASeq","B80K20","B80K20_1",0.803160231702572
"Mouse","Iso-Seq","1.5k-3k","FLAIR","EDASeq","B80K20","B80K20_2",0.780262202892378
"Mouse","Iso-Seq","1.5k-3k","FLAIR","EDASeq","B80K20","B80K20_3",0.794793482075033
"Mouse","Iso-Seq","1.5k-3k","FLAIR","EDASeq","B80K20","B80K20_4",0.764491764362137
"Mouse","Iso-Seq","1.5k-3k","FLAIR","EDASeq","B80K20","B80K20_5",0.774580238712031
"Mouse","Iso-Seq","1.5k-3k","FLAIR","EDASeq","Kidney","K31",0.794811487223173
"Mouse","Iso-Seq","1.5k-3k","FLAIR","EDASeq","Kidney","K32",0.811856372285403
"Mouse","Iso-Seq","1.5k-3k","FLAIR","EDASeq","Kidney","K33",0.797281542873213
"Mouse","Iso-Seq","1.5k-3k","FLAIR","EDASeq","Kidney","K34",0.809843715621148
"Mouse","Iso-Seq","1.5k-3k","FLAIR","EDASeq","Kidney","K35",0.801494811602871
"Mouse","Iso-Seq","1.5k-3k","FLAIR","SMR","B20K80","B20K80_1",0.542413968505935
"Mouse","Iso-Seq","1.5k-3k","FLAIR","SMR","B20K80","B20K80_2",0.685556830868522
"Mouse","Iso-Seq","1.5k-3k","FLAIR","SMR","B20K80","B20K80_3",0.664741472660589
"Mouse","Iso-Seq","1.5k-3k","FLAIR","SMR","B20K80","B20K80_4",0.680538658194421
"Mouse","Iso-Seq","1.5k-3k","FLAIR","SMR","B20K80","B20K80_5",0.618837984447696
"Mouse","Iso-Seq","1.5k-3k","FLAIR","SMR","Brain","B31",0.614607144008555
"Mouse","Iso-Seq","1.5k-3k","FLAIR","SMR","Brain","B32",0.708140943225915
"Mouse","Iso-Seq","1.5k-3k","FLAIR","SMR","Brain","B33",0.673143425797054
"Mouse","Iso-Seq","1.5k-3k","FLAIR","SMR","Brain","B34",0.665967910775384
"Mouse","Iso-Seq","1.5k-3k","FLAIR","SMR","Brain","B35",0.688348937131272
"Mouse","Iso-Seq","1.5k-3k","FLAIR","SMR","B80K20","B80K20_1",0.709711720447498
"Mouse","Iso-Seq","1.5k-3k","FLAIR","SMR","B80K20","B80K20_2",0.593407351591159
"Mouse","Iso-Seq","1.5k-3k","FLAIR","SMR","B80K20","B80K20_3",0.601958689540838
"Mouse","Iso-Seq","1.5k-3k","FLAIR","SMR","B80K20","B80K20_4",0.555613891157818
"Mouse","Iso-Seq","1.5k-3k","FLAIR","SMR","B80K20","B80K20_5",0.628868215796506
"Mouse","Iso-Seq","1.5k-3k","FLAIR","SMR","Kidney","K31",0.725580795956702
"Mouse","Iso-Seq","1.5k-3k","FLAIR","SMR","Kidney","K32",0.755167021032123
"Mouse","Iso-Seq","1.5k-3k","FLAIR","SMR","Kidney","K33",0.743293820442081
"Mouse","Iso-Seq","1.5k-3k","FLAIR","SMR","Kidney","K34",0.788202560364599
"Mouse","Iso-Seq","1.5k-3k","FLAIR","SMR","Kidney","K35",0.777935421755617
"Mouse","Iso-Seq","1.5k-3k","FLAIR","TPM","B20K80","B20K80_1",0.813882945005776
"Mouse","Iso-Seq","1.5k-3k","FLAIR","TPM","B20K80","B20K80_2",0.816293192970108
"Mouse","Iso-Seq","1.5k-3k","FLAIR","TPM","B20K80","B20K80_3",0.801895600218068
"Mouse","Iso-Seq","1.5k-3k","FLAIR","TPM","B20K80","B20K80_4",0.812514486835244
"Mouse","Iso-Seq","1.5k-3k","FLAIR","TPM","B20K80","B20K80_5",0.805399615097781
"Mouse","Iso-Seq","1.5k-3k","FLAIR","TPM","Brain","B31",0.794708328819089
"Mouse","Iso-Seq","1.5k-3k","FLAIR","TPM","Brain","B32",0.806158310799424
"Mouse","Iso-Seq","1.5k-3k","FLAIR","TPM","Brain","B33",0.799379993771299
"Mouse","Iso-Seq","1.5k-3k","FLAIR","TPM","Brain","B34",0.776105642553251
"Mouse","Iso-Seq","1.5k-3k","FLAIR","TPM","Brain","B35",0.792034848392395
"Mouse","Iso-Seq","1.5k-3k","FLAIR","TPM","B80K20","B80K20_1",0.818175552788837
"Mouse","Iso-Seq","1.5k-3k","FLAIR","TPM","B80K20","B80K20_2",0.786864624404703
"Mouse","Iso-Seq","1.5k-3k","FLAIR","TPM","B80K20","B80K20_3",0.809863494481352
"Mouse","Iso-Seq","1.5k-3k","FLAIR","TPM","B80K20","B80K20_4",0.779896371921755
"Mouse","Iso-Seq","1.5k-3k","FLAIR","TPM","B80K20","B80K20_5",0.793187016564546
"Mouse","Iso-Seq","1.5k-3k","FLAIR","TPM","Kidney","K31",0.819520732253808
"Mouse","Iso-Seq","1.5k-3k","FLAIR","TPM","Kidney","K32",0.825984435972422
"Mouse","Iso-Seq","1.5k-3k","FLAIR","TPM","Kidney","K33",0.820871872981377
"Mouse","Iso-Seq","1.5k-3k","FLAIR","TPM","Kidney","K34",0.838383701707499
"Mouse","Iso-Seq","1.5k-3k","FLAIR","TPM","Kidney","K35",0.832861294037909
"Mouse","Iso-Seq","1.5k-3k","IsoQuant","CPM","B20K80","B20K80_1",0.799816050137942
"Mouse","Iso-Seq","1.5k-3k","IsoQuant","CPM","B20K80","B20K80_2",0.80349282602121
"Mouse","Iso-Seq","1.5k-3k","IsoQuant","CPM","B20K80","B20K80_3",0.790055931992228
"Mouse","Iso-Seq","1.5k-3k","IsoQuant","CPM","B20K80","B20K80_4",0.811343365884393
"Mouse","Iso-Seq","1.5k-3k","IsoQuant","CPM","B20K80","B20K80_5",0.805770730817796
"Mouse","Iso-Seq","1.5k-3k","IsoQuant","CPM","Brain","B31",0.777197118288349
"Mouse","Iso-Seq","1.5k-3k","IsoQuant","CPM","Brain","B32",0.789630506451588
"Mouse","Iso-Seq","1.5k-3k","IsoQuant","CPM","Brain","B33",0.778371335665868
"Mouse","Iso-Seq","1.5k-3k","IsoQuant","CPM","Brain","B34",0.761254395200082
"Mouse","Iso-Seq","1.5k-3k","IsoQuant","CPM","Brain","B35",0.77118181577991
"Mouse","Iso-Seq","1.5k-3k","IsoQuant","CPM","B80K20","B80K20_1",0.804855992315973
"Mouse","Iso-Seq","1.5k-3k","IsoQuant","CPM","B80K20","B80K20_2",0.774461642149748
"Mouse","Iso-Seq","1.5k-3k","IsoQuant","CPM","B80K20","B80K20_3",0.808797661240775
"Mouse","Iso-Seq","1.5k-3k","IsoQuant","CPM","B80K20","B80K20_4",0.769081190455828
"Mouse","Iso-Seq","1.5k-3k","IsoQuant","CPM","B80K20","B80K20_5",0.791394175053064
"Mouse","Iso-Seq","1.5k-3k","IsoQuant","CPM","Kidney","K31",0.801457485941245
"Mouse","Iso-Seq","1.5k-3k","IsoQuant","CPM","Kidney","K32",0.815942779609753
"Mouse","Iso-Seq","1.5k-3k","IsoQuant","CPM","Kidney","K33",0.808980005178489
"Mouse","Iso-Seq","1.5k-3k","IsoQuant","CPM","Kidney","K34",0.836890174883115
"Mouse","Iso-Seq","1.5k-3k","IsoQuant","CPM","Kidney","K35",0.837436012673075
"Mouse","Iso-Seq","1.5k-3k","IsoQuant","CQN","B20K80","B20K80_1",0.748576806975028
"Mouse","Iso-Seq","1.5k-3k","IsoQuant","CQN","B20K80","B20K80_2",0.777515322195878
"Mouse","Iso-Seq","1.5k-3k","IsoQuant","CQN","B20K80","B20K80_3",0.747248862965651
"Mouse","Iso-Seq","1.5k-3k","IsoQuant","CQN","B20K80","B20K80_4",0.744108857867727
"Mouse","Iso-Seq","1.5k-3k","IsoQuant","CQN","B20K80","B20K80_5",0.725413588439638
"Mouse","Iso-Seq","1.5k-3k","IsoQuant","CQN","Brain","B31",0.755758829399843
"Mouse","Iso-Seq","1.5k-3k","IsoQuant","CQN","Brain","B32",0.762030834571067
"Mouse","Iso-Seq","1.5k-3k","IsoQuant","CQN","Brain","B33",0.761081541254498
"Mouse","Iso-Seq","1.5k-3k","IsoQuant","CQN","Brain","B34",0.743289046227357
"Mouse","Iso-Seq","1.5k-3k","IsoQuant","CQN","Brain","B35",0.755449544036207
"Mouse","Iso-Seq","1.5k-3k","IsoQuant","CQN","B80K20","B80K20_1",0.76199298937908
"Mouse","Iso-Seq","1.5k-3k","IsoQuant","CQN","B80K20","B80K20_2",0.75202310677764606
"Mouse","Iso-Seq","1.5k-3k","IsoQuant","CQN","B80K20","B80K20_3",0.751348020987954
"Mouse","Iso-Seq","1.5k-3k","IsoQuant","CQN","B80K20","B80K20_4",0.73750800466809
"Mouse","Iso-Seq","1.5k-3k","IsoQuant","CQN","B80K20","B80K20_5",0.740945839429745
"Mouse","Iso-Seq","1.5k-3k","IsoQuant","CQN","Kidney","K31",0.776775369502536
"Mouse","Iso-Seq","1.5k-3k","IsoQuant","CQN","Kidney","K32",0.808441331858515
"Mouse","Iso-Seq","1.5k-3k","IsoQuant","CQN","Kidney","K33",0.788415859773441
"Mouse","Iso-Seq","1.5k-3k","IsoQuant","CQN","Kidney","K34",0.769290826445288
"Mouse","Iso-Seq","1.5k-3k","IsoQuant","CQN","Kidney","K35",0.737953140400674
"Mouse","Iso-Seq","1.5k-3k","IsoQuant","EDASeq","B20K80","B20K80_1",0.785701863807002
"Mouse","Iso-Seq","1.5k-3k","IsoQuant","EDASeq","B20K80","B20K80_2",0.806425426728924
"Mouse","Iso-Seq","1.5k-3k","IsoQuant","EDASeq","B20K80","B20K80_3",0.778641451106886
"Mouse","Iso-Seq","1.5k-3k","IsoQuant","EDASeq","B20K80","B20K80_4",0.787937070051257
"Mouse","Iso-Seq","1.5k-3k","IsoQuant","EDASeq","B20K80","B20K80_5",0.778395391462069
"Mouse","Iso-Seq","1.5k-3k","IsoQuant","EDASeq","Brain","B31",0.787101343346515
"Mouse","Iso-Seq","1.5k-3k","IsoQuant","EDASeq","Brain","B32",0.800037621017957
"Mouse","Iso-Seq","1.5k-3k","IsoQuant","EDASeq","Brain","B33",0.793271482882759
"Mouse","Iso-Seq","1.5k-3k","IsoQuant","EDASeq","Brain","B34",0.766236854432318
"Mouse","Iso-Seq","1.5k-3k","IsoQuant","EDASeq","Brain","B35",0.778213195780646
"Mouse","Iso-Seq","1.5k-3k","IsoQuant","EDASeq","B80K20","B80K20_1",0.80368596870373
"Mouse","Iso-Seq","1.5k-3k","IsoQuant","EDASeq","B80K20","B80K20_2",0.790453455817325
"Mouse","Iso-Seq","1.5k-3k","IsoQuant","EDASeq","B80K20","B80K20_3",0.799510517584996
"Mouse","Iso-Seq","1.5k-3k","IsoQuant","EDASeq","B80K20","B80K20_4",0.77232657036139
"Mouse","Iso-Seq","1.5k-3k","IsoQuant","EDASeq","B80K20","B80K20_5",0.782482266306378
"Mouse","Iso-Seq","1.5k-3k","IsoQuant","EDASeq","Kidney","K31",0.79959019933754
"Mouse","Iso-Seq","1.5k-3k","IsoQuant","EDASeq","Kidney","K32",0.82512467444522
"Mouse","Iso-Seq","1.5k-3k","IsoQuant","EDASeq","Kidney","K33",0.805575359724867
"Mouse","Iso-Seq","1.5k-3k","IsoQuant","EDASeq","Kidney","K34",0.813037933770182
"Mouse","Iso-Seq","1.5k-3k","IsoQuant","EDASeq","Kidney","K35",0.808462185462584
"Mouse","Iso-Seq","1.5k-3k","IsoQuant","SMR","B20K80","B20K80_1",0.539476703606853
"Mouse","Iso-Seq","1.5k-3k","IsoQuant","SMR","B20K80","B20K80_2",0.692427535116085
"Mouse","Iso-Seq","1.5k-3k","IsoQuant","SMR","B20K80","B20K80_3",0.662752255905236
"Mouse","Iso-Seq","1.5k-3k","IsoQuant","SMR","B20K80","B20K80_4",0.676091742048521
"Mouse","Iso-Seq","1.5k-3k","IsoQuant","SMR","B20K80","B20K80_5",0.605294689356694
"Mouse","Iso-Seq","1.5k-3k","IsoQuant","SMR","Brain","B31",0.626312865373822
"Mouse","Iso-Seq","1.5k-3k","IsoQuant","SMR","Brain","B32",0.714327965314785
"Mouse","Iso-Seq","1.5k-3k","IsoQuant","SMR","Brain","B33",0.674395169706694
"Mouse","Iso-Seq","1.5k-3k","IsoQuant","SMR","Brain","B34",0.673666370556066
"Mouse","Iso-Seq","1.5k-3k","IsoQuant","SMR","Brain","B35",0.684858683965028
"Mouse","Iso-Seq","1.5k-3k","IsoQuant","SMR","B80K20","B80K20_1",0.707673893163571
"Mouse","Iso-Seq","1.5k-3k","IsoQuant","SMR","B80K20","B80K20_2",0.608923898803457
"Mouse","Iso-Seq","1.5k-3k","IsoQuant","SMR","B80K20","B80K20_3",0.607190872077736
"Mouse","Iso-Seq","1.5k-3k","IsoQuant","SMR","B80K20","B80K20_4",0.562573767813167
"Mouse","Iso-Seq","1.5k-3k","IsoQuant","SMR","B80K20","B80K20_5",0.641096444889071
"Mouse","Iso-Seq","1.5k-3k","IsoQuant","SMR","Kidney","K31",0.732199079301658
"Mouse","Iso-Seq","1.5k-3k","IsoQuant","SMR","Kidney","K32",0.758293805229075
"Mouse","Iso-Seq","1.5k-3k","IsoQuant","SMR","Kidney","K33",0.748504869643728
"Mouse","Iso-Seq","1.5k-3k","IsoQuant","SMR","Kidney","K34",0.778842869637501
"Mouse","Iso-Seq","1.5k-3k","IsoQuant","SMR","Kidney","K35",0.772519987384298
"Mouse","Iso-Seq","1.5k-3k","IsoQuant","TPM","B20K80","B20K80_1",0.817677144624239
"Mouse","Iso-Seq","1.5k-3k","IsoQuant","TPM","B20K80","B20K80_2",0.826211782387008
"Mouse","Iso-Seq","1.5k-3k","IsoQuant","TPM","B20K80","B20K80_3",0.808523171989162
"Mouse","Iso-Seq","1.5k-3k","IsoQuant","TPM","B20K80","B20K80_4",0.821577999947314
"Mouse","Iso-Seq","1.5k-3k","IsoQuant","TPM","B20K80","B20K80_5",0.816495105457647
"Mouse","Iso-Seq","1.5k-3k","IsoQuant","TPM","Brain","B31",0.801741039335239
"Mouse","Iso-Seq","1.5k-3k","IsoQuant","TPM","Brain","B32",0.809943210678319
"Mouse","Iso-Seq","1.5k-3k","IsoQuant","TPM","Brain","B33",0.802896702794262
"Mouse","Iso-Seq","1.5k-3k","IsoQuant","TPM","Brain","B34",0.781339694549686
"Mouse","Iso-Seq","1.5k-3k","IsoQuant","TPM","Brain","B35",0.794956037329389
"Mouse","Iso-Seq","1.5k-3k","IsoQuant","TPM","B80K20","B80K20_1",0.821639811774734
"Mouse","Iso-Seq","1.5k-3k","IsoQuant","TPM","B80K20","B80K20_2",0.798051639573975
"Mouse","Iso-Seq","1.5k-3k","IsoQuant","TPM","B80K20","B80K20_3",0.81819983750154
"Mouse","Iso-Seq","1.5k-3k","IsoQuant","TPM","B80K20","B80K20_4",0.790714369320958
"Mouse","Iso-Seq","1.5k-3k","IsoQuant","TPM","B80K20","B80K20_5",0.804415086256856
"Mouse","Iso-Seq","1.5k-3k","IsoQuant","TPM","Kidney","K31",0.830392489255809
"Mouse","Iso-Seq","1.5k-3k","IsoQuant","TPM","Kidney","K32",0.843353288535731
"Mouse","Iso-Seq","1.5k-3k","IsoQuant","TPM","Kidney","K33",0.835099822286859
"Mouse","Iso-Seq","1.5k-3k","IsoQuant","TPM","Kidney","K34",0.847015464245887
"Mouse","Iso-Seq","1.5k-3k","IsoQuant","TPM","Kidney","K35",0.846503367260628
"Mouse","Iso-Seq","1.5k-3k","Kallisto","CPM","B20K80","B20K80_1",0.773578697432476
"Mouse","Iso-Seq","1.5k-3k","Kallisto","CPM","B20K80","B20K80_2",0.775389388567442
"Mouse","Iso-Seq","1.5k-3k","Kallisto","CPM","B20K80","B20K80_3",0.760810426404824
"Mouse","Iso-Seq","1.5k-3k","Kallisto","CPM","B20K80","B20K80_4",0.783310654234886
"Mouse","Iso-Seq","1.5k-3k","Kallisto","CPM","B20K80","B20K80_5",0.779830697276482
"Mouse","Iso-Seq","1.5k-3k","Kallisto","CPM","Brain","B31",0.754885797980421
"Mouse","Iso-Seq","1.5k-3k","Kallisto","CPM","Brain","B32",0.772775536965669
"Mouse","Iso-Seq","1.5k-3k","Kallisto","CPM","Brain","B33",0.762197910382028
"Mouse","Iso-Seq","1.5k-3k","Kallisto","CPM","Brain","B34",0.738954928310363
"Mouse","Iso-Seq","1.5k-3k","Kallisto","CPM","Brain","B35",0.750472798760705
"Mouse","Iso-Seq","1.5k-3k","Kallisto","CPM","B80K20","B80K20_1",0.776672097342659
"Mouse","Iso-Seq","1.5k-3k","Kallisto","CPM","B80K20","B80K20_2",0.746794812547987
"Mouse","Iso-Seq","1.5k-3k","Kallisto","CPM","B80K20","B80K20_3",0.780231682705039
"Mouse","Iso-Seq","1.5k-3k","Kallisto","CPM","B80K20","B80K20_4",0.737222746394177
"Mouse","Iso-Seq","1.5k-3k","Kallisto","CPM","B80K20","B80K20_5",0.760274606056439
"Mouse","Iso-Seq","1.5k-3k","Kallisto","CPM","Kidney","K31",0.781382480840266
"Mouse","Iso-Seq","1.5k-3k","Kallisto","CPM","Kidney","K32",0.786689402334002
"Mouse","Iso-Seq","1.5k-3k","Kallisto","CPM","Kidney","K33",0.785683367595932
"Mouse","Iso-Seq","1.5k-3k","Kallisto","CPM","Kidney","K34",0.816978954416971
"Mouse","Iso-Seq","1.5k-3k","Kallisto","CPM","Kidney","K35",0.81549432085919
"Mouse","Iso-Seq","1.5k-3k","Kallisto","CQN","B20K80","B20K80_1",0.766762114557184
"Mouse","Iso-Seq","1.5k-3k","Kallisto","CQN","B20K80","B20K80_2",0.793119379379373
"Mouse","Iso-Seq","1.5k-3k","Kallisto","CQN","B20K80","B20K80_3",0.761494752102204
"Mouse","Iso-Seq","1.5k-3k","Kallisto","CQN","B20K80","B20K80_4",0.75956178471673
"Mouse","Iso-Seq","1.5k-3k","Kallisto","CQN","B20K80","B20K80_5",0.746705513659562
"Mouse","Iso-Seq","1.5k-3k","Kallisto","CQN","Brain","B31",0.795313816928719
"Mouse","Iso-Seq","1.5k-3k","Kallisto","CQN","Brain","B32",0.803499704628046
"Mouse","Iso-Seq","1.5k-3k","Kallisto","CQN","Brain","B33",0.801901868856168
"Mouse","Iso-Seq","1.5k-3k","Kallisto","CQN","Brain","B34",0.778607605191112
"Mouse","Iso-Seq","1.5k-3k","Kallisto","CQN","Brain","B35",0.794186705177914
"Mouse","Iso-Seq","1.5k-3k","Kallisto","CQN","B80K20","B80K20_1",0.783773543824483
"Mouse","Iso-Seq","1.5k-3k","Kallisto","CQN","B80K20","B80K20_2",0.774887878967931
"Mouse","Iso-Seq","1.5k-3k","Kallisto","CQN","B80K20","B80K20_3",0.775217773933644
"Mouse","Iso-Seq","1.5k-3k","Kallisto","CQN","B80K20","B80K20_4",0.757930075903082
"Mouse","Iso-Seq","1.5k-3k","Kallisto","CQN","B80K20","B80K20_5",0.7619113905422
"Mouse","Iso-Seq","1.5k-3k","Kallisto","CQN","Kidney","K31",0.796526142170824
"Mouse","Iso-Seq","1.5k-3k","Kallisto","CQN","Kidney","K32",0.822311016455983
"Mouse","Iso-Seq","1.5k-3k","Kallisto","CQN","Kidney","K33",0.802918948382424
"Mouse","Iso-Seq","1.5k-3k","Kallisto","CQN","Kidney","K34",0.788421087990534
"Mouse","Iso-Seq","1.5k-3k","Kallisto","CQN","Kidney","K35",0.751976939576541
"Mouse","Iso-Seq","1.5k-3k","Kallisto","EDASeq","B20K80","B20K80_1",0.761667803501856
"Mouse","Iso-Seq","1.5k-3k","Kallisto","EDASeq","B20K80","B20K80_2",0.778778823616792
"Mouse","Iso-Seq","1.5k-3k","Kallisto","EDASeq","B20K80","B20K80_3",0.752483633426301
"Mouse","Iso-Seq","1.5k-3k","Kallisto","EDASeq","B20K80","B20K80_4",0.761885143430029
"Mouse","Iso-Seq","1.5k-3k","Kallisto","EDASeq","B20K80","B20K80_5",0.753729473238463
"Mouse","Iso-Seq","1.5k-3k","Kallisto","EDASeq","Brain","B31",0.766868630622311
"Mouse","Iso-Seq","1.5k-3k","Kallisto","EDASeq","Brain","B32",0.784600173736603
"Mouse","Iso-Seq","1.5k-3k","Kallisto","EDASeq","Brain","B33",0.777904783854349
"Mouse","Iso-Seq","1.5k-3k","Kallisto","EDASeq","Brain","B34",0.748189903934785
"Mouse","Iso-Seq","1.5k-3k","Kallisto","EDASeq","Brain","B35",0.761573060416747
"Mouse","Iso-Seq","1.5k-3k","Kallisto","EDASeq","B80K20","B80K20_1",0.779477694044703
"Mouse","Iso-Seq","1.5k-3k","Kallisto","EDASeq","B80K20","B80K20_2",0.764620105252397
"Mouse","Iso-Seq","1.5k-3k","Kallisto","EDASeq","B80K20","B80K20_3",0.774228638275885
"Mouse","Iso-Seq","1.5k-3k","Kallisto","EDASeq","B80K20","B80K20_4",0.7450856117642
"Mouse","Iso-Seq","1.5k-3k","Kallisto","EDASeq","B80K20","B80K20_5",0.755281454512604
"Mouse","Iso-Seq","1.5k-3k","Kallisto","EDASeq","Kidney","K31",0.775887117367732
"Mouse","Iso-Seq","1.5k-3k","Kallisto","EDASeq","Kidney","K32",0.792180898550308
"Mouse","Iso-Seq","1.5k-3k","Kallisto","EDASeq","Kidney","K33",0.78112589838764
"Mouse","Iso-Seq","1.5k-3k","Kallisto","EDASeq","Kidney","K34",0.791775016191611
"Mouse","Iso-Seq","1.5k-3k","Kallisto","EDASeq","Kidney","K35",0.784530619396127
"Mouse","Iso-Seq","1.5k-3k","Kallisto","SMR","B20K80","B20K80_1",0.578146084709164
"Mouse","Iso-Seq","1.5k-3k","Kallisto","SMR","B20K80","B20K80_2",0.721477256418854
"Mouse","Iso-Seq","1.5k-3k","Kallisto","SMR","B20K80","B20K80_3",0.685931029381766
"Mouse","Iso-Seq","1.5k-3k","Kallisto","SMR","B20K80","B20K80_4",0.71106940984922
"Mouse","Iso-Seq","1.5k-3k","Kallisto","SMR","B20K80","B20K80_5",0.659199647445202
"Mouse","Iso-Seq","1.5k-3k","Kallisto","SMR","Brain","B31",0.653427022381977
"Mouse","Iso-Seq","1.5k-3k","Kallisto","SMR","Brain","B32",0.742219883707012
"Mouse","Iso-Seq","1.5k-3k","Kallisto","SMR","Brain","B33",0.712499151456086
"Mouse","Iso-Seq","1.5k-3k","Kallisto","SMR","Brain","B34",0.700942057308817
"Mouse","Iso-Seq","1.5k-3k","Kallisto","SMR","Brain","B35",0.722735438518343
"Mouse","Iso-Seq","1.5k-3k","Kallisto","SMR","B80K20","B80K20_1",0.732407762116797
"Mouse","Iso-Seq","1.5k-3k","Kallisto","SMR","B80K20","B80K20_2",0.640961579772682
"Mouse","Iso-Seq","1.5k-3k","Kallisto","SMR","B80K20","B80K20_3",0.638191588358529
"Mouse","Iso-Seq","1.5k-3k","Kallisto","SMR","B80K20","B80K20_4",0.59510366515747
"Mouse","Iso-Seq","1.5k-3k","Kallisto","SMR","B80K20","B80K20_5",0.665226905554214
"Mouse","Iso-Seq","1.5k-3k","Kallisto","SMR","Kidney","K31",0.764422741153591
"Mouse","Iso-Seq","1.5k-3k","Kallisto","SMR","Kidney","K32",0.791687419372499
"Mouse","Iso-Seq","1.5k-3k","Kallisto","SMR","Kidney","K33",0.778870984226619
"Mouse","Iso-Seq","1.5k-3k","Kallisto","SMR","Kidney","K34",0.820190590300229
"Mouse","Iso-Seq","1.5k-3k","Kallisto","SMR","Kidney","K35",0.81230522341762
"Mouse","Iso-Seq","1.5k-3k","Kallisto","TPM","B20K80","B20K80_1",0.793679974904429
"Mouse","Iso-Seq","1.5k-3k","Kallisto","TPM","B20K80","B20K80_2",0.798924659695238
"Mouse","Iso-Seq","1.5k-3k","Kallisto","TPM","B20K80","B20K80_3",0.781063146421934
"Mouse","Iso-Seq","1.5k-3k","Kallisto","TPM","B20K80","B20K80_4",0.795982172377921
"Mouse","Iso-Seq","1.5k-3k","Kallisto","TPM","B20K80","B20K80_5",0.792945508039532
"Mouse","Iso-Seq","1.5k-3k","Kallisto","TPM","Brain","B31",0.778822489548637
"Mouse","Iso-Seq","1.5k-3k","Kallisto","TPM","Brain","B32",0.792371580270049
"Mouse","Iso-Seq","1.5k-3k","Kallisto","TPM","Brain","B33",0.785789676928882
"Mouse","Iso-Seq","1.5k-3k","Kallisto","TPM","Brain","B34",0.760445169393046
"Mouse","Iso-Seq","1.5k-3k","Kallisto","TPM","Brain","B35",0.774978553519356
"Mouse","Iso-Seq","1.5k-3k","Kallisto","TPM","B80K20","B80K20_1",0.794912335379117
"Mouse","Iso-Seq","1.5k-3k","Kallisto","TPM","B80K20","B80K20_2",0.770303022395331
"Mouse","Iso-Seq","1.5k-3k","Kallisto","TPM","B80K20","B80K20_3",0.791066520197308
"Mouse","Iso-Seq","1.5k-3k","Kallisto","TPM","B80K20","B80K20_4",0.760283450948224
"Mouse","Iso-Seq","1.5k-3k","Kallisto","TPM","B80K20","B80K20_5",0.775887356281693
"Mouse","Iso-Seq","1.5k-3k","Kallisto","TPM","Kidney","K31",0.810982753820736
"Mouse","Iso-Seq","1.5k-3k","Kallisto","TPM","Kidney","K32",0.813759157800385
"Mouse","Iso-Seq","1.5k-3k","Kallisto","TPM","Kidney","K33",0.812192593049243
"Mouse","Iso-Seq","1.5k-3k","Kallisto","TPM","Kidney","K34",0.829029877003071
"Mouse","Iso-Seq","1.5k-3k","Kallisto","TPM","Kidney","K35",0.826748685825926
"Mouse","Iso-Seq","1.5k-3k","Oarfish","CPM","B20K80","B20K80_1",0.817580516356895
"Mouse","Iso-Seq","1.5k-3k","Oarfish","CPM","B20K80","B20K80_2",0.818040284163177
"Mouse","Iso-Seq","1.5k-3k","Oarfish","CPM","B20K80","B20K80_3",0.811110791630857
"Mouse","Iso-Seq","1.5k-3k","Oarfish","CPM","B20K80","B20K80_4",0.826693210943909
"Mouse","Iso-Seq","1.5k-3k","Oarfish","CPM","B20K80","B20K80_5",0.821507189376283
"Mouse","Iso-Seq","1.5k-3k","Oarfish","CPM","Brain","B31",0.792665982149514
"Mouse","Iso-Seq","1.5k-3k","Oarfish","CPM","Brain","B32",0.813265692088275
"Mouse","Iso-Seq","1.5k-3k","Oarfish","CPM","Brain","B33",0.797634124458162
"Mouse","Iso-Seq","1.5k-3k","Oarfish","CPM","Brain","B34",0.788013705195247
"Mouse","Iso-Seq","1.5k-3k","Oarfish","CPM","Brain","B35",0.795422327346189
"Mouse","Iso-Seq","1.5k-3k","Oarfish","CPM","B80K20","B80K20_1",0.824812191852775
"Mouse","Iso-Seq","1.5k-3k","Oarfish","CPM","B80K20","B80K20_2",0.787145235164692
"Mouse","Iso-Seq","1.5k-3k","Oarfish","CPM","B80K20","B80K20_3",0.820848564685841
"Mouse","Iso-Seq","1.5k-3k","Oarfish","CPM","B80K20","B80K20_4",0.782359961247232
"Mouse","Iso-Seq","1.5k-3k","Oarfish","CPM","B80K20","B80K20_5",0.804408771331055
"Mouse","Iso-Seq","1.5k-3k","Oarfish","CPM","Kidney","K31",0.82021212771602
"Mouse","Iso-Seq","1.5k-3k","Oarfish","CPM","Kidney","K32",0.828109487352227
"Mouse","Iso-Seq","1.5k-3k","Oarfish","CPM","Kidney","K33",0.82451038218783
"Mouse","Iso-Seq","1.5k-3k","Oarfish","CPM","Kidney","K34",0.857594319398546
"Mouse","Iso-Seq","1.5k-3k","Oarfish","CPM","Kidney","K35",0.851795615637152
"Mouse","Iso-Seq","1.5k-3k","Oarfish","CQN","B20K80","B20K80_1",0.807889296468942
"Mouse","Iso-Seq","1.5k-3k","Oarfish","CQN","B20K80","B20K80_2",0.830456757081881
"Mouse","Iso-Seq","1.5k-3k","Oarfish","CQN","B20K80","B20K80_3",0.805775650746664
"Mouse","Iso-Seq","1.5k-3k","Oarfish","CQN","B20K80","B20K80_4",0.805117521118704
"Mouse","Iso-Seq","1.5k-3k","Oarfish","CQN","B20K80","B20K80_5",0.790368041649669
"Mouse","Iso-Seq","1.5k-3k","Oarfish","CQN","Brain","B31",0.817893873952393
"Mouse","Iso-Seq","1.5k-3k","Oarfish","CQN","Brain","B32",0.83199325445471
"Mouse","Iso-Seq","1.5k-3k","Oarfish","CQN","Brain","B33",0.826124149419881
"Mouse","Iso-Seq","1.5k-3k","Oarfish","CQN","Brain","B34",0.809737831098405
"Mouse","Iso-Seq","1.5k-3k","Oarfish","CQN","Brain","B35",0.822208407613253
"Mouse","Iso-Seq","1.5k-3k","Oarfish","CQN","B80K20","B80K20_1",0.825073474905215
"Mouse","Iso-Seq","1.5k-3k","Oarfish","CQN","B80K20","B80K20_2",0.809398217720143
"Mouse","Iso-Seq","1.5k-3k","Oarfish","CQN","B80K20","B80K20_3",0.814961290582228
"Mouse","Iso-Seq","1.5k-3k","Oarfish","CQN","B80K20","B80K20_4",0.79776158776056
"Mouse","Iso-Seq","1.5k-3k","Oarfish","CQN","B80K20","B80K20_5",0.802201522857289
"Mouse","Iso-Seq","1.5k-3k","Oarfish","CQN","Kidney","K31",0.824823272752403
"Mouse","Iso-Seq","1.5k-3k","Oarfish","CQN","Kidney","K32",0.854135020769081
"Mouse","Iso-Seq","1.5k-3k","Oarfish","CQN","Kidney","K33",0.830622421206356
"Mouse","Iso-Seq","1.5k-3k","Oarfish","CQN","Kidney","K34",0.824530975799482
"Mouse","Iso-Seq","1.5k-3k","Oarfish","CQN","Kidney","K35",0.787334725189007
"Mouse","Iso-Seq","1.5k-3k","Oarfish","EDASeq","B20K80","B20K80_1",0.808235379142935
"Mouse","Iso-Seq","1.5k-3k","Oarfish","EDASeq","B20K80","B20K80_2",0.821656025834082
"Mouse","Iso-Seq","1.5k-3k","Oarfish","EDASeq","B20K80","B20K80_3",0.803571446947923
"Mouse","Iso-Seq","1.5k-3k","Oarfish","EDASeq","B20K80","B20K80_4",0.810405646723552
"Mouse","Iso-Seq","1.5k-3k","Oarfish","EDASeq","B20K80","B20K80_5",0.802053410180639
"Mouse","Iso-Seq","1.5k-3k","Oarfish","EDASeq","Brain","B31",0.803899438034881
"Mouse","Iso-Seq","1.5k-3k","Oarfish","EDASeq","Brain","B32",0.824176882903488
"Mouse","Iso-Seq","1.5k-3k","Oarfish","EDASeq","Brain","B33",0.811323980626723
"Mouse","Iso-Seq","1.5k-3k","Oarfish","EDASeq","Brain","B34",0.794020468984236
"Mouse","Iso-Seq","1.5k-3k","Oarfish","EDASeq","Brain","B35",0.802829245528534
"Mouse","Iso-Seq","1.5k-3k","Oarfish","EDASeq","B80K20","B80K20_1",0.82664506255524
"Mouse","Iso-Seq","1.5k-3k","Oarfish","EDASeq","B80K20","B80K20_2",0.802445480242814
"Mouse","Iso-Seq","1.5k-3k","Oarfish","EDASeq","B80K20","B80K20_3",0.815692971866556
"Mouse","Iso-Seq","1.5k-3k","Oarfish","EDASeq","B80K20","B80K20_4",0.788022262186348
"Mouse","Iso-Seq","1.5k-3k","Oarfish","EDASeq","B80K20","B80K20_5",0.799666664230294
"Mouse","Iso-Seq","1.5k-3k","Oarfish","EDASeq","Kidney","K31",0.816861002227446
"Mouse","Iso-Seq","1.5k-3k","Oarfish","EDASeq","Kidney","K32",0.832843855057952
"Mouse","Iso-Seq","1.5k-3k","Oarfish","EDASeq","Kidney","K33",0.820976692129981
"Mouse","Iso-Seq","1.5k-3k","Oarfish","EDASeq","Kidney","K34",0.838404423664366
"Mouse","Iso-Seq","1.5k-3k","Oarfish","EDASeq","Kidney","K35",0.82799968127453
"Mouse","Iso-Seq","1.5k-3k","Oarfish","SMR","B20K80","B20K80_1",0.588966326457202
"Mouse","Iso-Seq","1.5k-3k","Oarfish","SMR","B20K80","B20K80_2",0.715786646952971
"Mouse","Iso-Seq","1.5k-3k","Oarfish","SMR","B20K80","B20K80_3",0.704178450630514
"Mouse","Iso-Seq","1.5k-3k","Oarfish","SMR","B20K80","B20K80_4",0.723508511851536
"Mouse","Iso-Seq","1.5k-3k","Oarfish","SMR","B20K80","B20K80_5",0.656078204919756
"Mouse","Iso-Seq","1.5k-3k","Oarfish","SMR","Brain","B31",0.608998874128279
"Mouse","Iso-Seq","1.5k-3k","Oarfish","SMR","Brain","B32",0.730220122628884
"Mouse","Iso-Seq","1.5k-3k","Oarfish","SMR","Brain","B33",0.686243330508369
"Mouse","Iso-Seq","1.5k-3k","Oarfish","SMR","Brain","B34",0.688351483369573
"Mouse","Iso-Seq","1.5k-3k","Oarfish","SMR","Brain","B35",0.710506939811933
"Mouse","Iso-Seq","1.5k-3k","Oarfish","SMR","B80K20","B80K20_1",0.726370011824171
"Mouse","Iso-Seq","1.5k-3k","Oarfish","SMR","B80K20","B80K20_2",0.62385118652894
"Mouse","Iso-Seq","1.5k-3k","Oarfish","SMR","B80K20","B80K20_3",0.626693643144403
"Mouse","Iso-Seq","1.5k-3k","Oarfish","SMR","B80K20","B80K20_4",0.581699610226708
"Mouse","Iso-Seq","1.5k-3k","Oarfish","SMR","B80K20","B80K20_5",0.65462590618045
"Mouse","Iso-Seq","1.5k-3k","Oarfish","SMR","Kidney","K31",0.769200168600264
"Mouse","Iso-Seq","1.5k-3k","Oarfish","SMR","Kidney","K32",0.79462939753472694
"Mouse","Iso-Seq","1.5k-3k","Oarfish","SMR","Kidney","K33",0.785158036207312
"Mouse","Iso-Seq","1.5k-3k","Oarfish","SMR","Kidney","K34",0.831644617816511
"Mouse","Iso-Seq","1.5k-3k","Oarfish","SMR","Kidney","K35",0.813781440821024
"Mouse","Iso-Seq","1.5k-3k","Oarfish","TPM","B20K80","B20K80_1",0.833212138193329
"Mouse","Iso-Seq","1.5k-3k","Oarfish","TPM","B20K80","B20K80_2",0.83856492463361
"Mouse","Iso-Seq","1.5k-3k","Oarfish","TPM","B20K80","B20K80_3",0.827543177831684
"Mouse","Iso-Seq","1.5k-3k","Oarfish","TPM","B20K80","B20K80_4",0.835682754231071
"Mouse","Iso-Seq","1.5k-3k","Oarfish","TPM","B20K80","B20K80_5",0.830936859480294
"Mouse","Iso-Seq","1.5k-3k","Oarfish","TPM","Brain","B31",0.813563546749106
"Mouse","Iso-Seq","1.5k-3k","Oarfish","TPM","Brain","B32",0.830900160833177
"Mouse","Iso-Seq","1.5k-3k","Oarfish","TPM","Brain","B33",0.81785073455166
"Mouse","Iso-Seq","1.5k-3k","Oarfish","TPM","Brain","B34",0.804837969603054
"Mouse","Iso-Seq","1.5k-3k","Oarfish","TPM","Brain","B35",0.815398298767772
"Mouse","Iso-Seq","1.5k-3k","Oarfish","TPM","B80K20","B80K20_1",0.838806629253948
"Mouse","Iso-Seq","1.5k-3k","Oarfish","TPM","B80K20","B80K20_2",0.80777529200143094
"Mouse","Iso-Seq","1.5k-3k","Oarfish","TPM","B80K20","B80K20_3",0.828528063852143
"Mouse","Iso-Seq","1.5k-3k","Oarfish","TPM","B80K20","B80K20_4",0.801147800570519
"Mouse","Iso-Seq","1.5k-3k","Oarfish","TPM","B80K20","B80K20_5",0.815733114699874
"Mouse","Iso-Seq","1.5k-3k","Oarfish","TPM","Kidney","K31",0.845612229164155
"Mouse","Iso-Seq","1.5k-3k","Oarfish","TPM","Kidney","K32",0.852021818724903
"Mouse","Iso-Seq","1.5k-3k","Oarfish","TPM","Kidney","K33",0.847420528804494
"Mouse","Iso-Seq","1.5k-3k","Oarfish","TPM","Kidney","K34",0.866699815616665
"Mouse","Iso-Seq","1.5k-3k","Oarfish","TPM","Kidney","K35",0.860074422443337
"Mouse","Iso-Seq","3k-4.5k","Bambu","CPM","B20K80","B20K80_1",0.746434250843218
"Mouse","Iso-Seq","3k-4.5k","Bambu","CPM","B20K80","B20K80_2",0.757081964595657
"Mouse","Iso-Seq","3k-4.5k","Bambu","CPM","B20K80","B20K80_3",0.744142715226735
"Mouse","Iso-Seq","3k-4.5k","Bambu","CPM","B20K80","B20K80_4",0.741374979031694
"Mouse","Iso-Seq","3k-4.5k","Bambu","CPM","B20K80","B20K80_5",0.733886415178657
"Mouse","Iso-Seq","3k-4.5k","Bambu","CPM","Brain","B31",0.680757561594602
"Mouse","Iso-Seq","3k-4.5k","Bambu","CPM","Brain","B32",0.733862293737083
"Mouse","Iso-Seq","3k-4.5k","Bambu","CPM","Brain","B33",0.73064168100434
"Mouse","Iso-Seq","3k-4.5k","Bambu","CPM","Brain","B34",0.717930739490185
"Mouse","Iso-Seq","3k-4.5k","Bambu","CPM","Brain","B35",0.738022870965725
"Mouse","Iso-Seq","3k-4.5k","Bambu","CPM","B80K20","B80K20_1",0.749749828167683
"Mouse","Iso-Seq","3k-4.5k","Bambu","CPM","B80K20","B80K20_2",0.719733708250078
"Mouse","Iso-Seq","3k-4.5k","Bambu","CPM","B80K20","B80K20_3",0.744159239235771
"Mouse","Iso-Seq","3k-4.5k","Bambu","CPM","B80K20","B80K20_4",0.713041620053208
"Mouse","Iso-Seq","3k-4.5k","Bambu","CPM","B80K20","B80K20_5",0.723717675595098
"Mouse","Iso-Seq","3k-4.5k","Bambu","CPM","Kidney","K31",0.780820535701721
"Mouse","Iso-Seq","3k-4.5k","Bambu","CPM","Kidney","K32",0.805741862060114
"Mouse","Iso-Seq","3k-4.5k","Bambu","CPM","Kidney","K33",0.793093272513942
"Mouse","Iso-Seq","3k-4.5k","Bambu","CPM","Kidney","K34",0.802340226981687
"Mouse","Iso-Seq","3k-4.5k","Bambu","CPM","Kidney","K35",0.778990429212823
"Mouse","Iso-Seq","3k-4.5k","Bambu","CQN","B20K80","B20K80_1",0.739269994337045
"Mouse","Iso-Seq","3k-4.5k","Bambu","CQN","B20K80","B20K80_2",0.756051033790633
"Mouse","Iso-Seq","3k-4.5k","Bambu","CQN","B20K80","B20K80_3",0.740148381970408
"Mouse","Iso-Seq","3k-4.5k","Bambu","CQN","B20K80","B20K80_4",0.7332919123563
"Mouse","Iso-Seq","3k-4.5k","Bambu","CQN","B20K80","B20K80_5",0.719559595115725
"Mouse","Iso-Seq","3k-4.5k","Bambu","CQN","Brain","B31",0.695871747818024
"Mouse","Iso-Seq","3k-4.5k","Bambu","CQN","Brain","B32",0.739705682707168
"Mouse","Iso-Seq","3k-4.5k","Bambu","CQN","Brain","B33",0.739329423872523
"Mouse","Iso-Seq","3k-4.5k","Bambu","CQN","Brain","B34",0.72748826164518
"Mouse","Iso-Seq","3k-4.5k","Bambu","CQN","Brain","B35",0.749165366540552
"Mouse","Iso-Seq","3k-4.5k","Bambu","CQN","B80K20","B80K20_1",0.745979645467347
"Mouse","Iso-Seq","3k-4.5k","Bambu","CQN","B80K20","B80K20_2",0.720706584030357
"Mouse","Iso-Seq","3k-4.5k","Bambu","CQN","B80K20","B80K20_3",0.742246827076134
"Mouse","Iso-Seq","3k-4.5k","Bambu","CQN","B80K20","B80K20_4",0.716683863188073
"Mouse","Iso-Seq","3k-4.5k","Bambu","CQN","B80K20","B80K20_5",0.726418524021408
"Mouse","Iso-Seq","3k-4.5k","Bambu","CQN","Kidney","K31",0.775599067472161
"Mouse","Iso-Seq","3k-4.5k","Bambu","CQN","Kidney","K32",0.813040466378704
"Mouse","Iso-Seq","3k-4.5k","Bambu","CQN","Kidney","K33",0.7916557359312
"Mouse","Iso-Seq","3k-4.5k","Bambu","CQN","Kidney","K34",0.794672676873058
"Mouse","Iso-Seq","3k-4.5k","Bambu","CQN","Kidney","K35",0.75356546205424
"Mouse","Iso-Seq","3k-4.5k","Bambu","EDASeq","B20K80","B20K80_1",0.74447504642103
"Mouse","Iso-Seq","3k-4.5k","Bambu","EDASeq","B20K80","B20K80_2",0.756559454543768
"Mouse","Iso-Seq","3k-4.5k","Bambu","EDASeq","B20K80","B20K80_3",0.742520995162222
"Mouse","Iso-Seq","3k-4.5k","Bambu","EDASeq","B20K80","B20K80_4",0.738897825067302
"Mouse","Iso-Seq","3k-4.5k","Bambu","EDASeq","B20K80","B20K80_5",0.730823320127219
"Mouse","Iso-Seq","3k-4.5k","Bambu","EDASeq","Brain","B31",0.6851652121518
"Mouse","Iso-Seq","3k-4.5k","Bambu","EDASeq","Brain","B32",0.734966378021355
"Mouse","Iso-Seq","3k-4.5k","Bambu","EDASeq","Brain","B33",0.731465934958841
"Mouse","Iso-Seq","3k-4.5k","Bambu","EDASeq","Brain","B34",0.718056878724074
"Mouse","Iso-Seq","3k-4.5k","Bambu","EDASeq","Brain","B35",0.737949835689237
"Mouse","Iso-Seq","3k-4.5k","Bambu","EDASeq","B80K20","B80K20_1",0.749870442899655
"Mouse","Iso-Seq","3k-4.5k","Bambu","EDASeq","B80K20","B80K20_2",0.720057662087743
"Mouse","Iso-Seq","3k-4.5k","Bambu","EDASeq","B80K20","B80K20_3",0.744450727468073
"Mouse","Iso-Seq","3k-4.5k","Bambu","EDASeq","B80K20","B80K20_4",0.713200105319225
"Mouse","Iso-Seq","3k-4.5k","Bambu","EDASeq","B80K20","B80K20_5",0.72367990996851
"Mouse","Iso-Seq","3k-4.5k","Bambu","EDASeq","Kidney","K31",0.778466254194867
"Mouse","Iso-Seq","3k-4.5k","Bambu","EDASeq","Kidney","K32",0.804016238843104
"Mouse","Iso-Seq","3k-4.5k","Bambu","EDASeq","Kidney","K33",0.790517256561237
"Mouse","Iso-Seq","3k-4.5k","Bambu","EDASeq","Kidney","K34",0.798236986731286
"Mouse","Iso-Seq","3k-4.5k","Bambu","EDASeq","Kidney","K35",0.771873504393492
"Mouse","Iso-Seq","3k-4.5k","Bambu","SMR","B20K80","B20K80_1",0.448508692936089
"Mouse","Iso-Seq","3k-4.5k","Bambu","SMR","B20K80","B20K80_2",0.655985619023232
"Mouse","Iso-Seq","3k-4.5k","Bambu","SMR","B20K80","B20K80_3",0.604135203079389
"Mouse","Iso-Seq","3k-4.5k","Bambu","SMR","B20K80","B20K80_4",0.59294995380817
"Mouse","Iso-Seq","3k-4.5k","Bambu","SMR","B20K80","B20K80_5",0.503534373678532
"Mouse","Iso-Seq","3k-4.5k","Bambu","SMR","Brain","B31",0.401223460723597
"Mouse","Iso-Seq","3k-4.5k","Bambu","SMR","Brain","B32",0.648816478910326
"Mouse","Iso-Seq","3k-4.5k","Bambu","SMR","Brain","B33",0.583768858566364
"Mouse","Iso-Seq","3k-4.5k","Bambu","SMR","Brain","B34",0.580655719569739
"Mouse","Iso-Seq","3k-4.5k","Bambu","SMR","Brain","B35",0.63359390983658
"Mouse","Iso-Seq","3k-4.5k","Bambu","SMR","B80K20","B80K20_1",0.609177105119148
"Mouse","Iso-Seq","3k-4.5k","Bambu","SMR","B80K20","B80K20_2",0.548553212541241
"Mouse","Iso-Seq","3k-4.5k","Bambu","SMR","B80K20","B80K20_3",0.516309842686577
"Mouse","Iso-Seq","3k-4.5k","Bambu","SMR","B80K20","B80K20_4",0.463795578263139
"Mouse","Iso-Seq","3k-4.5k","Bambu","SMR","B80K20","B80K20_5",0.532730818836595
"Mouse","Iso-Seq","3k-4.5k","Bambu","SMR","Kidney","K31",0.769962641506385
"Mouse","Iso-Seq","3k-4.5k","Bambu","SMR","Kidney","K32",0.819447275193053
"Mouse","Iso-Seq","3k-4.5k","Bambu","SMR","Kidney","K33",0.791155176552681
"Mouse","Iso-Seq","3k-4.5k","Bambu","SMR","Kidney","K34",0.798532147822533
"Mouse","Iso-Seq","3k-4.5k","Bambu","SMR","Kidney","K35",0.773681573443203
"Mouse","Iso-Seq","3k-4.5k","Bambu","TPM","B20K80","B20K80_1",0.744343877578361
"Mouse","Iso-Seq","3k-4.5k","Bambu","TPM","B20K80","B20K80_2",0.75547510999035
"Mouse","Iso-Seq","3k-4.5k","Bambu","TPM","B20K80","B20K80_3",0.741374002221819
"Mouse","Iso-Seq","3k-4.5k","Bambu","TPM","B20K80","B20K80_4",0.738803167646767
"Mouse","Iso-Seq","3k-4.5k","Bambu","TPM","B20K80","B20K80_5",0.731761357516138
"Mouse","Iso-Seq","3k-4.5k","Bambu","TPM","Brain","B31",0.686312295067136
"Mouse","Iso-Seq","3k-4.5k","Bambu","TPM","Brain","B32",0.734824468805899
"Mouse","Iso-Seq","3k-4.5k","Bambu","TPM","Brain","B33",0.731337757533985
"Mouse","Iso-Seq","3k-4.5k","Bambu","TPM","Brain","B34",0.714297010764733
"Mouse","Iso-Seq","3k-4.5k","Bambu","TPM","Brain","B35",0.735016066450952
"Mouse","Iso-Seq","3k-4.5k","Bambu","TPM","B80K20","B80K20_1",0.746077041188096
"Mouse","Iso-Seq","3k-4.5k","Bambu","TPM","B80K20","B80K20_2",0.718863591869152
"Mouse","Iso-Seq","3k-4.5k","Bambu","TPM","B80K20","B80K20_3",0.739750605375396
"Mouse","Iso-Seq","3k-4.5k","Bambu","TPM","B80K20","B80K20_4",0.709279945997471
"Mouse","Iso-Seq","3k-4.5k","Bambu","TPM","B80K20","B80K20_5",0.719725395143007
"Mouse","Iso-Seq","3k-4.5k","Bambu","TPM","Kidney","K31",0.782360312407332
"Mouse","Iso-Seq","3k-4.5k","Bambu","TPM","Kidney","K32",0.806308270616667
"Mouse","Iso-Seq","3k-4.5k","Bambu","TPM","Kidney","K33",0.793257159899074
"Mouse","Iso-Seq","3k-4.5k","Bambu","TPM","Kidney","K34",0.801420140837982
"Mouse","Iso-Seq","3k-4.5k","Bambu","TPM","Kidney","K35",0.779342833171177
"Mouse","Iso-Seq","3k-4.5k","FLAIR","CPM","B20K80","B20K80_1",0.730855545060464
"Mouse","Iso-Seq","3k-4.5k","FLAIR","CPM","B20K80","B20K80_2",0.752874444722375
"Mouse","Iso-Seq","3k-4.5k","FLAIR","CPM","B20K80","B20K80_3",0.730947698922157
"Mouse","Iso-Seq","3k-4.5k","FLAIR","CPM","B20K80","B20K80_4",0.718121778397678
"Mouse","Iso-Seq","3k-4.5k","FLAIR","CPM","B20K80","B20K80_5",0.708449659570479
"Mouse","Iso-Seq","3k-4.5k","FLAIR","CPM","Brain","B31",0.675272911538385
"Mouse","Iso-Seq","3k-4.5k","FLAIR","CPM","Brain","B32",0.723005531579072
"Mouse","Iso-Seq","3k-4.5k","FLAIR","CPM","Brain","B33",0.71933502710026
"Mouse","Iso-Seq","3k-4.5k","FLAIR","CPM","Brain","B34",0.690256360307087
"Mouse","Iso-Seq","3k-4.5k","FLAIR","CPM","Brain","B35",0.714269617514615
"Mouse","Iso-Seq","3k-4.5k","FLAIR","CPM","B80K20","B80K20_1",0.727385510325848
"Mouse","Iso-Seq","3k-4.5k","FLAIR","CPM","B80K20","B80K20_2",0.701299415372628
"Mouse","Iso-Seq","3k-4.5k","FLAIR","CPM","B80K20","B80K20_3",0.711323538613056
"Mouse","Iso-Seq","3k-4.5k","FLAIR","CPM","B80K20","B80K20_4",0.684964938526564
"Mouse","Iso-Seq","3k-4.5k","FLAIR","CPM","B80K20","B80K20_5",0.692924523750604
"Mouse","Iso-Seq","3k-4.5k","FLAIR","CPM","Kidney","K31",0.774433800666799
"Mouse","Iso-Seq","3k-4.5k","FLAIR","CPM","Kidney","K32",0.798270070083711
"Mouse","Iso-Seq","3k-4.5k","FLAIR","CPM","Kidney","K33",0.783844066477617
"Mouse","Iso-Seq","3k-4.5k","FLAIR","CPM","Kidney","K34",0.76515975532788
"Mouse","Iso-Seq","3k-4.5k","FLAIR","CPM","Kidney","K35",0.762129454470276
"Mouse","Iso-Seq","3k-4.5k","FLAIR","CQN","B20K80","B20K80_1",0.707645609885623
"Mouse","Iso-Seq","3k-4.5k","FLAIR","CQN","B20K80","B20K80_2",0.730029677560971
"Mouse","Iso-Seq","3k-4.5k","FLAIR","CQN","B20K80","B20K80_3",0.713648217661893
"Mouse","Iso-Seq","3k-4.5k","FLAIR","CQN","B20K80","B20K80_4",0.70114769224412
"Mouse","Iso-Seq","3k-4.5k","FLAIR","CQN","B20K80","B20K80_5",0.687999231921526
"Mouse","Iso-Seq","3k-4.5k","FLAIR","CQN","Brain","B31",0.680674476511629
"Mouse","Iso-Seq","3k-4.5k","FLAIR","CQN","Brain","B32",0.716132247944584
"Mouse","Iso-Seq","3k-4.5k","FLAIR","CQN","Brain","B33",0.718674775687899
"Mouse","Iso-Seq","3k-4.5k","FLAIR","CQN","Brain","B34",0.694532121607201
"Mouse","Iso-Seq","3k-4.5k","FLAIR","CQN","Brain","B35",0.718654473353266
"Mouse","Iso-Seq","3k-4.5k","FLAIR","CQN","B80K20","B80K20_1",0.709599534571582
"Mouse","Iso-Seq","3k-4.5k","FLAIR","CQN","B80K20","B80K20_2",0.686540423945732
"Mouse","Iso-Seq","3k-4.5k","FLAIR","CQN","B80K20","B80K20_3",0.697447236186539
"Mouse","Iso-Seq","3k-4.5k","FLAIR","CQN","B80K20","B80K20_4",0.67499180874819
"Mouse","Iso-Seq","3k-4.5k","FLAIR","CQN","B80K20","B80K20_5",0.685560986844927
"Mouse","Iso-Seq","3k-4.5k","FLAIR","CQN","Kidney","K31",0.755880082503346
"Mouse","Iso-Seq","3k-4.5k","FLAIR","CQN","Kidney","K32",0.790075768015143
"Mouse","Iso-Seq","3k-4.5k","FLAIR","CQN","Kidney","K33",0.765935767803946
"Mouse","Iso-Seq","3k-4.5k","FLAIR","CQN","Kidney","K34",0.754067564279784
"Mouse","Iso-Seq","3k-4.5k","FLAIR","CQN","Kidney","K35",0.72659549947370194
"Mouse","Iso-Seq","3k-4.5k","FLAIR","EDASeq","B20K80","B20K80_1",0.730328913901119
"Mouse","Iso-Seq","3k-4.5k","FLAIR","EDASeq","B20K80","B20K80_2",0.753143022980212
"Mouse","Iso-Seq","3k-4.5k","FLAIR","EDASeq","B20K80","B20K80_3",0.730932304323725
"Mouse","Iso-Seq","3k-4.5k","FLAIR","EDASeq","B20K80","B20K80_4",0.717623657776705
"Mouse","Iso-Seq","3k-4.5k","FLAIR","EDASeq","B20K80","B20K80_5",0.707367170341669
"Mouse","Iso-Seq","3k-4.5k","FLAIR","EDASeq","Brain","B31",0.681560710677754
"Mouse","Iso-Seq","3k-4.5k","FLAIR","EDASeq","Brain","B32",0.724882106254833
"Mouse","Iso-Seq","3k-4.5k","FLAIR","EDASeq","Brain","B33",0.720894323330437
"Mouse","Iso-Seq","3k-4.5k","FLAIR","EDASeq","Brain","B34",0.690743383408492
"Mouse","Iso-Seq","3k-4.5k","FLAIR","EDASeq","Brain","B35",0.714473420398033
"Mouse","Iso-Seq","3k-4.5k","FLAIR","EDASeq","B80K20","B80K20_1",0.72742894070256
"Mouse","Iso-Seq","3k-4.5k","FLAIR","EDASeq","B80K20","B80K20_2",0.701845260395682
"Mouse","Iso-Seq","3k-4.5k","FLAIR","EDASeq","B80K20","B80K20_3",0.711826724422006
"Mouse","Iso-Seq","3k-4.5k","FLAIR","EDASeq","B80K20","B80K20_4",0.685233317407599
"Mouse","Iso-Seq","3k-4.5k","FLAIR","EDASeq","B80K20","B80K20_5",0.69306288881447
"Mouse","Iso-Seq","3k-4.5k","FLAIR","EDASeq","Kidney","K31",0.774527555514615
"Mouse","Iso-Seq","3k-4.5k","FLAIR","EDASeq","Kidney","K32",0.799019921652025
"Mouse","Iso-Seq","3k-4.5k","FLAIR","EDASeq","Kidney","K33",0.783155815971204
"Mouse","Iso-Seq","3k-4.5k","FLAIR","EDASeq","Kidney","K34",0.763674704924331
"Mouse","Iso-Seq","3k-4.5k","FLAIR","EDASeq","Kidney","K35",0.758867860122444
"Mouse","Iso-Seq","3k-4.5k","FLAIR","SMR","B20K80","B20K80_1",0.382816846961495
"Mouse","Iso-Seq","3k-4.5k","FLAIR","SMR","B20K80","B20K80_2",0.611984479064469
"Mouse","Iso-Seq","3k-4.5k","FLAIR","SMR","B20K80","B20K80_3",0.547753821748153
"Mouse","Iso-Seq","3k-4.5k","FLAIR","SMR","B20K80","B20K80_4",0.535391479374416
"Mouse","Iso-Seq","3k-4.5k","FLAIR","SMR","B20K80","B20K80_5",0.44272062825433
"Mouse","Iso-Seq","3k-4.5k","FLAIR","SMR","Brain","B31",0.362051737968869
"Mouse","Iso-Seq","3k-4.5k","FLAIR","SMR","Brain","B32",0.611238177415751
"Mouse","Iso-Seq","3k-4.5k","FLAIR","SMR","Brain","B33",0.545082609784521
"Mouse","Iso-Seq","3k-4.5k","FLAIR","SMR","Brain","B34",0.514064341462769
"Mouse","Iso-Seq","3k-4.5k","FLAIR","SMR","Brain","B35",0.569755475465659
"Mouse","Iso-Seq","3k-4.5k","FLAIR","SMR","B80K20","B80K20_1",0.560437270699608
"Mouse","Iso-Seq","3k-4.5k","FLAIR","SMR","B80K20","B80K20_2",0.504017671594018
"Mouse","Iso-Seq","3k-4.5k","FLAIR","SMR","B80K20","B80K20_3",0.450367092853791
"Mouse","Iso-Seq","3k-4.5k","FLAIR","SMR","B80K20","B80K20_4",0.395211816948166
"Mouse","Iso-Seq","3k-4.5k","FLAIR","SMR","B80K20","B80K20_5",0.472151504172892
"Mouse","Iso-Seq","3k-4.5k","FLAIR","SMR","Kidney","K31",0.724202924031753
"Mouse","Iso-Seq","3k-4.5k","FLAIR","SMR","Kidney","K32",0.776757073542422
"Mouse","Iso-Seq","3k-4.5k","FLAIR","SMR","Kidney","K33",0.739336443403278
"Mouse","Iso-Seq","3k-4.5k","FLAIR","SMR","Kidney","K34",0.714432581502575
"Mouse","Iso-Seq","3k-4.5k","FLAIR","SMR","Kidney","K35",0.717099415592763
"Mouse","Iso-Seq","3k-4.5k","FLAIR","TPM","B20K80","B20K80_1",0.729170741512166
"Mouse","Iso-Seq","3k-4.5k","FLAIR","TPM","B20K80","B20K80_2",0.752068375373383
"Mouse","Iso-Seq","3k-4.5k","FLAIR","TPM","B20K80","B20K80_3",0.727255884743182
"Mouse","Iso-Seq","3k-4.5k","FLAIR","TPM","B20K80","B20K80_4",0.714833084670574
"Mouse","Iso-Seq","3k-4.5k","FLAIR","TPM","B20K80","B20K80_5",0.705717814693356
"Mouse","Iso-Seq","3k-4.5k","FLAIR","TPM","Brain","B31",0.681725310210969
"Mouse","Iso-Seq","3k-4.5k","FLAIR","TPM","Brain","B32",0.72486993356256
"Mouse","Iso-Seq","3k-4.5k","FLAIR","TPM","Brain","B33",0.720860988791434
"Mouse","Iso-Seq","3k-4.5k","FLAIR","TPM","Brain","B34",0.686053114084099
"Mouse","Iso-Seq","3k-4.5k","FLAIR","TPM","Brain","B35",0.710848411983365
"Mouse","Iso-Seq","3k-4.5k","FLAIR","TPM","B80K20","B80K20_1",0.723945923591431
"Mouse","Iso-Seq","3k-4.5k","FLAIR","TPM","B80K20","B80K20_2",0.701552208823398
"Mouse","Iso-Seq","3k-4.5k","FLAIR","TPM","B80K20","B80K20_3",0.706788906300122
"Mouse","Iso-Seq","3k-4.5k","FLAIR","TPM","B80K20","B80K20_4",0.681433841858428
"Mouse","Iso-Seq","3k-4.5k","FLAIR","TPM","B80K20","B80K20_5",0.689390959568356
"Mouse","Iso-Seq","3k-4.5k","FLAIR","TPM","Kidney","K31",0.775700258566464
"Mouse","Iso-Seq","3k-4.5k","FLAIR","TPM","Kidney","K32",0.798854641811726
"Mouse","Iso-Seq","3k-4.5k","FLAIR","TPM","Kidney","K33",0.783854986640414
"Mouse","Iso-Seq","3k-4.5k","FLAIR","TPM","Kidney","K34",0.762829151427542
"Mouse","Iso-Seq","3k-4.5k","FLAIR","TPM","Kidney","K35",0.761137177051073
"Mouse","Iso-Seq","3k-4.5k","IsoQuant","CPM","B20K80","B20K80_1",0.742969782707166
"Mouse","Iso-Seq","3k-4.5k","IsoQuant","CPM","B20K80","B20K80_2",0.753173043544761
"Mouse","Iso-Seq","3k-4.5k","IsoQuant","CPM","B20K80","B20K80_3",0.726405832544307
"Mouse","Iso-Seq","3k-4.5k","IsoQuant","CPM","B20K80","B20K80_4",0.725014879909692
"Mouse","Iso-Seq","3k-4.5k","IsoQuant","CPM","B20K80","B20K80_5",0.712923073312115
"Mouse","Iso-Seq","3k-4.5k","IsoQuant","CPM","Brain","B31",0.671304802379048
"Mouse","Iso-Seq","3k-4.5k","IsoQuant","CPM","Brain","B32",0.718775081651382
"Mouse","Iso-Seq","3k-4.5k","IsoQuant","CPM","Brain","B33",0.714164845714737
"Mouse","Iso-Seq","3k-4.5k","IsoQuant","CPM","Brain","B34",0.692564902504058
"Mouse","Iso-Seq","3k-4.5k","IsoQuant","CPM","Brain","B35",0.710907271241074
"Mouse","Iso-Seq","3k-4.5k","IsoQuant","CPM","B80K20","B80K20_1",0.730582960583709
"Mouse","Iso-Seq","3k-4.5k","IsoQuant","CPM","B80K20","B80K20_2",0.704877727572848
"Mouse","Iso-Seq","3k-4.5k","IsoQuant","CPM","B80K20","B80K20_3",0.72042481857254
"Mouse","Iso-Seq","3k-4.5k","IsoQuant","CPM","B80K20","B80K20_4",0.694511328217045
"Mouse","Iso-Seq","3k-4.5k","IsoQuant","CPM","B80K20","B80K20_5",0.701425650285259
"Mouse","Iso-Seq","3k-4.5k","IsoQuant","CPM","Kidney","K31",0.784058164572818
"Mouse","Iso-Seq","3k-4.5k","IsoQuant","CPM","Kidney","K32",0.805851598396775
"Mouse","Iso-Seq","3k-4.5k","IsoQuant","CPM","Kidney","K33",0.79035146182977
"Mouse","Iso-Seq","3k-4.5k","IsoQuant","CPM","Kidney","K34",0.78248482017811
"Mouse","Iso-Seq","3k-4.5k","IsoQuant","CPM","Kidney","K35",0.770429378389048
"Mouse","Iso-Seq","3k-4.5k","IsoQuant","CQN","B20K80","B20K80_1",0.681583991772635
"Mouse","Iso-Seq","3k-4.5k","IsoQuant","CQN","B20K80","B20K80_2",0.69698775101073
"Mouse","Iso-Seq","3k-4.5k","IsoQuant","CQN","B20K80","B20K80_3",0.674061617576342
"Mouse","Iso-Seq","3k-4.5k","IsoQuant","CQN","B20K80","B20K80_4",0.671369391488436
"Mouse","Iso-Seq","3k-4.5k","IsoQuant","CQN","B20K80","B20K80_5",0.649583840675337
"Mouse","Iso-Seq","3k-4.5k","IsoQuant","CQN","Brain","B31",0.65559100116246
"Mouse","Iso-Seq","3k-4.5k","IsoQuant","CQN","Brain","B32",0.687024061558149
"Mouse","Iso-Seq","3k-4.5k","IsoQuant","CQN","Brain","B33",0.688540169984788
"Mouse","Iso-Seq","3k-4.5k","IsoQuant","CQN","Brain","B34",0.669942162362704
"Mouse","Iso-Seq","3k-4.5k","IsoQuant","CQN","Brain","B35",0.68797952274647
"Mouse","Iso-Seq","3k-4.5k","IsoQuant","CQN","B80K20","B80K20_1",0.663924180244206
"Mouse","Iso-Seq","3k-4.5k","IsoQuant","CQN","B80K20","B80K20_2",0.645737914119162
"Mouse","Iso-Seq","3k-4.5k","IsoQuant","CQN","B80K20","B80K20_3",0.66088941909057
"Mouse","Iso-Seq","3k-4.5k","IsoQuant","CQN","B80K20","B80K20_4",0.636387616770243
"Mouse","Iso-Seq","3k-4.5k","IsoQuant","CQN","B80K20","B80K20_5",0.641552832530776
"Mouse","Iso-Seq","3k-4.5k","IsoQuant","CQN","Kidney","K31",0.717259139957629
"Mouse","Iso-Seq","3k-4.5k","IsoQuant","CQN","Kidney","K32",0.751634115033913
"Mouse","Iso-Seq","3k-4.5k","IsoQuant","CQN","Kidney","K33",0.723240689701109
"Mouse","Iso-Seq","3k-4.5k","IsoQuant","CQN","Kidney","K34",0.725870583359334
"Mouse","Iso-Seq","3k-4.5k","IsoQuant","CQN","Kidney","K35",0.689755956358649
"Mouse","Iso-Seq","3k-4.5k","IsoQuant","EDASeq","B20K80","B20K80_1",0.742527104889925
"Mouse","Iso-Seq","3k-4.5k","IsoQuant","EDASeq","B20K80","B20K80_2",0.753125149896293
"Mouse","Iso-Seq","3k-4.5k","IsoQuant","EDASeq","B20K80","B20K80_3",0.726961586692325
"Mouse","Iso-Seq","3k-4.5k","IsoQuant","EDASeq","B20K80","B20K80_4",0.725413547100867
"Mouse","Iso-Seq","3k-4.5k","IsoQuant","EDASeq","B20K80","B20K80_5",0.712501437085242
"Mouse","Iso-Seq","3k-4.5k","IsoQuant","EDASeq","Brain","B31",0.676616828689988
"Mouse","Iso-Seq","3k-4.5k","IsoQuant","EDASeq","Brain","B32",0.720153009556957
"Mouse","Iso-Seq","3k-4.5k","IsoQuant","EDASeq","Brain","B33",0.715392307984976
"Mouse","Iso-Seq","3k-4.5k","IsoQuant","EDASeq","Brain","B34",0.693892318172874
"Mouse","Iso-Seq","3k-4.5k","IsoQuant","EDASeq","Brain","B35",0.711510677012432
"Mouse","Iso-Seq","3k-4.5k","IsoQuant","EDASeq","B80K20","B80K20_1",0.731140464620452
"Mouse","Iso-Seq","3k-4.5k","IsoQuant","EDASeq","B80K20","B80K20_2",0.705061303860029
"Mouse","Iso-Seq","3k-4.5k","IsoQuant","EDASeq","B80K20","B80K20_3",0.721849370149291
"Mouse","Iso-Seq","3k-4.5k","IsoQuant","EDASeq","B80K20","B80K20_4",0.695662413185023
"Mouse","Iso-Seq","3k-4.5k","IsoQuant","EDASeq","B80K20","B80K20_5",0.702626950433761
"Mouse","Iso-Seq","3k-4.5k","IsoQuant","EDASeq","Kidney","K31",0.782772104698711
"Mouse","Iso-Seq","3k-4.5k","IsoQuant","EDASeq","Kidney","K32",0.805430961098892
"Mouse","Iso-Seq","3k-4.5k","IsoQuant","EDASeq","Kidney","K33",0.788868037205771
"Mouse","Iso-Seq","3k-4.5k","IsoQuant","EDASeq","Kidney","K34",0.781287315055862
"Mouse","Iso-Seq","3k-4.5k","IsoQuant","EDASeq","Kidney","K35",0.767858521636625
"Mouse","Iso-Seq","3k-4.5k","IsoQuant","SMR","B20K80","B20K80_1",0.418880841921905
"Mouse","Iso-Seq","3k-4.5k","IsoQuant","SMR","B20K80","B20K80_2",0.630352525893613
"Mouse","Iso-Seq","3k-4.5k","IsoQuant","SMR","B20K80","B20K80_3",0.545997629742181
"Mouse","Iso-Seq","3k-4.5k","IsoQuant","SMR","B20K80","B20K80_4",0.562490626528202
"Mouse","Iso-Seq","3k-4.5k","IsoQuant","SMR","B20K80","B20K80_5",0.469863953562915
"Mouse","Iso-Seq","3k-4.5k","IsoQuant","SMR","Brain","B31",0.378399730619597
"Mouse","Iso-Seq","3k-4.5k","IsoQuant","SMR","Brain","B32",0.607314771758725
"Mouse","Iso-Seq","3k-4.5k","IsoQuant","SMR","Brain","B33",0.552650759020196
"Mouse","Iso-Seq","3k-4.5k","IsoQuant","SMR","Brain","B34",0.537051868749446
"Mouse","Iso-Seq","3k-4.5k","IsoQuant","SMR","Brain","B35",0.586823567879277
"Mouse","Iso-Seq","3k-4.5k","IsoQuant","SMR","B80K20","B80K20_1",0.565394089582952
"Mouse","Iso-Seq","3k-4.5k","IsoQuant","SMR","B80K20","B80K20_2",0.517015539361032
"Mouse","Iso-Seq","3k-4.5k","IsoQuant","SMR","B80K20","B80K20_3",0.459186301794439
"Mouse","Iso-Seq","3k-4.5k","IsoQuant","SMR","B80K20","B80K20_4",0.418200701234324
"Mouse","Iso-Seq","3k-4.5k","IsoQuant","SMR","B80K20","B80K20_5",0.490251080366276
"Mouse","Iso-Seq","3k-4.5k","IsoQuant","SMR","Kidney","K31",0.742058278339892
"Mouse","Iso-Seq","3k-4.5k","IsoQuant","SMR","Kidney","K32",0.784184028158933
"Mouse","Iso-Seq","3k-4.5k","IsoQuant","SMR","Kidney","K33",0.75236654124705
"Mouse","Iso-Seq","3k-4.5k","IsoQuant","SMR","Kidney","K34",0.745221710570756
"Mouse","Iso-Seq","3k-4.5k","IsoQuant","SMR","Kidney","K35",0.727304362986271
"Mouse","Iso-Seq","3k-4.5k","IsoQuant","TPM","B20K80","B20K80_1",0.73983641932543
"Mouse","Iso-Seq","3k-4.5k","IsoQuant","TPM","B20K80","B20K80_2",0.751028820986707
"Mouse","Iso-Seq","3k-4.5k","IsoQuant","TPM","B20K80","B20K80_3",0.721887104181539
"Mouse","Iso-Seq","3k-4.5k","IsoQuant","TPM","B20K80","B20K80_4",0.720588022035277
"Mouse","Iso-Seq","3k-4.5k","IsoQuant","TPM","B20K80","B20K80_5",0.709068282064928
"Mouse","Iso-Seq","3k-4.5k","IsoQuant","TPM","Brain","B31",0.677256062774488
"Mouse","Iso-Seq","3k-4.5k","IsoQuant","TPM","Brain","B32",0.720185061333152
"Mouse","Iso-Seq","3k-4.5k","IsoQuant","TPM","Brain","B33",0.715564369842804
"Mouse","Iso-Seq","3k-4.5k","IsoQuant","TPM","Brain","B34",0.687380173108509
"Mouse","Iso-Seq","3k-4.5k","IsoQuant","TPM","Brain","B35",0.706749785063181
"Mouse","Iso-Seq","3k-4.5k","IsoQuant","TPM","B80K20","B80K20_1",0.726437131812091
"Mouse","Iso-Seq","3k-4.5k","IsoQuant","TPM","B80K20","B80K20_2",0.703943402716234
"Mouse","Iso-Seq","3k-4.5k","IsoQuant","TPM","B80K20","B80K20_3",0.714793552496218
"Mouse","Iso-Seq","3k-4.5k","IsoQuant","TPM","B80K20","B80K20_4",0.689746688527822
"Mouse","Iso-Seq","3k-4.5k","IsoQuant","TPM","B80K20","B80K20_5",0.696725304911932
"Mouse","Iso-Seq","3k-4.5k","IsoQuant","TPM","Kidney","K31",0.783757123525164
"Mouse","Iso-Seq","3k-4.5k","IsoQuant","TPM","Kidney","K32",0.805043991415779
"Mouse","Iso-Seq","3k-4.5k","IsoQuant","TPM","Kidney","K33",0.78905987706591
"Mouse","Iso-Seq","3k-4.5k","IsoQuant","TPM","Kidney","K34",0.779156134218798
"Mouse","Iso-Seq","3k-4.5k","IsoQuant","TPM","Kidney","K35",0.768213569713264
"Mouse","Iso-Seq","3k-4.5k","Kallisto","CPM","B20K80","B20K80_1",0.729322881224941
"Mouse","Iso-Seq","3k-4.5k","Kallisto","CPM","B20K80","B20K80_2",0.746103482101558
"Mouse","Iso-Seq","3k-4.5k","Kallisto","CPM","B20K80","B20K80_3",0.728958829599702
"Mouse","Iso-Seq","3k-4.5k","Kallisto","CPM","B20K80","B20K80_4",0.724359059884899
"Mouse","Iso-Seq","3k-4.5k","Kallisto","CPM","B20K80","B20K80_5",0.709531694335119
"Mouse","Iso-Seq","3k-4.5k","Kallisto","CPM","Brain","B31",0.671297713971387
"Mouse","Iso-Seq","3k-4.5k","Kallisto","CPM","Brain","B32",0.715875505495889
"Mouse","Iso-Seq","3k-4.5k","Kallisto","CPM","Brain","B33",0.712474726903939
"Mouse","Iso-Seq","3k-4.5k","Kallisto","CPM","Brain","B34",0.703035678396761
"Mouse","Iso-Seq","3k-4.5k","Kallisto","CPM","Brain","B35",0.714861498990751
"Mouse","Iso-Seq","3k-4.5k","Kallisto","CPM","B80K20","B80K20_1",0.731839557617186
"Mouse","Iso-Seq","3k-4.5k","Kallisto","CPM","B80K20","B80K20_2",0.702440506985419
"Mouse","Iso-Seq","3k-4.5k","Kallisto","CPM","B80K20","B80K20_3",0.719119268258901
"Mouse","Iso-Seq","3k-4.5k","Kallisto","CPM","B80K20","B80K20_4",0.689405749974671
"Mouse","Iso-Seq","3k-4.5k","Kallisto","CPM","B80K20","B80K20_5",0.705664417686456
"Mouse","Iso-Seq","3k-4.5k","Kallisto","CPM","Kidney","K31",0.776577513610474
"Mouse","Iso-Seq","3k-4.5k","Kallisto","CPM","Kidney","K32",0.795397700795434
"Mouse","Iso-Seq","3k-4.5k","Kallisto","CPM","Kidney","K33",0.78274224709705
"Mouse","Iso-Seq","3k-4.5k","Kallisto","CPM","Kidney","K34",0.784404280394801
"Mouse","Iso-Seq","3k-4.5k","Kallisto","CPM","Kidney","K35",0.770584103673492
"Mouse","Iso-Seq","3k-4.5k","Kallisto","CQN","B20K80","B20K80_1",0.727558383948125
"Mouse","Iso-Seq","3k-4.5k","Kallisto","CQN","B20K80","B20K80_2",0.746236909018904
"Mouse","Iso-Seq","3k-4.5k","Kallisto","CQN","B20K80","B20K80_3",0.730511906992822
"Mouse","Iso-Seq","3k-4.5k","Kallisto","CQN","B20K80","B20K80_4",0.724267437671859
"Mouse","Iso-Seq","3k-4.5k","Kallisto","CQN","B20K80","B20K80_5",0.704601996485281
"Mouse","Iso-Seq","3k-4.5k","Kallisto","CQN","Brain","B31",0.684645673985862
"Mouse","Iso-Seq","3k-4.5k","Kallisto","CQN","Brain","B32",0.722658078586034
"Mouse","Iso-Seq","3k-4.5k","Kallisto","CQN","Brain","B33",0.721615867236096
"Mouse","Iso-Seq","3k-4.5k","Kallisto","CQN","Brain","B34",0.712803664792899
"Mouse","Iso-Seq","3k-4.5k","Kallisto","CQN","Brain","B35",0.726143218096262
"Mouse","Iso-Seq","3k-4.5k","Kallisto","CQN","B80K20","B80K20_1",0.730448371318408
"Mouse","Iso-Seq","3k-4.5k","Kallisto","CQN","B80K20","B80K20_2",0.704379617360229
"Mouse","Iso-Seq","3k-4.5k","Kallisto","CQN","B80K20","B80K20_3",0.723089781567574
"Mouse","Iso-Seq","3k-4.5k","Kallisto","CQN","B80K20","B80K20_4",0.693645331944216
"Mouse","Iso-Seq","3k-4.5k","Kallisto","CQN","B80K20","B80K20_5",0.709598504457806
"Mouse","Iso-Seq","3k-4.5k","Kallisto","CQN","Kidney","K31",0.778456810817597
"Mouse","Iso-Seq","3k-4.5k","Kallisto","CQN","Kidney","K32",0.811525330733074
"Mouse","Iso-Seq","3k-4.5k","Kallisto","CQN","Kidney","K33",0.786776549427173
"Mouse","Iso-Seq","3k-4.5k","Kallisto","CQN","Kidney","K34",0.793700947179188
"Mouse","Iso-Seq","3k-4.5k","Kallisto","CQN","Kidney","K35",0.752822750027459
"Mouse","Iso-Seq","3k-4.5k","Kallisto","EDASeq","B20K80","B20K80_1",0.726663740011942
"Mouse","Iso-Seq","3k-4.5k","Kallisto","EDASeq","B20K80","B20K80_2",0.745055122725196
"Mouse","Iso-Seq","3k-4.5k","Kallisto","EDASeq","B20K80","B20K80_3",0.726551166495402
"Mouse","Iso-Seq","3k-4.5k","Kallisto","EDASeq","B20K80","B20K80_4",0.721105371587191
"Mouse","Iso-Seq","3k-4.5k","Kallisto","EDASeq","B20K80","B20K80_5",0.704725221162925
"Mouse","Iso-Seq","3k-4.5k","Kallisto","EDASeq","Brain","B31",0.676911451285078
"Mouse","Iso-Seq","3k-4.5k","Kallisto","EDASeq","Brain","B32",0.717794364791409
"Mouse","Iso-Seq","3k-4.5k","Kallisto","EDASeq","Brain","B33",0.713983764282484
"Mouse","Iso-Seq","3k-4.5k","Kallisto","EDASeq","Brain","B34",0.702292911052492
"Mouse","Iso-Seq","3k-4.5k","Kallisto","EDASeq","Brain","B35",0.71441190090107
"Mouse","Iso-Seq","3k-4.5k","Kallisto","EDASeq","B80K20","B80K20_1",0.731400396830635
"Mouse","Iso-Seq","3k-4.5k","Kallisto","EDASeq","B80K20","B80K20_2",0.703267571629938
"Mouse","Iso-Seq","3k-4.5k","Kallisto","EDASeq","B80K20","B80K20_3",0.718646669903074
"Mouse","Iso-Seq","3k-4.5k","Kallisto","EDASeq","B80K20","B80K20_4",0.688506613337341
"Mouse","Iso-Seq","3k-4.5k","Kallisto","EDASeq","B80K20","B80K20_5",0.704498686765914
"Mouse","Iso-Seq","3k-4.5k","Kallisto","EDASeq","Kidney","K31",0.773080475024376
"Mouse","Iso-Seq","3k-4.5k","Kallisto","EDASeq","Kidney","K32",0.793727789439145
"Mouse","Iso-Seq","3k-4.5k","Kallisto","EDASeq","Kidney","K33",0.779231364144392
"Mouse","Iso-Seq","3k-4.5k","Kallisto","EDASeq","Kidney","K34",0.779379903270187
"Mouse","Iso-Seq","3k-4.5k","Kallisto","EDASeq","Kidney","K35",0.762670541277056
"Mouse","Iso-Seq","3k-4.5k","Kallisto","SMR","B20K80","B20K80_1",0.435055528573845
"Mouse","Iso-Seq","3k-4.5k","Kallisto","SMR","B20K80","B20K80_2",0.643476919398959
"Mouse","Iso-Seq","3k-4.5k","Kallisto","SMR","B20K80","B20K80_3",0.58074748894722
"Mouse","Iso-Seq","3k-4.5k","Kallisto","SMR","B20K80","B20K80_4",0.582807119602573
"Mouse","Iso-Seq","3k-4.5k","Kallisto","SMR","B20K80","B20K80_5",0.484369526728928
"Mouse","Iso-Seq","3k-4.5k","Kallisto","SMR","Brain","B31",0.399012524416384
"Mouse","Iso-Seq","3k-4.5k","Kallisto","SMR","Brain","B32",0.640198860442571
"Mouse","Iso-Seq","3k-4.5k","Kallisto","SMR","Brain","B33",0.581526024026954
"Mouse","Iso-Seq","3k-4.5k","Kallisto","SMR","Brain","B34",0.585157277983156
"Mouse","Iso-Seq","3k-4.5k","Kallisto","SMR","Brain","B35",0.627432493769929
"Mouse","Iso-Seq","3k-4.5k","Kallisto","SMR","B80K20","B80K20_1",0.603053523405465
"Mouse","Iso-Seq","3k-4.5k","Kallisto","SMR","B80K20","B80K20_2",0.52953111057087
"Mouse","Iso-Seq","3k-4.5k","Kallisto","SMR","B80K20","B80K20_3",0.494885479206121
"Mouse","Iso-Seq","3k-4.5k","Kallisto","SMR","B80K20","B80K20_4",0.437486147773316
"Mouse","Iso-Seq","3k-4.5k","Kallisto","SMR","B80K20","B80K20_5",0.519114123995359
"Mouse","Iso-Seq","3k-4.5k","Kallisto","SMR","Kidney","K31",0.775625578415712
"Mouse","Iso-Seq","3k-4.5k","Kallisto","SMR","Kidney","K32",0.812232193592078
"Mouse","Iso-Seq","3k-4.5k","Kallisto","SMR","Kidney","K33",0.77527209023829
"Mouse","Iso-Seq","3k-4.5k","Kallisto","SMR","Kidney","K34",0.776130308689955
"Mouse","Iso-Seq","3k-4.5k","Kallisto","SMR","Kidney","K35",0.75566587977239
"Mouse","Iso-Seq","3k-4.5k","Kallisto","TPM","B20K80","B20K80_1",0.727782562666837
"Mouse","Iso-Seq","3k-4.5k","Kallisto","TPM","B20K80","B20K80_2",0.745419848652489
"Mouse","Iso-Seq","3k-4.5k","Kallisto","TPM","B20K80","B20K80_3",0.726213387250058
"Mouse","Iso-Seq","3k-4.5k","Kallisto","TPM","B20K80","B20K80_4",0.721608315299915
"Mouse","Iso-Seq","3k-4.5k","Kallisto","TPM","B20K80","B20K80_5",0.707780627689558
"Mouse","Iso-Seq","3k-4.5k","Kallisto","TPM","Brain","B31",0.677867218862257
"Mouse","Iso-Seq","3k-4.5k","Kallisto","TPM","Brain","B32",0.718117256865564
"Mouse","Iso-Seq","3k-4.5k","Kallisto","TPM","Brain","B33",0.714428628020632
"Mouse","Iso-Seq","3k-4.5k","Kallisto","TPM","Brain","B34",0.700016231206209
"Mouse","Iso-Seq","3k-4.5k","Kallisto","TPM","Brain","B35",0.712345535812429
"Mouse","Iso-Seq","3k-4.5k","Kallisto","TPM","B80K20","B80K20_1",0.729164617044838
"Mouse","Iso-Seq","3k-4.5k","Kallisto","TPM","B80K20","B80K20_2",0.702971045559733
"Mouse","Iso-Seq","3k-4.5k","Kallisto","TPM","B80K20","B80K20_3",0.715039735222641
"Mouse","Iso-Seq","3k-4.5k","Kallisto","TPM","B80K20","B80K20_4",0.686399955441327
"Mouse","Iso-Seq","3k-4.5k","Kallisto","TPM","B80K20","B80K20_5",0.702459995098021
"Mouse","Iso-Seq","3k-4.5k","Kallisto","TPM","Kidney","K31",0.778404380539419
"Mouse","Iso-Seq","3k-4.5k","Kallisto","TPM","Kidney","K32",0.796395094099888
"Mouse","Iso-Seq","3k-4.5k","Kallisto","TPM","Kidney","K33",0.783462724465468
"Mouse","Iso-Seq","3k-4.5k","Kallisto","TPM","Kidney","K34",0.782778002467489
"Mouse","Iso-Seq","3k-4.5k","Kallisto","TPM","Kidney","K35",0.77013104336655
"Mouse","Iso-Seq","3k-4.5k","Oarfish","CPM","B20K80","B20K80_1",0.75515789949381
"Mouse","Iso-Seq","3k-4.5k","Oarfish","CPM","B20K80","B20K80_2",0.767439535752993
"Mouse","Iso-Seq","3k-4.5k","Oarfish","CPM","B20K80","B20K80_3",0.754582497855267
"Mouse","Iso-Seq","3k-4.5k","Oarfish","CPM","B20K80","B20K80_4",0.749170419943674
"Mouse","Iso-Seq","3k-4.5k","Oarfish","CPM","B20K80","B20K80_5",0.741385223353373
"Mouse","Iso-Seq","3k-4.5k","Oarfish","CPM","Brain","B31",0.694964752050552
"Mouse","Iso-Seq","3k-4.5k","Oarfish","CPM","Brain","B32",0.744270146269314
"Mouse","Iso-Seq","3k-4.5k","Oarfish","CPM","Brain","B33",0.73671486953574306
"Mouse","Iso-Seq","3k-4.5k","Oarfish","CPM","Brain","B34",0.723914390590861
"Mouse","Iso-Seq","3k-4.5k","Oarfish","CPM","Brain","B35",0.74649321547141
"Mouse","Iso-Seq","3k-4.5k","Oarfish","CPM","B80K20","B80K20_1",0.754242612999136
"Mouse","Iso-Seq","3k-4.5k","Oarfish","CPM","B80K20","B80K20_2",0.724869085378315
"Mouse","Iso-Seq","3k-4.5k","Oarfish","CPM","B80K20","B80K20_3",0.751065428552281
"Mouse","Iso-Seq","3k-4.5k","Oarfish","CPM","B80K20","B80K20_4",0.719479077457169
"Mouse","Iso-Seq","3k-4.5k","Oarfish","CPM","B80K20","B80K20_5",0.730872872373817
"Mouse","Iso-Seq","3k-4.5k","Oarfish","CPM","Kidney","K31",0.789463260825305
"Mouse","Iso-Seq","3k-4.5k","Oarfish","CPM","Kidney","K32",0.810535744336906
"Mouse","Iso-Seq","3k-4.5k","Oarfish","CPM","Kidney","K33",0.801249654976243
"Mouse","Iso-Seq","3k-4.5k","Oarfish","CPM","Kidney","K34",0.805602115613248
"Mouse","Iso-Seq","3k-4.5k","Oarfish","CPM","Kidney","K35",0.788171964491362
"Mouse","Iso-Seq","3k-4.5k","Oarfish","CQN","B20K80","B20K80_1",0.750244387661508
"Mouse","Iso-Seq","3k-4.5k","Oarfish","CQN","B20K80","B20K80_2",0.764999908049223
"Mouse","Iso-Seq","3k-4.5k","Oarfish","CQN","B20K80","B20K80_3",0.752236357709777
"Mouse","Iso-Seq","3k-4.5k","Oarfish","CQN","B20K80","B20K80_4",0.744042161572127
"Mouse","Iso-Seq","3k-4.5k","Oarfish","CQN","B20K80","B20K80_5",0.72923411317936
"Mouse","Iso-Seq","3k-4.5k","Oarfish","CQN","Brain","B31",0.706872238191352
"Mouse","Iso-Seq","3k-4.5k","Oarfish","CQN","Brain","B32",0.745917984238254
"Mouse","Iso-Seq","3k-4.5k","Oarfish","CQN","Brain","B33",0.743916634284594
"Mouse","Iso-Seq","3k-4.5k","Oarfish","CQN","Brain","B34",0.733786550567113
"Mouse","Iso-Seq","3k-4.5k","Oarfish","CQN","Brain","B35",0.755355269529046
"Mouse","Iso-Seq","3k-4.5k","Oarfish","CQN","B80K20","B80K20_1",0.74973629598599
"Mouse","Iso-Seq","3k-4.5k","Oarfish","CQN","B80K20","B80K20_2",0.724155886227418
"Mouse","Iso-Seq","3k-4.5k","Oarfish","CQN","B80K20","B80K20_3",0.752868522415249
"Mouse","Iso-Seq","3k-4.5k","Oarfish","CQN","B80K20","B80K20_4",0.72475840022387
"Mouse","Iso-Seq","3k-4.5k","Oarfish","CQN","B80K20","B80K20_5",0.73316864477269
"Mouse","Iso-Seq","3k-4.5k","Oarfish","CQN","Kidney","K31",0.78627491716033
"Mouse","Iso-Seq","3k-4.5k","Oarfish","CQN","Kidney","K32",0.820846275615735
"Mouse","Iso-Seq","3k-4.5k","Oarfish","CQN","Kidney","K33",0.799789466837165
"Mouse","Iso-Seq","3k-4.5k","Oarfish","CQN","Kidney","K34",0.800564606485074
"Mouse","Iso-Seq","3k-4.5k","Oarfish","CQN","Kidney","K35",0.763483014386467
"Mouse","Iso-Seq","3k-4.5k","Oarfish","EDASeq","B20K80","B20K80_1",0.753193498743337
"Mouse","Iso-Seq","3k-4.5k","Oarfish","EDASeq","B20K80","B20K80_2",0.766803715268456
"Mouse","Iso-Seq","3k-4.5k","Oarfish","EDASeq","B20K80","B20K80_3",0.752739531987129
"Mouse","Iso-Seq","3k-4.5k","Oarfish","EDASeq","B20K80","B20K80_4",0.746987842122305
"Mouse","Iso-Seq","3k-4.5k","Oarfish","EDASeq","B20K80","B20K80_5",0.738339487623243
"Mouse","Iso-Seq","3k-4.5k","Oarfish","EDASeq","Brain","B31",0.699508017609799
"Mouse","Iso-Seq","3k-4.5k","Oarfish","EDASeq","Brain","B32",0.745352741370933
"Mouse","Iso-Seq","3k-4.5k","Oarfish","EDASeq","Brain","B33",0.737682155341253
"Mouse","Iso-Seq","3k-4.5k","Oarfish","EDASeq","Brain","B34",0.724191724569317
"Mouse","Iso-Seq","3k-4.5k","Oarfish","EDASeq","Brain","B35",0.746373094027698
"Mouse","Iso-Seq","3k-4.5k","Oarfish","EDASeq","B80K20","B80K20_1",0.754339476009375
"Mouse","Iso-Seq","3k-4.5k","Oarfish","EDASeq","B80K20","B80K20_2",0.725320660596036
"Mouse","Iso-Seq","3k-4.5k","Oarfish","EDASeq","B80K20","B80K20_3",0.751079853457281
"Mouse","Iso-Seq","3k-4.5k","Oarfish","EDASeq","B80K20","B80K20_4",0.719587919542527
"Mouse","Iso-Seq","3k-4.5k","Oarfish","EDASeq","B80K20","B80K20_5",0.730559706366675
"Mouse","Iso-Seq","3k-4.5k","Oarfish","EDASeq","Kidney","K31",0.786975300146269
"Mouse","Iso-Seq","3k-4.5k","Oarfish","EDASeq","Kidney","K32",0.809019759933188
"Mouse","Iso-Seq","3k-4.5k","Oarfish","EDASeq","Kidney","K33",0.798957636370391
"Mouse","Iso-Seq","3k-4.5k","Oarfish","EDASeq","Kidney","K34",0.802276717126003
"Mouse","Iso-Seq","3k-4.5k","Oarfish","EDASeq","Kidney","K35",0.783279825081843
"Mouse","Iso-Seq","3k-4.5k","Oarfish","SMR","B20K80","B20K80_1",0.454247681151496
"Mouse","Iso-Seq","3k-4.5k","Oarfish","SMR","B20K80","B20K80_2",0.651730327295293
"Mouse","Iso-Seq","3k-4.5k","Oarfish","SMR","B20K80","B20K80_3",0.595959119283324
"Mouse","Iso-Seq","3k-4.5k","Oarfish","SMR","B20K80","B20K80_4",0.582283587645166
"Mouse","Iso-Seq","3k-4.5k","Oarfish","SMR","B20K80","B20K80_5",0.498723993941409
"Mouse","Iso-Seq","3k-4.5k","Oarfish","SMR","Brain","B31",0.403228064620179
"Mouse","Iso-Seq","3k-4.5k","Oarfish","SMR","Brain","B32",0.636845904243413
"Mouse","Iso-Seq","3k-4.5k","Oarfish","SMR","Brain","B33",0.578443012245311
"Mouse","Iso-Seq","3k-4.5k","Oarfish","SMR","Brain","B34",0.570873594789534
"Mouse","Iso-Seq","3k-4.5k","Oarfish","SMR","Brain","B35",0.627841229004318
"Mouse","Iso-Seq","3k-4.5k","Oarfish","SMR","B80K20","B80K20_1",0.599238794249143
"Mouse","Iso-Seq","3k-4.5k","Oarfish","SMR","B80K20","B80K20_2",0.535208644362545
"Mouse","Iso-Seq","3k-4.5k","Oarfish","SMR","B80K20","B80K20_3",0.512498220102468
"Mouse","Iso-Seq","3k-4.5k","Oarfish","SMR","B80K20","B80K20_4",0.457499600577944
"Mouse","Iso-Seq","3k-4.5k","Oarfish","SMR","B80K20","B80K20_5",0.518568921774301
"Mouse","Iso-Seq","3k-4.5k","Oarfish","SMR","Kidney","K31",0.772755233251447
"Mouse","Iso-Seq","3k-4.5k","Oarfish","SMR","Kidney","K32",0.812883142800852
"Mouse","Iso-Seq","3k-4.5k","Oarfish","SMR","Kidney","K33",0.785526443693608
"Mouse","Iso-Seq","3k-4.5k","Oarfish","SMR","Kidney","K34",0.785772063789003
"Mouse","Iso-Seq","3k-4.5k","Oarfish","SMR","Kidney","K35",0.769542438293534
"Mouse","Iso-Seq","3k-4.5k","Oarfish","TPM","B20K80","B20K80_1",0.753133253263453
"Mouse","Iso-Seq","3k-4.5k","Oarfish","TPM","B20K80","B20K80_2",0.76598196758423
"Mouse","Iso-Seq","3k-4.5k","Oarfish","TPM","B20K80","B20K80_3",0.751699045043192
"Mouse","Iso-Seq","3k-4.5k","Oarfish","TPM","B20K80","B20K80_4",0.746074429574435
"Mouse","Iso-Seq","3k-4.5k","Oarfish","TPM","B20K80","B20K80_5",0.738925185996834
"Mouse","Iso-Seq","3k-4.5k","Oarfish","TPM","Brain","B31",0.700713063067233
"Mouse","Iso-Seq","3k-4.5k","Oarfish","TPM","Brain","B32",0.745366786513842
"Mouse","Iso-Seq","3k-4.5k","Oarfish","TPM","Brain","B33",0.737778481985009
"Mouse","Iso-Seq","3k-4.5k","Oarfish","TPM","Brain","B34",0.719753545782877
"Mouse","Iso-Seq","3k-4.5k","Oarfish","TPM","Brain","B35",0.743360196928111
"Mouse","Iso-Seq","3k-4.5k","Oarfish","TPM","B80K20","B80K20_1",0.750318280356608
"Mouse","Iso-Seq","3k-4.5k","Oarfish","TPM","B80K20","B80K20_2",0.724442888261905
"Mouse","Iso-Seq","3k-4.5k","Oarfish","TPM","B80K20","B80K20_3",0.746422453467549
"Mouse","Iso-Seq","3k-4.5k","Oarfish","TPM","B80K20","B80K20_4",0.715313718422335
"Mouse","Iso-Seq","3k-4.5k","Oarfish","TPM","B80K20","B80K20_5",0.726781281576508
"Mouse","Iso-Seq","3k-4.5k","Oarfish","TPM","Kidney","K31",0.790452702073377
"Mouse","Iso-Seq","3k-4.5k","Oarfish","TPM","Kidney","K32",0.810706213660265
"Mouse","Iso-Seq","3k-4.5k","Oarfish","TPM","Kidney","K33",0.800974800311955
"Mouse","Iso-Seq","3k-4.5k","Oarfish","TPM","Kidney","K34",0.803731814079322
"Mouse","Iso-Seq","3k-4.5k","Oarfish","TPM","Kidney","K35",0.787188730915847
"Mouse","Iso-Seq",">4.5k","Bambu","CPM","B20K80","B20K80_1",0.624900551933118
"Mouse","Iso-Seq",">4.5k","Bambu","CPM","B20K80","B20K80_2",0.654799906405992
"Mouse","Iso-Seq",">4.5k","Bambu","CPM","B20K80","B20K80_3",0.615275668568416
"Mouse","Iso-Seq",">4.5k","Bambu","CPM","B20K80","B20K80_4",0.604290931679021
"Mouse","Iso-Seq",">4.5k","Bambu","CPM","B20K80","B20K80_5",0.58124406793077
"Mouse","Iso-Seq",">4.5k","Bambu","CPM","Brain","B31",0.599152821112201
"Mouse","Iso-Seq",">4.5k","Bambu","CPM","Brain","B32",0.637903294411834
"Mouse","Iso-Seq",">4.5k","Bambu","CPM","Brain","B33",0.638874578500949
"Mouse","Iso-Seq",">4.5k","Bambu","CPM","Brain","B34",0.602975416425389
"Mouse","Iso-Seq",">4.5k","Bambu","CPM","Brain","B35",0.622701640213308
"Mouse","Iso-Seq",">4.5k","Bambu","CPM","B80K20","B80K20_1",0.636238310521094
"Mouse","Iso-Seq",">4.5k","Bambu","CPM","B80K20","B80K20_2",0.622120895715035
"Mouse","Iso-Seq",">4.5k","Bambu","CPM","B80K20","B80K20_3",0.600691246804784
"Mouse","Iso-Seq",">4.5k","Bambu","CPM","B80K20","B80K20_4",0.589910218527938
"Mouse","Iso-Seq",">4.5k","Bambu","CPM","B80K20","B80K20_5",0.598503163307046
"Mouse","Iso-Seq",">4.5k","Bambu","CPM","Kidney","K31",0.711586312098431
"Mouse","Iso-Seq",">4.5k","Bambu","CPM","Kidney","K32",0.748862943162732
"Mouse","Iso-Seq",">4.5k","Bambu","CPM","Kidney","K33",0.707435632804005
"Mouse","Iso-Seq",">4.5k","Bambu","CPM","Kidney","K34",0.691737107799096
"Mouse","Iso-Seq",">4.5k","Bambu","CPM","Kidney","K35",0.655101015177663
"Mouse","Iso-Seq",">4.5k","Bambu","CQN","B20K80","B20K80_1",0.601581238621571
"Mouse","Iso-Seq",">4.5k","Bambu","CQN","B20K80","B20K80_2",0.63395072581987
"Mouse","Iso-Seq",">4.5k","Bambu","CQN","B20K80","B20K80_3",0.595231156929002
"Mouse","Iso-Seq",">4.5k","Bambu","CQN","B20K80","B20K80_4",0.57717221685833
"Mouse","Iso-Seq",">4.5k","Bambu","CQN","B20K80","B20K80_5",0.554294325473015
"Mouse","Iso-Seq",">4.5k","Bambu","CQN","Brain","B31",0.594066293648037
"Mouse","Iso-Seq",">4.5k","Bambu","CQN","Brain","B32",0.640236526184384
"Mouse","Iso-Seq",">4.5k","Bambu","CQN","Brain","B33",0.639703791744367
"Mouse","Iso-Seq",">4.5k","Bambu","CQN","Brain","B34",0.606875129873218
"Mouse","Iso-Seq",">4.5k","Bambu","CQN","Brain","B35",0.624499303713777
"Mouse","Iso-Seq",">4.5k","Bambu","CQN","B80K20","B80K20_1",0.623888300836743
"Mouse","Iso-Seq",">4.5k","Bambu","CQN","B80K20","B80K20_2",0.616999126301613
"Mouse","Iso-Seq",">4.5k","Bambu","CQN","B80K20","B80K20_3",0.584230271669522
"Mouse","Iso-Seq",">4.5k","Bambu","CQN","B80K20","B80K20_4",0.581668336304777
"Mouse","Iso-Seq",">4.5k","Bambu","CQN","B80K20","B80K20_5",0.58583328564142
"Mouse","Iso-Seq",">4.5k","Bambu","CQN","Kidney","K31",0.671083270968598
"Mouse","Iso-Seq",">4.5k","Bambu","CQN","Kidney","K32",0.724353688636896
"Mouse","Iso-Seq",">4.5k","Bambu","CQN","Kidney","K33",0.680299202585935
"Mouse","Iso-Seq",">4.5k","Bambu","CQN","Kidney","K34",0.674323330290267
"Mouse","Iso-Seq",">4.5k","Bambu","CQN","Kidney","K35",0.616899396878434
"Mouse","Iso-Seq",">4.5k","Bambu","EDASeq","B20K80","B20K80_1",0.597406280902681
"Mouse","Iso-Seq",">4.5k","Bambu","EDASeq","B20K80","B20K80_2",0.626930130420384
"Mouse","Iso-Seq",">4.5k","Bambu","EDASeq","B20K80","B20K80_3",0.579372329316794
"Mouse","Iso-Seq",">4.5k","Bambu","EDASeq","B20K80","B20K80_4",0.562575545389983
"Mouse","Iso-Seq",">4.5k","Bambu","EDASeq","B20K80","B20K80_5",0.547011564333689
"Mouse","Iso-Seq",">4.5k","Bambu","EDASeq","Brain","B31",0.579135006558579
"Mouse","Iso-Seq",">4.5k","Bambu","EDASeq","Brain","B32",0.627747156304913
"Mouse","Iso-Seq",">4.5k","Bambu","EDASeq","Brain","B33",0.620771465329175
"Mouse","Iso-Seq",">4.5k","Bambu","EDASeq","Brain","B34",0.584367197968797
"Mouse","Iso-Seq",">4.5k","Bambu","EDASeq","Brain","B35",0.598291444028583
"Mouse","Iso-Seq",">4.5k","Bambu","EDASeq","B80K20","B80K20_1",0.616958611842681
"Mouse","Iso-Seq",">4.5k","Bambu","EDASeq","B80K20","B80K20_2",0.610059102914527
"Mouse","Iso-Seq",">4.5k","Bambu","EDASeq","B80K20","B80K20_3",0.578391556763367
"Mouse","Iso-Seq",">4.5k","Bambu","EDASeq","B80K20","B80K20_4",0.565613597750989
"Mouse","Iso-Seq",">4.5k","Bambu","EDASeq","B80K20","B80K20_5",0.572237027977002
"Mouse","Iso-Seq",">4.5k","Bambu","EDASeq","Kidney","K31",0.666562488690363
"Mouse","Iso-Seq",">4.5k","Bambu","EDASeq","Kidney","K32",0.706536907520829
"Mouse","Iso-Seq",">4.5k","Bambu","EDASeq","Kidney","K33",0.661395538040341
"Mouse","Iso-Seq",">4.5k","Bambu","EDASeq","Kidney","K34",0.645168391192889
"Mouse","Iso-Seq",">4.5k","Bambu","EDASeq","Kidney","K35",0.610441392502119
"Mouse","Iso-Seq",">4.5k","Bambu","SMR","B20K80","B20K80_1",0.325195237774113
"Mouse","Iso-Seq",">4.5k","Bambu","SMR","B20K80","B20K80_2",0.536664622595166
"Mouse","Iso-Seq",">4.5k","Bambu","SMR","B20K80","B20K80_3",0.429113015651019
"Mouse","Iso-Seq",">4.5k","Bambu","SMR","B20K80","B20K80_4",0.474693188666232
"Mouse","Iso-Seq",">4.5k","Bambu","SMR","B20K80","B20K80_5",0.353891405836641
"Mouse","Iso-Seq",">4.5k","Bambu","SMR","Brain","B31",0.344983943149984
"Mouse","Iso-Seq",">4.5k","Bambu","SMR","Brain","B32",0.568098046575417
"Mouse","Iso-Seq",">4.5k","Bambu","SMR","Brain","B33",0.502148419256371
"Mouse","Iso-Seq",">4.5k","Bambu","SMR","Brain","B34",0.4632958598508
"Mouse","Iso-Seq",">4.5k","Bambu","SMR","Brain","B35",0.505660165158614
"Mouse","Iso-Seq",">4.5k","Bambu","SMR","B80K20","B80K20_1",0.495655206362173
"Mouse","Iso-Seq",">4.5k","Bambu","SMR","B80K20","B80K20_2",0.498030354991452
"Mouse","Iso-Seq",">4.5k","Bambu","SMR","B80K20","B80K20_3",0.389961327802273
"Mouse","Iso-Seq",">4.5k","Bambu","SMR","B80K20","B80K20_4",0.351039980147474
"Mouse","Iso-Seq",">4.5k","Bambu","SMR","B80K20","B80K20_5",0.412656401192511
"Mouse","Iso-Seq",">4.5k","Bambu","SMR","Kidney","K31",0.723375902633848
"Mouse","Iso-Seq",">4.5k","Bambu","SMR","Kidney","K32",0.768347854123686
"Mouse","Iso-Seq",">4.5k","Bambu","SMR","Kidney","K33",0.71655656202277
"Mouse","Iso-Seq",">4.5k","Bambu","SMR","Kidney","K34",0.71824541020336
"Mouse","Iso-Seq",">4.5k","Bambu","SMR","Kidney","K35",0.678901375693082
"Mouse","Iso-Seq",">4.5k","Bambu","TPM","B20K80","B20K80_1",0.64921048726777
"Mouse","Iso-Seq",">4.5k","Bambu","TPM","B20K80","B20K80_2",0.672979732321763
"Mouse","Iso-Seq",">4.5k","Bambu","TPM","B20K80","B20K80_3",0.639956989795143
"Mouse","Iso-Seq",">4.5k","Bambu","TPM","B20K80","B20K80_4",0.634507245139946
"Mouse","Iso-Seq",">4.5k","Bambu","TPM","B20K80","B20K80_5",0.608503060631941
"Mouse","Iso-Seq",">4.5k","Bambu","TPM","Brain","B31",0.627729702581511
"Mouse","Iso-Seq",">4.5k","Bambu","TPM","Brain","B32",0.645854711431845
"Mouse","Iso-Seq",">4.5k","Bambu","TPM","Brain","B33",0.645521131964832
"Mouse","Iso-Seq",">4.5k","Bambu","TPM","Brain","B34",0.619910469245091
"Mouse","Iso-Seq",">4.5k","Bambu","TPM","Brain","B35",0.638022348969028
"Mouse","Iso-Seq",">4.5k","Bambu","TPM","B80K20","B80K20_1",0.650758510265522
"Mouse","Iso-Seq",">4.5k","Bambu","TPM","B80K20","B80K20_2",0.631732026716587
"Mouse","Iso-Seq",">4.5k","Bambu","TPM","B80K20","B80K20_3",0.619760295764448
"Mouse","Iso-Seq",">4.5k","Bambu","TPM","B80K20","B80K20_4",0.609538724026679
"Mouse","Iso-Seq",">4.5k","Bambu","TPM","B80K20","B80K20_5",0.616681548030608
"Mouse","Iso-Seq",">4.5k","Bambu","TPM","Kidney","K31",0.739225346458899
"Mouse","Iso-Seq",">4.5k","Bambu","TPM","Kidney","K32",0.764771283715875
"Mouse","Iso-Seq",">4.5k","Bambu","TPM","Kidney","K33",0.733892781980066
"Mouse","Iso-Seq",">4.5k","Bambu","TPM","Kidney","K34",0.720246159489305
"Mouse","Iso-Seq",">4.5k","Bambu","TPM","Kidney","K35",0.687412811299539
"Mouse","Iso-Seq",">4.5k","FLAIR","CPM","B20K80","B20K80_1",0.593404211032647
"Mouse","Iso-Seq",">4.5k","FLAIR","CPM","B20K80","B20K80_2",0.642545635998416
"Mouse","Iso-Seq",">4.5k","FLAIR","CPM","B20K80","B20K80_3",0.57085364996453
"Mouse","Iso-Seq",">4.5k","FLAIR","CPM","B20K80","B20K80_4",0.546852230145355
"Mouse","Iso-Seq",">4.5k","FLAIR","CPM","B20K80","B20K80_5",0.524829750528556
"Mouse","Iso-Seq",">4.5k","FLAIR","CPM","Brain","B31",0.587031688995717
"Mouse","Iso-Seq",">4.5k","FLAIR","CPM","Brain","B32",0.610924749141326
"Mouse","Iso-Seq",">4.5k","FLAIR","CPM","Brain","B33",0.603551945387867
"Mouse","Iso-Seq",">4.5k","FLAIR","CPM","Brain","B34",0.512275667397256
"Mouse","Iso-Seq",">4.5k","FLAIR","CPM","Brain","B35",0.553999948929518
"Mouse","Iso-Seq",">4.5k","FLAIR","CPM","B80K20","B80K20_1",0.581170948646752
"Mouse","Iso-Seq",">4.5k","FLAIR","CPM","B80K20","B80K20_2",0.600621463460124
"Mouse","Iso-Seq",">4.5k","FLAIR","CPM","B80K20","B80K20_3",0.536653280079893
"Mouse","Iso-Seq",">4.5k","FLAIR","CPM","B80K20","B80K20_4",0.523961381108734
"Mouse","Iso-Seq",">4.5k","FLAIR","CPM","B80K20","B80K20_5",0.520346029187027
"Mouse","Iso-Seq",">4.5k","FLAIR","CPM","Kidney","K31",0.66816679174841
"Mouse","Iso-Seq",">4.5k","FLAIR","CPM","Kidney","K32",0.71481148351192
"Mouse","Iso-Seq",">4.5k","FLAIR","CPM","Kidney","K33",0.678608804724517
"Mouse","Iso-Seq",">4.5k","FLAIR","CPM","Kidney","K34",0.603480449123339
"Mouse","Iso-Seq",">4.5k","FLAIR","CPM","Kidney","K35",0.57446258386978
"Mouse","Iso-Seq",">4.5k","FLAIR","CQN","B20K80","B20K80_1",0.552878076842259
"Mouse","Iso-Seq",">4.5k","FLAIR","CQN","B20K80","B20K80_2",0.584452966001145
"Mouse","Iso-Seq",">4.5k","FLAIR","CQN","B20K80","B20K80_3",0.543060738860201
"Mouse","Iso-Seq",">4.5k","FLAIR","CQN","B20K80","B20K80_4",0.521896544567378
"Mouse","Iso-Seq",">4.5k","FLAIR","CQN","B20K80","B20K80_5",0.507267602167047
"Mouse","Iso-Seq",">4.5k","FLAIR","CQN","Brain","B31",0.595482555494346
"Mouse","Iso-Seq",">4.5k","FLAIR","CQN","Brain","B32",0.625745441796925
"Mouse","Iso-Seq",">4.5k","FLAIR","CQN","Brain","B33",0.624779256163883
"Mouse","Iso-Seq",">4.5k","FLAIR","CQN","Brain","B34",0.546625653742625
"Mouse","Iso-Seq",">4.5k","FLAIR","CQN","Brain","B35",0.584045066337934
"Mouse","Iso-Seq",">4.5k","FLAIR","CQN","B80K20","B80K20_1",0.555916586753031
"Mouse","Iso-Seq",">4.5k","FLAIR","CQN","B80K20","B80K20_2",0.572771567049661
"Mouse","Iso-Seq",">4.5k","FLAIR","CQN","B80K20","B80K20_3",0.52399364725756
"Mouse","Iso-Seq",">4.5k","FLAIR","CQN","B80K20","B80K20_4",0.518127443496916
"Mouse","Iso-Seq",">4.5k","FLAIR","CQN","B80K20","B80K20_5",0.514477281024965
"Mouse","Iso-Seq",">4.5k","FLAIR","CQN","Kidney","K31",0.655625501048184
"Mouse","Iso-Seq",">4.5k","FLAIR","CQN","Kidney","K32",0.702759091940689
"Mouse","Iso-Seq",">4.5k","FLAIR","CQN","Kidney","K33",0.65740419260942
"Mouse","Iso-Seq",">4.5k","FLAIR","CQN","Kidney","K34",0.625580818600436
"Mouse","Iso-Seq",">4.5k","FLAIR","CQN","Kidney","K35",0.587896553107419
"Mouse","Iso-Seq",">4.5k","FLAIR","EDASeq","B20K80","B20K80_1",0.587493970887294
"Mouse","Iso-Seq",">4.5k","FLAIR","EDASeq","B20K80","B20K80_2",0.638848095764405
"Mouse","Iso-Seq",">4.5k","FLAIR","EDASeq","B20K80","B20K80_3",0.559523597713648
"Mouse","Iso-Seq",">4.5k","FLAIR","EDASeq","B20K80","B20K80_4",0.534370081017894
"Mouse","Iso-Seq",">4.5k","FLAIR","EDASeq","B20K80","B20K80_5",0.512177994618299
"Mouse","Iso-Seq",">4.5k","FLAIR","EDASeq","Brain","B31",0.586180270493442
"Mouse","Iso-Seq",">4.5k","FLAIR","EDASeq","Brain","B32",0.609550018148332
"Mouse","Iso-Seq",">4.5k","FLAIR","EDASeq","Brain","B33",0.599610098393062
"Mouse","Iso-Seq",">4.5k","FLAIR","EDASeq","Brain","B34",0.505944042185791
"Mouse","Iso-Seq",">4.5k","FLAIR","EDASeq","Brain","B35",0.546045443247723
"Mouse","Iso-Seq",">4.5k","FLAIR","EDASeq","B80K20","B80K20_1",0.577064449654147
"Mouse","Iso-Seq",">4.5k","FLAIR","EDASeq","B80K20","B80K20_2",0.599234567749305
"Mouse","Iso-Seq",">4.5k","FLAIR","EDASeq","B80K20","B80K20_3",0.530363906152855
"Mouse","Iso-Seq",">4.5k","FLAIR","EDASeq","B80K20","B80K20_4",0.517298099910556
"Mouse","Iso-Seq",">4.5k","FLAIR","EDASeq","B80K20","B80K20_5",0.510316526201203
"Mouse","Iso-Seq",">4.5k","FLAIR","EDASeq","Kidney","K31",0.662447290949253
"Mouse","Iso-Seq",">4.5k","FLAIR","EDASeq","Kidney","K32",0.707429384348665
"Mouse","Iso-Seq",">4.5k","FLAIR","EDASeq","Kidney","K33",0.668689686686635
"Mouse","Iso-Seq",">4.5k","FLAIR","EDASeq","Kidney","K34",0.591549348736546
"Mouse","Iso-Seq",">4.5k","FLAIR","EDASeq","Kidney","K35",0.564276412622184
"Mouse","Iso-Seq",">4.5k","FLAIR","SMR","B20K80","B20K80_1",0.264136259079414
"Mouse","Iso-Seq",">4.5k","FLAIR","SMR","B20K80","B20K80_2",0.497728333767075
"Mouse","Iso-Seq",">4.5k","FLAIR","SMR","B20K80","B20K80_3",0.390111131634338
"Mouse","Iso-Seq",">4.5k","FLAIR","SMR","B20K80","B20K80_4",0.415482928169798
"Mouse","Iso-Seq",">4.5k","FLAIR","SMR","B20K80","B20K80_5",0.292606124779853
"Mouse","Iso-Seq",">4.5k","FLAIR","SMR","Brain","B31",0.275180038243202
"Mouse","Iso-Seq",">4.5k","FLAIR","SMR","Brain","B32",0.510209828460869
"Mouse","Iso-Seq",">4.5k","FLAIR","SMR","Brain","B33",0.441234754141859
"Mouse","Iso-Seq",">4.5k","FLAIR","SMR","Brain","B34",0.335405939137733
"Mouse","Iso-Seq",">4.5k","FLAIR","SMR","Brain","B35",0.400305487245539
"Mouse","Iso-Seq",">4.5k","FLAIR","SMR","B80K20","B80K20_1",0.432863271740867
"Mouse","Iso-Seq",">4.5k","FLAIR","SMR","B80K20","B80K20_2",0.46459698398538
"Mouse","Iso-Seq",">4.5k","FLAIR","SMR","B80K20","B80K20_3",0.300917058703455
"Mouse","Iso-Seq",">4.5k","FLAIR","SMR","B80K20","B80K20_4",0.273618039764234
"Mouse","Iso-Seq",">4.5k","FLAIR","SMR","B80K20","B80K20_5",0.322616799299565
"Mouse","Iso-Seq",">4.5k","FLAIR","SMR","Kidney","K31",0.645434909706454
"Mouse","Iso-Seq",">4.5k","FLAIR","SMR","Kidney","K32",0.697004822874501
"Mouse","Iso-Seq",">4.5k","FLAIR","SMR","Kidney","K33",0.657180764641477
"Mouse","Iso-Seq",">4.5k","FLAIR","SMR","Kidney","K34",0.598112899676364
"Mouse","Iso-Seq",">4.5k","FLAIR","SMR","Kidney","K35",0.585979399786566
"Mouse","Iso-Seq",">4.5k","FLAIR","TPM","B20K80","B20K80_1",0.610745571853501
"Mouse","Iso-Seq",">4.5k","FLAIR","TPM","B20K80","B20K80_2",0.652389848210926
"Mouse","Iso-Seq",">4.5k","FLAIR","TPM","B20K80","B20K80_3",0.588408139020723
"Mouse","Iso-Seq",">4.5k","FLAIR","TPM","B20K80","B20K80_4",0.569978938261633
"Mouse","Iso-Seq",">4.5k","FLAIR","TPM","B20K80","B20K80_5",0.547209734034014
"Mouse","Iso-Seq",">4.5k","FLAIR","TPM","Brain","B31",0.604594462328864
"Mouse","Iso-Seq",">4.5k","FLAIR","TPM","Brain","B32",0.608622375801876
"Mouse","Iso-Seq",">4.5k","FLAIR","TPM","Brain","B33",0.602196252560837
"Mouse","Iso-Seq",">4.5k","FLAIR","TPM","Brain","B34",0.520893601761323
"Mouse","Iso-Seq",">4.5k","FLAIR","TPM","Brain","B35",0.561410210657595
"Mouse","Iso-Seq",">4.5k","FLAIR","TPM","B80K20","B80K20_1",0.587955677110358
"Mouse","Iso-Seq",">4.5k","FLAIR","TPM","B80K20","B80K20_2",0.602244370825026
"Mouse","Iso-Seq",">4.5k","FLAIR","TPM","B80K20","B80K20_3",0.547978911238521
"Mouse","Iso-Seq",">4.5k","FLAIR","TPM","B80K20","B80K20_4",0.536764335271018
"Mouse","Iso-Seq",">4.5k","FLAIR","TPM","B80K20","B80K20_5",0.534266334810187
"Mouse","Iso-Seq",">4.5k","FLAIR","TPM","Kidney","K31",0.688524944908144
"Mouse","Iso-Seq",">4.5k","FLAIR","TPM","Kidney","K32",0.72338763737298
"Mouse","Iso-Seq",">4.5k","FLAIR","TPM","Kidney","K33",0.698490999894298
"Mouse","Iso-Seq",">4.5k","FLAIR","TPM","Kidney","K34",0.628336283853718
"Mouse","Iso-Seq",">4.5k","FLAIR","TPM","Kidney","K35",0.603743314765972
"Mouse","Iso-Seq",">4.5k","IsoQuant","CPM","B20K80","B20K80_1",0.575326676908342
"Mouse","Iso-Seq",">4.5k","IsoQuant","CPM","B20K80","B20K80_2",0.612814016321721
"Mouse","Iso-Seq",">4.5k","IsoQuant","CPM","B20K80","B20K80_3",0.559076095946553
"Mouse","Iso-Seq",">4.5k","IsoQuant","CPM","B20K80","B20K80_4",0.539944786829882
"Mouse","Iso-Seq",">4.5k","IsoQuant","CPM","B20K80","B20K80_5",0.514119185182638
"Mouse","Iso-Seq",">4.5k","IsoQuant","CPM","Brain","B31",0.589391964714387
"Mouse","Iso-Seq",">4.5k","IsoQuant","CPM","Brain","B32",0.595868424573418
"Mouse","Iso-Seq",">4.5k","IsoQuant","CPM","Brain","B33",0.601552480565869
"Mouse","Iso-Seq",">4.5k","IsoQuant","CPM","Brain","B34",0.518556945362594
"Mouse","Iso-Seq",">4.5k","IsoQuant","CPM","Brain","B35",0.550658550880207
"Mouse","Iso-Seq",">4.5k","IsoQuant","CPM","B80K20","B80K20_1",0.562969048260329
"Mouse","Iso-Seq",">4.5k","IsoQuant","CPM","B80K20","B80K20_2",0.567119883167652
"Mouse","Iso-Seq",">4.5k","IsoQuant","CPM","B80K20","B80K20_3",0.515313511677607
"Mouse","Iso-Seq",">4.5k","IsoQuant","CPM","B80K20","B80K20_4",0.507993076321242
"Mouse","Iso-Seq",">4.5k","IsoQuant","CPM","B80K20","B80K20_5",0.506475601160863
"Mouse","Iso-Seq",">4.5k","IsoQuant","CPM","Kidney","K31",0.684281306106924
"Mouse","Iso-Seq",">4.5k","IsoQuant","CPM","Kidney","K32",0.707722813197737
"Mouse","Iso-Seq",">4.5k","IsoQuant","CPM","Kidney","K33",0.682976617180171
"Mouse","Iso-Seq",">4.5k","IsoQuant","CPM","Kidney","K34",0.61591478803527
"Mouse","Iso-Seq",">4.5k","IsoQuant","CPM","Kidney","K35",0.588738429644111
"Mouse","Iso-Seq",">4.5k","IsoQuant","CQN","B20K80","B20K80_1",0.491409773546736
"Mouse","Iso-Seq",">4.5k","IsoQuant","CQN","B20K80","B20K80_2",0.51861745201386
"Mouse","Iso-Seq",">4.5k","IsoQuant","CQN","B20K80","B20K80_3",0.484978633856503
"Mouse","Iso-Seq",">4.5k","IsoQuant","CQN","B20K80","B20K80_4",0.465946976588693
"Mouse","Iso-Seq",">4.5k","IsoQuant","CQN","B20K80","B20K80_5",0.44389854403418
"Mouse","Iso-Seq",">4.5k","IsoQuant","CQN","Brain","B31",0.534686450152793
"Mouse","Iso-Seq",">4.5k","IsoQuant","CQN","Brain","B32",0.54735289119885
"Mouse","Iso-Seq",">4.5k","IsoQuant","CQN","Brain","B33",0.5513834857629
"Mouse","Iso-Seq",">4.5k","IsoQuant","CQN","Brain","B34",0.491970178670464
"Mouse","Iso-Seq",">4.5k","IsoQuant","CQN","Brain","B35",0.523046517290161
"Mouse","Iso-Seq",">4.5k","IsoQuant","CQN","B80K20","B80K20_1",0.487768221100478
"Mouse","Iso-Seq",">4.5k","IsoQuant","CQN","B80K20","B80K20_2",0.493597521098691
"Mouse","Iso-Seq",">4.5k","IsoQuant","CQN","B80K20","B80K20_3",0.455759295916494
"Mouse","Iso-Seq",">4.5k","IsoQuant","CQN","B80K20","B80K20_4",0.456154265740742
"Mouse","Iso-Seq",">4.5k","IsoQuant","CQN","B80K20","B80K20_5",0.448135317854066
"Mouse","Iso-Seq",">4.5k","IsoQuant","CQN","Kidney","K31",0.593228812016364
"Mouse","Iso-Seq",">4.5k","IsoQuant","CQN","Kidney","K32",0.642900474341941
"Mouse","Iso-Seq",">4.5k","IsoQuant","CQN","Kidney","K33",0.598317426307007
"Mouse","Iso-Seq",">4.5k","IsoQuant","CQN","Kidney","K34",0.571436355261295
"Mouse","Iso-Seq",">4.5k","IsoQuant","CQN","Kidney","K35",0.494118993024877
"Mouse","Iso-Seq",">4.5k","IsoQuant","EDASeq","B20K80","B20K80_1",0.566729163271032
"Mouse","Iso-Seq",">4.5k","IsoQuant","EDASeq","B20K80","B20K80_2",0.605609490621173
"Mouse","Iso-Seq",">4.5k","IsoQuant","EDASeq","B20K80","B20K80_3",0.544244988513897
"Mouse","Iso-Seq",">4.5k","IsoQuant","EDASeq","B20K80","B20K80_4",0.521272945398562
"Mouse","Iso-Seq",">4.5k","IsoQuant","EDASeq","B20K80","B20K80_5",0.498825717385931
"Mouse","Iso-Seq",">4.5k","IsoQuant","EDASeq","Brain","B31",0.584179501132605
"Mouse","Iso-Seq",">4.5k","IsoQuant","EDASeq","Brain","B32",0.597202835159488
"Mouse","Iso-Seq",">4.5k","IsoQuant","EDASeq","Brain","B33",0.600546302331557
"Mouse","Iso-Seq",">4.5k","IsoQuant","EDASeq","Brain","B34",0.513755782338787
"Mouse","Iso-Seq",">4.5k","IsoQuant","EDASeq","Brain","B35",0.544040228926285
"Mouse","Iso-Seq",">4.5k","IsoQuant","EDASeq","B80K20","B80K20_1",0.559209536685578
"Mouse","Iso-Seq",">4.5k","IsoQuant","EDASeq","B80K20","B80K20_2",0.567276714154265
"Mouse","Iso-Seq",">4.5k","IsoQuant","EDASeq","B80K20","B80K20_3",0.507331237891689
"Mouse","Iso-Seq",">4.5k","IsoQuant","EDASeq","B80K20","B80K20_4",0.498133177323323
"Mouse","Iso-Seq",">4.5k","IsoQuant","EDASeq","B80K20","B80K20_5",0.496504662383407
"Mouse","Iso-Seq",">4.5k","IsoQuant","EDASeq","Kidney","K31",0.66767049380807
"Mouse","Iso-Seq",">4.5k","IsoQuant","EDASeq","Kidney","K32",0.692329879886611
"Mouse","Iso-Seq",">4.5k","IsoQuant","EDASeq","Kidney","K33",0.665443851769491
"Mouse","Iso-Seq",">4.5k","IsoQuant","EDASeq","Kidney","K34",0.59618520632627
"Mouse","Iso-Seq",">4.5k","IsoQuant","EDASeq","Kidney","K35",0.569930737715255
"Mouse","Iso-Seq",">4.5k","IsoQuant","SMR","B20K80","B20K80_1",0.225863561053558
"Mouse","Iso-Seq",">4.5k","IsoQuant","SMR","B20K80","B20K80_2",0.460319807143441
"Mouse","Iso-Seq",">4.5k","IsoQuant","SMR","B20K80","B20K80_3",0.336013102166865
"Mouse","Iso-Seq",">4.5k","IsoQuant","SMR","B20K80","B20K80_4",0.378546591092774
"Mouse","Iso-Seq",">4.5k","IsoQuant","SMR","B20K80","B20K80_5",0.242324393656645
"Mouse","Iso-Seq",">4.5k","IsoQuant","SMR","Brain","B31",0.315640617081248
"Mouse","Iso-Seq",">4.5k","IsoQuant","SMR","Brain","B32",0.516760339529814
"Mouse","Iso-Seq",">4.5k","IsoQuant","SMR","Brain","B33",0.447012242188056
"Mouse","Iso-Seq",">4.5k","IsoQuant","SMR","Brain","B34",0.382642834096124
"Mouse","Iso-Seq",">4.5k","IsoQuant","SMR","Brain","B35",0.438429636154596
"Mouse","Iso-Seq",">4.5k","IsoQuant","SMR","B80K20","B80K20_1",0.448939784802731
"Mouse","Iso-Seq",">4.5k","IsoQuant","SMR","B80K20","B80K20_2",0.461272505831353
"Mouse","Iso-Seq",">4.5k","IsoQuant","SMR","B80K20","B80K20_3",0.339849751502124
"Mouse","Iso-Seq",">4.5k","IsoQuant","SMR","B80K20","B80K20_4",0.297617814362521
"Mouse","Iso-Seq",">4.5k","IsoQuant","SMR","B80K20","B80K20_5",0.338965773309869
"Mouse","Iso-Seq",">4.5k","IsoQuant","SMR","Kidney","K31",0.669122106635369
"Mouse","Iso-Seq",">4.5k","IsoQuant","SMR","Kidney","K32",0.709981123682899
"Mouse","Iso-Seq",">4.5k","IsoQuant","SMR","Kidney","K33",0.658412516076128
"Mouse","Iso-Seq",">4.5k","IsoQuant","SMR","Kidney","K34",0.604169258555255
"Mouse","Iso-Seq",">4.5k","IsoQuant","SMR","Kidney","K35",0.579217579820209
"Mouse","Iso-Seq",">4.5k","IsoQuant","TPM","B20K80","B20K80_1",0.585032172220726
"Mouse","Iso-Seq",">4.5k","IsoQuant","TPM","B20K80","B20K80_2",0.617268820859191
"Mouse","Iso-Seq",">4.5k","IsoQuant","TPM","B20K80","B20K80_3",0.573181220377962
"Mouse","Iso-Seq",">4.5k","IsoQuant","TPM","B20K80","B20K80_4",0.558922024453839
"Mouse","Iso-Seq",">4.5k","IsoQuant","TPM","B20K80","B20K80_5",0.532604182794248
"Mouse","Iso-Seq",">4.5k","IsoQuant","TPM","Brain","B31",0.597231977409468
"Mouse","Iso-Seq",">4.5k","IsoQuant","TPM","Brain","B32",0.586030547637494
"Mouse","Iso-Seq",">4.5k","IsoQuant","TPM","Brain","B33",0.594216420807714
"Mouse","Iso-Seq",">4.5k","IsoQuant","TPM","Brain","B34",0.522857953197996
"Mouse","Iso-Seq",">4.5k","IsoQuant","TPM","Brain","B35",0.554462971692983
"Mouse","Iso-Seq",">4.5k","IsoQuant","TPM","B80K20","B80K20_1",0.564581271783963
"Mouse","Iso-Seq",">4.5k","IsoQuant","TPM","B80K20","B80K20_2",0.561652807279858
"Mouse","Iso-Seq",">4.5k","IsoQuant","TPM","B80K20","B80K20_3",0.524638477476346
"Mouse","Iso-Seq",">4.5k","IsoQuant","TPM","B80K20","B80K20_4",0.516852017624522
"Mouse","Iso-Seq",">4.5k","IsoQuant","TPM","B80K20","B80K20_5",0.51987295069786
"Mouse","Iso-Seq",">4.5k","IsoQuant","TPM","Kidney","K31",0.699507441064758
"Mouse","Iso-Seq",">4.5k","IsoQuant","TPM","Kidney","K32",0.716402197470133
"Mouse","Iso-Seq",">4.5k","IsoQuant","TPM","Kidney","K33",0.69928314271666
"Mouse","Iso-Seq",">4.5k","IsoQuant","TPM","Kidney","K34",0.639501046559574
"Mouse","Iso-Seq",">4.5k","IsoQuant","TPM","Kidney","K35",0.61320461676051
"Mouse","Iso-Seq",">4.5k","Kallisto","CPM","B20K80","B20K80_1",0.589841315573222
"Mouse","Iso-Seq",">4.5k","Kallisto","CPM","B20K80","B20K80_2",0.635156949165053
"Mouse","Iso-Seq",">4.5k","Kallisto","CPM","B20K80","B20K80_3",0.581835662214508
"Mouse","Iso-Seq",">4.5k","Kallisto","CPM","B20K80","B20K80_4",0.568110430618305
"Mouse","Iso-Seq",">4.5k","Kallisto","CPM","B20K80","B20K80_5",0.539380901583679
"Mouse","Iso-Seq",">4.5k","Kallisto","CPM","Brain","B31",0.596752633549441
"Mouse","Iso-Seq",">4.5k","Kallisto","CPM","Brain","B32",0.637286476247126
"Mouse","Iso-Seq",">4.5k","Kallisto","CPM","Brain","B33",0.632669578528676
"Mouse","Iso-Seq",">4.5k","Kallisto","CPM","Brain","B34",0.568431282605898
"Mouse","Iso-Seq",">4.5k","Kallisto","CPM","Brain","B35",0.600716232489537
"Mouse","Iso-Seq",">4.5k","Kallisto","CPM","B80K20","B80K20_1",0.615027687213457
"Mouse","Iso-Seq",">4.5k","Kallisto","CPM","B80K20","B80K20_2",0.604065955713403
"Mouse","Iso-Seq",">4.5k","Kallisto","CPM","B80K20","B80K20_3",0.562360581618235
"Mouse","Iso-Seq",">4.5k","Kallisto","CPM","B80K20","B80K20_4",0.547746367029946
"Mouse","Iso-Seq",">4.5k","Kallisto","CPM","B80K20","B80K20_5",0.558134055546693
"Mouse","Iso-Seq",">4.5k","Kallisto","CPM","Kidney","K31",0.695119067948648
"Mouse","Iso-Seq",">4.5k","Kallisto","CPM","Kidney","K32",0.727407635619192
"Mouse","Iso-Seq",">4.5k","Kallisto","CPM","Kidney","K33",0.695523621078231
"Mouse","Iso-Seq",">4.5k","Kallisto","CPM","Kidney","K34",0.654947579886665
"Mouse","Iso-Seq",">4.5k","Kallisto","CPM","Kidney","K35",0.619827728516273
"Mouse","Iso-Seq",">4.5k","Kallisto","CQN","B20K80","B20K80_1",0.57484739131518
"Mouse","Iso-Seq",">4.5k","Kallisto","CQN","B20K80","B20K80_2",0.623411926209671
"Mouse","Iso-Seq",">4.5k","Kallisto","CQN","B20K80","B20K80_3",0.575782318929818
"Mouse","Iso-Seq",">4.5k","Kallisto","CQN","B20K80","B20K80_4",0.554249022698113
"Mouse","Iso-Seq",">4.5k","Kallisto","CQN","B20K80","B20K80_5",0.520881030653256
"Mouse","Iso-Seq",">4.5k","Kallisto","CQN","Brain","B31",0.592086669144713
"Mouse","Iso-Seq",">4.5k","Kallisto","CQN","Brain","B32",0.64086242804893
"Mouse","Iso-Seq",">4.5k","Kallisto","CQN","Brain","B33",0.631686262564464
"Mouse","Iso-Seq",">4.5k","Kallisto","CQN","Brain","B34",0.581444061979181
"Mouse","Iso-Seq",">4.5k","Kallisto","CQN","Brain","B35",0.613057701717878
"Mouse","Iso-Seq",">4.5k","Kallisto","CQN","B80K20","B80K20_1",0.609383764831631
"Mouse","Iso-Seq",">4.5k","Kallisto","CQN","B80K20","B80K20_2",0.607034688223409
"Mouse","Iso-Seq",">4.5k","Kallisto","CQN","B80K20","B80K20_3",0.555518188011192
"Mouse","Iso-Seq",">4.5k","Kallisto","CQN","B80K20","B80K20_4",0.545594497737233
"Mouse","Iso-Seq",">4.5k","Kallisto","CQN","B80K20","B80K20_5",0.556098850748144
"Mouse","Iso-Seq",">4.5k","Kallisto","CQN","Kidney","K31",0.665811523323242
"Mouse","Iso-Seq",">4.5k","Kallisto","CQN","Kidney","K32",0.725906278382217
"Mouse","Iso-Seq",">4.5k","Kallisto","CQN","Kidney","K33",0.692888024938053
"Mouse","Iso-Seq",">4.5k","Kallisto","CQN","Kidney","K34",0.66375249397554
"Mouse","Iso-Seq",">4.5k","Kallisto","CQN","Kidney","K35",0.607318819617575
"Mouse","Iso-Seq",">4.5k","Kallisto","EDASeq","B20K80","B20K80_1",0.561372080534139
"Mouse","Iso-Seq",">4.5k","Kallisto","EDASeq","B20K80","B20K80_2",0.610958739900232
"Mouse","Iso-Seq",">4.5k","Kallisto","EDASeq","B20K80","B20K80_3",0.546115366943435
"Mouse","Iso-Seq",">4.5k","Kallisto","EDASeq","B20K80","B20K80_4",0.528827356481747
"Mouse","Iso-Seq",">4.5k","Kallisto","EDASeq","B20K80","B20K80_5",0.499445516194861
"Mouse","Iso-Seq",">4.5k","Kallisto","EDASeq","Brain","B31",0.58482085585455
"Mouse","Iso-Seq",">4.5k","Kallisto","EDASeq","Brain","B32",0.631644182470099
"Mouse","Iso-Seq",">4.5k","Kallisto","EDASeq","Brain","B33",0.622385598648921
"Mouse","Iso-Seq",">4.5k","Kallisto","EDASeq","Brain","B34",0.549909943785774
"Mouse","Iso-Seq",">4.5k","Kallisto","EDASeq","Brain","B35",0.579860834791696
"Mouse","Iso-Seq",">4.5k","Kallisto","EDASeq","B80K20","B80K20_1",0.595888360026396
"Mouse","Iso-Seq",">4.5k","Kallisto","EDASeq","B80K20","B80K20_2",0.594846197299144
"Mouse","Iso-Seq",">4.5k","Kallisto","EDASeq","B80K20","B80K20_3",0.540031309843108
"Mouse","Iso-Seq",">4.5k","Kallisto","EDASeq","B80K20","B80K20_4",0.523410186836117
"Mouse","Iso-Seq",">4.5k","Kallisto","EDASeq","B80K20","B80K20_5",0.532404359752618
"Mouse","Iso-Seq",">4.5k","Kallisto","EDASeq","Kidney","K31",0.665351998223386
"Mouse","Iso-Seq",">4.5k","Kallisto","EDASeq","Kidney","K32",0.703197132177567
"Mouse","Iso-Seq",">4.5k","Kallisto","EDASeq","Kidney","K33",0.660859471374019
"Mouse","Iso-Seq",">4.5k","Kallisto","EDASeq","Kidney","K34",0.613878517367257
"Mouse","Iso-Seq",">4.5k","Kallisto","EDASeq","Kidney","K35",0.581727930767078
"Mouse","Iso-Seq",">4.5k","Kallisto","SMR","B20K80","B20K80_1",0.293073841364141
"Mouse","Iso-Seq",">4.5k","Kallisto","SMR","B20K80","B20K80_2",0.528400533248332
"Mouse","Iso-Seq",">4.5k","Kallisto","SMR","B20K80","B20K80_3",0.447080152519337
"Mouse","Iso-Seq",">4.5k","Kallisto","SMR","B20K80","B20K80_4",0.469454249524136
"Mouse","Iso-Seq",">4.5k","Kallisto","SMR","B20K80","B20K80_5",0.339982109911585
"Mouse","Iso-Seq",">4.5k","Kallisto","SMR","Brain","B31",0.298463854847361
"Mouse","Iso-Seq",">4.5k","Kallisto","SMR","Brain","B32",0.592392930209937
"Mouse","Iso-Seq",">4.5k","Kallisto","SMR","Brain","B33",0.515244751159128
"Mouse","Iso-Seq",">4.5k","Kallisto","SMR","Brain","B34",0.452928151522156
"Mouse","Iso-Seq",">4.5k","Kallisto","SMR","Brain","B35",0.516214356066538
"Mouse","Iso-Seq",">4.5k","Kallisto","SMR","B80K20","B80K20_1",0.506494726759932
"Mouse","Iso-Seq",">4.5k","Kallisto","SMR","B80K20","B80K20_2",0.49881002390963
"Mouse","Iso-Seq",">4.5k","Kallisto","SMR","B80K20","B80K20_3",0.378887442718827
"Mouse","Iso-Seq",">4.5k","Kallisto","SMR","B80K20","B80K20_4",0.344658632621028
"Mouse","Iso-Seq",">4.5k","Kallisto","SMR","B80K20","B80K20_5",0.370469261609176
"Mouse","Iso-Seq",">4.5k","Kallisto","SMR","Kidney","K31",0.718545440595277
"Mouse","Iso-Seq",">4.5k","Kallisto","SMR","Kidney","K32",0.757021383896464
"Mouse","Iso-Seq",">4.5k","Kallisto","SMR","Kidney","K33",0.722336356178358
"Mouse","Iso-Seq",">4.5k","Kallisto","SMR","Kidney","K34",0.701067014267013
"Mouse","Iso-Seq",">4.5k","Kallisto","SMR","Kidney","K35",0.681221812917899
"Mouse","Iso-Seq",">4.5k","Kallisto","TPM","B20K80","B20K80_1",0.607378572203942
"Mouse","Iso-Seq",">4.5k","Kallisto","TPM","B20K80","B20K80_2",0.647288160952921
"Mouse","Iso-Seq",">4.5k","Kallisto","TPM","B20K80","B20K80_3",0.600614923775238
"Mouse","Iso-Seq",">4.5k","Kallisto","TPM","B20K80","B20K80_4",0.59322983760028
"Mouse","Iso-Seq",">4.5k","Kallisto","TPM","B20K80","B20K80_5",0.563182901208877
"Mouse","Iso-Seq",">4.5k","Kallisto","TPM","Brain","B31",0.617649883063498
"Mouse","Iso-Seq",">4.5k","Kallisto","TPM","Brain","B32",0.639720749967661
"Mouse","Iso-Seq",">4.5k","Kallisto","TPM","Brain","B33",0.634610169637016
"Mouse","Iso-Seq",">4.5k","Kallisto","TPM","Brain","B34",0.579936028934774
"Mouse","Iso-Seq",">4.5k","Kallisto","TPM","Brain","B35",0.610449445592577
"Mouse","Iso-Seq",">4.5k","Kallisto","TPM","B80K20","B80K20_1",0.623462599728024
"Mouse","Iso-Seq",">4.5k","Kallisto","TPM","B80K20","B80K20_2",0.607671244534914
"Mouse","Iso-Seq",">4.5k","Kallisto","TPM","B80K20","B80K20_3",0.575154751659929
"Mouse","Iso-Seq",">4.5k","Kallisto","TPM","B80K20","B80K20_4",0.561782468117473
"Mouse","Iso-Seq",">4.5k","Kallisto","TPM","B80K20","B80K20_5",0.572975466877938
"Mouse","Iso-Seq",">4.5k","Kallisto","TPM","Kidney","K31",0.714722378728226
"Mouse","Iso-Seq",">4.5k","Kallisto","TPM","Kidney","K32",0.737835152063651
"Mouse","Iso-Seq",">4.5k","Kallisto","TPM","Kidney","K33",0.714535848372637
"Mouse","Iso-Seq",">4.5k","Kallisto","TPM","Kidney","K34",0.678259076185564
"Mouse","Iso-Seq",">4.5k","Kallisto","TPM","Kidney","K35",0.643499409509246
"Mouse","Iso-Seq",">4.5k","Oarfish","CPM","B20K80","B20K80_1",0.636732212460627
"Mouse","Iso-Seq",">4.5k","Oarfish","CPM","B20K80","B20K80_2",0.656194178738202
"Mouse","Iso-Seq",">4.5k","Oarfish","CPM","B20K80","B20K80_3",0.630622319779156
"Mouse","Iso-Seq",">4.5k","Oarfish","CPM","B20K80","B20K80_4",0.612942715069808
"Mouse","Iso-Seq",">4.5k","Oarfish","CPM","B20K80","B20K80_5",0.599357672617048
"Mouse","Iso-Seq",">4.5k","Oarfish","CPM","Brain","B31",0.60024230406556
"Mouse","Iso-Seq",">4.5k","Oarfish","CPM","Brain","B32",0.65295124230421
"Mouse","Iso-Seq",">4.5k","Oarfish","CPM","Brain","B33",0.652783015158098
"Mouse","Iso-Seq",">4.5k","Oarfish","CPM","Brain","B34",0.617316499840715
"Mouse","Iso-Seq",">4.5k","Oarfish","CPM","Brain","B35",0.634085992374514
"Mouse","Iso-Seq",">4.5k","Oarfish","CPM","B80K20","B80K20_1",0.645215811145575
"Mouse","Iso-Seq",">4.5k","Oarfish","CPM","B80K20","B80K20_2",0.632117945686331
"Mouse","Iso-Seq",">4.5k","Oarfish","CPM","B80K20","B80K20_3",0.614263035618519
"Mouse","Iso-Seq",">4.5k","Oarfish","CPM","B80K20","B80K20_4",0.600751356546724
"Mouse","Iso-Seq",">4.5k","Oarfish","CPM","B80K20","B80K20_5",0.606061149624132
"Mouse","Iso-Seq",">4.5k","Oarfish","CPM","Kidney","K31",0.710524104059507
"Mouse","Iso-Seq",">4.5k","Oarfish","CPM","Kidney","K32",0.75195644842303
"Mouse","Iso-Seq",">4.5k","Oarfish","CPM","Kidney","K33",0.716240763564123
"Mouse","Iso-Seq",">4.5k","Oarfish","CPM","Kidney","K34",0.693979402194929
"Mouse","Iso-Seq",">4.5k","Oarfish","CPM","Kidney","K35",0.655129683408728
"Mouse","Iso-Seq",">4.5k","Oarfish","CQN","B20K80","B20K80_1",0.631029223965044
"Mouse","Iso-Seq",">4.5k","Oarfish","CQN","B20K80","B20K80_2",0.646458217416003
"Mouse","Iso-Seq",">4.5k","Oarfish","CQN","B20K80","B20K80_3",0.614529822885795
"Mouse","Iso-Seq",">4.5k","Oarfish","CQN","B20K80","B20K80_4",0.597900586203986
"Mouse","Iso-Seq",">4.5k","Oarfish","CQN","B20K80","B20K80_5",0.582592603010571
"Mouse","Iso-Seq",">4.5k","Oarfish","CQN","Brain","B31",0.585342348209742
"Mouse","Iso-Seq",">4.5k","Oarfish","CQN","Brain","B32",0.648630295837208
"Mouse","Iso-Seq",">4.5k","Oarfish","CQN","Brain","B33",0.641407753908162
"Mouse","Iso-Seq",">4.5k","Oarfish","CQN","Brain","B34",0.622920815932288
"Mouse","Iso-Seq",">4.5k","Oarfish","CQN","Brain","B35",0.639167609949935
"Mouse","Iso-Seq",">4.5k","Oarfish","CQN","B80K20","B80K20_1",0.635911896217299
"Mouse","Iso-Seq",">4.5k","Oarfish","CQN","B80K20","B80K20_2",0.624644400476534
"Mouse","Iso-Seq",">4.5k","Oarfish","CQN","B80K20","B80K20_3",0.604041808457021
"Mouse","Iso-Seq",">4.5k","Oarfish","CQN","B80K20","B80K20_4",0.604605417736576
"Mouse","Iso-Seq",">4.5k","Oarfish","CQN","B80K20","B80K20_5",0.601552879261358
"Mouse","Iso-Seq",">4.5k","Oarfish","CQN","Kidney","K31",0.701587155656703
"Mouse","Iso-Seq",">4.5k","Oarfish","CQN","Kidney","K32",0.74553157280232
"Mouse","Iso-Seq",">4.5k","Oarfish","CQN","Kidney","K33",0.70965393569802
"Mouse","Iso-Seq",">4.5k","Oarfish","CQN","Kidney","K34",0.691987110803921
"Mouse","Iso-Seq",">4.5k","Oarfish","CQN","Kidney","K35",0.646934887734118
"Mouse","Iso-Seq",">4.5k","Oarfish","EDASeq","B20K80","B20K80_1",0.607775482174649
"Mouse","Iso-Seq",">4.5k","Oarfish","EDASeq","B20K80","B20K80_2",0.630919978621714
"Mouse","Iso-Seq",">4.5k","Oarfish","EDASeq","B20K80","B20K80_3",0.594027470991618
"Mouse","Iso-Seq",">4.5k","Oarfish","EDASeq","B20K80","B20K80_4",0.57007886890121
"Mouse","Iso-Seq",">4.5k","Oarfish","EDASeq","B20K80","B20K80_5",0.563079048424349
"Mouse","Iso-Seq",">4.5k","Oarfish","EDASeq","Brain","B31",0.584822264329371
"Mouse","Iso-Seq",">4.5k","Oarfish","EDASeq","Brain","B32",0.649440207599423
"Mouse","Iso-Seq",">4.5k","Oarfish","EDASeq","Brain","B33",0.639473565501582
"Mouse","Iso-Seq",">4.5k","Oarfish","EDASeq","Brain","B34",0.598030173612265
"Mouse","Iso-Seq",">4.5k","Oarfish","EDASeq","Brain","B35",0.609364870444542
"Mouse","Iso-Seq",">4.5k","Oarfish","EDASeq","B80K20","B80K20_1",0.6259036756942
"Mouse","Iso-Seq",">4.5k","Oarfish","EDASeq","B80K20","B80K20_2",0.624214931943107
"Mouse","Iso-Seq",">4.5k","Oarfish","EDASeq","B80K20","B80K20_3",0.590058936691107
"Mouse","Iso-Seq",">4.5k","Oarfish","EDASeq","B80K20","B80K20_4",0.57371046595329
"Mouse","Iso-Seq",">4.5k","Oarfish","EDASeq","B80K20","B80K20_5",0.577442262292847
"Mouse","Iso-Seq",">4.5k","Oarfish","EDASeq","Kidney","K31",0.679859631828521
"Mouse","Iso-Seq",">4.5k","Oarfish","EDASeq","Kidney","K32",0.727210381461147
"Mouse","Iso-Seq",">4.5k","Oarfish","EDASeq","Kidney","K33",0.683001420613662
"Mouse","Iso-Seq",">4.5k","Oarfish","EDASeq","Kidney","K34",0.652668026583067
"Mouse","Iso-Seq",">4.5k","Oarfish","EDASeq","Kidney","K35",0.621519340079161
"Mouse","Iso-Seq",">4.5k","Oarfish","SMR","B20K80","B20K80_1",0.327285943746425
"Mouse","Iso-Seq",">4.5k","Oarfish","SMR","B20K80","B20K80_2",0.531964136248483
"Mouse","Iso-Seq",">4.5k","Oarfish","SMR","B20K80","B20K80_3",0.44266322665449
"Mouse","Iso-Seq",">4.5k","Oarfish","SMR","B20K80","B20K80_4",0.47660400415474
"Mouse","Iso-Seq",">4.5k","Oarfish","SMR","B20K80","B20K80_5",0.357050735738506
"Mouse","Iso-Seq",">4.5k","Oarfish","SMR","Brain","B31",0.328318903885841
"Mouse","Iso-Seq",">4.5k","Oarfish","SMR","Brain","B32",0.58447070022456
"Mouse","Iso-Seq",">4.5k","Oarfish","SMR","Brain","B33",0.515173777964095
"Mouse","Iso-Seq",">4.5k","Oarfish","SMR","Brain","B34",0.446245250045086
"Mouse","Iso-Seq",">4.5k","Oarfish","SMR","Brain","B35",0.493236042757617
"Mouse","Iso-Seq",">4.5k","Oarfish","SMR","B80K20","B80K20_1",0.48274452111283
"Mouse","Iso-Seq",">4.5k","Oarfish","SMR","B80K20","B80K20_2",0.49622399373174497
"Mouse","Iso-Seq",">4.5k","Oarfish","SMR","B80K20","B80K20_3",0.382058690888267
"Mouse","Iso-Seq",">4.5k","Oarfish","SMR","B80K20","B80K20_4",0.335957286698251
"Mouse","Iso-Seq",">4.5k","Oarfish","SMR","B80K20","B80K20_5",0.383102957378291
"Mouse","Iso-Seq",">4.5k","Oarfish","SMR","Kidney","K31",0.714609192366333
"Mouse","Iso-Seq",">4.5k","Oarfish","SMR","Kidney","K32",0.774474165560957
"Mouse","Iso-Seq",">4.5k","Oarfish","SMR","Kidney","K33",0.726649045019432
"Mouse","Iso-Seq",">4.5k","Oarfish","SMR","Kidney","K34",0.714443355073475
"Mouse","Iso-Seq",">4.5k","Oarfish","SMR","Kidney","K35",0.669714285375714
"Mouse","Iso-Seq",">4.5k","Oarfish","TPM","B20K80","B20K80_1",0.664414661945736
"Mouse","Iso-Seq",">4.5k","Oarfish","TPM","B20K80","B20K80_2",0.679599546389087
"Mouse","Iso-Seq",">4.5k","Oarfish","TPM","B20K80","B20K80_3",0.659858999966894
"Mouse","Iso-Seq",">4.5k","Oarfish","TPM","B20K80","B20K80_4",0.646329716304737
"Mouse","Iso-Seq",">4.5k","Oarfish","TPM","B20K80","B20K80_5",0.630951083046637
"Mouse","Iso-Seq",">4.5k","Oarfish","TPM","Brain","B31",0.636370003324101
"Mouse","Iso-Seq",">4.5k","Oarfish","TPM","Brain","B32",0.667873206068198
"Mouse","Iso-Seq",">4.5k","Oarfish","TPM","Brain","B33",0.665134305841288
"Mouse","Iso-Seq",">4.5k","Oarfish","TPM","Brain","B34",0.639501739224722
"Mouse","Iso-Seq",">4.5k","Oarfish","TPM","Brain","B35",0.654722798321052
"Mouse","Iso-Seq",">4.5k","Oarfish","TPM","B80K20","B80K20_1",0.663761535595955
"Mouse","Iso-Seq",">4.5k","Oarfish","TPM","B80K20","B80K20_2",0.649212935341164
"Mouse","Iso-Seq",">4.5k","Oarfish","TPM","B80K20","B80K20_3",0.635384972399156
"Mouse","Iso-Seq",">4.5k","Oarfish","TPM","B80K20","B80K20_4",0.624456333666494
"Mouse","Iso-Seq",">4.5k","Oarfish","TPM","B80K20","B80K20_5",0.629150163118979
"Mouse","Iso-Seq",">4.5k","Oarfish","TPM","Kidney","K31",0.746837512824944
"Mouse","Iso-Seq",">4.5k","Oarfish","TPM","Kidney","K32",0.77512350188423
"Mouse","Iso-Seq",">4.5k","Oarfish","TPM","Kidney","K33",0.748219100067448
"Mouse","Iso-Seq",">4.5k","Oarfish","TPM","Kidney","K34",0.728208548889263
"Mouse","Iso-Seq",">4.5k","Oarfish","TPM","Kidney","K35",0.693710221453185
"Mouse","Kinnex","0-1.5k","Bambu","CPM","B20K80","B20K80_1",0.747611894181591
"Mouse","Kinnex","0-1.5k","Bambu","CPM","B20K80","B20K80_2",0.768011997223112
"Mouse","Kinnex","0-1.5k","Bambu","CPM","B20K80","B20K80_3",0.754602141576565
"Mouse","Kinnex","0-1.5k","Bambu","CPM","Brain","B31",0.717010750186225
"Mouse","Kinnex","0-1.5k","Bambu","CPM","Brain","B32",0.747445188223706
"Mouse","Kinnex","0-1.5k","Bambu","CPM","Brain","B33",0.78706149429533
"Mouse","Kinnex","0-1.5k","Bambu","CPM","Kidney","K31",0.79095113730535
"Mouse","Kinnex","0-1.5k","Bambu","CPM","Kidney","K32",0.766123896295575
"Mouse","Kinnex","0-1.5k","Bambu","CPM","Kidney","K33",0.767924338701043
"Mouse","Kinnex","0-1.5k","Bambu","CQN","B20K80","B20K80_1",0.772769353257344
"Mouse","Kinnex","0-1.5k","Bambu","CQN","B20K80","B20K80_2",0.788911165087915
"Mouse","Kinnex","0-1.5k","Bambu","CQN","B20K80","B20K80_3",0.776408967526527
"Mouse","Kinnex","0-1.5k","Bambu","CQN","Brain","B31",0.770699411813734
"Mouse","Kinnex","0-1.5k","Bambu","CQN","Brain","B32",0.789705583035014
"Mouse","Kinnex","0-1.5k","Bambu","CQN","Brain","B33",0.795195186928367
"Mouse","Kinnex","0-1.5k","Bambu","CQN","Kidney","K31",0.76656978260888
"Mouse","Kinnex","0-1.5k","Bambu","CQN","Kidney","K32",0.786509290648286
"Mouse","Kinnex","0-1.5k","Bambu","CQN","Kidney","K33",0.77618356645668
"Mouse","Kinnex","0-1.5k","Bambu","EDASeq","B20K80","B20K80_1",0.771230134371237
"Mouse","Kinnex","0-1.5k","Bambu","EDASeq","B20K80","B20K80_2",0.788616449837262
"Mouse","Kinnex","0-1.5k","Bambu","EDASeq","B20K80","B20K80_3",0.773206970863999
"Mouse","Kinnex","0-1.5k","Bambu","EDASeq","Brain","B31",0.757676718235554
"Mouse","Kinnex","0-1.5k","Bambu","EDASeq","Brain","B32",0.781887906732373
"Mouse","Kinnex","0-1.5k","Bambu","EDASeq","Brain","B33",0.799430271006325
"Mouse","Kinnex","0-1.5k","Bambu","EDASeq","Kidney","K31",0.781456920643831
"Mouse","Kinnex","0-1.5k","Bambu","EDASeq","Kidney","K32",0.785651389271076
"Mouse","Kinnex","0-1.5k","Bambu","EDASeq","Kidney","K33",0.779008926055215
"Mouse","Kinnex","0-1.5k","Bambu","SMR","B20K80","B20K80_1",0.627471701881855
"Mouse","Kinnex","0-1.5k","Bambu","SMR","B20K80","B20K80_2",0.698012990908001
"Mouse","Kinnex","0-1.5k","Bambu","SMR","B20K80","B20K80_3",0.657339641961277
"Mouse","Kinnex","0-1.5k","Bambu","SMR","Brain","B31",0.726324595830769
"Mouse","Kinnex","0-1.5k","Bambu","SMR","Brain","B32",0.739951556938329
"Mouse","Kinnex","0-1.5k","Bambu","SMR","Brain","B33",0.759925212031121
"Mouse","Kinnex","0-1.5k","Bambu","SMR","Kidney","K31",0.765216299037773
"Mouse","Kinnex","0-1.5k","Bambu","SMR","Kidney","K32",0.75054113941302
"Mouse","Kinnex","0-1.5k","Bambu","SMR","Kidney","K33",0.738445308526575
"Mouse","Kinnex","0-1.5k","Bambu","TPM","B20K80","B20K80_1",0.798309018245689
"Mouse","Kinnex","0-1.5k","Bambu","TPM","B20K80","B20K80_2",0.812691416708703
"Mouse","Kinnex","0-1.5k","Bambu","TPM","B20K80","B20K80_3",0.803900236862506
"Mouse","Kinnex","0-1.5k","Bambu","TPM","Brain","B31",0.772747411838059
"Mouse","Kinnex","0-1.5k","Bambu","TPM","Brain","B32",0.795501340729639
"Mouse","Kinnex","0-1.5k","Bambu","TPM","Brain","B33",0.82922590247422
"Mouse","Kinnex","0-1.5k","Bambu","TPM","Kidney","K31",0.835632435331118
"Mouse","Kinnex","0-1.5k","Bambu","TPM","Kidney","K32",0.813198305758695
"Mouse","Kinnex","0-1.5k","Bambu","TPM","Kidney","K33",0.816567861746291
"Mouse","Kinnex","0-1.5k","FLAIR","CPM","B20K80","B20K80_1",0.74654942396244806
"Mouse","Kinnex","0-1.5k","FLAIR","CPM","B20K80","B20K80_2",0.7619300379494
"Mouse","Kinnex","0-1.5k","FLAIR","CPM","B20K80","B20K80_3",0.749684413858572
"Mouse","Kinnex","0-1.5k","FLAIR","CPM","Brain","B31",0.699842097437695
"Mouse","Kinnex","0-1.5k","FLAIR","CPM","Brain","B32",0.72780207831274
"Mouse","Kinnex","0-1.5k","FLAIR","CPM","Brain","B33",0.774977680583404
"Mouse","Kinnex","0-1.5k","FLAIR","CPM","Kidney","K31",0.788501144087045
"Mouse","Kinnex","0-1.5k","FLAIR","CPM","Kidney","K32",0.761423548533874
"Mouse","Kinnex","0-1.5k","FLAIR","CPM","Kidney","K33",0.759786721222715
"Mouse","Kinnex","0-1.5k","FLAIR","CQN","B20K80","B20K80_1",0.730995329267295
"Mouse","Kinnex","0-1.5k","FLAIR","CQN","B20K80","B20K80_2",0.747503513869922
"Mouse","Kinnex","0-1.5k","FLAIR","CQN","B20K80","B20K80_3",0.743138046545959
"Mouse","Kinnex","0-1.5k","FLAIR","CQN","Brain","B31",0.707695577060271
"Mouse","Kinnex","0-1.5k","FLAIR","CQN","Brain","B32",0.720865687317756
"Mouse","Kinnex","0-1.5k","FLAIR","CQN","Brain","B33",0.724821493510291
"Mouse","Kinnex","0-1.5k","FLAIR","CQN","Kidney","K31",0.727301014394222
"Mouse","Kinnex","0-1.5k","FLAIR","CQN","Kidney","K32",0.749373884185237
"Mouse","Kinnex","0-1.5k","FLAIR","CQN","Kidney","K33",0.739528215044435
"Mouse","Kinnex","0-1.5k","FLAIR","EDASeq","B20K80","B20K80_1",0.754529856514565
"Mouse","Kinnex","0-1.5k","FLAIR","EDASeq","B20K80","B20K80_2",0.771364836742838
"Mouse","Kinnex","0-1.5k","FLAIR","EDASeq","B20K80","B20K80_3",0.750257033644123
"Mouse","Kinnex","0-1.5k","FLAIR","EDASeq","Brain","B31",0.717321275821037
"Mouse","Kinnex","0-1.5k","FLAIR","EDASeq","Brain","B32",0.749677311748716
"Mouse","Kinnex","0-1.5k","FLAIR","EDASeq","Brain","B33",0.766358592651624
"Mouse","Kinnex","0-1.5k","FLAIR","EDASeq","Kidney","K31",0.775789984817729
"Mouse","Kinnex","0-1.5k","FLAIR","EDASeq","Kidney","K32",0.775369781489347
"Mouse","Kinnex","0-1.5k","FLAIR","EDASeq","Kidney","K33",0.764974688094428
"Mouse","Kinnex","0-1.5k","FLAIR","SMR","B20K80","B20K80_1",0.625829711692747
"Mouse","Kinnex","0-1.5k","FLAIR","SMR","B20K80","B20K80_2",0.693527574165929
"Mouse","Kinnex","0-1.5k","FLAIR","SMR","B20K80","B20K80_3",0.650980562723314
"Mouse","Kinnex","0-1.5k","FLAIR","SMR","Brain","B31",0.708680288003686
"Mouse","Kinnex","0-1.5k","FLAIR","SMR","Brain","B32",0.71486308908512
"Mouse","Kinnex","0-1.5k","FLAIR","SMR","Brain","B33",0.736750474472489
"Mouse","Kinnex","0-1.5k","FLAIR","SMR","Kidney","K31",0.7545700793844
"Mouse","Kinnex","0-1.5k","FLAIR","SMR","Kidney","K32",0.744092589893579
"Mouse","Kinnex","0-1.5k","FLAIR","SMR","Kidney","K33",0.723864921339537
"Mouse","Kinnex","0-1.5k","FLAIR","TPM","B20K80","B20K80_1",0.802993841529015
"Mouse","Kinnex","0-1.5k","FLAIR","TPM","B20K80","B20K80_2",0.812851594495156
"Mouse","Kinnex","0-1.5k","FLAIR","TPM","B20K80","B20K80_3",0.804644477114163
"Mouse","Kinnex","0-1.5k","FLAIR","TPM","Brain","B31",0.763163151099858
"Mouse","Kinnex","0-1.5k","FLAIR","TPM","Brain","B32",0.783902866486356
"Mouse","Kinnex","0-1.5k","FLAIR","TPM","Brain","B33",0.822361794140688
"Mouse","Kinnex","0-1.5k","FLAIR","TPM","Kidney","K31",0.838636671422589
"Mouse","Kinnex","0-1.5k","FLAIR","TPM","Kidney","K32",0.814982387460969
"Mouse","Kinnex","0-1.5k","FLAIR","TPM","Kidney","K33",0.815377566989493
"Mouse","Kinnex","0-1.5k","IsoQuant","CPM","B20K80","B20K80_1",0.743341833866064
"Mouse","Kinnex","0-1.5k","IsoQuant","CPM","B20K80","B20K80_2",0.767006702726244
"Mouse","Kinnex","0-1.5k","IsoQuant","CPM","B20K80","B20K80_3",0.744812401114908
"Mouse","Kinnex","0-1.5k","IsoQuant","CPM","Brain","B31",0.702059454498182
"Mouse","Kinnex","0-1.5k","IsoQuant","CPM","Brain","B32",0.737734593941927
"Mouse","Kinnex","0-1.5k","IsoQuant","CPM","Brain","B33",0.782361702668628
"Mouse","Kinnex","0-1.5k","IsoQuant","CPM","Kidney","K31",0.787668109682089
"Mouse","Kinnex","0-1.5k","IsoQuant","CPM","Kidney","K32",0.760463134725776
"Mouse","Kinnex","0-1.5k","IsoQuant","CPM","Kidney","K33",0.758808661275072
"Mouse","Kinnex","0-1.5k","IsoQuant","CQN","B20K80","B20K80_1",0.739402866635441
"Mouse","Kinnex","0-1.5k","IsoQuant","CQN","B20K80","B20K80_2",0.769250197645835
"Mouse","Kinnex","0-1.5k","IsoQuant","CQN","B20K80","B20K80_3",0.752049912094095
"Mouse","Kinnex","0-1.5k","IsoQuant","CQN","Brain","B31",0.738098747621144
"Mouse","Kinnex","0-1.5k","IsoQuant","CQN","Brain","B32",0.761113615591435
"Mouse","Kinnex","0-1.5k","IsoQuant","CQN","Brain","B33",0.755397956612645
"Mouse","Kinnex","0-1.5k","IsoQuant","CQN","Kidney","K31",0.743923865939977
"Mouse","Kinnex","0-1.5k","IsoQuant","CQN","Kidney","K32",0.768928750260656
"Mouse","Kinnex","0-1.5k","IsoQuant","CQN","Kidney","K33",0.757995944057721
"Mouse","Kinnex","0-1.5k","IsoQuant","EDASeq","B20K80","B20K80_1",0.736926109002097
"Mouse","Kinnex","0-1.5k","IsoQuant","EDASeq","B20K80","B20K80_2",0.765289307727371
"Mouse","Kinnex","0-1.5k","IsoQuant","EDASeq","B20K80","B20K80_3",0.742084357213568
"Mouse","Kinnex","0-1.5k","IsoQuant","EDASeq","Brain","B31",0.736957479420641
"Mouse","Kinnex","0-1.5k","IsoQuant","EDASeq","Brain","B32",0.762625718327381
"Mouse","Kinnex","0-1.5k","IsoQuant","EDASeq","Brain","B33",0.763671601179627
"Mouse","Kinnex","0-1.5k","IsoQuant","EDASeq","Kidney","K31",0.744478264510369
"Mouse","Kinnex","0-1.5k","IsoQuant","EDASeq","Kidney","K32",0.761295987337728
"Mouse","Kinnex","0-1.5k","IsoQuant","EDASeq","Kidney","K33",0.74545455445262
"Mouse","Kinnex","0-1.5k","IsoQuant","SMR","B20K80","B20K80_1",0.594670005728703
"Mouse","Kinnex","0-1.5k","IsoQuant","SMR","B20K80","B20K80_2",0.676923477805435
"Mouse","Kinnex","0-1.5k","IsoQuant","SMR","B20K80","B20K80_3",0.601559981888161
"Mouse","Kinnex","0-1.5k","IsoQuant","SMR","Brain","B31",0.743718737774705
"Mouse","Kinnex","0-1.5k","IsoQuant","SMR","Brain","B32",0.755383982717798
"Mouse","Kinnex","0-1.5k","IsoQuant","SMR","Brain","B33",0.767796495216623
"Mouse","Kinnex","0-1.5k","IsoQuant","SMR","Kidney","K31",0.761079692136687
"Mouse","Kinnex","0-1.5k","IsoQuant","SMR","Kidney","K32",0.744668518347569
"Mouse","Kinnex","0-1.5k","IsoQuant","SMR","Kidney","K33",0.731672193511637
"Mouse","Kinnex","0-1.5k","IsoQuant","TPM","B20K80","B20K80_1",0.801524184208114
"Mouse","Kinnex","0-1.5k","IsoQuant","TPM","B20K80","B20K80_2",0.818974244601084
"Mouse","Kinnex","0-1.5k","IsoQuant","TPM","B20K80","B20K80_3",0.800682801765494
"Mouse","Kinnex","0-1.5k","IsoQuant","TPM","Brain","B31",0.76742539489568
"Mouse","Kinnex","0-1.5k","IsoQuant","TPM","Brain","B32",0.794919731226233
"Mouse","Kinnex","0-1.5k","IsoQuant","TPM","Brain","B33",0.8302030731904
"Mouse","Kinnex","0-1.5k","IsoQuant","TPM","Kidney","K31",0.836589500796458
"Mouse","Kinnex","0-1.5k","IsoQuant","TPM","Kidney","K32",0.814266429457737
"Mouse","Kinnex","0-1.5k","IsoQuant","TPM","Kidney","K33",0.813069647431051
"Mouse","Kinnex","0-1.5k","Kallisto","CPM","B20K80","B20K80_1",0.725605605518465
"Mouse","Kinnex","0-1.5k","Kallisto","CPM","B20K80","B20K80_2",0.743971217161376
"Mouse","Kinnex","0-1.5k","Kallisto","CPM","B20K80","B20K80_3",0.727071667164334
"Mouse","Kinnex","0-1.5k","Kallisto","CPM","Brain","B31",0.693885773391275
"Mouse","Kinnex","0-1.5k","Kallisto","CPM","Brain","B32",0.723581885969163
"Mouse","Kinnex","0-1.5k","Kallisto","CPM","Brain","B33",0.767978989132407
"Mouse","Kinnex","0-1.5k","Kallisto","CPM","Kidney","K31",0.768751350949581
"Mouse","Kinnex","0-1.5k","Kallisto","CPM","Kidney","K32",0.749338061739825
"Mouse","Kinnex","0-1.5k","Kallisto","CPM","Kidney","K33",0.741129624281137
"Mouse","Kinnex","0-1.5k","Kallisto","CQN","B20K80","B20K80_1",0.76517335520296
"Mouse","Kinnex","0-1.5k","Kallisto","CQN","B20K80","B20K80_2",0.78296744528704
"Mouse","Kinnex","0-1.5k","Kallisto","CQN","B20K80","B20K80_3",0.773694259828802
"Mouse","Kinnex","0-1.5k","Kallisto","CQN","Brain","B31",0.771409855227596
"Mouse","Kinnex","0-1.5k","Kallisto","CQN","Brain","B32",0.784854929431869
"Mouse","Kinnex","0-1.5k","Kallisto","CQN","Brain","B33",0.782513108490291
"Mouse","Kinnex","0-1.5k","Kallisto","CQN","Kidney","K31",0.755531392872709
"Mouse","Kinnex","0-1.5k","Kallisto","CQN","Kidney","K32",0.786681755274608
"Mouse","Kinnex","0-1.5k","Kallisto","CQN","Kidney","K33",0.769689839623547
"Mouse","Kinnex","0-1.5k","Kallisto","EDASeq","B20K80","B20K80_1",0.751739338381787
"Mouse","Kinnex","0-1.5k","Kallisto","EDASeq","B20K80","B20K80_2",0.771617556910146
"Mouse","Kinnex","0-1.5k","Kallisto","EDASeq","B20K80","B20K80_3",0.753297616871924
"Mouse","Kinnex","0-1.5k","Kallisto","EDASeq","Brain","B31",0.73838566073682
"Mouse","Kinnex","0-1.5k","Kallisto","EDASeq","Brain","B32",0.762623444996604
"Mouse","Kinnex","0-1.5k","Kallisto","EDASeq","Brain","B33",0.774681160910775
"Mouse","Kinnex","0-1.5k","Kallisto","EDASeq","Kidney","K31",0.760616392208893
"Mouse","Kinnex","0-1.5k","Kallisto","EDASeq","Kidney","K32",0.775433221299457
"Mouse","Kinnex","0-1.5k","Kallisto","EDASeq","Kidney","K33",0.757964583043651
"Mouse","Kinnex","0-1.5k","Kallisto","SMR","B20K80","B20K80_1",0.595796625615341
"Mouse","Kinnex","0-1.5k","Kallisto","SMR","B20K80","B20K80_2",0.674505927463286
"Mouse","Kinnex","0-1.5k","Kallisto","SMR","B20K80","B20K80_3",0.620560532073528
"Mouse","Kinnex","0-1.5k","Kallisto","SMR","Brain","B31",0.736696791478168
"Mouse","Kinnex","0-1.5k","Kallisto","SMR","Brain","B32",0.748995458235336
"Mouse","Kinnex","0-1.5k","Kallisto","SMR","Brain","B33",0.765014115222476
"Mouse","Kinnex","0-1.5k","Kallisto","SMR","Kidney","K31",0.756548661236209
"Mouse","Kinnex","0-1.5k","Kallisto","SMR","Kidney","K32",0.742246475903081
"Mouse","Kinnex","0-1.5k","Kallisto","SMR","Kidney","K33",0.709671135311713
"Mouse","Kinnex","0-1.5k","Kallisto","TPM","B20K80","B20K80_1",0.785139409186027
"Mouse","Kinnex","0-1.5k","Kallisto","TPM","B20K80","B20K80_2",0.797331249617078
"Mouse","Kinnex","0-1.5k","Kallisto","TPM","B20K80","B20K80_3",0.785396206563901
"Mouse","Kinnex","0-1.5k","Kallisto","TPM","Brain","B31",0.758412309319303
"Mouse","Kinnex","0-1.5k","Kallisto","TPM","Brain","B32",0.781507984644746
"Mouse","Kinnex","0-1.5k","Kallisto","TPM","Brain","B33",0.81730581760617
"Mouse","Kinnex","0-1.5k","Kallisto","TPM","Kidney","K31",0.820426116585181
"Mouse","Kinnex","0-1.5k","Kallisto","TPM","Kidney","K32",0.804590981107413
"Mouse","Kinnex","0-1.5k","Kallisto","TPM","Kidney","K33",0.798223678721501
"Mouse","Kinnex","0-1.5k","Oarfish","CPM","B20K80","B20K80_1",0.774531660209479
"Mouse","Kinnex","0-1.5k","Oarfish","CPM","B20K80","B20K80_2",0.793750926183356
"Mouse","Kinnex","0-1.5k","Oarfish","CPM","B20K80","B20K80_3",0.786245139301457
"Mouse","Kinnex","0-1.5k","Oarfish","CPM","Brain","B31",0.746208305498543
"Mouse","Kinnex","0-1.5k","Oarfish","CPM","Brain","B32",0.773474490186451
"Mouse","Kinnex","0-1.5k","Oarfish","CPM","Brain","B33",0.815171456830743
"Mouse","Kinnex","0-1.5k","Oarfish","CPM","Kidney","K31",0.819366884035941
"Mouse","Kinnex","0-1.5k","Oarfish","CPM","Kidney","K32",0.792890441694952
"Mouse","Kinnex","0-1.5k","Oarfish","CPM","Kidney","K33",0.791938115601847
"Mouse","Kinnex","0-1.5k","Oarfish","CQN","B20K80","B20K80_1",0.800282195550506
"Mouse","Kinnex","0-1.5k","Oarfish","CQN","B20K80","B20K80_2",0.816505773191036
"Mouse","Kinnex","0-1.5k","Oarfish","CQN","B20K80","B20K80_3",0.814558025183281
"Mouse","Kinnex","0-1.5k","Oarfish","CQN","Brain","B31",0.795523560363387
"Mouse","Kinnex","0-1.5k","Oarfish","CQN","Brain","B32",0.805140903066332
"Mouse","Kinnex","0-1.5k","Oarfish","CQN","Brain","B33",0.822017007531071
"Mouse","Kinnex","0-1.5k","Oarfish","CQN","Kidney","K31",0.799817762498574
"Mouse","Kinnex","0-1.5k","Oarfish","CQN","Kidney","K32",0.807457850964041
"Mouse","Kinnex","0-1.5k","Oarfish","CQN","Kidney","K33",0.802252128349684
"Mouse","Kinnex","0-1.5k","Oarfish","EDASeq","B20K80","B20K80_1",0.81237772718206
"Mouse","Kinnex","0-1.5k","Oarfish","EDASeq","B20K80","B20K80_2",0.825620073301412
"Mouse","Kinnex","0-1.5k","Oarfish","EDASeq","B20K80","B20K80_3",0.821363602248344
"Mouse","Kinnex","0-1.5k","Oarfish","EDASeq","Brain","B31",0.800020235667657
"Mouse","Kinnex","0-1.5k","Oarfish","EDASeq","Brain","B32",0.813548281936456
"Mouse","Kinnex","0-1.5k","Oarfish","EDASeq","Brain","B33",0.837642818032225
"Mouse","Kinnex","0-1.5k","Oarfish","EDASeq","Kidney","K31",0.827887786890291
"Mouse","Kinnex","0-1.5k","Oarfish","EDASeq","Kidney","K32",0.820220850423467
"Mouse","Kinnex","0-1.5k","Oarfish","EDASeq","Kidney","K33",0.817703718588608
"Mouse","Kinnex","0-1.5k","Oarfish","SMR","B20K80","B20K80_1",0.675673494296404
"Mouse","Kinnex","0-1.5k","Oarfish","SMR","B20K80","B20K80_2",0.737532007333035
"Mouse","Kinnex","0-1.5k","Oarfish","SMR","B20K80","B20K80_3",0.708679251837712
"Mouse","Kinnex","0-1.5k","Oarfish","SMR","Brain","B31",0.747350465111884
"Mouse","Kinnex","0-1.5k","Oarfish","SMR","Brain","B32",0.758596486232791
"Mouse","Kinnex","0-1.5k","Oarfish","SMR","Brain","B33",0.78727669962631
"Mouse","Kinnex","0-1.5k","Oarfish","SMR","Kidney","K31",0.802621748370915
"Mouse","Kinnex","0-1.5k","Oarfish","SMR","Kidney","K32",0.774789180168977
"Mouse","Kinnex","0-1.5k","Oarfish","SMR","Kidney","K33",0.768539675357419
"Mouse","Kinnex","0-1.5k","Oarfish","TPM","B20K80","B20K80_1",0.820680967061775
"Mouse","Kinnex","0-1.5k","Oarfish","TPM","B20K80","B20K80_2",0.834054628044452
"Mouse","Kinnex","0-1.5k","Oarfish","TPM","B20K80","B20K80_3",0.830391159904754
"Mouse","Kinnex","0-1.5k","Oarfish","TPM","Brain","B31",0.798753186072326
"Mouse","Kinnex","0-1.5k","Oarfish","TPM","Brain","B32",0.819027111734423
"Mouse","Kinnex","0-1.5k","Oarfish","TPM","Brain","B33",0.853721631272361
"Mouse","Kinnex","0-1.5k","Oarfish","TPM","Kidney","K31",0.859327518333373
"Mouse","Kinnex","0-1.5k","Oarfish","TPM","Kidney","K32",0.835653314543832
"Mouse","Kinnex","0-1.5k","Oarfish","TPM","Kidney","K33",0.835581807506898
"Mouse","Kinnex","1.5k-3k","Bambu","CPM","B20K80","B20K80_1",0.804359710230238
"Mouse","Kinnex","1.5k-3k","Bambu","CPM","B20K80","B20K80_2",0.804889952447954
"Mouse","Kinnex","1.5k-3k","Bambu","CPM","B20K80","B20K80_3",0.813380437343944
"Mouse","Kinnex","1.5k-3k","Bambu","CPM","Brain","B31",0.787676867053149
"Mouse","Kinnex","1.5k-3k","Bambu","CPM","Brain","B32",0.791181131873523
"Mouse","Kinnex","1.5k-3k","Bambu","CPM","Brain","B33",0.795755998739422
"Mouse","Kinnex","1.5k-3k","Bambu","CPM","Kidney","K31",0.82864999849698
"Mouse","Kinnex","1.5k-3k","Bambu","CPM","Kidney","K32",0.829667909524628
"Mouse","Kinnex","1.5k-3k","Bambu","CPM","Kidney","K33",0.827270148533162
"Mouse","Kinnex","1.5k-3k","Bambu","CQN","B20K80","B20K80_1",0.796886201906388
"Mouse","Kinnex","1.5k-3k","Bambu","CQN","B20K80","B20K80_2",0.798775170675053
"Mouse","Kinnex","1.5k-3k","Bambu","CQN","B20K80","B20K80_3",0.804279145428229
"Mouse","Kinnex","1.5k-3k","Bambu","CQN","Brain","B31",0.788370236104427
"Mouse","Kinnex","1.5k-3k","Bambu","CQN","Brain","B32",0.793714223333332
"Mouse","Kinnex","1.5k-3k","Bambu","CQN","Brain","B33",0.792907795260178
"Mouse","Kinnex","1.5k-3k","Bambu","CQN","Kidney","K31",0.808888117439097
"Mouse","Kinnex","1.5k-3k","Bambu","CQN","Kidney","K32",0.82392996008366
"Mouse","Kinnex","1.5k-3k","Bambu","CQN","Kidney","K33",0.814770663767762
"Mouse","Kinnex","1.5k-3k","Bambu","EDASeq","B20K80","B20K80_1",0.801385582570117
"Mouse","Kinnex","1.5k-3k","Bambu","EDASeq","B20K80","B20K80_2",0.803203062727635
"Mouse","Kinnex","1.5k-3k","Bambu","EDASeq","B20K80","B20K80_3",0.809825631245229
"Mouse","Kinnex","1.5k-3k","Bambu","EDASeq","Brain","B31",0.787746318026431
"Mouse","Kinnex","1.5k-3k","Bambu","EDASeq","Brain","B32",0.792223796760766
"Mouse","Kinnex","1.5k-3k","Bambu","EDASeq","Brain","B33",0.795136951790774
"Mouse","Kinnex","1.5k-3k","Bambu","EDASeq","Kidney","K31",0.821269530362141
"Mouse","Kinnex","1.5k-3k","Bambu","EDASeq","Kidney","K32",0.826441992492485
"Mouse","Kinnex","1.5k-3k","Bambu","EDASeq","Kidney","K33",0.821707936671106
"Mouse","Kinnex","1.5k-3k","Bambu","SMR","B20K80","B20K80_1",0.567535368966517
"Mouse","Kinnex","1.5k-3k","Bambu","SMR","B20K80","B20K80_2",0.611573136658475
"Mouse","Kinnex","1.5k-3k","Bambu","SMR","B20K80","B20K80_3",0.615827877432077
"Mouse","Kinnex","1.5k-3k","Bambu","SMR","Brain","B31",0.70521152012134
"Mouse","Kinnex","1.5k-3k","Bambu","SMR","Brain","B32",0.71921411647059
"Mouse","Kinnex","1.5k-3k","Bambu","SMR","Brain","B33",0.705877589737597
"Mouse","Kinnex","1.5k-3k","Bambu","SMR","Kidney","K31",0.705636042586195
"Mouse","Kinnex","1.5k-3k","Bambu","SMR","Kidney","K32",0.751256416748466
"Mouse","Kinnex","1.5k-3k","Bambu","SMR","Kidney","K33",0.720623036617463
"Mouse","Kinnex","1.5k-3k","Bambu","TPM","B20K80","B20K80_1",0.804283561844294
"Mouse","Kinnex","1.5k-3k","Bambu","TPM","B20K80","B20K80_2",0.80443121348046
"Mouse","Kinnex","1.5k-3k","Bambu","TPM","B20K80","B20K80_3",0.812904323649381
"Mouse","Kinnex","1.5k-3k","Bambu","TPM","Brain","B31",0.789073764055498
"Mouse","Kinnex","1.5k-3k","Bambu","TPM","Brain","B32",0.792246929331999
"Mouse","Kinnex","1.5k-3k","Bambu","TPM","Brain","B33",0.793144028800594
"Mouse","Kinnex","1.5k-3k","Bambu","TPM","Kidney","K31",0.829251932486504
"Mouse","Kinnex","1.5k-3k","Bambu","TPM","Kidney","K32",0.830779724553955
"Mouse","Kinnex","1.5k-3k","Bambu","TPM","Kidney","K33",0.82881391362477
"Mouse","Kinnex","1.5k-3k","FLAIR","CPM","B20K80","B20K80_1",0.809221275817022
"Mouse","Kinnex","1.5k-3k","FLAIR","CPM","B20K80","B20K80_2",0.806383424564703
"Mouse","Kinnex","1.5k-3k","FLAIR","CPM","B20K80","B20K80_3",0.812655233261139
"Mouse","Kinnex","1.5k-3k","FLAIR","CPM","Brain","B31",0.793740268826339
"Mouse","Kinnex","1.5k-3k","FLAIR","CPM","Brain","B32",0.780070968744125
"Mouse","Kinnex","1.5k-3k","FLAIR","CPM","Brain","B33",0.787347467559642
"Mouse","Kinnex","1.5k-3k","FLAIR","CPM","Kidney","K31",0.822514086684739
"Mouse","Kinnex","1.5k-3k","FLAIR","CPM","Kidney","K32",0.826456626974461
"Mouse","Kinnex","1.5k-3k","FLAIR","CPM","Kidney","K33",0.826029610235207
"Mouse","Kinnex","1.5k-3k","FLAIR","CQN","B20K80","B20K80_1",0.795158713353483
"Mouse","Kinnex","1.5k-3k","FLAIR","CQN","B20K80","B20K80_2",0.792367031673876
"Mouse","Kinnex","1.5k-3k","FLAIR","CQN","B20K80","B20K80_3",0.798685218237373
"Mouse","Kinnex","1.5k-3k","FLAIR","CQN","Brain","B31",0.782810886692884
"Mouse","Kinnex","1.5k-3k","FLAIR","CQN","Brain","B32",0.767890086587144
"Mouse","Kinnex","1.5k-3k","FLAIR","CQN","Brain","B33",0.773750770736628
"Mouse","Kinnex","1.5k-3k","FLAIR","CQN","Kidney","K31",0.802176625348294
"Mouse","Kinnex","1.5k-3k","FLAIR","CQN","Kidney","K32",0.815630790911274
"Mouse","Kinnex","1.5k-3k","FLAIR","CQN","Kidney","K33",0.809605916881144
"Mouse","Kinnex","1.5k-3k","FLAIR","EDASeq","B20K80","B20K80_1",0.809066051864473
"Mouse","Kinnex","1.5k-3k","FLAIR","EDASeq","B20K80","B20K80_2",0.805864298357173
"Mouse","Kinnex","1.5k-3k","FLAIR","EDASeq","B20K80","B20K80_3",0.812321041122549
"Mouse","Kinnex","1.5k-3k","FLAIR","EDASeq","Brain","B31",0.79485093227512
"Mouse","Kinnex","1.5k-3k","FLAIR","EDASeq","Brain","B32",0.78129091523456
"Mouse","Kinnex","1.5k-3k","FLAIR","EDASeq","Brain","B33",0.786782089631314
"Mouse","Kinnex","1.5k-3k","FLAIR","EDASeq","Kidney","K31",0.822714609207617
"Mouse","Kinnex","1.5k-3k","FLAIR","EDASeq","Kidney","K32",0.827220370506581
"Mouse","Kinnex","1.5k-3k","FLAIR","EDASeq","Kidney","K33",0.826535138052597
"Mouse","Kinnex","1.5k-3k","FLAIR","SMR","B20K80","B20K80_1",0.562690082875581
"Mouse","Kinnex","1.5k-3k","FLAIR","SMR","B20K80","B20K80_2",0.604227412472865
"Mouse","Kinnex","1.5k-3k","FLAIR","SMR","B20K80","B20K80_3",0.594126172735757
"Mouse","Kinnex","1.5k-3k","FLAIR","SMR","Brain","B31",0.694986105415813
"Mouse","Kinnex","1.5k-3k","FLAIR","SMR","Brain","B32",0.686445293661235
"Mouse","Kinnex","1.5k-3k","FLAIR","SMR","Brain","B33",0.67476389598086
"Mouse","Kinnex","1.5k-3k","FLAIR","SMR","Kidney","K31",0.671996564817031
"Mouse","Kinnex","1.5k-3k","FLAIR","SMR","Kidney","K32",0.73433410314595
"Mouse","Kinnex","1.5k-3k","FLAIR","SMR","Kidney","K33",0.704202797918367
"Mouse","Kinnex","1.5k-3k","FLAIR","TPM","B20K80","B20K80_1",0.806898108160845
"Mouse","Kinnex","1.5k-3k","FLAIR","TPM","B20K80","B20K80_2",0.804267267426463
"Mouse","Kinnex","1.5k-3k","FLAIR","TPM","B20K80","B20K80_3",0.809061016578769
"Mouse","Kinnex","1.5k-3k","FLAIR","TPM","Brain","B31",0.794308965548812
"Mouse","Kinnex","1.5k-3k","FLAIR","TPM","Brain","B32",0.78097509478216
"Mouse","Kinnex","1.5k-3k","FLAIR","TPM","Brain","B33",0.782921685628632
"Mouse","Kinnex","1.5k-3k","FLAIR","TPM","Kidney","K31",0.820380436417296
"Mouse","Kinnex","1.5k-3k","FLAIR","TPM","Kidney","K32",0.826701096610046
"Mouse","Kinnex","1.5k-3k","FLAIR","TPM","Kidney","K33",0.825467673544575
"Mouse","Kinnex","1.5k-3k","IsoQuant","CPM","B20K80","B20K80_1",0.809034727236465
"Mouse","Kinnex","1.5k-3k","IsoQuant","CPM","B20K80","B20K80_2",0.810740864415487
"Mouse","Kinnex","1.5k-3k","IsoQuant","CPM","B20K80","B20K80_3",0.815381294458324
"Mouse","Kinnex","1.5k-3k","IsoQuant","CPM","Brain","B31",0.789037564284895
"Mouse","Kinnex","1.5k-3k","IsoQuant","CPM","Brain","B32",0.791063998695972
"Mouse","Kinnex","1.5k-3k","IsoQuant","CPM","Brain","B33",0.797604807935533
"Mouse","Kinnex","1.5k-3k","IsoQuant","CPM","Kidney","K31",0.82930387534748
"Mouse","Kinnex","1.5k-3k","IsoQuant","CPM","Kidney","K32",0.837004689632043
"Mouse","Kinnex","1.5k-3k","IsoQuant","CPM","Kidney","K33",0.830622819012133
"Mouse","Kinnex","1.5k-3k","IsoQuant","CQN","B20K80","B20K80_1",0.77112831402119
"Mouse","Kinnex","1.5k-3k","IsoQuant","CQN","B20K80","B20K80_2",0.775302412603089
"Mouse","Kinnex","1.5k-3k","IsoQuant","CQN","B20K80","B20K80_3",0.777033900764563
"Mouse","Kinnex","1.5k-3k","IsoQuant","CQN","Brain","B31",0.754783562979166
"Mouse","Kinnex","1.5k-3k","IsoQuant","CQN","Brain","B32",0.759038033731186
"Mouse","Kinnex","1.5k-3k","IsoQuant","CQN","Brain","B33",0.764645156351766
"Mouse","Kinnex","1.5k-3k","IsoQuant","CQN","Kidney","K31",0.777642337108004
"Mouse","Kinnex","1.5k-3k","IsoQuant","CQN","Kidney","K32",0.79547555199429
"Mouse","Kinnex","1.5k-3k","IsoQuant","CQN","Kidney","K33",0.784562895726379
"Mouse","Kinnex","1.5k-3k","IsoQuant","EDASeq","B20K80","B20K80_1",0.808316921220262
"Mouse","Kinnex","1.5k-3k","IsoQuant","EDASeq","B20K80","B20K80_2",0.810586812643658
"Mouse","Kinnex","1.5k-3k","IsoQuant","EDASeq","B20K80","B20K80_3",0.814469454821707
"Mouse","Kinnex","1.5k-3k","IsoQuant","EDASeq","Brain","B31",0.789313414367224
"Mouse","Kinnex","1.5k-3k","IsoQuant","EDASeq","Brain","B32",0.79194153314623
"Mouse","Kinnex","1.5k-3k","IsoQuant","EDASeq","Brain","B33",0.797503892152823
"Mouse","Kinnex","1.5k-3k","IsoQuant","EDASeq","Kidney","K31",0.827040705363418
"Mouse","Kinnex","1.5k-3k","IsoQuant","EDASeq","Kidney","K32",0.836696205004917
"Mouse","Kinnex","1.5k-3k","IsoQuant","EDASeq","Kidney","K33",0.829399364437023
"Mouse","Kinnex","1.5k-3k","IsoQuant","SMR","B20K80","B20K80_1",0.530396103002755
"Mouse","Kinnex","1.5k-3k","IsoQuant","SMR","B20K80","B20K80_2",0.587838377557324
"Mouse","Kinnex","1.5k-3k","IsoQuant","SMR","B20K80","B20K80_3",0.568109970174682
"Mouse","Kinnex","1.5k-3k","IsoQuant","SMR","Brain","B31",0.697860580912822
"Mouse","Kinnex","1.5k-3k","IsoQuant","SMR","Brain","B32",0.712294439586819
"Mouse","Kinnex","1.5k-3k","IsoQuant","SMR","Brain","B33",0.70053495329099
"Mouse","Kinnex","1.5k-3k","IsoQuant","SMR","Kidney","K31",0.670049544855323
"Mouse","Kinnex","1.5k-3k","IsoQuant","SMR","Kidney","K32",0.731257648762871
"Mouse","Kinnex","1.5k-3k","IsoQuant","SMR","Kidney","K33",0.691383054860691
"Mouse","Kinnex","1.5k-3k","IsoQuant","TPM","B20K80","B20K80_1",0.806625856776157
"Mouse","Kinnex","1.5k-3k","IsoQuant","TPM","B20K80","B20K80_2",0.80845752548138
"Mouse","Kinnex","1.5k-3k","IsoQuant","TPM","B20K80","B20K80_3",0.81207529824431
"Mouse","Kinnex","1.5k-3k","IsoQuant","TPM","Brain","B31",0.789574437772026
"Mouse","Kinnex","1.5k-3k","IsoQuant","TPM","Brain","B32",0.7914293202082
"Mouse","Kinnex","1.5k-3k","IsoQuant","TPM","Brain","B33",0.793433641205205
"Mouse","Kinnex","1.5k-3k","IsoQuant","TPM","Kidney","K31",0.82723573420637
"Mouse","Kinnex","1.5k-3k","IsoQuant","TPM","Kidney","K32",0.836814319363888
"Mouse","Kinnex","1.5k-3k","IsoQuant","TPM","Kidney","K33",0.830137786312068
"Mouse","Kinnex","1.5k-3k","Kallisto","CPM","B20K80","B20K80_1",0.800621180094549
"Mouse","Kinnex","1.5k-3k","Kallisto","CPM","B20K80","B20K80_2",0.798808538386421
"Mouse","Kinnex","1.5k-3k","Kallisto","CPM","B20K80","B20K80_3",0.808319116884863
"Mouse","Kinnex","1.5k-3k","Kallisto","CPM","Brain","B31",0.787899836923578
"Mouse","Kinnex","1.5k-3k","Kallisto","CPM","Brain","B32",0.783107921373867
"Mouse","Kinnex","1.5k-3k","Kallisto","CPM","Brain","B33",0.790837115812182
"Mouse","Kinnex","1.5k-3k","Kallisto","CPM","Kidney","K31",0.822443149681496
"Mouse","Kinnex","1.5k-3k","Kallisto","CPM","Kidney","K32",0.825630477682344
"Mouse","Kinnex","1.5k-3k","Kallisto","CPM","Kidney","K33",0.822100279897967
"Mouse","Kinnex","1.5k-3k","Kallisto","CQN","B20K80","B20K80_1",0.796668749466717
"Mouse","Kinnex","1.5k-3k","Kallisto","CQN","B20K80","B20K80_2",0.797698809122299
"Mouse","Kinnex","1.5k-3k","Kallisto","CQN","B20K80","B20K80_3",0.803938599796245
"Mouse","Kinnex","1.5k-3k","Kallisto","CQN","Brain","B31",0.79122432660349
"Mouse","Kinnex","1.5k-3k","Kallisto","CQN","Brain","B32",0.788150035728715
"Mouse","Kinnex","1.5k-3k","Kallisto","CQN","Brain","B33",0.79300520722848
"Mouse","Kinnex","1.5k-3k","Kallisto","CQN","Kidney","K31",0.808664469006611
"Mouse","Kinnex","1.5k-3k","Kallisto","CQN","Kidney","K32",0.82466325200253
"Mouse","Kinnex","1.5k-3k","Kallisto","CQN","Kidney","K33",0.816338543863414
"Mouse","Kinnex","1.5k-3k","Kallisto","EDASeq","B20K80","B20K80_1",0.797636437180763
"Mouse","Kinnex","1.5k-3k","Kallisto","EDASeq","B20K80","B20K80_2",0.79706647249916
"Mouse","Kinnex","1.5k-3k","Kallisto","EDASeq","B20K80","B20K80_3",0.804342329256261
"Mouse","Kinnex","1.5k-3k","Kallisto","EDASeq","Brain","B31",0.788832002150932
"Mouse","Kinnex","1.5k-3k","Kallisto","EDASeq","Brain","B32",0.784817225481183
"Mouse","Kinnex","1.5k-3k","Kallisto","EDASeq","Brain","B33",0.790359058358133
"Mouse","Kinnex","1.5k-3k","Kallisto","EDASeq","Kidney","K31",0.814788642071046
"Mouse","Kinnex","1.5k-3k","Kallisto","EDASeq","Kidney","K32",0.822371528394501
"Mouse","Kinnex","1.5k-3k","Kallisto","EDASeq","Kidney","K33",0.816689005289912
"Mouse","Kinnex","1.5k-3k","Kallisto","SMR","B20K80","B20K80_1",0.569574213617344
"Mouse","Kinnex","1.5k-3k","Kallisto","SMR","B20K80","B20K80_2",0.604869718338282
"Mouse","Kinnex","1.5k-3k","Kallisto","SMR","B20K80","B20K80_3",0.596086886936378
"Mouse","Kinnex","1.5k-3k","Kallisto","SMR","Brain","B31",0.719756905901317
"Mouse","Kinnex","1.5k-3k","Kallisto","SMR","Brain","B32",0.723737454792041
"Mouse","Kinnex","1.5k-3k","Kallisto","SMR","Brain","B33",0.719616752040801
"Mouse","Kinnex","1.5k-3k","Kallisto","SMR","Kidney","K31",0.698010313899052
"Mouse","Kinnex","1.5k-3k","Kallisto","SMR","Kidney","K32",0.751740519934302
"Mouse","Kinnex","1.5k-3k","Kallisto","SMR","Kidney","K33",0.716556295082777
"Mouse","Kinnex","1.5k-3k","Kallisto","TPM","B20K80","B20K80_1",0.800927344953511
"Mouse","Kinnex","1.5k-3k","Kallisto","TPM","B20K80","B20K80_2",0.798781604308024
"Mouse","Kinnex","1.5k-3k","Kallisto","TPM","B20K80","B20K80_3",0.807737275829188
"Mouse","Kinnex","1.5k-3k","Kallisto","TPM","Brain","B31",0.789992566161341
"Mouse","Kinnex","1.5k-3k","Kallisto","TPM","Brain","B32",0.784997461464073
"Mouse","Kinnex","1.5k-3k","Kallisto","TPM","Brain","B33",0.788311384188341
"Mouse","Kinnex","1.5k-3k","Kallisto","TPM","Kidney","K31",0.823239088945065
"Mouse","Kinnex","1.5k-3k","Kallisto","TPM","Kidney","K32",0.827198649328719
"Mouse","Kinnex","1.5k-3k","Kallisto","TPM","Kidney","K33",0.824075351188204
"Mouse","Kinnex","1.5k-3k","Oarfish","CPM","B20K80","B20K80_1",0.822007505273467
"Mouse","Kinnex","1.5k-3k","Oarfish","CPM","B20K80","B20K80_2",0.819884726792844
"Mouse","Kinnex","1.5k-3k","Oarfish","CPM","B20K80","B20K80_3",0.831705380438979
"Mouse","Kinnex","1.5k-3k","Oarfish","CPM","Brain","B31",0.807031785259257
"Mouse","Kinnex","1.5k-3k","Oarfish","CPM","Brain","B32",0.807646758557434
"Mouse","Kinnex","1.5k-3k","Oarfish","CPM","Brain","B33",0.813553139291677
"Mouse","Kinnex","1.5k-3k","Oarfish","CPM","Kidney","K31",0.843992500161533
"Mouse","Kinnex","1.5k-3k","Oarfish","CPM","Kidney","K32",0.845132814127698
"Mouse","Kinnex","1.5k-3k","Oarfish","CPM","Kidney","K33",0.842460916157751
"Mouse","Kinnex","1.5k-3k","Oarfish","CQN","B20K80","B20K80_1",0.817668858566146
"Mouse","Kinnex","1.5k-3k","Oarfish","CQN","B20K80","B20K80_2",0.817586664674752
"Mouse","Kinnex","1.5k-3k","Oarfish","CQN","B20K80","B20K80_3",0.826269781101545
"Mouse","Kinnex","1.5k-3k","Oarfish","CQN","Brain","B31",0.805053550196578
"Mouse","Kinnex","1.5k-3k","Oarfish","CQN","Brain","B32",0.80743194190359
"Mouse","Kinnex","1.5k-3k","Oarfish","CQN","Brain","B33",0.811544007838711
"Mouse","Kinnex","1.5k-3k","Oarfish","CQN","Kidney","K31",0.829149650752062
"Mouse","Kinnex","1.5k-3k","Oarfish","CQN","Kidney","K32",0.839963021589009
"Mouse","Kinnex","1.5k-3k","Oarfish","CQN","Kidney","K33",0.834939153950314
"Mouse","Kinnex","1.5k-3k","Oarfish","EDASeq","B20K80","B20K80_1",0.820294963741701
"Mouse","Kinnex","1.5k-3k","Oarfish","EDASeq","B20K80","B20K80_2",0.819029188516178
"Mouse","Kinnex","1.5k-3k","Oarfish","EDASeq","B20K80","B20K80_3",0.829655826018481
"Mouse","Kinnex","1.5k-3k","Oarfish","EDASeq","Brain","B31",0.807593698496155
"Mouse","Kinnex","1.5k-3k","Oarfish","EDASeq","Brain","B32",0.808713467477963
"Mouse","Kinnex","1.5k-3k","Oarfish","EDASeq","Brain","B33",0.813426160461387
"Mouse","Kinnex","1.5k-3k","Oarfish","EDASeq","Kidney","K31",0.839457218047558
"Mouse","Kinnex","1.5k-3k","Oarfish","EDASeq","Kidney","K32",0.843158316014423
"Mouse","Kinnex","1.5k-3k","Oarfish","EDASeq","Kidney","K33",0.839073109477387
"Mouse","Kinnex","1.5k-3k","Oarfish","SMR","B20K80","B20K80_1",0.605635324661562
"Mouse","Kinnex","1.5k-3k","Oarfish","SMR","B20K80","B20K80_2",0.640880912641143
"Mouse","Kinnex","1.5k-3k","Oarfish","SMR","B20K80","B20K80_3",0.64901134851656
"Mouse","Kinnex","1.5k-3k","Oarfish","SMR","Brain","B31",0.737246574456938
"Mouse","Kinnex","1.5k-3k","Oarfish","SMR","Brain","B32",0.747041959036944
"Mouse","Kinnex","1.5k-3k","Oarfish","SMR","Brain","B33",0.73577260580452
"Mouse","Kinnex","1.5k-3k","Oarfish","SMR","Kidney","K31",0.733540174346811
"Mouse","Kinnex","1.5k-3k","Oarfish","SMR","Kidney","K32",0.772796391405783
"Mouse","Kinnex","1.5k-3k","Oarfish","SMR","Kidney","K33",0.748151447149341
"Mouse","Kinnex","1.5k-3k","Oarfish","TPM","B20K80","B20K80_1",0.820975992954318
"Mouse","Kinnex","1.5k-3k","Oarfish","TPM","B20K80","B20K80_2",0.818902287517393
"Mouse","Kinnex","1.5k-3k","Oarfish","TPM","B20K80","B20K80_3",0.830195409633787
"Mouse","Kinnex","1.5k-3k","Oarfish","TPM","Brain","B31",0.807838541286995
"Mouse","Kinnex","1.5k-3k","Oarfish","TPM","Brain","B32",0.808035231239233
"Mouse","Kinnex","1.5k-3k","Oarfish","TPM","Brain","B33",0.809998067347006
"Mouse","Kinnex","1.5k-3k","Oarfish","TPM","Kidney","K31",0.843841972328739
"Mouse","Kinnex","1.5k-3k","Oarfish","TPM","Kidney","K32",0.845742893485057
"Mouse","Kinnex","1.5k-3k","Oarfish","TPM","Kidney","K33",0.843252041562835
"Mouse","Kinnex","3k-4.5k","Bambu","CPM","B20K80","B20K80_1",0.745240017287788
"Mouse","Kinnex","3k-4.5k","Bambu","CPM","B20K80","B20K80_2",0.75106972707438
"Mouse","Kinnex","3k-4.5k","Bambu","CPM","B20K80","B20K80_3",0.739021303052991
"Mouse","Kinnex","3k-4.5k","Bambu","CPM","Brain","B31",0.738166616299094
"Mouse","Kinnex","3k-4.5k","Bambu","CPM","Brain","B32",0.75553062539261
"Mouse","Kinnex","3k-4.5k","Bambu","CPM","Brain","B33",0.755954024565458
"Mouse","Kinnex","3k-4.5k","Bambu","CPM","Kidney","K31",0.763271536982254
"Mouse","Kinnex","3k-4.5k","Bambu","CPM","Kidney","K32",0.786626428785844
"Mouse","Kinnex","3k-4.5k","Bambu","CPM","Kidney","K33",0.771848537032806
"Mouse","Kinnex","3k-4.5k","Bambu","CQN","B20K80","B20K80_1",0.743354735885529
"Mouse","Kinnex","3k-4.5k","Bambu","CQN","B20K80","B20K80_2",0.747100853349983
"Mouse","Kinnex","3k-4.5k","Bambu","CQN","B20K80","B20K80_3",0.739837719494316
"Mouse","Kinnex","3k-4.5k","Bambu","CQN","Brain","B31",0.732464916739664
"Mouse","Kinnex","3k-4.5k","Bambu","CQN","Brain","B32",0.753864736632584
"Mouse","Kinnex","3k-4.5k","Bambu","CQN","Brain","B33",0.751540622210365
"Mouse","Kinnex","3k-4.5k","Bambu","CQN","Kidney","K31",0.752466175134604
"Mouse","Kinnex","3k-4.5k","Bambu","CQN","Kidney","K32",0.783247082080341
"Mouse","Kinnex","3k-4.5k","Bambu","CQN","Kidney","K33",0.765862057211269
"Mouse","Kinnex","3k-4.5k","Bambu","EDASeq","B20K80","B20K80_1",0.743601207640335
"Mouse","Kinnex","3k-4.5k","Bambu","EDASeq","B20K80","B20K80_2",0.750380055141369
"Mouse","Kinnex","3k-4.5k","Bambu","EDASeq","B20K80","B20K80_3",0.737307116815794
"Mouse","Kinnex","3k-4.5k","Bambu","EDASeq","Brain","B31",0.737248564836275
"Mouse","Kinnex","3k-4.5k","Bambu","EDASeq","Brain","B32",0.75545022907938
"Mouse","Kinnex","3k-4.5k","Bambu","EDASeq","Brain","B33",0.755627715754736
"Mouse","Kinnex","3k-4.5k","Bambu","EDASeq","Kidney","K31",0.759693349963262
"Mouse","Kinnex","3k-4.5k","Bambu","EDASeq","Kidney","K32",0.784384122328807
"Mouse","Kinnex","3k-4.5k","Bambu","EDASeq","Kidney","K33",0.768722580734377
"Mouse","Kinnex","3k-4.5k","Bambu","SMR","B20K80","B20K80_1",0.460891234539335
"Mouse","Kinnex","3k-4.5k","Bambu","SMR","B20K80","B20K80_2",0.51326408918459
"Mouse","Kinnex","3k-4.5k","Bambu","SMR","B20K80","B20K80_3",0.483867380674263
"Mouse","Kinnex","3k-4.5k","Bambu","SMR","Brain","B31",0.622156205210314
"Mouse","Kinnex","3k-4.5k","Bambu","SMR","Brain","B32",0.676208016700374
"Mouse","Kinnex","3k-4.5k","Bambu","SMR","Brain","B33",0.657008714080755
"Mouse","Kinnex","3k-4.5k","Bambu","SMR","Kidney","K31",0.627957059894789
"Mouse","Kinnex","3k-4.5k","Bambu","SMR","Kidney","K32",0.711956466333709
"Mouse","Kinnex","3k-4.5k","Bambu","SMR","Kidney","K33",0.652723863599266
"Mouse","Kinnex","3k-4.5k","Bambu","TPM","B20K80","B20K80_1",0.745409874213209
"Mouse","Kinnex","3k-4.5k","Bambu","TPM","B20K80","B20K80_2",0.750287240669063
"Mouse","Kinnex","3k-4.5k","Bambu","TPM","B20K80","B20K80_3",0.739517584965813
"Mouse","Kinnex","3k-4.5k","Bambu","TPM","Brain","B31",0.738295178762241
"Mouse","Kinnex","3k-4.5k","Bambu","TPM","Brain","B32",0.753892999020401
"Mouse","Kinnex","3k-4.5k","Bambu","TPM","Brain","B33",0.75436752884999
"Mouse","Kinnex","3k-4.5k","Bambu","TPM","Kidney","K31",0.765037657828834
"Mouse","Kinnex","3k-4.5k","Bambu","TPM","Kidney","K32",0.786923145124902
"Mouse","Kinnex","3k-4.5k","Bambu","TPM","Kidney","K33",0.773191850013759
"Mouse","Kinnex","3k-4.5k","FLAIR","CPM","B20K80","B20K80_1",0.727076277604285
"Mouse","Kinnex","3k-4.5k","FLAIR","CPM","B20K80","B20K80_2",0.73126293742439
"Mouse","Kinnex","3k-4.5k","FLAIR","CPM","B20K80","B20K80_3",0.716681771344916
"Mouse","Kinnex","3k-4.5k","FLAIR","CPM","Brain","B31",0.735249220774803
"Mouse","Kinnex","3k-4.5k","FLAIR","CPM","Brain","B32",0.724661153119643
"Mouse","Kinnex","3k-4.5k","FLAIR","CPM","Brain","B33",0.717275953272701
"Mouse","Kinnex","3k-4.5k","FLAIR","CPM","Kidney","K31",0.72760774311905
"Mouse","Kinnex","3k-4.5k","FLAIR","CPM","Kidney","K32",0.763912238995975
"Mouse","Kinnex","3k-4.5k","FLAIR","CPM","Kidney","K33",0.753751381574643
"Mouse","Kinnex","3k-4.5k","FLAIR","CQN","B20K80","B20K80_1",0.707861881256087
"Mouse","Kinnex","3k-4.5k","FLAIR","CQN","B20K80","B20K80_2",0.70758199518662
"Mouse","Kinnex","3k-4.5k","FLAIR","CQN","B20K80","B20K80_3",0.699268576480183
"Mouse","Kinnex","3k-4.5k","FLAIR","CQN","Brain","B31",0.714725397946302
"Mouse","Kinnex","3k-4.5k","FLAIR","CQN","Brain","B32",0.706629728231378
"Mouse","Kinnex","3k-4.5k","FLAIR","CQN","Brain","B33",0.695738955574807
"Mouse","Kinnex","3k-4.5k","FLAIR","CQN","Kidney","K31",0.710827250877055
"Mouse","Kinnex","3k-4.5k","FLAIR","CQN","Kidney","K32",0.746609145325847
"Mouse","Kinnex","3k-4.5k","FLAIR","CQN","Kidney","K33",0.726963550243461
"Mouse","Kinnex","3k-4.5k","FLAIR","EDASeq","B20K80","B20K80_1",0.726578645578045
"Mouse","Kinnex","3k-4.5k","FLAIR","EDASeq","B20K80","B20K80_2",0.730518249566522
"Mouse","Kinnex","3k-4.5k","FLAIR","EDASeq","B20K80","B20K80_3",0.716217592332518
"Mouse","Kinnex","3k-4.5k","FLAIR","EDASeq","Brain","B31",0.734890009458556
"Mouse","Kinnex","3k-4.5k","FLAIR","EDASeq","Brain","B32",0.723147579185846
"Mouse","Kinnex","3k-4.5k","FLAIR","EDASeq","Brain","B33",0.716135545092284
"Mouse","Kinnex","3k-4.5k","FLAIR","EDASeq","Kidney","K31",0.728020153124534
"Mouse","Kinnex","3k-4.5k","FLAIR","EDASeq","Kidney","K32",0.763397334703248
"Mouse","Kinnex","3k-4.5k","FLAIR","EDASeq","Kidney","K33",0.754241401760978
"Mouse","Kinnex","3k-4.5k","FLAIR","SMR","B20K80","B20K80_1",0.432888434763513
"Mouse","Kinnex","3k-4.5k","FLAIR","SMR","B20K80","B20K80_2",0.481567064929033
"Mouse","Kinnex","3k-4.5k","FLAIR","SMR","B20K80","B20K80_3",0.45158712152644
"Mouse","Kinnex","3k-4.5k","FLAIR","SMR","Brain","B31",0.580045390939505
"Mouse","Kinnex","3k-4.5k","FLAIR","SMR","Brain","B32",0.608494950341463
"Mouse","Kinnex","3k-4.5k","FLAIR","SMR","Brain","B33",0.580910759962428
"Mouse","Kinnex","3k-4.5k","FLAIR","SMR","Kidney","K31",0.562112640553359
"Mouse","Kinnex","3k-4.5k","FLAIR","SMR","Kidney","K32",0.66560693746283806
"Mouse","Kinnex","3k-4.5k","FLAIR","SMR","Kidney","K33",0.618863892640996
"Mouse","Kinnex","3k-4.5k","FLAIR","TPM","B20K80","B20K80_1",0.725077972239588
"Mouse","Kinnex","3k-4.5k","FLAIR","TPM","B20K80","B20K80_2",0.729235767820254
"Mouse","Kinnex","3k-4.5k","FLAIR","TPM","B20K80","B20K80_3",0.71453910707219
"Mouse","Kinnex","3k-4.5k","FLAIR","TPM","Brain","B31",0.734050120078404
"Mouse","Kinnex","3k-4.5k","FLAIR","TPM","Brain","B32",0.721996594196954
"Mouse","Kinnex","3k-4.5k","FLAIR","TPM","Brain","B33",0.713888236111565
"Mouse","Kinnex","3k-4.5k","FLAIR","TPM","Kidney","K31",0.727715422288578
"Mouse","Kinnex","3k-4.5k","FLAIR","TPM","Kidney","K32",0.762650987549798
"Mouse","Kinnex","3k-4.5k","FLAIR","TPM","Kidney","K33",0.753823544387262
"Mouse","Kinnex","3k-4.5k","IsoQuant","CPM","B20K80","B20K80_1",0.746685486010371
"Mouse","Kinnex","3k-4.5k","IsoQuant","CPM","B20K80","B20K80_2",0.748627420019331
"Mouse","Kinnex","3k-4.5k","IsoQuant","CPM","B20K80","B20K80_3",0.731691677729298
"Mouse","Kinnex","3k-4.5k","IsoQuant","CPM","Brain","B31",0.73293689361123
"Mouse","Kinnex","3k-4.5k","IsoQuant","CPM","Brain","B32",0.747925408639013
"Mouse","Kinnex","3k-4.5k","IsoQuant","CPM","Brain","B33",0.737531237741319
"Mouse","Kinnex","3k-4.5k","IsoQuant","CPM","Kidney","K31",0.761637577832236
"Mouse","Kinnex","3k-4.5k","IsoQuant","CPM","Kidney","K32",0.790245178566621
"Mouse","Kinnex","3k-4.5k","IsoQuant","CPM","Kidney","K33",0.767085574680214
"Mouse","Kinnex","3k-4.5k","IsoQuant","CQN","B20K80","B20K80_1",0.686964724990018
"Mouse","Kinnex","3k-4.5k","IsoQuant","CQN","B20K80","B20K80_2",0.691057775141953
"Mouse","Kinnex","3k-4.5k","IsoQuant","CQN","B20K80","B20K80_3",0.67797859848228
"Mouse","Kinnex","3k-4.5k","IsoQuant","CQN","Brain","B31",0.699189962301127
"Mouse","Kinnex","3k-4.5k","IsoQuant","CQN","Brain","B32",0.711664486697302
"Mouse","Kinnex","3k-4.5k","IsoQuant","CQN","Brain","B33",0.705146104989404
"Mouse","Kinnex","3k-4.5k","IsoQuant","CQN","Kidney","K31",0.699688980252426
"Mouse","Kinnex","3k-4.5k","IsoQuant","CQN","Kidney","K32",0.734466437457375
"Mouse","Kinnex","3k-4.5k","IsoQuant","CQN","Kidney","K33",0.709327017356252
"Mouse","Kinnex","3k-4.5k","IsoQuant","EDASeq","B20K80","B20K80_1",0.74672936890771
"Mouse","Kinnex","3k-4.5k","IsoQuant","EDASeq","B20K80","B20K80_2",0.748851167627964
"Mouse","Kinnex","3k-4.5k","IsoQuant","EDASeq","B20K80","B20K80_3",0.731645293729175
"Mouse","Kinnex","3k-4.5k","IsoQuant","EDASeq","Brain","B31",0.732897270404663
"Mouse","Kinnex","3k-4.5k","IsoQuant","EDASeq","Brain","B32",0.74819319017835
"Mouse","Kinnex","3k-4.5k","IsoQuant","EDASeq","Brain","B33",0.738224932907278
"Mouse","Kinnex","3k-4.5k","IsoQuant","EDASeq","Kidney","K31",0.760736359156165
"Mouse","Kinnex","3k-4.5k","IsoQuant","EDASeq","Kidney","K32",0.79037311742281
"Mouse","Kinnex","3k-4.5k","IsoQuant","EDASeq","Kidney","K33",0.766362145665641
"Mouse","Kinnex","3k-4.5k","IsoQuant","SMR","B20K80","B20K80_1",0.423109578400707
"Mouse","Kinnex","3k-4.5k","IsoQuant","SMR","B20K80","B20K80_2",0.479477552334561
"Mouse","Kinnex","3k-4.5k","IsoQuant","SMR","B20K80","B20K80_3",0.42766244410109
"Mouse","Kinnex","3k-4.5k","IsoQuant","SMR","Brain","B31",0.587732336827514
"Mouse","Kinnex","3k-4.5k","IsoQuant","SMR","Brain","B32",0.640609716524378
"Mouse","Kinnex","3k-4.5k","IsoQuant","SMR","Brain","B33",0.605432219146179
"Mouse","Kinnex","3k-4.5k","IsoQuant","SMR","Kidney","K31",0.586721450810706
"Mouse","Kinnex","3k-4.5k","IsoQuant","SMR","Kidney","K32",0.679977262642117
"Mouse","Kinnex","3k-4.5k","IsoQuant","SMR","Kidney","K33",0.620864382275574
"Mouse","Kinnex","3k-4.5k","IsoQuant","TPM","B20K80","B20K80_1",0.744608575896338
"Mouse","Kinnex","3k-4.5k","IsoQuant","TPM","B20K80","B20K80_2",0.74633184670327
"Mouse","Kinnex","3k-4.5k","IsoQuant","TPM","B20K80","B20K80_3",0.729844894292745
"Mouse","Kinnex","3k-4.5k","IsoQuant","TPM","Brain","B31",0.731403825013617
"Mouse","Kinnex","3k-4.5k","IsoQuant","TPM","Brain","B32",0.74443712157069
"Mouse","Kinnex","3k-4.5k","IsoQuant","TPM","Brain","B33",0.733984549491604
"Mouse","Kinnex","3k-4.5k","IsoQuant","TPM","Kidney","K31",0.760697857161178
"Mouse","Kinnex","3k-4.5k","IsoQuant","TPM","Kidney","K32",0.788270873308346
"Mouse","Kinnex","3k-4.5k","IsoQuant","TPM","Kidney","K33",0.76631422996802
"Mouse","Kinnex","3k-4.5k","Kallisto","CPM","B20K80","B20K80_1",0.727486972461818
"Mouse","Kinnex","3k-4.5k","Kallisto","CPM","B20K80","B20K80_2",0.742665841891867
"Mouse","Kinnex","3k-4.5k","Kallisto","CPM","B20K80","B20K80_3",0.728876215761871
"Mouse","Kinnex","3k-4.5k","Kallisto","CPM","Brain","B31",0.744091773967648
"Mouse","Kinnex","3k-4.5k","Kallisto","CPM","Brain","B32",0.743385813717391
"Mouse","Kinnex","3k-4.5k","Kallisto","CPM","Brain","B33",0.733601370368103
"Mouse","Kinnex","3k-4.5k","Kallisto","CPM","Kidney","K31",0.755389255082004
"Mouse","Kinnex","3k-4.5k","Kallisto","CPM","Kidney","K32",0.780741439744403
"Mouse","Kinnex","3k-4.5k","Kallisto","CPM","Kidney","K33",0.777263898455128
"Mouse","Kinnex","3k-4.5k","Kallisto","CQN","B20K80","B20K80_1",0.734303180558491
"Mouse","Kinnex","3k-4.5k","Kallisto","CQN","B20K80","B20K80_2",0.747777789584498
"Mouse","Kinnex","3k-4.5k","Kallisto","CQN","B20K80","B20K80_3",0.737404892645422
"Mouse","Kinnex","3k-4.5k","Kallisto","CQN","Brain","B31",0.745769001648358
"Mouse","Kinnex","3k-4.5k","Kallisto","CQN","Brain","B32",0.745914369241436
"Mouse","Kinnex","3k-4.5k","Kallisto","CQN","Brain","B33",0.736530731097286
"Mouse","Kinnex","3k-4.5k","Kallisto","CQN","Kidney","K31",0.764226086181463
"Mouse","Kinnex","3k-4.5k","Kallisto","CQN","Kidney","K32",0.798557899864186
"Mouse","Kinnex","3k-4.5k","Kallisto","CQN","Kidney","K33",0.78601342671167
"Mouse","Kinnex","3k-4.5k","Kallisto","EDASeq","B20K80","B20K80_1",0.725873957571251
"Mouse","Kinnex","3k-4.5k","Kallisto","EDASeq","B20K80","B20K80_2",0.741720337640192
"Mouse","Kinnex","3k-4.5k","Kallisto","EDASeq","B20K80","B20K80_3",0.727263084828845
"Mouse","Kinnex","3k-4.5k","Kallisto","EDASeq","Brain","B31",0.743573084951177
"Mouse","Kinnex","3k-4.5k","Kallisto","EDASeq","Brain","B32",0.743359904692905
"Mouse","Kinnex","3k-4.5k","Kallisto","EDASeq","Brain","B33",0.733523745454092
"Mouse","Kinnex","3k-4.5k","Kallisto","EDASeq","Kidney","K31",0.751707706973345
"Mouse","Kinnex","3k-4.5k","Kallisto","EDASeq","Kidney","K32",0.779047723421813
"Mouse","Kinnex","3k-4.5k","Kallisto","EDASeq","Kidney","K33",0.774413859156468
"Mouse","Kinnex","3k-4.5k","Kallisto","SMR","B20K80","B20K80_1",0.429012338416097
"Mouse","Kinnex","3k-4.5k","Kallisto","SMR","B20K80","B20K80_2",0.499504856916072
"Mouse","Kinnex","3k-4.5k","Kallisto","SMR","B20K80","B20K80_3",0.469741180400716
"Mouse","Kinnex","3k-4.5k","Kallisto","SMR","Brain","B31",0.627413986372384
"Mouse","Kinnex","3k-4.5k","Kallisto","SMR","Brain","B32",0.676284276676807
"Mouse","Kinnex","3k-4.5k","Kallisto","SMR","Brain","B33",0.650801480565134
"Mouse","Kinnex","3k-4.5k","Kallisto","SMR","Kidney","K31",0.632973956251527
"Mouse","Kinnex","3k-4.5k","Kallisto","SMR","Kidney","K32",0.716098696449815
"Mouse","Kinnex","3k-4.5k","Kallisto","SMR","Kidney","K33",0.68271526076519
"Mouse","Kinnex","3k-4.5k","Kallisto","TPM","B20K80","B20K80_1",0.72708336829323
"Mouse","Kinnex","3k-4.5k","Kallisto","TPM","B20K80","B20K80_2",0.741969103950843
"Mouse","Kinnex","3k-4.5k","Kallisto","TPM","B20K80","B20K80_3",0.728630959024239
"Mouse","Kinnex","3k-4.5k","Kallisto","TPM","Brain","B31",0.744075629205874
"Mouse","Kinnex","3k-4.5k","Kallisto","TPM","Brain","B32",0.741690611586578
"Mouse","Kinnex","3k-4.5k","Kallisto","TPM","Brain","B33",0.731642971279657
"Mouse","Kinnex","3k-4.5k","Kallisto","TPM","Kidney","K31",0.756235257544966
"Mouse","Kinnex","3k-4.5k","Kallisto","TPM","Kidney","K32",0.780265623132706
"Mouse","Kinnex","3k-4.5k","Kallisto","TPM","Kidney","K33",0.777814695093714
"Mouse","Kinnex","3k-4.5k","Oarfish","CPM","B20K80","B20K80_1",0.760494266701601
"Mouse","Kinnex","3k-4.5k","Oarfish","CPM","B20K80","B20K80_2",0.764041905789973
"Mouse","Kinnex","3k-4.5k","Oarfish","CPM","B20K80","B20K80_3",0.76191442121547
"Mouse","Kinnex","3k-4.5k","Oarfish","CPM","Brain","B31",0.749250098664887
"Mouse","Kinnex","3k-4.5k","Oarfish","CPM","Brain","B32",0.767651453484548
"Mouse","Kinnex","3k-4.5k","Oarfish","CPM","Brain","B33",0.767573196649325
"Mouse","Kinnex","3k-4.5k","Oarfish","CPM","Kidney","K31",0.786782179092756
"Mouse","Kinnex","3k-4.5k","Oarfish","CPM","Kidney","K32",0.800426827282751
"Mouse","Kinnex","3k-4.5k","Oarfish","CPM","Kidney","K33",0.787011128363486
"Mouse","Kinnex","3k-4.5k","Oarfish","CQN","B20K80","B20K80_1",0.760534130560732
"Mouse","Kinnex","3k-4.5k","Oarfish","CQN","B20K80","B20K80_2",0.762492686734888
"Mouse","Kinnex","3k-4.5k","Oarfish","CQN","B20K80","B20K80_3",0.76214706186443
"Mouse","Kinnex","3k-4.5k","Oarfish","CQN","Brain","B31",0.746099472006258
"Mouse","Kinnex","3k-4.5k","Oarfish","CQN","Brain","B32",0.765367435421538
"Mouse","Kinnex","3k-4.5k","Oarfish","CQN","Brain","B33",0.762315360665909
"Mouse","Kinnex","3k-4.5k","Oarfish","CQN","Kidney","K31",0.783743757827309
"Mouse","Kinnex","3k-4.5k","Oarfish","CQN","Kidney","K32",0.801775434139769
"Mouse","Kinnex","3k-4.5k","Oarfish","CQN","Kidney","K33",0.786760089086062
"Mouse","Kinnex","3k-4.5k","Oarfish","EDASeq","B20K80","B20K80_1",0.758889873464965
"Mouse","Kinnex","3k-4.5k","Oarfish","EDASeq","B20K80","B20K80_2",0.763159120401229
"Mouse","Kinnex","3k-4.5k","Oarfish","EDASeq","B20K80","B20K80_3",0.760614581181109
"Mouse","Kinnex","3k-4.5k","Oarfish","EDASeq","Brain","B31",0.748512102733942
"Mouse","Kinnex","3k-4.5k","Oarfish","EDASeq","Brain","B32",0.76752277170351
"Mouse","Kinnex","3k-4.5k","Oarfish","EDASeq","Brain","B33",0.767210094646219
"Mouse","Kinnex","3k-4.5k","Oarfish","EDASeq","Kidney","K31",0.784443246892687
"Mouse","Kinnex","3k-4.5k","Oarfish","EDASeq","Kidney","K32",0.799135902175304
"Mouse","Kinnex","3k-4.5k","Oarfish","EDASeq","Kidney","K33",0.785004262660366
"Mouse","Kinnex","3k-4.5k","Oarfish","SMR","B20K80","B20K80_1",0.499718499140985
"Mouse","Kinnex","3k-4.5k","Oarfish","SMR","B20K80","B20K80_2",0.541239176833768
"Mouse","Kinnex","3k-4.5k","Oarfish","SMR","B20K80","B20K80_3",0.536233438550335
"Mouse","Kinnex","3k-4.5k","Oarfish","SMR","Brain","B31",0.644454248597655
"Mouse","Kinnex","3k-4.5k","Oarfish","SMR","Brain","B32",0.692822895787807
"Mouse","Kinnex","3k-4.5k","Oarfish","SMR","Brain","B33",0.679070180521976
"Mouse","Kinnex","3k-4.5k","Oarfish","SMR","Kidney","K31",0.669056911114369
"Mouse","Kinnex","3k-4.5k","Oarfish","SMR","Kidney","K32",0.73528503235757
"Mouse","Kinnex","3k-4.5k","Oarfish","SMR","Kidney","K33",0.691091746107801
"Mouse","Kinnex","3k-4.5k","Oarfish","TPM","B20K80","B20K80_1",0.760660755352634
"Mouse","Kinnex","3k-4.5k","Oarfish","TPM","B20K80","B20K80_2",0.763440293074179
"Mouse","Kinnex","3k-4.5k","Oarfish","TPM","B20K80","B20K80_3",0.762386773769276
"Mouse","Kinnex","3k-4.5k","Oarfish","TPM","Brain","B31",0.749458300961846
"Mouse","Kinnex","3k-4.5k","Oarfish","TPM","Brain","B32",0.766226258910974
"Mouse","Kinnex","3k-4.5k","Oarfish","TPM","Brain","B33",0.76604706581173
"Mouse","Kinnex","3k-4.5k","Oarfish","TPM","Kidney","K31",0.788145469333622
"Mouse","Kinnex","3k-4.5k","Oarfish","TPM","Kidney","K32",0.80047423832865106
"Mouse","Kinnex","3k-4.5k","Oarfish","TPM","Kidney","K33",0.788350175547212
"Mouse","Kinnex",">4.5k","Bambu","CPM","B20K80","B20K80_1",0.590311081069069
"Mouse","Kinnex",">4.5k","Bambu","CPM","B20K80","B20K80_2",0.607128367752008
"Mouse","Kinnex",">4.5k","Bambu","CPM","B20K80","B20K80_3",0.591327096265208
"Mouse","Kinnex",">4.5k","Bambu","CPM","Brain","B31",0.58966709593043
"Mouse","Kinnex",">4.5k","Bambu","CPM","Brain","B32",0.62388882976589
"Mouse","Kinnex",">4.5k","Bambu","CPM","Brain","B33",0.613747731808577
"Mouse","Kinnex",">4.5k","Bambu","CPM","Kidney","K31",0.63026259213517
"Mouse","Kinnex",">4.5k","Bambu","CPM","Kidney","K32",0.692575410544061
"Mouse","Kinnex",">4.5k","Bambu","CPM","Kidney","K33",0.647947185606978
"Mouse","Kinnex",">4.5k","Bambu","CQN","B20K80","B20K80_1",0.562652020746624
"Mouse","Kinnex",">4.5k","Bambu","CQN","B20K80","B20K80_2",0.583035114165993
"Mouse","Kinnex",">4.5k","Bambu","CQN","B20K80","B20K80_3",0.552039054670639
"Mouse","Kinnex",">4.5k","Bambu","CQN","Brain","B31",0.567329430022307
"Mouse","Kinnex",">4.5k","Bambu","CQN","Brain","B32",0.617368827189387
"Mouse","Kinnex",">4.5k","Bambu","CQN","Brain","B33",0.601410028574295
"Mouse","Kinnex",">4.5k","Bambu","CQN","Kidney","K31",0.593627107533185
"Mouse","Kinnex",">4.5k","Bambu","CQN","Kidney","K32",0.662770045529909
"Mouse","Kinnex",">4.5k","Bambu","CQN","Kidney","K33",0.60511514789602
"Mouse","Kinnex",">4.5k","Bambu","EDASeq","B20K80","B20K80_1",0.547392134375512
"Mouse","Kinnex",">4.5k","Bambu","EDASeq","B20K80","B20K80_2",0.574718405477744
"Mouse","Kinnex",">4.5k","Bambu","EDASeq","B20K80","B20K80_3",0.546260587336263
"Mouse","Kinnex",">4.5k","Bambu","EDASeq","Brain","B31",0.559060473078872
"Mouse","Kinnex",">4.5k","Bambu","EDASeq","Brain","B32",0.60751748895158
"Mouse","Kinnex",">4.5k","Bambu","EDASeq","Brain","B33",0.592823240497652
"Mouse","Kinnex",">4.5k","Bambu","EDASeq","Kidney","K31",0.580512875938654
"Mouse","Kinnex",">4.5k","Bambu","EDASeq","Kidney","K32",0.650003830337139
"Mouse","Kinnex",">4.5k","Bambu","EDASeq","Kidney","K33",0.59057213424392
"Mouse","Kinnex",">4.5k","Bambu","SMR","B20K80","B20K80_1",0.327567915848111
"Mouse","Kinnex",">4.5k","Bambu","SMR","B20K80","B20K80_2",0.383679402796635
"Mouse","Kinnex",">4.5k","Bambu","SMR","B20K80","B20K80_3",0.350907521220566
"Mouse","Kinnex",">4.5k","Bambu","SMR","Brain","B31",0.479057608784807
"Mouse","Kinnex",">4.5k","Bambu","SMR","Brain","B32",0.559421505445037
"Mouse","Kinnex",">4.5k","Bambu","SMR","Brain","B33",0.53855861328436
"Mouse","Kinnex",">4.5k","Bambu","SMR","Kidney","K31",0.519277374976084
"Mouse","Kinnex",">4.5k","Bambu","SMR","Kidney","K32",0.635191692619546
"Mouse","Kinnex",">4.5k","Bambu","SMR","Kidney","K33",0.56598804878755
"Mouse","Kinnex",">4.5k","Bambu","TPM","B20K80","B20K80_1",0.638098461798747
"Mouse","Kinnex",">4.5k","Bambu","TPM","B20K80","B20K80_2",0.653560739376353
"Mouse","Kinnex",">4.5k","Bambu","TPM","B20K80","B20K80_3",0.639177588557666
"Mouse","Kinnex",">4.5k","Bambu","TPM","Brain","B31",0.641414520341594
"Mouse","Kinnex",">4.5k","Bambu","TPM","Brain","B32",0.664911801417311
"Mouse","Kinnex",">4.5k","Bambu","TPM","Brain","B33",0.65605393976735
"Mouse","Kinnex",">4.5k","Bambu","TPM","Kidney","K31",0.678318698770925
"Mouse","Kinnex",">4.5k","Bambu","TPM","Kidney","K32",0.731402188755505
"Mouse","Kinnex",">4.5k","Bambu","TPM","Kidney","K33",0.687744145174867
"Mouse","Kinnex",">4.5k","FLAIR","CPM","B20K80","B20K80_1",0.551241132464086
"Mouse","Kinnex",">4.5k","FLAIR","CPM","B20K80","B20K80_2",0.594700610330946
"Mouse","Kinnex",">4.5k","FLAIR","CPM","B20K80","B20K80_3",0.553418498116028
"Mouse","Kinnex",">4.5k","FLAIR","CPM","Brain","B31",0.590814778779904
"Mouse","Kinnex",">4.5k","FLAIR","CPM","Brain","B32",0.584272761715856
"Mouse","Kinnex",">4.5k","FLAIR","CPM","Brain","B33",0.555334270033563
"Mouse","Kinnex",">4.5k","FLAIR","CPM","Kidney","K31",0.573464308295644
"Mouse","Kinnex",">4.5k","FLAIR","CPM","Kidney","K32",0.655479796098191
"Mouse","Kinnex",">4.5k","FLAIR","CPM","Kidney","K33",0.608082753318631
"Mouse","Kinnex",">4.5k","FLAIR","CQN","B20K80","B20K80_1",0.519329455049123
"Mouse","Kinnex",">4.5k","FLAIR","CQN","B20K80","B20K80_2",0.551338051317308
"Mouse","Kinnex",">4.5k","FLAIR","CQN","B20K80","B20K80_3",0.52019453738476
"Mouse","Kinnex",">4.5k","FLAIR","CQN","Brain","B31",0.580945301242249
"Mouse","Kinnex",">4.5k","FLAIR","CQN","Brain","B32",0.580608346176446
"Mouse","Kinnex",">4.5k","FLAIR","CQN","Brain","B33",0.553723231570954
"Mouse","Kinnex",">4.5k","FLAIR","CQN","Kidney","K31",0.544780609319168
"Mouse","Kinnex",">4.5k","FLAIR","CQN","Kidney","K32",0.602088512884428
"Mouse","Kinnex",">4.5k","FLAIR","CQN","Kidney","K33",0.568059072328412
"Mouse","Kinnex",">4.5k","FLAIR","EDASeq","B20K80","B20K80_1",0.555243354868122
"Mouse","Kinnex",">4.5k","FLAIR","EDASeq","B20K80","B20K80_2",0.598426998899323
"Mouse","Kinnex",">4.5k","FLAIR","EDASeq","B20K80","B20K80_3",0.555826081579966
"Mouse","Kinnex",">4.5k","FLAIR","EDASeq","Brain","B31",0.604741884704925
"Mouse","Kinnex",">4.5k","FLAIR","EDASeq","Brain","B32",0.591322849004226
"Mouse","Kinnex",">4.5k","FLAIR","EDASeq","Brain","B33",0.565522446667973
"Mouse","Kinnex",">4.5k","FLAIR","EDASeq","Kidney","K31",0.57752184286609
"Mouse","Kinnex",">4.5k","FLAIR","EDASeq","Kidney","K32",0.654772483828983
"Mouse","Kinnex",">4.5k","FLAIR","EDASeq","Kidney","K33",0.607782417338795
"Mouse","Kinnex",">4.5k","FLAIR","SMR","B20K80","B20K80_1",0.267594072376333
"Mouse","Kinnex",">4.5k","FLAIR","SMR","B20K80","B20K80_2",0.369538342672801
"Mouse","Kinnex",">4.5k","FLAIR","SMR","B20K80","B20K80_3",0.314925956709751
"Mouse","Kinnex",">4.5k","FLAIR","SMR","Brain","B31",0.4363235887188
"Mouse","Kinnex",">4.5k","FLAIR","SMR","Brain","B32",0.47179247356225
"Mouse","Kinnex",">4.5k","FLAIR","SMR","Brain","B33",0.420696167379279
"Mouse","Kinnex",">4.5k","FLAIR","SMR","Kidney","K31",0.440652980214294
"Mouse","Kinnex",">4.5k","FLAIR","SMR","Kidney","K32",0.558940687083683
"Mouse","Kinnex",">4.5k","FLAIR","SMR","Kidney","K33",0.485483778116052
"Mouse","Kinnex",">4.5k","FLAIR","TPM","B20K80","B20K80_1",0.57749350178542
"Mouse","Kinnex",">4.5k","FLAIR","TPM","B20K80","B20K80_2",0.616504597847879
"Mouse","Kinnex",">4.5k","FLAIR","TPM","B20K80","B20K80_3",0.580746125169859
"Mouse","Kinnex",">4.5k","FLAIR","TPM","Brain","B31",0.620240974486199
"Mouse","Kinnex",">4.5k","FLAIR","TPM","Brain","B32",0.601856126156737
"Mouse","Kinnex",">4.5k","FLAIR","TPM","Brain","B33",0.57713447454434
"Mouse","Kinnex",">4.5k","FLAIR","TPM","Kidney","K31",0.603288949119396
"Mouse","Kinnex",">4.5k","FLAIR","TPM","Kidney","K32",0.676580982745541
"Mouse","Kinnex",">4.5k","FLAIR","TPM","Kidney","K33",0.634916900418779
"Mouse","Kinnex",">4.5k","IsoQuant","CPM","B20K80","B20K80_1",0.559128466660501
"Mouse","Kinnex",">4.5k","IsoQuant","CPM","B20K80","B20K80_2",0.587828013670373
"Mouse","Kinnex",">4.5k","IsoQuant","CPM","B20K80","B20K80_3",0.552618339195837
"Mouse","Kinnex",">4.5k","IsoQuant","CPM","Brain","B31",0.609386869895715
"Mouse","Kinnex",">4.5k","IsoQuant","CPM","Brain","B32",0.628172452627828
"Mouse","Kinnex",">4.5k","IsoQuant","CPM","Brain","B33",0.605045442817035
"Mouse","Kinnex",">4.5k","IsoQuant","CPM","Kidney","K31",0.569491500825946
"Mouse","Kinnex",">4.5k","IsoQuant","CPM","Kidney","K32",0.654997010771637
"Mouse","Kinnex",">4.5k","IsoQuant","CPM","Kidney","K33",0.603735415191668
"Mouse","Kinnex",">4.5k","IsoQuant","CQN","B20K80","B20K80_1",0.447542174656386
"Mouse","Kinnex",">4.5k","IsoQuant","CQN","B20K80","B20K80_2",0.465776116552607
"Mouse","Kinnex",">4.5k","IsoQuant","CQN","B20K80","B20K80_3",0.440992617869054
"Mouse","Kinnex",">4.5k","IsoQuant","CQN","Brain","B31",0.524546235546032
"Mouse","Kinnex",">4.5k","IsoQuant","CQN","Brain","B32",0.547063891731582
"Mouse","Kinnex",">4.5k","IsoQuant","CQN","Brain","B33",0.527729273067086
"Mouse","Kinnex",">4.5k","IsoQuant","CQN","Kidney","K31",0.422577286174147
"Mouse","Kinnex",">4.5k","IsoQuant","CQN","Kidney","K32",0.483778496683026
"Mouse","Kinnex",">4.5k","IsoQuant","CQN","Kidney","K33",0.4469752276607
"Mouse","Kinnex",">4.5k","IsoQuant","EDASeq","B20K80","B20K80_1",0.549474951573884
"Mouse","Kinnex",">4.5k","IsoQuant","EDASeq","B20K80","B20K80_2",0.581844233851858
"Mouse","Kinnex",">4.5k","IsoQuant","EDASeq","B20K80","B20K80_3",0.540848749313176
"Mouse","Kinnex",">4.5k","IsoQuant","EDASeq","Brain","B31",0.604939748911014
"Mouse","Kinnex",">4.5k","IsoQuant","EDASeq","Brain","B32",0.629386074712224
"Mouse","Kinnex",">4.5k","IsoQuant","EDASeq","Brain","B33",0.602934817041078
"Mouse","Kinnex",">4.5k","IsoQuant","EDASeq","Kidney","K31",0.563550093353742
"Mouse","Kinnex",">4.5k","IsoQuant","EDASeq","Kidney","K32",0.64826948743848
"Mouse","Kinnex",">4.5k","IsoQuant","EDASeq","Kidney","K33",0.594588775469623
"Mouse","Kinnex",">4.5k","IsoQuant","SMR","B20K80","B20K80_1",0.246627402650875
"Mouse","Kinnex",">4.5k","IsoQuant","SMR","B20K80","B20K80_2",0.308216753411285
"Mouse","Kinnex",">4.5k","IsoQuant","SMR","B20K80","B20K80_3",0.269412667253703
"Mouse","Kinnex",">4.5k","IsoQuant","SMR","Brain","B31",0.445992704925666
"Mouse","Kinnex",">4.5k","IsoQuant","SMR","Brain","B32",0.498158212375231
"Mouse","Kinnex",">4.5k","IsoQuant","SMR","Brain","B33",0.460071601482302
"Mouse","Kinnex",">4.5k","IsoQuant","SMR","Kidney","K31",0.40624332951262
"Mouse","Kinnex",">4.5k","IsoQuant","SMR","Kidney","K32",0.544883659644098
"Mouse","Kinnex",">4.5k","IsoQuant","SMR","Kidney","K33",0.465174017405011
"Mouse","Kinnex",">4.5k","IsoQuant","TPM","B20K80","B20K80_1",0.589808706565604
"Mouse","Kinnex",">4.5k","IsoQuant","TPM","B20K80","B20K80_2",0.614490795299995
"Mouse","Kinnex",">4.5k","IsoQuant","TPM","B20K80","B20K80_3",0.58470098804416
"Mouse","Kinnex",">4.5k","IsoQuant","TPM","Brain","B31",0.636091700594041
"Mouse","Kinnex",">4.5k","IsoQuant","TPM","Brain","B32",0.645581458849258
"Mouse","Kinnex",">4.5k","IsoQuant","TPM","Brain","B33",0.628361139154878
"Mouse","Kinnex",">4.5k","IsoQuant","TPM","Kidney","K31",0.604285592299931
"Mouse","Kinnex",">4.5k","IsoQuant","TPM","Kidney","K32",0.682849211484445
"Mouse","Kinnex",">4.5k","IsoQuant","TPM","Kidney","K33",0.635652390155909
"Mouse","Kinnex",">4.5k","Kallisto","CPM","B20K80","B20K80_1",0.583417746270007
"Mouse","Kinnex",">4.5k","Kallisto","CPM","B20K80","B20K80_2",0.610052005987602
"Mouse","Kinnex",">4.5k","Kallisto","CPM","B20K80","B20K80_3",0.582886516873327
"Mouse","Kinnex",">4.5k","Kallisto","CPM","Brain","B31",0.627759508746347
"Mouse","Kinnex",">4.5k","Kallisto","CPM","Brain","B32",0.643025046924773
"Mouse","Kinnex",">4.5k","Kallisto","CPM","Brain","B33",0.622166716285157
"Mouse","Kinnex",">4.5k","Kallisto","CPM","Kidney","K31",0.631521137684584
"Mouse","Kinnex",">4.5k","Kallisto","CPM","Kidney","K32",0.685328835911955
"Mouse","Kinnex",">4.5k","Kallisto","CPM","Kidney","K33",0.668726517732973
"Mouse","Kinnex",">4.5k","Kallisto","CQN","B20K80","B20K80_1",0.563139280592471
"Mouse","Kinnex",">4.5k","Kallisto","CQN","B20K80","B20K80_2",0.596794550079801
"Mouse","Kinnex",">4.5k","Kallisto","CQN","B20K80","B20K80_3",0.558974485818972
"Mouse","Kinnex",">4.5k","Kallisto","CQN","Brain","B31",0.614282534246229
"Mouse","Kinnex",">4.5k","Kallisto","CQN","Brain","B32",0.639493641288939
"Mouse","Kinnex",">4.5k","Kallisto","CQN","Brain","B33",0.61564016660852094
"Mouse","Kinnex",">4.5k","Kallisto","CQN","Kidney","K31",0.610590431078592
"Mouse","Kinnex",">4.5k","Kallisto","CQN","Kidney","K32",0.664783964241513
"Mouse","Kinnex",">4.5k","Kallisto","CQN","Kidney","K33",0.640290703187499
"Mouse","Kinnex",">4.5k","Kallisto","EDASeq","B20K80","B20K80_1",0.547996307554074
"Mouse","Kinnex",">4.5k","Kallisto","EDASeq","B20K80","B20K80_2",0.583253720596792
"Mouse","Kinnex",">4.5k","Kallisto","EDASeq","B20K80","B20K80_3",0.54424950329427
"Mouse","Kinnex",">4.5k","Kallisto","EDASeq","Brain","B31",0.600815730112749
"Mouse","Kinnex",">4.5k","Kallisto","EDASeq","Brain","B32",0.628397623676178
"Mouse","Kinnex",">4.5k","Kallisto","EDASeq","Brain","B33",0.600554936547777
"Mouse","Kinnex",">4.5k","Kallisto","EDASeq","Kidney","K31",0.581405515924323
"Mouse","Kinnex",">4.5k","Kallisto","EDASeq","Kidney","K32",0.642388878683299
"Mouse","Kinnex",">4.5k","Kallisto","EDASeq","Kidney","K33",0.617976144645118
"Mouse","Kinnex",">4.5k","Kallisto","SMR","B20K80","B20K80_1",0.327348627136313
"Mouse","Kinnex",">4.5k","Kallisto","SMR","B20K80","B20K80_2",0.377877562051416
"Mouse","Kinnex",">4.5k","Kallisto","SMR","B20K80","B20K80_3",0.351356873121623
"Mouse","Kinnex",">4.5k","Kallisto","SMR","Brain","B31",0.517407637138476
"Mouse","Kinnex",">4.5k","Kallisto","SMR","Brain","B32",0.588501903634486
"Mouse","Kinnex",">4.5k","Kallisto","SMR","Brain","B33",0.552022850212692
"Mouse","Kinnex",">4.5k","Kallisto","SMR","Kidney","K31",0.547207434843903
"Mouse","Kinnex",">4.5k","Kallisto","SMR","Kidney","K32",0.635887861520735
"Mouse","Kinnex",">4.5k","Kallisto","SMR","Kidney","K33",0.600955572810118
"Mouse","Kinnex",">4.5k","Kallisto","TPM","B20K80","B20K80_1",0.62816658825396
"Mouse","Kinnex",">4.5k","Kallisto","TPM","B20K80","B20K80_2",0.652828036791771
"Mouse","Kinnex",">4.5k","Kallisto","TPM","B20K80","B20K80_3",0.627582507488357
"Mouse","Kinnex",">4.5k","Kallisto","TPM","Brain","B31",0.673054032087622
"Mouse","Kinnex",">4.5k","Kallisto","TPM","Brain","B32",0.678312725309335
"Mouse","Kinnex",">4.5k","Kallisto","TPM","Brain","B33",0.660188647287609
"Mouse","Kinnex",">4.5k","Kallisto","TPM","Kidney","K31",0.679392438263179
"Mouse","Kinnex",">4.5k","Kallisto","TPM","Kidney","K32",0.721616281153173
"Mouse","Kinnex",">4.5k","Kallisto","TPM","Kidney","K33",0.706410308135638
"Mouse","Kinnex",">4.5k","Oarfish","CPM","B20K80","B20K80_1",0.630800683515204
"Mouse","Kinnex",">4.5k","Oarfish","CPM","B20K80","B20K80_2",0.642850887588516
"Mouse","Kinnex",">4.5k","Oarfish","CPM","B20K80","B20K80_3",0.633760793268923
"Mouse","Kinnex",">4.5k","Oarfish","CPM","Brain","B31",0.620521712110343
"Mouse","Kinnex",">4.5k","Oarfish","CPM","Brain","B32",0.662439692631348
"Mouse","Kinnex",">4.5k","Oarfish","CPM","Brain","B33",0.653335549660793
"Mouse","Kinnex",">4.5k","Oarfish","CPM","Kidney","K31",0.66551270839929
"Mouse","Kinnex",">4.5k","Oarfish","CPM","Kidney","K32",0.709130263699011
"Mouse","Kinnex",">4.5k","Oarfish","CPM","Kidney","K33",0.694331201746625
"Mouse","Kinnex",">4.5k","Oarfish","CQN","B20K80","B20K80_1",0.609817908970928
"Mouse","Kinnex",">4.5k","Oarfish","CQN","B20K80","B20K80_2",0.627108088071019
"Mouse","Kinnex",">4.5k","Oarfish","CQN","B20K80","B20K80_3",0.607500328675141
"Mouse","Kinnex",">4.5k","Oarfish","CQN","Brain","B31",0.598910641449617
"Mouse","Kinnex",">4.5k","Oarfish","CQN","Brain","B32",0.66049009931105
"Mouse","Kinnex",">4.5k","Oarfish","CQN","Brain","B33",0.641456907929381
"Mouse","Kinnex",">4.5k","Oarfish","CQN","Kidney","K31",0.646893038341975
"Mouse","Kinnex",">4.5k","Oarfish","CQN","Kidney","K32",0.701315830687555
"Mouse","Kinnex",">4.5k","Oarfish","CQN","Kidney","K33",0.672214122329256
"Mouse","Kinnex",">4.5k","Oarfish","EDASeq","B20K80","B20K80_1",0.60768607387386
"Mouse","Kinnex",">4.5k","Oarfish","EDASeq","B20K80","B20K80_2",0.626709298468938
"Mouse","Kinnex",">4.5k","Oarfish","EDASeq","B20K80","B20K80_3",0.607635601924795
"Mouse","Kinnex",">4.5k","Oarfish","EDASeq","Brain","B31",0.60551821571006
"Mouse","Kinnex",">4.5k","Oarfish","EDASeq","Brain","B32",0.662084101177178
"Mouse","Kinnex",">4.5k","Oarfish","EDASeq","Brain","B33",0.644086092662701
"Mouse","Kinnex",">4.5k","Oarfish","EDASeq","Kidney","K31",0.635580713422188
"Mouse","Kinnex",">4.5k","Oarfish","EDASeq","Kidney","K32",0.683277407073864
"Mouse","Kinnex",">4.5k","Oarfish","EDASeq","Kidney","K33",0.661789760597176
"Mouse","Kinnex",">4.5k","Oarfish","SMR","B20K80","B20K80_1",0.377099246262956
"Mouse","Kinnex",">4.5k","Oarfish","SMR","B20K80","B20K80_2",0.422371287877184
"Mouse","Kinnex",">4.5k","Oarfish","SMR","B20K80","B20K80_3",0.413285347209519
"Mouse","Kinnex",">4.5k","Oarfish","SMR","Brain","B31",0.5049399172912
"Mouse","Kinnex",">4.5k","Oarfish","SMR","Brain","B32",0.596604030241003
"Mouse","Kinnex",">4.5k","Oarfish","SMR","Brain","B33",0.565548842976513
"Mouse","Kinnex",">4.5k","Oarfish","SMR","Kidney","K31",0.566329975339288
"Mouse","Kinnex",">4.5k","Oarfish","SMR","Kidney","K32",0.658029630281231
"Mouse","Kinnex",">4.5k","Oarfish","SMR","Kidney","K33",0.622576689176663
"Mouse","Kinnex",">4.5k","Oarfish","TPM","B20K80","B20K80_1",0.679144891010386
"Mouse","Kinnex",">4.5k","Oarfish","TPM","B20K80","B20K80_2",0.690564188502598
"Mouse","Kinnex",">4.5k","Oarfish","TPM","B20K80","B20K80_3",0.681551624132489
"Mouse","Kinnex",">4.5k","Oarfish","TPM","Brain","B31",0.674835663125054
"Mouse","Kinnex",">4.5k","Oarfish","TPM","Brain","B32",0.706165825262222
"Mouse","Kinnex",">4.5k","Oarfish","TPM","Brain","B33",0.6968130192844
"Mouse","Kinnex",">4.5k","Oarfish","TPM","Kidney","K31",0.718333654913287
"Mouse","Kinnex",">4.5k","Oarfish","TPM","Kidney","K32",0.753436431753344
"Mouse","Kinnex",">4.5k","Oarfish","TPM","Kidney","K33",0.737597895779682
"Mouse","ONT cDNA","0-1.5k","Bambu","CPM","Brain","B31",0.815218099476353
"Mouse","ONT cDNA","0-1.5k","Bambu","CPM","Brain","B32",0.818610334085006
"Mouse","ONT cDNA","0-1.5k","Bambu","CPM","Brain","B33",0.81287724951028
"Mouse","ONT cDNA","0-1.5k","Bambu","CPM","Brain","B34",0.821585380974436
"Mouse","ONT cDNA","0-1.5k","Bambu","CPM","Brain","B35",0.814766524467355
"Mouse","ONT cDNA","0-1.5k","Bambu","CPM","B20K80","BK20801",0.804060913148395
"Mouse","ONT cDNA","0-1.5k","Bambu","CPM","B20K80","BK20802",0.805039436334647
"Mouse","ONT cDNA","0-1.5k","Bambu","CPM","B20K80","BK20803",0.805596041926897
"Mouse","ONT cDNA","0-1.5k","Bambu","CPM","B20K80","BK20804",0.789863310892224
"Mouse","ONT cDNA","0-1.5k","Bambu","CPM","B20K80","BK20805",0.795399404193534
"Mouse","ONT cDNA","0-1.5k","Bambu","CPM","B80K20","BK80201",0.788509522206051
"Mouse","ONT cDNA","0-1.5k","Bambu","CPM","B80K20","BK80202",0.788371379453217
"Mouse","ONT cDNA","0-1.5k","Bambu","CPM","B80K20","BK80203",0.781025534403803
"Mouse","ONT cDNA","0-1.5k","Bambu","CPM","B80K20","BK80204",0.789199325754354
"Mouse","ONT cDNA","0-1.5k","Bambu","CPM","B80K20","BK80205",0.777538012331515
"Mouse","ONT cDNA","0-1.5k","Bambu","CPM","Kidney","K31",0.830884068730291
"Mouse","ONT cDNA","0-1.5k","Bambu","CPM","Kidney","K32",0.836055111942251
"Mouse","ONT cDNA","0-1.5k","Bambu","CPM","Kidney","K33",0.837670067745275
"Mouse","ONT cDNA","0-1.5k","Bambu","CPM","Kidney","K34",0.837362821428062
"Mouse","ONT cDNA","0-1.5k","Bambu","CPM","Kidney","K35",0.836401122324915
"Mouse","ONT cDNA","0-1.5k","Bambu","CQN","Brain","B31",0.827968904722031
"Mouse","ONT cDNA","0-1.5k","Bambu","CQN","Brain","B32",0.833341129898445
"Mouse","ONT cDNA","0-1.5k","Bambu","CQN","Brain","B33",0.829156223825457
"Mouse","ONT cDNA","0-1.5k","Bambu","CQN","Brain","B34",0.834584810233558
"Mouse","ONT cDNA","0-1.5k","Bambu","CQN","Brain","B35",0.835843016565249
"Mouse","ONT cDNA","0-1.5k","Bambu","CQN","B20K80","BK20801",0.830257965990911
"Mouse","ONT cDNA","0-1.5k","Bambu","CQN","B20K80","BK20802",0.83133138986649
"Mouse","ONT cDNA","0-1.5k","Bambu","CQN","B20K80","BK20803",0.833494585511964
"Mouse","ONT cDNA","0-1.5k","Bambu","CQN","B20K80","BK20804",0.813952352781588
"Mouse","ONT cDNA","0-1.5k","Bambu","CQN","B20K80","BK20805",0.814269208815623
"Mouse","ONT cDNA","0-1.5k","Bambu","CQN","B80K20","BK80201",0.807893242692195
"Mouse","ONT cDNA","0-1.5k","Bambu","CQN","B80K20","BK80202",0.809325810954073
"Mouse","ONT cDNA","0-1.5k","Bambu","CQN","B80K20","BK80203",0.803505487673891
"Mouse","ONT cDNA","0-1.5k","Bambu","CQN","B80K20","BK80204",0.811229909432474
"Mouse","ONT cDNA","0-1.5k","Bambu","CQN","B80K20","BK80205",0.798193948743215
"Mouse","ONT cDNA","0-1.5k","Bambu","CQN","Kidney","K31",0.844925718598135
"Mouse","ONT cDNA","0-1.5k","Bambu","CQN","Kidney","K32",0.850417945308668
"Mouse","ONT cDNA","0-1.5k","Bambu","CQN","Kidney","K33",0.851780371597759
"Mouse","ONT cDNA","0-1.5k","Bambu","CQN","Kidney","K34",0.84785756521898
"Mouse","ONT cDNA","0-1.5k","Bambu","CQN","Kidney","K35",0.83885462324834
"Mouse","ONT cDNA","0-1.5k","Bambu","EDASeq","Brain","B31",0.822392273883234
"Mouse","ONT cDNA","0-1.5k","Bambu","EDASeq","Brain","B32",0.824030334817964
"Mouse","ONT cDNA","0-1.5k","Bambu","EDASeq","Brain","B33",0.8199143696859
"Mouse","ONT cDNA","0-1.5k","Bambu","EDASeq","Brain","B34",0.828762529360291
"Mouse","ONT cDNA","0-1.5k","Bambu","EDASeq","Brain","B35",0.821453635396438
"Mouse","ONT cDNA","0-1.5k","Bambu","EDASeq","B20K80","BK20801",0.81496009090909
"Mouse","ONT cDNA","0-1.5k","Bambu","EDASeq","B20K80","BK20802",0.814445189111558
"Mouse","ONT cDNA","0-1.5k","Bambu","EDASeq","B20K80","BK20803",0.814482921985011
"Mouse","ONT cDNA","0-1.5k","Bambu","EDASeq","B20K80","BK20804",0.799680878979101
"Mouse","ONT cDNA","0-1.5k","Bambu","EDASeq","B20K80","BK20805",0.805009998675536
"Mouse","ONT cDNA","0-1.5k","Bambu","EDASeq","B80K20","BK80201",0.797447216465144
"Mouse","ONT cDNA","0-1.5k","Bambu","EDASeq","B80K20","BK80202",0.794889676326569
"Mouse","ONT cDNA","0-1.5k","Bambu","EDASeq","B80K20","BK80203",0.788518940342948
"Mouse","ONT cDNA","0-1.5k","Bambu","EDASeq","B80K20","BK80204",0.799132838169914
"Mouse","ONT cDNA","0-1.5k","Bambu","EDASeq","B80K20","BK80205",0.78617869832240606
"Mouse","ONT cDNA","0-1.5k","Bambu","EDASeq","Kidney","K31",0.837099014570612
"Mouse","ONT cDNA","0-1.5k","Bambu","EDASeq","Kidney","K32",0.842379344242618
"Mouse","ONT cDNA","0-1.5k","Bambu","EDASeq","Kidney","K33",0.843021678442279
"Mouse","ONT cDNA","0-1.5k","Bambu","EDASeq","Kidney","K34",0.840283506581483
"Mouse","ONT cDNA","0-1.5k","Bambu","EDASeq","Kidney","K35",0.839969407629882
"Mouse","ONT cDNA","0-1.5k","Bambu","SMR","Brain","B31",0.755747573918655
"Mouse","ONT cDNA","0-1.5k","Bambu","SMR","Brain","B32",0.784793122728947
"Mouse","ONT cDNA","0-1.5k","Bambu","SMR","Brain","B33",0.744423984102284
"Mouse","ONT cDNA","0-1.5k","Bambu","SMR","Brain","B34",0.739192970755246
"Mouse","ONT cDNA","0-1.5k","Bambu","SMR","Brain","B35",0.727357327648467
"Mouse","ONT cDNA","0-1.5k","Bambu","SMR","B20K80","BK20801",0.629802027992787
"Mouse","ONT cDNA","0-1.5k","Bambu","SMR","B20K80","BK20802",0.690040418644433
"Mouse","ONT cDNA","0-1.5k","Bambu","SMR","B20K80","BK20803",0.674646063676801
"Mouse","ONT cDNA","0-1.5k","Bambu","SMR","B20K80","BK20804",0.664766314430147
"Mouse","ONT cDNA","0-1.5k","Bambu","SMR","B20K80","BK20805",0.686319130492283
"Mouse","ONT cDNA","0-1.5k","Bambu","SMR","B80K20","BK80201",0.641891773855437
"Mouse","ONT cDNA","0-1.5k","Bambu","SMR","B80K20","BK80202",0.634267256720418
"Mouse","ONT cDNA","0-1.5k","Bambu","SMR","B80K20","BK80203",0.556988164262921
"Mouse","ONT cDNA","0-1.5k","Bambu","SMR","B80K20","BK80204",0.565459112796086
"Mouse","ONT cDNA","0-1.5k","Bambu","SMR","B80K20","BK80205",0.571895986082972
"Mouse","ONT cDNA","0-1.5k","Bambu","SMR","Kidney","K31",0.74415134946817
"Mouse","ONT cDNA","0-1.5k","Bambu","SMR","Kidney","K32",0.782500309222302
"Mouse","ONT cDNA","0-1.5k","Bambu","SMR","Kidney","K33",0.74840078389587394
"Mouse","ONT cDNA","0-1.5k","Bambu","SMR","Kidney","K34",0.72931245559701
"Mouse","ONT cDNA","0-1.5k","Bambu","SMR","Kidney","K35",0.72735403691927
"Mouse","ONT cDNA","0-1.5k","Bambu","TPM","Brain","B31",0.783126143970352
"Mouse","ONT cDNA","0-1.5k","Bambu","TPM","Brain","B32",0.784838169486087
"Mouse","ONT cDNA","0-1.5k","Bambu","TPM","Brain","B33",0.78044918414384
"Mouse","ONT cDNA","0-1.5k","Bambu","TPM","Brain","B34",0.788405558002384
"Mouse","ONT cDNA","0-1.5k","Bambu","TPM","Brain","B35",0.782899096271102
"Mouse","ONT cDNA","0-1.5k","Bambu","TPM","B20K80","BK20801",0.768278657898966
"Mouse","ONT cDNA","0-1.5k","Bambu","TPM","B20K80","BK20802",0.766328928149888
"Mouse","ONT cDNA","0-1.5k","Bambu","TPM","B20K80","BK20803",0.772118819857946
"Mouse","ONT cDNA","0-1.5k","Bambu","TPM","B20K80","BK20804",0.757254000867271
"Mouse","ONT cDNA","0-1.5k","Bambu","TPM","B20K80","BK20805",0.764052518917624
"Mouse","ONT cDNA","0-1.5k","Bambu","TPM","B80K20","BK80201",0.749747748519137
"Mouse","ONT cDNA","0-1.5k","Bambu","TPM","B80K20","BK80202",0.747946440390763
"Mouse","ONT cDNA","0-1.5k","Bambu","TPM","B80K20","BK80203",0.745580317519566
"Mouse","ONT cDNA","0-1.5k","Bambu","TPM","B80K20","BK80204",0.75136560608501
"Mouse","ONT cDNA","0-1.5k","Bambu","TPM","B80K20","BK80205",0.742542437307437
"Mouse","ONT cDNA","0-1.5k","Bambu","TPM","Kidney","K31",0.80193684906002
"Mouse","ONT cDNA","0-1.5k","Bambu","TPM","Kidney","K32",0.804474664099992
"Mouse","ONT cDNA","0-1.5k","Bambu","TPM","Kidney","K33",0.808523194377794
"Mouse","ONT cDNA","0-1.5k","Bambu","TPM","Kidney","K34",0.811830688175896
"Mouse","ONT cDNA","0-1.5k","Bambu","TPM","Kidney","K35",0.811748688744427
"Mouse","ONT cDNA","0-1.5k","FLAIR","CPM","Brain","B31",0.76411703588611
"Mouse","ONT cDNA","0-1.5k","FLAIR","CPM","Brain","B32",0.770844730287752
"Mouse","ONT cDNA","0-1.5k","FLAIR","CPM","Brain","B33",0.769284186238034
"Mouse","ONT cDNA","0-1.5k","FLAIR","CPM","Brain","B34",0.766150712482921
"Mouse","ONT cDNA","0-1.5k","FLAIR","CPM","Brain","B35",0.77103043942046
"Mouse","ONT cDNA","0-1.5k","FLAIR","CPM","B20K80","BK20801",0.761520247163794
"Mouse","ONT cDNA","0-1.5k","FLAIR","CPM","B20K80","BK20802",0.768089775897854
"Mouse","ONT cDNA","0-1.5k","FLAIR","CPM","B20K80","BK20803",0.766695214104152
"Mouse","ONT cDNA","0-1.5k","FLAIR","CPM","B20K80","BK20804",0.752288210764637
"Mouse","ONT cDNA","0-1.5k","FLAIR","CPM","B20K80","BK20805",0.75394662171582
"Mouse","ONT cDNA","0-1.5k","FLAIR","CPM","B80K20","BK80201",0.753223223220209
"Mouse","ONT cDNA","0-1.5k","FLAIR","CPM","B80K20","BK80202",0.753632656974982
"Mouse","ONT cDNA","0-1.5k","FLAIR","CPM","B80K20","BK80203",0.759746219830973
"Mouse","ONT cDNA","0-1.5k","FLAIR","CPM","B80K20","BK80204",0.753205406296854
"Mouse","ONT cDNA","0-1.5k","FLAIR","CPM","B80K20","BK80205",0.746560750674015
"Mouse","ONT cDNA","0-1.5k","FLAIR","CPM","Kidney","K31",0.794968149754253
"Mouse","ONT cDNA","0-1.5k","FLAIR","CPM","Kidney","K32",0.804285483509328
"Mouse","ONT cDNA","0-1.5k","FLAIR","CPM","Kidney","K33",0.797701480689146
"Mouse","ONT cDNA","0-1.5k","FLAIR","CPM","Kidney","K34",0.809013108763167
"Mouse","ONT cDNA","0-1.5k","FLAIR","CPM","Kidney","K35",0.803883922192832
"Mouse","ONT cDNA","0-1.5k","FLAIR","CQN","Brain","B31",0.780873322786982
"Mouse","ONT cDNA","0-1.5k","FLAIR","CQN","Brain","B32",0.781766307015365
"Mouse","ONT cDNA","0-1.5k","FLAIR","CQN","Brain","B33",0.782909884555112
"Mouse","ONT cDNA","0-1.5k","FLAIR","CQN","Brain","B34",0.782995292550252
"Mouse","ONT cDNA","0-1.5k","FLAIR","CQN","Brain","B35",0.790345162791934
"Mouse","ONT cDNA","0-1.5k","FLAIR","CQN","B20K80","BK20801",0.776191935633535
"Mouse","ONT cDNA","0-1.5k","FLAIR","CQN","B20K80","BK20802",0.774976888074529
"Mouse","ONT cDNA","0-1.5k","FLAIR","CQN","B20K80","BK20803",0.779754173520168
"Mouse","ONT cDNA","0-1.5k","FLAIR","CQN","B20K80","BK20804",0.769647573485211
"Mouse","ONT cDNA","0-1.5k","FLAIR","CQN","B20K80","BK20805",0.774449771544056
"Mouse","ONT cDNA","0-1.5k","FLAIR","CQN","B80K20","BK80201",0.759544906943391
"Mouse","ONT cDNA","0-1.5k","FLAIR","CQN","B80K20","BK80202",0.754558686948362
"Mouse","ONT cDNA","0-1.5k","FLAIR","CQN","B80K20","BK80203",0.764414611954995
"Mouse","ONT cDNA","0-1.5k","FLAIR","CQN","B80K20","BK80204",0.76311850916825
"Mouse","ONT cDNA","0-1.5k","FLAIR","CQN","B80K20","BK80205",0.760204971807851
"Mouse","ONT cDNA","0-1.5k","FLAIR","CQN","Kidney","K31",0.810482971818196
"Mouse","ONT cDNA","0-1.5k","FLAIR","CQN","Kidney","K32",0.810480026286103
"Mouse","ONT cDNA","0-1.5k","FLAIR","CQN","Kidney","K33",0.807300096467566
"Mouse","ONT cDNA","0-1.5k","FLAIR","CQN","Kidney","K34",0.813849717278979
"Mouse","ONT cDNA","0-1.5k","FLAIR","CQN","Kidney","K35",0.81663038795087906
"Mouse","ONT cDNA","0-1.5k","FLAIR","EDASeq","Brain","B31",0.763163981585842
"Mouse","ONT cDNA","0-1.5k","FLAIR","EDASeq","Brain","B32",0.764640519730132
"Mouse","ONT cDNA","0-1.5k","FLAIR","EDASeq","Brain","B33",0.765184391508706
"Mouse","ONT cDNA","0-1.5k","FLAIR","EDASeq","Brain","B34",0.764475472051941
"Mouse","ONT cDNA","0-1.5k","FLAIR","EDASeq","Brain","B35",0.767751881831569
"Mouse","ONT cDNA","0-1.5k","FLAIR","EDASeq","B20K80","BK20801",0.760855220700426
"Mouse","ONT cDNA","0-1.5k","FLAIR","EDASeq","B20K80","BK20802",0.758253066869575
"Mouse","ONT cDNA","0-1.5k","FLAIR","EDASeq","B20K80","BK20803",0.763395906943388
"Mouse","ONT cDNA","0-1.5k","FLAIR","EDASeq","B20K80","BK20804",0.748651776036106
"Mouse","ONT cDNA","0-1.5k","FLAIR","EDASeq","B20K80","BK20805",0.754298156071347
"Mouse","ONT cDNA","0-1.5k","FLAIR","EDASeq","B80K20","BK80201",0.751764253647726
"Mouse","ONT cDNA","0-1.5k","FLAIR","EDASeq","B80K20","BK80202",0.747607966240886
"Mouse","ONT cDNA","0-1.5k","FLAIR","EDASeq","B80K20","BK80203",0.755106265560712
"Mouse","ONT cDNA","0-1.5k","FLAIR","EDASeq","B80K20","BK80204",0.752762176471665
"Mouse","ONT cDNA","0-1.5k","FLAIR","EDASeq","B80K20","BK80205",0.747560187191851
"Mouse","ONT cDNA","0-1.5k","FLAIR","EDASeq","Kidney","K31",0.791987846775538
"Mouse","ONT cDNA","0-1.5k","FLAIR","EDASeq","Kidney","K32",0.792391451476509
"Mouse","ONT cDNA","0-1.5k","FLAIR","EDASeq","Kidney","K33",0.791148371668719
"Mouse","ONT cDNA","0-1.5k","FLAIR","EDASeq","Kidney","K34",0.799946637495333
"Mouse","ONT cDNA","0-1.5k","FLAIR","EDASeq","Kidney","K35",0.801115477694896
"Mouse","ONT cDNA","0-1.5k","FLAIR","SMR","Brain","B31",0.648600603380067
"Mouse","ONT cDNA","0-1.5k","FLAIR","SMR","Brain","B32",0.680702083362786
"Mouse","ONT cDNA","0-1.5k","FLAIR","SMR","Brain","B33",0.654596300276842
"Mouse","ONT cDNA","0-1.5k","FLAIR","SMR","Brain","B34",0.617009450238838
"Mouse","ONT cDNA","0-1.5k","FLAIR","SMR","Brain","B35",0.640811718359201
"Mouse","ONT cDNA","0-1.5k","FLAIR","SMR","B20K80","BK20801",0.516852803263513
"Mouse","ONT cDNA","0-1.5k","FLAIR","SMR","B20K80","BK20802",0.600856023268349
"Mouse","ONT cDNA","0-1.5k","FLAIR","SMR","B20K80","BK20803",0.579280313652479
"Mouse","ONT cDNA","0-1.5k","FLAIR","SMR","B20K80","BK20804",0.575440356550396
"Mouse","ONT cDNA","0-1.5k","FLAIR","SMR","B20K80","BK20805",0.586361141747982
"Mouse","ONT cDNA","0-1.5k","FLAIR","SMR","B80K20","BK80201",0.560091095389866
"Mouse","ONT cDNA","0-1.5k","FLAIR","SMR","B80K20","BK80202",0.548165594674293
"Mouse","ONT cDNA","0-1.5k","FLAIR","SMR","B80K20","BK80203",0.509295410057899
"Mouse","ONT cDNA","0-1.5k","FLAIR","SMR","B80K20","BK80204",0.467750256056675
"Mouse","ONT cDNA","0-1.5k","FLAIR","SMR","B80K20","BK80205",0.493804073321479
"Mouse","ONT cDNA","0-1.5k","FLAIR","SMR","Kidney","K31",0.658445028152924
"Mouse","ONT cDNA","0-1.5k","FLAIR","SMR","Kidney","K32",0.712226545464563
"Mouse","ONT cDNA","0-1.5k","FLAIR","SMR","Kidney","K33",0.650051939832868
"Mouse","ONT cDNA","0-1.5k","FLAIR","SMR","Kidney","K34",0.661165023576367
"Mouse","ONT cDNA","0-1.5k","FLAIR","SMR","Kidney","K35",0.656796141564892
"Mouse","ONT cDNA","0-1.5k","FLAIR","TPM","Brain","B31",0.723515597375551
"Mouse","ONT cDNA","0-1.5k","FLAIR","TPM","Brain","B32",0.729308331400529
"Mouse","ONT cDNA","0-1.5k","FLAIR","TPM","Brain","B33",0.727694951645343
"Mouse","ONT cDNA","0-1.5k","FLAIR","TPM","Brain","B34",0.723627519684659
"Mouse","ONT cDNA","0-1.5k","FLAIR","TPM","Brain","B35",0.730176864038407
"Mouse","ONT cDNA","0-1.5k","FLAIR","TPM","B20K80","BK20801",0.71509655106301
"Mouse","ONT cDNA","0-1.5k","FLAIR","TPM","B20K80","BK20802",0.720725551144084
"Mouse","ONT cDNA","0-1.5k","FLAIR","TPM","B20K80","BK20803",0.722902572934127
"Mouse","ONT cDNA","0-1.5k","FLAIR","TPM","B20K80","BK20804",0.70844330537459
"Mouse","ONT cDNA","0-1.5k","FLAIR","TPM","B20K80","BK20805",0.711262601985484
"Mouse","ONT cDNA","0-1.5k","FLAIR","TPM","B80K20","BK80201",0.706538680504807
"Mouse","ONT cDNA","0-1.5k","FLAIR","TPM","B80K20","BK80202",0.705514142113325
"Mouse","ONT cDNA","0-1.5k","FLAIR","TPM","B80K20","BK80203",0.715103181053936
"Mouse","ONT cDNA","0-1.5k","FLAIR","TPM","B80K20","BK80204",0.706041570882372
"Mouse","ONT cDNA","0-1.5k","FLAIR","TPM","B80K20","BK80205",0.701393239570427
"Mouse","ONT cDNA","0-1.5k","FLAIR","TPM","Kidney","K31",0.755610564035644
"Mouse","ONT cDNA","0-1.5k","FLAIR","TPM","Kidney","K32",0.762633124595593
"Mouse","ONT cDNA","0-1.5k","FLAIR","TPM","Kidney","K33",0.757561831637577
"Mouse","ONT cDNA","0-1.5k","FLAIR","TPM","Kidney","K34",0.774109920916492
"Mouse","ONT cDNA","0-1.5k","FLAIR","TPM","Kidney","K35",0.769010101554432
"Mouse","ONT cDNA","0-1.5k","IsoQuant","CPM","Brain","B31",0.766053857990237
"Mouse","ONT cDNA","0-1.5k","IsoQuant","CPM","Brain","B32",0.773941992877415
"Mouse","ONT cDNA","0-1.5k","IsoQuant","CPM","Brain","B33",0.774251513477524
"Mouse","ONT cDNA","0-1.5k","IsoQuant","CPM","Brain","B34",0.77343476127082
"Mouse","ONT cDNA","0-1.5k","IsoQuant","CPM","Brain","B35",0.771043103889148
"Mouse","ONT cDNA","0-1.5k","IsoQuant","CPM","B20K80","BK20801",0.746167784331834
"Mouse","ONT cDNA","0-1.5k","IsoQuant","CPM","B20K80","BK20802",0.745446277216203
"Mouse","ONT cDNA","0-1.5k","IsoQuant","CPM","B20K80","BK20803",0.746323162495483
"Mouse","ONT cDNA","0-1.5k","IsoQuant","CPM","B20K80","BK20804",0.730945402308371
"Mouse","ONT cDNA","0-1.5k","IsoQuant","CPM","B20K80","BK20805",0.735867785714983
"Mouse","ONT cDNA","0-1.5k","IsoQuant","CPM","B80K20","BK80201",0.72781118136666
"Mouse","ONT cDNA","0-1.5k","IsoQuant","CPM","B80K20","BK80202",0.734626646473192
"Mouse","ONT cDNA","0-1.5k","IsoQuant","CPM","B80K20","BK80203",0.72368067598476
"Mouse","ONT cDNA","0-1.5k","IsoQuant","CPM","B80K20","BK80204",0.725899764665147
"Mouse","ONT cDNA","0-1.5k","IsoQuant","CPM","B80K20","BK80205",0.725200886132286
"Mouse","ONT cDNA","0-1.5k","IsoQuant","CPM","Kidney","K31",0.804570539889419
"Mouse","ONT cDNA","0-1.5k","IsoQuant","CPM","Kidney","K32",0.810042790267507
"Mouse","ONT cDNA","0-1.5k","IsoQuant","CPM","Kidney","K33",0.808884603511362
"Mouse","ONT cDNA","0-1.5k","IsoQuant","CPM","Kidney","K34",0.812712180029207
"Mouse","ONT cDNA","0-1.5k","IsoQuant","CPM","Kidney","K35",0.813388572497871
"Mouse","ONT cDNA","0-1.5k","IsoQuant","CQN","Brain","B31",0.76357263376771
"Mouse","ONT cDNA","0-1.5k","IsoQuant","CQN","Brain","B32",0.770567908391585
"Mouse","ONT cDNA","0-1.5k","IsoQuant","CQN","Brain","B33",0.773721769071368
"Mouse","ONT cDNA","0-1.5k","IsoQuant","CQN","Brain","B34",0.77185382353208
"Mouse","ONT cDNA","0-1.5k","IsoQuant","CQN","Brain","B35",0.777510154083338
"Mouse","ONT cDNA","0-1.5k","IsoQuant","CQN","B20K80","BK20801",0.748487669039098
"Mouse","ONT cDNA","0-1.5k","IsoQuant","CQN","B20K80","BK20802",0.73866148312049
"Mouse","ONT cDNA","0-1.5k","IsoQuant","CQN","B20K80","BK20803",0.746640754438927
"Mouse","ONT cDNA","0-1.5k","IsoQuant","CQN","B20K80","BK20804",0.729820392718746
"Mouse","ONT cDNA","0-1.5k","IsoQuant","CQN","B20K80","BK20805",0.736232257960175
"Mouse","ONT cDNA","0-1.5k","IsoQuant","CQN","B80K20","BK80201",0.726157209856914
"Mouse","ONT cDNA","0-1.5k","IsoQuant","CQN","B80K20","BK80202",0.727149533029444
"Mouse","ONT cDNA","0-1.5k","IsoQuant","CQN","B80K20","BK80203",0.721247273862242
"Mouse","ONT cDNA","0-1.5k","IsoQuant","CQN","B80K20","BK80204",0.723846986289544
"Mouse","ONT cDNA","0-1.5k","IsoQuant","CQN","B80K20","BK80205",0.724368206774398
"Mouse","ONT cDNA","0-1.5k","IsoQuant","CQN","Kidney","K31",0.801510709415326
"Mouse","ONT cDNA","0-1.5k","IsoQuant","CQN","Kidney","K32",0.800881116437191
"Mouse","ONT cDNA","0-1.5k","IsoQuant","CQN","Kidney","K33",0.80017940944917
"Mouse","ONT cDNA","0-1.5k","IsoQuant","CQN","Kidney","K34",0.800796036358668
"Mouse","ONT cDNA","0-1.5k","IsoQuant","CQN","Kidney","K35",0.801781467220827
"Mouse","ONT cDNA","0-1.5k","IsoQuant","EDASeq","Brain","B31",0.777508275474809
"Mouse","ONT cDNA","0-1.5k","IsoQuant","EDASeq","Brain","B32",0.781177984845987
"Mouse","ONT cDNA","0-1.5k","IsoQuant","EDASeq","Brain","B33",0.783446400473684
"Mouse","ONT cDNA","0-1.5k","IsoQuant","EDASeq","Brain","B34",0.785007104648571
"Mouse","ONT cDNA","0-1.5k","IsoQuant","EDASeq","Brain","B35",0.781163585409883
"Mouse","ONT cDNA","0-1.5k","IsoQuant","EDASeq","B20K80","BK20801",0.761870875550153
"Mouse","ONT cDNA","0-1.5k","IsoQuant","EDASeq","B20K80","BK20802",0.754560425638707
"Mouse","ONT cDNA","0-1.5k","IsoQuant","EDASeq","B20K80","BK20803",0.75930125157255
"Mouse","ONT cDNA","0-1.5k","IsoQuant","EDASeq","B20K80","BK20804",0.743387100624445
"Mouse","ONT cDNA","0-1.5k","IsoQuant","EDASeq","B20K80","BK20805",0.75062861842623
"Mouse","ONT cDNA","0-1.5k","IsoQuant","EDASeq","B80K20","BK80201",0.737580179231086
"Mouse","ONT cDNA","0-1.5k","IsoQuant","EDASeq","B80K20","BK80202",0.739667581646249
"Mouse","ONT cDNA","0-1.5k","IsoQuant","EDASeq","B80K20","BK80203",0.731049336460894
"Mouse","ONT cDNA","0-1.5k","IsoQuant","EDASeq","B80K20","BK80204",0.736589995851753
"Mouse","ONT cDNA","0-1.5k","IsoQuant","EDASeq","B80K20","BK80205",0.736878449853148
"Mouse","ONT cDNA","0-1.5k","IsoQuant","EDASeq","Kidney","K31",0.816798415856768
"Mouse","ONT cDNA","0-1.5k","IsoQuant","EDASeq","Kidney","K32",0.816781048768672
"Mouse","ONT cDNA","0-1.5k","IsoQuant","EDASeq","Kidney","K33",0.817945402535434
"Mouse","ONT cDNA","0-1.5k","IsoQuant","EDASeq","Kidney","K34",0.816288716323002
"Mouse","ONT cDNA","0-1.5k","IsoQuant","EDASeq","Kidney","K35",0.821862942667321
"Mouse","ONT cDNA","0-1.5k","IsoQuant","SMR","Brain","B31",0.691098466898864
"Mouse","ONT cDNA","0-1.5k","IsoQuant","SMR","Brain","B32",0.740984825928858
"Mouse","ONT cDNA","0-1.5k","IsoQuant","SMR","Brain","B33",0.703233442294174
"Mouse","ONT cDNA","0-1.5k","IsoQuant","SMR","Brain","B34",0.679983688075096
"Mouse","ONT cDNA","0-1.5k","IsoQuant","SMR","Brain","B35",0.676653176982766
"Mouse","ONT cDNA","0-1.5k","IsoQuant","SMR","B20K80","BK20801",0.537622040740135
"Mouse","ONT cDNA","0-1.5k","IsoQuant","SMR","B20K80","BK20802",0.589833222917209
"Mouse","ONT cDNA","0-1.5k","IsoQuant","SMR","B20K80","BK20803",0.56872066014577
"Mouse","ONT cDNA","0-1.5k","IsoQuant","SMR","B20K80","BK20804",0.580559540376236
"Mouse","ONT cDNA","0-1.5k","IsoQuant","SMR","B20K80","BK20805",0.594748382594485
"Mouse","ONT cDNA","0-1.5k","IsoQuant","SMR","B80K20","BK80201",0.537169320863002
"Mouse","ONT cDNA","0-1.5k","IsoQuant","SMR","B80K20","BK80202",0.542500941453369
"Mouse","ONT cDNA","0-1.5k","IsoQuant","SMR","B80K20","BK80203",0.448579827264538
"Mouse","ONT cDNA","0-1.5k","IsoQuant","SMR","B80K20","BK80204",0.435213751010834
"Mouse","ONT cDNA","0-1.5k","IsoQuant","SMR","B80K20","BK80205",0.48195351638594
"Mouse","ONT cDNA","0-1.5k","IsoQuant","SMR","Kidney","K31",0.665173934971989
"Mouse","ONT cDNA","0-1.5k","IsoQuant","SMR","Kidney","K32",0.713412873266739
"Mouse","ONT cDNA","0-1.5k","IsoQuant","SMR","Kidney","K33",0.679948015270092
"Mouse","ONT cDNA","0-1.5k","IsoQuant","SMR","Kidney","K34",0.663405986567577
"Mouse","ONT cDNA","0-1.5k","IsoQuant","SMR","Kidney","K35",0.663464665774375
"Mouse","ONT cDNA","0-1.5k","IsoQuant","TPM","Brain","B31",0.728464211426302
"Mouse","ONT cDNA","0-1.5k","IsoQuant","TPM","Brain","B32",0.733414758733079
"Mouse","ONT cDNA","0-1.5k","IsoQuant","TPM","Brain","B33",0.735000547729737
"Mouse","ONT cDNA","0-1.5k","IsoQuant","TPM","Brain","B34",0.733768844224321
"Mouse","ONT cDNA","0-1.5k","IsoQuant","TPM","Brain","B35",0.731292839052257
"Mouse","ONT cDNA","0-1.5k","IsoQuant","TPM","B20K80","BK20801",0.703726602190352
"Mouse","ONT cDNA","0-1.5k","IsoQuant","TPM","B20K80","BK20802",0.701449430264508
"Mouse","ONT cDNA","0-1.5k","IsoQuant","TPM","B20K80","BK20803",0.705000355963275
"Mouse","ONT cDNA","0-1.5k","IsoQuant","TPM","B20K80","BK20804",0.692036675711346
"Mouse","ONT cDNA","0-1.5k","IsoQuant","TPM","B20K80","BK20805",0.6982949839458
"Mouse","ONT cDNA","0-1.5k","IsoQuant","TPM","B80K20","BK80201",0.683919386841239
"Mouse","ONT cDNA","0-1.5k","IsoQuant","TPM","B80K20","BK80202",0.687768796349907
"Mouse","ONT cDNA","0-1.5k","IsoQuant","TPM","B80K20","BK80203",0.681000894268449
"Mouse","ONT cDNA","0-1.5k","IsoQuant","TPM","B80K20","BK80204",0.682530929925536
"Mouse","ONT cDNA","0-1.5k","IsoQuant","TPM","B80K20","BK80205",0.68358130923543
"Mouse","ONT cDNA","0-1.5k","IsoQuant","TPM","Kidney","K31",0.767715409326584
"Mouse","ONT cDNA","0-1.5k","IsoQuant","TPM","Kidney","K32",0.771770502920435
"Mouse","ONT cDNA","0-1.5k","IsoQuant","TPM","Kidney","K33",0.771620227920982
"Mouse","ONT cDNA","0-1.5k","IsoQuant","TPM","Kidney","K34",0.780144875848905
"Mouse","ONT cDNA","0-1.5k","IsoQuant","TPM","Kidney","K35",0.779301556238021
"Mouse","ONT cDNA","0-1.5k","Kallisto","CPM","Brain","B31",0.811171930872076
"Mouse","ONT cDNA","0-1.5k","Kallisto","CPM","Brain","B32",0.810541361093506
"Mouse","ONT cDNA","0-1.5k","Kallisto","CPM","Brain","B33",0.813102399620995
"Mouse","ONT cDNA","0-1.5k","Kallisto","CPM","Brain","B34",0.810551868913449
"Mouse","ONT cDNA","0-1.5k","Kallisto","CPM","Brain","B35",0.812919881966293
"Mouse","ONT cDNA","0-1.5k","Kallisto","CPM","B20K80","BK20801",0.795526582680291
"Mouse","ONT cDNA","0-1.5k","Kallisto","CPM","B20K80","BK20802",0.79481254172569
"Mouse","ONT cDNA","0-1.5k","Kallisto","CPM","B20K80","BK20803",0.798425528789342
"Mouse","ONT cDNA","0-1.5k","Kallisto","CPM","B20K80","BK20804",0.784488040092864
"Mouse","ONT cDNA","0-1.5k","Kallisto","CPM","B20K80","BK20805",0.789357404353637
"Mouse","ONT cDNA","0-1.5k","Kallisto","CPM","B80K20","BK80201",0.789890254400947
"Mouse","ONT cDNA","0-1.5k","Kallisto","CPM","B80K20","BK80202",0.783977001603016
"Mouse","ONT cDNA","0-1.5k","Kallisto","CPM","B80K20","BK80203",0.784847578340059
"Mouse","ONT cDNA","0-1.5k","Kallisto","CPM","B80K20","BK80204",0.788669233965923
"Mouse","ONT cDNA","0-1.5k","Kallisto","CPM","B80K20","BK80205",0.777583822742725
"Mouse","ONT cDNA","0-1.5k","Kallisto","CPM","Kidney","K31",0.82291479867977
"Mouse","ONT cDNA","0-1.5k","Kallisto","CPM","Kidney","K32",0.831285854269649
"Mouse","ONT cDNA","0-1.5k","Kallisto","CPM","Kidney","K33",0.827171256964361
"Mouse","ONT cDNA","0-1.5k","Kallisto","CPM","Kidney","K34",0.829908134308051
"Mouse","ONT cDNA","0-1.5k","Kallisto","CPM","Kidney","K35",0.832491405347066
"Mouse","ONT cDNA","0-1.5k","Kallisto","CQN","Brain","B31",0.829607842170749
"Mouse","ONT cDNA","0-1.5k","Kallisto","CQN","Brain","B32",0.832232423256757
"Mouse","ONT cDNA","0-1.5k","Kallisto","CQN","Brain","B33",0.831965163714944
"Mouse","ONT cDNA","0-1.5k","Kallisto","CQN","Brain","B34",0.826887347067358
"Mouse","ONT cDNA","0-1.5k","Kallisto","CQN","Brain","B35",0.834967290901919
"Mouse","ONT cDNA","0-1.5k","Kallisto","CQN","B20K80","BK20801",0.816287210665233
"Mouse","ONT cDNA","0-1.5k","Kallisto","CQN","B20K80","BK20802",0.821911360367926
"Mouse","ONT cDNA","0-1.5k","Kallisto","CQN","B20K80","BK20803",0.816208771654181
"Mouse","ONT cDNA","0-1.5k","Kallisto","CQN","B20K80","BK20804",0.811807369780127
"Mouse","ONT cDNA","0-1.5k","Kallisto","CQN","B20K80","BK20805",0.804254704201562
"Mouse","ONT cDNA","0-1.5k","Kallisto","CQN","B80K20","BK80201",0.815353211475936
"Mouse","ONT cDNA","0-1.5k","Kallisto","CQN","B80K20","BK80202",0.810113491347268
"Mouse","ONT cDNA","0-1.5k","Kallisto","CQN","B80K20","BK80203",0.808476650205396
"Mouse","ONT cDNA","0-1.5k","Kallisto","CQN","B80K20","BK80204",0.81121613133534
"Mouse","ONT cDNA","0-1.5k","Kallisto","CQN","B80K20","BK80205",0.800008155351281
"Mouse","ONT cDNA","0-1.5k","Kallisto","CQN","Kidney","K31",0.83328631034726
"Mouse","ONT cDNA","0-1.5k","Kallisto","CQN","Kidney","K32",0.850400025923457
"Mouse","ONT cDNA","0-1.5k","Kallisto","CQN","Kidney","K33",0.838695441472823
"Mouse","ONT cDNA","0-1.5k","Kallisto","CQN","Kidney","K34",0.837370326704704
"Mouse","ONT cDNA","0-1.5k","Kallisto","CQN","Kidney","K35",0.831438516818214
"Mouse","ONT cDNA","0-1.5k","Kallisto","EDASeq","Brain","B31",0.816813431712033
"Mouse","ONT cDNA","0-1.5k","Kallisto","EDASeq","Brain","B32",0.815435381516489
"Mouse","ONT cDNA","0-1.5k","Kallisto","EDASeq","Brain","B33",0.818959060381414
"Mouse","ONT cDNA","0-1.5k","Kallisto","EDASeq","Brain","B34",0.816893464947062
"Mouse","ONT cDNA","0-1.5k","Kallisto","EDASeq","Brain","B35",0.819284989747027
"Mouse","ONT cDNA","0-1.5k","Kallisto","EDASeq","B20K80","BK20801",0.804672681727815
"Mouse","ONT cDNA","0-1.5k","Kallisto","EDASeq","B20K80","BK20802",0.802199825203682
"Mouse","ONT cDNA","0-1.5k","Kallisto","EDASeq","B20K80","BK20803",0.805535766410483
"Mouse","ONT cDNA","0-1.5k","Kallisto","EDASeq","B20K80","BK20804",0.792223676327252
"Mouse","ONT cDNA","0-1.5k","Kallisto","EDASeq","B20K80","BK20805",0.796934997988788
"Mouse","ONT cDNA","0-1.5k","Kallisto","EDASeq","B80K20","BK80201",0.797411070302847
"Mouse","ONT cDNA","0-1.5k","Kallisto","EDASeq","B80K20","BK80202",0.788505529893453
"Mouse","ONT cDNA","0-1.5k","Kallisto","EDASeq","B80K20","BK80203",0.790145980293967
"Mouse","ONT cDNA","0-1.5k","Kallisto","EDASeq","B80K20","BK80204",0.796841351825587
"Mouse","ONT cDNA","0-1.5k","Kallisto","EDASeq","B80K20","BK80205",0.78590853731452
"Mouse","ONT cDNA","0-1.5k","Kallisto","EDASeq","Kidney","K31",0.828148402549215
"Mouse","ONT cDNA","0-1.5k","Kallisto","EDASeq","Kidney","K32",0.835647310816204
"Mouse","ONT cDNA","0-1.5k","Kallisto","EDASeq","Kidney","K33",0.831064489572963
"Mouse","ONT cDNA","0-1.5k","Kallisto","EDASeq","Kidney","K34",0.832104923012301
"Mouse","ONT cDNA","0-1.5k","Kallisto","EDASeq","Kidney","K35",0.835372121613109
"Mouse","ONT cDNA","0-1.5k","Kallisto","SMR","Brain","B31",0.76885967343504
"Mouse","ONT cDNA","0-1.5k","Kallisto","SMR","Brain","B32",0.792325130971087
"Mouse","ONT cDNA","0-1.5k","Kallisto","SMR","Brain","B33",0.776606163491613
"Mouse","ONT cDNA","0-1.5k","Kallisto","SMR","Brain","B34",0.754800939457759
"Mouse","ONT cDNA","0-1.5k","Kallisto","SMR","Brain","B35",0.740107165116194
"Mouse","ONT cDNA","0-1.5k","Kallisto","SMR","B20K80","BK20801",0.597950630053794
"Mouse","ONT cDNA","0-1.5k","Kallisto","SMR","B20K80","BK20802",0.673493801445414
"Mouse","ONT cDNA","0-1.5k","Kallisto","SMR","B20K80","BK20803",0.652950967788333
"Mouse","ONT cDNA","0-1.5k","Kallisto","SMR","B20K80","BK20804",0.653962821813723
"Mouse","ONT cDNA","0-1.5k","Kallisto","SMR","B20K80","BK20805",0.663795893106436
"Mouse","ONT cDNA","0-1.5k","Kallisto","SMR","B80K20","BK80201",0.664816051318652
"Mouse","ONT cDNA","0-1.5k","Kallisto","SMR","B80K20","BK80202",0.659591618071673
"Mouse","ONT cDNA","0-1.5k","Kallisto","SMR","B80K20","BK80203",0.563740832499609
"Mouse","ONT cDNA","0-1.5k","Kallisto","SMR","B80K20","BK80204",0.55457145291491
"Mouse","ONT cDNA","0-1.5k","Kallisto","SMR","B80K20","BK80205",0.576635240275121
"Mouse","ONT cDNA","0-1.5k","Kallisto","SMR","Kidney","K31",0.707170491909478
"Mouse","ONT cDNA","0-1.5k","Kallisto","SMR","Kidney","K32",0.75111360600361
"Mouse","ONT cDNA","0-1.5k","Kallisto","SMR","Kidney","K33",0.711572876183692
"Mouse","ONT cDNA","0-1.5k","Kallisto","SMR","Kidney","K34",0.699373231494387
"Mouse","ONT cDNA","0-1.5k","Kallisto","SMR","Kidney","K35",0.714083780947452
"Mouse","ONT cDNA","0-1.5k","Kallisto","TPM","Brain","B31",0.780293985484615
"Mouse","ONT cDNA","0-1.5k","Kallisto","TPM","Brain","B32",0.776902555885226
"Mouse","ONT cDNA","0-1.5k","Kallisto","TPM","Brain","B33",0.78081933009267
"Mouse","ONT cDNA","0-1.5k","Kallisto","TPM","Brain","B34",0.777430820360529
"Mouse","ONT cDNA","0-1.5k","Kallisto","TPM","Brain","B35",0.78020108050642
"Mouse","ONT cDNA","0-1.5k","Kallisto","TPM","B20K80","BK20801",0.758504340124228
"Mouse","ONT cDNA","0-1.5k","Kallisto","TPM","B20K80","BK20802",0.755588004360967
"Mouse","ONT cDNA","0-1.5k","Kallisto","TPM","B20K80","BK20803",0.763204441627786
"Mouse","ONT cDNA","0-1.5k","Kallisto","TPM","B20K80","BK20804",0.750108600762017
"Mouse","ONT cDNA","0-1.5k","Kallisto","TPM","B20K80","BK20805",0.757561214446888
"Mouse","ONT cDNA","0-1.5k","Kallisto","TPM","B80K20","BK80201",0.750916774653056
"Mouse","ONT cDNA","0-1.5k","Kallisto","TPM","B80K20","BK80202",0.745030651783167
"Mouse","ONT cDNA","0-1.5k","Kallisto","TPM","B80K20","BK80203",0.748978452034023
"Mouse","ONT cDNA","0-1.5k","Kallisto","TPM","B80K20","BK80204",0.750070958929946
"Mouse","ONT cDNA","0-1.5k","Kallisto","TPM","B80K20","BK80205",0.741140711711359
"Mouse","ONT cDNA","0-1.5k","Kallisto","TPM","Kidney","K31",0.792946930775723
"Mouse","ONT cDNA","0-1.5k","Kallisto","TPM","Kidney","K32",0.799202045307678
"Mouse","ONT cDNA","0-1.5k","Kallisto","TPM","Kidney","K33",0.797513642671998
"Mouse","ONT cDNA","0-1.5k","Kallisto","TPM","Kidney","K34",0.805137612481504
"Mouse","ONT cDNA","0-1.5k","Kallisto","TPM","Kidney","K35",0.806868226650386
"Mouse","ONT cDNA","0-1.5k","Oarfish","CPM","Brain","B31",0.846392677049805
"Mouse","ONT cDNA","0-1.5k","Oarfish","CPM","Brain","B32",0.843240262030741
"Mouse","ONT cDNA","0-1.5k","Oarfish","CPM","Brain","B33",0.843746372985679
"Mouse","ONT cDNA","0-1.5k","Oarfish","CPM","Brain","B34",0.847401046627365
"Mouse","ONT cDNA","0-1.5k","Oarfish","CPM","Brain","B35",0.843981351587875
"Mouse","ONT cDNA","0-1.5k","Oarfish","CPM","B20K80","BK20801",0.832301346971227
"Mouse","ONT cDNA","0-1.5k","Oarfish","CPM","B20K80","BK20802",0.831825949667861
"Mouse","ONT cDNA","0-1.5k","Oarfish","CPM","B20K80","BK20803",0.834223900727103
"Mouse","ONT cDNA","0-1.5k","Oarfish","CPM","B20K80","BK20804",0.821154668127179
"Mouse","ONT cDNA","0-1.5k","Oarfish","CPM","B20K80","BK20805",0.830031406667313
"Mouse","ONT cDNA","0-1.5k","Oarfish","CPM","B80K20","BK80201",0.823108468634374
"Mouse","ONT cDNA","0-1.5k","Oarfish","CPM","B80K20","BK80202",0.818335373163877
"Mouse","ONT cDNA","0-1.5k","Oarfish","CPM","B80K20","BK80203",0.820535266960771
"Mouse","ONT cDNA","0-1.5k","Oarfish","CPM","B80K20","BK80204",0.821305353313317
"Mouse","ONT cDNA","0-1.5k","Oarfish","CPM","B80K20","BK80205",0.814688064201838
"Mouse","ONT cDNA","0-1.5k","Oarfish","CPM","Kidney","K31",0.855353587037932
"Mouse","ONT cDNA","0-1.5k","Oarfish","CPM","Kidney","K32",0.862752716135935
"Mouse","ONT cDNA","0-1.5k","Oarfish","CPM","Kidney","K33",0.86490385171733
"Mouse","ONT cDNA","0-1.5k","Oarfish","CPM","Kidney","K34",0.863680016233351
"Mouse","ONT cDNA","0-1.5k","Oarfish","CPM","Kidney","K35",0.870255506261704
"Mouse","ONT cDNA","0-1.5k","Oarfish","CQN","Brain","B31",0.856866361616698
"Mouse","ONT cDNA","0-1.5k","Oarfish","CQN","Brain","B32",0.856667947792877
"Mouse","ONT cDNA","0-1.5k","Oarfish","CQN","Brain","B33",0.85309806071059
"Mouse","ONT cDNA","0-1.5k","Oarfish","CQN","Brain","B34",0.860012963997267
"Mouse","ONT cDNA","0-1.5k","Oarfish","CQN","Brain","B35",0.861663489659819
"Mouse","ONT cDNA","0-1.5k","Oarfish","CQN","B20K80","BK20801",0.849588379598735
"Mouse","ONT cDNA","0-1.5k","Oarfish","CQN","B20K80","BK20802",0.854206727409033
"Mouse","ONT cDNA","0-1.5k","Oarfish","CQN","B20K80","BK20803",0.850204411481429
"Mouse","ONT cDNA","0-1.5k","Oarfish","CQN","B20K80","BK20804",0.841692382861521
"Mouse","ONT cDNA","0-1.5k","Oarfish","CQN","B20K80","BK20805",0.840808325905924
"Mouse","ONT cDNA","0-1.5k","Oarfish","CQN","B80K20","BK80201",0.844793851043354
"Mouse","ONT cDNA","0-1.5k","Oarfish","CQN","B80K20","BK80202",0.841285734644752
"Mouse","ONT cDNA","0-1.5k","Oarfish","CQN","B80K20","BK80203",0.838450181351031
"Mouse","ONT cDNA","0-1.5k","Oarfish","CQN","B80K20","BK80204",0.845303238486993
"Mouse","ONT cDNA","0-1.5k","Oarfish","CQN","B80K20","BK80205",0.837059450940264
"Mouse","ONT cDNA","0-1.5k","Oarfish","CQN","Kidney","K31",0.857994800512498
"Mouse","ONT cDNA","0-1.5k","Oarfish","CQN","Kidney","K32",0.87467361796672
"Mouse","ONT cDNA","0-1.5k","Oarfish","CQN","Kidney","K33",0.867237303808171
"Mouse","ONT cDNA","0-1.5k","Oarfish","CQN","Kidney","K34",0.865831606133091
"Mouse","ONT cDNA","0-1.5k","Oarfish","CQN","Kidney","K35",0.866675377344944
"Mouse","ONT cDNA","0-1.5k","Oarfish","EDASeq","Brain","B31",0.852309089097087
"Mouse","ONT cDNA","0-1.5k","Oarfish","EDASeq","Brain","B32",0.849182160122619
"Mouse","ONT cDNA","0-1.5k","Oarfish","EDASeq","Brain","B33",0.850502831158372
"Mouse","ONT cDNA","0-1.5k","Oarfish","EDASeq","Brain","B34",0.854591514227004
"Mouse","ONT cDNA","0-1.5k","Oarfish","EDASeq","Brain","B35",0.851272906328192
"Mouse","ONT cDNA","0-1.5k","Oarfish","EDASeq","B20K80","BK20801",0.842252479412919
"Mouse","ONT cDNA","0-1.5k","Oarfish","EDASeq","B20K80","BK20802",0.842327080620754
"Mouse","ONT cDNA","0-1.5k","Oarfish","EDASeq","B20K80","BK20803",0.84290797184604
"Mouse","ONT cDNA","0-1.5k","Oarfish","EDASeq","B20K80","BK20804",0.830122116104733
"Mouse","ONT cDNA","0-1.5k","Oarfish","EDASeq","B20K80","BK20805",0.838222752524827
"Mouse","ONT cDNA","0-1.5k","Oarfish","EDASeq","B80K20","BK80201",0.832650807124902
"Mouse","ONT cDNA","0-1.5k","Oarfish","EDASeq","B80K20","BK80202",0.82678268845418
"Mouse","ONT cDNA","0-1.5k","Oarfish","EDASeq","B80K20","BK80203",0.828887758341988
"Mouse","ONT cDNA","0-1.5k","Oarfish","EDASeq","B80K20","BK80204",0.831094028056764
"Mouse","ONT cDNA","0-1.5k","Oarfish","EDASeq","B80K20","BK80205",0.82499606463981
"Mouse","ONT cDNA","0-1.5k","Oarfish","EDASeq","Kidney","K31",0.861197118437944
"Mouse","ONT cDNA","0-1.5k","Oarfish","EDASeq","Kidney","K32",0.870092734138331
"Mouse","ONT cDNA","0-1.5k","Oarfish","EDASeq","Kidney","K33",0.870103972432113
"Mouse","ONT cDNA","0-1.5k","Oarfish","EDASeq","Kidney","K34",0.866891259407709
"Mouse","ONT cDNA","0-1.5k","Oarfish","EDASeq","Kidney","K35",0.873311196269412
"Mouse","ONT cDNA","0-1.5k","Oarfish","SMR","Brain","B31",0.775772532028038
"Mouse","ONT cDNA","0-1.5k","Oarfish","SMR","Brain","B32",0.782430580132929
"Mouse","ONT cDNA","0-1.5k","Oarfish","SMR","Brain","B33",0.75750072857178
"Mouse","ONT cDNA","0-1.5k","Oarfish","SMR","Brain","B34",0.750531453133973
"Mouse","ONT cDNA","0-1.5k","Oarfish","SMR","Brain","B35",0.747429424373252
"Mouse","ONT cDNA","0-1.5k","Oarfish","SMR","B20K80","BK20801",0.64845384195462
"Mouse","ONT cDNA","0-1.5k","Oarfish","SMR","B20K80","BK20802",0.693399067864341
"Mouse","ONT cDNA","0-1.5k","Oarfish","SMR","B20K80","BK20803",0.685907889229329
"Mouse","ONT cDNA","0-1.5k","Oarfish","SMR","B20K80","BK20804",0.682807057179818
"Mouse","ONT cDNA","0-1.5k","Oarfish","SMR","B20K80","BK20805",0.708143185823916
"Mouse","ONT cDNA","0-1.5k","Oarfish","SMR","B80K20","BK80201",0.669217317839961
"Mouse","ONT cDNA","0-1.5k","Oarfish","SMR","B80K20","BK80202",0.66387545482845
"Mouse","ONT cDNA","0-1.5k","Oarfish","SMR","B80K20","BK80203",0.59730463949301
"Mouse","ONT cDNA","0-1.5k","Oarfish","SMR","B80K20","BK80204",0.589428583419507
"Mouse","ONT cDNA","0-1.5k","Oarfish","SMR","B80K20","BK80205",0.605039865987992
"Mouse","ONT cDNA","0-1.5k","Oarfish","SMR","Kidney","K31",0.742854226651358
"Mouse","ONT cDNA","0-1.5k","Oarfish","SMR","Kidney","K32",0.786330977479914
"Mouse","ONT cDNA","0-1.5k","Oarfish","SMR","Kidney","K33",0.755280895275595
"Mouse","ONT cDNA","0-1.5k","Oarfish","SMR","Kidney","K34",0.735966602513213
"Mouse","ONT cDNA","0-1.5k","Oarfish","SMR","Kidney","K35",0.75580739797672
"Mouse","ONT cDNA","0-1.5k","Oarfish","TPM","Brain","B31",0.815757184719961
"Mouse","ONT cDNA","0-1.5k","Oarfish","TPM","Brain","B32",0.811887254213389
"Mouse","ONT cDNA","0-1.5k","Oarfish","TPM","Brain","B33",0.812046114044635
"Mouse","ONT cDNA","0-1.5k","Oarfish","TPM","Brain","B34",0.814785813332455
"Mouse","ONT cDNA","0-1.5k","Oarfish","TPM","Brain","B35",0.81202196957913
"Mouse","ONT cDNA","0-1.5k","Oarfish","TPM","B20K80","BK20801",0.797971806272755
"Mouse","ONT cDNA","0-1.5k","Oarfish","TPM","B20K80","BK20802",0.794305554965734
"Mouse","ONT cDNA","0-1.5k","Oarfish","TPM","B20K80","BK20803",0.800942329178943
"Mouse","ONT cDNA","0-1.5k","Oarfish","TPM","B20K80","BK20804",0.78914457032542
"Mouse","ONT cDNA","0-1.5k","Oarfish","TPM","B20K80","BK20805",0.799229387321319
"Mouse","ONT cDNA","0-1.5k","Oarfish","TPM","B80K20","BK80201",0.786649137388953
"Mouse","ONT cDNA","0-1.5k","Oarfish","TPM","B80K20","BK80202",0.780201949188182
"Mouse","ONT cDNA","0-1.5k","Oarfish","TPM","B80K20","BK80203",0.785901130575855
"Mouse","ONT cDNA","0-1.5k","Oarfish","TPM","B80K20","BK80204",0.784365678831036
"Mouse","ONT cDNA","0-1.5k","Oarfish","TPM","B80K20","BK80205",0.778452429035377
"Mouse","ONT cDNA","0-1.5k","Oarfish","TPM","Kidney","K31",0.82569536125218
"Mouse","ONT cDNA","0-1.5k","Oarfish","TPM","Kidney","K32",0.830641033737754
"Mouse","ONT cDNA","0-1.5k","Oarfish","TPM","Kidney","K33",0.835089121896878
"Mouse","ONT cDNA","0-1.5k","Oarfish","TPM","Kidney","K34",0.836555458123881
"Mouse","ONT cDNA","0-1.5k","Oarfish","TPM","Kidney","K35",0.843341678107914
"Mouse","ONT cDNA","1.5k-3k","Bambu","CPM","Brain","B31",0.695950505960413
"Mouse","ONT cDNA","1.5k-3k","Bambu","CPM","Brain","B32",0.714461522027696
"Mouse","ONT cDNA","1.5k-3k","Bambu","CPM","Brain","B33",0.709903638676385
"Mouse","ONT cDNA","1.5k-3k","Bambu","CPM","Brain","B34",0.70060746854379
"Mouse","ONT cDNA","1.5k-3k","Bambu","CPM","Brain","B35",0.706626735244689
"Mouse","ONT cDNA","1.5k-3k","Bambu","CPM","B20K80","BK20801",0.665745762667469
"Mouse","ONT cDNA","1.5k-3k","Bambu","CPM","B20K80","BK20802",0.697799551368361
"Mouse","ONT cDNA","1.5k-3k","Bambu","CPM","B20K80","BK20803",0.696321297119755
"Mouse","ONT cDNA","1.5k-3k","Bambu","CPM","B20K80","BK20804",0.692604362256955
"Mouse","ONT cDNA","1.5k-3k","Bambu","CPM","B20K80","BK20805",0.676845642601347
"Mouse","ONT cDNA","1.5k-3k","Bambu","CPM","B80K20","BK80201",0.665683299653915
"Mouse","ONT cDNA","1.5k-3k","Bambu","CPM","B80K20","BK80202",0.671452054075255
"Mouse","ONT cDNA","1.5k-3k","Bambu","CPM","B80K20","BK80203",0.657431901072843
"Mouse","ONT cDNA","1.5k-3k","Bambu","CPM","B80K20","BK80204",0.656991055040769
"Mouse","ONT cDNA","1.5k-3k","Bambu","CPM","B80K20","BK80205",0.650277981745106
"Mouse","ONT cDNA","1.5k-3k","Bambu","CPM","Kidney","K31",0.751236257610124
"Mouse","ONT cDNA","1.5k-3k","Bambu","CPM","Kidney","K32",0.766695620732519
"Mouse","ONT cDNA","1.5k-3k","Bambu","CPM","Kidney","K33",0.76431079899224
"Mouse","ONT cDNA","1.5k-3k","Bambu","CPM","Kidney","K34",0.750726804993677
"Mouse","ONT cDNA","1.5k-3k","Bambu","CPM","Kidney","K35",0.767838997864033
"Mouse","ONT cDNA","1.5k-3k","Bambu","CQN","Brain","B31",0.711616899357791
"Mouse","ONT cDNA","1.5k-3k","Bambu","CQN","Brain","B32",0.726227690866787
"Mouse","ONT cDNA","1.5k-3k","Bambu","CQN","Brain","B33",0.722897409015543
"Mouse","ONT cDNA","1.5k-3k","Bambu","CQN","Brain","B34",0.717951789711042
"Mouse","ONT cDNA","1.5k-3k","Bambu","CQN","Brain","B35",0.728823178283875
"Mouse","ONT cDNA","1.5k-3k","Bambu","CQN","B20K80","BK20801",0.670733715217109
"Mouse","ONT cDNA","1.5k-3k","Bambu","CQN","B20K80","BK20802",0.704351698978214
"Mouse","ONT cDNA","1.5k-3k","Bambu","CQN","B20K80","BK20803",0.70184499303121
"Mouse","ONT cDNA","1.5k-3k","Bambu","CQN","B20K80","BK20804",0.694442801157707
"Mouse","ONT cDNA","1.5k-3k","Bambu","CQN","B20K80","BK20805",0.679218641360349
"Mouse","ONT cDNA","1.5k-3k","Bambu","CQN","B80K20","BK80201",0.669277341446072
"Mouse","ONT cDNA","1.5k-3k","Bambu","CQN","B80K20","BK80202",0.677626229154963
"Mouse","ONT cDNA","1.5k-3k","Bambu","CQN","B80K20","BK80203",0.662547248273147
"Mouse","ONT cDNA","1.5k-3k","Bambu","CQN","B80K20","BK80204",0.668915045102602
"Mouse","ONT cDNA","1.5k-3k","Bambu","CQN","B80K20","BK80205",0.660875715608144
"Mouse","ONT cDNA","1.5k-3k","Bambu","CQN","Kidney","K31",0.764246907320123
"Mouse","ONT cDNA","1.5k-3k","Bambu","CQN","Kidney","K32",0.783098831324991
"Mouse","ONT cDNA","1.5k-3k","Bambu","CQN","Kidney","K33",0.778917221906491
"Mouse","ONT cDNA","1.5k-3k","Bambu","CQN","Kidney","K34",0.774118238451618
"Mouse","ONT cDNA","1.5k-3k","Bambu","CQN","Kidney","K35",0.762458357162603
"Mouse","ONT cDNA","1.5k-3k","Bambu","EDASeq","Brain","B31",0.694120910327431
"Mouse","ONT cDNA","1.5k-3k","Bambu","EDASeq","Brain","B32",0.715304254711684
"Mouse","ONT cDNA","1.5k-3k","Bambu","EDASeq","Brain","B33",0.71021111964178
"Mouse","ONT cDNA","1.5k-3k","Bambu","EDASeq","Brain","B34",0.700020699462
"Mouse","ONT cDNA","1.5k-3k","Bambu","EDASeq","Brain","B35",0.705750995654105
"Mouse","ONT cDNA","1.5k-3k","Bambu","EDASeq","B20K80","BK20801",0.658981253746716
"Mouse","ONT cDNA","1.5k-3k","Bambu","EDASeq","B20K80","BK20802",0.6956224451955
"Mouse","ONT cDNA","1.5k-3k","Bambu","EDASeq","B20K80","BK20803",0.689434256761592
"Mouse","ONT cDNA","1.5k-3k","Bambu","EDASeq","B20K80","BK20804",0.685318769544182
"Mouse","ONT cDNA","1.5k-3k","Bambu","EDASeq","B20K80","BK20805",0.667299281829175
"Mouse","ONT cDNA","1.5k-3k","Bambu","EDASeq","B80K20","BK80201",0.663635447085582
"Mouse","ONT cDNA","1.5k-3k","Bambu","EDASeq","B80K20","BK80202",0.672046989669041
"Mouse","ONT cDNA","1.5k-3k","Bambu","EDASeq","B80K20","BK80203",0.656209365097173
"Mouse","ONT cDNA","1.5k-3k","Bambu","EDASeq","B80K20","BK80204",0.654121206402901
"Mouse","ONT cDNA","1.5k-3k","Bambu","EDASeq","B80K20","BK80205",0.647473458263298
"Mouse","ONT cDNA","1.5k-3k","Bambu","EDASeq","Kidney","K31",0.737495248332679
"Mouse","ONT cDNA","1.5k-3k","Bambu","EDASeq","Kidney","K32",0.7597434264259
"Mouse","ONT cDNA","1.5k-3k","Bambu","EDASeq","Kidney","K33",0.751837244532761
"Mouse","ONT cDNA","1.5k-3k","Bambu","EDASeq","Kidney","K34",0.740009792988425
"Mouse","ONT cDNA","1.5k-3k","Bambu","EDASeq","Kidney","K35",0.750280830400229
"Mouse","ONT cDNA","1.5k-3k","Bambu","SMR","Brain","B31",0.688582599168707
"Mouse","ONT cDNA","1.5k-3k","Bambu","SMR","Brain","B32",0.726130032689194
"Mouse","ONT cDNA","1.5k-3k","Bambu","SMR","Brain","B33",0.715857405211041
"Mouse","ONT cDNA","1.5k-3k","Bambu","SMR","Brain","B34",0.702335416651289
"Mouse","ONT cDNA","1.5k-3k","Bambu","SMR","Brain","B35",0.706054636176954
"Mouse","ONT cDNA","1.5k-3k","Bambu","SMR","B20K80","BK20801",0.56107804313022
"Mouse","ONT cDNA","1.5k-3k","Bambu","SMR","B20K80","BK20802",0.671702338530035
"Mouse","ONT cDNA","1.5k-3k","Bambu","SMR","B20K80","BK20803",0.67652666622828606
"Mouse","ONT cDNA","1.5k-3k","Bambu","SMR","B20K80","BK20804",0.695205721286908
"Mouse","ONT cDNA","1.5k-3k","Bambu","SMR","B20K80","BK20805",0.643378206806999
"Mouse","ONT cDNA","1.5k-3k","Bambu","SMR","B80K20","BK80201",0.629666820314663
"Mouse","ONT cDNA","1.5k-3k","Bambu","SMR","B80K20","BK80202",0.615198594357728
"Mouse","ONT cDNA","1.5k-3k","Bambu","SMR","B80K20","BK80203",0.493354407154357
"Mouse","ONT cDNA","1.5k-3k","Bambu","SMR","B80K20","BK80204",0.5494369653832
"Mouse","ONT cDNA","1.5k-3k","Bambu","SMR","B80K20","BK80205",0.566968771648588
"Mouse","ONT cDNA","1.5k-3k","Bambu","SMR","Kidney","K31",0.761561616803398
"Mouse","ONT cDNA","1.5k-3k","Bambu","SMR","Kidney","K32",0.799113997932614
"Mouse","ONT cDNA","1.5k-3k","Bambu","SMR","Kidney","K33",0.77182064796374406
"Mouse","ONT cDNA","1.5k-3k","Bambu","SMR","Kidney","K34",0.775835737548935
"Mouse","ONT cDNA","1.5k-3k","Bambu","SMR","Kidney","K35",0.764880418583151
"Mouse","ONT cDNA","1.5k-3k","Bambu","TPM","Brain","B31",0.689291457850252
"Mouse","ONT cDNA","1.5k-3k","Bambu","TPM","Brain","B32",0.701838023295484
"Mouse","ONT cDNA","1.5k-3k","Bambu","TPM","Brain","B33",0.698002936505794
"Mouse","ONT cDNA","1.5k-3k","Bambu","TPM","Brain","B34",0.690848500714585
"Mouse","ONT cDNA","1.5k-3k","Bambu","TPM","Brain","B35",0.696964812720829
"Mouse","ONT cDNA","1.5k-3k","Bambu","TPM","B20K80","BK20801",0.664012012111849
"Mouse","ONT cDNA","1.5k-3k","Bambu","TPM","B20K80","BK20802",0.690161272726434
"Mouse","ONT cDNA","1.5k-3k","Bambu","TPM","B20K80","BK20803",0.694163783937016
"Mouse","ONT cDNA","1.5k-3k","Bambu","TPM","B20K80","BK20804",0.689045467374538
"Mouse","ONT cDNA","1.5k-3k","Bambu","TPM","B20K80","BK20805",0.676846635345127
"Mouse","ONT cDNA","1.5k-3k","Bambu","TPM","B80K20","BK80201",0.657878586390867
"Mouse","ONT cDNA","1.5k-3k","Bambu","TPM","B80K20","BK80202",0.65987115615433
"Mouse","ONT cDNA","1.5k-3k","Bambu","TPM","B80K20","BK80203",0.648583091387938
"Mouse","ONT cDNA","1.5k-3k","Bambu","TPM","B80K20","BK80204",0.650185194638254
"Mouse","ONT cDNA","1.5k-3k","Bambu","TPM","B80K20","BK80205",0.643429889159575
"Mouse","ONT cDNA","1.5k-3k","Bambu","TPM","Kidney","K31",0.751979614503636
"Mouse","ONT cDNA","1.5k-3k","Bambu","TPM","Kidney","K32",0.7614808807496
"Mouse","ONT cDNA","1.5k-3k","Bambu","TPM","Kidney","K33",0.76414135955381
"Mouse","ONT cDNA","1.5k-3k","Bambu","TPM","Kidney","K34",0.746914427695492
"Mouse","ONT cDNA","1.5k-3k","Bambu","TPM","Kidney","K35",0.769579994904433
"Mouse","ONT cDNA","1.5k-3k","FLAIR","CPM","Brain","B31",0.607697994788324
"Mouse","ONT cDNA","1.5k-3k","FLAIR","CPM","Brain","B32",0.649617050220463
"Mouse","ONT cDNA","1.5k-3k","FLAIR","CPM","Brain","B33",0.649578198185316
"Mouse","ONT cDNA","1.5k-3k","FLAIR","CPM","Brain","B34",0.61512388430341
"Mouse","ONT cDNA","1.5k-3k","FLAIR","CPM","Brain","B35",0.647440912312345
"Mouse","ONT cDNA","1.5k-3k","FLAIR","CPM","B20K80","BK20801",0.606180639181312
"Mouse","ONT cDNA","1.5k-3k","FLAIR","CPM","B20K80","BK20802",0.657325972015446
"Mouse","ONT cDNA","1.5k-3k","FLAIR","CPM","B20K80","BK20803",0.62949561489183
"Mouse","ONT cDNA","1.5k-3k","FLAIR","CPM","B20K80","BK20804",0.621967059186425
"Mouse","ONT cDNA","1.5k-3k","FLAIR","CPM","B20K80","BK20805",0.603010493547967
"Mouse","ONT cDNA","1.5k-3k","FLAIR","CPM","B80K20","BK80201",0.599167113671208
"Mouse","ONT cDNA","1.5k-3k","FLAIR","CPM","B80K20","BK80202",0.619966911494003
"Mouse","ONT cDNA","1.5k-3k","FLAIR","CPM","B80K20","BK80203",0.616096146937856
"Mouse","ONT cDNA","1.5k-3k","FLAIR","CPM","B80K20","BK80204",0.587001541613937
"Mouse","ONT cDNA","1.5k-3k","FLAIR","CPM","B80K20","BK80205",0.590193794239351
"Mouse","ONT cDNA","1.5k-3k","FLAIR","CPM","Kidney","K31",0.651874052475806
"Mouse","ONT cDNA","1.5k-3k","FLAIR","CPM","Kidney","K32",0.695174344031061
"Mouse","ONT cDNA","1.5k-3k","FLAIR","CPM","Kidney","K33",0.659576214132221
"Mouse","ONT cDNA","1.5k-3k","FLAIR","CPM","Kidney","K34",0.700272434732265
"Mouse","ONT cDNA","1.5k-3k","FLAIR","CPM","Kidney","K35",0.651045859670178
"Mouse","ONT cDNA","1.5k-3k","FLAIR","CQN","Brain","B31",0.651992368927405
"Mouse","ONT cDNA","1.5k-3k","FLAIR","CQN","Brain","B32",0.682944369032149
"Mouse","ONT cDNA","1.5k-3k","FLAIR","CQN","Brain","B33",0.684686404516492
"Mouse","ONT cDNA","1.5k-3k","FLAIR","CQN","Brain","B34",0.66364458454350606
"Mouse","ONT cDNA","1.5k-3k","FLAIR","CQN","Brain","B35",0.691732004216521
"Mouse","ONT cDNA","1.5k-3k","FLAIR","CQN","B20K80","BK20801",0.596029531635372
"Mouse","ONT cDNA","1.5k-3k","FLAIR","CQN","B20K80","BK20802",0.627719521592079
"Mouse","ONT cDNA","1.5k-3k","FLAIR","CQN","B20K80","BK20803",0.613886510162941
"Mouse","ONT cDNA","1.5k-3k","FLAIR","CQN","B20K80","BK20804",0.612320924161614
"Mouse","ONT cDNA","1.5k-3k","FLAIR","CQN","B20K80","BK20805",0.600219323303568
"Mouse","ONT cDNA","1.5k-3k","FLAIR","CQN","B80K20","BK80201",0.581195361741049
"Mouse","ONT cDNA","1.5k-3k","FLAIR","CQN","B80K20","BK80202",0.590100456307482
"Mouse","ONT cDNA","1.5k-3k","FLAIR","CQN","B80K20","BK80203",0.592494210818275
"Mouse","ONT cDNA","1.5k-3k","FLAIR","CQN","B80K20","BK80204",0.578538869359632
"Mouse","ONT cDNA","1.5k-3k","FLAIR","CQN","B80K20","BK80205",0.582778430572604
"Mouse","ONT cDNA","1.5k-3k","FLAIR","CQN","Kidney","K31",0.708551521269414
"Mouse","ONT cDNA","1.5k-3k","FLAIR","CQN","Kidney","K32",0.72863854308356
"Mouse","ONT cDNA","1.5k-3k","FLAIR","CQN","Kidney","K33",0.709624058665914
"Mouse","ONT cDNA","1.5k-3k","FLAIR","CQN","Kidney","K34",0.732447680982126
"Mouse","ONT cDNA","1.5k-3k","FLAIR","CQN","Kidney","K35",0.709615735540565
"Mouse","ONT cDNA","1.5k-3k","FLAIR","EDASeq","Brain","B31",0.607143492097312
"Mouse","ONT cDNA","1.5k-3k","FLAIR","EDASeq","Brain","B32",0.647757617006899
"Mouse","ONT cDNA","1.5k-3k","FLAIR","EDASeq","Brain","B33",0.64838785905824
"Mouse","ONT cDNA","1.5k-3k","FLAIR","EDASeq","Brain","B34",0.614285668266598
"Mouse","ONT cDNA","1.5k-3k","FLAIR","EDASeq","Brain","B35",0.646242379232472
"Mouse","ONT cDNA","1.5k-3k","FLAIR","EDASeq","B20K80","BK20801",0.606174856169754
"Mouse","ONT cDNA","1.5k-3k","FLAIR","EDASeq","B20K80","BK20802",0.657013801738617
"Mouse","ONT cDNA","1.5k-3k","FLAIR","EDASeq","B20K80","BK20803",0.629295764534252
"Mouse","ONT cDNA","1.5k-3k","FLAIR","EDASeq","B20K80","BK20804",0.621815834838319
"Mouse","ONT cDNA","1.5k-3k","FLAIR","EDASeq","B20K80","BK20805",0.602734350796428
"Mouse","ONT cDNA","1.5k-3k","FLAIR","EDASeq","B80K20","BK80201",0.598676390876339
"Mouse","ONT cDNA","1.5k-3k","FLAIR","EDASeq","B80K20","BK80202",0.619229298611762
"Mouse","ONT cDNA","1.5k-3k","FLAIR","EDASeq","B80K20","BK80203",0.615602915744075
"Mouse","ONT cDNA","1.5k-3k","FLAIR","EDASeq","B80K20","BK80204",0.58676891782277
"Mouse","ONT cDNA","1.5k-3k","FLAIR","EDASeq","B80K20","BK80205",0.589828334450519
"Mouse","ONT cDNA","1.5k-3k","FLAIR","EDASeq","Kidney","K31",0.651236433563351
"Mouse","ONT cDNA","1.5k-3k","FLAIR","EDASeq","Kidney","K32",0.695083398031799
"Mouse","ONT cDNA","1.5k-3k","FLAIR","EDASeq","Kidney","K33",0.659237955808087
"Mouse","ONT cDNA","1.5k-3k","FLAIR","EDASeq","Kidney","K34",0.700116015514715
"Mouse","ONT cDNA","1.5k-3k","FLAIR","EDASeq","Kidney","K35",0.649813580369949
"Mouse","ONT cDNA","1.5k-3k","FLAIR","SMR","Brain","B31",0.509787999443435
"Mouse","ONT cDNA","1.5k-3k","FLAIR","SMR","Brain","B32",0.598900925878379
"Mouse","ONT cDNA","1.5k-3k","FLAIR","SMR","Brain","B33",0.564979836432903
"Mouse","ONT cDNA","1.5k-3k","FLAIR","SMR","Brain","B34",0.508764624674417
"Mouse","ONT cDNA","1.5k-3k","FLAIR","SMR","Brain","B35",0.543167383880965
"Mouse","ONT cDNA","1.5k-3k","FLAIR","SMR","B20K80","BK20801",0.39606017329391
"Mouse","ONT cDNA","1.5k-3k","FLAIR","SMR","B20K80","BK20802",0.5728578802791
"Mouse","ONT cDNA","1.5k-3k","FLAIR","SMR","B20K80","BK20803",0.52056469459843
"Mouse","ONT cDNA","1.5k-3k","FLAIR","SMR","B20K80","BK20804",0.54064968012468
"Mouse","ONT cDNA","1.5k-3k","FLAIR","SMR","B20K80","BK20805",0.479269686764515
"Mouse","ONT cDNA","1.5k-3k","FLAIR","SMR","B80K20","BK80201",0.50719318894174
"Mouse","ONT cDNA","1.5k-3k","FLAIR","SMR","B80K20","BK80202",0.503123991870276
"Mouse","ONT cDNA","1.5k-3k","FLAIR","SMR","B80K20","BK80203",0.399977398923657
"Mouse","ONT cDNA","1.5k-3k","FLAIR","SMR","B80K20","BK80204",0.346381176747857
"Mouse","ONT cDNA","1.5k-3k","FLAIR","SMR","B80K20","BK80205",0.437767172215312
"Mouse","ONT cDNA","1.5k-3k","FLAIR","SMR","Kidney","K31",0.60235129216527
"Mouse","ONT cDNA","1.5k-3k","FLAIR","SMR","Kidney","K32",0.689445872706121
"Mouse","ONT cDNA","1.5k-3k","FLAIR","SMR","Kidney","K33",0.617681746162765
"Mouse","ONT cDNA","1.5k-3k","FLAIR","SMR","Kidney","K34",0.666728920092988
"Mouse","ONT cDNA","1.5k-3k","FLAIR","SMR","Kidney","K35",0.603416255618161
"Mouse","ONT cDNA","1.5k-3k","FLAIR","TPM","Brain","B31",0.600309003964058
"Mouse","ONT cDNA","1.5k-3k","FLAIR","TPM","Brain","B32",0.634480351886546
"Mouse","ONT cDNA","1.5k-3k","FLAIR","TPM","Brain","B33",0.634868606038588
"Mouse","ONT cDNA","1.5k-3k","FLAIR","TPM","Brain","B34",0.603976635856413
"Mouse","ONT cDNA","1.5k-3k","FLAIR","TPM","Brain","B35",0.635078450627111
"Mouse","ONT cDNA","1.5k-3k","FLAIR","TPM","B20K80","BK20801",0.602282156170469
"Mouse","ONT cDNA","1.5k-3k","FLAIR","TPM","B20K80","BK20802",0.646129131752783
"Mouse","ONT cDNA","1.5k-3k","FLAIR","TPM","B20K80","BK20803",0.624988135105824
"Mouse","ONT cDNA","1.5k-3k","FLAIR","TPM","B20K80","BK20804",0.616642098176567
"Mouse","ONT cDNA","1.5k-3k","FLAIR","TPM","B20K80","BK20805",0.600906254808447
"Mouse","ONT cDNA","1.5k-3k","FLAIR","TPM","B80K20","BK80201",0.590065990470703
"Mouse","ONT cDNA","1.5k-3k","FLAIR","TPM","B80K20","BK80202",0.60758292640691
"Mouse","ONT cDNA","1.5k-3k","FLAIR","TPM","B80K20","BK80203",0.607574896613926
"Mouse","ONT cDNA","1.5k-3k","FLAIR","TPM","B80K20","BK80204",0.579661392446463
"Mouse","ONT cDNA","1.5k-3k","FLAIR","TPM","B80K20","BK80205",0.583677143003704
"Mouse","ONT cDNA","1.5k-3k","FLAIR","TPM","Kidney","K31",0.652016032960731
"Mouse","ONT cDNA","1.5k-3k","FLAIR","TPM","Kidney","K32",0.685933398448412
"Mouse","ONT cDNA","1.5k-3k","FLAIR","TPM","Kidney","K33",0.657892525251194
"Mouse","ONT cDNA","1.5k-3k","FLAIR","TPM","Kidney","K34",0.693345325379659
"Mouse","ONT cDNA","1.5k-3k","FLAIR","TPM","Kidney","K35",0.65241070035423
"Mouse","ONT cDNA","1.5k-3k","IsoQuant","CPM","Brain","B31",0.61918234505563
"Mouse","ONT cDNA","1.5k-3k","IsoQuant","CPM","Brain","B32",0.66639305789386
"Mouse","ONT cDNA","1.5k-3k","IsoQuant","CPM","Brain","B33",0.660871419187777
"Mouse","ONT cDNA","1.5k-3k","IsoQuant","CPM","Brain","B34",0.645071666663979
"Mouse","ONT cDNA","1.5k-3k","IsoQuant","CPM","Brain","B35",0.661687986778556
"Mouse","ONT cDNA","1.5k-3k","IsoQuant","CPM","B20K80","BK20801",0.590576254570785
"Mouse","ONT cDNA","1.5k-3k","IsoQuant","CPM","B20K80","BK20802",0.642123130596995
"Mouse","ONT cDNA","1.5k-3k","IsoQuant","CPM","B20K80","BK20803",0.621304563739957
"Mouse","ONT cDNA","1.5k-3k","IsoQuant","CPM","B20K80","BK20804",0.628309667597375
"Mouse","ONT cDNA","1.5k-3k","IsoQuant","CPM","B20K80","BK20805",0.600185225538494
"Mouse","ONT cDNA","1.5k-3k","IsoQuant","CPM","B80K20","BK80201",0.60256574222473
"Mouse","ONT cDNA","1.5k-3k","IsoQuant","CPM","B80K20","BK80202",0.610659325146586
"Mouse","ONT cDNA","1.5k-3k","IsoQuant","CPM","B80K20","BK80203",0.596251673348386
"Mouse","ONT cDNA","1.5k-3k","IsoQuant","CPM","B80K20","BK80204",0.578968662190965
"Mouse","ONT cDNA","1.5k-3k","IsoQuant","CPM","B80K20","BK80205",0.578296967727624
"Mouse","ONT cDNA","1.5k-3k","IsoQuant","CPM","Kidney","K31",0.659009000604348
"Mouse","ONT cDNA","1.5k-3k","IsoQuant","CPM","Kidney","K32",0.706333391694728
"Mouse","ONT cDNA","1.5k-3k","IsoQuant","CPM","Kidney","K33",0.673052468166153
"Mouse","ONT cDNA","1.5k-3k","IsoQuant","CPM","Kidney","K34",0.704392682397169
"Mouse","ONT cDNA","1.5k-3k","IsoQuant","CPM","Kidney","K35",0.667929561653281
"Mouse","ONT cDNA","1.5k-3k","IsoQuant","CQN","Brain","B31",0.617415354218645
"Mouse","ONT cDNA","1.5k-3k","IsoQuant","CQN","Brain","B32",0.658248207337352
"Mouse","ONT cDNA","1.5k-3k","IsoQuant","CQN","Brain","B33",0.653528303211649
"Mouse","ONT cDNA","1.5k-3k","IsoQuant","CQN","Brain","B34",0.643718640558893
"Mouse","ONT cDNA","1.5k-3k","IsoQuant","CQN","Brain","B35",0.663016762609176
"Mouse","ONT cDNA","1.5k-3k","IsoQuant","CQN","B20K80","BK20801",0.553184814583045
"Mouse","ONT cDNA","1.5k-3k","IsoQuant","CQN","B20K80","BK20802",0.598802489949739
"Mouse","ONT cDNA","1.5k-3k","IsoQuant","CQN","B20K80","BK20803",0.580507484506867
"Mouse","ONT cDNA","1.5k-3k","IsoQuant","CQN","B20K80","BK20804",0.584805937649742
"Mouse","ONT cDNA","1.5k-3k","IsoQuant","CQN","B20K80","BK20805",0.558831655707974
"Mouse","ONT cDNA","1.5k-3k","IsoQuant","CQN","B80K20","BK80201",0.573129317319005
"Mouse","ONT cDNA","1.5k-3k","IsoQuant","CQN","B80K20","BK80202",0.576482082477559
"Mouse","ONT cDNA","1.5k-3k","IsoQuant","CQN","B80K20","BK80203",0.562734466045738
"Mouse","ONT cDNA","1.5k-3k","IsoQuant","CQN","B80K20","BK80204",0.555758745801801
"Mouse","ONT cDNA","1.5k-3k","IsoQuant","CQN","B80K20","BK80205",0.562437462673145
"Mouse","ONT cDNA","1.5k-3k","IsoQuant","CQN","Kidney","K31",0.670608266144487
"Mouse","ONT cDNA","1.5k-3k","IsoQuant","CQN","Kidney","K32",0.703924595882772
"Mouse","ONT cDNA","1.5k-3k","IsoQuant","CQN","Kidney","K33",0.681535009982567
"Mouse","ONT cDNA","1.5k-3k","IsoQuant","CQN","Kidney","K34",0.705054130584572
"Mouse","ONT cDNA","1.5k-3k","IsoQuant","CQN","Kidney","K35",0.672129187299745
"Mouse","ONT cDNA","1.5k-3k","IsoQuant","EDASeq","Brain","B31",0.619829545221639
"Mouse","ONT cDNA","1.5k-3k","IsoQuant","EDASeq","Brain","B32",0.670490875719572
"Mouse","ONT cDNA","1.5k-3k","IsoQuant","EDASeq","Brain","B33",0.664904453862727
"Mouse","ONT cDNA","1.5k-3k","IsoQuant","EDASeq","Brain","B34",0.64851667721904
"Mouse","ONT cDNA","1.5k-3k","IsoQuant","EDASeq","Brain","B35",0.664734750022159
"Mouse","ONT cDNA","1.5k-3k","IsoQuant","EDASeq","B20K80","BK20801",0.584647879706392
"Mouse","ONT cDNA","1.5k-3k","IsoQuant","EDASeq","B20K80","BK20802",0.642406143699018
"Mouse","ONT cDNA","1.5k-3k","IsoQuant","EDASeq","B20K80","BK20803",0.616105979606249
"Mouse","ONT cDNA","1.5k-3k","IsoQuant","EDASeq","B20K80","BK20804",0.622513352351987
"Mouse","ONT cDNA","1.5k-3k","IsoQuant","EDASeq","B20K80","BK20805",0.593296025083559
"Mouse","ONT cDNA","1.5k-3k","IsoQuant","EDASeq","B80K20","BK80201",0.603812872666216
"Mouse","ONT cDNA","1.5k-3k","IsoQuant","EDASeq","B80K20","BK80202",0.613138372472046
"Mouse","ONT cDNA","1.5k-3k","IsoQuant","EDASeq","B80K20","BK80203",0.597968648111743
"Mouse","ONT cDNA","1.5k-3k","IsoQuant","EDASeq","B80K20","BK80204",0.579176872694628
"Mouse","ONT cDNA","1.5k-3k","IsoQuant","EDASeq","B80K20","BK80205",0.577920087258383
"Mouse","ONT cDNA","1.5k-3k","IsoQuant","EDASeq","Kidney","K31",0.651125022019531
"Mouse","ONT cDNA","1.5k-3k","IsoQuant","EDASeq","Kidney","K32",0.705140673157947
"Mouse","ONT cDNA","1.5k-3k","IsoQuant","EDASeq","Kidney","K33",0.666356277272911
"Mouse","ONT cDNA","1.5k-3k","IsoQuant","EDASeq","Kidney","K34",0.699468158849993
"Mouse","ONT cDNA","1.5k-3k","IsoQuant","EDASeq","Kidney","K35",0.656198824032475
"Mouse","ONT cDNA","1.5k-3k","IsoQuant","SMR","Brain","B31",0.555802138100687
"Mouse","ONT cDNA","1.5k-3k","IsoQuant","SMR","Brain","B32",0.617977360290219
"Mouse","ONT cDNA","1.5k-3k","IsoQuant","SMR","Brain","B33",0.597732496122121
"Mouse","ONT cDNA","1.5k-3k","IsoQuant","SMR","Brain","B34",0.565422965365847
"Mouse","ONT cDNA","1.5k-3k","IsoQuant","SMR","Brain","B35",0.596481454366107
"Mouse","ONT cDNA","1.5k-3k","IsoQuant","SMR","B20K80","BK20801",0.368272120870483
"Mouse","ONT cDNA","1.5k-3k","IsoQuant","SMR","B20K80","BK20802",0.530421258062211
"Mouse","ONT cDNA","1.5k-3k","IsoQuant","SMR","B20K80","BK20803",0.476502082320087
"Mouse","ONT cDNA","1.5k-3k","IsoQuant","SMR","B20K80","BK20804",0.526997829544901
"Mouse","ONT cDNA","1.5k-3k","IsoQuant","SMR","B20K80","BK20805",0.45442539197821
"Mouse","ONT cDNA","1.5k-3k","IsoQuant","SMR","B80K20","BK80201",0.526537066016744
"Mouse","ONT cDNA","1.5k-3k","IsoQuant","SMR","B80K20","BK80202",0.510939038163293
"Mouse","ONT cDNA","1.5k-3k","IsoQuant","SMR","B80K20","BK80203",0.406170244524061
"Mouse","ONT cDNA","1.5k-3k","IsoQuant","SMR","B80K20","BK80204",0.380251877846423
"Mouse","ONT cDNA","1.5k-3k","IsoQuant","SMR","B80K20","BK80205",0.456183345162887
"Mouse","ONT cDNA","1.5k-3k","IsoQuant","SMR","Kidney","K31",0.600955368039679
"Mouse","ONT cDNA","1.5k-3k","IsoQuant","SMR","Kidney","K32",0.67647394940239
"Mouse","ONT cDNA","1.5k-3k","IsoQuant","SMR","Kidney","K33",0.614770764312327
"Mouse","ONT cDNA","1.5k-3k","IsoQuant","SMR","Kidney","K34",0.664097101260834
"Mouse","ONT cDNA","1.5k-3k","IsoQuant","SMR","Kidney","K35",0.61119504478191
"Mouse","ONT cDNA","1.5k-3k","IsoQuant","TPM","Brain","B31",0.609615755214825
"Mouse","ONT cDNA","1.5k-3k","IsoQuant","TPM","Brain","B32",0.648214575667528
"Mouse","ONT cDNA","1.5k-3k","IsoQuant","TPM","Brain","B33",0.643899308960824
"Mouse","ONT cDNA","1.5k-3k","IsoQuant","TPM","Brain","B34",0.629915098190347
"Mouse","ONT cDNA","1.5k-3k","IsoQuant","TPM","Brain","B35",0.645724989823715
"Mouse","ONT cDNA","1.5k-3k","IsoQuant","TPM","B20K80","BK20801",0.591465269602051
"Mouse","ONT cDNA","1.5k-3k","IsoQuant","TPM","B20K80","BK20802",0.630969119005729
"Mouse","ONT cDNA","1.5k-3k","IsoQuant","TPM","B20K80","BK20803",0.619622862541351
"Mouse","ONT cDNA","1.5k-3k","IsoQuant","TPM","B20K80","BK20804",0.62531270287079
"Mouse","ONT cDNA","1.5k-3k","IsoQuant","TPM","B20K80","BK20805",0.601176816025758
"Mouse","ONT cDNA","1.5k-3k","IsoQuant","TPM","B80K20","BK80201",0.590589516250884
"Mouse","ONT cDNA","1.5k-3k","IsoQuant","TPM","B80K20","BK80202",0.59578180993752
"Mouse","ONT cDNA","1.5k-3k","IsoQuant","TPM","B80K20","BK80203",0.582874781309618
"Mouse","ONT cDNA","1.5k-3k","IsoQuant","TPM","B80K20","BK80204",0.568895899651432
"Mouse","ONT cDNA","1.5k-3k","IsoQuant","TPM","B80K20","BK80205",0.56905709620021
"Mouse","ONT cDNA","1.5k-3k","IsoQuant","TPM","Kidney","K31",0.659703991767753
"Mouse","ONT cDNA","1.5k-3k","IsoQuant","TPM","Kidney","K32",0.696897122761425
"Mouse","ONT cDNA","1.5k-3k","IsoQuant","TPM","Kidney","K33",0.671078948245547
"Mouse","ONT cDNA","1.5k-3k","IsoQuant","TPM","Kidney","K34",0.697381890690156
"Mouse","ONT cDNA","1.5k-3k","IsoQuant","TPM","Kidney","K35",0.670360540826087
"Mouse","ONT cDNA","1.5k-3k","Kallisto","CPM","Brain","B31",0.707803636590272
"Mouse","ONT cDNA","1.5k-3k","Kallisto","CPM","Brain","B32",0.721526616371829
"Mouse","ONT cDNA","1.5k-3k","Kallisto","CPM","Brain","B33",0.711259979802106
"Mouse","ONT cDNA","1.5k-3k","Kallisto","CPM","Brain","B34",0.709065208569725
"Mouse","ONT cDNA","1.5k-3k","Kallisto","CPM","Brain","B35",0.695812826115817
"Mouse","ONT cDNA","1.5k-3k","Kallisto","CPM","B20K80","BK20801",0.658537682520452
"Mouse","ONT cDNA","1.5k-3k","Kallisto","CPM","B20K80","BK20802",0.69178194608494
"Mouse","ONT cDNA","1.5k-3k","Kallisto","CPM","B20K80","BK20803",0.678251478725703
"Mouse","ONT cDNA","1.5k-3k","Kallisto","CPM","B20K80","BK20804",0.677264676511829
"Mouse","ONT cDNA","1.5k-3k","Kallisto","CPM","B20K80","BK20805",0.661648943804281
"Mouse","ONT cDNA","1.5k-3k","Kallisto","CPM","B80K20","BK80201",0.65746972333867
"Mouse","ONT cDNA","1.5k-3k","Kallisto","CPM","B80K20","BK80202",0.665628337701656
"Mouse","ONT cDNA","1.5k-3k","Kallisto","CPM","B80K20","BK80203",0.649491769957671
"Mouse","ONT cDNA","1.5k-3k","Kallisto","CPM","B80K20","BK80204",0.663623879855974
"Mouse","ONT cDNA","1.5k-3k","Kallisto","CPM","B80K20","BK80205",0.639069668458031
"Mouse","ONT cDNA","1.5k-3k","Kallisto","CPM","Kidney","K31",0.73576482817174
"Mouse","ONT cDNA","1.5k-3k","Kallisto","CPM","Kidney","K32",0.756524517430243
"Mouse","ONT cDNA","1.5k-3k","Kallisto","CPM","Kidney","K33",0.73854149756027
"Mouse","ONT cDNA","1.5k-3k","Kallisto","CPM","Kidney","K34",0.736627467311081
"Mouse","ONT cDNA","1.5k-3k","Kallisto","CPM","Kidney","K35",0.73577982732958
"Mouse","ONT cDNA","1.5k-3k","Kallisto","CQN","Brain","B31",0.73035145625994
"Mouse","ONT cDNA","1.5k-3k","Kallisto","CQN","Brain","B32",0.748300666307758
"Mouse","ONT cDNA","1.5k-3k","Kallisto","CQN","Brain","B33",0.734485432152959
"Mouse","ONT cDNA","1.5k-3k","Kallisto","CQN","Brain","B34",0.735878068211899
"Mouse","ONT cDNA","1.5k-3k","Kallisto","CQN","Brain","B35",0.736036532840792
"Mouse","ONT cDNA","1.5k-3k","Kallisto","CQN","B20K80","BK20801",0.668616368393361
"Mouse","ONT cDNA","1.5k-3k","Kallisto","CQN","B20K80","BK20802",0.69948600558697
"Mouse","ONT cDNA","1.5k-3k","Kallisto","CQN","B20K80","BK20803",0.681866918047258
"Mouse","ONT cDNA","1.5k-3k","Kallisto","CQN","B20K80","BK20804",0.682930989494503
"Mouse","ONT cDNA","1.5k-3k","Kallisto","CQN","B20K80","BK20805",0.664101230419755
"Mouse","ONT cDNA","1.5k-3k","Kallisto","CQN","B80K20","BK80201",0.678306618832742
"Mouse","ONT cDNA","1.5k-3k","Kallisto","CQN","B80K20","BK80202",0.686849040669612
"Mouse","ONT cDNA","1.5k-3k","Kallisto","CQN","B80K20","BK80203",0.670463797753547
"Mouse","ONT cDNA","1.5k-3k","Kallisto","CQN","B80K20","BK80204",0.686141130100011
"Mouse","ONT cDNA","1.5k-3k","Kallisto","CQN","B80K20","BK80205",0.651460415118153
"Mouse","ONT cDNA","1.5k-3k","Kallisto","CQN","Kidney","K31",0.74245575591941
"Mouse","ONT cDNA","1.5k-3k","Kallisto","CQN","Kidney","K32",0.773935578893806
"Mouse","ONT cDNA","1.5k-3k","Kallisto","CQN","Kidney","K33",0.757071741601833
"Mouse","ONT cDNA","1.5k-3k","Kallisto","CQN","Kidney","K34",0.751295793487472
"Mouse","ONT cDNA","1.5k-3k","Kallisto","CQN","Kidney","K35",0.734975209343026
"Mouse","ONT cDNA","1.5k-3k","Kallisto","EDASeq","Brain","B31",0.706593457585686
"Mouse","ONT cDNA","1.5k-3k","Kallisto","EDASeq","Brain","B32",0.722544551358333
"Mouse","ONT cDNA","1.5k-3k","Kallisto","EDASeq","Brain","B33",0.710884053163908
"Mouse","ONT cDNA","1.5k-3k","Kallisto","EDASeq","Brain","B34",0.708705680067638
"Mouse","ONT cDNA","1.5k-3k","Kallisto","EDASeq","Brain","B35",0.695263314331412
"Mouse","ONT cDNA","1.5k-3k","Kallisto","EDASeq","B20K80","BK20801",0.650436913127507
"Mouse","ONT cDNA","1.5k-3k","Kallisto","EDASeq","B20K80","BK20802",0.688470651923497
"Mouse","ONT cDNA","1.5k-3k","Kallisto","EDASeq","B20K80","BK20803",0.670269480647466
"Mouse","ONT cDNA","1.5k-3k","Kallisto","EDASeq","B20K80","BK20804",0.668956591906222
"Mouse","ONT cDNA","1.5k-3k","Kallisto","EDASeq","B20K80","BK20805",0.651489285137471
"Mouse","ONT cDNA","1.5k-3k","Kallisto","EDASeq","B80K20","BK80201",0.65585573413708
"Mouse","ONT cDNA","1.5k-3k","Kallisto","EDASeq","B80K20","BK80202",0.66622641384166
"Mouse","ONT cDNA","1.5k-3k","Kallisto","EDASeq","B80K20","BK80203",0.649247138314705
"Mouse","ONT cDNA","1.5k-3k","Kallisto","EDASeq","B80K20","BK80204",0.66113918588337794
"Mouse","ONT cDNA","1.5k-3k","Kallisto","EDASeq","B80K20","BK80205",0.636595548057841
"Mouse","ONT cDNA","1.5k-3k","Kallisto","EDASeq","Kidney","K31",0.721150932641044
"Mouse","ONT cDNA","1.5k-3k","Kallisto","EDASeq","Kidney","K32",0.749383940815212
"Mouse","ONT cDNA","1.5k-3k","Kallisto","EDASeq","Kidney","K33",0.725991548311657
"Mouse","ONT cDNA","1.5k-3k","Kallisto","EDASeq","Kidney","K34",0.726131249532299
"Mouse","ONT cDNA","1.5k-3k","Kallisto","EDASeq","Kidney","K35",0.719648381937021
"Mouse","ONT cDNA","1.5k-3k","Kallisto","SMR","Brain","B31",0.721307827674557
"Mouse","ONT cDNA","1.5k-3k","Kallisto","SMR","Brain","B32",0.766984145448868
"Mouse","ONT cDNA","1.5k-3k","Kallisto","SMR","Brain","B33",0.750048205634921
"Mouse","ONT cDNA","1.5k-3k","Kallisto","SMR","Brain","B34",0.722956762008619
"Mouse","ONT cDNA","1.5k-3k","Kallisto","SMR","Brain","B35",0.719883369867391
"Mouse","ONT cDNA","1.5k-3k","Kallisto","SMR","B20K80","BK20801",0.556164656598072
"Mouse","ONT cDNA","1.5k-3k","Kallisto","SMR","B20K80","BK20802",0.696742508368722
"Mouse","ONT cDNA","1.5k-3k","Kallisto","SMR","B20K80","BK20803",0.667115490006809
"Mouse","ONT cDNA","1.5k-3k","Kallisto","SMR","B20K80","BK20804",0.696630563922101
"Mouse","ONT cDNA","1.5k-3k","Kallisto","SMR","B20K80","BK20805",0.649928615446204
"Mouse","ONT cDNA","1.5k-3k","Kallisto","SMR","B80K20","BK80201",0.650115391015296
"Mouse","ONT cDNA","1.5k-3k","Kallisto","SMR","B80K20","BK80202",0.643435860438821
"Mouse","ONT cDNA","1.5k-3k","Kallisto","SMR","B80K20","BK80203",0.518616330383239
"Mouse","ONT cDNA","1.5k-3k","Kallisto","SMR","B80K20","BK80204",0.587126935731615
"Mouse","ONT cDNA","1.5k-3k","Kallisto","SMR","B80K20","BK80205",0.576338910336776
"Mouse","ONT cDNA","1.5k-3k","Kallisto","SMR","Kidney","K31",0.750053356235594
"Mouse","ONT cDNA","1.5k-3k","Kallisto","SMR","Kidney","K32",0.810418782625769
"Mouse","ONT cDNA","1.5k-3k","Kallisto","SMR","Kidney","K33",0.760963126924636
"Mouse","ONT cDNA","1.5k-3k","Kallisto","SMR","Kidney","K34",0.770565767889542
"Mouse","ONT cDNA","1.5k-3k","Kallisto","SMR","Kidney","K35",0.754815776555132
"Mouse","ONT cDNA","1.5k-3k","Kallisto","TPM","Brain","B31",0.700434011072994
"Mouse","ONT cDNA","1.5k-3k","Kallisto","TPM","Brain","B32",0.708049795105757
"Mouse","ONT cDNA","1.5k-3k","Kallisto","TPM","Brain","B33",0.70019425036534
"Mouse","ONT cDNA","1.5k-3k","Kallisto","TPM","Brain","B34",0.697709045657093
"Mouse","ONT cDNA","1.5k-3k","Kallisto","TPM","Brain","B35",0.685629360313781
"Mouse","ONT cDNA","1.5k-3k","Kallisto","TPM","B20K80","BK20801",0.658139335596933
"Mouse","ONT cDNA","1.5k-3k","Kallisto","TPM","B20K80","BK20802",0.684699642445239
"Mouse","ONT cDNA","1.5k-3k","Kallisto","TPM","B20K80","BK20803",0.676062792169988
"Mouse","ONT cDNA","1.5k-3k","Kallisto","TPM","B20K80","BK20804",0.674603402757304
"Mouse","ONT cDNA","1.5k-3k","Kallisto","TPM","B20K80","BK20805",0.662409763912507
"Mouse","ONT cDNA","1.5k-3k","Kallisto","TPM","B80K20","BK80201",0.64839850835232
"Mouse","ONT cDNA","1.5k-3k","Kallisto","TPM","B80K20","BK80202",0.65355822558062
"Mouse","ONT cDNA","1.5k-3k","Kallisto","TPM","B80K20","BK80203",0.637738275687977
"Mouse","ONT cDNA","1.5k-3k","Kallisto","TPM","B80K20","BK80204",0.655003453674881
"Mouse","ONT cDNA","1.5k-3k","Kallisto","TPM","B80K20","BK80205",0.63165222936617
"Mouse","ONT cDNA","1.5k-3k","Kallisto","TPM","Kidney","K31",0.737822977439699
"Mouse","ONT cDNA","1.5k-3k","Kallisto","TPM","Kidney","K32",0.751465319654077
"Mouse","ONT cDNA","1.5k-3k","Kallisto","TPM","Kidney","K33",0.737729497301295
"Mouse","ONT cDNA","1.5k-3k","Kallisto","TPM","Kidney","K34",0.732819494262993
"Mouse","ONT cDNA","1.5k-3k","Kallisto","TPM","Kidney","K35",0.737227874671276
"Mouse","ONT cDNA","1.5k-3k","Oarfish","CPM","Brain","B31",0.716596065888972
"Mouse","ONT cDNA","1.5k-3k","Oarfish","CPM","Brain","B32",0.732446529319656
"Mouse","ONT cDNA","1.5k-3k","Oarfish","CPM","Brain","B33",0.727730509211412
"Mouse","ONT cDNA","1.5k-3k","Oarfish","CPM","Brain","B34",0.717932104567321
"Mouse","ONT cDNA","1.5k-3k","Oarfish","CPM","Brain","B35",0.721359992984724
"Mouse","ONT cDNA","1.5k-3k","Oarfish","CPM","B20K80","BK20801",0.690711310027747
"Mouse","ONT cDNA","1.5k-3k","Oarfish","CPM","B20K80","BK20802",0.717081098971331
"Mouse","ONT cDNA","1.5k-3k","Oarfish","CPM","B20K80","BK20803",0.704389042343723
"Mouse","ONT cDNA","1.5k-3k","Oarfish","CPM","B20K80","BK20804",0.699991240999934
"Mouse","ONT cDNA","1.5k-3k","Oarfish","CPM","B20K80","BK20805",0.683320245519659
"Mouse","ONT cDNA","1.5k-3k","Oarfish","CPM","B80K20","BK80201",0.691247006632828
"Mouse","ONT cDNA","1.5k-3k","Oarfish","CPM","B80K20","BK80202",0.696192488894299
"Mouse","ONT cDNA","1.5k-3k","Oarfish","CPM","B80K20","BK80203",0.678323300563463
"Mouse","ONT cDNA","1.5k-3k","Oarfish","CPM","B80K20","BK80204",0.686118537220758
"Mouse","ONT cDNA","1.5k-3k","Oarfish","CPM","B80K20","BK80205",0.671051460649584
"Mouse","ONT cDNA","1.5k-3k","Oarfish","CPM","Kidney","K31",0.754902861099542
"Mouse","ONT cDNA","1.5k-3k","Oarfish","CPM","Kidney","K32",0.780982894188696
"Mouse","ONT cDNA","1.5k-3k","Oarfish","CPM","Kidney","K33",0.76047546006063
"Mouse","ONT cDNA","1.5k-3k","Oarfish","CPM","Kidney","K34",0.771126489759894
"Mouse","ONT cDNA","1.5k-3k","Oarfish","CPM","Kidney","K35",0.75695846786755006
"Mouse","ONT cDNA","1.5k-3k","Oarfish","CQN","Brain","B31",0.735732373780684
"Mouse","ONT cDNA","1.5k-3k","Oarfish","CQN","Brain","B32",0.753666419066539
"Mouse","ONT cDNA","1.5k-3k","Oarfish","CQN","Brain","B33",0.747407882029122
"Mouse","ONT cDNA","1.5k-3k","Oarfish","CQN","Brain","B34",0.743215148224628
"Mouse","ONT cDNA","1.5k-3k","Oarfish","CQN","Brain","B35",0.754669822172788
"Mouse","ONT cDNA","1.5k-3k","Oarfish","CQN","B20K80","BK20801",0.699375776482526
"Mouse","ONT cDNA","1.5k-3k","Oarfish","CQN","B20K80","BK20802",0.725830602421734
"Mouse","ONT cDNA","1.5k-3k","Oarfish","CQN","B20K80","BK20803",0.713600830576624
"Mouse","ONT cDNA","1.5k-3k","Oarfish","CQN","B20K80","BK20804",0.70535311496066
"Mouse","ONT cDNA","1.5k-3k","Oarfish","CQN","B20K80","BK20805",0.680866809413666
"Mouse","ONT cDNA","1.5k-3k","Oarfish","CQN","B80K20","BK80201",0.701705035625515
"Mouse","ONT cDNA","1.5k-3k","Oarfish","CQN","B80K20","BK80202",0.709633615911945
"Mouse","ONT cDNA","1.5k-3k","Oarfish","CQN","B80K20","BK80203",0.690101555290827
"Mouse","ONT cDNA","1.5k-3k","Oarfish","CQN","B80K20","BK80204",0.700309570237239
"Mouse","ONT cDNA","1.5k-3k","Oarfish","CQN","B80K20","BK80205",0.687505502021029
"Mouse","ONT cDNA","1.5k-3k","Oarfish","CQN","Kidney","K31",0.770197281730587
"Mouse","ONT cDNA","1.5k-3k","Oarfish","CQN","Kidney","K32",0.803039237713049
"Mouse","ONT cDNA","1.5k-3k","Oarfish","CQN","Kidney","K33",0.781922926601806
"Mouse","ONT cDNA","1.5k-3k","Oarfish","CQN","Kidney","K34",0.786745600269851
"Mouse","ONT cDNA","1.5k-3k","Oarfish","CQN","Kidney","K35",0.75772516737795
"Mouse","ONT cDNA","1.5k-3k","Oarfish","EDASeq","Brain","B31",0.715471522581657
"Mouse","ONT cDNA","1.5k-3k","Oarfish","EDASeq","Brain","B32",0.73384516700737
"Mouse","ONT cDNA","1.5k-3k","Oarfish","EDASeq","Brain","B33",0.728050985845973
"Mouse","ONT cDNA","1.5k-3k","Oarfish","EDASeq","Brain","B34",0.71824229240668
"Mouse","ONT cDNA","1.5k-3k","Oarfish","EDASeq","Brain","B35",0.720959656758731
"Mouse","ONT cDNA","1.5k-3k","Oarfish","EDASeq","B20K80","BK20801",0.686330867012703
"Mouse","ONT cDNA","1.5k-3k","Oarfish","EDASeq","B20K80","BK20802",0.715376332244733
"Mouse","ONT cDNA","1.5k-3k","Oarfish","EDASeq","B20K80","BK20803",0.698952291066693
"Mouse","ONT cDNA","1.5k-3k","Oarfish","EDASeq","B20K80","BK20804",0.69375171871359
"Mouse","ONT cDNA","1.5k-3k","Oarfish","EDASeq","B20K80","BK20805",0.676786881582366
"Mouse","ONT cDNA","1.5k-3k","Oarfish","EDASeq","B80K20","BK80201",0.69051216150421
"Mouse","ONT cDNA","1.5k-3k","Oarfish","EDASeq","B80K20","BK80202",0.697114691341572
"Mouse","ONT cDNA","1.5k-3k","Oarfish","EDASeq","B80K20","BK80203",0.677478675326908
"Mouse","ONT cDNA","1.5k-3k","Oarfish","EDASeq","B80K20","BK80204",0.684795818436947
"Mouse","ONT cDNA","1.5k-3k","Oarfish","EDASeq","B80K20","BK80205",0.669166026226373
"Mouse","ONT cDNA","1.5k-3k","Oarfish","EDASeq","Kidney","K31",0.745590615244898
"Mouse","ONT cDNA","1.5k-3k","Oarfish","EDASeq","Kidney","K32",0.777245168236737
"Mouse","ONT cDNA","1.5k-3k","Oarfish","EDASeq","Kidney","K33",0.752708331918357
"Mouse","ONT cDNA","1.5k-3k","Oarfish","EDASeq","Kidney","K34",0.762690871688767
"Mouse","ONT cDNA","1.5k-3k","Oarfish","EDASeq","Kidney","K35",0.744804671530538
"Mouse","ONT cDNA","1.5k-3k","Oarfish","SMR","Brain","B31",0.70351308993103
"Mouse","ONT cDNA","1.5k-3k","Oarfish","SMR","Brain","B32",0.73203057266973
"Mouse","ONT cDNA","1.5k-3k","Oarfish","SMR","Brain","B33",0.707961342015826
"Mouse","ONT cDNA","1.5k-3k","Oarfish","SMR","Brain","B34",0.687339761063292
"Mouse","ONT cDNA","1.5k-3k","Oarfish","SMR","Brain","B35",0.694635176477252
"Mouse","ONT cDNA","1.5k-3k","Oarfish","SMR","B20K80","BK20801",0.562669971869985
"Mouse","ONT cDNA","1.5k-3k","Oarfish","SMR","B20K80","BK20802",0.683681523624642
"Mouse","ONT cDNA","1.5k-3k","Oarfish","SMR","B20K80","BK20803",0.678943976559489
"Mouse","ONT cDNA","1.5k-3k","Oarfish","SMR","B20K80","BK20804",0.700649111718139
"Mouse","ONT cDNA","1.5k-3k","Oarfish","SMR","B20K80","BK20805",0.646629475976568
"Mouse","ONT cDNA","1.5k-3k","Oarfish","SMR","B80K20","BK80201",0.637915343845066
"Mouse","ONT cDNA","1.5k-3k","Oarfish","SMR","B80K20","BK80202",0.614185203094628
"Mouse","ONT cDNA","1.5k-3k","Oarfish","SMR","B80K20","BK80203",0.507623971658413
"Mouse","ONT cDNA","1.5k-3k","Oarfish","SMR","B80K20","BK80204",0.543954008984767
"Mouse","ONT cDNA","1.5k-3k","Oarfish","SMR","B80K20","BK80205",0.570408105181199
"Mouse","ONT cDNA","1.5k-3k","Oarfish","SMR","Kidney","K31",0.742944375745451
"Mouse","ONT cDNA","1.5k-3k","Oarfish","SMR","Kidney","K32",0.798999291582069
"Mouse","ONT cDNA","1.5k-3k","Oarfish","SMR","Kidney","K33",0.763673174311768
"Mouse","ONT cDNA","1.5k-3k","Oarfish","SMR","Kidney","K34",0.770008643083557
"Mouse","ONT cDNA","1.5k-3k","Oarfish","SMR","Kidney","K35",0.741856338044104
"Mouse","ONT cDNA","1.5k-3k","Oarfish","TPM","Brain","B31",0.708876247318196
"Mouse","ONT cDNA","1.5k-3k","Oarfish","TPM","Brain","B32",0.719222334238313
"Mouse","ONT cDNA","1.5k-3k","Oarfish","TPM","Brain","B33",0.716285825579626
"Mouse","ONT cDNA","1.5k-3k","Oarfish","TPM","Brain","B34",0.707347245419005
"Mouse","ONT cDNA","1.5k-3k","Oarfish","TPM","Brain","B35",0.711274052420566
"Mouse","ONT cDNA","1.5k-3k","Oarfish","TPM","B20K80","BK20801",0.68704717352941
"Mouse","ONT cDNA","1.5k-3k","Oarfish","TPM","B20K80","BK20802",0.70801362860773
"Mouse","ONT cDNA","1.5k-3k","Oarfish","TPM","B20K80","BK20803",0.700841714528657
"Mouse","ONT cDNA","1.5k-3k","Oarfish","TPM","B20K80","BK20804",0.696282284110717
"Mouse","ONT cDNA","1.5k-3k","Oarfish","TPM","B20K80","BK20805",0.681170305858179
"Mouse","ONT cDNA","1.5k-3k","Oarfish","TPM","B80K20","BK80201",0.681543011295298
"Mouse","ONT cDNA","1.5k-3k","Oarfish","TPM","B80K20","BK80202",0.683637057398245
"Mouse","ONT cDNA","1.5k-3k","Oarfish","TPM","B80K20","BK80203",0.668472352448947
"Mouse","ONT cDNA","1.5k-3k","Oarfish","TPM","B80K20","BK80204",0.676654484033207
"Mouse","ONT cDNA","1.5k-3k","Oarfish","TPM","B80K20","BK80205",0.663066373302882
"Mouse","ONT cDNA","1.5k-3k","Oarfish","TPM","Kidney","K31",0.754928758272371
"Mouse","ONT cDNA","1.5k-3k","Oarfish","TPM","Kidney","K32",0.774671641190126
"Mouse","ONT cDNA","1.5k-3k","Oarfish","TPM","Kidney","K33",0.758567934013931
"Mouse","ONT cDNA","1.5k-3k","Oarfish","TPM","Kidney","K34",0.766579600503357
"Mouse","ONT cDNA","1.5k-3k","Oarfish","TPM","Kidney","K35",0.75799986842495
"Mouse","ONT cDNA","3k-4.5k","Bambu","CPM","Brain","B31",0.581519633755431
"Mouse","ONT cDNA","3k-4.5k","Bambu","CPM","Brain","B32",0.615178229083183
"Mouse","ONT cDNA","3k-4.5k","Bambu","CPM","Brain","B33",0.603307004157473
"Mouse","ONT cDNA","3k-4.5k","Bambu","CPM","Brain","B34",0.574475590272823
"Mouse","ONT cDNA","3k-4.5k","Bambu","CPM","Brain","B35",0.606269587198767
"Mouse","ONT cDNA","3k-4.5k","Bambu","CPM","B20K80","BK20801",0.525369855121555
"Mouse","ONT cDNA","3k-4.5k","Bambu","CPM","B20K80","BK20802",0.574622391552797
"Mouse","ONT cDNA","3k-4.5k","Bambu","CPM","B20K80","BK20803",0.550268608113333
"Mouse","ONT cDNA","3k-4.5k","Bambu","CPM","B20K80","BK20804",0.564605339163369
"Mouse","ONT cDNA","3k-4.5k","Bambu","CPM","B20K80","BK20805",0.520532832045468
"Mouse","ONT cDNA","3k-4.5k","Bambu","CPM","B80K20","BK80201",0.526591544132218
"Mouse","ONT cDNA","3k-4.5k","Bambu","CPM","B80K20","BK80202",0.554616198293718
"Mouse","ONT cDNA","3k-4.5k","Bambu","CPM","B80K20","BK80203",0.538686936334502
"Mouse","ONT cDNA","3k-4.5k","Bambu","CPM","B80K20","BK80204",0.53047017198649
"Mouse","ONT cDNA","3k-4.5k","Bambu","CPM","B80K20","BK80205",0.535386056371979
"Mouse","ONT cDNA","3k-4.5k","Bambu","CPM","Kidney","K31",0.654303258791237
"Mouse","ONT cDNA","3k-4.5k","Bambu","CPM","Kidney","K32",0.675892082888979
"Mouse","ONT cDNA","3k-4.5k","Bambu","CPM","Kidney","K33",0.675876387777745
"Mouse","ONT cDNA","3k-4.5k","Bambu","CPM","Kidney","K34",0.664819098369486
"Mouse","ONT cDNA","3k-4.5k","Bambu","CPM","Kidney","K35",0.647876522035507
"Mouse","ONT cDNA","3k-4.5k","Bambu","CQN","Brain","B31",0.585585651456258
"Mouse","ONT cDNA","3k-4.5k","Bambu","CQN","Brain","B32",0.629446647857368
"Mouse","ONT cDNA","3k-4.5k","Bambu","CQN","Brain","B33",0.613259821372038
"Mouse","ONT cDNA","3k-4.5k","Bambu","CQN","Brain","B34",0.593510835499663
"Mouse","ONT cDNA","3k-4.5k","Bambu","CQN","Brain","B35",0.62681400070173
"Mouse","ONT cDNA","3k-4.5k","Bambu","CQN","B20K80","BK20801",0.52377540924501
"Mouse","ONT cDNA","3k-4.5k","Bambu","CQN","B20K80","BK20802",0.576920848174195
"Mouse","ONT cDNA","3k-4.5k","Bambu","CQN","B20K80","BK20803",0.546555432093931
"Mouse","ONT cDNA","3k-4.5k","Bambu","CQN","B20K80","BK20804",0.558198931661575
"Mouse","ONT cDNA","3k-4.5k","Bambu","CQN","B20K80","BK20805",0.503029451386574
"Mouse","ONT cDNA","3k-4.5k","Bambu","CQN","B80K20","BK80201",0.530602327927457
"Mouse","ONT cDNA","3k-4.5k","Bambu","CQN","B80K20","BK80202",0.558437886759145
"Mouse","ONT cDNA","3k-4.5k","Bambu","CQN","B80K20","BK80203",0.541156802299299
"Mouse","ONT cDNA","3k-4.5k","Bambu","CQN","B80K20","BK80204",0.528910417748939
"Mouse","ONT cDNA","3k-4.5k","Bambu","CQN","B80K20","BK80205",0.533292346044133
"Mouse","ONT cDNA","3k-4.5k","Bambu","CQN","Kidney","K31",0.663548403578393
"Mouse","ONT cDNA","3k-4.5k","Bambu","CQN","Kidney","K32",0.698305354117262
"Mouse","ONT cDNA","3k-4.5k","Bambu","CQN","Kidney","K33",0.684393387604444
"Mouse","ONT cDNA","3k-4.5k","Bambu","CQN","Kidney","K34",0.678659232091445
"Mouse","ONT cDNA","3k-4.5k","Bambu","CQN","Kidney","K35",0.640669216105511
"Mouse","ONT cDNA","3k-4.5k","Bambu","EDASeq","Brain","B31",0.577677113998148
"Mouse","ONT cDNA","3k-4.5k","Bambu","EDASeq","Brain","B32",0.613315679533357
"Mouse","ONT cDNA","3k-4.5k","Bambu","EDASeq","Brain","B33",0.599862242618592
"Mouse","ONT cDNA","3k-4.5k","Bambu","EDASeq","Brain","B34",0.57128541976855
"Mouse","ONT cDNA","3k-4.5k","Bambu","EDASeq","Brain","B35",0.602092489056855
"Mouse","ONT cDNA","3k-4.5k","Bambu","EDASeq","B20K80","BK20801",0.51987110283281
"Mouse","ONT cDNA","3k-4.5k","Bambu","EDASeq","B20K80","BK20802",0.570224482832257
"Mouse","ONT cDNA","3k-4.5k","Bambu","EDASeq","B20K80","BK20803",0.544951878359844
"Mouse","ONT cDNA","3k-4.5k","Bambu","EDASeq","B20K80","BK20804",0.558534126097974
"Mouse","ONT cDNA","3k-4.5k","Bambu","EDASeq","B20K80","BK20805",0.515567471815898
"Mouse","ONT cDNA","3k-4.5k","Bambu","EDASeq","B80K20","BK80201",0.523523980972279
"Mouse","ONT cDNA","3k-4.5k","Bambu","EDASeq","B80K20","BK80202",0.551372535704338
"Mouse","ONT cDNA","3k-4.5k","Bambu","EDASeq","B80K20","BK80203",0.534020482466924
"Mouse","ONT cDNA","3k-4.5k","Bambu","EDASeq","B80K20","BK80204",0.525222154075738
"Mouse","ONT cDNA","3k-4.5k","Bambu","EDASeq","B80K20","BK80205",0.531649317209336
"Mouse","ONT cDNA","3k-4.5k","Bambu","EDASeq","Kidney","K31",0.646658059061561
"Mouse","ONT cDNA","3k-4.5k","Bambu","EDASeq","Kidney","K32",0.667594508869091
"Mouse","ONT cDNA","3k-4.5k","Bambu","EDASeq","Kidney","K33",0.667033877508433
"Mouse","ONT cDNA","3k-4.5k","Bambu","EDASeq","Kidney","K34",0.654931445193265
"Mouse","ONT cDNA","3k-4.5k","Bambu","EDASeq","Kidney","K35",0.638153247721169
"Mouse","ONT cDNA","3k-4.5k","Bambu","SMR","Brain","B31",0.585190371399052
"Mouse","ONT cDNA","3k-4.5k","Bambu","SMR","Brain","B32",0.681444778576995
"Mouse","ONT cDNA","3k-4.5k","Bambu","SMR","Brain","B33",0.640746437931455
"Mouse","ONT cDNA","3k-4.5k","Bambu","SMR","Brain","B34",0.615679045696565
"Mouse","ONT cDNA","3k-4.5k","Bambu","SMR","Brain","B35",0.641502025704132
"Mouse","ONT cDNA","3k-4.5k","Bambu","SMR","B20K80","BK20801",0.488326290010816
"Mouse","ONT cDNA","3k-4.5k","Bambu","SMR","B20K80","BK20802",0.581331056008765
"Mouse","ONT cDNA","3k-4.5k","Bambu","SMR","B20K80","BK20803",0.583602130913234
"Mouse","ONT cDNA","3k-4.5k","Bambu","SMR","B20K80","BK20804",0.622757874268363
"Mouse","ONT cDNA","3k-4.5k","Bambu","SMR","B20K80","BK20805",0.542749672232145
"Mouse","ONT cDNA","3k-4.5k","Bambu","SMR","B80K20","BK80201",0.522632188693827
"Mouse","ONT cDNA","3k-4.5k","Bambu","SMR","B80K20","BK80202",0.559094437744528
"Mouse","ONT cDNA","3k-4.5k","Bambu","SMR","B80K20","BK80203",0.439160152019971
"Mouse","ONT cDNA","3k-4.5k","Bambu","SMR","B80K20","BK80204",0.459588020008242
"Mouse","ONT cDNA","3k-4.5k","Bambu","SMR","B80K20","BK80205",0.483612772379637
"Mouse","ONT cDNA","3k-4.5k","Bambu","SMR","Kidney","K31",0.69643023284561
"Mouse","ONT cDNA","3k-4.5k","Bambu","SMR","Kidney","K32",0.730023016080793
"Mouse","ONT cDNA","3k-4.5k","Bambu","SMR","Kidney","K33",0.707151513456619
"Mouse","ONT cDNA","3k-4.5k","Bambu","SMR","Kidney","K34",0.726766449796522
"Mouse","ONT cDNA","3k-4.5k","Bambu","SMR","Kidney","K35",0.685193568337556
"Mouse","ONT cDNA","3k-4.5k","Bambu","TPM","Brain","B31",0.585593276466185
"Mouse","ONT cDNA","3k-4.5k","Bambu","TPM","Brain","B32",0.61535731700499
"Mouse","ONT cDNA","3k-4.5k","Bambu","TPM","Brain","B33",0.604360068569943
"Mouse","ONT cDNA","3k-4.5k","Bambu","TPM","Brain","B34",0.577125864186427
"Mouse","ONT cDNA","3k-4.5k","Bambu","TPM","Brain","B35",0.608250227316694
"Mouse","ONT cDNA","3k-4.5k","Bambu","TPM","B20K80","BK20801",0.529301645506524
"Mouse","ONT cDNA","3k-4.5k","Bambu","TPM","B20K80","BK20802",0.574354352632488
"Mouse","ONT cDNA","3k-4.5k","Bambu","TPM","B20K80","BK20803",0.552672032406954
"Mouse","ONT cDNA","3k-4.5k","Bambu","TPM","B20K80","BK20804",0.568235503047127
"Mouse","ONT cDNA","3k-4.5k","Bambu","TPM","B20K80","BK20805",0.523847769182515
"Mouse","ONT cDNA","3k-4.5k","Bambu","TPM","B80K20","BK80201",0.5275121132162
"Mouse","ONT cDNA","3k-4.5k","Bambu","TPM","B80K20","BK80202",0.555010672895084
"Mouse","ONT cDNA","3k-4.5k","Bambu","TPM","B80K20","BK80203",0.539916174407896
"Mouse","ONT cDNA","3k-4.5k","Bambu","TPM","B80K20","BK80204",0.533068040741947
"Mouse","ONT cDNA","3k-4.5k","Bambu","TPM","B80K20","BK80205",0.537592393731569
"Mouse","ONT cDNA","3k-4.5k","Bambu","TPM","Kidney","K31",0.657560470391943
"Mouse","ONT cDNA","3k-4.5k","Bambu","TPM","Kidney","K32",0.678216791651788
"Mouse","ONT cDNA","3k-4.5k","Bambu","TPM","Kidney","K33",0.679823421998807
"Mouse","ONT cDNA","3k-4.5k","Bambu","TPM","Kidney","K34",0.667873728860499
"Mouse","ONT cDNA","3k-4.5k","Bambu","TPM","Kidney","K35",0.652849924873848
"Mouse","ONT cDNA","3k-4.5k","FLAIR","CPM","Brain","B31",0.505256661921391
"Mouse","ONT cDNA","3k-4.5k","FLAIR","CPM","Brain","B32",0.544618701765507
"Mouse","ONT cDNA","3k-4.5k","FLAIR","CPM","Brain","B33",0.533436009917064
"Mouse","ONT cDNA","3k-4.5k","FLAIR","CPM","Brain","B34",0.501066950499541
"Mouse","ONT cDNA","3k-4.5k","FLAIR","CPM","Brain","B35",0.539944892336638
"Mouse","ONT cDNA","3k-4.5k","FLAIR","CPM","B20K80","BK20801",0.507423692404915
"Mouse","ONT cDNA","3k-4.5k","FLAIR","CPM","B20K80","BK20802",0.568311201415614
"Mouse","ONT cDNA","3k-4.5k","FLAIR","CPM","B20K80","BK20803",0.529202756671225
"Mouse","ONT cDNA","3k-4.5k","FLAIR","CPM","B20K80","BK20804",0.519800144779229
"Mouse","ONT cDNA","3k-4.5k","FLAIR","CPM","B20K80","BK20805",0.49365508733229
"Mouse","ONT cDNA","3k-4.5k","FLAIR","CPM","B80K20","BK80201",0.483464922563021
"Mouse","ONT cDNA","3k-4.5k","FLAIR","CPM","B80K20","BK80202",0.524540893431953
"Mouse","ONT cDNA","3k-4.5k","FLAIR","CPM","B80K20","BK80203",0.508532560192433
"Mouse","ONT cDNA","3k-4.5k","FLAIR","CPM","B80K20","BK80204",0.477976952586469
"Mouse","ONT cDNA","3k-4.5k","FLAIR","CPM","B80K20","BK80205",0.484336010601539
"Mouse","ONT cDNA","3k-4.5k","FLAIR","CPM","Kidney","K31",0.575567667482264
"Mouse","ONT cDNA","3k-4.5k","FLAIR","CPM","Kidney","K32",0.634809163766943
"Mouse","ONT cDNA","3k-4.5k","FLAIR","CPM","Kidney","K33",0.585297603612861
"Mouse","ONT cDNA","3k-4.5k","FLAIR","CPM","Kidney","K34",0.623182365742362
"Mouse","ONT cDNA","3k-4.5k","FLAIR","CPM","Kidney","K35",0.579019118840604
"Mouse","ONT cDNA","3k-4.5k","FLAIR","CQN","Brain","B31",0.536093276668163
"Mouse","ONT cDNA","3k-4.5k","FLAIR","CQN","Brain","B32",0.562987250025949
"Mouse","ONT cDNA","3k-4.5k","FLAIR","CQN","Brain","B33",0.555810139237169
"Mouse","ONT cDNA","3k-4.5k","FLAIR","CQN","Brain","B34",0.538097763455242
"Mouse","ONT cDNA","3k-4.5k","FLAIR","CQN","Brain","B35",0.576911185935889
"Mouse","ONT cDNA","3k-4.5k","FLAIR","CQN","B20K80","BK20801",0.410551049943509
"Mouse","ONT cDNA","3k-4.5k","FLAIR","CQN","B20K80","BK20802",0.399079568941281
"Mouse","ONT cDNA","3k-4.5k","FLAIR","CQN","B20K80","BK20803",0.406956380376046
"Mouse","ONT cDNA","3k-4.5k","FLAIR","CQN","B20K80","BK20804",0.420111097119127
"Mouse","ONT cDNA","3k-4.5k","FLAIR","CQN","B20K80","BK20805",0.416597634349938
"Mouse","ONT cDNA","3k-4.5k","FLAIR","CQN","B80K20","BK80201",0.434804382232668
"Mouse","ONT cDNA","3k-4.5k","FLAIR","CQN","B80K20","BK80202",0.431484432712857
"Mouse","ONT cDNA","3k-4.5k","FLAIR","CQN","B80K20","BK80203",0.443650381496108
"Mouse","ONT cDNA","3k-4.5k","FLAIR","CQN","B80K20","BK80204",0.425226636385194
"Mouse","ONT cDNA","3k-4.5k","FLAIR","CQN","B80K20","BK80205",0.43720891897131
"Mouse","ONT cDNA","3k-4.5k","FLAIR","CQN","Kidney","K31",0.596586269701131
"Mouse","ONT cDNA","3k-4.5k","FLAIR","CQN","Kidney","K32",0.589103308335716
"Mouse","ONT cDNA","3k-4.5k","FLAIR","CQN","Kidney","K33",0.587863835959053
"Mouse","ONT cDNA","3k-4.5k","FLAIR","CQN","Kidney","K34",0.610820684553564
"Mouse","ONT cDNA","3k-4.5k","FLAIR","CQN","Kidney","K35",0.592905855876265
"Mouse","ONT cDNA","3k-4.5k","FLAIR","EDASeq","Brain","B31",0.50619355501308
"Mouse","ONT cDNA","3k-4.5k","FLAIR","EDASeq","Brain","B32",0.545339044777782
"Mouse","ONT cDNA","3k-4.5k","FLAIR","EDASeq","Brain","B33",0.533903594925211
"Mouse","ONT cDNA","3k-4.5k","FLAIR","EDASeq","Brain","B34",0.50175152160313
"Mouse","ONT cDNA","3k-4.5k","FLAIR","EDASeq","Brain","B35",0.540989168529072
"Mouse","ONT cDNA","3k-4.5k","FLAIR","EDASeq","B20K80","BK20801",0.505619248508112
"Mouse","ONT cDNA","3k-4.5k","FLAIR","EDASeq","B20K80","BK20802",0.56679061916051
"Mouse","ONT cDNA","3k-4.5k","FLAIR","EDASeq","B20K80","BK20803",0.527338847551002
"Mouse","ONT cDNA","3k-4.5k","FLAIR","EDASeq","B20K80","BK20804",0.517766309613056
"Mouse","ONT cDNA","3k-4.5k","FLAIR","EDASeq","B20K80","BK20805",0.492155489343571
"Mouse","ONT cDNA","3k-4.5k","FLAIR","EDASeq","B80K20","BK80201",0.48262903523554
"Mouse","ONT cDNA","3k-4.5k","FLAIR","EDASeq","B80K20","BK80202",0.524295856767237
"Mouse","ONT cDNA","3k-4.5k","FLAIR","EDASeq","B80K20","BK80203",0.507128953077996
"Mouse","ONT cDNA","3k-4.5k","FLAIR","EDASeq","B80K20","BK80204",0.477376683973684
"Mouse","ONT cDNA","3k-4.5k","FLAIR","EDASeq","B80K20","BK80205",0.483175247074082
"Mouse","ONT cDNA","3k-4.5k","FLAIR","EDASeq","Kidney","K31",0.572875334078762
"Mouse","ONT cDNA","3k-4.5k","FLAIR","EDASeq","Kidney","K32",0.6320983703794
"Mouse","ONT cDNA","3k-4.5k","FLAIR","EDASeq","Kidney","K33",0.583000020922344
"Mouse","ONT cDNA","3k-4.5k","FLAIR","EDASeq","Kidney","K34",0.619712681507383
"Mouse","ONT cDNA","3k-4.5k","FLAIR","EDASeq","Kidney","K35",0.575795884502074
"Mouse","ONT cDNA","3k-4.5k","FLAIR","SMR","Brain","B31",0.432159303086306
"Mouse","ONT cDNA","3k-4.5k","FLAIR","SMR","Brain","B32",0.559014231810161
"Mouse","ONT cDNA","3k-4.5k","FLAIR","SMR","Brain","B33",0.502516990558781
"Mouse","ONT cDNA","3k-4.5k","FLAIR","SMR","Brain","B34",0.46331998204191
"Mouse","ONT cDNA","3k-4.5k","FLAIR","SMR","Brain","B35",0.48859024329035
"Mouse","ONT cDNA","3k-4.5k","FLAIR","SMR","B20K80","BK20801",0.337028446848438
"Mouse","ONT cDNA","3k-4.5k","FLAIR","SMR","B20K80","BK20802",0.50150303646061
"Mouse","ONT cDNA","3k-4.5k","FLAIR","SMR","B20K80","BK20803",0.44129434210966
"Mouse","ONT cDNA","3k-4.5k","FLAIR","SMR","B20K80","BK20804",0.468420388217039
"Mouse","ONT cDNA","3k-4.5k","FLAIR","SMR","B20K80","BK20805",0.3858775437659
"Mouse","ONT cDNA","3k-4.5k","FLAIR","SMR","B80K20","BK80201",0.462708064751314
"Mouse","ONT cDNA","3k-4.5k","FLAIR","SMR","B80K20","BK80202",0.489015050309778
"Mouse","ONT cDNA","3k-4.5k","FLAIR","SMR","B80K20","BK80203",0.387695751699489
"Mouse","ONT cDNA","3k-4.5k","FLAIR","SMR","B80K20","BK80204",0.355985834680555
"Mouse","ONT cDNA","3k-4.5k","FLAIR","SMR","B80K20","BK80205",0.358589102526872
"Mouse","ONT cDNA","3k-4.5k","FLAIR","SMR","Kidney","K31",0.534731377474
"Mouse","ONT cDNA","3k-4.5k","FLAIR","SMR","Kidney","K32",0.623376761996008
"Mouse","ONT cDNA","3k-4.5k","FLAIR","SMR","Kidney","K33",0.536924725483362
"Mouse","ONT cDNA","3k-4.5k","FLAIR","SMR","Kidney","K34",0.602487367069673
"Mouse","ONT cDNA","3k-4.5k","FLAIR","SMR","Kidney","K35",0.529277359606297
"Mouse","ONT cDNA","3k-4.5k","FLAIR","TPM","Brain","B31",0.511849047720266
"Mouse","ONT cDNA","3k-4.5k","FLAIR","TPM","Brain","B32",0.548708038341774
"Mouse","ONT cDNA","3k-4.5k","FLAIR","TPM","Brain","B33",0.538053920652461
"Mouse","ONT cDNA","3k-4.5k","FLAIR","TPM","Brain","B34",0.505551019695146
"Mouse","ONT cDNA","3k-4.5k","FLAIR","TPM","Brain","B35",0.54441081422829
"Mouse","ONT cDNA","3k-4.5k","FLAIR","TPM","B20K80","BK20801",0.515944144118273
"Mouse","ONT cDNA","3k-4.5k","FLAIR","TPM","B20K80","BK20802",0.574506621071834
"Mouse","ONT cDNA","3k-4.5k","FLAIR","TPM","B20K80","BK20803",0.537425729953029
"Mouse","ONT cDNA","3k-4.5k","FLAIR","TPM","B20K80","BK20804",0.527780426966
"Mouse","ONT cDNA","3k-4.5k","FLAIR","TPM","B20K80","BK20805",0.50039415237121
"Mouse","ONT cDNA","3k-4.5k","FLAIR","TPM","B80K20","BK80201",0.487193882469939
"Mouse","ONT cDNA","3k-4.5k","FLAIR","TPM","B80K20","BK80202",0.527193766713765
"Mouse","ONT cDNA","3k-4.5k","FLAIR","TPM","B80K20","BK80203",0.511120214133496
"Mouse","ONT cDNA","3k-4.5k","FLAIR","TPM","B80K20","BK80204",0.482149747839524
"Mouse","ONT cDNA","3k-4.5k","FLAIR","TPM","B80K20","BK80205",0.487840587247629
"Mouse","ONT cDNA","3k-4.5k","FLAIR","TPM","Kidney","K31",0.587167399323174
"Mouse","ONT cDNA","3k-4.5k","FLAIR","TPM","Kidney","K32",0.64403168760153
"Mouse","ONT cDNA","3k-4.5k","FLAIR","TPM","Kidney","K33",0.595438626130803
"Mouse","ONT cDNA","3k-4.5k","FLAIR","TPM","Kidney","K34",0.633622249989622
"Mouse","ONT cDNA","3k-4.5k","FLAIR","TPM","Kidney","K35",0.590187673689174
"Mouse","ONT cDNA","3k-4.5k","IsoQuant","CPM","Brain","B31",0.462610471757322
"Mouse","ONT cDNA","3k-4.5k","IsoQuant","CPM","Brain","B32",0.538571577182944
"Mouse","ONT cDNA","3k-4.5k","IsoQuant","CPM","Brain","B33",0.530956813770458
"Mouse","ONT cDNA","3k-4.5k","IsoQuant","CPM","Brain","B34",0.473084371940477
"Mouse","ONT cDNA","3k-4.5k","IsoQuant","CPM","Brain","B35",0.529507894990322
"Mouse","ONT cDNA","3k-4.5k","IsoQuant","CPM","B20K80","BK20801",0.42087132606105
"Mouse","ONT cDNA","3k-4.5k","IsoQuant","CPM","B20K80","BK20802",0.47834762437464
"Mouse","ONT cDNA","3k-4.5k","IsoQuant","CPM","B20K80","BK20803",0.451702664899638
"Mouse","ONT cDNA","3k-4.5k","IsoQuant","CPM","B20K80","BK20804",0.456156518214745
"Mouse","ONT cDNA","3k-4.5k","IsoQuant","CPM","B20K80","BK20805",0.428498479365484
"Mouse","ONT cDNA","3k-4.5k","IsoQuant","CPM","B80K20","BK80201",0.418330613865582
"Mouse","ONT cDNA","3k-4.5k","IsoQuant","CPM","B80K20","BK80202",0.446558994723857
"Mouse","ONT cDNA","3k-4.5k","IsoQuant","CPM","B80K20","BK80203",0.405287684293459
"Mouse","ONT cDNA","3k-4.5k","IsoQuant","CPM","B80K20","BK80204",0.406802767049977
"Mouse","ONT cDNA","3k-4.5k","IsoQuant","CPM","B80K20","BK80205",0.407602595324631
"Mouse","ONT cDNA","3k-4.5k","IsoQuant","CPM","Kidney","K31",0.496957798819032
"Mouse","ONT cDNA","3k-4.5k","IsoQuant","CPM","Kidney","K32",0.551866771328214
"Mouse","ONT cDNA","3k-4.5k","IsoQuant","CPM","Kidney","K33",0.52538769703707
"Mouse","ONT cDNA","3k-4.5k","IsoQuant","CPM","Kidney","K34",0.553200335969118
"Mouse","ONT cDNA","3k-4.5k","IsoQuant","CPM","Kidney","K35",0.506897766246967
"Mouse","ONT cDNA","3k-4.5k","IsoQuant","CQN","Brain","B31",0.471103143135894
"Mouse","ONT cDNA","3k-4.5k","IsoQuant","CQN","Brain","B32",0.525479066539061
"Mouse","ONT cDNA","3k-4.5k","IsoQuant","CQN","Brain","B33",0.515677301472204
"Mouse","ONT cDNA","3k-4.5k","IsoQuant","CQN","Brain","B34",0.493170301837164
"Mouse","ONT cDNA","3k-4.5k","IsoQuant","CQN","Brain","B35",0.537034315321362
"Mouse","ONT cDNA","3k-4.5k","IsoQuant","CQN","B20K80","BK20801",0.405712726858254
"Mouse","ONT cDNA","3k-4.5k","IsoQuant","CQN","B20K80","BK20802",0.432466454875052
"Mouse","ONT cDNA","3k-4.5k","IsoQuant","CQN","B20K80","BK20803",0.421065618670856
"Mouse","ONT cDNA","3k-4.5k","IsoQuant","CQN","B20K80","BK20804",0.426185787018239
"Mouse","ONT cDNA","3k-4.5k","IsoQuant","CQN","B20K80","BK20805",0.387069916706763
"Mouse","ONT cDNA","3k-4.5k","IsoQuant","CQN","B80K20","BK80201",0.367793324002881
"Mouse","ONT cDNA","3k-4.5k","IsoQuant","CQN","B80K20","BK80202",0.384340588612422
"Mouse","ONT cDNA","3k-4.5k","IsoQuant","CQN","B80K20","BK80203",0.376567887205347
"Mouse","ONT cDNA","3k-4.5k","IsoQuant","CQN","B80K20","BK80204",0.362607212176491
"Mouse","ONT cDNA","3k-4.5k","IsoQuant","CQN","B80K20","BK80205",0.373519492838414
"Mouse","ONT cDNA","3k-4.5k","IsoQuant","CQN","Kidney","K31",0.517405946686329
"Mouse","ONT cDNA","3k-4.5k","IsoQuant","CQN","Kidney","K32",0.576559927030956
"Mouse","ONT cDNA","3k-4.5k","IsoQuant","CQN","Kidney","K33",0.541526938310868
"Mouse","ONT cDNA","3k-4.5k","IsoQuant","CQN","Kidney","K34",0.56250030807465
"Mouse","ONT cDNA","3k-4.5k","IsoQuant","CQN","Kidney","K35",0.504987595326599
"Mouse","ONT cDNA","3k-4.5k","IsoQuant","EDASeq","Brain","B31",0.463852268181994
"Mouse","ONT cDNA","3k-4.5k","IsoQuant","EDASeq","Brain","B32",0.538225246176841
"Mouse","ONT cDNA","3k-4.5k","IsoQuant","EDASeq","Brain","B33",0.530785512474386
"Mouse","ONT cDNA","3k-4.5k","IsoQuant","EDASeq","Brain","B34",0.472909674073737
"Mouse","ONT cDNA","3k-4.5k","IsoQuant","EDASeq","Brain","B35",0.528928973287795
"Mouse","ONT cDNA","3k-4.5k","IsoQuant","EDASeq","B20K80","BK20801",0.418673091212789
"Mouse","ONT cDNA","3k-4.5k","IsoQuant","EDASeq","B20K80","BK20802",0.476218884384472
"Mouse","ONT cDNA","3k-4.5k","IsoQuant","EDASeq","B20K80","BK20803",0.449137653816048
"Mouse","ONT cDNA","3k-4.5k","IsoQuant","EDASeq","B20K80","BK20804",0.453414160124495
"Mouse","ONT cDNA","3k-4.5k","IsoQuant","EDASeq","B20K80","BK20805",0.42588040278305
"Mouse","ONT cDNA","3k-4.5k","IsoQuant","EDASeq","B80K20","BK80201",0.417795536920181
"Mouse","ONT cDNA","3k-4.5k","IsoQuant","EDASeq","B80K20","BK80202",0.446010869257599
"Mouse","ONT cDNA","3k-4.5k","IsoQuant","EDASeq","B80K20","BK80203",0.403645828543103
"Mouse","ONT cDNA","3k-4.5k","IsoQuant","EDASeq","B80K20","BK80204",0.406222316305174
"Mouse","ONT cDNA","3k-4.5k","IsoQuant","EDASeq","B80K20","BK80205",0.406692794466781
"Mouse","ONT cDNA","3k-4.5k","IsoQuant","EDASeq","Kidney","K31",0.492319347354461
"Mouse","ONT cDNA","3k-4.5k","IsoQuant","EDASeq","Kidney","K32",0.547949664031486
"Mouse","ONT cDNA","3k-4.5k","IsoQuant","EDASeq","Kidney","K33",0.521679997126717
"Mouse","ONT cDNA","3k-4.5k","IsoQuant","EDASeq","Kidney","K34",0.547763470900828
"Mouse","ONT cDNA","3k-4.5k","IsoQuant","EDASeq","Kidney","K35",0.50159618478357
"Mouse","ONT cDNA","3k-4.5k","IsoQuant","SMR","Brain","B31",0.39295116396954
"Mouse","ONT cDNA","3k-4.5k","IsoQuant","SMR","Brain","B32",0.517574543792903
"Mouse","ONT cDNA","3k-4.5k","IsoQuant","SMR","Brain","B33",0.469773854275701
"Mouse","ONT cDNA","3k-4.5k","IsoQuant","SMR","Brain","B34",0.414171722076048
"Mouse","ONT cDNA","3k-4.5k","IsoQuant","SMR","Brain","B35",0.452518403096144
"Mouse","ONT cDNA","3k-4.5k","IsoQuant","SMR","B20K80","BK20801",0.194412259981101
"Mouse","ONT cDNA","3k-4.5k","IsoQuant","SMR","B20K80","BK20802",0.292835033633525
"Mouse","ONT cDNA","3k-4.5k","IsoQuant","SMR","B20K80","BK20803",0.316003713512574
"Mouse","ONT cDNA","3k-4.5k","IsoQuant","SMR","B20K80","BK20804",0.298931359087901
"Mouse","ONT cDNA","3k-4.5k","IsoQuant","SMR","B20K80","BK20805",0.201710448237865
"Mouse","ONT cDNA","3k-4.5k","IsoQuant","SMR","B80K20","BK80201",0.391269790263725
"Mouse","ONT cDNA","3k-4.5k","IsoQuant","SMR","B80K20","BK80202",0.415961511281821
"Mouse","ONT cDNA","3k-4.5k","IsoQuant","SMR","B80K20","BK80203",0.33567978306228
"Mouse","ONT cDNA","3k-4.5k","IsoQuant","SMR","B80K20","BK80204",0.279795943542649
"Mouse","ONT cDNA","3k-4.5k","IsoQuant","SMR","B80K20","BK80205",0.314659107399454
"Mouse","ONT cDNA","3k-4.5k","IsoQuant","SMR","Kidney","K31",0.450197311037895
"Mouse","ONT cDNA","3k-4.5k","IsoQuant","SMR","Kidney","K32",0.520312942480164
"Mouse","ONT cDNA","3k-4.5k","IsoQuant","SMR","Kidney","K33",0.473525120276507
"Mouse","ONT cDNA","3k-4.5k","IsoQuant","SMR","Kidney","K34",0.493654124231215
"Mouse","ONT cDNA","3k-4.5k","IsoQuant","SMR","Kidney","K35",0.426874832981677
"Mouse","ONT cDNA","3k-4.5k","IsoQuant","TPM","Brain","B31",0.470272614087098
"Mouse","ONT cDNA","3k-4.5k","IsoQuant","TPM","Brain","B32",0.539196743484638
"Mouse","ONT cDNA","3k-4.5k","IsoQuant","TPM","Brain","B33",0.53291311994409
"Mouse","ONT cDNA","3k-4.5k","IsoQuant","TPM","Brain","B34",0.476330688483348
"Mouse","ONT cDNA","3k-4.5k","IsoQuant","TPM","Brain","B35",0.530651790375113
"Mouse","ONT cDNA","3k-4.5k","IsoQuant","TPM","B20K80","BK20801",0.424585769552106
"Mouse","ONT cDNA","3k-4.5k","IsoQuant","TPM","B20K80","BK20802",0.482110536374997
"Mouse","ONT cDNA","3k-4.5k","IsoQuant","TPM","B20K80","BK20803",0.455919177277737
"Mouse","ONT cDNA","3k-4.5k","IsoQuant","TPM","B20K80","BK20804",0.461494403936947
"Mouse","ONT cDNA","3k-4.5k","IsoQuant","TPM","B20K80","BK20805",0.433726411263594
"Mouse","ONT cDNA","3k-4.5k","IsoQuant","TPM","B80K20","BK80201",0.422367631784278
"Mouse","ONT cDNA","3k-4.5k","IsoQuant","TPM","B80K20","BK80202",0.449411595293259
"Mouse","ONT cDNA","3k-4.5k","IsoQuant","TPM","B80K20","BK80203",0.411875935243727
"Mouse","ONT cDNA","3k-4.5k","IsoQuant","TPM","B80K20","BK80204",0.411648596609457
"Mouse","ONT cDNA","3k-4.5k","IsoQuant","TPM","B80K20","BK80205",0.411523853855471
"Mouse","ONT cDNA","3k-4.5k","IsoQuant","TPM","Kidney","K31",0.502801821229397
"Mouse","ONT cDNA","3k-4.5k","IsoQuant","TPM","Kidney","K32",0.554318715486665
"Mouse","ONT cDNA","3k-4.5k","IsoQuant","TPM","Kidney","K33",0.531326117910756
"Mouse","ONT cDNA","3k-4.5k","IsoQuant","TPM","Kidney","K34",0.557731801554112
"Mouse","ONT cDNA","3k-4.5k","IsoQuant","TPM","Kidney","K35",0.515037351711271
"Mouse","ONT cDNA","3k-4.5k","Kallisto","CPM","Brain","B31",0.596497297680387
"Mouse","ONT cDNA","3k-4.5k","Kallisto","CPM","Brain","B32",0.596567411809078
"Mouse","ONT cDNA","3k-4.5k","Kallisto","CPM","Brain","B33",0.583301228650486
"Mouse","ONT cDNA","3k-4.5k","Kallisto","CPM","Brain","B34",0.556619826979142
"Mouse","ONT cDNA","3k-4.5k","Kallisto","CPM","Brain","B35",0.598716640947829
"Mouse","ONT cDNA","3k-4.5k","Kallisto","CPM","B20K80","BK20801",0.508547851748526
"Mouse","ONT cDNA","3k-4.5k","Kallisto","CPM","B20K80","BK20802",0.567725571180923
"Mouse","ONT cDNA","3k-4.5k","Kallisto","CPM","B20K80","BK20803",0.536837325799391
"Mouse","ONT cDNA","3k-4.5k","Kallisto","CPM","B20K80","BK20804",0.53056560093648
"Mouse","ONT cDNA","3k-4.5k","Kallisto","CPM","B20K80","BK20805",0.513189265267887
"Mouse","ONT cDNA","3k-4.5k","Kallisto","CPM","B80K20","BK80201",0.546509541113299
"Mouse","ONT cDNA","3k-4.5k","Kallisto","CPM","B80K20","BK80202",0.569490238678239
"Mouse","ONT cDNA","3k-4.5k","Kallisto","CPM","B80K20","BK80203",0.532770730956889
"Mouse","ONT cDNA","3k-4.5k","Kallisto","CPM","B80K20","BK80204",0.531650340353558
"Mouse","ONT cDNA","3k-4.5k","Kallisto","CPM","B80K20","BK80205",0.520015859197486
"Mouse","ONT cDNA","3k-4.5k","Kallisto","CPM","Kidney","K31",0.630630287845588
"Mouse","ONT cDNA","3k-4.5k","Kallisto","CPM","Kidney","K32",0.665309636408586
"Mouse","ONT cDNA","3k-4.5k","Kallisto","CPM","Kidney","K33",0.651424109188008
"Mouse","ONT cDNA","3k-4.5k","Kallisto","CPM","Kidney","K34",0.634349090663132
"Mouse","ONT cDNA","3k-4.5k","Kallisto","CPM","Kidney","K35",0.621529305175029
"Mouse","ONT cDNA","3k-4.5k","Kallisto","CQN","Brain","B31",0.618051354327217
"Mouse","ONT cDNA","3k-4.5k","Kallisto","CQN","Brain","B32",0.619137181947379
"Mouse","ONT cDNA","3k-4.5k","Kallisto","CQN","Brain","B33",0.612970946375063
"Mouse","ONT cDNA","3k-4.5k","Kallisto","CQN","Brain","B34",0.575205791997667
"Mouse","ONT cDNA","3k-4.5k","Kallisto","CQN","Brain","B35",0.626651408961084
"Mouse","ONT cDNA","3k-4.5k","Kallisto","CQN","B20K80","BK20801",0.508097917289758
"Mouse","ONT cDNA","3k-4.5k","Kallisto","CQN","B20K80","BK20802",0.5735789740851
"Mouse","ONT cDNA","3k-4.5k","Kallisto","CQN","B20K80","BK20803",0.548927452101238
"Mouse","ONT cDNA","3k-4.5k","Kallisto","CQN","B20K80","BK20804",0.525443757121432
"Mouse","ONT cDNA","3k-4.5k","Kallisto","CQN","B20K80","BK20805",0.497902218270295
"Mouse","ONT cDNA","3k-4.5k","Kallisto","CQN","B80K20","BK80201",0.551439303643803
"Mouse","ONT cDNA","3k-4.5k","Kallisto","CQN","B80K20","BK80202",0.584133983315799
"Mouse","ONT cDNA","3k-4.5k","Kallisto","CQN","B80K20","BK80203",0.548681213686505
"Mouse","ONT cDNA","3k-4.5k","Kallisto","CQN","B80K20","BK80204",0.538617981574847
"Mouse","ONT cDNA","3k-4.5k","Kallisto","CQN","B80K20","BK80205",0.535165324522863
"Mouse","ONT cDNA","3k-4.5k","Kallisto","CQN","Kidney","K31",0.647603343641389
"Mouse","ONT cDNA","3k-4.5k","Kallisto","CQN","Kidney","K32",0.698979319293765
"Mouse","ONT cDNA","3k-4.5k","Kallisto","CQN","Kidney","K33",0.666716939931689
"Mouse","ONT cDNA","3k-4.5k","Kallisto","CQN","Kidney","K34",0.672023154336036
"Mouse","ONT cDNA","3k-4.5k","Kallisto","CQN","Kidney","K35",0.627574252534305
"Mouse","ONT cDNA","3k-4.5k","Kallisto","EDASeq","Brain","B31",0.591612407665731
"Mouse","ONT cDNA","3k-4.5k","Kallisto","EDASeq","Brain","B32",0.592644056517544
"Mouse","ONT cDNA","3k-4.5k","Kallisto","EDASeq","Brain","B33",0.578531135156467
"Mouse","ONT cDNA","3k-4.5k","Kallisto","EDASeq","Brain","B34",0.553133367929297
"Mouse","ONT cDNA","3k-4.5k","Kallisto","EDASeq","Brain","B35",0.593402115094545
"Mouse","ONT cDNA","3k-4.5k","Kallisto","EDASeq","B20K80","BK20801",0.501971170249184
"Mouse","ONT cDNA","3k-4.5k","Kallisto","EDASeq","B20K80","BK20802",0.56121515448383
"Mouse","ONT cDNA","3k-4.5k","Kallisto","EDASeq","B20K80","BK20803",0.53079750684632
"Mouse","ONT cDNA","3k-4.5k","Kallisto","EDASeq","B20K80","BK20804",0.52289100177583
"Mouse","ONT cDNA","3k-4.5k","Kallisto","EDASeq","B20K80","BK20805",0.507388576330154
"Mouse","ONT cDNA","3k-4.5k","Kallisto","EDASeq","B80K20","BK80201",0.542338479080088
"Mouse","ONT cDNA","3k-4.5k","Kallisto","EDASeq","B80K20","BK80202",0.564215852378231
"Mouse","ONT cDNA","3k-4.5k","Kallisto","EDASeq","B80K20","BK80203",0.528488749907221
"Mouse","ONT cDNA","3k-4.5k","Kallisto","EDASeq","B80K20","BK80204",0.525756170230598
"Mouse","ONT cDNA","3k-4.5k","Kallisto","EDASeq","B80K20","BK80205",0.51459079627601
"Mouse","ONT cDNA","3k-4.5k","Kallisto","EDASeq","Kidney","K31",0.620330424144855
"Mouse","ONT cDNA","3k-4.5k","Kallisto","EDASeq","Kidney","K32",0.658032154079502
"Mouse","ONT cDNA","3k-4.5k","Kallisto","EDASeq","Kidney","K33",0.642604533985815
"Mouse","ONT cDNA","3k-4.5k","Kallisto","EDASeq","Kidney","K34",0.624645815718966
"Mouse","ONT cDNA","3k-4.5k","Kallisto","EDASeq","Kidney","K35",0.612311223973949
"Mouse","ONT cDNA","3k-4.5k","Kallisto","SMR","Brain","B31",0.641578672434553
"Mouse","ONT cDNA","3k-4.5k","Kallisto","SMR","Brain","B32",0.723536120861198
"Mouse","ONT cDNA","3k-4.5k","Kallisto","SMR","Brain","B33",0.661485085611775
"Mouse","ONT cDNA","3k-4.5k","Kallisto","SMR","Brain","B34",0.632535449003492
"Mouse","ONT cDNA","3k-4.5k","Kallisto","SMR","Brain","B35",0.668667630712969
"Mouse","ONT cDNA","3k-4.5k","Kallisto","SMR","B20K80","BK20801",0.493249314376839
"Mouse","ONT cDNA","3k-4.5k","Kallisto","SMR","B20K80","BK20802",0.593996688435594
"Mouse","ONT cDNA","3k-4.5k","Kallisto","SMR","B20K80","BK20803",0.608199644628321
"Mouse","ONT cDNA","3k-4.5k","Kallisto","SMR","B20K80","BK20804",0.639069283788681
"Mouse","ONT cDNA","3k-4.5k","Kallisto","SMR","B20K80","BK20805",0.58746546102458
"Mouse","ONT cDNA","3k-4.5k","Kallisto","SMR","B80K20","BK80201",0.607863257903716
"Mouse","ONT cDNA","3k-4.5k","Kallisto","SMR","B80K20","BK80202",0.621258743298134
"Mouse","ONT cDNA","3k-4.5k","Kallisto","SMR","B80K20","BK80203",0.478423123370837
"Mouse","ONT cDNA","3k-4.5k","Kallisto","SMR","B80K20","BK80204",0.475211738392024
"Mouse","ONT cDNA","3k-4.5k","Kallisto","SMR","B80K20","BK80205",0.503296726402687
"Mouse","ONT cDNA","3k-4.5k","Kallisto","SMR","Kidney","K31",0.721968659742104
"Mouse","ONT cDNA","3k-4.5k","Kallisto","SMR","Kidney","K32",0.767278645815099
"Mouse","ONT cDNA","3k-4.5k","Kallisto","SMR","Kidney","K33",0.717700947422382
"Mouse","ONT cDNA","3k-4.5k","Kallisto","SMR","Kidney","K34",0.727999054505378
"Mouse","ONT cDNA","3k-4.5k","Kallisto","SMR","Kidney","K35",0.701470114011126
"Mouse","ONT cDNA","3k-4.5k","Kallisto","TPM","Brain","B31",0.601436714065987
"Mouse","ONT cDNA","3k-4.5k","Kallisto","TPM","Brain","B32",0.596515314162262
"Mouse","ONT cDNA","3k-4.5k","Kallisto","TPM","Brain","B33",0.58453258839281
"Mouse","ONT cDNA","3k-4.5k","Kallisto","TPM","Brain","B34",0.557732137592011
"Mouse","ONT cDNA","3k-4.5k","Kallisto","TPM","Brain","B35",0.600804646016732
"Mouse","ONT cDNA","3k-4.5k","Kallisto","TPM","B20K80","BK20801",0.511416505196841
"Mouse","ONT cDNA","3k-4.5k","Kallisto","TPM","B20K80","BK20802",0.567482899944644
"Mouse","ONT cDNA","3k-4.5k","Kallisto","TPM","B20K80","BK20803",0.538590364627215
"Mouse","ONT cDNA","3k-4.5k","Kallisto","TPM","B20K80","BK20804",0.533491652430167
"Mouse","ONT cDNA","3k-4.5k","Kallisto","TPM","B20K80","BK20805",0.516607736666852
"Mouse","ONT cDNA","3k-4.5k","Kallisto","TPM","B80K20","BK80201",0.545436082833219
"Mouse","ONT cDNA","3k-4.5k","Kallisto","TPM","B80K20","BK80202",0.568569423622768
"Mouse","ONT cDNA","3k-4.5k","Kallisto","TPM","B80K20","BK80203",0.53365611602646
"Mouse","ONT cDNA","3k-4.5k","Kallisto","TPM","B80K20","BK80204",0.533575872907473
"Mouse","ONT cDNA","3k-4.5k","Kallisto","TPM","B80K20","BK80205",0.521736423102965
"Mouse","ONT cDNA","3k-4.5k","Kallisto","TPM","Kidney","K31",0.63516400512983
"Mouse","ONT cDNA","3k-4.5k","Kallisto","TPM","Kidney","K32",0.666920521276061
"Mouse","ONT cDNA","3k-4.5k","Kallisto","TPM","Kidney","K33",0.653754299454355
"Mouse","ONT cDNA","3k-4.5k","Kallisto","TPM","Kidney","K34",0.636693677940282
"Mouse","ONT cDNA","3k-4.5k","Kallisto","TPM","Kidney","K35",0.625322286075558
"Mouse","ONT cDNA","3k-4.5k","Oarfish","CPM","Brain","B31",0.561539142313019
"Mouse","ONT cDNA","3k-4.5k","Oarfish","CPM","Brain","B32",0.59704939476594
"Mouse","ONT cDNA","3k-4.5k","Oarfish","CPM","Brain","B33",0.5731493055015
"Mouse","ONT cDNA","3k-4.5k","Oarfish","CPM","Brain","B34",0.539583954663954
"Mouse","ONT cDNA","3k-4.5k","Oarfish","CPM","Brain","B35",0.584429402301375
"Mouse","ONT cDNA","3k-4.5k","Oarfish","CPM","B20K80","BK20801",0.507183156244268
"Mouse","ONT cDNA","3k-4.5k","Oarfish","CPM","B20K80","BK20802",0.565239326426544
"Mouse","ONT cDNA","3k-4.5k","Oarfish","CPM","B20K80","BK20803",0.537905743012865
"Mouse","ONT cDNA","3k-4.5k","Oarfish","CPM","B20K80","BK20804",0.537453949929388
"Mouse","ONT cDNA","3k-4.5k","Oarfish","CPM","B20K80","BK20805",0.508340093195811
"Mouse","ONT cDNA","3k-4.5k","Oarfish","CPM","B80K20","BK80201",0.535565166070463
"Mouse","ONT cDNA","3k-4.5k","Oarfish","CPM","B80K20","BK80202",0.578496976800972
"Mouse","ONT cDNA","3k-4.5k","Oarfish","CPM","B80K20","BK80203",0.544617932282728
"Mouse","ONT cDNA","3k-4.5k","Oarfish","CPM","B80K20","BK80204",0.518915082547335
"Mouse","ONT cDNA","3k-4.5k","Oarfish","CPM","B80K20","BK80205",0.516660781128357
"Mouse","ONT cDNA","3k-4.5k","Oarfish","CPM","Kidney","K31",0.612228277373426
"Mouse","ONT cDNA","3k-4.5k","Oarfish","CPM","Kidney","K32",0.661654900603291
"Mouse","ONT cDNA","3k-4.5k","Oarfish","CPM","Kidney","K33",0.639736938787756
"Mouse","ONT cDNA","3k-4.5k","Oarfish","CPM","Kidney","K34",0.663018707195481
"Mouse","ONT cDNA","3k-4.5k","Oarfish","CPM","Kidney","K35",0.620075809475002
"Mouse","ONT cDNA","3k-4.5k","Oarfish","CQN","Brain","B31",0.573269966352493
"Mouse","ONT cDNA","3k-4.5k","Oarfish","CQN","Brain","B32",0.614931325467736
"Mouse","ONT cDNA","3k-4.5k","Oarfish","CQN","Brain","B33",0.590477936266243
"Mouse","ONT cDNA","3k-4.5k","Oarfish","CQN","Brain","B34",0.564762004594786
"Mouse","ONT cDNA","3k-4.5k","Oarfish","CQN","Brain","B35",0.606400620231452
"Mouse","ONT cDNA","3k-4.5k","Oarfish","CQN","B20K80","BK20801",0.495064036367021
"Mouse","ONT cDNA","3k-4.5k","Oarfish","CQN","B20K80","BK20802",0.563827964144364
"Mouse","ONT cDNA","3k-4.5k","Oarfish","CQN","B20K80","BK20803",0.529020362370828
"Mouse","ONT cDNA","3k-4.5k","Oarfish","CQN","B20K80","BK20804",0.532024984870324
"Mouse","ONT cDNA","3k-4.5k","Oarfish","CQN","B20K80","BK20805",0.474466655264722
"Mouse","ONT cDNA","3k-4.5k","Oarfish","CQN","B80K20","BK80201",0.538693149497362
"Mouse","ONT cDNA","3k-4.5k","Oarfish","CQN","B80K20","BK80202",0.58649697952377
"Mouse","ONT cDNA","3k-4.5k","Oarfish","CQN","B80K20","BK80203",0.548925247936232
"Mouse","ONT cDNA","3k-4.5k","Oarfish","CQN","B80K20","BK80204",0.526449796418261
"Mouse","ONT cDNA","3k-4.5k","Oarfish","CQN","B80K20","BK80205",0.516562715417292
"Mouse","ONT cDNA","3k-4.5k","Oarfish","CQN","Kidney","K31",0.634045821586653
"Mouse","ONT cDNA","3k-4.5k","Oarfish","CQN","Kidney","K32",0.698645482444701
"Mouse","ONT cDNA","3k-4.5k","Oarfish","CQN","Kidney","K33",0.658437060641906
"Mouse","ONT cDNA","3k-4.5k","Oarfish","CQN","Kidney","K34",0.685054313200109
"Mouse","ONT cDNA","3k-4.5k","Oarfish","CQN","Kidney","K35",0.620670993100029
"Mouse","ONT cDNA","3k-4.5k","Oarfish","EDASeq","Brain","B31",0.560281174728492
"Mouse","ONT cDNA","3k-4.5k","Oarfish","EDASeq","Brain","B32",0.59660325147782
"Mouse","ONT cDNA","3k-4.5k","Oarfish","EDASeq","Brain","B33",0.572440700511698
"Mouse","ONT cDNA","3k-4.5k","Oarfish","EDASeq","Brain","B34",0.538771999750446
"Mouse","ONT cDNA","3k-4.5k","Oarfish","EDASeq","Brain","B35",0.583325239318154
"Mouse","ONT cDNA","3k-4.5k","Oarfish","EDASeq","B20K80","BK20801",0.504067081246501
"Mouse","ONT cDNA","3k-4.5k","Oarfish","EDASeq","B20K80","BK20802",0.563246868200352
"Mouse","ONT cDNA","3k-4.5k","Oarfish","EDASeq","B20K80","BK20803",0.534978491762508
"Mouse","ONT cDNA","3k-4.5k","Oarfish","EDASeq","B20K80","BK20804",0.53369454965819
"Mouse","ONT cDNA","3k-4.5k","Oarfish","EDASeq","B20K80","BK20805",0.505044929404025
"Mouse","ONT cDNA","3k-4.5k","Oarfish","EDASeq","B80K20","BK80201",0.534642737325987
"Mouse","ONT cDNA","3k-4.5k","Oarfish","EDASeq","B80K20","BK80202",0.577719271219344
"Mouse","ONT cDNA","3k-4.5k","Oarfish","EDASeq","B80K20","BK80203",0.543491149443005
"Mouse","ONT cDNA","3k-4.5k","Oarfish","EDASeq","B80K20","BK80204",0.518134901401443
"Mouse","ONT cDNA","3k-4.5k","Oarfish","EDASeq","B80K20","BK80205",0.515034896935115
"Mouse","ONT cDNA","3k-4.5k","Oarfish","EDASeq","Kidney","K31",0.607114773060977
"Mouse","ONT cDNA","3k-4.5k","Oarfish","EDASeq","Kidney","K32",0.658362611882627
"Mouse","ONT cDNA","3k-4.5k","Oarfish","EDASeq","Kidney","K33",0.634381564685817
"Mouse","ONT cDNA","3k-4.5k","Oarfish","EDASeq","Kidney","K34",0.656071818080228
"Mouse","ONT cDNA","3k-4.5k","Oarfish","EDASeq","Kidney","K35",0.614522650689441
"Mouse","ONT cDNA","3k-4.5k","Oarfish","SMR","Brain","B31",0.561117885934036
"Mouse","ONT cDNA","3k-4.5k","Oarfish","SMR","Brain","B32",0.652145084280069
"Mouse","ONT cDNA","3k-4.5k","Oarfish","SMR","Brain","B33",0.609335940534817
"Mouse","ONT cDNA","3k-4.5k","Oarfish","SMR","Brain","B34",0.567133604092922
"Mouse","ONT cDNA","3k-4.5k","Oarfish","SMR","Brain","B35",0.581025713300969
"Mouse","ONT cDNA","3k-4.5k","Oarfish","SMR","B20K80","BK20801",0.446221775387547
"Mouse","ONT cDNA","3k-4.5k","Oarfish","SMR","B20K80","BK20802",0.588674848043727
"Mouse","ONT cDNA","3k-4.5k","Oarfish","SMR","B20K80","BK20803",0.564557859294259
"Mouse","ONT cDNA","3k-4.5k","Oarfish","SMR","B20K80","BK20804",0.60959571475713
"Mouse","ONT cDNA","3k-4.5k","Oarfish","SMR","B20K80","BK20805",0.524030830592637
"Mouse","ONT cDNA","3k-4.5k","Oarfish","SMR","B80K20","BK80201",0.524504518983028
"Mouse","ONT cDNA","3k-4.5k","Oarfish","SMR","B80K20","BK80202",0.557274384930294
"Mouse","ONT cDNA","3k-4.5k","Oarfish","SMR","B80K20","BK80203",0.424062464004324
"Mouse","ONT cDNA","3k-4.5k","Oarfish","SMR","B80K20","BK80204",0.427515076760333
"Mouse","ONT cDNA","3k-4.5k","Oarfish","SMR","B80K20","BK80205",0.427661105413417
"Mouse","ONT cDNA","3k-4.5k","Oarfish","SMR","Kidney","K31",0.643306346880668
"Mouse","ONT cDNA","3k-4.5k","Oarfish","SMR","Kidney","K32",0.71377366426646
"Mouse","ONT cDNA","3k-4.5k","Oarfish","SMR","Kidney","K33",0.664336746707767
"Mouse","ONT cDNA","3k-4.5k","Oarfish","SMR","Kidney","K34",0.707556607369451
"Mouse","ONT cDNA","3k-4.5k","Oarfish","SMR","Kidney","K35",0.643531095533521
"Mouse","ONT cDNA","3k-4.5k","Oarfish","TPM","Brain","B31",0.563849225901362
"Mouse","ONT cDNA","3k-4.5k","Oarfish","TPM","Brain","B32",0.595714229965449
"Mouse","ONT cDNA","3k-4.5k","Oarfish","TPM","Brain","B33",0.572093439685964
"Mouse","ONT cDNA","3k-4.5k","Oarfish","TPM","Brain","B34",0.539826461002632
"Mouse","ONT cDNA","3k-4.5k","Oarfish","TPM","Brain","B35",0.583471736904283
"Mouse","ONT cDNA","3k-4.5k","Oarfish","TPM","B20K80","BK20801",0.508724539021391
"Mouse","ONT cDNA","3k-4.5k","Oarfish","TPM","B20K80","BK20802",0.563927948439754
"Mouse","ONT cDNA","3k-4.5k","Oarfish","TPM","B20K80","BK20803",0.539536896593515
"Mouse","ONT cDNA","3k-4.5k","Oarfish","TPM","B20K80","BK20804",0.539520356187111
"Mouse","ONT cDNA","3k-4.5k","Oarfish","TPM","B20K80","BK20805",0.510974367128553
"Mouse","ONT cDNA","3k-4.5k","Oarfish","TPM","B80K20","BK80201",0.534153314663227
"Mouse","ONT cDNA","3k-4.5k","Oarfish","TPM","B80K20","BK80202",0.575530407596115
"Mouse","ONT cDNA","3k-4.5k","Oarfish","TPM","B80K20","BK80203",0.542541295095777
"Mouse","ONT cDNA","3k-4.5k","Oarfish","TPM","B80K20","BK80204",0.517675469327781
"Mouse","ONT cDNA","3k-4.5k","Oarfish","TPM","B80K20","BK80205",0.516484796456965
"Mouse","ONT cDNA","3k-4.5k","Oarfish","TPM","Kidney","K31",0.616434914709752
"Mouse","ONT cDNA","3k-4.5k","Oarfish","TPM","Kidney","K32",0.661284928948422
"Mouse","ONT cDNA","3k-4.5k","Oarfish","TPM","Kidney","K33",0.641865161068747
"Mouse","ONT cDNA","3k-4.5k","Oarfish","TPM","Kidney","K34",0.665947869565985
"Mouse","ONT cDNA","3k-4.5k","Oarfish","TPM","Kidney","K35",0.624700613938348
"Mouse","ONT cDNA",">4.5k","Bambu","CPM","Brain","B31",0.402658194222583
"Mouse","ONT cDNA",">4.5k","Bambu","CPM","Brain","B32",0.417788985374032
"Mouse","ONT cDNA",">4.5k","Bambu","CPM","Brain","B33",0.413206837474679
"Mouse","ONT cDNA",">4.5k","Bambu","CPM","Brain","B34",0.384411224275511
"Mouse","ONT cDNA",">4.5k","Bambu","CPM","Brain","B35",0.379484201910776
"Mouse","ONT cDNA",">4.5k","Bambu","CPM","B20K80","BK20801",0.338086950894142
"Mouse","ONT cDNA",">4.5k","Bambu","CPM","B20K80","BK20802",0.405327497911411
"Mouse","ONT cDNA",">4.5k","Bambu","CPM","B20K80","BK20803",0.359888198386169
"Mouse","ONT cDNA",">4.5k","Bambu","CPM","B20K80","BK20804",0.371355456104078
"Mouse","ONT cDNA",">4.5k","Bambu","CPM","B20K80","BK20805",0.334067186098594
"Mouse","ONT cDNA",">4.5k","Bambu","CPM","B80K20","BK80201",0.37409080076313
"Mouse","ONT cDNA",">4.5k","Bambu","CPM","B80K20","BK80202",0.404591921657453
"Mouse","ONT cDNA",">4.5k","Bambu","CPM","B80K20","BK80203",0.365479455120925
"Mouse","ONT cDNA",">4.5k","Bambu","CPM","B80K20","BK80204",0.350875759557681
"Mouse","ONT cDNA",">4.5k","Bambu","CPM","B80K20","BK80205",0.349874446448056
"Mouse","ONT cDNA",">4.5k","Bambu","CPM","Kidney","K31",0.472012238889883
"Mouse","ONT cDNA",">4.5k","Bambu","CPM","Kidney","K32",0.548032232841731
"Mouse","ONT cDNA",">4.5k","Bambu","CPM","Kidney","K33",0.50419954512335
"Mouse","ONT cDNA",">4.5k","Bambu","CPM","Kidney","K34",0.501662703266328
"Mouse","ONT cDNA",">4.5k","Bambu","CPM","Kidney","K35",0.505256710996513
"Mouse","ONT cDNA",">4.5k","Bambu","CQN","Brain","B31",0.406269087696465
"Mouse","ONT cDNA",">4.5k","Bambu","CQN","Brain","B32",0.424184167096283
"Mouse","ONT cDNA",">4.5k","Bambu","CQN","Brain","B33",0.410025490440598
"Mouse","ONT cDNA",">4.5k","Bambu","CQN","Brain","B34",0.391429205079327
"Mouse","ONT cDNA",">4.5k","Bambu","CQN","Brain","B35",0.375519186981608
"Mouse","ONT cDNA",">4.5k","Bambu","CQN","B20K80","BK20801",0.291631777757288
"Mouse","ONT cDNA",">4.5k","Bambu","CQN","B20K80","BK20802",0.339767335331947
"Mouse","ONT cDNA",">4.5k","Bambu","CQN","B20K80","BK20803",0.304065028695846
"Mouse","ONT cDNA",">4.5k","Bambu","CQN","B20K80","BK20804",0.307327945364799
"Mouse","ONT cDNA",">4.5k","Bambu","CQN","B20K80","BK20805",0.272693441241413
"Mouse","ONT cDNA",">4.5k","Bambu","CQN","B80K20","BK80201",0.356198269046043
"Mouse","ONT cDNA",">4.5k","Bambu","CQN","B80K20","BK80202",0.386972180729321
"Mouse","ONT cDNA",">4.5k","Bambu","CQN","B80K20","BK80203",0.340176220355428
"Mouse","ONT cDNA",">4.5k","Bambu","CQN","B80K20","BK80204",0.332616519000648
"Mouse","ONT cDNA",">4.5k","Bambu","CQN","B80K20","BK80205",0.332509142359619
"Mouse","ONT cDNA",">4.5k","Bambu","CQN","Kidney","K31",0.422982175665839
"Mouse","ONT cDNA",">4.5k","Bambu","CQN","Kidney","K32",0.513691986417914
"Mouse","ONT cDNA",">4.5k","Bambu","CQN","Kidney","K33",0.456690816917237
"Mouse","ONT cDNA",">4.5k","Bambu","CQN","Kidney","K34",0.454701226482921
"Mouse","ONT cDNA",">4.5k","Bambu","CQN","Kidney","K35",0.447956727648195
"Mouse","ONT cDNA",">4.5k","Bambu","EDASeq","Brain","B31",0.389816885120084
"Mouse","ONT cDNA",">4.5k","Bambu","EDASeq","Brain","B32",0.408413059725616
"Mouse","ONT cDNA",">4.5k","Bambu","EDASeq","Brain","B33",0.401679348547886
"Mouse","ONT cDNA",">4.5k","Bambu","EDASeq","Brain","B34",0.376290401210134
"Mouse","ONT cDNA",">4.5k","Bambu","EDASeq","Brain","B35",0.354573148512695
"Mouse","ONT cDNA",">4.5k","Bambu","EDASeq","B20K80","BK20801",0.300528631116454
"Mouse","ONT cDNA",">4.5k","Bambu","EDASeq","B20K80","BK20802",0.355947319251032
"Mouse","ONT cDNA",">4.5k","Bambu","EDASeq","B20K80","BK20803",0.31037203096293
"Mouse","ONT cDNA",">4.5k","Bambu","EDASeq","B20K80","BK20804",0.327327889066613
"Mouse","ONT cDNA",">4.5k","Bambu","EDASeq","B20K80","BK20805",0.298794453441702
"Mouse","ONT cDNA",">4.5k","Bambu","EDASeq","B80K20","BK80201",0.356316297084243
"Mouse","ONT cDNA",">4.5k","Bambu","EDASeq","B80K20","BK80202",0.384005931017883
"Mouse","ONT cDNA",">4.5k","Bambu","EDASeq","B80K20","BK80203",0.338020205580771
"Mouse","ONT cDNA",">4.5k","Bambu","EDASeq","B80K20","BK80204",0.323761008819493
"Mouse","ONT cDNA",">4.5k","Bambu","EDASeq","B80K20","BK80205",0.327037019845126
"Mouse","ONT cDNA",">4.5k","Bambu","EDASeq","Kidney","K31",0.426227555052318
"Mouse","ONT cDNA",">4.5k","Bambu","EDASeq","Kidney","K32",0.492856341392224
"Mouse","ONT cDNA",">4.5k","Bambu","EDASeq","Kidney","K33",0.4378923900674
"Mouse","ONT cDNA",">4.5k","Bambu","EDASeq","Kidney","K34",0.432976778558165
"Mouse","ONT cDNA",">4.5k","Bambu","EDASeq","Kidney","K35",0.447013616347391
"Mouse","ONT cDNA",">4.5k","Bambu","SMR","Brain","B31",0.432355100672905
"Mouse","ONT cDNA",">4.5k","Bambu","SMR","Brain","B32",0.507405112297264
"Mouse","ONT cDNA",">4.5k","Bambu","SMR","Brain","B33",0.493679060943235
"Mouse","ONT cDNA",">4.5k","Bambu","SMR","Brain","B34",0.465722907410312
"Mouse","ONT cDNA",">4.5k","Bambu","SMR","Brain","B35",0.450570009608421
"Mouse","ONT cDNA",">4.5k","Bambu","SMR","B20K80","BK20801",0.315226849324142
"Mouse","ONT cDNA",">4.5k","Bambu","SMR","B20K80","BK20802",0.416828608593944
"Mouse","ONT cDNA",">4.5k","Bambu","SMR","B20K80","BK20803",0.412933360491111
"Mouse","ONT cDNA",">4.5k","Bambu","SMR","B20K80","BK20804",0.444763985400805
"Mouse","ONT cDNA",">4.5k","Bambu","SMR","B20K80","BK20805",0.386703948669786
"Mouse","ONT cDNA",">4.5k","Bambu","SMR","B80K20","BK80201",0.389077581999655
"Mouse","ONT cDNA",">4.5k","Bambu","SMR","B80K20","BK80202",0.413690093802006
"Mouse","ONT cDNA",">4.5k","Bambu","SMR","B80K20","BK80203",0.302581960792248
"Mouse","ONT cDNA",">4.5k","Bambu","SMR","B80K20","BK80204",0.293056743164485
"Mouse","ONT cDNA",">4.5k","Bambu","SMR","B80K20","BK80205",0.327693798431898
"Mouse","ONT cDNA",">4.5k","Bambu","SMR","Kidney","K31",0.563222759318618
"Mouse","ONT cDNA",">4.5k","Bambu","SMR","Kidney","K32",0.63640471468616
"Mouse","ONT cDNA",">4.5k","Bambu","SMR","Kidney","K33",0.576789905335503
"Mouse","ONT cDNA",">4.5k","Bambu","SMR","Kidney","K34",0.590297703008055
"Mouse","ONT cDNA",">4.5k","Bambu","SMR","Kidney","K35",0.600672379226149
"Mouse","ONT cDNA",">4.5k","Bambu","TPM","Brain","B31",0.505619796638717
"Mouse","ONT cDNA",">4.5k","Bambu","TPM","Brain","B32",0.494546478424215
"Mouse","ONT cDNA",">4.5k","Bambu","TPM","Brain","B33",0.498447896851973
"Mouse","ONT cDNA",">4.5k","Bambu","TPM","Brain","B34",0.475373244970306
"Mouse","ONT cDNA",">4.5k","Bambu","TPM","Brain","B35",0.474333564454127
"Mouse","ONT cDNA",">4.5k","Bambu","TPM","B20K80","BK20801",0.435146187268345
"Mouse","ONT cDNA",">4.5k","Bambu","TPM","B20K80","BK20802",0.492329614329526
"Mouse","ONT cDNA",">4.5k","Bambu","TPM","B20K80","BK20803",0.456005985128396
"Mouse","ONT cDNA",">4.5k","Bambu","TPM","B20K80","BK20804",0.468801226208254
"Mouse","ONT cDNA",">4.5k","Bambu","TPM","B20K80","BK20805",0.429489133917706
"Mouse","ONT cDNA",">4.5k","Bambu","TPM","B80K20","BK80201",0.466298548781046
"Mouse","ONT cDNA",">4.5k","Bambu","TPM","B80K20","BK80202",0.481852375774609
"Mouse","ONT cDNA",">4.5k","Bambu","TPM","B80K20","BK80203",0.454856638552292
"Mouse","ONT cDNA",">4.5k","Bambu","TPM","B80K20","BK80204",0.444633072366684
"Mouse","ONT cDNA",">4.5k","Bambu","TPM","B80K20","BK80205",0.449369392744884
"Mouse","ONT cDNA",">4.5k","Bambu","TPM","Kidney","K31",0.559811148440517
"Mouse","ONT cDNA",">4.5k","Bambu","TPM","Kidney","K32",0.61434391388841
"Mouse","ONT cDNA",">4.5k","Bambu","TPM","Kidney","K33",0.581272202338697
"Mouse","ONT cDNA",">4.5k","Bambu","TPM","Kidney","K34",0.583376855687066
"Mouse","ONT cDNA",">4.5k","Bambu","TPM","Kidney","K35",0.587695255496137
"Mouse","ONT cDNA",">4.5k","FLAIR","CPM","Brain","B31",0.542892229498346
"Mouse","ONT cDNA",">4.5k","FLAIR","CPM","Brain","B32",0.576594964623777
"Mouse","ONT cDNA",">4.5k","FLAIR","CPM","Brain","B33",0.555456564727807
"Mouse","ONT cDNA",">4.5k","FLAIR","CPM","Brain","B34",0.544435628941851
"Mouse","ONT cDNA",">4.5k","FLAIR","CPM","Brain","B35",0.556478614563958
"Mouse","ONT cDNA",">4.5k","FLAIR","CPM","B20K80","BK20801",0.567141395060786
"Mouse","ONT cDNA",">4.5k","FLAIR","CPM","B20K80","BK20802",0.630217274393907
"Mouse","ONT cDNA",">4.5k","FLAIR","CPM","B20K80","BK20803",0.594265679965019
"Mouse","ONT cDNA",">4.5k","FLAIR","CPM","B20K80","BK20804",0.592228374353474
"Mouse","ONT cDNA",">4.5k","FLAIR","CPM","B20K80","BK20805",0.556337216699093
"Mouse","ONT cDNA",">4.5k","FLAIR","CPM","B80K20","BK80201",0.542757172005737
"Mouse","ONT cDNA",">4.5k","FLAIR","CPM","B80K20","BK80202",0.57018578728783
"Mouse","ONT cDNA",">4.5k","FLAIR","CPM","B80K20","BK80203",0.552886273342954
"Mouse","ONT cDNA",">4.5k","FLAIR","CPM","B80K20","BK80204",0.556499346574883
"Mouse","ONT cDNA",">4.5k","FLAIR","CPM","B80K20","BK80205",0.543504542108551
"Mouse","ONT cDNA",">4.5k","FLAIR","CPM","Kidney","K31",0.592100458423409
"Mouse","ONT cDNA",">4.5k","FLAIR","CPM","Kidney","K32",0.623611073041144
"Mouse","ONT cDNA",">4.5k","FLAIR","CPM","Kidney","K33",0.606819693163721
"Mouse","ONT cDNA",">4.5k","FLAIR","CPM","Kidney","K34",0.602365828327809
"Mouse","ONT cDNA",">4.5k","FLAIR","CPM","Kidney","K35",0.584101729062051
"Mouse","ONT cDNA",">4.5k","FLAIR","CQN","Brain","B31",0.456805182031086
"Mouse","ONT cDNA",">4.5k","FLAIR","CQN","Brain","B32",0.454460442983344
"Mouse","ONT cDNA",">4.5k","FLAIR","CQN","Brain","B33",0.436025447959721
"Mouse","ONT cDNA",">4.5k","FLAIR","CQN","Brain","B34",0.445153261974754
"Mouse","ONT cDNA",">4.5k","FLAIR","CQN","Brain","B35",0.447900561997631
"Mouse","ONT cDNA",">4.5k","FLAIR","CQN","B20K80","BK20801",0.268588596808492
"Mouse","ONT cDNA",">4.5k","FLAIR","CQN","B20K80","BK20802",0.306841874846457
"Mouse","ONT cDNA",">4.5k","FLAIR","CQN","B20K80","BK20803",0.298637794973525
"Mouse","ONT cDNA",">4.5k","FLAIR","CQN","B20K80","BK20804",0.299820853561436
"Mouse","ONT cDNA",">4.5k","FLAIR","CQN","B20K80","BK20805",0.282329698646133
"Mouse","ONT cDNA",">4.5k","FLAIR","CQN","B80K20","BK80201",0.41209425495282
"Mouse","ONT cDNA",">4.5k","FLAIR","CQN","B80K20","BK80202",0.408154810697128
"Mouse","ONT cDNA",">4.5k","FLAIR","CQN","B80K20","BK80203",0.425916886469716
"Mouse","ONT cDNA",">4.5k","FLAIR","CQN","B80K20","BK80204",0.431957015995303
"Mouse","ONT cDNA",">4.5k","FLAIR","CQN","B80K20","BK80205",0.423310870621413
"Mouse","ONT cDNA",">4.5k","FLAIR","CQN","Kidney","K31",0.408091519565226
"Mouse","ONT cDNA",">4.5k","FLAIR","CQN","Kidney","K32",0.428615306695654
"Mouse","ONT cDNA",">4.5k","FLAIR","CQN","Kidney","K33",0.423338208620391
"Mouse","ONT cDNA",">4.5k","FLAIR","CQN","Kidney","K34",0.4190814308953
"Mouse","ONT cDNA",">4.5k","FLAIR","CQN","Kidney","K35",0.429273836142682
"Mouse","ONT cDNA",">4.5k","FLAIR","EDASeq","Brain","B31",0.545181347105759
"Mouse","ONT cDNA",">4.5k","FLAIR","EDASeq","Brain","B32",0.57143591564693
"Mouse","ONT cDNA",">4.5k","FLAIR","EDASeq","Brain","B33",0.5525396563941
"Mouse","ONT cDNA",">4.5k","FLAIR","EDASeq","Brain","B34",0.54724574402153
"Mouse","ONT cDNA",">4.5k","FLAIR","EDASeq","Brain","B35",0.550843656787043
"Mouse","ONT cDNA",">4.5k","FLAIR","EDASeq","B20K80","BK20801",0.560842344653538
"Mouse","ONT cDNA",">4.5k","FLAIR","EDASeq","B20K80","BK20802",0.607303341449474
"Mouse","ONT cDNA",">4.5k","FLAIR","EDASeq","B20K80","BK20803",0.580107259584417
"Mouse","ONT cDNA",">4.5k","FLAIR","EDASeq","B20K80","BK20804",0.572019754269389
"Mouse","ONT cDNA",">4.5k","FLAIR","EDASeq","B20K80","BK20805",0.550313702246648
"Mouse","ONT cDNA",">4.5k","FLAIR","EDASeq","B80K20","BK80201",0.535226666712287
"Mouse","ONT cDNA",">4.5k","FLAIR","EDASeq","B80K20","BK80202",0.559071694521865
"Mouse","ONT cDNA",">4.5k","FLAIR","EDASeq","B80K20","BK80203",0.538316255877294
"Mouse","ONT cDNA",">4.5k","FLAIR","EDASeq","B80K20","BK80204",0.549693557227565
"Mouse","ONT cDNA",">4.5k","FLAIR","EDASeq","B80K20","BK80205",0.534198351415421
"Mouse","ONT cDNA",">4.5k","FLAIR","EDASeq","Kidney","K31",0.582927207157987
"Mouse","ONT cDNA",">4.5k","FLAIR","EDASeq","Kidney","K32",0.594852572987765
"Mouse","ONT cDNA",">4.5k","FLAIR","EDASeq","Kidney","K33",0.586350654089768
"Mouse","ONT cDNA",">4.5k","FLAIR","EDASeq","Kidney","K34",0.574233565714728
"Mouse","ONT cDNA",">4.5k","FLAIR","EDASeq","Kidney","K35",0.572826667457868
"Mouse","ONT cDNA",">4.5k","FLAIR","SMR","Brain","B31",0.389988836736716
"Mouse","ONT cDNA",">4.5k","FLAIR","SMR","Brain","B32",0.544616354912869
"Mouse","ONT cDNA",">4.5k","FLAIR","SMR","Brain","B33",0.521168100433936
"Mouse","ONT cDNA",">4.5k","FLAIR","SMR","Brain","B34",0.463767667648085
"Mouse","ONT cDNA",">4.5k","FLAIR","SMR","Brain","B35",0.462315123511397
"Mouse","ONT cDNA",">4.5k","FLAIR","SMR","B20K80","BK20801",0.29795263895897
"Mouse","ONT cDNA",">4.5k","FLAIR","SMR","B20K80","BK20802",0.512469170664388
"Mouse","ONT cDNA",">4.5k","FLAIR","SMR","B20K80","BK20803",0.465049442623244
"Mouse","ONT cDNA",">4.5k","FLAIR","SMR","B20K80","BK20804",0.458946892589133
"Mouse","ONT cDNA",">4.5k","FLAIR","SMR","B20K80","BK20805",0.391146023899313
"Mouse","ONT cDNA",">4.5k","FLAIR","SMR","B80K20","BK80201",0.429634786321476
"Mouse","ONT cDNA",">4.5k","FLAIR","SMR","B80K20","BK80202",0.475828075884056
"Mouse","ONT cDNA",">4.5k","FLAIR","SMR","B80K20","BK80203",0.403972250064907
"Mouse","ONT cDNA",">4.5k","FLAIR","SMR","B80K20","BK80204",0.356894684275311
"Mouse","ONT cDNA",">4.5k","FLAIR","SMR","B80K20","BK80205",0.39742371899396
"Mouse","ONT cDNA",">4.5k","FLAIR","SMR","Kidney","K31",0.44120789225753
"Mouse","ONT cDNA",">4.5k","FLAIR","SMR","Kidney","K32",0.54602954837501
"Mouse","ONT cDNA",">4.5k","FLAIR","SMR","Kidney","K33",0.494776530206997
"Mouse","ONT cDNA",">4.5k","FLAIR","SMR","Kidney","K34",0.45657935577495
"Mouse","ONT cDNA",">4.5k","FLAIR","SMR","Kidney","K35",0.427606068317495
"Mouse","ONT cDNA",">4.5k","FLAIR","TPM","Brain","B31",0.588541852675033
"Mouse","ONT cDNA",">4.5k","FLAIR","TPM","Brain","B32",0.613071643221575
"Mouse","ONT cDNA",">4.5k","FLAIR","TPM","Brain","B33",0.595373251051311
"Mouse","ONT cDNA",">4.5k","FLAIR","TPM","Brain","B34",0.584008687835355
"Mouse","ONT cDNA",">4.5k","FLAIR","TPM","Brain","B35",0.596397782212516
"Mouse","ONT cDNA",">4.5k","FLAIR","TPM","B20K80","BK20801",0.609968571461903
"Mouse","ONT cDNA",">4.5k","FLAIR","TPM","B20K80","BK20802",0.668267731274895
"Mouse","ONT cDNA",">4.5k","FLAIR","TPM","B20K80","BK20803",0.632449173366415
"Mouse","ONT cDNA",">4.5k","FLAIR","TPM","B20K80","BK20804",0.636255034504724
"Mouse","ONT cDNA",">4.5k","FLAIR","TPM","B20K80","BK20805",0.598812451151969
"Mouse","ONT cDNA",">4.5k","FLAIR","TPM","B80K20","BK80201",0.577137279889549
"Mouse","ONT cDNA",">4.5k","FLAIR","TPM","B80K20","BK80202",0.603926021809602
"Mouse","ONT cDNA",">4.5k","FLAIR","TPM","B80K20","BK80203",0.590921332189557
"Mouse","ONT cDNA",">4.5k","FLAIR","TPM","B80K20","BK80204",0.591418201369731
"Mouse","ONT cDNA",">4.5k","FLAIR","TPM","B80K20","BK80205",0.580152268500337
"Mouse","ONT cDNA",">4.5k","FLAIR","TPM","Kidney","K31",0.634716022636584
"Mouse","ONT cDNA",">4.5k","FLAIR","TPM","Kidney","K32",0.6628619245897
"Mouse","ONT cDNA",">4.5k","FLAIR","TPM","Kidney","K33",0.653056598080847
"Mouse","ONT cDNA",">4.5k","FLAIR","TPM","Kidney","K34",0.644615122054723
"Mouse","ONT cDNA",">4.5k","FLAIR","TPM","Kidney","K35",0.63650523870128
"Mouse","ONT cDNA",">4.5k","IsoQuant","CPM","Brain","B31",0.461203867945757
"Mouse","ONT cDNA",">4.5k","IsoQuant","CPM","Brain","B32",0.480851026640808
"Mouse","ONT cDNA",">4.5k","IsoQuant","CPM","Brain","B33",0.471925862381398
"Mouse","ONT cDNA",">4.5k","IsoQuant","CPM","Brain","B34",0.476877679578106
"Mouse","ONT cDNA",">4.5k","IsoQuant","CPM","Brain","B35",0.472695933720249
"Mouse","ONT cDNA",">4.5k","IsoQuant","CPM","B20K80","BK20801",0.374213085385513
"Mouse","ONT cDNA",">4.5k","IsoQuant","CPM","B20K80","BK20802",0.434669520523588
"Mouse","ONT cDNA",">4.5k","IsoQuant","CPM","B20K80","BK20803",0.369551505789556
"Mouse","ONT cDNA",">4.5k","IsoQuant","CPM","B20K80","BK20804",0.378803413102764
"Mouse","ONT cDNA",">4.5k","IsoQuant","CPM","B20K80","BK20805",0.329395365232145
"Mouse","ONT cDNA",">4.5k","IsoQuant","CPM","B80K20","BK80201",0.434228623150037
"Mouse","ONT cDNA",">4.5k","IsoQuant","CPM","B80K20","BK80202",0.463123599378861
"Mouse","ONT cDNA",">4.5k","IsoQuant","CPM","B80K20","BK80203",0.404636180619296
"Mouse","ONT cDNA",">4.5k","IsoQuant","CPM","B80K20","BK80204",0.4345251750577
"Mouse","ONT cDNA",">4.5k","IsoQuant","CPM","B80K20","BK80205",0.412295363531888
"Mouse","ONT cDNA",">4.5k","IsoQuant","CPM","Kidney","K31",0.458380383094935
"Mouse","ONT cDNA",">4.5k","IsoQuant","CPM","Kidney","K32",0.492390698744007
"Mouse","ONT cDNA",">4.5k","IsoQuant","CPM","Kidney","K33",0.468828412062671
"Mouse","ONT cDNA",">4.5k","IsoQuant","CPM","Kidney","K34",0.440458891522846
"Mouse","ONT cDNA",">4.5k","IsoQuant","CPM","Kidney","K35",0.431440835682075
"Mouse","ONT cDNA",">4.5k","IsoQuant","CQN","Brain","B31",0.417938813361713
"Mouse","ONT cDNA",">4.5k","IsoQuant","CQN","Brain","B32",0.418929082909518
"Mouse","ONT cDNA",">4.5k","IsoQuant","CQN","Brain","B33",0.419397281989258
"Mouse","ONT cDNA",">4.5k","IsoQuant","CQN","Brain","B34",0.41342697095028
"Mouse","ONT cDNA",">4.5k","IsoQuant","CQN","Brain","B35",0.423265209320221
"Mouse","ONT cDNA",">4.5k","IsoQuant","CQN","B20K80","BK20801",0.17989450335939
"Mouse","ONT cDNA",">4.5k","IsoQuant","CQN","B20K80","BK20802",0.2315676037866
"Mouse","ONT cDNA",">4.5k","IsoQuant","CQN","B20K80","BK20803",0.172882854105352
"Mouse","ONT cDNA",">4.5k","IsoQuant","CQN","B20K80","BK20804",0.181955975154552
"Mouse","ONT cDNA",">4.5k","IsoQuant","CQN","B20K80","BK20805",0.172701518873661
"Mouse","ONT cDNA",">4.5k","IsoQuant","CQN","B80K20","BK80201",0.266975926954932
"Mouse","ONT cDNA",">4.5k","IsoQuant","CQN","B80K20","BK80202",0.277517159085575
"Mouse","ONT cDNA",">4.5k","IsoQuant","CQN","B80K20","BK80203",0.277972241929076
"Mouse","ONT cDNA",">4.5k","IsoQuant","CQN","B80K20","BK80204",0.280585692624863
"Mouse","ONT cDNA",">4.5k","IsoQuant","CQN","B80K20","BK80205",0.267227016672553
"Mouse","ONT cDNA",">4.5k","IsoQuant","CQN","Kidney","K31",0.25177280126111
"Mouse","ONT cDNA",">4.5k","IsoQuant","CQN","Kidney","K32",0.284216521045704
"Mouse","ONT cDNA",">4.5k","IsoQuant","CQN","Kidney","K33",0.255697764070498
"Mouse","ONT cDNA",">4.5k","IsoQuant","CQN","Kidney","K34",0.286089504950068
"Mouse","ONT cDNA",">4.5k","IsoQuant","CQN","Kidney","K35",0.248207503853806
"Mouse","ONT cDNA",">4.5k","IsoQuant","EDASeq","Brain","B31",0.47271837286972
"Mouse","ONT cDNA",">4.5k","IsoQuant","EDASeq","Brain","B32",0.494353780892972
"Mouse","ONT cDNA",">4.5k","IsoQuant","EDASeq","Brain","B33",0.483216301581723
"Mouse","ONT cDNA",">4.5k","IsoQuant","EDASeq","Brain","B34",0.488918424630345
"Mouse","ONT cDNA",">4.5k","IsoQuant","EDASeq","Brain","B35",0.481913045710503
"Mouse","ONT cDNA",">4.5k","IsoQuant","EDASeq","B20K80","BK20801",0.383926015839639
"Mouse","ONT cDNA",">4.5k","IsoQuant","EDASeq","B20K80","BK20802",0.43111212910325
"Mouse","ONT cDNA",">4.5k","IsoQuant","EDASeq","B20K80","BK20803",0.365559776007666
"Mouse","ONT cDNA",">4.5k","IsoQuant","EDASeq","B20K80","BK20804",0.377423424340618
"Mouse","ONT cDNA",">4.5k","IsoQuant","EDASeq","B20K80","BK20805",0.332698352773136
"Mouse","ONT cDNA",">4.5k","IsoQuant","EDASeq","B80K20","BK80201",0.45533062703902
"Mouse","ONT cDNA",">4.5k","IsoQuant","EDASeq","B80K20","BK80202",0.483797627633581
"Mouse","ONT cDNA",">4.5k","IsoQuant","EDASeq","B80K20","BK80203",0.421520302852215
"Mouse","ONT cDNA",">4.5k","IsoQuant","EDASeq","B80K20","BK80204",0.459067665175559
"Mouse","ONT cDNA",">4.5k","IsoQuant","EDASeq","B80K20","BK80205",0.434413590773191
"Mouse","ONT cDNA",">4.5k","IsoQuant","EDASeq","Kidney","K31",0.450316482572703
"Mouse","ONT cDNA",">4.5k","IsoQuant","EDASeq","Kidney","K32",0.468402650702055
"Mouse","ONT cDNA",">4.5k","IsoQuant","EDASeq","Kidney","K33",0.45628013342688
"Mouse","ONT cDNA",">4.5k","IsoQuant","EDASeq","Kidney","K34",0.436050526916399
"Mouse","ONT cDNA",">4.5k","IsoQuant","EDASeq","Kidney","K35",0.440911797049189
"Mouse","ONT cDNA",">4.5k","IsoQuant","SMR","Brain","B31",0.303935462128168
"Mouse","ONT cDNA",">4.5k","IsoQuant","SMR","Brain","B32",0.417776655344453
"Mouse","ONT cDNA",">4.5k","IsoQuant","SMR","Brain","B33",0.375627718215527
"Mouse","ONT cDNA",">4.5k","IsoQuant","SMR","Brain","B34",0.362963825399618
"Mouse","ONT cDNA",">4.5k","IsoQuant","SMR","Brain","B35",0.320840241632973
"Mouse","ONT cDNA",">4.5k","IsoQuant","SMR","B20K80","BK20801",0.158773633538314
"Mouse","ONT cDNA",">4.5k","IsoQuant","SMR","B20K80","BK20802",0.30798225755963
"Mouse","ONT cDNA",">4.5k","IsoQuant","SMR","B20K80","BK20803",0.27070923477235
"Mouse","ONT cDNA",">4.5k","IsoQuant","SMR","B20K80","BK20804",0.25315181994299
"Mouse","ONT cDNA",">4.5k","IsoQuant","SMR","B20K80","BK20805",0.185753077214125
"Mouse","ONT cDNA",">4.5k","IsoQuant","SMR","B80K20","BK80201",0.316129572616513
"Mouse","ONT cDNA",">4.5k","IsoQuant","SMR","B80K20","BK80202",0.385084912962456
"Mouse","ONT cDNA",">4.5k","IsoQuant","SMR","B80K20","BK80203",0.312254052576238
"Mouse","ONT cDNA",">4.5k","IsoQuant","SMR","B80K20","BK80204",0.251777885713323
"Mouse","ONT cDNA",">4.5k","IsoQuant","SMR","B80K20","BK80205",0.250507816782629
"Mouse","ONT cDNA",">4.5k","IsoQuant","SMR","Kidney","K31",0.445180986121151
"Mouse","ONT cDNA",">4.5k","IsoQuant","SMR","Kidney","K32",0.473022587872209
"Mouse","ONT cDNA",">4.5k","IsoQuant","SMR","Kidney","K33",0.416620275689185
"Mouse","ONT cDNA",">4.5k","IsoQuant","SMR","Kidney","K34",0.463642226408559
"Mouse","ONT cDNA",">4.5k","IsoQuant","SMR","Kidney","K35",0.412999395894192
"Mouse","ONT cDNA",">4.5k","IsoQuant","TPM","Brain","B31",0.514829935944083
"Mouse","ONT cDNA",">4.5k","IsoQuant","TPM","Brain","B32",0.522999471774417
"Mouse","ONT cDNA",">4.5k","IsoQuant","TPM","Brain","B33",0.5209657244373
"Mouse","ONT cDNA",">4.5k","IsoQuant","TPM","Brain","B34",0.521143549687235
"Mouse","ONT cDNA",">4.5k","IsoQuant","TPM","Brain","B35",0.52386419962558
"Mouse","ONT cDNA",">4.5k","IsoQuant","TPM","B20K80","BK20801",0.426561871097375
"Mouse","ONT cDNA",">4.5k","IsoQuant","TPM","B20K80","BK20802",0.475990847974234
"Mouse","ONT cDNA",">4.5k","IsoQuant","TPM","B20K80","BK20803",0.422316782546474
"Mouse","ONT cDNA",">4.5k","IsoQuant","TPM","B20K80","BK20804",0.42751420836653
"Mouse","ONT cDNA",">4.5k","IsoQuant","TPM","B20K80","BK20805",0.382195818905172
"Mouse","ONT cDNA",">4.5k","IsoQuant","TPM","B80K20","BK80201",0.493374408816486
"Mouse","ONT cDNA",">4.5k","IsoQuant","TPM","B80K20","BK80202",0.517589919016132
"Mouse","ONT cDNA",">4.5k","IsoQuant","TPM","B80K20","BK80203",0.472621035955502
"Mouse","ONT cDNA",">4.5k","IsoQuant","TPM","B80K20","BK80204",0.494685405830501
"Mouse","ONT cDNA",">4.5k","IsoQuant","TPM","B80K20","BK80205",0.481358836929527
"Mouse","ONT cDNA",">4.5k","IsoQuant","TPM","Kidney","K31",0.497839730896772
"Mouse","ONT cDNA",">4.5k","IsoQuant","TPM","Kidney","K32",0.525059642322989
"Mouse","ONT cDNA",">4.5k","IsoQuant","TPM","Kidney","K33",0.50511461482356
"Mouse","ONT cDNA",">4.5k","IsoQuant","TPM","Kidney","K34",0.47826630936152
"Mouse","ONT cDNA",">4.5k","IsoQuant","TPM","Kidney","K35",0.476182679010538
"Mouse","ONT cDNA",">4.5k","Kallisto","CPM","Brain","B31",0.282238504520014
"Mouse","ONT cDNA",">4.5k","Kallisto","CPM","Brain","B32",0.325842694078069
"Mouse","ONT cDNA",">4.5k","Kallisto","CPM","Brain","B33",0.297495553775735
"Mouse","ONT cDNA",">4.5k","Kallisto","CPM","Brain","B34",0.280053200701227
"Mouse","ONT cDNA",">4.5k","Kallisto","CPM","Brain","B35",0.276998735897409
"Mouse","ONT cDNA",">4.5k","Kallisto","CPM","B20K80","BK20801",0.203099784013988
"Mouse","ONT cDNA",">4.5k","Kallisto","CPM","B20K80","BK20802",0.292833316576811
"Mouse","ONT cDNA",">4.5k","Kallisto","CPM","B20K80","BK20803",0.253775496523183
"Mouse","ONT cDNA",">4.5k","Kallisto","CPM","B20K80","BK20804",0.248799873091021
"Mouse","ONT cDNA",">4.5k","Kallisto","CPM","B20K80","BK20805",0.213686442386846
"Mouse","ONT cDNA",">4.5k","Kallisto","CPM","B80K20","BK80201",0.258054154863373
"Mouse","ONT cDNA",">4.5k","Kallisto","CPM","B80K20","BK80202",0.309197662373481
"Mouse","ONT cDNA",">4.5k","Kallisto","CPM","B80K20","BK80203",0.267331739982614
"Mouse","ONT cDNA",">4.5k","Kallisto","CPM","B80K20","BK80204",0.248167907412985
"Mouse","ONT cDNA",">4.5k","Kallisto","CPM","B80K20","BK80205",0.231647271237134
"Mouse","ONT cDNA",">4.5k","Kallisto","CPM","Kidney","K31",0.376009294328976
"Mouse","ONT cDNA",">4.5k","Kallisto","CPM","Kidney","K32",0.47681902699261
"Mouse","ONT cDNA",">4.5k","Kallisto","CPM","Kidney","K33",0.44104365530125
"Mouse","ONT cDNA",">4.5k","Kallisto","CPM","Kidney","K34",0.415045707541809
"Mouse","ONT cDNA",">4.5k","Kallisto","CPM","Kidney","K35",0.404700817906611
"Mouse","ONT cDNA",">4.5k","Kallisto","CQN","Brain","B31",0.315155295453343
"Mouse","ONT cDNA",">4.5k","Kallisto","CQN","Brain","B32",0.353982059840961
"Mouse","ONT cDNA",">4.5k","Kallisto","CQN","Brain","B33",0.328873902207959
"Mouse","ONT cDNA",">4.5k","Kallisto","CQN","Brain","B34",0.329437897340136
"Mouse","ONT cDNA",">4.5k","Kallisto","CQN","Brain","B35",0.327248218683702
"Mouse","ONT cDNA",">4.5k","Kallisto","CQN","B20K80","BK20801",0.222382854162108
"Mouse","ONT cDNA",">4.5k","Kallisto","CQN","B20K80","BK20802",0.280382156680039
"Mouse","ONT cDNA",">4.5k","Kallisto","CQN","B20K80","BK20803",0.247615701334158
"Mouse","ONT cDNA",">4.5k","Kallisto","CQN","B20K80","BK20804",0.258984593505553
"Mouse","ONT cDNA",">4.5k","Kallisto","CQN","B20K80","BK20805",0.227647709255552
"Mouse","ONT cDNA",">4.5k","Kallisto","CQN","B80K20","BK80201",0.259118109632805
"Mouse","ONT cDNA",">4.5k","Kallisto","CQN","B80K20","BK80202",0.316735339993328
"Mouse","ONT cDNA",">4.5k","Kallisto","CQN","B80K20","BK80203",0.267721611131559
"Mouse","ONT cDNA",">4.5k","Kallisto","CQN","B80K20","BK80204",0.267022523706942
"Mouse","ONT cDNA",">4.5k","Kallisto","CQN","B80K20","BK80205",0.254726592808043
"Mouse","ONT cDNA",">4.5k","Kallisto","CQN","Kidney","K31",0.384769738877256
"Mouse","ONT cDNA",">4.5k","Kallisto","CQN","Kidney","K32",0.484066361721
"Mouse","ONT cDNA",">4.5k","Kallisto","CQN","Kidney","K33",0.44614049619603
"Mouse","ONT cDNA",">4.5k","Kallisto","CQN","Kidney","K34",0.421353651552845
"Mouse","ONT cDNA",">4.5k","Kallisto","CQN","Kidney","K35",0.404087688596538
"Mouse","ONT cDNA",">4.5k","Kallisto","EDASeq","Brain","B31",0.271061558406635
"Mouse","ONT cDNA",">4.5k","Kallisto","EDASeq","Brain","B32",0.317275166410662
"Mouse","ONT cDNA",">4.5k","Kallisto","EDASeq","Brain","B33",0.28611892206597
"Mouse","ONT cDNA",">4.5k","Kallisto","EDASeq","Brain","B34",0.289702658755944
"Mouse","ONT cDNA",">4.5k","Kallisto","EDASeq","Brain","B35",0.267828861432837
"Mouse","ONT cDNA",">4.5k","Kallisto","EDASeq","B20K80","BK20801",0.17685613751876
"Mouse","ONT cDNA",">4.5k","Kallisto","EDASeq","B20K80","BK20802",0.241167806637535
"Mouse","ONT cDNA",">4.5k","Kallisto","EDASeq","B20K80","BK20803",0.218099500814995
"Mouse","ONT cDNA",">4.5k","Kallisto","EDASeq","B20K80","BK20804",0.216927429127001
"Mouse","ONT cDNA",">4.5k","Kallisto","EDASeq","B20K80","BK20805",0.183723381569601
"Mouse","ONT cDNA",">4.5k","Kallisto","EDASeq","B80K20","BK80201",0.25443888016325
"Mouse","ONT cDNA",">4.5k","Kallisto","EDASeq","B80K20","BK80202",0.279352526589551
"Mouse","ONT cDNA",">4.5k","Kallisto","EDASeq","B80K20","BK80203",0.246715882117764
"Mouse","ONT cDNA",">4.5k","Kallisto","EDASeq","B80K20","BK80204",0.23622975700829
"Mouse","ONT cDNA",">4.5k","Kallisto","EDASeq","B80K20","BK80205",0.221786568187403
"Mouse","ONT cDNA",">4.5k","Kallisto","EDASeq","Kidney","K31",0.327661405877758
"Mouse","ONT cDNA",">4.5k","Kallisto","EDASeq","Kidney","K32",0.41658245645174
"Mouse","ONT cDNA",">4.5k","Kallisto","EDASeq","Kidney","K33",0.392546305080861
"Mouse","ONT cDNA",">4.5k","Kallisto","EDASeq","Kidney","K34",0.349803477280504
"Mouse","ONT cDNA",">4.5k","Kallisto","EDASeq","Kidney","K35",0.353897523571955
"Mouse","ONT cDNA",">4.5k","Kallisto","SMR","Brain","B31",0.411251785869363
"Mouse","ONT cDNA",">4.5k","Kallisto","SMR","Brain","B32",0.529204509726945
"Mouse","ONT cDNA",">4.5k","Kallisto","SMR","Brain","B33",0.48954502890547
"Mouse","ONT cDNA",">4.5k","Kallisto","SMR","Brain","B34",0.475484498419993
"Mouse","ONT cDNA",">4.5k","Kallisto","SMR","Brain","B35",0.45955414221063
"Mouse","ONT cDNA",">4.5k","Kallisto","SMR","B20K80","BK20801",0.297499658610854
"Mouse","ONT cDNA",">4.5k","Kallisto","SMR","B20K80","BK20802",0.420089740679396
"Mouse","ONT cDNA",">4.5k","Kallisto","SMR","B20K80","BK20803",0.431731046903826
"Mouse","ONT cDNA",">4.5k","Kallisto","SMR","B20K80","BK20804",0.453413261311619
"Mouse","ONT cDNA",">4.5k","Kallisto","SMR","B20K80","BK20805",0.38433756469169
"Mouse","ONT cDNA",">4.5k","Kallisto","SMR","B80K20","BK80201",0.36700841048529
"Mouse","ONT cDNA",">4.5k","Kallisto","SMR","B80K20","BK80202",0.44207279470557
"Mouse","ONT cDNA",">4.5k","Kallisto","SMR","B80K20","BK80203",0.337970487408927
"Mouse","ONT cDNA",">4.5k","Kallisto","SMR","B80K20","BK80204",0.301432107998882
"Mouse","ONT cDNA",">4.5k","Kallisto","SMR","B80K20","BK80205",0.27917269792514
"Mouse","ONT cDNA",">4.5k","Kallisto","SMR","Kidney","K31",0.603228083917691
"Mouse","ONT cDNA",">4.5k","Kallisto","SMR","Kidney","K32",0.704112173677571
"Mouse","ONT cDNA",">4.5k","Kallisto","SMR","Kidney","K33",0.648283794221004
"Mouse","ONT cDNA",">4.5k","Kallisto","SMR","Kidney","K34",0.643384797692274
"Mouse","ONT cDNA",">4.5k","Kallisto","SMR","Kidney","K35",0.634887770581
"Mouse","ONT cDNA",">4.5k","Kallisto","TPM","Brain","B31",0.430611673455322
"Mouse","ONT cDNA",">4.5k","Kallisto","TPM","Brain","B32",0.453468859110349
"Mouse","ONT cDNA",">4.5k","Kallisto","TPM","Brain","B33",0.431707512143119
"Mouse","ONT cDNA",">4.5k","Kallisto","TPM","Brain","B34",0.416721308349919
"Mouse","ONT cDNA",">4.5k","Kallisto","TPM","Brain","B35",0.422075355415196
"Mouse","ONT cDNA",">4.5k","Kallisto","TPM","B20K80","BK20801",0.346658372194883
"Mouse","ONT cDNA",">4.5k","Kallisto","TPM","B20K80","BK20802",0.417988668988355
"Mouse","ONT cDNA",">4.5k","Kallisto","TPM","B20K80","BK20803",0.389846941189482
"Mouse","ONT cDNA",">4.5k","Kallisto","TPM","B20K80","BK20804",0.387041936832474
"Mouse","ONT cDNA",">4.5k","Kallisto","TPM","B20K80","BK20805",0.350167263303799
"Mouse","ONT cDNA",">4.5k","Kallisto","TPM","B80K20","BK80201",0.396341426274038
"Mouse","ONT cDNA",">4.5k","Kallisto","TPM","B80K20","BK80202",0.435552984246774
"Mouse","ONT cDNA",">4.5k","Kallisto","TPM","B80K20","BK80203",0.402023345496691
"Mouse","ONT cDNA",">4.5k","Kallisto","TPM","B80K20","BK80204",0.38858021410325
"Mouse","ONT cDNA",">4.5k","Kallisto","TPM","B80K20","BK80205",0.375587178196513
"Mouse","ONT cDNA",">4.5k","Kallisto","TPM","Kidney","K31",0.506688884729049
"Mouse","ONT cDNA",">4.5k","Kallisto","TPM","Kidney","K32",0.585857712641237
"Mouse","ONT cDNA",">4.5k","Kallisto","TPM","Kidney","K33",0.555174525516642
"Mouse","ONT cDNA",">4.5k","Kallisto","TPM","Kidney","K34",0.541438179536329
"Mouse","ONT cDNA",">4.5k","Kallisto","TPM","Kidney","K35",0.530429905023512
"Mouse","ONT cDNA",">4.5k","Oarfish","CPM","Brain","B31",0.284503201770512
"Mouse","ONT cDNA",">4.5k","Oarfish","CPM","Brain","B32",0.33219896966843
"Mouse","ONT cDNA",">4.5k","Oarfish","CPM","Brain","B33",0.28043009059864
"Mouse","ONT cDNA",">4.5k","Oarfish","CPM","Brain","B34",0.271354468983426
"Mouse","ONT cDNA",">4.5k","Oarfish","CPM","Brain","B35",0.27864133322969
"Mouse","ONT cDNA",">4.5k","Oarfish","CPM","B20K80","BK20801",0.239420760132992
"Mouse","ONT cDNA",">4.5k","Oarfish","CPM","B20K80","BK20802",0.278166744800516
"Mouse","ONT cDNA",">4.5k","Oarfish","CPM","B20K80","BK20803",0.280083433729537
"Mouse","ONT cDNA",">4.5k","Oarfish","CPM","B20K80","BK20804",0.265932219867482
"Mouse","ONT cDNA",">4.5k","Oarfish","CPM","B20K80","BK20805",0.216768189982007
"Mouse","ONT cDNA",">4.5k","Oarfish","CPM","B80K20","BK80201",0.265595332646085
"Mouse","ONT cDNA",">4.5k","Oarfish","CPM","B80K20","BK80202",0.31087330144582
"Mouse","ONT cDNA",">4.5k","Oarfish","CPM","B80K20","BK80203",0.265736218775159
"Mouse","ONT cDNA",">4.5k","Oarfish","CPM","B80K20","BK80204",0.229719888506946
"Mouse","ONT cDNA",">4.5k","Oarfish","CPM","B80K20","BK80205",0.229906183593366
"Mouse","ONT cDNA",">4.5k","Oarfish","CPM","Kidney","K31",0.364854751684488
"Mouse","ONT cDNA",">4.5k","Oarfish","CPM","Kidney","K32",0.451750950642924
"Mouse","ONT cDNA",">4.5k","Oarfish","CPM","Kidney","K33",0.43109546418739503
"Mouse","ONT cDNA",">4.5k","Oarfish","CPM","Kidney","K34",0.409821258782899
"Mouse","ONT cDNA",">4.5k","Oarfish","CPM","Kidney","K35",0.374818323549524
"Mouse","ONT cDNA",">4.5k","Oarfish","CQN","Brain","B31",0.34902763176029
"Mouse","ONT cDNA",">4.5k","Oarfish","CQN","Brain","B32",0.385422006230589
"Mouse","ONT cDNA",">4.5k","Oarfish","CQN","Brain","B33",0.343823966782395
"Mouse","ONT cDNA",">4.5k","Oarfish","CQN","Brain","B34",0.33809721700465
"Mouse","ONT cDNA",">4.5k","Oarfish","CQN","Brain","B35",0.339127688526843
"Mouse","ONT cDNA",">4.5k","Oarfish","CQN","B20K80","BK20801",0.259315701178308
"Mouse","ONT cDNA",">4.5k","Oarfish","CQN","B20K80","BK20802",0.289795597017664
"Mouse","ONT cDNA",">4.5k","Oarfish","CQN","B20K80","BK20803",0.276457657552729
"Mouse","ONT cDNA",">4.5k","Oarfish","CQN","B20K80","BK20804",0.279255079186791
"Mouse","ONT cDNA",">4.5k","Oarfish","CQN","B20K80","BK20805",0.234548573886722
"Mouse","ONT cDNA",">4.5k","Oarfish","CQN","B80K20","BK80201",0.305923526267216
"Mouse","ONT cDNA",">4.5k","Oarfish","CQN","B80K20","BK80202",0.343202407933819
"Mouse","ONT cDNA",">4.5k","Oarfish","CQN","B80K20","BK80203",0.280062941697542
"Mouse","ONT cDNA",">4.5k","Oarfish","CQN","B80K20","BK80204",0.280675858256131
"Mouse","ONT cDNA",">4.5k","Oarfish","CQN","B80K20","BK80205",0.266705583880586
"Mouse","ONT cDNA",">4.5k","Oarfish","CQN","Kidney","K31",0.404448916880434
"Mouse","ONT cDNA",">4.5k","Oarfish","CQN","Kidney","K32",0.481760817452106
"Mouse","ONT cDNA",">4.5k","Oarfish","CQN","Kidney","K33",0.435092734576516
"Mouse","ONT cDNA",">4.5k","Oarfish","CQN","Kidney","K34",0.417241024139258
"Mouse","ONT cDNA",">4.5k","Oarfish","CQN","Kidney","K35",0.400422064652211
"Mouse","ONT cDNA",">4.5k","Oarfish","EDASeq","Brain","B31",0.320920376792797
"Mouse","ONT cDNA",">4.5k","Oarfish","EDASeq","Brain","B32",0.358359501639213
"Mouse","ONT cDNA",">4.5k","Oarfish","EDASeq","Brain","B33",0.306999374343424
"Mouse","ONT cDNA",">4.5k","Oarfish","EDASeq","Brain","B34",0.303286740405029
"Mouse","ONT cDNA",">4.5k","Oarfish","EDASeq","Brain","B35",0.304514602768595
"Mouse","ONT cDNA",">4.5k","Oarfish","EDASeq","B20K80","BK20801",0.250222785941544
"Mouse","ONT cDNA",">4.5k","Oarfish","EDASeq","B20K80","BK20802",0.281859635018431
"Mouse","ONT cDNA",">4.5k","Oarfish","EDASeq","B20K80","BK20803",0.284605490469019
"Mouse","ONT cDNA",">4.5k","Oarfish","EDASeq","B20K80","BK20804",0.271649140334703
"Mouse","ONT cDNA",">4.5k","Oarfish","EDASeq","B20K80","BK20805",0.228297968210674
"Mouse","ONT cDNA",">4.5k","Oarfish","EDASeq","B80K20","BK80201",0.29340188787102
"Mouse","ONT cDNA",">4.5k","Oarfish","EDASeq","B80K20","BK80202",0.330195635830803
"Mouse","ONT cDNA",">4.5k","Oarfish","EDASeq","B80K20","BK80203",0.286803046279227
"Mouse","ONT cDNA",">4.5k","Oarfish","EDASeq","B80K20","BK80204",0.254407552446262
"Mouse","ONT cDNA",">4.5k","Oarfish","EDASeq","B80K20","BK80205",0.254532203800143
"Mouse","ONT cDNA",">4.5k","Oarfish","EDASeq","Kidney","K31",0.358009863033895
"Mouse","ONT cDNA",">4.5k","Oarfish","EDASeq","Kidney","K32",0.424676258911891
"Mouse","ONT cDNA",">4.5k","Oarfish","EDASeq","Kidney","K33",0.414960516752686
"Mouse","ONT cDNA",">4.5k","Oarfish","EDASeq","Kidney","K34",0.380057985028149
"Mouse","ONT cDNA",">4.5k","Oarfish","EDASeq","Kidney","K35",0.362420273668118
"Mouse","ONT cDNA",">4.5k","Oarfish","SMR","Brain","B31",0.384211299852049
"Mouse","ONT cDNA",">4.5k","Oarfish","SMR","Brain","B32",0.516147295874645
"Mouse","ONT cDNA",">4.5k","Oarfish","SMR","Brain","B33",0.430001668491103
"Mouse","ONT cDNA",">4.5k","Oarfish","SMR","Brain","B34",0.442872714986357
"Mouse","ONT cDNA",">4.5k","Oarfish","SMR","Brain","B35",0.438422089032805
"Mouse","ONT cDNA",">4.5k","Oarfish","SMR","B20K80","BK20801",0.296861096548792
"Mouse","ONT cDNA",">4.5k","Oarfish","SMR","B20K80","BK20802",0.409006194324927
"Mouse","ONT cDNA",">4.5k","Oarfish","SMR","B20K80","BK20803",0.424047703883559
"Mouse","ONT cDNA",">4.5k","Oarfish","SMR","B20K80","BK20804",0.450849566971441
"Mouse","ONT cDNA",">4.5k","Oarfish","SMR","B20K80","BK20805",0.343705892190207
"Mouse","ONT cDNA",">4.5k","Oarfish","SMR","B80K20","BK80201",0.353576855403253
"Mouse","ONT cDNA",">4.5k","Oarfish","SMR","B80K20","BK80202",0.440314862793351
"Mouse","ONT cDNA",">4.5k","Oarfish","SMR","B80K20","BK80203",0.293746756275679
"Mouse","ONT cDNA",">4.5k","Oarfish","SMR","B80K20","BK80204",0.234427351551309
"Mouse","ONT cDNA",">4.5k","Oarfish","SMR","B80K20","BK80205",0.24567079531125
"Mouse","ONT cDNA",">4.5k","Oarfish","SMR","Kidney","K31",0.539408590442984
"Mouse","ONT cDNA",">4.5k","Oarfish","SMR","Kidney","K32",0.639860412563168
"Mouse","ONT cDNA",">4.5k","Oarfish","SMR","Kidney","K33",0.602869069748019
"Mouse","ONT cDNA",">4.5k","Oarfish","SMR","Kidney","K34",0.585235463150436
"Mouse","ONT cDNA",">4.5k","Oarfish","SMR","Kidney","K35",0.544241803330887
"Mouse","ONT cDNA",">4.5k","Oarfish","TPM","Brain","B31",0.401077902850728
"Mouse","ONT cDNA",">4.5k","Oarfish","TPM","Brain","B32",0.431879054815314
"Mouse","ONT cDNA",">4.5k","Oarfish","TPM","Brain","B33",0.387016165192218
"Mouse","ONT cDNA",">4.5k","Oarfish","TPM","Brain","B34",0.379139846890829
"Mouse","ONT cDNA",">4.5k","Oarfish","TPM","Brain","B35",0.39058267146568
"Mouse","ONT cDNA",">4.5k","Oarfish","TPM","B20K80","BK20801",0.34184166328343
"Mouse","ONT cDNA",">4.5k","Oarfish","TPM","B20K80","BK20802",0.378688665253114
"Mouse","ONT cDNA",">4.5k","Oarfish","TPM","B20K80","BK20803",0.387603626474057
"Mouse","ONT cDNA",">4.5k","Oarfish","TPM","B20K80","BK20804",0.374731810180902
"Mouse","ONT cDNA",">4.5k","Oarfish","TPM","B20K80","BK20805",0.324182921140478
"Mouse","ONT cDNA",">4.5k","Oarfish","TPM","B80K20","BK80201",0.374408074657027
"Mouse","ONT cDNA",">4.5k","Oarfish","TPM","B80K20","BK80202",0.405565843238051
"Mouse","ONT cDNA",">4.5k","Oarfish","TPM","B80K20","BK80203",0.36695794726946
"Mouse","ONT cDNA",">4.5k","Oarfish","TPM","B80K20","BK80204",0.335487112728291
"Mouse","ONT cDNA",">4.5k","Oarfish","TPM","B80K20","BK80205",0.336946059610817
"Mouse","ONT cDNA",">4.5k","Oarfish","TPM","Kidney","K31",0.482316875923059
"Mouse","ONT cDNA",">4.5k","Oarfish","TPM","Kidney","K32",0.547481334565619
"Mouse","ONT cDNA",">4.5k","Oarfish","TPM","Kidney","K33",0.538053370720752
"Mouse","ONT cDNA",">4.5k","Oarfish","TPM","Kidney","K34",0.528607239951387
"Mouse","ONT cDNA",">4.5k","Oarfish","TPM","Kidney","K35",0.490843473851274
