"Dataset","Level","Platform","Tool","Normalization","Condition","Sample","Spearman correlation"
"Mouse","Transcript level","Iso-Seq","Bambu","CPM","B20K80","B20K80_1",0.712554167085822
"Mouse","Transcript level","Iso-Seq","Bambu","CPM","B20K80","B20K80_2",0.700510269973107
"Mouse","Transcript level","Iso-Seq","Bambu","CPM","B20K80","B20K80_3",0.684544840507077
"Mouse","Transcript level","Iso-Seq","Bambu","CPM","B20K80","B20K80_4",0.725794393702635
"Mouse","Transcript level","Iso-Seq","Bambu","CPM","B20K80","B20K80_5",0.733915160273535
"Mouse","Transcript level","Iso-Seq","Bambu","CPM","Brain","B31",0.590501287349056
"Mouse","Transcript level","Iso-Seq","Bambu","CPM","Brain","B32",0.675453762083397
"Mouse","Transcript level","Iso-Seq","Bambu","CPM","Brain","B33",0.652537861988776
"Mouse","Transcript level","Iso-Seq","Bambu","CPM","Brain","B34",0.65604148290307
"Mouse","Transcript level","Iso-Seq","Bambu","CPM","Brain","B35",0.679523407556882
"Mouse","Transcript level","Iso-Seq","Bambu","CPM","B80K20","B80K20_1",0.701118492634996
"Mouse","Transcript level","Iso-Seq","Bambu","CPM","B80K20","B80K20_2",0.642886862851482
"Mouse","Transcript level","Iso-Seq","Bambu","CPM","B80K20","B80K20_3",0.699138716873715
"Mouse","Transcript level","Iso-Seq","Bambu","CPM","B80K20","B80K20_4",0.650602822497354
"Mouse","Transcript level","Iso-Seq","Bambu","CPM","B80K20","B80K20_5",0.695626964628525
"Mouse","Transcript level","Iso-Seq","Bambu","CPM","Kidney","K31",0.705895150500074
"Mouse","Transcript level","Iso-Seq","Bambu","CPM","Kidney","K32",0.702372372185022
"Mouse","Transcript level","Iso-Seq","Bambu","CPM","Kidney","K33",0.701080523988466
"Mouse","Transcript level","Iso-Seq","Bambu","CPM","Kidney","K34",0.768468063171626
"Mouse","Transcript level","Iso-Seq","Bambu","CPM","Kidney","K35",0.775741821301532
"Mouse","Transcript level","Iso-Seq","Bambu","CQN","B20K80","B20K80_1",0.64757952105697
"Mouse","Transcript level","Iso-Seq","Bambu","CQN","B20K80","B20K80_2",0.695598657441358
"Mouse","Transcript level","Iso-Seq","Bambu","CQN","B20K80","B20K80_3",0.647952326682012
"Mouse","Transcript level","Iso-Seq","Bambu","CQN","B20K80","B20K80_4",0.635654309492899
"Mouse","Transcript level","Iso-Seq","Bambu","CQN","B20K80","B20K80_5",0.609840406651413
"Mouse","Transcript level","Iso-Seq","Bambu","CQN","Brain","B31",0.684585578756679
"Mouse","Transcript level","Iso-Seq","Bambu","CQN","Brain","B32",0.74131558495583
"Mouse","Transcript level","Iso-Seq","Bambu","CQN","Brain","B33",0.729073135876601
"Mouse","Transcript level","Iso-Seq","Bambu","CQN","Brain","B34",0.710231495109386
"Mouse","Transcript level","Iso-Seq","Bambu","CQN","Brain","B35",0.721600267864408
"Mouse","Transcript level","Iso-Seq","Bambu","CQN","B80K20","B80K20_1",0.705888896310512
"Mouse","Transcript level","Iso-Seq","Bambu","CQN","B80K20","B80K20_2",0.710555703825209
"Mouse","Transcript level","Iso-Seq","Bambu","CQN","B80K20","B80K20_3",0.69125348119542
"Mouse","Transcript level","Iso-Seq","Bambu","CQN","B80K20","B80K20_4",0.671867589753188
"Mouse","Transcript level","Iso-Seq","Bambu","CQN","B80K20","B80K20_5",0.672575160725567
"Mouse","Transcript level","Iso-Seq","Bambu","CQN","Kidney","K31",0.640625773021388
"Mouse","Transcript level","Iso-Seq","Bambu","CQN","Kidney","K32",0.715955588762624
"Mouse","Transcript level","Iso-Seq","Bambu","CQN","Kidney","K33",0.663969051812503
"Mouse","Transcript level","Iso-Seq","Bambu","CQN","Kidney","K34",0.647356128340103
"Mouse","Transcript level","Iso-Seq","Bambu","CQN","Kidney","K35",0.576331985377947
"Mouse","Transcript level","Iso-Seq","Bambu","EDASeq","B20K80","B20K80_1",0.637747069240954
"Mouse","Transcript level","Iso-Seq","Bambu","EDASeq","B20K80","B20K80_2",0.681004898630242
"Mouse","Transcript level","Iso-Seq","Bambu","EDASeq","B20K80","B20K80_3",0.626133145033854
"Mouse","Transcript level","Iso-Seq","Bambu","EDASeq","B20K80","B20K80_4",0.624124277122153
"Mouse","Transcript level","Iso-Seq","Bambu","EDASeq","B20K80","B20K80_5",0.613481501798224
"Mouse","Transcript level","Iso-Seq","Bambu","EDASeq","Brain","B31",0.645188468982076
"Mouse","Transcript level","Iso-Seq","Bambu","EDASeq","Brain","B32",0.713908402318593
"Mouse","Transcript level","Iso-Seq","Bambu","EDASeq","Brain","B33",0.696982689201392
"Mouse","Transcript level","Iso-Seq","Bambu","EDASeq","Brain","B34",0.665844141387555
"Mouse","Transcript level","Iso-Seq","Bambu","EDASeq","Brain","B35",0.679720468562015
"Mouse","Transcript level","Iso-Seq","Bambu","EDASeq","B80K20","B80K20_1",0.694423061043019
"Mouse","Transcript level","Iso-Seq","Bambu","EDASeq","B80K20","B80K20_2",0.69491279604749
"Mouse","Transcript level","Iso-Seq","Bambu","EDASeq","B80K20","B80K20_3",0.676898834101326
"Mouse","Transcript level","Iso-Seq","Bambu","EDASeq","B80K20","B80K20_4",0.646944551818444
"Mouse","Transcript level","Iso-Seq","Bambu","EDASeq","B80K20","B80K20_5",0.655585725602339
"Mouse","Transcript level","Iso-Seq","Bambu","EDASeq","Kidney","K31",0.624440721264558
"Mouse","Transcript level","Iso-Seq","Bambu","EDASeq","Kidney","K32",0.680677554330759
"Mouse","Transcript level","Iso-Seq","Bambu","EDASeq","Kidney","K33",0.636083803277595
"Mouse","Transcript level","Iso-Seq","Bambu","EDASeq","Kidney","K34",0.642471561337344
"Mouse","Transcript level","Iso-Seq","Bambu","EDASeq","Kidney","K35",0.613119220293269
"Mouse","Transcript level","Iso-Seq","Bambu","SMR","B20K80","B20K80_1",0.529172638125722
"Mouse","Transcript level","Iso-Seq","Bambu","SMR","B20K80","B20K80_2",0.646847925332971
"Mouse","Transcript level","Iso-Seq","Bambu","SMR","B20K80","B20K80_3",0.59318168842288
"Mouse","Transcript level","Iso-Seq","Bambu","SMR","B20K80","B20K80_4",0.651721618234215
"Mouse","Transcript level","Iso-Seq","Bambu","SMR","B20K80","B20K80_5",0.621132948148022
"Mouse","Transcript level","Iso-Seq","Bambu","SMR","Brain","B31",0.396819605512729
"Mouse","Transcript level","Iso-Seq","Bambu","SMR","Brain","B32",0.71102518002258
"Mouse","Transcript level","Iso-Seq","Bambu","SMR","Brain","B33",0.648055684524925
"Mouse","Transcript level","Iso-Seq","Bambu","SMR","Brain","B34",0.608811466279312
"Mouse","Transcript level","Iso-Seq","Bambu","SMR","Brain","B35",0.652199487930282
"Mouse","Transcript level","Iso-Seq","Bambu","SMR","B80K20","B80K20_1",0.63042306796838
"Mouse","Transcript level","Iso-Seq","Bambu","SMR","B80K20","B80K20_2",0.650353721569613
"Mouse","Transcript level","Iso-Seq","Bambu","SMR","B80K20","B80K20_3",0.464574867704583
"Mouse","Transcript level","Iso-Seq","Bambu","SMR","B80K20","B80K20_4",0.482692850406199
"Mouse","Transcript level","Iso-Seq","Bambu","SMR","B80K20","B80K20_5",0.516247785662639
"Mouse","Transcript level","Iso-Seq","Bambu","SMR","Kidney","K31",0.722021334992722
"Mouse","Transcript level","Iso-Seq","Bambu","SMR","Kidney","K32",0.74589241021233
"Mouse","Transcript level","Iso-Seq","Bambu","SMR","Kidney","K33",0.734098729282039
"Mouse","Transcript level","Iso-Seq","Bambu","SMR","Kidney","K34",0.803650439528249
"Mouse","Transcript level","Iso-Seq","Bambu","SMR","Kidney","K35",0.806071049116867
"Mouse","Transcript level","Iso-Seq","Bambu","TPM","B20K80","B20K80_1",0.794264538389149
"Mouse","Transcript level","Iso-Seq","Bambu","TPM","B20K80","B20K80_2",0.793480786606152
"Mouse","Transcript level","Iso-Seq","Bambu","TPM","B20K80","B20K80_3",0.777863994596055
"Mouse","Transcript level","Iso-Seq","Bambu","TPM","B20K80","B20K80_4",0.789475622835289
"Mouse","Transcript level","Iso-Seq","Bambu","TPM","B20K80","B20K80_5",0.794045552045863
"Mouse","Transcript level","Iso-Seq","Bambu","TPM","Brain","B31",0.743038126937612
"Mouse","Transcript level","Iso-Seq","Bambu","TPM","Brain","B32",0.763703721466884
"Mouse","Transcript level","Iso-Seq","Bambu","TPM","Brain","B33",0.756937653967623
"Mouse","Transcript level","Iso-Seq","Bambu","TPM","Brain","B34",0.728081682821258
"Mouse","Transcript level","Iso-Seq","Bambu","TPM","Brain","B35",0.755732570605616
"Mouse","Transcript level","Iso-Seq","Bambu","TPM","B80K20","B80K20_1",0.766818604006807
"Mouse","Transcript level","Iso-Seq","Bambu","TPM","B80K20","B80K20_2",0.745017727699598
"Mouse","Transcript level","Iso-Seq","Bambu","TPM","B80K20","B80K20_3",0.750789752267373
"Mouse","Transcript level","Iso-Seq","Bambu","TPM","B80K20","B80K20_4",0.734239216806305
"Mouse","Transcript level","Iso-Seq","Bambu","TPM","B80K20","B80K20_5",0.754434437641555
"Mouse","Transcript level","Iso-Seq","Bambu","TPM","Kidney","K31",0.829258865110596
"Mouse","Transcript level","Iso-Seq","Bambu","TPM","Kidney","K32",0.821478848567046
"Mouse","Transcript level","Iso-Seq","Bambu","TPM","Kidney","K33",0.825647748197557
"Mouse","Transcript level","Iso-Seq","Bambu","TPM","Kidney","K34",0.840196643616989
"Mouse","Transcript level","Iso-Seq","Bambu","TPM","Kidney","K35",0.844231635828817
"Mouse","Transcript level","Iso-Seq","FLAIR","CPM","B20K80","B20K80_1",0.700209794505964
"Mouse","Transcript level","Iso-Seq","FLAIR","CPM","B20K80","B20K80_2",0.688667630971765
"Mouse","Transcript level","Iso-Seq","FLAIR","CPM","B20K80","B20K80_3",0.668435583984213
"Mouse","Transcript level","Iso-Seq","FLAIR","CPM","B20K80","B20K80_4",0.709482113373463
"Mouse","Transcript level","Iso-Seq","FLAIR","CPM","B20K80","B20K80_5",0.718935983793624
"Mouse","Transcript level","Iso-Seq","FLAIR","CPM","Brain","B31",0.589686207462182
"Mouse","Transcript level","Iso-Seq","FLAIR","CPM","Brain","B32",0.664715970061624
"Mouse","Transcript level","Iso-Seq","FLAIR","CPM","Brain","B33",0.639096707563662
"Mouse","Transcript level","Iso-Seq","FLAIR","CPM","Brain","B34",0.623861575410608
"Mouse","Transcript level","Iso-Seq","FLAIR","CPM","Brain","B35",0.656996428989154
"Mouse","Transcript level","Iso-Seq","FLAIR","CPM","B80K20","B80K20_1",0.682031076888688
"Mouse","Transcript level","Iso-Seq","FLAIR","CPM","B80K20","B80K20_2",0.628206111717602
"Mouse","Transcript level","Iso-Seq","FLAIR","CPM","B80K20","B80K20_3",0.673385470173635
"Mouse","Transcript level","Iso-Seq","FLAIR","CPM","B80K20","B80K20_4",0.62600839099057
"Mouse","Transcript level","Iso-Seq","FLAIR","CPM","B80K20","B80K20_5",0.669880911367315
"Mouse","Transcript level","Iso-Seq","FLAIR","CPM","Kidney","K31",0.688302690107119
"Mouse","Transcript level","Iso-Seq","FLAIR","CPM","Kidney","K32",0.67612535430219
"Mouse","Transcript level","Iso-Seq","FLAIR","CPM","Kidney","K33",0.685694028312307
"Mouse","Transcript level","Iso-Seq","FLAIR","CPM","Kidney","K34",0.74739972279551
"Mouse","Transcript level","Iso-Seq","FLAIR","CPM","Kidney","K35",0.761275128815928
"Mouse","Transcript level","Iso-Seq","FLAIR","CQN","B20K80","B20K80_1",0.630764634678057
"Mouse","Transcript level","Iso-Seq","FLAIR","CQN","B20K80","B20K80_2",0.676217946313578
"Mouse","Transcript level","Iso-Seq","FLAIR","CQN","B20K80","B20K80_3",0.632830571837256
"Mouse","Transcript level","Iso-Seq","FLAIR","CQN","B20K80","B20K80_4",0.617868064600462
"Mouse","Transcript level","Iso-Seq","FLAIR","CQN","B20K80","B20K80_5",0.592463779961411
"Mouse","Transcript level","Iso-Seq","FLAIR","CQN","Brain","B31",0.691055308585555
"Mouse","Transcript level","Iso-Seq","FLAIR","CQN","Brain","B32",0.727499227699078
"Mouse","Transcript level","Iso-Seq","FLAIR","CQN","Brain","B33",0.721013153717401
"Mouse","Transcript level","Iso-Seq","FLAIR","CQN","Brain","B34",0.684734729461527
"Mouse","Transcript level","Iso-Seq","FLAIR","CQN","Brain","B35",0.705509513634501
"Mouse","Transcript level","Iso-Seq","FLAIR","CQN","B80K20","B80K20_1",0.68053701943037
"Mouse","Transcript level","Iso-Seq","FLAIR","CQN","B80K20","B80K20_2",0.685593889513318
"Mouse","Transcript level","Iso-Seq","FLAIR","CQN","B80K20","B80K20_3",0.662979940937325
"Mouse","Transcript level","Iso-Seq","FLAIR","CQN","B80K20","B80K20_4",0.645516137029193
"Mouse","Transcript level","Iso-Seq","FLAIR","CQN","B80K20","B80K20_5",0.646535700499868
"Mouse","Transcript level","Iso-Seq","FLAIR","CQN","Kidney","K31",0.641002822561712
"Mouse","Transcript level","Iso-Seq","FLAIR","CQN","Kidney","K32",0.712435366165332
"Mouse","Transcript level","Iso-Seq","FLAIR","CQN","Kidney","K33",0.658864144866729
"Mouse","Transcript level","Iso-Seq","FLAIR","CQN","Kidney","K34",0.62973762227709
"Mouse","Transcript level","Iso-Seq","FLAIR","CQN","Kidney","K35",0.569405740238416
"Mouse","Transcript level","Iso-Seq","FLAIR","EDASeq","B20K80","B20K80_1",0.655709080141543
"Mouse","Transcript level","Iso-Seq","FLAIR","EDASeq","B20K80","B20K80_2",0.703523273705116
"Mouse","Transcript level","Iso-Seq","FLAIR","EDASeq","B20K80","B20K80_3",0.638833878134592
"Mouse","Transcript level","Iso-Seq","FLAIR","EDASeq","B20K80","B20K80_4",0.635419206205811
"Mouse","Transcript level","Iso-Seq","FLAIR","EDASeq","B20K80","B20K80_5",0.625465410402271
"Mouse","Transcript level","Iso-Seq","FLAIR","EDASeq","Brain","B31",0.649810157582939
"Mouse","Transcript level","Iso-Seq","FLAIR","EDASeq","Brain","B32",0.70085559011911
"Mouse","Transcript level","Iso-Seq","FLAIR","EDASeq","Brain","B33",0.682235115251876
"Mouse","Transcript level","Iso-Seq","FLAIR","EDASeq","Brain","B34",0.628880427076715
"Mouse","Transcript level","Iso-Seq","FLAIR","EDASeq","Brain","B35",0.653302184436804
"Mouse","Transcript level","Iso-Seq","FLAIR","EDASeq","B80K20","B80K20_1",0.684198556429652
"Mouse","Transcript level","Iso-Seq","FLAIR","EDASeq","B80K20","B80K20_2",0.69185827982431
"Mouse","Transcript level","Iso-Seq","FLAIR","EDASeq","B80K20","B80K20_3",0.655422710681424
"Mouse","Transcript level","Iso-Seq","FLAIR","EDASeq","B80K20","B80K20_4",0.639368111140434
"Mouse","Transcript level","Iso-Seq","FLAIR","EDASeq","B80K20","B80K20_5",0.643058862574478
"Mouse","Transcript level","Iso-Seq","FLAIR","EDASeq","Kidney","K31",0.673625504320261
"Mouse","Transcript level","Iso-Seq","FLAIR","EDASeq","Kidney","K32",0.713815341656439
"Mouse","Transcript level","Iso-Seq","FLAIR","EDASeq","Kidney","K33",0.674596355886813
"Mouse","Transcript level","Iso-Seq","FLAIR","EDASeq","Kidney","K34",0.659811492924848
"Mouse","Transcript level","Iso-Seq","FLAIR","EDASeq","Kidney","K35",0.643330958447169
"Mouse","Transcript level","Iso-Seq","FLAIR","SMR","B20K80","B20K80_1",0.480917414381881
"Mouse","Transcript level","Iso-Seq","FLAIR","SMR","B20K80","B20K80_2",0.604766013124403
"Mouse","Transcript level","Iso-Seq","FLAIR","SMR","B20K80","B20K80_3",0.556390831660018
"Mouse","Transcript level","Iso-Seq","FLAIR","SMR","B20K80","B20K80_4",0.607332627674208
"Mouse","Transcript level","Iso-Seq","FLAIR","SMR","B20K80","B20K80_5",0.580581319220963
"Mouse","Transcript level","Iso-Seq","FLAIR","SMR","Brain","B31",0.37357373909464
"Mouse","Transcript level","Iso-Seq","FLAIR","SMR","Brain","B32",0.677401465583938
"Mouse","Transcript level","Iso-Seq","FLAIR","SMR","Brain","B33",0.617001884411247
"Mouse","Transcript level","Iso-Seq","FLAIR","SMR","Brain","B34",0.535856745996691
"Mouse","Transcript level","Iso-Seq","FLAIR","SMR","Brain","B35",0.592862158085906
"Mouse","Transcript level","Iso-Seq","FLAIR","SMR","B80K20","B80K20_1",0.599329674099696
"Mouse","Transcript level","Iso-Seq","FLAIR","SMR","B80K20","B80K20_2",0.625679897041706
"Mouse","Transcript level","Iso-Seq","FLAIR","SMR","B80K20","B80K20_3",0.408115866909448
"Mouse","Transcript level","Iso-Seq","FLAIR","SMR","B80K20","B80K20_4",0.433264896896808
"Mouse","Transcript level","Iso-Seq","FLAIR","SMR","B80K20","B80K20_5",0.464738700395627
"Mouse","Transcript level","Iso-Seq","FLAIR","SMR","Kidney","K31",0.674425915129848
"Mouse","Transcript level","Iso-Seq","FLAIR","SMR","Kidney","K32",0.692618849653902
"Mouse","Transcript level","Iso-Seq","FLAIR","SMR","Kidney","K33",0.692514454541652
"Mouse","Transcript level","Iso-Seq","FLAIR","SMR","Kidney","K34",0.743884114030938
"Mouse","Transcript level","Iso-Seq","FLAIR","SMR","Kidney","K35",0.760869648958487
"Mouse","Transcript level","Iso-Seq","FLAIR","TPM","B20K80","B20K80_1",0.779729043096665
"Mouse","Transcript level","Iso-Seq","FLAIR","TPM","B20K80","B20K80_2",0.782672580814008
"Mouse","Transcript level","Iso-Seq","FLAIR","TPM","B20K80","B20K80_3",0.757612281969129
"Mouse","Transcript level","Iso-Seq","FLAIR","TPM","B20K80","B20K80_4",0.7663642368255
"Mouse","Transcript level","Iso-Seq","FLAIR","TPM","B20K80","B20K80_5",0.772098792220672
"Mouse","Transcript level","Iso-Seq","FLAIR","TPM","Brain","B31",0.73666413922924
"Mouse","Transcript level","Iso-Seq","FLAIR","TPM","Brain","B32",0.748909376604685
"Mouse","Transcript level","Iso-Seq","FLAIR","TPM","Brain","B33",0.742006331342999
"Mouse","Transcript level","Iso-Seq","FLAIR","TPM","Brain","B34",0.689566546293456
"Mouse","Transcript level","Iso-Seq","FLAIR","TPM","Brain","B35",0.726102823011473
"Mouse","Transcript level","Iso-Seq","FLAIR","TPM","B80K20","B80K20_1",0.745129780147595
"Mouse","Transcript level","Iso-Seq","FLAIR","TPM","B80K20","B80K20_2",0.730707470626002
"Mouse","Transcript level","Iso-Seq","FLAIR","TPM","B80K20","B80K20_3",0.719494597670524
"Mouse","Transcript level","Iso-Seq","FLAIR","TPM","B80K20","B80K20_4",0.707614462321405
"Mouse","Transcript level","Iso-Seq","FLAIR","TPM","B80K20","B80K20_5",0.724296398863067
"Mouse","Transcript level","Iso-Seq","FLAIR","TPM","Kidney","K31",0.813701155042941
"Mouse","Transcript level","Iso-Seq","FLAIR","TPM","Kidney","K32",0.802397226859758
"Mouse","Transcript level","Iso-Seq","FLAIR","TPM","Kidney","K33",0.810256632789485
"Mouse","Transcript level","Iso-Seq","FLAIR","TPM","Kidney","K34",0.813915872513276
"Mouse","Transcript level","Iso-Seq","FLAIR","TPM","Kidney","K35",0.822846223138917
"Mouse","Transcript level","Iso-Seq","IsoQuant","CPM","B20K80","B20K80_1",0.704351114194565
"Mouse","Transcript level","Iso-Seq","IsoQuant","CPM","B20K80","B20K80_2",0.691296296314938
"Mouse","Transcript level","Iso-Seq","IsoQuant","CPM","B20K80","B20K80_3",0.667304076774096
"Mouse","Transcript level","Iso-Seq","IsoQuant","CPM","B20K80","B20K80_4",0.715988235442333
"Mouse","Transcript level","Iso-Seq","IsoQuant","CPM","B20K80","B20K80_5",0.726153028702968
"Mouse","Transcript level","Iso-Seq","IsoQuant","CPM","Brain","B31",0.58507003061859
"Mouse","Transcript level","Iso-Seq","IsoQuant","CPM","Brain","B32",0.657394429319553
"Mouse","Transcript level","Iso-Seq","IsoQuant","CPM","Brain","B33",0.629334685417381
"Mouse","Transcript level","Iso-Seq","IsoQuant","CPM","Brain","B34",0.61773877200331
"Mouse","Transcript level","Iso-Seq","IsoQuant","CPM","Brain","B35",0.647413838229991
"Mouse","Transcript level","Iso-Seq","IsoQuant","CPM","B80K20","B80K20_1",0.677603121104361
"Mouse","Transcript level","Iso-Seq","IsoQuant","CPM","B80K20","B80K20_2",0.625457680701365
"Mouse","Transcript level","Iso-Seq","IsoQuant","CPM","B80K20","B80K20_3",0.672380523771791
"Mouse","Transcript level","Iso-Seq","IsoQuant","CPM","B80K20","B80K20_4",0.627617496918184
"Mouse","Transcript level","Iso-Seq","IsoQuant","CPM","B80K20","B80K20_5",0.675026228375049
"Mouse","Transcript level","Iso-Seq","IsoQuant","CPM","Kidney","K31",0.703279377692632
"Mouse","Transcript level","Iso-Seq","IsoQuant","CPM","Kidney","K32",0.684600231321688
"Mouse","Transcript level","Iso-Seq","IsoQuant","CPM","Kidney","K33",0.695299868474858
"Mouse","Transcript level","Iso-Seq","IsoQuant","CPM","Kidney","K34",0.753998988038282
"Mouse","Transcript level","Iso-Seq","IsoQuant","CPM","Kidney","K35",0.769983615945021
"Mouse","Transcript level","Iso-Seq","IsoQuant","CQN","B20K80","B20K80_1",0.6152457517678
"Mouse","Transcript level","Iso-Seq","IsoQuant","CQN","B20K80","B20K80_2",0.657194120183357
"Mouse","Transcript level","Iso-Seq","IsoQuant","CQN","B20K80","B20K80_3",0.615557596908671
"Mouse","Transcript level","Iso-Seq","IsoQuant","CQN","B20K80","B20K80_4",0.601800175653183
"Mouse","Transcript level","Iso-Seq","IsoQuant","CQN","B20K80","B20K80_5",0.572951078159669
"Mouse","Transcript level","Iso-Seq","IsoQuant","CQN","Brain","B31",0.659260715625397
"Mouse","Transcript level","Iso-Seq","IsoQuant","CQN","Brain","B32",0.688095698986677
"Mouse","Transcript level","Iso-Seq","IsoQuant","CQN","Brain","B33",0.683471931802864
"Mouse","Transcript level","Iso-Seq","IsoQuant","CQN","Brain","B34",0.659109051055688
"Mouse","Transcript level","Iso-Seq","IsoQuant","CQN","Brain","B35",0.673481990732414
"Mouse","Transcript level","Iso-Seq","IsoQuant","CQN","B80K20","B80K20_1",0.654911765165467
"Mouse","Transcript level","Iso-Seq","IsoQuant","CQN","B80K20","B80K20_2",0.654698691406589
"Mouse","Transcript level","Iso-Seq","IsoQuant","CQN","B80K20","B80K20_3",0.640312113383353
"Mouse","Transcript level","Iso-Seq","IsoQuant","CQN","B80K20","B80K20_4",0.623445428210139
"Mouse","Transcript level","Iso-Seq","IsoQuant","CQN","B80K20","B80K20_5",0.623509684791249
"Mouse","Transcript level","Iso-Seq","IsoQuant","CQN","Kidney","K31",0.62348623555422
"Mouse","Transcript level","Iso-Seq","IsoQuant","CQN","Kidney","K32",0.691328105166372
"Mouse","Transcript level","Iso-Seq","IsoQuant","CQN","Kidney","K33",0.641303426671757
"Mouse","Transcript level","Iso-Seq","IsoQuant","CQN","Kidney","K34",0.611992109660882
"Mouse","Transcript level","Iso-Seq","IsoQuant","CQN","Kidney","K35",0.550539655953675
"Mouse","Transcript level","Iso-Seq","IsoQuant","EDASeq","B20K80","B20K80_1",0.637811310909602
"Mouse","Transcript level","Iso-Seq","IsoQuant","EDASeq","B20K80","B20K80_2",0.681854557773275
"Mouse","Transcript level","Iso-Seq","IsoQuant","EDASeq","B20K80","B20K80_3",0.628171375301372
"Mouse","Transcript level","Iso-Seq","IsoQuant","EDASeq","B20K80","B20K80_4",0.632000459014089
"Mouse","Transcript level","Iso-Seq","IsoQuant","EDASeq","B20K80","B20K80_5",0.614629100943137
"Mouse","Transcript level","Iso-Seq","IsoQuant","EDASeq","Brain","B31",0.637411714792658
"Mouse","Transcript level","Iso-Seq","IsoQuant","EDASeq","Brain","B32",0.696171058728346
"Mouse","Transcript level","Iso-Seq","IsoQuant","EDASeq","Brain","B33",0.679809719190168
"Mouse","Transcript level","Iso-Seq","IsoQuant","EDASeq","Brain","B34",0.643386708377103
"Mouse","Transcript level","Iso-Seq","IsoQuant","EDASeq","Brain","B35",0.657153797509139
"Mouse","Transcript level","Iso-Seq","IsoQuant","EDASeq","B80K20","B80K20_1",0.676044316205021
"Mouse","Transcript level","Iso-Seq","IsoQuant","EDASeq","B80K20","B80K20_2",0.680132339867321
"Mouse","Transcript level","Iso-Seq","IsoQuant","EDASeq","B80K20","B80K20_3",0.663182972238137
"Mouse","Transcript level","Iso-Seq","IsoQuant","EDASeq","B80K20","B80K20_4",0.636015186266563
"Mouse","Transcript level","Iso-Seq","IsoQuant","EDASeq","B80K20","B80K20_5",0.641722885574373
"Mouse","Transcript level","Iso-Seq","IsoQuant","EDASeq","Kidney","K31",0.64273963279888
"Mouse","Transcript level","Iso-Seq","IsoQuant","EDASeq","Kidney","K32",0.691282848800171
"Mouse","Transcript level","Iso-Seq","IsoQuant","EDASeq","Kidney","K33",0.653543384665528
"Mouse","Transcript level","Iso-Seq","IsoQuant","EDASeq","Kidney","K34",0.658110360404732
"Mouse","Transcript level","Iso-Seq","IsoQuant","EDASeq","Kidney","K35",0.642074793672448
"Mouse","Transcript level","Iso-Seq","IsoQuant","SMR","B20K80","B20K80_1",0.48845061503788
"Mouse","Transcript level","Iso-Seq","IsoQuant","SMR","B20K80","B20K80_2",0.60965213469379
"Mouse","Transcript level","Iso-Seq","IsoQuant","SMR","B20K80","B20K80_3",0.544308273122896
"Mouse","Transcript level","Iso-Seq","IsoQuant","SMR","B20K80","B20K80_4",0.607093553700401
"Mouse","Transcript level","Iso-Seq","IsoQuant","SMR","B20K80","B20K80_5",0.577719533593461
"Mouse","Transcript level","Iso-Seq","IsoQuant","SMR","Brain","B31",0.392175098706929
"Mouse","Transcript level","Iso-Seq","IsoQuant","SMR","Brain","B32",0.686833483966099
"Mouse","Transcript level","Iso-Seq","IsoQuant","SMR","Brain","B33",0.62809572575524
"Mouse","Transcript level","Iso-Seq","IsoQuant","SMR","Brain","B34",0.587248373589541
"Mouse","Transcript level","Iso-Seq","IsoQuant","SMR","Brain","B35",0.63099891632615
"Mouse","Transcript level","Iso-Seq","IsoQuant","SMR","B80K20","B80K20_1",0.619643377715875
"Mouse","Transcript level","Iso-Seq","IsoQuant","SMR","B80K20","B80K20_2",0.632663001153274
"Mouse","Transcript level","Iso-Seq","IsoQuant","SMR","B80K20","B80K20_3",0.43102120294501
"Mouse","Transcript level","Iso-Seq","IsoQuant","SMR","B80K20","B80K20_4",0.462414627863267
"Mouse","Transcript level","Iso-Seq","IsoQuant","SMR","B80K20","B80K20_5",0.491706131762132
"Mouse","Transcript level","Iso-Seq","IsoQuant","SMR","Kidney","K31",0.68329385954248
"Mouse","Transcript level","Iso-Seq","IsoQuant","SMR","Kidney","K32",0.6946841198218
"Mouse","Transcript level","Iso-Seq","IsoQuant","SMR","Kidney","K33",0.695679344195462
"Mouse","Transcript level","Iso-Seq","IsoQuant","SMR","Kidney","K34",0.74741763869879
"Mouse","Transcript level","Iso-Seq","IsoQuant","SMR","Kidney","K35",0.760442881523343
"Mouse","Transcript level","Iso-Seq","IsoQuant","TPM","B20K80","B20K80_1",0.781691215445801
"Mouse","Transcript level","Iso-Seq","IsoQuant","TPM","B20K80","B20K80_2",0.783727444501454
"Mouse","Transcript level","Iso-Seq","IsoQuant","TPM","B20K80","B20K80_3",0.756255919515454
"Mouse","Transcript level","Iso-Seq","IsoQuant","TPM","B20K80","B20K80_4",0.774220907393072
"Mouse","Transcript level","Iso-Seq","IsoQuant","TPM","B20K80","B20K80_5",0.780000319377349
"Mouse","Transcript level","Iso-Seq","IsoQuant","TPM","Brain","B31",0.735463117626815
"Mouse","Transcript level","Iso-Seq","IsoQuant","TPM","Brain","B32",0.749333667986911
"Mouse","Transcript level","Iso-Seq","IsoQuant","TPM","Brain","B33",0.741637631246458
"Mouse","Transcript level","Iso-Seq","IsoQuant","TPM","Brain","B34",0.693832306488976
"Mouse","Transcript level","Iso-Seq","IsoQuant","TPM","Brain","B35",0.72747814532426
"Mouse","Transcript level","Iso-Seq","IsoQuant","TPM","B80K20","B80K20_1",0.746920385601421
"Mouse","Transcript level","Iso-Seq","IsoQuant","TPM","B80K20","B80K20_2",0.730149821812384
"Mouse","Transcript level","Iso-Seq","IsoQuant","TPM","B80K20","B80K20_3",0.725915286969019
"Mouse","Transcript level","Iso-Seq","IsoQuant","TPM","B80K20","B80K20_4",0.712074480338308
"Mouse","Transcript level","Iso-Seq","IsoQuant","TPM","B80K20","B80K20_5",0.733924348633858
"Mouse","Transcript level","Iso-Seq","IsoQuant","TPM","Kidney","K31",0.820506892063259
"Mouse","Transcript level","Iso-Seq","IsoQuant","TPM","Kidney","K32",0.807069548794313
"Mouse","Transcript level","Iso-Seq","IsoQuant","TPM","Kidney","K33",0.814967472461515
"Mouse","Transcript level","Iso-Seq","IsoQuant","TPM","Kidney","K34",0.820268679675902
"Mouse","Transcript level","Iso-Seq","IsoQuant","TPM","Kidney","K35",0.830143072405147
"Mouse","Transcript level","Iso-Seq","Kallisto","CPM","B20K80","B20K80_1",0.68263878980242
"Mouse","Transcript level","Iso-Seq","Kallisto","CPM","B20K80","B20K80_2",0.670480477407371
"Mouse","Transcript level","Iso-Seq","Kallisto","CPM","B20K80","B20K80_3",0.650675837266925
"Mouse","Transcript level","Iso-Seq","Kallisto","CPM","B20K80","B20K80_4",0.69890866257304
"Mouse","Transcript level","Iso-Seq","Kallisto","CPM","B20K80","B20K80_5",0.708083428193423
"Mouse","Transcript level","Iso-Seq","Kallisto","CPM","Brain","B31",0.566532603637363
"Mouse","Transcript level","Iso-Seq","Kallisto","CPM","Brain","B32",0.647190641452539
"Mouse","Transcript level","Iso-Seq","Kallisto","CPM","Brain","B33",0.621276935446777
"Mouse","Transcript level","Iso-Seq","Kallisto","CPM","Brain","B34",0.617409453966274
"Mouse","Transcript level","Iso-Seq","Kallisto","CPM","Brain","B35",0.643275068123406
"Mouse","Transcript level","Iso-Seq","Kallisto","CPM","B80K20","B80K20_1",0.665970536480819
"Mouse","Transcript level","Iso-Seq","Kallisto","CPM","B80K20","B80K20_2",0.607775232828531
"Mouse","Transcript level","Iso-Seq","Kallisto","CPM","B80K20","B80K20_3",0.659427665646881
"Mouse","Transcript level","Iso-Seq","Kallisto","CPM","B80K20","B80K20_4",0.608682243028213
"Mouse","Transcript level","Iso-Seq","Kallisto","CPM","B80K20","B80K20_5",0.660951323210669
"Mouse","Transcript level","Iso-Seq","Kallisto","CPM","Kidney","K31",0.686171033365745
"Mouse","Transcript level","Iso-Seq","Kallisto","CPM","Kidney","K32",0.67229334096581
"Mouse","Transcript level","Iso-Seq","Kallisto","CPM","Kidney","K33",0.675636744441288
"Mouse","Transcript level","Iso-Seq","Kallisto","CPM","Kidney","K34",0.743060613078211
"Mouse","Transcript level","Iso-Seq","Kallisto","CPM","Kidney","K35",0.755935612199739
"Mouse","Transcript level","Iso-Seq","Kallisto","CQN","B20K80","B20K80_1",0.622095791379201
"Mouse","Transcript level","Iso-Seq","Kallisto","CQN","B20K80","B20K80_2",0.671159769257811
"Mouse","Transcript level","Iso-Seq","Kallisto","CQN","B20K80","B20K80_3",0.624830151505737
"Mouse","Transcript level","Iso-Seq","Kallisto","CQN","B20K80","B20K80_4",0.610712700934732
"Mouse","Transcript level","Iso-Seq","Kallisto","CQN","B20K80","B20K80_5",0.584596188119829
"Mouse","Transcript level","Iso-Seq","Kallisto","CQN","Brain","B31",0.679137808717694
"Mouse","Transcript level","Iso-Seq","Kallisto","CQN","Brain","B32",0.725510916487718
"Mouse","Transcript level","Iso-Seq","Kallisto","CQN","Brain","B33",0.713252324076739
"Mouse","Transcript level","Iso-Seq","Kallisto","CQN","Brain","B34",0.687752139431771
"Mouse","Transcript level","Iso-Seq","Kallisto","CQN","Brain","B35",0.699674829950186
"Mouse","Transcript level","Iso-Seq","Kallisto","CQN","B80K20","B80K20_1",0.680468299630585
"Mouse","Transcript level","Iso-Seq","Kallisto","CQN","B80K20","B80K20_2",0.688352589065651
"Mouse","Transcript level","Iso-Seq","Kallisto","CQN","B80K20","B80K20_3",0.661515445533102
"Mouse","Transcript level","Iso-Seq","Kallisto","CQN","B80K20","B80K20_4",0.642293428776281
"Mouse","Transcript level","Iso-Seq","Kallisto","CQN","B80K20","B80K20_5",0.647978081565727
"Mouse","Transcript level","Iso-Seq","Kallisto","CQN","Kidney","K31",0.62612636123764
"Mouse","Transcript level","Iso-Seq","Kallisto","CQN","Kidney","K32",0.701476306420434
"Mouse","Transcript level","Iso-Seq","Kallisto","CQN","Kidney","K33",0.653451180555851
"Mouse","Transcript level","Iso-Seq","Kallisto","CQN","Kidney","K34",0.630574491986286
"Mouse","Transcript level","Iso-Seq","Kallisto","CQN","Kidney","K35",0.558127178434822
"Mouse","Transcript level","Iso-Seq","Kallisto","EDASeq","B20K80","B20K80_1",0.595323868192044
"Mouse","Transcript level","Iso-Seq","Kallisto","EDASeq","B20K80","B20K80_2",0.647765346155546
"Mouse","Transcript level","Iso-Seq","Kallisto","EDASeq","B20K80","B20K80_3",0.584142236962651
"Mouse","Transcript level","Iso-Seq","Kallisto","EDASeq","B20K80","B20K80_4",0.583324005561229
"Mouse","Transcript level","Iso-Seq","Kallisto","EDASeq","B20K80","B20K80_5",0.563953082423735
"Mouse","Transcript level","Iso-Seq","Kallisto","EDASeq","Brain","B31",0.629480348342739
"Mouse","Transcript level","Iso-Seq","Kallisto","EDASeq","Brain","B32",0.690803732198984
"Mouse","Transcript level","Iso-Seq","Kallisto","EDASeq","Brain","B33",0.674235289074324
"Mouse","Transcript level","Iso-Seq","Kallisto","EDASeq","Brain","B34",0.631717472539048
"Mouse","Transcript level","Iso-Seq","Kallisto","EDASeq","Brain","B35",0.647529271766483
"Mouse","Transcript level","Iso-Seq","Kallisto","EDASeq","B80K20","B80K20_1",0.657779247099344
"Mouse","Transcript level","Iso-Seq","Kallisto","EDASeq","B80K20","B80K20_2",0.666844678255148
"Mouse","Transcript level","Iso-Seq","Kallisto","EDASeq","B80K20","B80K20_3",0.635018726950584
"Mouse","Transcript level","Iso-Seq","Kallisto","EDASeq","B80K20","B80K20_4",0.606629653900463
"Mouse","Transcript level","Iso-Seq","Kallisto","EDASeq","B80K20","B80K20_5",0.615174840631879
"Mouse","Transcript level","Iso-Seq","Kallisto","EDASeq","Kidney","K31",0.598699500484555
"Mouse","Transcript level","Iso-Seq","Kallisto","EDASeq","Kidney","K32",0.652388740547621
"Mouse","Transcript level","Iso-Seq","Kallisto","EDASeq","Kidney","K33",0.609144612816352
"Mouse","Transcript level","Iso-Seq","Kallisto","EDASeq","Kidney","K34",0.605180487197775
"Mouse","Transcript level","Iso-Seq","Kallisto","EDASeq","Kidney","K35",0.582877024706474
"Mouse","Transcript level","Iso-Seq","Kallisto","SMR","B20K80","B20K80_1",0.518288925153624
"Mouse","Transcript level","Iso-Seq","Kallisto","SMR","B20K80","B20K80_2",0.638056328011017
"Mouse","Transcript level","Iso-Seq","Kallisto","SMR","B20K80","B20K80_3",0.58689119566341
"Mouse","Transcript level","Iso-Seq","Kallisto","SMR","B20K80","B20K80_4",0.64538672570917
"Mouse","Transcript level","Iso-Seq","Kallisto","SMR","B20K80","B20K80_5",0.616490505864001
"Mouse","Transcript level","Iso-Seq","Kallisto","SMR","Brain","B31",0.407398147438362
"Mouse","Transcript level","Iso-Seq","Kallisto","SMR","Brain","B32",0.710438667660905
"Mouse","Transcript level","Iso-Seq","Kallisto","SMR","Brain","B33",0.654283630073051
"Mouse","Transcript level","Iso-Seq","Kallisto","SMR","Brain","B34",0.611809974075816
"Mouse","Transcript level","Iso-Seq","Kallisto","SMR","Brain","B35",0.658639825743438
"Mouse","Transcript level","Iso-Seq","Kallisto","SMR","B80K20","B80K20_1",0.633115202918795
"Mouse","Transcript level","Iso-Seq","Kallisto","SMR","B80K20","B80K20_2",0.647929952082565
"Mouse","Transcript level","Iso-Seq","Kallisto","SMR","B80K20","B80K20_3",0.45842455392004
"Mouse","Transcript level","Iso-Seq","Kallisto","SMR","B80K20","B80K20_4",0.478271966326127
"Mouse","Transcript level","Iso-Seq","Kallisto","SMR","B80K20","B80K20_5",0.506122158083477
"Mouse","Transcript level","Iso-Seq","Kallisto","SMR","Kidney","K31",0.728345275217051
"Mouse","Transcript level","Iso-Seq","Kallisto","SMR","Kidney","K32",0.741365644001027
"Mouse","Transcript level","Iso-Seq","Kallisto","SMR","Kidney","K33",0.731541802487572
"Mouse","Transcript level","Iso-Seq","Kallisto","SMR","Kidney","K34",0.794964388733496
"Mouse","Transcript level","Iso-Seq","Kallisto","SMR","Kidney","K35",0.803622243384097
"Mouse","Transcript level","Iso-Seq","Kallisto","TPM","B20K80","B20K80_1",0.772735450830304
"Mouse","Transcript level","Iso-Seq","Kallisto","TPM","B20K80","B20K80_2",0.772842379376361
"Mouse","Transcript level","Iso-Seq","Kallisto","TPM","B20K80","B20K80_3",0.751237880202205
"Mouse","Transcript level","Iso-Seq","Kallisto","TPM","B20K80","B20K80_4",0.769236083724628
"Mouse","Transcript level","Iso-Seq","Kallisto","TPM","B20K80","B20K80_5",0.774622709629883
"Mouse","Transcript level","Iso-Seq","Kallisto","TPM","Brain","B31",0.725336325085041
"Mouse","Transcript level","Iso-Seq","Kallisto","TPM","Brain","B32",0.746297362368174
"Mouse","Transcript level","Iso-Seq","Kallisto","TPM","Brain","B33",0.738008789905399
"Mouse","Transcript level","Iso-Seq","Kallisto","TPM","Brain","B34",0.702451306005912
"Mouse","Transcript level","Iso-Seq","Kallisto","TPM","Brain","B35",0.731924610849809
"Mouse","Transcript level","Iso-Seq","Kallisto","TPM","B80K20","B80K20_1",0.743365084343842
"Mouse","Transcript level","Iso-Seq","Kallisto","TPM","B80K20","B80K20_2",0.719977535399442
"Mouse","Transcript level","Iso-Seq","Kallisto","TPM","B80K20","B80K20_3",0.722925590342391
"Mouse","Transcript level","Iso-Seq","Kallisto","TPM","B80K20","B80K20_4",0.705288245100836
"Mouse","Transcript level","Iso-Seq","Kallisto","TPM","B80K20","B80K20_5",0.729543501890797
"Mouse","Transcript level","Iso-Seq","Kallisto","TPM","Kidney","K31",0.812498246639407
"Mouse","Transcript level","Iso-Seq","Kallisto","TPM","Kidney","K32",0.797987170843223
"Mouse","Transcript level","Iso-Seq","Kallisto","TPM","Kidney","K33",0.804562425860413
"Mouse","Transcript level","Iso-Seq","Kallisto","TPM","Kidney","K34",0.820131162216965
"Mouse","Transcript level","Iso-Seq","Kallisto","TPM","Kidney","K35",0.827864834108515
"Mouse","Transcript level","Iso-Seq","Oarfish","CPM","B20K80","B20K80_1",0.726029467495603
"Mouse","Transcript level","Iso-Seq","Oarfish","CPM","B20K80","B20K80_2",0.712355411408043
"Mouse","Transcript level","Iso-Seq","Oarfish","CPM","B20K80","B20K80_3",0.703638948385972
"Mouse","Transcript level","Iso-Seq","Oarfish","CPM","B20K80","B20K80_4",0.739665180003361
"Mouse","Transcript level","Iso-Seq","Oarfish","CPM","B20K80","B20K80_5",0.748078510058062
"Mouse","Transcript level","Iso-Seq","Oarfish","CPM","Brain","B31",0.6034361331553
"Mouse","Transcript level","Iso-Seq","Oarfish","CPM","Brain","B32",0.68925613862189
"Mouse","Transcript level","Iso-Seq","Oarfish","CPM","Brain","B33",0.666267958155361
"Mouse","Transcript level","Iso-Seq","Oarfish","CPM","Brain","B34",0.672827936786713
"Mouse","Transcript level","Iso-Seq","Oarfish","CPM","Brain","B35",0.695768528061115
"Mouse","Transcript level","Iso-Seq","Oarfish","CPM","B80K20","B80K20_1",0.714483399341969
"Mouse","Transcript level","Iso-Seq","Oarfish","CPM","B80K20","B80K20_2",0.653874909028037
"Mouse","Transcript level","Iso-Seq","Oarfish","CPM","B80K20","B80K20_3",0.711954473183525
"Mouse","Transcript level","Iso-Seq","Oarfish","CPM","B80K20","B80K20_4",0.665210154804987
"Mouse","Transcript level","Iso-Seq","Oarfish","CPM","B80K20","B80K20_5",0.708276068518029
"Mouse","Transcript level","Iso-Seq","Oarfish","CPM","Kidney","K31",0.716707279596153
"Mouse","Transcript level","Iso-Seq","Oarfish","CPM","Kidney","K32",0.715406056467252
"Mouse","Transcript level","Iso-Seq","Oarfish","CPM","Kidney","K33",0.71550535183154
"Mouse","Transcript level","Iso-Seq","Oarfish","CPM","Kidney","K34",0.781884860279291
"Mouse","Transcript level","Iso-Seq","Oarfish","CPM","Kidney","K35",0.785168563593346
"Mouse","Transcript level","Iso-Seq","Oarfish","CQN","B20K80","B20K80_1",0.659615410993156
"Mouse","Transcript level","Iso-Seq","Oarfish","CQN","B20K80","B20K80_2",0.706136444759783
"Mouse","Transcript level","Iso-Seq","Oarfish","CQN","B20K80","B20K80_3",0.660955483508047
"Mouse","Transcript level","Iso-Seq","Oarfish","CQN","B20K80","B20K80_4",0.647125181391982
"Mouse","Transcript level","Iso-Seq","Oarfish","CQN","B20K80","B20K80_5",0.622909318329944
"Mouse","Transcript level","Iso-Seq","Oarfish","CQN","Brain","B31",0.694283048268959
"Mouse","Transcript level","Iso-Seq","Oarfish","CQN","Brain","B32",0.749713011513718
"Mouse","Transcript level","Iso-Seq","Oarfish","CQN","Brain","B33",0.73537794552613
"Mouse","Transcript level","Iso-Seq","Oarfish","CQN","Brain","B34",0.715473378337808
"Mouse","Transcript level","Iso-Seq","Oarfish","CQN","Brain","B35",0.730700752320157
"Mouse","Transcript level","Iso-Seq","Oarfish","CQN","B80K20","B80K20_1",0.715734906694926
"Mouse","Transcript level","Iso-Seq","Oarfish","CQN","B80K20","B80K20_2",0.717925727254126
"Mouse","Transcript level","Iso-Seq","Oarfish","CQN","B80K20","B80K20_3",0.701967953966192
"Mouse","Transcript level","Iso-Seq","Oarfish","CQN","B80K20","B80K20_4",0.682835132749116
"Mouse","Transcript level","Iso-Seq","Oarfish","CQN","B80K20","B80K20_5",0.682356121968812
"Mouse","Transcript level","Iso-Seq","Oarfish","CQN","Kidney","K31",0.652177265643337
"Mouse","Transcript level","Iso-Seq","Oarfish","CQN","Kidney","K32",0.731829050863416
"Mouse","Transcript level","Iso-Seq","Oarfish","CQN","Kidney","K33",0.67326176888
"Mouse","Transcript level","Iso-Seq","Oarfish","CQN","Kidney","K34",0.657733975395923
"Mouse","Transcript level","Iso-Seq","Oarfish","CQN","Kidney","K35",0.593880028729541
"Mouse","Transcript level","Iso-Seq","Oarfish","EDASeq","B20K80","B20K80_1",0.647780213723682
"Mouse","Transcript level","Iso-Seq","Oarfish","EDASeq","B20K80","B20K80_2",0.688602425577243
"Mouse","Transcript level","Iso-Seq","Oarfish","EDASeq","B20K80","B20K80_3",0.639587827103847
"Mouse","Transcript level","Iso-Seq","Oarfish","EDASeq","B20K80","B20K80_4",0.638322850249444
"Mouse","Transcript level","Iso-Seq","Oarfish","EDASeq","B20K80","B20K80_5",0.628923371145374
"Mouse","Transcript level","Iso-Seq","Oarfish","EDASeq","Brain","B31",0.65624009987836
"Mouse","Transcript level","Iso-Seq","Oarfish","EDASeq","Brain","B32",0.725922877038858
"Mouse","Transcript level","Iso-Seq","Oarfish","EDASeq","Brain","B33",0.705651070832181
"Mouse","Transcript level","Iso-Seq","Oarfish","EDASeq","Brain","B34",0.679146177253972
"Mouse","Transcript level","Iso-Seq","Oarfish","EDASeq","Brain","B35",0.690927774128972
"Mouse","Transcript level","Iso-Seq","Oarfish","EDASeq","B80K20","B80K20_1",0.703331788023092
"Mouse","Transcript level","Iso-Seq","Oarfish","EDASeq","B80K20","B80K20_2",0.703370759586182
"Mouse","Transcript level","Iso-Seq","Oarfish","EDASeq","B80K20","B80K20_3",0.687580587018212
"Mouse","Transcript level","Iso-Seq","Oarfish","EDASeq","B80K20","B80K20_4",0.657194923187884
"Mouse","Transcript level","Iso-Seq","Oarfish","EDASeq","B80K20","B80K20_5",0.665390167015554
"Mouse","Transcript level","Iso-Seq","Oarfish","EDASeq","Kidney","K31",0.638575313021527
"Mouse","Transcript level","Iso-Seq","Oarfish","EDASeq","Kidney","K32",0.691593764292626
"Mouse","Transcript level","Iso-Seq","Oarfish","EDASeq","Kidney","K33",0.653297120371763
"Mouse","Transcript level","Iso-Seq","Oarfish","EDASeq","Kidney","K34",0.663767435055315
"Mouse","Transcript level","Iso-Seq","Oarfish","EDASeq","Kidney","K35",0.639515187508373
"Mouse","Transcript level","Iso-Seq","Oarfish","SMR","B20K80","B20K80_1",0.531563406193752
"Mouse","Transcript level","Iso-Seq","Oarfish","SMR","B20K80","B20K80_2",0.642031617906321
"Mouse","Transcript level","Iso-Seq","Oarfish","SMR","B20K80","B20K80_3",0.60071806372275
"Mouse","Transcript level","Iso-Seq","Oarfish","SMR","B20K80","B20K80_4",0.64708463614811
"Mouse","Transcript level","Iso-Seq","Oarfish","SMR","B20K80","B20K80_5",0.614805328206648
"Mouse","Transcript level","Iso-Seq","Oarfish","SMR","Brain","B31",0.381596234589105
"Mouse","Transcript level","Iso-Seq","Oarfish","SMR","Brain","B32",0.711853313841752
"Mouse","Transcript level","Iso-Seq","Oarfish","SMR","Brain","B33",0.643740547907226
"Mouse","Transcript level","Iso-Seq","Oarfish","SMR","Brain","B34",0.58517752275697
"Mouse","Transcript level","Iso-Seq","Oarfish","SMR","Brain","B35",0.636146600980996
"Mouse","Transcript level","Iso-Seq","Oarfish","SMR","B80K20","B80K20_1",0.616291436802727
"Mouse","Transcript level","Iso-Seq","Oarfish","SMR","B80K20","B80K20_2",0.645794471599406
"Mouse","Transcript level","Iso-Seq","Oarfish","SMR","B80K20","B80K20_3",0.446794828292946
"Mouse","Transcript level","Iso-Seq","Oarfish","SMR","B80K20","B80K20_4",0.466447485548324
"Mouse","Transcript level","Iso-Seq","Oarfish","SMR","B80K20","B80K20_5",0.497105662756125
"Mouse","Transcript level","Iso-Seq","Oarfish","SMR","Kidney","K31",0.724600490142638
"Mouse","Transcript level","Iso-Seq","Oarfish","SMR","Kidney","K32",0.749072404734408
"Mouse","Transcript level","Iso-Seq","Oarfish","SMR","Kidney","K33",0.74119708439344
"Mouse","Transcript level","Iso-Seq","Oarfish","SMR","Kidney","K34",0.806367306438273
"Mouse","Transcript level","Iso-Seq","Oarfish","SMR","Kidney","K35",0.80612920562908
"Mouse","Transcript level","Iso-Seq","Oarfish","TPM","B20K80","B20K80_1",0.799269501092536
"Mouse","Transcript level","Iso-Seq","Oarfish","TPM","B20K80","B20K80_2",0.799251247145046
"Mouse","Transcript level","Iso-Seq","Oarfish","TPM","B20K80","B20K80_3",0.786625149334952
"Mouse","Transcript level","Iso-Seq","Oarfish","TPM","B20K80","B20K80_4",0.793937254066749
"Mouse","Transcript level","Iso-Seq","Oarfish","TPM","B20K80","B20K80_5",0.799198618582022
"Mouse","Transcript level","Iso-Seq","Oarfish","TPM","Brain","B31",0.753756817169834
"Mouse","Transcript level","Iso-Seq","Oarfish","TPM","Brain","B32",0.773486726756443
"Mouse","Transcript level","Iso-Seq","Oarfish","TPM","Brain","B33",0.765451285216868
"Mouse","Transcript level","Iso-Seq","Oarfish","TPM","Brain","B34",0.734473381004236
"Mouse","Transcript level","Iso-Seq","Oarfish","TPM","Brain","B35",0.762237182732053
"Mouse","Transcript level","Iso-Seq","Oarfish","TPM","B80K20","B80K20_1",0.771075271672788
"Mouse","Transcript level","Iso-Seq","Oarfish","TPM","B80K20","B80K20_2",0.750295793668905
"Mouse","Transcript level","Iso-Seq","Oarfish","TPM","B80K20","B80K20_3",0.752530928823377
"Mouse","Transcript level","Iso-Seq","Oarfish","TPM","B80K20","B80K20_4",0.738812217441889
"Mouse","Transcript level","Iso-Seq","Oarfish","TPM","B80K20","B80K20_5",0.757152392021695
"Mouse","Transcript level","Iso-Seq","Oarfish","TPM","Kidney","K31",0.837111668375584
"Mouse","Transcript level","Iso-Seq","Oarfish","TPM","Kidney","K32",0.830130910614997
"Mouse","Transcript level","Iso-Seq","Oarfish","TPM","Kidney","K33",0.833772768590669
"Mouse","Transcript level","Iso-Seq","Oarfish","TPM","Kidney","K34",0.84725222174915
"Mouse","Transcript level","Iso-Seq","Oarfish","TPM","Kidney","K35",0.848433626036854
"Mouse","Transcript level","Kinnex","Bambu","CPM","B20K80","B20K80_1",0.715824601609467
"Mouse","Transcript level","Kinnex","Bambu","CPM","B20K80","B20K80_2",0.72535135852054
"Mouse","Transcript level","Kinnex","Bambu","CPM","B20K80","B20K80_3",0.727421944777395
"Mouse","Transcript level","Kinnex","Bambu","CPM","Brain","B31",0.684507779067329
"Mouse","Transcript level","Kinnex","Bambu","CPM","Brain","B32",0.709468034515298
"Mouse","Transcript level","Kinnex","Bambu","CPM","Brain","B33",0.736760323574301
"Mouse","Transcript level","Kinnex","Bambu","CPM","Kidney","K31",0.755741019344834
"Mouse","Transcript level","Kinnex","Bambu","CPM","Kidney","K32",0.755086662569134
"Mouse","Transcript level","Kinnex","Bambu","CPM","Kidney","K33",0.742338607630823
"Mouse","Transcript level","Kinnex","Bambu","CQN","B20K80","B20K80_1",0.655544871914188
"Mouse","Transcript level","Kinnex","Bambu","CQN","B20K80","B20K80_2",0.683395536363533
"Mouse","Transcript level","Kinnex","Bambu","CQN","B20K80","B20K80_3",0.660350211666428
"Mouse","Transcript level","Kinnex","Bambu","CQN","Brain","B31",0.678750275076198
"Mouse","Transcript level","Kinnex","Bambu","CQN","Brain","B32",0.722834637490854
"Mouse","Transcript level","Kinnex","Bambu","CQN","Brain","B33",0.710771816650817
"Mouse","Transcript level","Kinnex","Bambu","CQN","Kidney","K31",0.636291282441198
"Mouse","Transcript level","Kinnex","Bambu","CQN","Kidney","K32",0.700535339156119
"Mouse","Transcript level","Kinnex","Bambu","CQN","Kidney","K33",0.652824313898857
"Mouse","Transcript level","Kinnex","Bambu","EDASeq","B20K80","B20K80_1",0.661400094936801
"Mouse","Transcript level","Kinnex","Bambu","EDASeq","B20K80","B20K80_2",0.690798347578133
"Mouse","Transcript level","Kinnex","Bambu","EDASeq","B20K80","B20K80_3",0.667122090033783
"Mouse","Transcript level","Kinnex","Bambu","EDASeq","Brain","B31",0.669586873254724
"Mouse","Transcript level","Kinnex","Bambu","EDASeq","Brain","B32",0.714465917666104
"Mouse","Transcript level","Kinnex","Bambu","EDASeq","Brain","B33",0.714160472656599
"Mouse","Transcript level","Kinnex","Bambu","EDASeq","Kidney","K31",0.651020249480969
"Mouse","Transcript level","Kinnex","Bambu","EDASeq","Kidney","K32",0.696242746770629
"Mouse","Transcript level","Kinnex","Bambu","EDASeq","Kidney","K33",0.650758197468545
"Mouse","Transcript level","Kinnex","Bambu","SMR","B20K80","B20K80_1",0.477236621728529
"Mouse","Transcript level","Kinnex","Bambu","SMR","B20K80","B20K80_2",0.510143204801672
"Mouse","Transcript level","Kinnex","Bambu","SMR","B20K80","B20K80_3",0.521768391442564
"Mouse","Transcript level","Kinnex","Bambu","SMR","Brain","B31",0.619102780285447
"Mouse","Transcript level","Kinnex","Bambu","SMR","Brain","B32",0.673259466703288
"Mouse","Transcript level","Kinnex","Bambu","SMR","Brain","B33",0.603977869848591
"Mouse","Transcript level","Kinnex","Bambu","SMR","Kidney","K31",0.668953403520297
"Mouse","Transcript level","Kinnex","Bambu","SMR","Kidney","K32",0.704470333808726
"Mouse","Transcript level","Kinnex","Bambu","SMR","Kidney","K33",0.668077364997083
"Mouse","Transcript level","Kinnex","Bambu","TPM","B20K80","B20K80_1",0.772659787639526
"Mouse","Transcript level","Kinnex","Bambu","TPM","B20K80","B20K80_2",0.76931840095821
"Mouse","Transcript level","Kinnex","Bambu","TPM","B20K80","B20K80_3",0.778261450235382
"Mouse","Transcript level","Kinnex","Bambu","TPM","Brain","B31",0.75347751172563
"Mouse","Transcript level","Kinnex","Bambu","TPM","Brain","B32",0.746382631979084
"Mouse","Transcript level","Kinnex","Bambu","TPM","Brain","B33",0.75058059749364
"Mouse","Transcript level","Kinnex","Bambu","TPM","Kidney","K31",0.817510147456137
"Mouse","Transcript level","Kinnex","Bambu","TPM","Kidney","K32",0.813377390081212
"Mouse","Transcript level","Kinnex","Bambu","TPM","Kidney","K33",0.812036301797425
"Mouse","Transcript level","Kinnex","FLAIR","CPM","B20K80","B20K80_1",0.719767802512822
"Mouse","Transcript level","Kinnex","FLAIR","CPM","B20K80","B20K80_2",0.729643574997971
"Mouse","Transcript level","Kinnex","FLAIR","CPM","B20K80","B20K80_3",0.73016835271942
"Mouse","Transcript level","Kinnex","FLAIR","CPM","Brain","B31",0.692561194408724
"Mouse","Transcript level","Kinnex","FLAIR","CPM","Brain","B32",0.691275919429018
"Mouse","Transcript level","Kinnex","FLAIR","CPM","Brain","B33",0.716736370829419
"Mouse","Transcript level","Kinnex","FLAIR","CPM","Kidney","K31",0.760000435513961
"Mouse","Transcript level","Kinnex","FLAIR","CPM","Kidney","K32",0.74876638176281
"Mouse","Transcript level","Kinnex","FLAIR","CPM","Kidney","K33",0.745243094673857
"Mouse","Transcript level","Kinnex","FLAIR","CQN","B20K80","B20K80_1",0.687993069119524
"Mouse","Transcript level","Kinnex","FLAIR","CQN","B20K80","B20K80_2",0.701678806774007
"Mouse","Transcript level","Kinnex","FLAIR","CQN","B20K80","B20K80_3",0.688987595151417
"Mouse","Transcript level","Kinnex","FLAIR","CQN","Brain","B31",0.710337495704948
"Mouse","Transcript level","Kinnex","FLAIR","CQN","Brain","B32",0.696238687094165
"Mouse","Transcript level","Kinnex","FLAIR","CQN","Brain","B33",0.693948163765175
"Mouse","Transcript level","Kinnex","FLAIR","CQN","Kidney","K31",0.656323491207898
"Mouse","Transcript level","Kinnex","FLAIR","CQN","Kidney","K32",0.712552399979691
"Mouse","Transcript level","Kinnex","FLAIR","CQN","Kidney","K33",0.676754990477005
"Mouse","Transcript level","Kinnex","FLAIR","EDASeq","B20K80","B20K80_1",0.73495412676443
"Mouse","Transcript level","Kinnex","FLAIR","EDASeq","B20K80","B20K80_2",0.741960306984347
"Mouse","Transcript level","Kinnex","FLAIR","EDASeq","B20K80","B20K80_3",0.736334709547358
"Mouse","Transcript level","Kinnex","FLAIR","EDASeq","Brain","B31",0.72222273726071
"Mouse","Transcript level","Kinnex","FLAIR","EDASeq","Brain","B32",0.706226051356034
"Mouse","Transcript level","Kinnex","FLAIR","EDASeq","Brain","B33",0.712622458310641
"Mouse","Transcript level","Kinnex","FLAIR","EDASeq","Kidney","K31",0.763097354926218
"Mouse","Transcript level","Kinnex","FLAIR","EDASeq","Kidney","K32",0.774564180304955
"Mouse","Transcript level","Kinnex","FLAIR","EDASeq","Kidney","K33",0.767730536037525
"Mouse","Transcript level","Kinnex","FLAIR","SMR","B20K80","B20K80_1",0.462583938971705
"Mouse","Transcript level","Kinnex","FLAIR","SMR","B20K80","B20K80_2",0.507232773222156
"Mouse","Transcript level","Kinnex","FLAIR","SMR","B20K80","B20K80_3",0.503399599889279
"Mouse","Transcript level","Kinnex","FLAIR","SMR","Brain","B31",0.604591112308617
"Mouse","Transcript level","Kinnex","FLAIR","SMR","Brain","B32",0.639520098301267
"Mouse","Transcript level","Kinnex","FLAIR","SMR","Brain","B33",0.539144542314264
"Mouse","Transcript level","Kinnex","FLAIR","SMR","Kidney","K31",0.639749823763971
"Mouse","Transcript level","Kinnex","FLAIR","SMR","Kidney","K32",0.677060497114898
"Mouse","Transcript level","Kinnex","FLAIR","SMR","Kidney","K33",0.646438376345587
"Mouse","Transcript level","Kinnex","FLAIR","TPM","B20K80","B20K80_1",0.74960341493429
"Mouse","Transcript level","Kinnex","FLAIR","TPM","B20K80","B20K80_2",0.747542593882338
"Mouse","Transcript level","Kinnex","FLAIR","TPM","B20K80","B20K80_3",0.750376144503383
"Mouse","Transcript level","Kinnex","FLAIR","TPM","Brain","B31",0.739482149797198
"Mouse","Transcript level","Kinnex","FLAIR","TPM","Brain","B32",0.708136951886884
"Mouse","Transcript level","Kinnex","FLAIR","TPM","Brain","B33",0.703446577596447
"Mouse","Transcript level","Kinnex","FLAIR","TPM","Kidney","K31",0.791632947247443
"Mouse","Transcript level","Kinnex","FLAIR","TPM","Kidney","K32",0.788509572013901
"Mouse","Transcript level","Kinnex","FLAIR","TPM","Kidney","K33",0.793757636098884
"Mouse","Transcript level","Kinnex","IsoQuant","CPM","B20K80","B20K80_1",0.74000654384025
"Mouse","Transcript level","Kinnex","IsoQuant","CPM","B20K80","B20K80_2",0.747512979005813
"Mouse","Transcript level","Kinnex","IsoQuant","CPM","B20K80","B20K80_3",0.748257067067608
"Mouse","Transcript level","Kinnex","IsoQuant","CPM","Brain","B31",0.704967557224082
"Mouse","Transcript level","Kinnex","IsoQuant","CPM","Brain","B32",0.719463268309525
"Mouse","Transcript level","Kinnex","IsoQuant","CPM","Brain","B33",0.745474011147628
"Mouse","Transcript level","Kinnex","IsoQuant","CPM","Kidney","K31",0.783665558975927
"Mouse","Transcript level","Kinnex","IsoQuant","CPM","Kidney","K32",0.772340108770206
"Mouse","Transcript level","Kinnex","IsoQuant","CPM","Kidney","K33",0.76606478742162
"Mouse","Transcript level","Kinnex","IsoQuant","CQN","B20K80","B20K80_1",0.656618866102628
"Mouse","Transcript level","Kinnex","IsoQuant","CQN","B20K80","B20K80_2",0.67836162689835
"Mouse","Transcript level","Kinnex","IsoQuant","CQN","B20K80","B20K80_3",0.66080828577478
"Mouse","Transcript level","Kinnex","IsoQuant","CQN","Brain","B31",0.685465658981117
"Mouse","Transcript level","Kinnex","IsoQuant","CQN","Brain","B32",0.699231196264759
"Mouse","Transcript level","Kinnex","IsoQuant","CQN","Brain","B33",0.69558633246645
"Mouse","Transcript level","Kinnex","IsoQuant","CQN","Kidney","K31",0.597040662676085
"Mouse","Transcript level","Kinnex","IsoQuant","CQN","Kidney","K32",0.661129404695743
"Mouse","Transcript level","Kinnex","IsoQuant","CQN","Kidney","K33",0.619522854810541
"Mouse","Transcript level","Kinnex","IsoQuant","EDASeq","B20K80","B20K80_1",0.721211069683685
"Mouse","Transcript level","Kinnex","IsoQuant","EDASeq","B20K80","B20K80_2",0.740253386370104
"Mouse","Transcript level","Kinnex","IsoQuant","EDASeq","B20K80","B20K80_3",0.725454668981675
"Mouse","Transcript level","Kinnex","IsoQuant","EDASeq","Brain","B31",0.713515549030507
"Mouse","Transcript level","Kinnex","IsoQuant","EDASeq","Brain","B32",0.73382896557289
"Mouse","Transcript level","Kinnex","IsoQuant","EDASeq","Brain","B33",0.73593541063758
"Mouse","Transcript level","Kinnex","IsoQuant","EDASeq","Kidney","K31",0.735810757805965
"Mouse","Transcript level","Kinnex","IsoQuant","EDASeq","Kidney","K32",0.764909804450661
"Mouse","Transcript level","Kinnex","IsoQuant","EDASeq","Kidney","K33",0.737763625506305
"Mouse","Transcript level","Kinnex","IsoQuant","SMR","B20K80","B20K80_1",0.444262023777911
"Mouse","Transcript level","Kinnex","IsoQuant","SMR","B20K80","B20K80_2",0.485773248089547
"Mouse","Transcript level","Kinnex","IsoQuant","SMR","B20K80","B20K80_3",0.478261969207248
"Mouse","Transcript level","Kinnex","IsoQuant","SMR","Brain","B31",0.622607608353338
"Mouse","Transcript level","Kinnex","IsoQuant","SMR","Brain","B32",0.676150939668026
"Mouse","Transcript level","Kinnex","IsoQuant","SMR","Brain","B33",0.583154055432184
"Mouse","Transcript level","Kinnex","IsoQuant","SMR","Kidney","K31",0.643984006328624
"Mouse","Transcript level","Kinnex","IsoQuant","SMR","Kidney","K32",0.676159110284146
"Mouse","Transcript level","Kinnex","IsoQuant","SMR","Kidney","K33",0.645197715825985
"Mouse","Transcript level","Kinnex","IsoQuant","TPM","B20K80","B20K80_1",0.764690148468447
"Mouse","Transcript level","Kinnex","IsoQuant","TPM","B20K80","B20K80_2",0.761928844346349
"Mouse","Transcript level","Kinnex","IsoQuant","TPM","B20K80","B20K80_3",0.765288814133652
"Mouse","Transcript level","Kinnex","IsoQuant","TPM","Brain","B31",0.74639147747558
"Mouse","Transcript level","Kinnex","IsoQuant","TPM","Brain","B32",0.734353606192378
"Mouse","Transcript level","Kinnex","IsoQuant","TPM","Brain","B33",0.731303707933252
"Mouse","Transcript level","Kinnex","IsoQuant","TPM","Kidney","K31",0.808392066318672
"Mouse","Transcript level","Kinnex","IsoQuant","TPM","Kidney","K32",0.805450929744706
"Mouse","Transcript level","Kinnex","IsoQuant","TPM","Kidney","K33",0.806008848106586
"Mouse","Transcript level","Kinnex","Kallisto","CPM","B20K80","B20K80_1",0.709951752773192
"Mouse","Transcript level","Kinnex","Kallisto","CPM","B20K80","B20K80_2",0.721416689164581
"Mouse","Transcript level","Kinnex","Kallisto","CPM","B20K80","B20K80_3",0.724042116765021
"Mouse","Transcript level","Kinnex","Kallisto","CPM","Brain","B31",0.687770891547234
"Mouse","Transcript level","Kinnex","Kallisto","CPM","Brain","B32",0.700824740507466
"Mouse","Transcript level","Kinnex","Kallisto","CPM","Brain","B33",0.72976400558276
"Mouse","Transcript level","Kinnex","Kallisto","CPM","Kidney","K31",0.759410939342586
"Mouse","Transcript level","Kinnex","Kallisto","CPM","Kidney","K32",0.752756506185519
"Mouse","Transcript level","Kinnex","Kallisto","CPM","Kidney","K33",0.748904479240964
"Mouse","Transcript level","Kinnex","Kallisto","CQN","B20K80","B20K80_1",0.663315889305271
"Mouse","Transcript level","Kinnex","Kallisto","CQN","B20K80","B20K80_2",0.694876864169558
"Mouse","Transcript level","Kinnex","Kallisto","CQN","B20K80","B20K80_3",0.670480946433146
"Mouse","Transcript level","Kinnex","Kallisto","CQN","Brain","B31",0.70174928361808
"Mouse","Transcript level","Kinnex","Kallisto","CQN","Brain","B32",0.727795879111803
"Mouse","Transcript level","Kinnex","Kallisto","CQN","Brain","B33",0.713975457980313
"Mouse","Transcript level","Kinnex","Kallisto","CQN","Kidney","K31",0.647786593490448
"Mouse","Transcript level","Kinnex","Kallisto","CQN","Kidney","K32",0.713261547372752
"Mouse","Transcript level","Kinnex","Kallisto","CQN","Kidney","K33",0.67352398428061
"Mouse","Transcript level","Kinnex","Kallisto","EDASeq","B20K80","B20K80_1",0.65888381378592
"Mouse","Transcript level","Kinnex","Kallisto","EDASeq","B20K80","B20K80_2",0.690354712645793
"Mouse","Transcript level","Kinnex","Kallisto","EDASeq","B20K80","B20K80_3",0.664563391562515
"Mouse","Transcript level","Kinnex","Kallisto","EDASeq","Brain","B31",0.686010080525118
"Mouse","Transcript level","Kinnex","Kallisto","EDASeq","Brain","B32",0.713935688008475
"Mouse","Transcript level","Kinnex","Kallisto","EDASeq","Brain","B33",0.709966402107576
"Mouse","Transcript level","Kinnex","Kallisto","EDASeq","Kidney","K31",0.65274421167848
"Mouse","Transcript level","Kinnex","Kallisto","EDASeq","Kidney","K32",0.69824481995783
"Mouse","Transcript level","Kinnex","Kallisto","EDASeq","Kidney","K33",0.665392301657698
"Mouse","Transcript level","Kinnex","Kallisto","SMR","B20K80","B20K80_1",0.462732315560891
"Mouse","Transcript level","Kinnex","Kallisto","SMR","B20K80","B20K80_2",0.496950242703652
"Mouse","Transcript level","Kinnex","Kallisto","SMR","B20K80","B20K80_3",0.506804868504021
"Mouse","Transcript level","Kinnex","Kallisto","SMR","Brain","B31",0.636795820199995
"Mouse","Transcript level","Kinnex","Kallisto","SMR","Brain","B32",0.68811189919647
"Mouse","Transcript level","Kinnex","Kallisto","SMR","Brain","B33",0.61734945196594
"Mouse","Transcript level","Kinnex","Kallisto","SMR","Kidney","K31",0.680556230466058
"Mouse","Transcript level","Kinnex","Kallisto","SMR","Kidney","K32",0.705135071619358
"Mouse","Transcript level","Kinnex","Kallisto","SMR","Kidney","K33",0.684730969217895
"Mouse","Transcript level","Kinnex","Kallisto","TPM","B20K80","B20K80_1",0.764580576548768
"Mouse","Transcript level","Kinnex","Kallisto","TPM","B20K80","B20K80_2",0.763705680136449
"Mouse","Transcript level","Kinnex","Kallisto","TPM","B20K80","B20K80_3",0.769849709430659
"Mouse","Transcript level","Kinnex","Kallisto","TPM","Brain","B31",0.757999549129613
"Mouse","Transcript level","Kinnex","Kallisto","TPM","Brain","B32",0.741376085088046
"Mouse","Transcript level","Kinnex","Kallisto","TPM","Brain","B33",0.744350648027215
"Mouse","Transcript level","Kinnex","Kallisto","TPM","Kidney","K31",0.814573358671573
"Mouse","Transcript level","Kinnex","Kallisto","TPM","Kidney","K32",0.808488669570909
"Mouse","Transcript level","Kinnex","Kallisto","TPM","Kidney","K33",0.813975860234416
"Mouse","Transcript level","Kinnex","Oarfish","CPM","B20K80","B20K80_1",0.739903448130334
"Mouse","Transcript level","Kinnex","Oarfish","CPM","B20K80","B20K80_2",0.746043161902317
"Mouse","Transcript level","Kinnex","Oarfish","CPM","B20K80","B20K80_3",0.753836960849193
"Mouse","Transcript level","Kinnex","Oarfish","CPM","Brain","B31",0.705214199960796
"Mouse","Transcript level","Kinnex","Oarfish","CPM","Brain","B32",0.731495705247068
"Mouse","Transcript level","Kinnex","Oarfish","CPM","Brain","B33",0.757839042607063
"Mouse","Transcript level","Kinnex","Oarfish","CPM","Kidney","K31",0.779605603508034
"Mouse","Transcript level","Kinnex","Oarfish","CPM","Kidney","K32",0.773279218376221
"Mouse","Transcript level","Kinnex","Oarfish","CPM","Kidney","K33",0.767440510806494
"Mouse","Transcript level","Kinnex","Oarfish","CQN","B20K80","B20K80_1",0.679363132940698
"Mouse","Transcript level","Kinnex","Oarfish","CQN","B20K80","B20K80_2",0.70379599512313
"Mouse","Transcript level","Kinnex","Oarfish","CQN","B20K80","B20K80_3",0.68442997171405
"Mouse","Transcript level","Kinnex","Oarfish","CQN","Brain","B31",0.694741269756093
"Mouse","Transcript level","Kinnex","Oarfish","CQN","Brain","B32",0.741748806288768
"Mouse","Transcript level","Kinnex","Oarfish","CQN","Brain","B33",0.730747408521809
"Mouse","Transcript level","Kinnex","Oarfish","CQN","Kidney","K31",0.659418742888479
"Mouse","Transcript level","Kinnex","Oarfish","CQN","Kidney","K32",0.717228425758925
"Mouse","Transcript level","Kinnex","Oarfish","CQN","Kidney","K33",0.680472054125323
"Mouse","Transcript level","Kinnex","Oarfish","EDASeq","B20K80","B20K80_1",0.708392934368188
"Mouse","Transcript level","Kinnex","Oarfish","EDASeq","B20K80","B20K80_2",0.72802736899517
"Mouse","Transcript level","Kinnex","Oarfish","EDASeq","B20K80","B20K80_3",0.720415607141369
"Mouse","Transcript level","Kinnex","Oarfish","EDASeq","Brain","B31",0.708262418673817
"Mouse","Transcript level","Kinnex","Oarfish","EDASeq","Brain","B32",0.746285359021501
"Mouse","Transcript level","Kinnex","Oarfish","EDASeq","Brain","B33",0.748121141361673
"Mouse","Transcript level","Kinnex","Oarfish","EDASeq","Kidney","K31",0.713041541947057
"Mouse","Transcript level","Kinnex","Oarfish","EDASeq","Kidney","K32",0.739229326985384
"Mouse","Transcript level","Kinnex","Oarfish","EDASeq","Kidney","K33",0.7171681491814
"Mouse","Transcript level","Kinnex","Oarfish","SMR","B20K80","B20K80_1",0.516802926527204
"Mouse","Transcript level","Kinnex","Oarfish","SMR","B20K80","B20K80_2",0.540151215172106
"Mouse","Transcript level","Kinnex","Oarfish","SMR","B20K80","B20K80_3",0.564119761744726
"Mouse","Transcript level","Kinnex","Oarfish","SMR","Brain","B31",0.644456905455501
"Mouse","Transcript level","Kinnex","Oarfish","SMR","Brain","B32",0.696296448839101
"Mouse","Transcript level","Kinnex","Oarfish","SMR","Brain","B33",0.626653747473074
"Mouse","Transcript level","Kinnex","Oarfish","SMR","Kidney","K31",0.704164006303283
"Mouse","Transcript level","Kinnex","Oarfish","SMR","Kidney","K32",0.727596393323751
"Mouse","Transcript level","Kinnex","Oarfish","SMR","Kidney","K33",0.708443521004091
"Mouse","Transcript level","Kinnex","Oarfish","TPM","B20K80","B20K80_1",0.788577466640538
"Mouse","Transcript level","Kinnex","Oarfish","TPM","B20K80","B20K80_2",0.782952382324657
"Mouse","Transcript level","Kinnex","Oarfish","TPM","B20K80","B20K80_3",0.795424461099621
"Mouse","Transcript level","Kinnex","Oarfish","TPM","Brain","B31",0.770588374190213
"Mouse","Transcript level","Kinnex","Oarfish","TPM","Brain","B32",0.763309219942245
"Mouse","Transcript level","Kinnex","Oarfish","TPM","Brain","B33",0.763894249230035
"Mouse","Transcript level","Kinnex","Oarfish","TPM","Kidney","K31",0.835906642440967
"Mouse","Transcript level","Kinnex","Oarfish","TPM","Kidney","K32",0.828449536634074
"Mouse","Transcript level","Kinnex","Oarfish","TPM","Kidney","K33",0.831609582321476
"Mouse","Transcript level","ONT cDNA","Bambu","CPM","Brain","B31",0.666444025573687
"Mouse","Transcript level","ONT cDNA","Bambu","CPM","Brain","B32",0.674188593708861
"Mouse","Transcript level","ONT cDNA","Bambu","CPM","Brain","B33",0.673170666390664
"Mouse","Transcript level","ONT cDNA","Bambu","CPM","Brain","B34",0.663102460151064
"Mouse","Transcript level","ONT cDNA","Bambu","CPM","Brain","B35",0.676053443173989
"Mouse","Transcript level","ONT cDNA","Bambu","CPM","B20K80","BK20801",0.654883580235723
"Mouse","Transcript level","ONT cDNA","Bambu","CPM","B20K80","BK20802",0.677349475038711
"Mouse","Transcript level","ONT cDNA","Bambu","CPM","B20K80","BK20803",0.67602709010857
"Mouse","Transcript level","ONT cDNA","Bambu","CPM","B20K80","BK20804",0.674959417623483
"Mouse","Transcript level","ONT cDNA","Bambu","CPM","B20K80","BK20805",0.65983224577099
"Mouse","Transcript level","ONT cDNA","Bambu","CPM","B80K20","BK80201",0.635691328427304
"Mouse","Transcript level","ONT cDNA","Bambu","CPM","B80K20","BK80202",0.639790272017369
"Mouse","Transcript level","ONT cDNA","Bambu","CPM","B80K20","BK80203",0.63710278625313
"Mouse","Transcript level","ONT cDNA","Bambu","CPM","B80K20","BK80204",0.634497757011493
"Mouse","Transcript level","ONT cDNA","Bambu","CPM","B80K20","BK80205",0.632279957209021
"Mouse","Transcript level","ONT cDNA","Bambu","CPM","Kidney","K31",0.747243891018661
"Mouse","Transcript level","ONT cDNA","Bambu","CPM","Kidney","K32",0.761475502813098
"Mouse","Transcript level","ONT cDNA","Bambu","CPM","Kidney","K33",0.759543242913731
"Mouse","Transcript level","ONT cDNA","Bambu","CPM","Kidney","K34",0.764497392390386
"Mouse","Transcript level","ONT cDNA","Bambu","CPM","Kidney","K35",0.761409522930315
"Mouse","Transcript level","ONT cDNA","Bambu","CQN","Brain","B31",0.669883033239167
"Mouse","Transcript level","ONT cDNA","Bambu","CQN","Brain","B32",0.692422192575267
"Mouse","Transcript level","ONT cDNA","Bambu","CQN","Brain","B33",0.68389834077648
"Mouse","Transcript level","ONT cDNA","Bambu","CQN","Brain","B34",0.677066679897026
"Mouse","Transcript level","ONT cDNA","Bambu","CQN","Brain","B35",0.683272251382254
"Mouse","Transcript level","ONT cDNA","Bambu","CQN","B20K80","BK20801",0.604821592737544
"Mouse","Transcript level","ONT cDNA","Bambu","CQN","B20K80","BK20802",0.644939003959723
"Mouse","Transcript level","ONT cDNA","Bambu","CQN","B20K80","BK20803",0.622743315294592
"Mouse","Transcript level","ONT cDNA","Bambu","CQN","B20K80","BK20804",0.616663832676756
"Mouse","Transcript level","ONT cDNA","Bambu","CQN","B20K80","BK20805",0.582795738081585
"Mouse","Transcript level","ONT cDNA","Bambu","CQN","B80K20","BK80201",0.634123894718838
"Mouse","Transcript level","ONT cDNA","Bambu","CQN","B80K20","BK80202",0.648296049449593
"Mouse","Transcript level","ONT cDNA","Bambu","CQN","B80K20","BK80203",0.627031033594156
"Mouse","Transcript level","ONT cDNA","Bambu","CQN","B80K20","BK80204",0.629652799345857
"Mouse","Transcript level","ONT cDNA","Bambu","CQN","B80K20","BK80205",0.618347033458713
"Mouse","Transcript level","ONT cDNA","Bambu","CQN","Kidney","K31",0.665139375973083
"Mouse","Transcript level","ONT cDNA","Bambu","CQN","Kidney","K32",0.714006599839565
"Mouse","Transcript level","ONT cDNA","Bambu","CQN","Kidney","K33",0.689101874768897
"Mouse","Transcript level","ONT cDNA","Bambu","CQN","Kidney","K34",0.672340524911481
"Mouse","Transcript level","ONT cDNA","Bambu","CQN","Kidney","K35",0.649926693151112
"Mouse","Transcript level","ONT cDNA","Bambu","EDASeq","Brain","B31",0.630358083180995
"Mouse","Transcript level","ONT cDNA","Bambu","EDASeq","Brain","B32",0.66467427311181
"Mouse","Transcript level","ONT cDNA","Bambu","EDASeq","Brain","B33",0.652797028370365
"Mouse","Transcript level","ONT cDNA","Bambu","EDASeq","Brain","B34",0.642403807497064
"Mouse","Transcript level","ONT cDNA","Bambu","EDASeq","Brain","B35",0.642706401044615
"Mouse","Transcript level","ONT cDNA","Bambu","EDASeq","B20K80","BK20801",0.578804244056648
"Mouse","Transcript level","ONT cDNA","Bambu","EDASeq","B20K80","BK20802",0.624322993505951
"Mouse","Transcript level","ONT cDNA","Bambu","EDASeq","B20K80","BK20803",0.597943259345417
"Mouse","Transcript level","ONT cDNA","Bambu","EDASeq","B20K80","BK20804",0.591276331774196
"Mouse","Transcript level","ONT cDNA","Bambu","EDASeq","B20K80","BK20805",0.569151837484896
"Mouse","Transcript level","ONT cDNA","Bambu","EDASeq","B80K20","BK80201",0.608211570592476
"Mouse","Transcript level","ONT cDNA","Bambu","EDASeq","B80K20","BK80202",0.621994908911316
"Mouse","Transcript level","ONT cDNA","Bambu","EDASeq","B80K20","BK80203",0.601198502973336
"Mouse","Transcript level","ONT cDNA","Bambu","EDASeq","B80K20","BK80204",0.591917446702783
"Mouse","Transcript level","ONT cDNA","Bambu","EDASeq","B80K20","BK80205",0.590657233789592
"Mouse","Transcript level","ONT cDNA","Bambu","EDASeq","Kidney","K31",0.631043255243713
"Mouse","Transcript level","ONT cDNA","Bambu","EDASeq","Kidney","K32",0.675346992648658
"Mouse","Transcript level","ONT cDNA","Bambu","EDASeq","Kidney","K33",0.643362290057107
"Mouse","Transcript level","ONT cDNA","Bambu","EDASeq","Kidney","K34",0.646215593161493
"Mouse","Transcript level","ONT cDNA","Bambu","EDASeq","Kidney","K35",0.619208742074083
"Mouse","Transcript level","ONT cDNA","Bambu","SMR","Brain","B31",0.626653945407401
"Mouse","Transcript level","ONT cDNA","Bambu","SMR","Brain","B32",0.677304788983456
"Mouse","Transcript level","ONT cDNA","Bambu","SMR","Brain","B33",0.640349016350693
"Mouse","Transcript level","ONT cDNA","Bambu","SMR","Brain","B34",0.638844960195202
"Mouse","Transcript level","ONT cDNA","Bambu","SMR","Brain","B35",0.636189290602469
"Mouse","Transcript level","ONT cDNA","Bambu","SMR","B20K80","BK20801",0.521624548079347
"Mouse","Transcript level","ONT cDNA","Bambu","SMR","B20K80","BK20802",0.583229585157318
"Mouse","Transcript level","ONT cDNA","Bambu","SMR","B20K80","BK20803",0.614088245673757
"Mouse","Transcript level","ONT cDNA","Bambu","SMR","B20K80","BK20804",0.641734139669659
"Mouse","Transcript level","ONT cDNA","Bambu","SMR","B20K80","BK20805",0.601136719234947
"Mouse","Transcript level","ONT cDNA","Bambu","SMR","B80K20","BK80201",0.53642686952710406
"Mouse","Transcript level","ONT cDNA","Bambu","SMR","B80K20","BK80202",0.538597833712239
"Mouse","Transcript level","ONT cDNA","Bambu","SMR","B80K20","BK80203",0.438091534918402
"Mouse","Transcript level","ONT cDNA","Bambu","SMR","B80K20","BK80204",0.458182059200511
"Mouse","Transcript level","ONT cDNA","Bambu","SMR","B80K20","BK80205",0.487167220866911
"Mouse","Transcript level","ONT cDNA","Bambu","SMR","Kidney","K31",0.724580048685899
"Mouse","Transcript level","ONT cDNA","Bambu","SMR","Kidney","K32",0.749548317939253
"Mouse","Transcript level","ONT cDNA","Bambu","SMR","Kidney","K33",0.728022298319347
"Mouse","Transcript level","ONT cDNA","Bambu","SMR","Kidney","K34",0.748671222935643
"Mouse","Transcript level","ONT cDNA","Bambu","SMR","Kidney","K35",0.731863010752879
"Mouse","Transcript level","ONT cDNA","Bambu","TPM","Brain","B31",0.669333643910347
"Mouse","Transcript level","ONT cDNA","Bambu","TPM","Brain","B32",0.622439764715924
"Mouse","Transcript level","ONT cDNA","Bambu","TPM","Brain","B33",0.634923588730435
"Mouse","Transcript level","ONT cDNA","Bambu","TPM","Brain","B34",0.632308076676558
"Mouse","Transcript level","ONT cDNA","Bambu","TPM","Brain","B35",0.648033959122713
"Mouse","Transcript level","ONT cDNA","Bambu","TPM","B20K80","BK20801",0.668616888144478
"Mouse","Transcript level","ONT cDNA","Bambu","TPM","B20K80","BK20802",0.649883441010048
"Mouse","Transcript level","ONT cDNA","Bambu","TPM","B20K80","BK20803",0.683988345498108
"Mouse","Transcript level","ONT cDNA","Bambu","TPM","B20K80","BK20804",0.682865168348366
"Mouse","Transcript level","ONT cDNA","Bambu","TPM","B20K80","BK20805",0.687365035407644
"Mouse","Transcript level","ONT cDNA","Bambu","TPM","B80K20","BK80201",0.606083320873945
"Mouse","Transcript level","ONT cDNA","Bambu","TPM","B80K20","BK80202",0.583778347253743
"Mouse","Transcript level","ONT cDNA","Bambu","TPM","B80K20","BK80203",0.608098839457579
"Mouse","Transcript level","ONT cDNA","Bambu","TPM","B80K20","BK80204",0.61573201600965
"Mouse","Transcript level","ONT cDNA","Bambu","TPM","B80K20","BK80205",0.618688425747113
"Mouse","Transcript level","ONT cDNA","Bambu","TPM","Kidney","K31",0.767973711376197
"Mouse","Transcript level","ONT cDNA","Bambu","TPM","Kidney","K32",0.742404628390291
"Mouse","Transcript level","ONT cDNA","Bambu","TPM","Kidney","K33",0.770225411480224
"Mouse","Transcript level","ONT cDNA","Bambu","TPM","Kidney","K34",0.764179627810895
"Mouse","Transcript level","ONT cDNA","Bambu","TPM","Kidney","K35",0.788379213752069
"Mouse","Transcript level","ONT cDNA","FLAIR","CPM","Brain","B31",0.641567130123368
"Mouse","Transcript level","ONT cDNA","FLAIR","CPM","Brain","B32",0.668006335923551
"Mouse","Transcript level","ONT cDNA","FLAIR","CPM","Brain","B33",0.663495832634587
"Mouse","Transcript level","ONT cDNA","FLAIR","CPM","Brain","B34",0.643331161161803
"Mouse","Transcript level","ONT cDNA","FLAIR","CPM","Brain","B35",0.668036539123557
"Mouse","Transcript level","ONT cDNA","FLAIR","CPM","B20K80","BK20801",0.653117785297787
"Mouse","Transcript level","ONT cDNA","FLAIR","CPM","B20K80","BK20802",0.683648426075164
"Mouse","Transcript level","ONT cDNA","FLAIR","CPM","B20K80","BK20803",0.668320363357498
"Mouse","Transcript level","ONT cDNA","FLAIR","CPM","B20K80","BK20804",0.658026156558752
"Mouse","Transcript level","ONT cDNA","FLAIR","CPM","B20K80","BK20805",0.647734796322379
"Mouse","Transcript level","ONT cDNA","FLAIR","CPM","B80K20","BK80201",0.63479848741063
"Mouse","Transcript level","ONT cDNA","FLAIR","CPM","B80K20","BK80202",0.649098196644002
"Mouse","Transcript level","ONT cDNA","FLAIR","CPM","B80K20","BK80203",0.651446310139325
"Mouse","Transcript level","ONT cDNA","FLAIR","CPM","B80K20","BK80204",0.631020928183001
"Mouse","Transcript level","ONT cDNA","FLAIR","CPM","B80K20","BK80205",0.630297392839618
"Mouse","Transcript level","ONT cDNA","FLAIR","CPM","Kidney","K31",0.698303554243075
"Mouse","Transcript level","ONT cDNA","FLAIR","CPM","Kidney","K32",0.724395708667014
"Mouse","Transcript level","ONT cDNA","FLAIR","CPM","Kidney","K33",0.704290505228621
"Mouse","Transcript level","ONT cDNA","FLAIR","CPM","Kidney","K34",0.731856386307002
"Mouse","Transcript level","ONT cDNA","FLAIR","CPM","Kidney","K35",0.705560383179278
"Mouse","Transcript level","ONT cDNA","FLAIR","CQN","Brain","B31",0.667347195380783
"Mouse","Transcript level","ONT cDNA","FLAIR","CQN","Brain","B32",0.670594879092522
"Mouse","Transcript level","ONT cDNA","FLAIR","CQN","Brain","B33",0.673739313314307
"Mouse","Transcript level","ONT cDNA","FLAIR","CQN","Brain","B34",0.665089707770008
"Mouse","Transcript level","ONT cDNA","FLAIR","CQN","Brain","B35",0.688055603594947
"Mouse","Transcript level","ONT cDNA","FLAIR","CQN","B20K80","BK20801",0.618951649269583
"Mouse","Transcript level","ONT cDNA","FLAIR","CQN","B20K80","BK20802",0.626921874802163
"Mouse","Transcript level","ONT cDNA","FLAIR","CQN","B20K80","BK20803",0.628037398284738
"Mouse","Transcript level","ONT cDNA","FLAIR","CQN","B20K80","BK20804",0.62639130701204
"Mouse","Transcript level","ONT cDNA","FLAIR","CQN","B20K80","BK20805",0.622629616161646
"Mouse","Transcript level","ONT cDNA","FLAIR","CQN","B80K20","BK80201",0.611588597365998
"Mouse","Transcript level","ONT cDNA","FLAIR","CQN","B80K20","BK80202",0.606704453638306
"Mouse","Transcript level","ONT cDNA","FLAIR","CQN","B80K20","BK80203",0.622019298618259
"Mouse","Transcript level","ONT cDNA","FLAIR","CQN","B80K20","BK80204",0.613905965345126
"Mouse","Transcript level","ONT cDNA","FLAIR","CQN","B80K20","BK80205",0.616353896717586
"Mouse","Transcript level","ONT cDNA","FLAIR","CQN","Kidney","K31",0.717668025614031
"Mouse","Transcript level","ONT cDNA","FLAIR","CQN","Kidney","K32",0.72543605551299
"Mouse","Transcript level","ONT cDNA","FLAIR","CQN","Kidney","K33",0.71598405896673
"Mouse","Transcript level","ONT cDNA","FLAIR","CQN","Kidney","K34",0.732131804662323
"Mouse","Transcript level","ONT cDNA","FLAIR","CQN","Kidney","K35",0.719400413352755
"Mouse","Transcript level","ONT cDNA","FLAIR","EDASeq","Brain","B31",0.641575754066282
"Mouse","Transcript level","ONT cDNA","FLAIR","EDASeq","Brain","B32",0.656641465157532
"Mouse","Transcript level","ONT cDNA","FLAIR","EDASeq","Brain","B33",0.657166954118561
"Mouse","Transcript level","ONT cDNA","FLAIR","EDASeq","Brain","B34",0.641488207445183
"Mouse","Transcript level","ONT cDNA","FLAIR","EDASeq","Brain","B35",0.663747787598321
"Mouse","Transcript level","ONT cDNA","FLAIR","EDASeq","B20K80","BK20801",0.652228301085357
"Mouse","Transcript level","ONT cDNA","FLAIR","EDASeq","B20K80","BK20802",0.67182911792273
"Mouse","Transcript level","ONT cDNA","FLAIR","EDASeq","B20K80","BK20803",0.663389715252259
"Mouse","Transcript level","ONT cDNA","FLAIR","EDASeq","B20K80","BK20804",0.652745913272892
"Mouse","Transcript level","ONT cDNA","FLAIR","EDASeq","B20K80","BK20805",0.646960581368457
"Mouse","Transcript level","ONT cDNA","FLAIR","EDASeq","B80K20","BK80201",0.631963328009033
"Mouse","Transcript level","ONT cDNA","FLAIR","EDASeq","B80K20","BK80202",0.64017522211663
"Mouse","Transcript level","ONT cDNA","FLAIR","EDASeq","B80K20","BK80203",0.645079060816205
"Mouse","Transcript level","ONT cDNA","FLAIR","EDASeq","B80K20","BK80204",0.629616843869577
"Mouse","Transcript level","ONT cDNA","FLAIR","EDASeq","B80K20","BK80205",0.629801075024057
"Mouse","Transcript level","ONT cDNA","FLAIR","EDASeq","Kidney","K31",0.694458648769287
"Mouse","Transcript level","ONT cDNA","FLAIR","EDASeq","Kidney","K32",0.710856956715592
"Mouse","Transcript level","ONT cDNA","FLAIR","EDASeq","Kidney","K33",0.696342167716911
"Mouse","Transcript level","ONT cDNA","FLAIR","EDASeq","Kidney","K34",0.719964891787841
"Mouse","Transcript level","ONT cDNA","FLAIR","EDASeq","Kidney","K35",0.700179725982623
"Mouse","Transcript level","ONT cDNA","FLAIR","SMR","Brain","B31",0.54143131723491
"Mouse","Transcript level","ONT cDNA","FLAIR","SMR","Brain","B32",0.645188006492796
"Mouse","Transcript level","ONT cDNA","FLAIR","SMR","Brain","B33",0.596561153265709
"Mouse","Transcript level","ONT cDNA","FLAIR","SMR","Brain","B34",0.551141088188145
"Mouse","Transcript level","ONT cDNA","FLAIR","SMR","Brain","B35",0.582066466764415
"Mouse","Transcript level","ONT cDNA","FLAIR","SMR","B20K80","BK20801",0.421628844679135
"Mouse","Transcript level","ONT cDNA","FLAIR","SMR","B20K80","BK20802",0.559452392523977
"Mouse","Transcript level","ONT cDNA","FLAIR","SMR","B20K80","BK20803",0.521213278316158
"Mouse","Transcript level","ONT cDNA","FLAIR","SMR","B20K80","BK20804",0.534266416582593
"Mouse","Transcript level","ONT cDNA","FLAIR","SMR","B20K80","BK20805",0.500844125444487
"Mouse","Transcript level","ONT cDNA","FLAIR","SMR","B80K20","BK80201",0.515652932531591
"Mouse","Transcript level","ONT cDNA","FLAIR","SMR","B80K20","BK80202",0.544214980149396
"Mouse","Transcript level","ONT cDNA","FLAIR","SMR","B80K20","BK80203",0.465831558184547
"Mouse","Transcript level","ONT cDNA","FLAIR","SMR","B80K20","BK80204",0.395821704830873
"Mouse","Transcript level","ONT cDNA","FLAIR","SMR","B80K20","BK80205",0.447474143647725
"Mouse","Transcript level","ONT cDNA","FLAIR","SMR","Kidney","K31",0.601321148494813
"Mouse","Transcript level","ONT cDNA","FLAIR","SMR","Kidney","K32",0.676982010172209
"Mouse","Transcript level","ONT cDNA","FLAIR","SMR","Kidney","K33",0.605767026955114
"Mouse","Transcript level","ONT cDNA","FLAIR","SMR","Kidney","K34",0.645498318857558
"Mouse","Transcript level","ONT cDNA","FLAIR","SMR","Kidney","K35",0.603212954626848
"Mouse","Transcript level","ONT cDNA","FLAIR","TPM","Brain","B31",0.587778159927523
"Mouse","Transcript level","ONT cDNA","FLAIR","TPM","Brain","B32",0.579540242505294
"Mouse","Transcript level","ONT cDNA","FLAIR","TPM","Brain","B33",0.582270282135505
"Mouse","Transcript level","ONT cDNA","FLAIR","TPM","Brain","B34",0.569836313013794
"Mouse","Transcript level","ONT cDNA","FLAIR","TPM","Brain","B35",0.593416235340956
"Mouse","Transcript level","ONT cDNA","FLAIR","TPM","B20K80","BK20801",0.60488844666723
"Mouse","Transcript level","ONT cDNA","FLAIR","TPM","B20K80","BK20802",0.607043517668191
"Mouse","Transcript level","ONT cDNA","FLAIR","TPM","B20K80","BK20803",0.617605342439138
"Mouse","Transcript level","ONT cDNA","FLAIR","TPM","B20K80","BK20804",0.605901214331654
"Mouse","Transcript level","ONT cDNA","FLAIR","TPM","B20K80","BK20805",0.609682522750098
"Mouse","Transcript level","ONT cDNA","FLAIR","TPM","B80K20","BK80201",0.559962827808603
"Mouse","Transcript level","ONT cDNA","FLAIR","TPM","B80K20","BK80202",0.557848404975084
"Mouse","Transcript level","ONT cDNA","FLAIR","TPM","B80K20","BK80203",0.577826863436067
"Mouse","Transcript level","ONT cDNA","FLAIR","TPM","B80K20","BK80204",0.560236827049108
"Mouse","Transcript level","ONT cDNA","FLAIR","TPM","B80K20","BK80205",0.564721579245051
"Mouse","Transcript level","ONT cDNA","FLAIR","TPM","Kidney","K31",0.662557758092485
"Mouse","Transcript level","ONT cDNA","FLAIR","TPM","Kidney","K32",0.657304819588116
"Mouse","Transcript level","ONT cDNA","FLAIR","TPM","Kidney","K33",0.660819740282824
"Mouse","Transcript level","ONT cDNA","FLAIR","TPM","Kidney","K34",0.68006759376631
"Mouse","Transcript level","ONT cDNA","FLAIR","TPM","Kidney","K35",0.67876968180778
"Mouse","Transcript level","ONT cDNA","IsoQuant","CPM","Brain","B31",0.625438929777745
"Mouse","Transcript level","ONT cDNA","IsoQuant","CPM","Brain","B32",0.646161777296952
"Mouse","Transcript level","ONT cDNA","IsoQuant","CPM","Brain","B33",0.646677975062992
"Mouse","Transcript level","ONT cDNA","IsoQuant","CPM","Brain","B34",0.632539584709443
"Mouse","Transcript level","ONT cDNA","IsoQuant","CPM","Brain","B35",0.652159741194332
"Mouse","Transcript level","ONT cDNA","IsoQuant","CPM","B20K80","BK20801",0.612370250911061
"Mouse","Transcript level","ONT cDNA","IsoQuant","CPM","B20K80","BK20802",0.628575763383628
"Mouse","Transcript level","ONT cDNA","IsoQuant","CPM","B20K80","BK20803",0.626755968670799
"Mouse","Transcript level","ONT cDNA","IsoQuant","CPM","B20K80","BK20804",0.623202622175076
"Mouse","Transcript level","ONT cDNA","IsoQuant","CPM","B20K80","BK20805",0.614212024892842
"Mouse","Transcript level","ONT cDNA","IsoQuant","CPM","B80K20","BK80201",0.588527004025575
"Mouse","Transcript level","ONT cDNA","IsoQuant","CPM","B80K20","BK80202",0.594939151793089
"Mouse","Transcript level","ONT cDNA","IsoQuant","CPM","B80K20","BK80203",0.590347199039811
"Mouse","Transcript level","ONT cDNA","IsoQuant","CPM","B80K20","BK80204",0.582340327486408
"Mouse","Transcript level","ONT cDNA","IsoQuant","CPM","B80K20","BK80205",0.584804635854333
"Mouse","Transcript level","ONT cDNA","IsoQuant","CPM","Kidney","K31",0.695641379440492
"Mouse","Transcript level","ONT cDNA","IsoQuant","CPM","Kidney","K32",0.709491799590846
"Mouse","Transcript level","ONT cDNA","IsoQuant","CPM","Kidney","K33",0.703130890868797
"Mouse","Transcript level","ONT cDNA","IsoQuant","CPM","Kidney","K34",0.722454234983386
"Mouse","Transcript level","ONT cDNA","IsoQuant","CPM","Kidney","K35",0.708392356218852
"Mouse","Transcript level","ONT cDNA","IsoQuant","CQN","Brain","B31",0.632570657424746
"Mouse","Transcript level","ONT cDNA","IsoQuant","CQN","Brain","B32",0.637703371233608
"Mouse","Transcript level","ONT cDNA","IsoQuant","CQN","Brain","B33",0.646027313377695
"Mouse","Transcript level","ONT cDNA","IsoQuant","CQN","Brain","B34",0.63760684600318
"Mouse","Transcript level","ONT cDNA","IsoQuant","CQN","Brain","B35",0.661025579068863
"Mouse","Transcript level","ONT cDNA","IsoQuant","CQN","B20K80","BK20801",0.585021659438528
"Mouse","Transcript level","ONT cDNA","IsoQuant","CQN","B20K80","BK20802",0.591585425965355
"Mouse","Transcript level","ONT cDNA","IsoQuant","CQN","B20K80","BK20803",0.589635062131338
"Mouse","Transcript level","ONT cDNA","IsoQuant","CQN","B20K80","BK20804",0.587141872081976
"Mouse","Transcript level","ONT cDNA","IsoQuant","CQN","B20K80","BK20805",0.576709603768968
"Mouse","Transcript level","ONT cDNA","IsoQuant","CQN","B80K20","BK80201",0.569326210559835
"Mouse","Transcript level","ONT cDNA","IsoQuant","CQN","B80K20","BK80202",0.560503031371048
"Mouse","Transcript level","ONT cDNA","IsoQuant","CQN","B80K20","BK80203",0.572721480006486
"Mouse","Transcript level","ONT cDNA","IsoQuant","CQN","B80K20","BK80204",0.568318874211272
"Mouse","Transcript level","ONT cDNA","IsoQuant","CQN","B80K20","BK80205",0.576729776441281
"Mouse","Transcript level","ONT cDNA","IsoQuant","CQN","Kidney","K31",0.636928033277602
"Mouse","Transcript level","ONT cDNA","IsoQuant","CQN","Kidney","K32",0.664748142100874
"Mouse","Transcript level","ONT cDNA","IsoQuant","CQN","Kidney","K33",0.652889871234606
"Mouse","Transcript level","ONT cDNA","IsoQuant","CQN","Kidney","K34",0.659323001592255
"Mouse","Transcript level","ONT cDNA","IsoQuant","CQN","Kidney","K35",0.637514234943019
"Mouse","Transcript level","ONT cDNA","IsoQuant","EDASeq","Brain","B31",0.641077485411618
"Mouse","Transcript level","ONT cDNA","IsoQuant","EDASeq","Brain","B32",0.669004411757191
"Mouse","Transcript level","ONT cDNA","IsoQuant","EDASeq","Brain","B33",0.669899199137004
"Mouse","Transcript level","ONT cDNA","IsoQuant","EDASeq","Brain","B34",0.658098684536626
"Mouse","Transcript level","ONT cDNA","IsoQuant","EDASeq","Brain","B35",0.671842243762701
"Mouse","Transcript level","ONT cDNA","IsoQuant","EDASeq","B20K80","BK20801",0.619152144235188
"Mouse","Transcript level","ONT cDNA","IsoQuant","EDASeq","B20K80","BK20802",0.642508923780033
"Mouse","Transcript level","ONT cDNA","IsoQuant","EDASeq","B20K80","BK20803",0.629902409442129
"Mouse","Transcript level","ONT cDNA","IsoQuant","EDASeq","B20K80","BK20804",0.623652262190074
"Mouse","Transcript level","ONT cDNA","IsoQuant","EDASeq","B20K80","BK20805",0.609872840523304
"Mouse","Transcript level","ONT cDNA","IsoQuant","EDASeq","B80K20","BK80201",0.611991513841047
"Mouse","Transcript level","ONT cDNA","IsoQuant","EDASeq","B80K20","BK80202",0.616593296505465
"Mouse","Transcript level","ONT cDNA","IsoQuant","EDASeq","B80K20","BK80203",0.608706239592278
"Mouse","Transcript level","ONT cDNA","IsoQuant","EDASeq","B80K20","BK80204",0.601632414598475
"Mouse","Transcript level","ONT cDNA","IsoQuant","EDASeq","B80K20","BK80205",0.602966530094315
"Mouse","Transcript level","ONT cDNA","IsoQuant","EDASeq","Kidney","K31",0.687457020382684
"Mouse","Transcript level","ONT cDNA","IsoQuant","EDASeq","Kidney","K32",0.71439057951320994
"Mouse","Transcript level","ONT cDNA","IsoQuant","EDASeq","Kidney","K33",0.694750283590865
"Mouse","Transcript level","ONT cDNA","IsoQuant","EDASeq","Kidney","K34",0.714354286578007
"Mouse","Transcript level","ONT cDNA","IsoQuant","EDASeq","Kidney","K35",0.688319583037768
"Mouse","Transcript level","ONT cDNA","IsoQuant","SMR","Brain","B31",0.548417489600029
"Mouse","Transcript level","ONT cDNA","IsoQuant","SMR","Brain","B32",0.652879470492959
"Mouse","Transcript level","ONT cDNA","IsoQuant","SMR","Brain","B33",0.608106979649097
"Mouse","Transcript level","ONT cDNA","IsoQuant","SMR","Brain","B34",0.582133226321491
"Mouse","Transcript level","ONT cDNA","IsoQuant","SMR","Brain","B35",0.598888207614241
"Mouse","Transcript level","ONT cDNA","IsoQuant","SMR","B20K80","BK20801",0.357774812105171
"Mouse","Transcript level","ONT cDNA","IsoQuant","SMR","B20K80","BK20802",0.480139977744595
"Mouse","Transcript level","ONT cDNA","IsoQuant","SMR","B20K80","BK20803",0.44377846862782
"Mouse","Transcript level","ONT cDNA","IsoQuant","SMR","B20K80","BK20804",0.467475862351537
"Mouse","Transcript level","ONT cDNA","IsoQuant","SMR","B20K80","BK20805",0.418105522544299
"Mouse","Transcript level","ONT cDNA","IsoQuant","SMR","B80K20","BK80201",0.483976510347892
"Mouse","Transcript level","ONT cDNA","IsoQuant","SMR","B80K20","BK80202",0.515608096374485
"Mouse","Transcript level","ONT cDNA","IsoQuant","SMR","B80K20","BK80203",0.425604087746818
"Mouse","Transcript level","ONT cDNA","IsoQuant","SMR","B80K20","BK80204",0.371745567218931
"Mouse","Transcript level","ONT cDNA","IsoQuant","SMR","B80K20","BK80205",0.426300350771404
"Mouse","Transcript level","ONT cDNA","IsoQuant","SMR","Kidney","K31",0.578878415780856
"Mouse","Transcript level","ONT cDNA","IsoQuant","SMR","Kidney","K32",0.644015654879112
"Mouse","Transcript level","ONT cDNA","IsoQuant","SMR","Kidney","K33",0.587558552223126
"Mouse","Transcript level","ONT cDNA","IsoQuant","SMR","Kidney","K34",0.619366217422597
"Mouse","Transcript level","ONT cDNA","IsoQuant","SMR","Kidney","K35",0.57441173591944
"Mouse","Transcript level","ONT cDNA","IsoQuant","TPM","Brain","B31",0.574532384927937
"Mouse","Transcript level","ONT cDNA","IsoQuant","TPM","Brain","B32",0.54655619972284
"Mouse","Transcript level","ONT cDNA","IsoQuant","TPM","Brain","B33",0.5571684636244
"Mouse","Transcript level","ONT cDNA","IsoQuant","TPM","Brain","B34",0.551638888063525
"Mouse","Transcript level","ONT cDNA","IsoQuant","TPM","Brain","B35",0.56845542137282
"Mouse","Transcript level","ONT cDNA","IsoQuant","TPM","B20K80","BK20801",0.570890870248833
"Mouse","Transcript level","ONT cDNA","IsoQuant","TPM","B20K80","BK20802",0.551568011483955
"Mouse","Transcript level","ONT cDNA","IsoQuant","TPM","B20K80","BK20803",0.581487551748601
"Mouse","Transcript level","ONT cDNA","IsoQuant","TPM","B20K80","BK20804",0.58043365505388
"Mouse","Transcript level","ONT cDNA","IsoQuant","TPM","B20K80","BK20805",0.588180035677095
"Mouse","Transcript level","ONT cDNA","IsoQuant","TPM","B80K20","BK80201",0.516571840730169
"Mouse","Transcript level","ONT cDNA","IsoQuant","TPM","B80K20","BK80202",0.499929346440946
"Mouse","Transcript level","ONT cDNA","IsoQuant","TPM","B80K20","BK80203",0.514002008421384
"Mouse","Transcript level","ONT cDNA","IsoQuant","TPM","B80K20","BK80204",0.518044869078749
"Mouse","Transcript level","ONT cDNA","IsoQuant","TPM","B80K20","BK80205",0.524256588019695
"Mouse","Transcript level","ONT cDNA","IsoQuant","TPM","Kidney","K31",0.658934425880174
"Mouse","Transcript level","ONT cDNA","IsoQuant","TPM","Kidney","K32",0.637207438615877
"Mouse","Transcript level","ONT cDNA","IsoQuant","TPM","Kidney","K33",0.658089468371669
"Mouse","Transcript level","ONT cDNA","IsoQuant","TPM","Kidney","K34",0.667864560553272
"Mouse","Transcript level","ONT cDNA","IsoQuant","TPM","Kidney","K35",0.683204644584688
"Mouse","Transcript level","ONT cDNA","Kallisto","CPM","Brain","B31",0.65612347747617
"Mouse","Transcript level","ONT cDNA","Kallisto","CPM","Brain","B32",0.660784429462193
"Mouse","Transcript level","ONT cDNA","Kallisto","CPM","Brain","B33",0.657276900659798
"Mouse","Transcript level","ONT cDNA","Kallisto","CPM","Brain","B34",0.647006635665725
"Mouse","Transcript level","ONT cDNA","Kallisto","CPM","Brain","B35",0.657932286013926
"Mouse","Transcript level","ONT cDNA","Kallisto","CPM","B20K80","BK20801",0.633488008678055
"Mouse","Transcript level","ONT cDNA","Kallisto","CPM","B20K80","BK20802",0.660856839610483
"Mouse","Transcript level","ONT cDNA","Kallisto","CPM","B20K80","BK20803",0.654498899009682
"Mouse","Transcript level","ONT cDNA","Kallisto","CPM","B20K80","BK20804",0.650816808007755
"Mouse","Transcript level","ONT cDNA","Kallisto","CPM","B20K80","BK20805",0.639658731284499
"Mouse","Transcript level","ONT cDNA","Kallisto","CPM","B80K20","BK80201",0.625525038654953
"Mouse","Transcript level","ONT cDNA","Kallisto","CPM","B80K20","BK80202",0.630446086629655
"Mouse","Transcript level","ONT cDNA","Kallisto","CPM","B80K20","BK80203",0.626205814759764
"Mouse","Transcript level","ONT cDNA","Kallisto","CPM","B80K20","BK80204",0.626223996777783
"Mouse","Transcript level","ONT cDNA","Kallisto","CPM","B80K20","BK80205",0.612959921173544
"Mouse","Transcript level","ONT cDNA","Kallisto","CPM","Kidney","K31",0.727014401943374
"Mouse","Transcript level","ONT cDNA","Kallisto","CPM","Kidney","K32",0.747895191899196
"Mouse","Transcript level","ONT cDNA","Kallisto","CPM","Kidney","K33",0.738100291715859
"Mouse","Transcript level","ONT cDNA","Kallisto","CPM","Kidney","K34",0.743301757172849
"Mouse","Transcript level","ONT cDNA","Kallisto","CPM","Kidney","K35",0.737474415671433
"Mouse","Transcript level","ONT cDNA","Kallisto","CQN","Brain","B31",0.677566835795825
"Mouse","Transcript level","ONT cDNA","Kallisto","CQN","Brain","B32",0.690827345291811
"Mouse","Transcript level","ONT cDNA","Kallisto","CQN","Brain","B33",0.685021357679073
"Mouse","Transcript level","ONT cDNA","Kallisto","CQN","Brain","B34",0.678056512872255
"Mouse","Transcript level","ONT cDNA","Kallisto","CQN","Brain","B35",0.690900720214082
"Mouse","Transcript level","ONT cDNA","Kallisto","CQN","B20K80","BK20801",0.606622534333768
"Mouse","Transcript level","ONT cDNA","Kallisto","CQN","B20K80","BK20802",0.643771783206168
"Mouse","Transcript level","ONT cDNA","Kallisto","CQN","B20K80","BK20803",0.622800827070946
"Mouse","Transcript level","ONT cDNA","Kallisto","CQN","B20K80","BK20804",0.622730982119341
"Mouse","Transcript level","ONT cDNA","Kallisto","CQN","B20K80","BK20805",0.59819376799597
"Mouse","Transcript level","ONT cDNA","Kallisto","CQN","B80K20","BK80201",0.637669928274327
"Mouse","Transcript level","ONT cDNA","Kallisto","CQN","B80K20","BK80202",0.652088828364137
"Mouse","Transcript level","ONT cDNA","Kallisto","CQN","B80K20","BK80203",0.633374309413783
"Mouse","Transcript level","ONT cDNA","Kallisto","CQN","B80K20","BK80204",0.637059287419582
"Mouse","Transcript level","ONT cDNA","Kallisto","CQN","B80K20","BK80205",0.622557949590952
"Mouse","Transcript level","ONT cDNA","Kallisto","CQN","Kidney","K31",0.665287416416101
"Mouse","Transcript level","ONT cDNA","Kallisto","CQN","Kidney","K32",0.715319081168683
"Mouse","Transcript level","ONT cDNA","Kallisto","CQN","Kidney","K33",0.682917257538465
"Mouse","Transcript level","ONT cDNA","Kallisto","CQN","Kidney","K34",0.670592625585437
"Mouse","Transcript level","ONT cDNA","Kallisto","CQN","Kidney","K35",0.646651133822521
"Mouse","Transcript level","ONT cDNA","Kallisto","EDASeq","Brain","B31",0.61485533927696
"Mouse","Transcript level","ONT cDNA","Kallisto","EDASeq","Brain","B32",0.64125467496825606
"Mouse","Transcript level","ONT cDNA","Kallisto","EDASeq","Brain","B33",0.628947479947048
"Mouse","Transcript level","ONT cDNA","Kallisto","EDASeq","Brain","B34",0.62215160355453
"Mouse","Transcript level","ONT cDNA","Kallisto","EDASeq","Brain","B35",0.626602081494103
"Mouse","Transcript level","ONT cDNA","Kallisto","EDASeq","B20K80","BK20801",0.557214835216863
"Mouse","Transcript level","ONT cDNA","Kallisto","EDASeq","B20K80","BK20802",0.597287096961748
"Mouse","Transcript level","ONT cDNA","Kallisto","EDASeq","B20K80","BK20803",0.573024585639541
"Mouse","Transcript level","ONT cDNA","Kallisto","EDASeq","B20K80","BK20804",0.565305079639497
"Mouse","Transcript level","ONT cDNA","Kallisto","EDASeq","B20K80","BK20805",0.546465058802194
"Mouse","Transcript level","ONT cDNA","Kallisto","EDASeq","B80K20","BK80201",0.589549025404883
"Mouse","Transcript level","ONT cDNA","Kallisto","EDASeq","B80K20","BK80202",0.59815273667848
"Mouse","Transcript level","ONT cDNA","Kallisto","EDASeq","B80K20","BK80203",0.589938785794616
"Mouse","Transcript level","ONT cDNA","Kallisto","EDASeq","B80K20","BK80204",0.58177577861347
"Mouse","Transcript level","ONT cDNA","Kallisto","EDASeq","B80K20","BK80205",0.571650083065657
"Mouse","Transcript level","ONT cDNA","Kallisto","EDASeq","Kidney","K31",0.600612370775712
"Mouse","Transcript level","ONT cDNA","Kallisto","EDASeq","Kidney","K32",0.662733209390096
"Mouse","Transcript level","ONT cDNA","Kallisto","EDASeq","Kidney","K33",0.620031274105285
"Mouse","Transcript level","ONT cDNA","Kallisto","EDASeq","Kidney","K34",0.628793337621772
"Mouse","Transcript level","ONT cDNA","Kallisto","EDASeq","Kidney","K35",0.601007714026588
"Mouse","Transcript level","ONT cDNA","Kallisto","SMR","Brain","B31",0.64549163852421
"Mouse","Transcript level","ONT cDNA","Kallisto","SMR","Brain","B32",0.716167795596223
"Mouse","Transcript level","ONT cDNA","Kallisto","SMR","Brain","B33",0.675823801289977
"Mouse","Transcript level","ONT cDNA","Kallisto","SMR","Brain","B34",0.662724728148532
"Mouse","Transcript level","ONT cDNA","Kallisto","SMR","Brain","B35",0.66147194579367
"Mouse","Transcript level","ONT cDNA","Kallisto","SMR","B20K80","BK20801",0.512765917364981
"Mouse","Transcript level","ONT cDNA","Kallisto","SMR","B20K80","BK20802",0.604377890140591
"Mouse","Transcript level","ONT cDNA","Kallisto","SMR","B20K80","BK20803",0.61595025547275
"Mouse","Transcript level","ONT cDNA","Kallisto","SMR","B20K80","BK20804",0.646863662706549
"Mouse","Transcript level","ONT cDNA","Kallisto","SMR","B20K80","BK20805",0.608529465362912
"Mouse","Transcript level","ONT cDNA","Kallisto","SMR","B80K20","BK80201",0.576977098815756
"Mouse","Transcript level","ONT cDNA","Kallisto","SMR","B80K20","BK80202",0.59519277377043
"Mouse","Transcript level","ONT cDNA","Kallisto","SMR","B80K20","BK80203",0.478655333039494
"Mouse","Transcript level","ONT cDNA","Kallisto","SMR","B80K20","BK80204",0.491161712278618
"Mouse","Transcript level","ONT cDNA","Kallisto","SMR","B80K20","BK80205",0.493202549177484
"Mouse","Transcript level","ONT cDNA","Kallisto","SMR","Kidney","K31",0.7252782824278
"Mouse","Transcript level","ONT cDNA","Kallisto","SMR","Kidney","K32",0.769072118360499
"Mouse","Transcript level","ONT cDNA","Kallisto","SMR","Kidney","K33",0.728053537970377
"Mouse","Transcript level","ONT cDNA","Kallisto","SMR","Kidney","K34",0.748539734704673
"Mouse","Transcript level","ONT cDNA","Kallisto","SMR","Kidney","K35",0.737183129082956
"Mouse","Transcript level","ONT cDNA","Kallisto","TPM","Brain","B31",0.667465391168929
"Mouse","Transcript level","ONT cDNA","Kallisto","TPM","Brain","B32",0.617747562937603
"Mouse","Transcript level","ONT cDNA","Kallisto","TPM","Brain","B33",0.62590396451092
"Mouse","Transcript level","ONT cDNA","Kallisto","TPM","Brain","B34",0.623386869792802
"Mouse","Transcript level","ONT cDNA","Kallisto","TPM","Brain","B35",0.636039148511395
"Mouse","Transcript level","ONT cDNA","Kallisto","TPM","B20K80","BK20801",0.648133852623845
"Mouse","Transcript level","ONT cDNA","Kallisto","TPM","B20K80","BK20802",0.634041037747557
"Mouse","Transcript level","ONT cDNA","Kallisto","TPM","B20K80","BK20803",0.661845039399777
"Mouse","Transcript level","ONT cDNA","Kallisto","TPM","B20K80","BK20804",0.661208714274145
"Mouse","Transcript level","ONT cDNA","Kallisto","TPM","B20K80","BK20805",0.668650616609317
"Mouse","Transcript level","ONT cDNA","Kallisto","TPM","B80K20","BK80201",0.597841324785521
"Mouse","Transcript level","ONT cDNA","Kallisto","TPM","B80K20","BK80202",0.577514576274257
"Mouse","Transcript level","ONT cDNA","Kallisto","TPM","B80K20","BK80203",0.597461113291923
"Mouse","Transcript level","ONT cDNA","Kallisto","TPM","B80K20","BK80204",0.60477567293724
"Mouse","Transcript level","ONT cDNA","Kallisto","TPM","B80K20","BK80205",0.600732443555022
"Mouse","Transcript level","ONT cDNA","Kallisto","TPM","Kidney","K31",0.750916764421749
"Mouse","Transcript level","ONT cDNA","Kallisto","TPM","Kidney","K32",0.729853749967591
"Mouse","Transcript level","ONT cDNA","Kallisto","TPM","Kidney","K33",0.749315164369818
"Mouse","Transcript level","ONT cDNA","Kallisto","TPM","Kidney","K34",0.743975359233825
"Mouse","Transcript level","ONT cDNA","Kallisto","TPM","Kidney","K35",0.766327945982527
"Mouse","Transcript level","ONT cDNA","Oarfish","CPM","Brain","B31",0.649359687799569
"Mouse","Transcript level","ONT cDNA","Oarfish","CPM","Brain","B32",0.664017434090229
"Mouse","Transcript level","ONT cDNA","Oarfish","CPM","Brain","B33",0.652696911520414
"Mouse","Transcript level","ONT cDNA","Oarfish","CPM","Brain","B34",0.641592807082007
"Mouse","Transcript level","ONT cDNA","Oarfish","CPM","Brain","B35",0.657852275897371
"Mouse","Transcript level","ONT cDNA","Oarfish","CPM","B20K80","BK20801",0.641221055793939
"Mouse","Transcript level","ONT cDNA","Oarfish","CPM","B20K80","BK20802",0.6633578178635
"Mouse","Transcript level","ONT cDNA","Oarfish","CPM","B20K80","BK20803",0.659797735322397
"Mouse","Transcript level","ONT cDNA","Oarfish","CPM","B20K80","BK20804",0.656006438098871
"Mouse","Transcript level","ONT cDNA","Oarfish","CPM","B20K80","BK20805",0.640917532539164
"Mouse","Transcript level","ONT cDNA","Oarfish","CPM","B80K20","BK80201",0.631143246492065
"Mouse","Transcript level","ONT cDNA","Oarfish","CPM","B80K20","BK80202",0.642471160416737
"Mouse","Transcript level","ONT cDNA","Oarfish","CPM","B80K20","BK80203",0.633204543723079
"Mouse","Transcript level","ONT cDNA","Oarfish","CPM","B80K20","BK80204",0.62259042990557
"Mouse","Transcript level","ONT cDNA","Oarfish","CPM","B80K20","BK80205",0.617873195259898
"Mouse","Transcript level","ONT cDNA","Oarfish","CPM","Kidney","K31",0.722744675671771
"Mouse","Transcript level","ONT cDNA","Oarfish","CPM","Kidney","K32",0.75057506691284
"Mouse","Transcript level","ONT cDNA","Oarfish","CPM","Kidney","K33",0.740715065783783
"Mouse","Transcript level","ONT cDNA","Oarfish","CPM","Kidney","K34",0.756000954311945
"Mouse","Transcript level","ONT cDNA","Oarfish","CPM","Kidney","K35",0.735743322799525
"Mouse","Transcript level","ONT cDNA","Oarfish","CQN","Brain","B31",0.673021634978059
"Mouse","Transcript level","ONT cDNA","Oarfish","CQN","Brain","B32",0.695455331109316
"Mouse","Transcript level","ONT cDNA","Oarfish","CQN","Brain","B33",0.681026239424793
"Mouse","Transcript level","ONT cDNA","Oarfish","CQN","Brain","B34",0.674261817579369
"Mouse","Transcript level","ONT cDNA","Oarfish","CQN","Brain","B35",0.689045526356295
"Mouse","Transcript level","ONT cDNA","Oarfish","CQN","B20K80","BK20801",0.61626938228747
"Mouse","Transcript level","ONT cDNA","Oarfish","CQN","B20K80","BK20802",0.649789454564732
"Mouse","Transcript level","ONT cDNA","Oarfish","CQN","B20K80","BK20803",0.625069329107876
"Mouse","Transcript level","ONT cDNA","Oarfish","CQN","B20K80","BK20804",0.620269758407324
"Mouse","Transcript level","ONT cDNA","Oarfish","CQN","B20K80","BK20805",0.588948493651123
"Mouse","Transcript level","ONT cDNA","Oarfish","CQN","B80K20","BK80201",0.647148993297268
"Mouse","Transcript level","ONT cDNA","Oarfish","CQN","B80K20","BK80202",0.664778210394115
"Mouse","Transcript level","ONT cDNA","Oarfish","CQN","B80K20","BK80203",0.639498930443089
"Mouse","Transcript level","ONT cDNA","Oarfish","CQN","B80K20","BK80204",0.639100204203714
"Mouse","Transcript level","ONT cDNA","Oarfish","CQN","B80K20","BK80205",0.626931373857478
"Mouse","Transcript level","ONT cDNA","Oarfish","CQN","Kidney","K31",0.664911651698932
"Mouse","Transcript level","ONT cDNA","Oarfish","CQN","Kidney","K32",0.717020245693457
"Mouse","Transcript level","ONT cDNA","Oarfish","CQN","Kidney","K33",0.679482483196725
"Mouse","Transcript level","ONT cDNA","Oarfish","CQN","Kidney","K34",0.673683521891315
"Mouse","Transcript level","ONT cDNA","Oarfish","CQN","Kidney","K35",0.646913614038067
"Mouse","Transcript level","ONT cDNA","Oarfish","EDASeq","Brain","B31",0.641565474520651
"Mouse","Transcript level","ONT cDNA","Oarfish","EDASeq","Brain","B32",0.669120527960619
"Mouse","Transcript level","ONT cDNA","Oarfish","EDASeq","Brain","B33",0.652989561880689
"Mouse","Transcript level","ONT cDNA","Oarfish","EDASeq","Brain","B34",0.642501399542266
"Mouse","Transcript level","ONT cDNA","Oarfish","EDASeq","Brain","B35",0.650360285585742
"Mouse","Transcript level","ONT cDNA","Oarfish","EDASeq","B20K80","BK20801",0.598087043056629
"Mouse","Transcript level","ONT cDNA","Oarfish","EDASeq","B20K80","BK20802",0.634140353013738
"Mouse","Transcript level","ONT cDNA","Oarfish","EDASeq","B20K80","BK20803",0.612920842109318
"Mouse","Transcript level","ONT cDNA","Oarfish","EDASeq","B20K80","BK20804",0.605492182690579
"Mouse","Transcript level","ONT cDNA","Oarfish","EDASeq","B20K80","BK20805",0.582854712427876
"Mouse","Transcript level","ONT cDNA","Oarfish","EDASeq","B80K20","BK80201",0.626018340254349
"Mouse","Transcript level","ONT cDNA","Oarfish","EDASeq","B80K20","BK80202",0.642568301063795
"Mouse","Transcript level","ONT cDNA","Oarfish","EDASeq","B80K20","BK80203",0.618327085825694
"Mouse","Transcript level","ONT cDNA","Oarfish","EDASeq","B80K20","BK80204",0.609789926543178
"Mouse","Transcript level","ONT cDNA","Oarfish","EDASeq","B80K20","BK80205",0.602547219115262
"Mouse","Transcript level","ONT cDNA","Oarfish","EDASeq","Kidney","K31",0.646937270149023
"Mouse","Transcript level","ONT cDNA","Oarfish","EDASeq","Kidney","K32",0.696265026236658
"Mouse","Transcript level","ONT cDNA","Oarfish","EDASeq","Kidney","K33",0.667544072169096
"Mouse","Transcript level","ONT cDNA","Oarfish","EDASeq","Kidney","K34",0.67306544114455
"Mouse","Transcript level","ONT cDNA","Oarfish","EDASeq","Kidney","K35",0.643488398518861
"Mouse","Transcript level","ONT cDNA","Oarfish","SMR","Brain","B31",0.620677550448479
"Mouse","Transcript level","ONT cDNA","Oarfish","SMR","Brain","B32",0.676244047490129
"Mouse","Transcript level","ONT cDNA","Oarfish","SMR","Brain","B33",0.628178711928315
"Mouse","Transcript level","ONT cDNA","Oarfish","SMR","Brain","B34",0.622931693543644
"Mouse","Transcript level","ONT cDNA","Oarfish","SMR","Brain","B35",0.62879172990896
"Mouse","Transcript level","ONT cDNA","Oarfish","SMR","B20K80","BK20801",0.51916866299425
"Mouse","Transcript level","ONT cDNA","Oarfish","SMR","B20K80","BK20802",0.593667019793859
"Mouse","Transcript level","ONT cDNA","Oarfish","SMR","B20K80","BK20803",0.619323937932439
"Mouse","Transcript level","ONT cDNA","Oarfish","SMR","B20K80","BK20804",0.647222185853067
"Mouse","Transcript level","ONT cDNA","Oarfish","SMR","B20K80","BK20805",0.600501135838497
"Mouse","Transcript level","ONT cDNA","Oarfish","SMR","B80K20","BK80201",0.549070572674973
"Mouse","Transcript level","ONT cDNA","Oarfish","SMR","B80K20","BK80202",0.5558700956882
"Mouse","Transcript level","ONT cDNA","Oarfish","SMR","B80K20","BK80203",0.458055851828283
"Mouse","Transcript level","ONT cDNA","Oarfish","SMR","B80K20","BK80204",0.452793683955265
"Mouse","Transcript level","ONT cDNA","Oarfish","SMR","B80K20","BK80205",0.473114281848886
"Mouse","Transcript level","ONT cDNA","Oarfish","SMR","Kidney","K31",0.702782156557213
"Mouse","Transcript level","ONT cDNA","Oarfish","SMR","Kidney","K32",0.750994529868329
"Mouse","Transcript level","ONT cDNA","Oarfish","SMR","Kidney","K33",0.725008886469632
"Mouse","Transcript level","ONT cDNA","Oarfish","SMR","Kidney","K34",0.742116998019557
"Mouse","Transcript level","ONT cDNA","Oarfish","SMR","Kidney","K35",0.714486648247949
"Mouse","Transcript level","ONT cDNA","Oarfish","TPM","Brain","B31",0.655612218559388
"Mouse","Transcript level","ONT cDNA","Oarfish","TPM","Brain","B32",0.621970984596308
"Mouse","Transcript level","ONT cDNA","Oarfish","TPM","Brain","B33",0.624914951610771
"Mouse","Transcript level","ONT cDNA","Oarfish","TPM","Brain","B34",0.622102641602913
"Mouse","Transcript level","ONT cDNA","Oarfish","TPM","Brain","B35",0.638551398633483
"Mouse","Transcript level","ONT cDNA","Oarfish","TPM","B20K80","BK20801",0.655205132934977
"Mouse","Transcript level","ONT cDNA","Oarfish","TPM","B20K80","BK20802",0.640998219049496
"Mouse","Transcript level","ONT cDNA","Oarfish","TPM","B20K80","BK20803",0.669832156748221
"Mouse","Transcript level","ONT cDNA","Oarfish","TPM","B20K80","BK20804",0.666040646888758
"Mouse","Transcript level","ONT cDNA","Oarfish","TPM","B20K80","BK20805",0.668626970463913
"Mouse","Transcript level","ONT cDNA","Oarfish","TPM","B80K20","BK80201",0.606419833695596
"Mouse","Transcript level","ONT cDNA","Oarfish","TPM","B80K20","BK80202",0.591456876768539
"Mouse","Transcript level","ONT cDNA","Oarfish","TPM","B80K20","BK80203",0.60761317128745
"Mouse","Transcript level","ONT cDNA","Oarfish","TPM","B80K20","BK80204",0.605309118790909
"Mouse","Transcript level","ONT cDNA","Oarfish","TPM","B80K20","BK80205",0.607125291509608
"Mouse","Transcript level","ONT cDNA","Oarfish","TPM","Kidney","K31",0.75080784685454
"Mouse","Transcript level","ONT cDNA","Oarfish","TPM","Kidney","K32",0.737943364891346
"Mouse","Transcript level","ONT cDNA","Oarfish","TPM","Kidney","K33",0.754768607205268
"Mouse","Transcript level","ONT cDNA","Oarfish","TPM","Kidney","K34",0.759023812099199
"Mouse","Transcript level","ONT cDNA","Oarfish","TPM","Kidney","K35",0.769277960208428
"Mouse","Gene level","Iso-Seq","Bambu","CPM","B20K80","B20K80_1",0.7608241180979
"Mouse","Gene level","Iso-Seq","Bambu","CPM","B20K80","B20K80_2",0.735059642940352
"Mouse","Gene level","Iso-Seq","Bambu","CPM","B20K80","B20K80_3",0.72274057804785
"Mouse","Gene level","Iso-Seq","Bambu","CPM","B20K80","B20K80_4",0.777723490548956
"Mouse","Gene level","Iso-Seq","Bambu","CPM","B20K80","B20K80_5",0.796526861927144
"Mouse","Gene level","Iso-Seq","Bambu","CPM","Brain","B31",0.649937082515976
"Mouse","Gene level","Iso-Seq","Bambu","CPM","Brain","B32",0.716909705221131
"Mouse","Gene level","Iso-Seq","Bambu","CPM","Brain","B33",0.690683688283175
"Mouse","Gene level","Iso-Seq","Bambu","CPM","Brain","B34",0.699680144714316
"Mouse","Gene level","Iso-Seq","Bambu","CPM","Brain","B35",0.721274427804915
"Mouse","Gene level","Iso-Seq","Bambu","CPM","B80K20","B80K20_1",0.744822607961587
"Mouse","Gene level","Iso-Seq","Bambu","CPM","B80K20","B80K20_2",0.685896541424722
"Mouse","Gene level","Iso-Seq","Bambu","CPM","B80K20","B80K20_3",0.740516935975074
"Mouse","Gene level","Iso-Seq","Bambu","CPM","B80K20","B80K20_4",0.694793653237005
"Mouse","Gene level","Iso-Seq","Bambu","CPM","B80K20","B80K20_5",0.749491112912418
"Mouse","Gene level","Iso-Seq","Bambu","CPM","Kidney","K31",0.757299413922868
"Mouse","Gene level","Iso-Seq","Bambu","CPM","Kidney","K32",0.723066252201682
"Mouse","Gene level","Iso-Seq","Bambu","CPM","Kidney","K33",0.741129111769939
"Mouse","Gene level","Iso-Seq","Bambu","CPM","Kidney","K34",0.813215547374058
"Mouse","Gene level","Iso-Seq","Bambu","CPM","Kidney","K35",0.836208536451678
"Mouse","Gene level","Iso-Seq","Bambu","CQN","B20K80","B20K80_1",0.711764439129285
"Mouse","Gene level","Iso-Seq","Bambu","CQN","B20K80","B20K80_2",0.745504356630464
"Mouse","Gene level","Iso-Seq","Bambu","CQN","B20K80","B20K80_3",0.711468704029677
"Mouse","Gene level","Iso-Seq","Bambu","CQN","B20K80","B20K80_4",0.705366664253594
"Mouse","Gene level","Iso-Seq","Bambu","CQN","B20K80","B20K80_5",0.688798394106419
"Mouse","Gene level","Iso-Seq","Bambu","CQN","Brain","B31",0.74575388497212
"Mouse","Gene level","Iso-Seq","Bambu","CQN","Brain","B32",0.78206363591003
"Mouse","Gene level","Iso-Seq","Bambu","CQN","Brain","B33",0.773679595726935
"Mouse","Gene level","Iso-Seq","Bambu","CQN","Brain","B34",0.768621412484266
"Mouse","Gene level","Iso-Seq","Bambu","CQN","Brain","B35",0.774160241836156
"Mouse","Gene level","Iso-Seq","Bambu","CQN","B80K20","B80K20_1",0.768598772890517
"Mouse","Gene level","Iso-Seq","Bambu","CQN","B80K20","B80K20_2",0.763621884306339
"Mouse","Gene level","Iso-Seq","Bambu","CQN","B80K20","B80K20_3",0.760404670153557
"Mouse","Gene level","Iso-Seq","Bambu","CQN","B80K20","B80K20_4",0.739791473118851
"Mouse","Gene level","Iso-Seq","Bambu","CQN","B80K20","B80K20_5",0.748180303853194
"Mouse","Gene level","Iso-Seq","Bambu","CQN","Kidney","K31",0.642682146595529
"Mouse","Gene level","Iso-Seq","Bambu","CQN","Kidney","K32",0.69793848421841
"Mouse","Gene level","Iso-Seq","Bambu","CQN","Kidney","K33",0.662996675093741
"Mouse","Gene level","Iso-Seq","Bambu","CQN","Kidney","K34",0.650760144056868
"Mouse","Gene level","Iso-Seq","Bambu","CQN","Kidney","K35",0.601035398170461
"Mouse","Gene level","Iso-Seq","Bambu","EDASeq","B20K80","B20K80_1",0.689920721443454
"Mouse","Gene level","Iso-Seq","Bambu","EDASeq","B20K80","B20K80_2",0.721955071294121
"Mouse","Gene level","Iso-Seq","Bambu","EDASeq","B20K80","B20K80_3",0.677116493120634
"Mouse","Gene level","Iso-Seq","Bambu","EDASeq","B20K80","B20K80_4",0.684391571442847
"Mouse","Gene level","Iso-Seq","Bambu","EDASeq","B20K80","B20K80_5",0.68329150047189
"Mouse","Gene level","Iso-Seq","Bambu","EDASeq","Brain","B31",0.706232279271323
"Mouse","Gene level","Iso-Seq","Bambu","EDASeq","Brain","B32",0.758870305351539
"Mouse","Gene level","Iso-Seq","Bambu","EDASeq","Brain","B33",0.742483903407004
"Mouse","Gene level","Iso-Seq","Bambu","EDASeq","Brain","B34",0.722903791454329
"Mouse","Gene level","Iso-Seq","Bambu","EDASeq","Brain","B35",0.732531840402915
"Mouse","Gene level","Iso-Seq","Bambu","EDASeq","B80K20","B80K20_1",0.750252721755524
"Mouse","Gene level","Iso-Seq","Bambu","EDASeq","B80K20","B80K20_2",0.744846659460533
"Mouse","Gene level","Iso-Seq","Bambu","EDASeq","B80K20","B80K20_3",0.734053447609798
"Mouse","Gene level","Iso-Seq","Bambu","EDASeq","B80K20","B80K20_4",0.705516244513186
"Mouse","Gene level","Iso-Seq","Bambu","EDASeq","B80K20","B80K20_5",0.721652330858137
"Mouse","Gene level","Iso-Seq","Bambu","EDASeq","Kidney","K31",0.674956678410322
"Mouse","Gene level","Iso-Seq","Bambu","EDASeq","Kidney","K32",0.70469111236764
"Mouse","Gene level","Iso-Seq","Bambu","EDASeq","Kidney","K33",0.678865170400316
"Mouse","Gene level","Iso-Seq","Bambu","EDASeq","Kidney","K34",0.695052589041755
"Mouse","Gene level","Iso-Seq","Bambu","EDASeq","Kidney","K35",0.686685182942705
"Mouse","Gene level","Iso-Seq","Bambu","SMR","B20K80","B20K80_1",0.695750968268229
"Mouse","Gene level","Iso-Seq","Bambu","SMR","B20K80","B20K80_2",0.766012887369099
"Mouse","Gene level","Iso-Seq","Bambu","SMR","B20K80","B20K80_3",0.731576341621259
"Mouse","Gene level","Iso-Seq","Bambu","SMR","B20K80","B20K80_4",0.792095011510109
"Mouse","Gene level","Iso-Seq","Bambu","SMR","B20K80","B20K80_5",0.793890568867577
"Mouse","Gene level","Iso-Seq","Bambu","SMR","Brain","B31",0.509252211721739
"Mouse","Gene level","Iso-Seq","Bambu","SMR","Brain","B32",0.79938271992549
"Mouse","Gene level","Iso-Seq","Bambu","SMR","Brain","B33",0.750632895252657
"Mouse","Gene level","Iso-Seq","Bambu","SMR","Brain","B34",0.74619697253283
"Mouse","Gene level","Iso-Seq","Bambu","SMR","Brain","B35",0.795259025392017
"Mouse","Gene level","Iso-Seq","Bambu","SMR","B80K20","B80K20_1",0.759067399642801
"Mouse","Gene level","Iso-Seq","Bambu","SMR","B80K20","B80K20_2",0.771620592232907
"Mouse","Gene level","Iso-Seq","Bambu","SMR","B80K20","B80K20_3",0.558725560111541
"Mouse","Gene level","Iso-Seq","Bambu","SMR","B80K20","B80K20_4",0.636912860097813
"Mouse","Gene level","Iso-Seq","Bambu","SMR","B80K20","B80K20_5",0.650641805965909
"Mouse","Gene level","Iso-Seq","Bambu","SMR","Kidney","K31",0.808963306947867
"Mouse","Gene level","Iso-Seq","Bambu","SMR","Kidney","K32",0.801744214196216
"Mouse","Gene level","Iso-Seq","Bambu","SMR","Kidney","K33",0.816291004432823
"Mouse","Gene level","Iso-Seq","Bambu","SMR","Kidney","K34",0.893181773580914
"Mouse","Gene level","Iso-Seq","Bambu","SMR","Kidney","K35",0.908040085718318
"Mouse","Gene level","Iso-Seq","Bambu","TPM","B20K80","B20K80_1",0.848820002098421
"Mouse","Gene level","Iso-Seq","Bambu","TPM","B20K80","B20K80_2",0.838687431008233
"Mouse","Gene level","Iso-Seq","Bambu","TPM","B20K80","B20K80_3",0.821234635533285
"Mouse","Gene level","Iso-Seq","Bambu","TPM","B20K80","B20K80_4",0.844264532389475
"Mouse","Gene level","Iso-Seq","Bambu","TPM","B20K80","B20K80_5",0.856418047395238
"Mouse","Gene level","Iso-Seq","Bambu","TPM","Brain","B31",0.803214791497822
"Mouse","Gene level","Iso-Seq","Bambu","TPM","Brain","B32",0.802425959079042
"Mouse","Gene level","Iso-Seq","Bambu","TPM","Brain","B33",0.796628519486927
"Mouse","Gene level","Iso-Seq","Bambu","TPM","Brain","B34",0.769219800706608
"Mouse","Gene level","Iso-Seq","Bambu","TPM","Brain","B35",0.798610691490883
"Mouse","Gene level","Iso-Seq","Bambu","TPM","B80K20","B80K20_1",0.81092562004608
"Mouse","Gene level","Iso-Seq","Bambu","TPM","B80K20","B80K20_2",0.785741158838057
"Mouse","Gene level","Iso-Seq","Bambu","TPM","B80K20","B80K20_3",0.79084781744292
"Mouse","Gene level","Iso-Seq","Bambu","TPM","B80K20","B80K20_4",0.778774447882528
"Mouse","Gene level","Iso-Seq","Bambu","TPM","B80K20","B80K20_5",0.807017409844551
"Mouse","Gene level","Iso-Seq","Bambu","TPM","Kidney","K31",0.880900478777525
"Mouse","Gene level","Iso-Seq","Bambu","TPM","Kidney","K32",0.85250113463063
"Mouse","Gene level","Iso-Seq","Bambu","TPM","Kidney","K33",0.869656683530454
"Mouse","Gene level","Iso-Seq","Bambu","TPM","Kidney","K34",0.884677082374799
"Mouse","Gene level","Iso-Seq","Bambu","TPM","Kidney","K35",0.89907118232666
"Mouse","Gene level","Iso-Seq","FLAIR","CPM","B20K80","B20K80_1",0.765121181744084
"Mouse","Gene level","Iso-Seq","FLAIR","CPM","B20K80","B20K80_2",0.738848111943213
"Mouse","Gene level","Iso-Seq","FLAIR","CPM","B20K80","B20K80_3",0.725290681850273
"Mouse","Gene level","Iso-Seq","FLAIR","CPM","B20K80","B20K80_4",0.781444949509709
"Mouse","Gene level","Iso-Seq","FLAIR","CPM","B20K80","B20K80_5",0.799431085107731
"Mouse","Gene level","Iso-Seq","FLAIR","CPM","Brain","B31",0.653686600997818
"Mouse","Gene level","Iso-Seq","FLAIR","CPM","Brain","B32",0.718103086324064
"Mouse","Gene level","Iso-Seq","FLAIR","CPM","Brain","B33",0.694592112013873
"Mouse","Gene level","Iso-Seq","FLAIR","CPM","Brain","B34",0.700707364625095
"Mouse","Gene level","Iso-Seq","FLAIR","CPM","Brain","B35",0.722808934776926
"Mouse","Gene level","Iso-Seq","FLAIR","CPM","B80K20","B80K20_1",0.749174290956759
"Mouse","Gene level","Iso-Seq","FLAIR","CPM","B80K20","B80K20_2",0.689502073030822
"Mouse","Gene level","Iso-Seq","FLAIR","CPM","B80K20","B80K20_3",0.74391922130672
"Mouse","Gene level","Iso-Seq","FLAIR","CPM","B80K20","B80K20_4",0.698615833313337
"Mouse","Gene level","Iso-Seq","FLAIR","CPM","B80K20","B80K20_5",0.753954703446863
"Mouse","Gene level","Iso-Seq","FLAIR","CPM","Kidney","K31",0.744886127602924
"Mouse","Gene level","Iso-Seq","FLAIR","CPM","Kidney","K32",0.710581067693982
"Mouse","Gene level","Iso-Seq","FLAIR","CPM","Kidney","K33",0.733428099367138
"Mouse","Gene level","Iso-Seq","FLAIR","CPM","Kidney","K34",0.806994888351494
"Mouse","Gene level","Iso-Seq","FLAIR","CPM","Kidney","K35",0.830467368630864
"Mouse","Gene level","Iso-Seq","FLAIR","CQN","B20K80","B20K80_1",0.716945429750659
"Mouse","Gene level","Iso-Seq","FLAIR","CQN","B20K80","B20K80_2",0.748872641814228
"Mouse","Gene level","Iso-Seq","FLAIR","CQN","B20K80","B20K80_3",0.716380811810421
"Mouse","Gene level","Iso-Seq","FLAIR","CQN","B20K80","B20K80_4",0.711076425077601
"Mouse","Gene level","Iso-Seq","FLAIR","CQN","B20K80","B20K80_5",0.693227882015781
"Mouse","Gene level","Iso-Seq","FLAIR","CQN","Brain","B31",0.749823620553211
"Mouse","Gene level","Iso-Seq","FLAIR","CQN","Brain","B32",0.775757437043525
"Mouse","Gene level","Iso-Seq","FLAIR","CQN","Brain","B33",0.773942101719452
"Mouse","Gene level","Iso-Seq","FLAIR","CQN","Brain","B34",0.761769624568109
"Mouse","Gene level","Iso-Seq","FLAIR","CQN","Brain","B35",0.768674396328803
"Mouse","Gene level","Iso-Seq","FLAIR","CQN","B80K20","B80K20_1",0.768574361900372
"Mouse","Gene level","Iso-Seq","FLAIR","CQN","B80K20","B80K20_2",0.762479254137732
"Mouse","Gene level","Iso-Seq","FLAIR","CQN","B80K20","B80K20_3",0.757455007531302
"Mouse","Gene level","Iso-Seq","FLAIR","CQN","B80K20","B80K20_4",0.740522443701776
"Mouse","Gene level","Iso-Seq","FLAIR","CQN","B80K20","B80K20_5",0.750077959240765
"Mouse","Gene level","Iso-Seq","FLAIR","CQN","Kidney","K31",0.648946701931811
"Mouse","Gene level","Iso-Seq","FLAIR","CQN","Kidney","K32",0.708265211800313
"Mouse","Gene level","Iso-Seq","FLAIR","CQN","Kidney","K33",0.662573560460709
"Mouse","Gene level","Iso-Seq","FLAIR","CQN","Kidney","K34",0.640741193097974
"Mouse","Gene level","Iso-Seq","FLAIR","CQN","Kidney","K35",0.590228692165206
"Mouse","Gene level","Iso-Seq","FLAIR","EDASeq","B20K80","B20K80_1",0.719822888683188
"Mouse","Gene level","Iso-Seq","FLAIR","EDASeq","B20K80","B20K80_2",0.753823200465921
"Mouse","Gene level","Iso-Seq","FLAIR","EDASeq","B20K80","B20K80_3",0.700711250323195
"Mouse","Gene level","Iso-Seq","FLAIR","EDASeq","B20K80","B20K80_4",0.708082915788283
"Mouse","Gene level","Iso-Seq","FLAIR","EDASeq","B20K80","B20K80_5",0.706771979792937
"Mouse","Gene level","Iso-Seq","FLAIR","EDASeq","Brain","B31",0.708999417852926
"Mouse","Gene level","Iso-Seq","FLAIR","EDASeq","Brain","B32",0.751985992698094
"Mouse","Gene level","Iso-Seq","FLAIR","EDASeq","Brain","B33",0.736837025317881
"Mouse","Gene level","Iso-Seq","FLAIR","EDASeq","Brain","B34",0.709146942777069
"Mouse","Gene level","Iso-Seq","FLAIR","EDASeq","Brain","B35",0.721673360058538
"Mouse","Gene level","Iso-Seq","FLAIR","EDASeq","B80K20","B80K20_1",0.753114876526382
"Mouse","Gene level","Iso-Seq","FLAIR","EDASeq","B80K20","B80K20_2",0.751385106340977
"Mouse","Gene level","Iso-Seq","FLAIR","EDASeq","B80K20","B80K20_3",0.728735964773324
"Mouse","Gene level","Iso-Seq","FLAIR","EDASeq","B80K20","B80K20_4",0.716412836152016
"Mouse","Gene level","Iso-Seq","FLAIR","EDASeq","B80K20","B80K20_5",0.73047518873853
"Mouse","Gene level","Iso-Seq","FLAIR","EDASeq","Kidney","K31",0.727145955685237
"Mouse","Gene level","Iso-Seq","FLAIR","EDASeq","Kidney","K32",0.748856788968055
"Mouse","Gene level","Iso-Seq","FLAIR","EDASeq","Kidney","K33",0.723920994066079
"Mouse","Gene level","Iso-Seq","FLAIR","EDASeq","Kidney","K34",0.722058911156794
"Mouse","Gene level","Iso-Seq","FLAIR","EDASeq","Kidney","K35",0.717699193564323
"Mouse","Gene level","Iso-Seq","FLAIR","SMR","B20K80","B20K80_1",0.686355674607367
"Mouse","Gene level","Iso-Seq","FLAIR","SMR","B20K80","B20K80_2",0.756021360309333
"Mouse","Gene level","Iso-Seq","FLAIR","SMR","B20K80","B20K80_3",0.72677884064170994
"Mouse","Gene level","Iso-Seq","FLAIR","SMR","B20K80","B20K80_4",0.785581151694676
"Mouse","Gene level","Iso-Seq","FLAIR","SMR","B20K80","B20K80_5",0.786656079410789
"Mouse","Gene level","Iso-Seq","FLAIR","SMR","Brain","B31",0.482839232651784
"Mouse","Gene level","Iso-Seq","FLAIR","SMR","Brain","B32",0.783045080208938
"Mouse","Gene level","Iso-Seq","FLAIR","SMR","Brain","B33",0.734477404677866
"Mouse","Gene level","Iso-Seq","FLAIR","SMR","Brain","B34",0.724123241401385
"Mouse","Gene level","Iso-Seq","FLAIR","SMR","Brain","B35",0.762117242885749
"Mouse","Gene level","Iso-Seq","FLAIR","SMR","B80K20","B80K20_1",0.750194012609403
"Mouse","Gene level","Iso-Seq","FLAIR","SMR","B80K20","B80K20_2",0.759997983943643
"Mouse","Gene level","Iso-Seq","FLAIR","SMR","B80K20","B80K20_3",0.547704269416029
"Mouse","Gene level","Iso-Seq","FLAIR","SMR","B80K20","B80K20_4",0.629779602282749
"Mouse","Gene level","Iso-Seq","FLAIR","SMR","B80K20","B80K20_5",0.641574591799415
"Mouse","Gene level","Iso-Seq","FLAIR","SMR","Kidney","K31",0.788487580646131
"Mouse","Gene level","Iso-Seq","FLAIR","SMR","Kidney","K32",0.780293734466035
"Mouse","Gene level","Iso-Seq","FLAIR","SMR","Kidney","K33",0.803025420936586
"Mouse","Gene level","Iso-Seq","FLAIR","SMR","Kidney","K34",0.878693255429261
"Mouse","Gene level","Iso-Seq","FLAIR","SMR","Kidney","K35",0.895570204905022
"Mouse","Gene level","Iso-Seq","FLAIR","TPM","B20K80","B20K80_1",0.857189670400461
"Mouse","Gene level","Iso-Seq","FLAIR","TPM","B20K80","B20K80_2",0.847106423670766
"Mouse","Gene level","Iso-Seq","FLAIR","TPM","B20K80","B20K80_3",0.825707069630392
"Mouse","Gene level","Iso-Seq","FLAIR","TPM","B20K80","B20K80_4",0.850169248476514
"Mouse","Gene level","Iso-Seq","FLAIR","TPM","B20K80","B20K80_5",0.861868286322616
"Mouse","Gene level","Iso-Seq","FLAIR","TPM","Brain","B31",0.808072604573817
"Mouse","Gene level","Iso-Seq","FLAIR","TPM","Brain","B32",0.811516547472864
"Mouse","Gene level","Iso-Seq","FLAIR","TPM","Brain","B33",0.806957938564099
"Mouse","Gene level","Iso-Seq","FLAIR","TPM","Brain","B34",0.777162372159752
"Mouse","Gene level","Iso-Seq","FLAIR","TPM","Brain","B35",0.805380640938719
"Mouse","Gene level","Iso-Seq","FLAIR","TPM","B80K20","B80K20_1",0.82324848282061
"Mouse","Gene level","Iso-Seq","FLAIR","TPM","B80K20","B80K20_2",0.797860105479673
"Mouse","Gene level","Iso-Seq","FLAIR","TPM","B80K20","B80K20_3",0.801370874972008
"Mouse","Gene level","Iso-Seq","FLAIR","TPM","B80K20","B80K20_4",0.788243440526755
"Mouse","Gene level","Iso-Seq","FLAIR","TPM","B80K20","B80K20_5",0.817375136107085
"Mouse","Gene level","Iso-Seq","FLAIR","TPM","Kidney","K31",0.874734968888135
"Mouse","Gene level","Iso-Seq","FLAIR","TPM","Kidney","K32",0.847716698895948
"Mouse","Gene level","Iso-Seq","FLAIR","TPM","Kidney","K33",0.865456337722353
"Mouse","Gene level","Iso-Seq","FLAIR","TPM","Kidney","K34",0.882440636924962
"Mouse","Gene level","Iso-Seq","FLAIR","TPM","Kidney","K35",0.896949553332649
"Mouse","Gene level","Iso-Seq","IsoQuant","CPM","B20K80","B20K80_1",0.709401746214472
"Mouse","Gene level","Iso-Seq","IsoQuant","CPM","B20K80","B20K80_2",0.68318547687996
"Mouse","Gene level","Iso-Seq","IsoQuant","CPM","B20K80","B20K80_3",0.665914141726304
"Mouse","Gene level","Iso-Seq","IsoQuant","CPM","B20K80","B20K80_4",0.723651069662568
"Mouse","Gene level","Iso-Seq","IsoQuant","CPM","B20K80","B20K80_5",0.745116257283484
"Mouse","Gene level","Iso-Seq","IsoQuant","CPM","Brain","B31",0.604533814646257
"Mouse","Gene level","Iso-Seq","IsoQuant","CPM","Brain","B32",0.659385592371211
"Mouse","Gene level","Iso-Seq","IsoQuant","CPM","Brain","B33",0.632671427343186
"Mouse","Gene level","Iso-Seq","IsoQuant","CPM","Brain","B34",0.625241758806993
"Mouse","Gene level","Iso-Seq","IsoQuant","CPM","Brain","B35",0.65335031926143
"Mouse","Gene level","Iso-Seq","IsoQuant","CPM","B80K20","B80K20_1",0.68425371586479
"Mouse","Gene level","Iso-Seq","IsoQuant","CPM","B80K20","B80K20_2",0.632534600189685
"Mouse","Gene level","Iso-Seq","IsoQuant","CPM","B80K20","B80K20_3",0.67132027574052
"Mouse","Gene level","Iso-Seq","IsoQuant","CPM","B80K20","B80K20_4",0.631236293072368
"Mouse","Gene level","Iso-Seq","IsoQuant","CPM","B80K20","B80K20_5",0.685915233073937
"Mouse","Gene level","Iso-Seq","IsoQuant","CPM","Kidney","K31",0.719126997127115
"Mouse","Gene level","Iso-Seq","IsoQuant","CPM","Kidney","K32",0.67531320813021
"Mouse","Gene level","Iso-Seq","IsoQuant","CPM","Kidney","K33",0.702054259691773
"Mouse","Gene level","Iso-Seq","IsoQuant","CPM","Kidney","K34",0.764459606243857
"Mouse","Gene level","Iso-Seq","IsoQuant","CPM","Kidney","K35",0.791836824372021
"Mouse","Gene level","Iso-Seq","IsoQuant","CQN","B20K80","B20K80_1",0.645693737757646
"Mouse","Gene level","Iso-Seq","IsoQuant","CQN","B20K80","B20K80_2",0.678308159284985
"Mouse","Gene level","Iso-Seq","IsoQuant","CQN","B20K80","B20K80_3",0.642217266866625
"Mouse","Gene level","Iso-Seq","IsoQuant","CQN","B20K80","B20K80_4",0.632168084753906
"Mouse","Gene level","Iso-Seq","IsoQuant","CQN","B20K80","B20K80_5",0.61513869183878
"Mouse","Gene level","Iso-Seq","IsoQuant","CQN","Brain","B31",0.700565885155185
"Mouse","Gene level","Iso-Seq","IsoQuant","CQN","Brain","B32",0.710482711046338
"Mouse","Gene level","Iso-Seq","IsoQuant","CQN","Brain","B33",0.711243326131604
"Mouse","Gene level","Iso-Seq","IsoQuant","CQN","Brain","B34",0.698822747651803
"Mouse","Gene level","Iso-Seq","IsoQuant","CQN","Brain","B35",0.708831373297112
"Mouse","Gene level","Iso-Seq","IsoQuant","CQN","B80K20","B80K20_1",0.690859519027603
"Mouse","Gene level","Iso-Seq","IsoQuant","CQN","B80K20","B80K20_2",0.681632935973618
"Mouse","Gene level","Iso-Seq","IsoQuant","CQN","B80K20","B80K20_3",0.675455101679109
"Mouse","Gene level","Iso-Seq","IsoQuant","CQN","B80K20","B80K20_4",0.658027062885442
"Mouse","Gene level","Iso-Seq","IsoQuant","CQN","B80K20","B80K20_5",0.667660051585575
"Mouse","Gene level","Iso-Seq","IsoQuant","CQN","Kidney","K31",0.623855436538732
"Mouse","Gene level","Iso-Seq","IsoQuant","CQN","Kidney","K32",0.674258710361296
"Mouse","Gene level","Iso-Seq","IsoQuant","CQN","Kidney","K33",0.636521509598983
"Mouse","Gene level","Iso-Seq","IsoQuant","CQN","Kidney","K34",0.60615376177973
"Mouse","Gene level","Iso-Seq","IsoQuant","CQN","Kidney","K35",0.559920521219546
"Mouse","Gene level","Iso-Seq","IsoQuant","EDASeq","B20K80","B20K80_1",0.641234719142713
"Mouse","Gene level","Iso-Seq","IsoQuant","EDASeq","B20K80","B20K80_2",0.673790603904996
"Mouse","Gene level","Iso-Seq","IsoQuant","EDASeq","B20K80","B20K80_3",0.628224166405755
"Mouse","Gene level","Iso-Seq","IsoQuant","EDASeq","B20K80","B20K80_4",0.638169532486054
"Mouse","Gene level","Iso-Seq","IsoQuant","EDASeq","B20K80","B20K80_5",0.632293305851948
"Mouse","Gene level","Iso-Seq","IsoQuant","EDASeq","Brain","B31",0.653230303646399
"Mouse","Gene level","Iso-Seq","IsoQuant","EDASeq","Brain","B32",0.694267072231651
"Mouse","Gene level","Iso-Seq","IsoQuant","EDASeq","Brain","B33",0.680782825945172
"Mouse","Gene level","Iso-Seq","IsoQuant","EDASeq","Brain","B34",0.653795024290778
"Mouse","Gene level","Iso-Seq","IsoQuant","EDASeq","Brain","B35",0.664955434090772
"Mouse","Gene level","Iso-Seq","IsoQuant","EDASeq","B80K20","B80K20_1",0.687745987346834
"Mouse","Gene level","Iso-Seq","IsoQuant","EDASeq","B80K20","B80K20_2",0.683830101420207
"Mouse","Gene level","Iso-Seq","IsoQuant","EDASeq","B80K20","B80K20_3",0.669073599982399
"Mouse","Gene level","Iso-Seq","IsoQuant","EDASeq","B80K20","B80K20_4",0.64419578805524
"Mouse","Gene level","Iso-Seq","IsoQuant","EDASeq","B80K20","B80K20_5",0.65817186932533
"Mouse","Gene level","Iso-Seq","IsoQuant","EDASeq","Kidney","K31",0.656171514367206
"Mouse","Gene level","Iso-Seq","IsoQuant","EDASeq","Kidney","K32",0.681115374869659
"Mouse","Gene level","Iso-Seq","IsoQuant","EDASeq","Kidney","K33",0.659741194761215
"Mouse","Gene level","Iso-Seq","IsoQuant","EDASeq","Kidney","K34",0.670115409121856
"Mouse","Gene level","Iso-Seq","IsoQuant","EDASeq","Kidney","K35",0.66973285815791594
"Mouse","Gene level","Iso-Seq","IsoQuant","SMR","B20K80","B20K80_1",0.591792889029193
"Mouse","Gene level","Iso-Seq","IsoQuant","SMR","B20K80","B20K80_2",0.661418436703494
"Mouse","Gene level","Iso-Seq","IsoQuant","SMR","B20K80","B20K80_3",0.628036140335928
"Mouse","Gene level","Iso-Seq","IsoQuant","SMR","B20K80","B20K80_4",0.705929497961503
"Mouse","Gene level","Iso-Seq","IsoQuant","SMR","B20K80","B20K80_5",0.706187952073814
"Mouse","Gene level","Iso-Seq","IsoQuant","SMR","Brain","B31",0.474969810838454
"Mouse","Gene level","Iso-Seq","IsoQuant","SMR","Brain","B32",0.74997052163545
"Mouse","Gene level","Iso-Seq","IsoQuant","SMR","Brain","B33",0.702967134021872
"Mouse","Gene level","Iso-Seq","IsoQuant","SMR","Brain","B34",0.688208221654864
"Mouse","Gene level","Iso-Seq","IsoQuant","SMR","Brain","B35",0.721413203799236
"Mouse","Gene level","Iso-Seq","IsoQuant","SMR","B80K20","B80K20_1",0.710304598276274
"Mouse","Gene level","Iso-Seq","IsoQuant","SMR","B80K20","B80K20_2",0.721803325423935
"Mouse","Gene level","Iso-Seq","IsoQuant","SMR","B80K20","B80K20_3",0.500121512278484
"Mouse","Gene level","Iso-Seq","IsoQuant","SMR","B80K20","B80K20_4",0.578094339912852
"Mouse","Gene level","Iso-Seq","IsoQuant","SMR","B80K20","B80K20_5",0.591234331732047
"Mouse","Gene level","Iso-Seq","IsoQuant","SMR","Kidney","K31",0.737056852061973
"Mouse","Gene level","Iso-Seq","IsoQuant","SMR","Kidney","K32",0.716628950684461
"Mouse","Gene level","Iso-Seq","IsoQuant","SMR","Kidney","K33",0.742293125000606
"Mouse","Gene level","Iso-Seq","IsoQuant","SMR","Kidney","K34",0.813970201358903
"Mouse","Gene level","Iso-Seq","IsoQuant","SMR","Kidney","K35",0.836088861230292
"Mouse","Gene level","Iso-Seq","IsoQuant","TPM","B20K80","B20K80_1",0.79594927757973
"Mouse","Gene level","Iso-Seq","IsoQuant","TPM","B20K80","B20K80_2",0.78489734037579
"Mouse","Gene level","Iso-Seq","IsoQuant","TPM","B20K80","B20K80_3",0.763855137280383
"Mouse","Gene level","Iso-Seq","IsoQuant","TPM","B20K80","B20K80_4",0.791583762454648
"Mouse","Gene level","Iso-Seq","IsoQuant","TPM","B20K80","B20K80_5",0.805930876075336
"Mouse","Gene level","Iso-Seq","IsoQuant","TPM","Brain","B31",0.752899624028266
"Mouse","Gene level","Iso-Seq","IsoQuant","TPM","Brain","B32",0.742579193001206
"Mouse","Gene level","Iso-Seq","IsoQuant","TPM","Brain","B33",0.739246053781597
"Mouse","Gene level","Iso-Seq","IsoQuant","TPM","Brain","B34",0.696873492453418
"Mouse","Gene level","Iso-Seq","IsoQuant","TPM","Brain","B35",0.732250227003596
"Mouse","Gene level","Iso-Seq","IsoQuant","TPM","B80K20","B80K20_1",0.751298587620003
"Mouse","Gene level","Iso-Seq","IsoQuant","TPM","B80K20","B80K20_2",0.728444053714658
"Mouse","Gene level","Iso-Seq","IsoQuant","TPM","B80K20","B80K20_3",0.725667039533421
"Mouse","Gene level","Iso-Seq","IsoQuant","TPM","B80K20","B80K20_4",0.715463260474041
"Mouse","Gene level","Iso-Seq","IsoQuant","TPM","B80K20","B80K20_5",0.74503775133627
"Mouse","Gene level","Iso-Seq","IsoQuant","TPM","Kidney","K31",0.835198577288439
"Mouse","Gene level","Iso-Seq","IsoQuant","TPM","Kidney","K32",0.802578559797136
"Mouse","Gene level","Iso-Seq","IsoQuant","TPM","Kidney","K33",0.824113035387286
"Mouse","Gene level","Iso-Seq","IsoQuant","TPM","Kidney","K34",0.834428703958396
"Mouse","Gene level","Iso-Seq","IsoQuant","TPM","Kidney","K35",0.852078423288586
"Mouse","Gene level","Iso-Seq","Kallisto","CPM","B20K80","B20K80_1",0.723671369151502
"Mouse","Gene level","Iso-Seq","Kallisto","CPM","B20K80","B20K80_2",0.692784712207184
"Mouse","Gene level","Iso-Seq","Kallisto","CPM","B20K80","B20K80_3",0.679742401643634
"Mouse","Gene level","Iso-Seq","Kallisto","CPM","B20K80","B20K80_4",0.744772500850177
"Mouse","Gene level","Iso-Seq","Kallisto","CPM","B20K80","B20K80_5",0.765728876401584
"Mouse","Gene level","Iso-Seq","Kallisto","CPM","Brain","B31",0.610814476365067
"Mouse","Gene level","Iso-Seq","Kallisto","CPM","Brain","B32",0.677098725845811
"Mouse","Gene level","Iso-Seq","Kallisto","CPM","Brain","B33",0.647847822859608
"Mouse","Gene level","Iso-Seq","Kallisto","CPM","Brain","B34",0.656585240482426
"Mouse","Gene level","Iso-Seq","Kallisto","CPM","Brain","B35",0.676653665912736
"Mouse","Gene level","Iso-Seq","Kallisto","CPM","B80K20","B80K20_1",0.703858090242716
"Mouse","Gene level","Iso-Seq","Kallisto","CPM","B80K20","B80K20_2",0.640384154381421
"Mouse","Gene level","Iso-Seq","Kallisto","CPM","B80K20","B80K20_3",0.698737712787186
"Mouse","Gene level","Iso-Seq","Kallisto","CPM","B80K20","B80K20_4",0.648691467316589
"Mouse","Gene level","Iso-Seq","Kallisto","CPM","B80K20","B80K20_5",0.71023425329776
"Mouse","Gene level","Iso-Seq","Kallisto","CPM","Kidney","K31",0.725304126759119
"Mouse","Gene level","Iso-Seq","Kallisto","CPM","Kidney","K32",0.684960678537853
"Mouse","Gene level","Iso-Seq","Kallisto","CPM","Kidney","K33",0.707471051710137
"Mouse","Gene level","Iso-Seq","Kallisto","CPM","Kidney","K34",0.784682726514745
"Mouse","Gene level","Iso-Seq","Kallisto","CPM","Kidney","K35",0.812212078084224
"Mouse","Gene level","Iso-Seq","Kallisto","CQN","B20K80","B20K80_1",0.667293874077799
"Mouse","Gene level","Iso-Seq","Kallisto","CQN","B20K80","B20K80_2",0.698766501436476
"Mouse","Gene level","Iso-Seq","Kallisto","CQN","B20K80","B20K80_3",0.664200270232186
"Mouse","Gene level","Iso-Seq","Kallisto","CQN","B20K80","B20K80_4",0.656077565081255
"Mouse","Gene level","Iso-Seq","Kallisto","CQN","B20K80","B20K80_5",0.64007770677897
"Mouse","Gene level","Iso-Seq","Kallisto","CQN","Brain","B31",0.721089649801498
"Mouse","Gene level","Iso-Seq","Kallisto","CQN","Brain","B32",0.749297253593101
"Mouse","Gene level","Iso-Seq","Kallisto","CQN","Brain","B33",0.741824921909434
"Mouse","Gene level","Iso-Seq","Kallisto","CQN","Brain","B34",0.735517175729793
"Mouse","Gene level","Iso-Seq","Kallisto","CQN","Brain","B35",0.73766630141416
"Mouse","Gene level","Iso-Seq","Kallisto","CQN","B80K20","B80K20_1",0.730391623134216
"Mouse","Gene level","Iso-Seq","Kallisto","CQN","B80K20","B80K20_2",0.725039524402996
"Mouse","Gene level","Iso-Seq","Kallisto","CQN","B80K20","B80K20_3",0.718776627094077
"Mouse","Gene level","Iso-Seq","Kallisto","CQN","B80K20","B80K20_4",0.698375744467995
"Mouse","Gene level","Iso-Seq","Kallisto","CQN","B80K20","B80K20_5",0.709798269559696
"Mouse","Gene level","Iso-Seq","Kallisto","CQN","Kidney","K31",0.61415850534456
"Mouse","Gene level","Iso-Seq","Kallisto","CQN","Kidney","K32",0.671860639068204
"Mouse","Gene level","Iso-Seq","Kallisto","CQN","Kidney","K33",0.640955040523772
"Mouse","Gene level","Iso-Seq","Kallisto","CQN","Kidney","K34",0.61880127367784
"Mouse","Gene level","Iso-Seq","Kallisto","CQN","Kidney","K35",0.566195899943822
"Mouse","Gene level","Iso-Seq","Kallisto","EDASeq","B20K80","B20K80_1",0.633794408935734
"Mouse","Gene level","Iso-Seq","Kallisto","EDASeq","B20K80","B20K80_2",0.672524113918791
"Mouse","Gene level","Iso-Seq","Kallisto","EDASeq","B20K80","B20K80_3",0.616827139084027
"Mouse","Gene level","Iso-Seq","Kallisto","EDASeq","B20K80","B20K80_4",0.624417067055744
"Mouse","Gene level","Iso-Seq","Kallisto","EDASeq","B20K80","B20K80_5",0.616841366235899
"Mouse","Gene level","Iso-Seq","Kallisto","EDASeq","Brain","B31",0.673817266725029
"Mouse","Gene level","Iso-Seq","Kallisto","EDASeq","Brain","B32",0.721079191826176
"Mouse","Gene level","Iso-Seq","Kallisto","EDASeq","Brain","B33",0.704418976287309
"Mouse","Gene level","Iso-Seq","Kallisto","EDASeq","Brain","B34",0.680923899940677
"Mouse","Gene level","Iso-Seq","Kallisto","EDASeq","Brain","B35",0.688389590639814
"Mouse","Gene level","Iso-Seq","Kallisto","EDASeq","B80K20","B80K20_1",0.703298556315841
"Mouse","Gene level","Iso-Seq","Kallisto","EDASeq","B80K20","B80K20_2",0.70436612821953
"Mouse","Gene level","Iso-Seq","Kallisto","EDASeq","B80K20","B80K20_3",0.684736963303684
"Mouse","Gene level","Iso-Seq","Kallisto","EDASeq","B80K20","B80K20_4",0.657158348798964
"Mouse","Gene level","Iso-Seq","Kallisto","EDASeq","B80K20","B80K20_5",0.669694016512986
"Mouse","Gene level","Iso-Seq","Kallisto","EDASeq","Kidney","K31",0.632863991054966
"Mouse","Gene level","Iso-Seq","Kallisto","EDASeq","Kidney","K32",0.665056136369632
"Mouse","Gene level","Iso-Seq","Kallisto","EDASeq","Kidney","K33",0.639107507555924
"Mouse","Gene level","Iso-Seq","Kallisto","EDASeq","Kidney","K34",0.643845238875651
"Mouse","Gene level","Iso-Seq","Kallisto","EDASeq","Kidney","K35",0.63959355757868
"Mouse","Gene level","Iso-Seq","Kallisto","SMR","B20K80","B20K80_1",0.698163581777816
"Mouse","Gene level","Iso-Seq","Kallisto","SMR","B20K80","B20K80_2",0.756668851152782
"Mouse","Gene level","Iso-Seq","Kallisto","SMR","B20K80","B20K80_3",0.719581698991118
"Mouse","Gene level","Iso-Seq","Kallisto","SMR","B20K80","B20K80_4",0.790839392747666
"Mouse","Gene level","Iso-Seq","Kallisto","SMR","B20K80","B20K80_5",0.792727533998492
"Mouse","Gene level","Iso-Seq","Kallisto","SMR","Brain","B31",0.519504886131315
"Mouse","Gene level","Iso-Seq","Kallisto","SMR","Brain","B32",0.792485279353005
"Mouse","Gene level","Iso-Seq","Kallisto","SMR","Brain","B33",0.754564895002177
"Mouse","Gene level","Iso-Seq","Kallisto","SMR","Brain","B34",0.76062709964348
"Mouse","Gene level","Iso-Seq","Kallisto","SMR","Brain","B35",0.795582489294742
"Mouse","Gene level","Iso-Seq","Kallisto","SMR","B80K20","B80K20_1",0.763834028756054
"Mouse","Gene level","Iso-Seq","Kallisto","SMR","B80K20","B80K20_2",0.769474831733128
"Mouse","Gene level","Iso-Seq","Kallisto","SMR","B80K20","B80K20_3",0.566385833815503
"Mouse","Gene level","Iso-Seq","Kallisto","SMR","B80K20","B80K20_4",0.63862308724927
"Mouse","Gene level","Iso-Seq","Kallisto","SMR","B80K20","B80K20_5",0.655578538707403
"Mouse","Gene level","Iso-Seq","Kallisto","SMR","Kidney","K31",0.808441669806096
"Mouse","Gene level","Iso-Seq","Kallisto","SMR","Kidney","K32",0.792007226571391
"Mouse","Gene level","Iso-Seq","Kallisto","SMR","Kidney","K33",0.810273222344656
"Mouse","Gene level","Iso-Seq","Kallisto","SMR","Kidney","K34",0.888694564827701
"Mouse","Gene level","Iso-Seq","Kallisto","SMR","Kidney","K35",0.904795267525235
"Mouse","Gene level","Iso-Seq","Kallisto","TPM","B20K80","B20K80_1",0.832621762673876
"Mouse","Gene level","Iso-Seq","Kallisto","TPM","B20K80","B20K80_2",0.815457008860853
"Mouse","Gene level","Iso-Seq","Kallisto","TPM","B20K80","B20K80_3",0.80071335459055
"Mouse","Gene level","Iso-Seq","Kallisto","TPM","B20K80","B20K80_4",0.832168602542035
"Mouse","Gene level","Iso-Seq","Kallisto","TPM","B20K80","B20K80_5",0.845476226896364
"Mouse","Gene level","Iso-Seq","Kallisto","TPM","Brain","B31",0.78006528936986
"Mouse","Gene level","Iso-Seq","Kallisto","TPM","Brain","B32",0.779926036105543
"Mouse","Gene level","Iso-Seq","Kallisto","TPM","Brain","B33",0.772305988911176
"Mouse","Gene level","Iso-Seq","Kallisto","TPM","Brain","B34",0.747717504670148
"Mouse","Gene level","Iso-Seq","Kallisto","TPM","Brain","B35",0.775491007847895
"Mouse","Gene level","Iso-Seq","Kallisto","TPM","B80K20","B80K20_1",0.791523822998213
"Mouse","Gene level","Iso-Seq","Kallisto","TPM","B80K20","B80K20_2",0.759075007211946
"Mouse","Gene level","Iso-Seq","Kallisto","TPM","B80K20","B80K20_3",0.77202922039713
"Mouse","Gene level","Iso-Seq","Kallisto","TPM","B80K20","B80K20_4",0.755854386840303
"Mouse","Gene level","Iso-Seq","Kallisto","TPM","B80K20","B80K20_5",0.78933012345168
"Mouse","Gene level","Iso-Seq","Kallisto","TPM","Kidney","K31",0.860970522484874
"Mouse","Gene level","Iso-Seq","Kallisto","TPM","Kidney","K32",0.82723398361726
"Mouse","Gene level","Iso-Seq","Kallisto","TPM","Kidney","K33",0.849878455291334
"Mouse","Gene level","Iso-Seq","Kallisto","TPM","Kidney","K34",0.871814144601306
"Mouse","Gene level","Iso-Seq","Kallisto","TPM","Kidney","K35",0.889078121042372
"Mouse","Gene level","Iso-Seq","Oarfish","CPM","B20K80","B20K80_1",0.779763160205267
"Mouse","Gene level","Iso-Seq","Oarfish","CPM","B20K80","B20K80_2",0.755540110460834
"Mouse","Gene level","Iso-Seq","Oarfish","CPM","B20K80","B20K80_3",0.74243829428537
"Mouse","Gene level","Iso-Seq","Oarfish","CPM","B20K80","B20K80_4",0.793792802544762
"Mouse","Gene level","Iso-Seq","Oarfish","CPM","B20K80","B20K80_5",0.810640093649756
"Mouse","Gene level","Iso-Seq","Oarfish","CPM","Brain","B31",0.671336055449581
"Mouse","Gene level","Iso-Seq","Oarfish","CPM","Brain","B32",0.73704877540681
"Mouse","Gene level","Iso-Seq","Oarfish","CPM","Brain","B33",0.715098472892285
"Mouse","Gene level","Iso-Seq","Oarfish","CPM","Brain","B34",0.720324854542935
"Mouse","Gene level","Iso-Seq","Oarfish","CPM","Brain","B35",0.743101665808697
"Mouse","Gene level","Iso-Seq","Oarfish","CPM","B80K20","B80K20_1",0.764630230734164
"Mouse","Gene level","Iso-Seq","Oarfish","CPM","B80K20","B80K20_2",0.70662476754082
"Mouse","Gene level","Iso-Seq","Oarfish","CPM","B80K20","B80K20_3",0.759616654772114
"Mouse","Gene level","Iso-Seq","Oarfish","CPM","B80K20","B80K20_4",0.715987610176668
"Mouse","Gene level","Iso-Seq","Oarfish","CPM","B80K20","B80K20_5",0.767294363066917
"Mouse","Gene level","Iso-Seq","Oarfish","CPM","Kidney","K31",0.76836015830669
"Mouse","Gene level","Iso-Seq","Oarfish","CPM","Kidney","K32",0.738616976414491
"Mouse","Gene level","Iso-Seq","Oarfish","CPM","Kidney","K33",0.755893373798853
"Mouse","Gene level","Iso-Seq","Oarfish","CPM","Kidney","K34",0.822422091765193
"Mouse","Gene level","Iso-Seq","Oarfish","CPM","Kidney","K35",0.842846971394268
"Mouse","Gene level","Iso-Seq","Oarfish","CQN","B20K80","B20K80_1",0.727956628065841
"Mouse","Gene level","Iso-Seq","Oarfish","CQN","B20K80","B20K80_2",0.761811143481473
"Mouse","Gene level","Iso-Seq","Oarfish","CQN","B20K80","B20K80_3",0.724378128250511
"Mouse","Gene level","Iso-Seq","Oarfish","CQN","B20K80","B20K80_4",0.71884949814529
"Mouse","Gene level","Iso-Seq","Oarfish","CQN","B20K80","B20K80_5",0.70254891315853
"Mouse","Gene level","Iso-Seq","Oarfish","CQN","Brain","B31",0.761685863828065
"Mouse","Gene level","Iso-Seq","Oarfish","CQN","Brain","B32",0.795645785551306
"Mouse","Gene level","Iso-Seq","Oarfish","CQN","Brain","B33",0.786753277558181
"Mouse","Gene level","Iso-Seq","Oarfish","CQN","Brain","B34",0.776946520891372
"Mouse","Gene level","Iso-Seq","Oarfish","CQN","Brain","B35",0.786561315639848
"Mouse","Gene level","Iso-Seq","Oarfish","CQN","B80K20","B80K20_1",0.782727854120839
"Mouse","Gene level","Iso-Seq","Oarfish","CQN","B80K20","B80K20_2",0.777778238237563
"Mouse","Gene level","Iso-Seq","Oarfish","CQN","B80K20","B80K20_3",0.772296830193466
"Mouse","Gene level","Iso-Seq","Oarfish","CQN","B80K20","B80K20_4",0.752881157374229
"Mouse","Gene level","Iso-Seq","Oarfish","CQN","B80K20","B80K20_5",0.762447491867912
"Mouse","Gene level","Iso-Seq","Oarfish","CQN","Kidney","K31",0.64529732690799
"Mouse","Gene level","Iso-Seq","Oarfish","CQN","Kidney","K32",0.702368538396183
"Mouse","Gene level","Iso-Seq","Oarfish","CQN","Kidney","K33",0.659834223909109
"Mouse","Gene level","Iso-Seq","Oarfish","CQN","Kidney","K34",0.645761161364246
"Mouse","Gene level","Iso-Seq","Oarfish","CQN","Kidney","K35",0.603739427250399
"Mouse","Gene level","Iso-Seq","Oarfish","EDASeq","B20K80","B20K80_1",0.708169735027985
"Mouse","Gene level","Iso-Seq","Oarfish","EDASeq","B20K80","B20K80_2",0.738630378071888
"Mouse","Gene level","Iso-Seq","Oarfish","EDASeq","B20K80","B20K80_3",0.693124149374477
"Mouse","Gene level","Iso-Seq","Oarfish","EDASeq","B20K80","B20K80_4",0.702966898999232
"Mouse","Gene level","Iso-Seq","Oarfish","EDASeq","B20K80","B20K80_5",0.701612157107078
"Mouse","Gene level","Iso-Seq","Oarfish","EDASeq","Brain","B31",0.725703052666906
"Mouse","Gene level","Iso-Seq","Oarfish","EDASeq","Brain","B32",0.775858073994757
"Mouse","Gene level","Iso-Seq","Oarfish","EDASeq","Brain","B33",0.760890711026451
"Mouse","Gene level","Iso-Seq","Oarfish","EDASeq","Brain","B34",0.740256682435946
"Mouse","Gene level","Iso-Seq","Oarfish","EDASeq","Brain","B35",0.75025167751981
"Mouse","Gene level","Iso-Seq","Oarfish","EDASeq","B80K20","B80K20_1",0.766542182375479
"Mouse","Gene level","Iso-Seq","Oarfish","EDASeq","B80K20","B80K20_2",0.763608231838935
"Mouse","Gene level","Iso-Seq","Oarfish","EDASeq","B80K20","B80K20_3",0.751877819196017
"Mouse","Gene level","Iso-Seq","Oarfish","EDASeq","B80K20","B80K20_4",0.723988156181851
"Mouse","Gene level","Iso-Seq","Oarfish","EDASeq","B80K20","B80K20_5",0.738721095351758
"Mouse","Gene level","Iso-Seq","Oarfish","EDASeq","Kidney","K31",0.690648078345445
"Mouse","Gene level","Iso-Seq","Oarfish","EDASeq","Kidney","K32",0.718937956673571
"Mouse","Gene level","Iso-Seq","Oarfish","EDASeq","Kidney","K33",0.697257183557226
"Mouse","Gene level","Iso-Seq","Oarfish","EDASeq","Kidney","K34",0.712089636347832
"Mouse","Gene level","Iso-Seq","Oarfish","EDASeq","Kidney","K35",0.70837106526963
"Mouse","Gene level","Iso-Seq","Oarfish","SMR","B20K80","B20K80_1",0.714069220434244
"Mouse","Gene level","Iso-Seq","Oarfish","SMR","B20K80","B20K80_2",0.778112265517885
"Mouse","Gene level","Iso-Seq","Oarfish","SMR","B20K80","B20K80_3",0.747025608390759
"Mouse","Gene level","Iso-Seq","Oarfish","SMR","B20K80","B20K80_4",0.796626699192797
"Mouse","Gene level","Iso-Seq","Oarfish","SMR","B20K80","B20K80_5",0.798874291966377
"Mouse","Gene level","Iso-Seq","Oarfish","SMR","Brain","B31",0.501185549602583
"Mouse","Gene level","Iso-Seq","Oarfish","SMR","Brain","B32",0.807031818956939
"Mouse","Gene level","Iso-Seq","Oarfish","SMR","Brain","B33",0.757896067299062
"Mouse","Gene level","Iso-Seq","Oarfish","SMR","Brain","B34",0.739404580426773
"Mouse","Gene level","Iso-Seq","Oarfish","SMR","Brain","B35",0.792047949542749
"Mouse","Gene level","Iso-Seq","Oarfish","SMR","B80K20","B80K20_1",0.763706696154925
"Mouse","Gene level","Iso-Seq","Oarfish","SMR","B80K20","B80K20_2",0.775530924527681
"Mouse","Gene level","Iso-Seq","Oarfish","SMR","B80K20","B80K20_3",0.557471947747338
"Mouse","Gene level","Iso-Seq","Oarfish","SMR","B80K20","B80K20_4",0.634151237946168
"Mouse","Gene level","Iso-Seq","Oarfish","SMR","B80K20","B80K20_5",0.651905808038078
"Mouse","Gene level","Iso-Seq","Oarfish","SMR","Kidney","K31",0.810270809492259
"Mouse","Gene level","Iso-Seq","Oarfish","SMR","Kidney","K32",0.804545639053302
"Mouse","Gene level","Iso-Seq","Oarfish","SMR","Kidney","K33",0.823101468676305
"Mouse","Gene level","Iso-Seq","Oarfish","SMR","Kidney","K34",0.897871705407766
"Mouse","Gene level","Iso-Seq","Oarfish","SMR","Kidney","K35",0.910822029453183
"Mouse","Gene level","Iso-Seq","Oarfish","TPM","B20K80","B20K80_1",0.864025792690376
"Mouse","Gene level","Iso-Seq","Oarfish","TPM","B20K80","B20K80_2",0.856060882121296
"Mouse","Gene level","Iso-Seq","Oarfish","TPM","B20K80","B20K80_3",0.836392641139054
"Mouse","Gene level","Iso-Seq","Oarfish","TPM","B20K80","B20K80_4",0.857067004811961
"Mouse","Gene level","Iso-Seq","Oarfish","TPM","B20K80","B20K80_5",0.867586544646519
"Mouse","Gene level","Iso-Seq","Oarfish","TPM","Brain","B31",0.823651871774278
"Mouse","Gene level","Iso-Seq","Oarfish","TPM","Brain","B32",0.824529774545887
"Mouse","Gene level","Iso-Seq","Oarfish","TPM","Brain","B33",0.820383226506934
"Mouse","Gene level","Iso-Seq","Oarfish","TPM","Brain","B34",0.786770216250684
"Mouse","Gene level","Iso-Seq","Oarfish","TPM","Brain","B35",0.816551491489898
"Mouse","Gene level","Iso-Seq","Oarfish","TPM","B80K20","B80K20_1",0.828667272316023
"Mouse","Gene level","Iso-Seq","Oarfish","TPM","B80K20","B80K20_2",0.807674325416505
"Mouse","Gene level","Iso-Seq","Oarfish","TPM","B80K20","B80K20_3",0.806993597480262
"Mouse","Gene level","Iso-Seq","Oarfish","TPM","B80K20","B80K20_4",0.796360309371097
"Mouse","Gene level","Iso-Seq","Oarfish","TPM","B80K20","B80K20_5",0.821012548778808
"Mouse","Gene level","Iso-Seq","Oarfish","TPM","Kidney","K31",0.891398135311361
"Mouse","Gene level","Iso-Seq","Oarfish","TPM","Kidney","K32",0.865717714507432
"Mouse","Gene level","Iso-Seq","Oarfish","TPM","Kidney","K33",0.881796700758296
"Mouse","Gene level","Iso-Seq","Oarfish","TPM","Kidney","K34",0.893165456978854
"Mouse","Gene level","Iso-Seq","Oarfish","TPM","Kidney","K35",0.905886495810385
"Mouse","Gene level","Kinnex","Bambu","CPM","B20K80","B20K80_1",0.871049066618499
"Mouse","Gene level","Kinnex","Bambu","CPM","B20K80","B20K80_2",0.877322110200184
"Mouse","Gene level","Kinnex","Bambu","CPM","B20K80","B20K80_3",0.879874869888212
"Mouse","Gene level","Kinnex","Bambu","CPM","Brain","B31",0.844163136005387
"Mouse","Gene level","Kinnex","Bambu","CPM","Brain","B32",0.850221528409398
"Mouse","Gene level","Kinnex","Bambu","CPM","Brain","B33",0.893890362999157
"Mouse","Gene level","Kinnex","Bambu","CPM","Kidney","K31",0.900908044590474
"Mouse","Gene level","Kinnex","Bambu","CPM","Kidney","K32",0.877178976193088
"Mouse","Gene level","Kinnex","Bambu","CPM","Kidney","K33",0.87735044445927
"Mouse","Gene level","Kinnex","Bambu","CQN","B20K80","B20K80_1",0.828144367740427
"Mouse","Gene level","Kinnex","Bambu","CQN","B20K80","B20K80_2",0.851093624621432
"Mouse","Gene level","Kinnex","Bambu","CQN","B20K80","B20K80_3",0.829956090797146
"Mouse","Gene level","Kinnex","Bambu","CQN","Brain","B31",0.856388376750295
"Mouse","Gene level","Kinnex","Bambu","CQN","Brain","B32",0.876961340210475
"Mouse","Gene level","Kinnex","Bambu","CQN","Brain","B33",0.877971220252563
"Mouse","Gene level","Kinnex","Bambu","CQN","Kidney","K31",0.769580037473847
"Mouse","Gene level","Kinnex","Bambu","CQN","Kidney","K32",0.81460213617731
"Mouse","Gene level","Kinnex","Bambu","CQN","Kidney","K33",0.779396446265288
"Mouse","Gene level","Kinnex","Bambu","EDASeq","B20K80","B20K80_1",0.826979844095541
"Mouse","Gene level","Kinnex","Bambu","EDASeq","B20K80","B20K80_2",0.8510232981484
"Mouse","Gene level","Kinnex","Bambu","EDASeq","B20K80","B20K80_3",0.83030215363393
"Mouse","Gene level","Kinnex","Bambu","EDASeq","Brain","B31",0.840956859143468
"Mouse","Gene level","Kinnex","Bambu","EDASeq","Brain","B32",0.86421098620217
"Mouse","Gene level","Kinnex","Bambu","EDASeq","Brain","B33",0.87943811319486
"Mouse","Gene level","Kinnex","Bambu","EDASeq","Kidney","K31",0.807043446953112
"Mouse","Gene level","Kinnex","Bambu","EDASeq","Kidney","K32",0.82716574695412
"Mouse","Gene level","Kinnex","Bambu","EDASeq","Kidney","K33",0.794677524461683
"Mouse","Gene level","Kinnex","Bambu","SMR","B20K80","B20K80_1",0.726183984864922
"Mouse","Gene level","Kinnex","Bambu","SMR","B20K80","B20K80_2",0.744670449093959
"Mouse","Gene level","Kinnex","Bambu","SMR","B20K80","B20K80_3",0.765116919460929
"Mouse","Gene level","Kinnex","Bambu","SMR","Brain","B31",0.867782668508993
"Mouse","Gene level","Kinnex","Bambu","SMR","Brain","B32",0.871342972500202
"Mouse","Gene level","Kinnex","Bambu","SMR","Brain","B33",0.818358642749065
"Mouse","Gene level","Kinnex","Bambu","SMR","Kidney","K31",0.884902283744493
"Mouse","Gene level","Kinnex","Bambu","SMR","Kidney","K32",0.878898782182152
"Mouse","Gene level","Kinnex","Bambu","SMR","Kidney","K33",0.868589863501729
"Mouse","Gene level","Kinnex","Bambu","TPM","B20K80","B20K80_1",0.909763350096436
"Mouse","Gene level","Kinnex","Bambu","TPM","B20K80","B20K80_2",0.905549571810215
"Mouse","Gene level","Kinnex","Bambu","TPM","B20K80","B20K80_3",0.912088794840424
"Mouse","Gene level","Kinnex","Bambu","TPM","Brain","B31",0.895762333790893
"Mouse","Gene level","Kinnex","Bambu","TPM","Brain","B32",0.87675670947545
"Mouse","Gene level","Kinnex","Bambu","TPM","Brain","B33",0.887763134427343
"Mouse","Gene level","Kinnex","Bambu","TPM","Kidney","K31",0.940142437383811
"Mouse","Gene level","Kinnex","Bambu","TPM","Kidney","K32",0.922367148095023
"Mouse","Gene level","Kinnex","Bambu","TPM","Kidney","K33",0.930420499522826
"Mouse","Gene level","Kinnex","FLAIR","CPM","B20K80","B20K80_1",0.87627762874996
"Mouse","Gene level","Kinnex","FLAIR","CPM","B20K80","B20K80_2",0.883020556852514
"Mouse","Gene level","Kinnex","FLAIR","CPM","B20K80","B20K80_3",0.885521091763704
"Mouse","Gene level","Kinnex","FLAIR","CPM","Brain","B31",0.849986315016415
"Mouse","Gene level","Kinnex","FLAIR","CPM","Brain","B32",0.858650424768755
"Mouse","Gene level","Kinnex","FLAIR","CPM","Brain","B33",0.899155657045126
"Mouse","Gene level","Kinnex","FLAIR","CPM","Kidney","K31",0.898427585574195
"Mouse","Gene level","Kinnex","FLAIR","CPM","Kidney","K32",0.871667960666959
"Mouse","Gene level","Kinnex","FLAIR","CPM","Kidney","K33",0.871749633857988
"Mouse","Gene level","Kinnex","FLAIR","CQN","B20K80","B20K80_1",0.864909177320376
"Mouse","Gene level","Kinnex","FLAIR","CQN","B20K80","B20K80_2",0.875249665666928
"Mouse","Gene level","Kinnex","FLAIR","CQN","B20K80","B20K80_3",0.86291211124981
"Mouse","Gene level","Kinnex","FLAIR","CQN","Brain","B31",0.859901560597448
"Mouse","Gene level","Kinnex","FLAIR","CQN","Brain","B32",0.858475428662969
"Mouse","Gene level","Kinnex","FLAIR","CQN","Brain","B33",0.868400283626039
"Mouse","Gene level","Kinnex","FLAIR","CQN","Kidney","K31",0.780527258841827
"Mouse","Gene level","Kinnex","FLAIR","CQN","Kidney","K32",0.824678085200507
"Mouse","Gene level","Kinnex","FLAIR","CQN","Kidney","K33",0.790005630644347
"Mouse","Gene level","Kinnex","FLAIR","EDASeq","B20K80","B20K80_1",0.889869752865981
"Mouse","Gene level","Kinnex","FLAIR","EDASeq","B20K80","B20K80_2",0.895966527307919
"Mouse","Gene level","Kinnex","FLAIR","EDASeq","B20K80","B20K80_3",0.891074938379152
"Mouse","Gene level","Kinnex","FLAIR","EDASeq","Brain","B31",0.874095084301373
"Mouse","Gene level","Kinnex","FLAIR","EDASeq","Brain","B32",0.877179180168868
"Mouse","Gene level","Kinnex","FLAIR","EDASeq","Brain","B33",0.895878618825928
"Mouse","Gene level","Kinnex","FLAIR","EDASeq","Kidney","K31",0.899309421422124
"Mouse","Gene level","Kinnex","FLAIR","EDASeq","Kidney","K32",0.896028768421445
"Mouse","Gene level","Kinnex","FLAIR","EDASeq","Kidney","K33",0.890903255713505
"Mouse","Gene level","Kinnex","FLAIR","SMR","B20K80","B20K80_1",0.73875204051908006
"Mouse","Gene level","Kinnex","FLAIR","SMR","B20K80","B20K80_2",0.758286967304236
"Mouse","Gene level","Kinnex","FLAIR","SMR","B20K80","B20K80_3",0.774736806222734
"Mouse","Gene level","Kinnex","FLAIR","SMR","Brain","B31",0.874117076294008
"Mouse","Gene level","Kinnex","FLAIR","SMR","Brain","B32",0.881015858047676
"Mouse","Gene level","Kinnex","FLAIR","SMR","Brain","B33",0.82522428603914
"Mouse","Gene level","Kinnex","FLAIR","SMR","Kidney","K31",0.88279628243757
"Mouse","Gene level","Kinnex","FLAIR","SMR","Kidney","K32",0.877592506073206
"Mouse","Gene level","Kinnex","FLAIR","SMR","Kidney","K33",0.864310012024518
"Mouse","Gene level","Kinnex","FLAIR","TPM","B20K80","B20K80_1",0.905752083730557
"Mouse","Gene level","Kinnex","FLAIR","TPM","B20K80","B20K80_2",0.9059169311201
"Mouse","Gene level","Kinnex","FLAIR","TPM","B20K80","B20K80_3",0.907566803266689
"Mouse","Gene level","Kinnex","FLAIR","TPM","Brain","B31",0.892261492032342
"Mouse","Gene level","Kinnex","FLAIR","TPM","Brain","B32",0.884297356195596
"Mouse","Gene level","Kinnex","FLAIR","TPM","Brain","B33",0.896233022984003
"Mouse","Gene level","Kinnex","FLAIR","TPM","Kidney","K31",0.925706155165816
"Mouse","Gene level","Kinnex","FLAIR","TPM","Kidney","K32",0.911669041863032
"Mouse","Gene level","Kinnex","FLAIR","TPM","Kidney","K33",0.915685922116549
"Mouse","Gene level","Kinnex","IsoQuant","CPM","B20K80","B20K80_1",0.821827790261896
"Mouse","Gene level","Kinnex","IsoQuant","CPM","B20K80","B20K80_2",0.825569868735406
"Mouse","Gene level","Kinnex","IsoQuant","CPM","B20K80","B20K80_3",0.828972125599261
"Mouse","Gene level","Kinnex","IsoQuant","CPM","Brain","B31",0.796284380862316
"Mouse","Gene level","Kinnex","IsoQuant","CPM","Brain","B32",0.788941145289362
"Mouse","Gene level","Kinnex","IsoQuant","CPM","Brain","B33",0.828266690562335
"Mouse","Gene level","Kinnex","IsoQuant","CPM","Kidney","K31",0.85968734131737
"Mouse","Gene level","Kinnex","IsoQuant","CPM","Kidney","K32",0.833889676663404
"Mouse","Gene level","Kinnex","IsoQuant","CPM","Kidney","K33",0.839651828670345
"Mouse","Gene level","Kinnex","IsoQuant","CQN","B20K80","B20K80_1",0.780458339229767
"Mouse","Gene level","Kinnex","IsoQuant","CQN","B20K80","B20K80_2",0.801690212701924
"Mouse","Gene level","Kinnex","IsoQuant","CQN","B20K80","B20K80_3",0.783577113862191
"Mouse","Gene level","Kinnex","IsoQuant","CQN","Brain","B31",0.805879267332574
"Mouse","Gene level","Kinnex","IsoQuant","CQN","Brain","B32",0.803801099351236
"Mouse","Gene level","Kinnex","IsoQuant","CQN","Brain","B33",0.811121908689104
"Mouse","Gene level","Kinnex","IsoQuant","CQN","Kidney","K31",0.693813832034317
"Mouse","Gene level","Kinnex","IsoQuant","CQN","Kidney","K32",0.75243386362652
"Mouse","Gene level","Kinnex","IsoQuant","CQN","Kidney","K33",0.713318840125074
"Mouse","Gene level","Kinnex","IsoQuant","EDASeq","B20K80","B20K80_1",0.804779845393356
"Mouse","Gene level","Kinnex","IsoQuant","EDASeq","B20K80","B20K80_2",0.819192025047096
"Mouse","Gene level","Kinnex","IsoQuant","EDASeq","B20K80","B20K80_3",0.807943674145312
"Mouse","Gene level","Kinnex","IsoQuant","EDASeq","Brain","B31",0.805650818571378
"Mouse","Gene level","Kinnex","IsoQuant","EDASeq","Brain","B32",0.803187967926535
"Mouse","Gene level","Kinnex","IsoQuant","EDASeq","Brain","B33",0.819521823641209
"Mouse","Gene level","Kinnex","IsoQuant","EDASeq","Kidney","K31",0.815302106293921
"Mouse","Gene level","Kinnex","IsoQuant","EDASeq","Kidney","K32",0.827194388612995
"Mouse","Gene level","Kinnex","IsoQuant","EDASeq","Kidney","K33",0.813061962757321
"Mouse","Gene level","Kinnex","IsoQuant","SMR","B20K80","B20K80_1",0.584186801984622
"Mouse","Gene level","Kinnex","IsoQuant","SMR","B20K80","B20K80_2",0.579510763622567
"Mouse","Gene level","Kinnex","IsoQuant","SMR","B20K80","B20K80_3",0.627362635002643
"Mouse","Gene level","Kinnex","IsoQuant","SMR","Brain","B31",0.777024384848466
"Mouse","Gene level","Kinnex","IsoQuant","SMR","Brain","B32",0.787869417710229
"Mouse","Gene level","Kinnex","IsoQuant","SMR","Brain","B33",0.710909260491278
"Mouse","Gene level","Kinnex","IsoQuant","SMR","Kidney","K31",0.788775048593044
"Mouse","Gene level","Kinnex","IsoQuant","SMR","Kidney","K32",0.76539286257128
"Mouse","Gene level","Kinnex","IsoQuant","SMR","Kidney","K33",0.770247196615688
"Mouse","Gene level","Kinnex","IsoQuant","TPM","B20K80","B20K80_1",0.839311010078892
"Mouse","Gene level","Kinnex","IsoQuant","TPM","B20K80","B20K80_2",0.834793608292355
"Mouse","Gene level","Kinnex","IsoQuant","TPM","B20K80","B20K80_3",0.839733506293007
"Mouse","Gene level","Kinnex","IsoQuant","TPM","Brain","B31",0.829632633483189
"Mouse","Gene level","Kinnex","IsoQuant","TPM","Brain","B32",0.800448475440638
"Mouse","Gene level","Kinnex","IsoQuant","TPM","Brain","B33",0.809400231318903
"Mouse","Gene level","Kinnex","IsoQuant","TPM","Kidney","K31",0.876551621984944
"Mouse","Gene level","Kinnex","IsoQuant","TPM","Kidney","K32",0.863291726774482
"Mouse","Gene level","Kinnex","IsoQuant","TPM","Kidney","K33",0.872939700411239
"Mouse","Gene level","Kinnex","Kallisto","CPM","B20K80","B20K80_1",0.849337187318786
"Mouse","Gene level","Kinnex","Kallisto","CPM","B20K80","B20K80_2",0.856492193582824
"Mouse","Gene level","Kinnex","Kallisto","CPM","B20K80","B20K80_3",0.861550568787853
"Mouse","Gene level","Kinnex","Kallisto","CPM","Brain","B31",0.818343549159529
"Mouse","Gene level","Kinnex","Kallisto","CPM","Brain","B32",0.827681129476445
"Mouse","Gene level","Kinnex","Kallisto","CPM","Brain","B33",0.878378093499782
"Mouse","Gene level","Kinnex","Kallisto","CPM","Kidney","K31",0.884397703570284
"Mouse","Gene level","Kinnex","Kallisto","CPM","Kidney","K32",0.857932515218802
"Mouse","Gene level","Kinnex","Kallisto","CPM","Kidney","K33",0.857276214418466
"Mouse","Gene level","Kinnex","Kallisto","CQN","B20K80","B20K80_1",0.806822538008739
"Mouse","Gene level","Kinnex","Kallisto","CQN","B20K80","B20K80_2",0.833204999025972
"Mouse","Gene level","Kinnex","Kallisto","CQN","B20K80","B20K80_3",0.808644537276179
"Mouse","Gene level","Kinnex","Kallisto","CQN","Brain","B31",0.84390978640756
"Mouse","Gene level","Kinnex","Kallisto","CQN","Brain","B32",0.862633226843367
"Mouse","Gene level","Kinnex","Kallisto","CQN","Brain","B33",0.86314832732615
"Mouse","Gene level","Kinnex","Kallisto","CQN","Kidney","K31",0.746616748262357
"Mouse","Gene level","Kinnex","Kallisto","CQN","Kidney","K32",0.801490358250529
"Mouse","Gene level","Kinnex","Kallisto","CQN","Kidney","K33",0.763250084176951
"Mouse","Gene level","Kinnex","Kallisto","EDASeq","B20K80","B20K80_1",0.800516391908698
"Mouse","Gene level","Kinnex","Kallisto","EDASeq","B20K80","B20K80_2",0.827926259305405
"Mouse","Gene level","Kinnex","Kallisto","EDASeq","B20K80","B20K80_3",0.802302638374128
"Mouse","Gene level","Kinnex","Kallisto","EDASeq","Brain","B31",0.824539560506136
"Mouse","Gene level","Kinnex","Kallisto","EDASeq","Brain","B32",0.847128622836421
"Mouse","Gene level","Kinnex","Kallisto","EDASeq","Brain","B33",0.861147942399081
"Mouse","Gene level","Kinnex","Kallisto","EDASeq","Kidney","K31",0.776134867783071
"Mouse","Gene level","Kinnex","Kallisto","EDASeq","Kidney","K32",0.805251877765392
"Mouse","Gene level","Kinnex","Kallisto","EDASeq","Kidney","K33",0.773797176524191
"Mouse","Gene level","Kinnex","Kallisto","SMR","B20K80","B20K80_1",0.71669721943499
"Mouse","Gene level","Kinnex","Kallisto","SMR","B20K80","B20K80_2",0.726504134706545
"Mouse","Gene level","Kinnex","Kallisto","SMR","B20K80","B20K80_3",0.760459166619869
"Mouse","Gene level","Kinnex","Kallisto","SMR","Brain","B31",0.863816271304354
"Mouse","Gene level","Kinnex","Kallisto","SMR","Brain","B32",0.869854389617413
"Mouse","Gene level","Kinnex","Kallisto","SMR","Brain","B33",0.820153939180594
"Mouse","Gene level","Kinnex","Kallisto","SMR","Kidney","K31",0.882687377885567
"Mouse","Gene level","Kinnex","Kallisto","SMR","Kidney","K32",0.874232119784918
"Mouse","Gene level","Kinnex","Kallisto","SMR","Kidney","K33",0.859872315938553
"Mouse","Gene level","Kinnex","Kallisto","TPM","B20K80","B20K80_1",0.903524365067509
"Mouse","Gene level","Kinnex","Kallisto","TPM","B20K80","B20K80_2",0.899628658054259
"Mouse","Gene level","Kinnex","Kallisto","TPM","B20K80","B20K80_3",0.907992155174186
"Mouse","Gene level","Kinnex","Kallisto","TPM","Brain","B31",0.885470500585972
"Mouse","Gene level","Kinnex","Kallisto","TPM","Brain","B32",0.869762197853274
"Mouse","Gene level","Kinnex","Kallisto","TPM","Brain","B33",0.888551660141325
"Mouse","Gene level","Kinnex","Kallisto","TPM","Kidney","K31",0.935247214087131
"Mouse","Gene level","Kinnex","Kallisto","TPM","Kidney","K32",0.915662858913229
"Mouse","Gene level","Kinnex","Kallisto","TPM","Kidney","K33",0.923088604151145
"Mouse","Gene level","Kinnex","Oarfish","CPM","B20K80","B20K80_1",0.887275240560322
"Mouse","Gene level","Kinnex","Oarfish","CPM","B20K80","B20K80_2",0.891156687284229
"Mouse","Gene level","Kinnex","Oarfish","CPM","B20K80","B20K80_3",0.896295615671527
"Mouse","Gene level","Kinnex","Oarfish","CPM","Brain","B31",0.862843218251581
"Mouse","Gene level","Kinnex","Oarfish","CPM","Brain","B32",0.868359696197198
"Mouse","Gene level","Kinnex","Oarfish","CPM","Brain","B33",0.907660924986323
"Mouse","Gene level","Kinnex","Oarfish","CPM","Kidney","K31",0.911291800883747
"Mouse","Gene level","Kinnex","Oarfish","CPM","Kidney","K32",0.889374196273023
"Mouse","Gene level","Kinnex","Oarfish","CPM","Kidney","K33",0.890464988295739
"Mouse","Gene level","Kinnex","Oarfish","CQN","B20K80","B20K80_1",0.844199670163921
"Mouse","Gene level","Kinnex","Oarfish","CQN","B20K80","B20K80_2",0.86224214347093
"Mouse","Gene level","Kinnex","Oarfish","CQN","B20K80","B20K80_3",0.844753082018849
"Mouse","Gene level","Kinnex","Oarfish","CQN","Brain","B31",0.868547967918955
"Mouse","Gene level","Kinnex","Oarfish","CQN","Brain","B32",0.887991033600635
"Mouse","Gene level","Kinnex","Oarfish","CQN","Brain","B33",0.888600364715769
"Mouse","Gene level","Kinnex","Oarfish","CQN","Kidney","K31",0.779354713583521
"Mouse","Gene level","Kinnex","Oarfish","CQN","Kidney","K32",0.821904241421303
"Mouse","Gene level","Kinnex","Oarfish","CQN","Kidney","K33",0.791492476948112
"Mouse","Gene level","Kinnex","Oarfish","EDASeq","B20K80","B20K80_1",0.869961171446906
"Mouse","Gene level","Kinnex","Oarfish","EDASeq","B20K80","B20K80_2",0.884381421600711
"Mouse","Gene level","Kinnex","Oarfish","EDASeq","B20K80","B20K80_3",0.876712914855242
"Mouse","Gene level","Kinnex","Oarfish","EDASeq","Brain","B31",0.878443050518884
"Mouse","Gene level","Kinnex","Oarfish","EDASeq","Brain","B32",0.891577022097785
"Mouse","Gene level","Kinnex","Oarfish","EDASeq","Brain","B33",0.906735436965434
"Mouse","Gene level","Kinnex","Oarfish","EDASeq","Kidney","K31",0.859533382354995
"Mouse","Gene level","Kinnex","Oarfish","EDASeq","Kidney","K32",0.866854369196425
"Mouse","Gene level","Kinnex","Oarfish","EDASeq","Kidney","K33",0.853035647870751
"Mouse","Gene level","Kinnex","Oarfish","SMR","B20K80","B20K80_1",0.771348381425596
"Mouse","Gene level","Kinnex","Oarfish","SMR","B20K80","B20K80_2",0.786116943747649
"Mouse","Gene level","Kinnex","Oarfish","SMR","B20K80","B20K80_3",0.804038447696606
"Mouse","Gene level","Kinnex","Oarfish","SMR","Brain","B31",0.887720961869691
"Mouse","Gene level","Kinnex","Oarfish","SMR","Brain","B32",0.890425056122413
"Mouse","Gene level","Kinnex","Oarfish","SMR","Brain","B33",0.843248667656425
"Mouse","Gene level","Kinnex","Oarfish","SMR","Kidney","K31",0.901262258535539
"Mouse","Gene level","Kinnex","Oarfish","SMR","Kidney","K32",0.895830697782673
"Mouse","Gene level","Kinnex","Oarfish","SMR","Kidney","K33",0.888706185874673
"Mouse","Gene level","Kinnex","Oarfish","TPM","B20K80","B20K80_1",0.922246085472942
"Mouse","Gene level","Kinnex","Oarfish","TPM","B20K80","B20K80_2",0.917532806053826
"Mouse","Gene level","Kinnex","Oarfish","TPM","B20K80","B20K80_3",0.924189728030826
"Mouse","Gene level","Kinnex","Oarfish","TPM","Brain","B31",0.912565137460824
"Mouse","Gene level","Kinnex","Oarfish","TPM","Brain","B32",0.896481310160783
"Mouse","Gene level","Kinnex","Oarfish","TPM","Brain","B33",0.902027456926938
"Mouse","Gene level","Kinnex","Oarfish","TPM","Kidney","K31",0.947834212755136
"Mouse","Gene level","Kinnex","Oarfish","TPM","Kidney","K32",0.933039065803706
"Mouse","Gene level","Kinnex","Oarfish","TPM","Kidney","K33",0.94025731823983
"Mouse","Gene level","ONT cDNA","Bambu","CPM","Brain","B31",0.799104481194959
"Mouse","Gene level","ONT cDNA","Bambu","CPM","Brain","B32",0.783791435282829
"Mouse","Gene level","ONT cDNA","Bambu","CPM","Brain","B33",0.786600005821048
"Mouse","Gene level","ONT cDNA","Bambu","CPM","Brain","B34",0.787917651109625
"Mouse","Gene level","ONT cDNA","Bambu","CPM","Brain","B35",0.789403043954963
"Mouse","Gene level","ONT cDNA","Bambu","CPM","B20K80","BK20801",0.769842840380064
"Mouse","Gene level","ONT cDNA","Bambu","CPM","B20K80","BK20802",0.782281096555136
"Mouse","Gene level","ONT cDNA","Bambu","CPM","B20K80","BK20803",0.787039613274268
"Mouse","Gene level","ONT cDNA","Bambu","CPM","B20K80","BK20804",0.782023546602412
"Mouse","Gene level","ONT cDNA","Bambu","CPM","B20K80","BK20805",0.768700333653651
"Mouse","Gene level","ONT cDNA","Bambu","CPM","B80K20","BK80201",0.755975807523111
"Mouse","Gene level","ONT cDNA","Bambu","CPM","B80K20","BK80202",0.750359759679143
"Mouse","Gene level","ONT cDNA","Bambu","CPM","B80K20","BK80203",0.744195700493687
"Mouse","Gene level","ONT cDNA","Bambu","CPM","B80K20","BK80204",0.758407048634244
"Mouse","Gene level","ONT cDNA","Bambu","CPM","B80K20","BK80205",0.748980261923938
"Mouse","Gene level","ONT cDNA","Bambu","CPM","Kidney","K31",0.840617511788988
"Mouse","Gene level","ONT cDNA","Bambu","CPM","Kidney","K32",0.850099312220035
"Mouse","Gene level","ONT cDNA","Bambu","CPM","Kidney","K33",0.855035460030496
"Mouse","Gene level","ONT cDNA","Bambu","CPM","Kidney","K34",0.848082730151606
"Mouse","Gene level","ONT cDNA","Bambu","CPM","Kidney","K35",0.850964875100633
"Mouse","Gene level","ONT cDNA","Bambu","CQN","Brain","B31",0.807546476367775
"Mouse","Gene level","ONT cDNA","Bambu","CQN","Brain","B32",0.800255428923755
"Mouse","Gene level","ONT cDNA","Bambu","CQN","Brain","B33",0.80363353317481
"Mouse","Gene level","ONT cDNA","Bambu","CQN","Brain","B34",0.808473641491517
"Mouse","Gene level","ONT cDNA","Bambu","CQN","Brain","B35",0.808928184696366
"Mouse","Gene level","ONT cDNA","Bambu","CQN","B20K80","BK20801",0.76269438560621
"Mouse","Gene level","ONT cDNA","Bambu","CQN","B20K80","BK20802",0.783548150407528
"Mouse","Gene level","ONT cDNA","Bambu","CQN","B20K80","BK20803",0.771447314830233
"Mouse","Gene level","ONT cDNA","Bambu","CQN","B20K80","BK20804",0.76492027279682
"Mouse","Gene level","ONT cDNA","Bambu","CQN","B20K80","BK20805",0.740942220477701
"Mouse","Gene level","ONT cDNA","Bambu","CQN","B80K20","BK80201",0.781609311123496
"Mouse","Gene level","ONT cDNA","Bambu","CQN","B80K20","BK80202",0.780543574439479
"Mouse","Gene level","ONT cDNA","Bambu","CQN","B80K20","BK80203",0.76860755565132
"Mouse","Gene level","ONT cDNA","Bambu","CQN","B80K20","BK80204",0.781983048878794
"Mouse","Gene level","ONT cDNA","Bambu","CQN","B80K20","BK80205",0.771430157435874
"Mouse","Gene level","ONT cDNA","Bambu","CQN","Kidney","K31",0.784529462285707
"Mouse","Gene level","ONT cDNA","Bambu","CQN","Kidney","K32",0.823860753165389
"Mouse","Gene level","ONT cDNA","Bambu","CQN","Kidney","K33",0.807559562251183
"Mouse","Gene level","ONT cDNA","Bambu","CQN","Kidney","K34",0.781303234985415
"Mouse","Gene level","ONT cDNA","Bambu","CQN","Kidney","K35",0.769952179497626
"Mouse","Gene level","ONT cDNA","Bambu","EDASeq","Brain","B31",0.7863652637027
"Mouse","Gene level","ONT cDNA","Bambu","EDASeq","Brain","B32",0.798850163098462
"Mouse","Gene level","ONT cDNA","Bambu","EDASeq","Brain","B33",0.795500521334746
"Mouse","Gene level","ONT cDNA","Bambu","EDASeq","Brain","B34",0.794726656436925
"Mouse","Gene level","ONT cDNA","Bambu","EDASeq","Brain","B35",0.788485410269811
"Mouse","Gene level","ONT cDNA","Bambu","EDASeq","B20K80","BK20801",0.726766607195521
"Mouse","Gene level","ONT cDNA","Bambu","EDASeq","B20K80","BK20802",0.759929961378706
"Mouse","Gene level","ONT cDNA","Bambu","EDASeq","B20K80","BK20803",0.739679115829196
"Mouse","Gene level","ONT cDNA","Bambu","EDASeq","B20K80","BK20804",0.73134281630833
"Mouse","Gene level","ONT cDNA","Bambu","EDASeq","B20K80","BK20805",0.713656792229858
"Mouse","Gene level","ONT cDNA","Bambu","EDASeq","B80K20","BK80201",0.757513691894451
"Mouse","Gene level","ONT cDNA","Bambu","EDASeq","B80K20","BK80202",0.760655934203237
"Mouse","Gene level","ONT cDNA","Bambu","EDASeq","B80K20","BK80203",0.740243210578439
"Mouse","Gene level","ONT cDNA","Bambu","EDASeq","B80K20","BK80204",0.748047521194505
"Mouse","Gene level","ONT cDNA","Bambu","EDASeq","B80K20","BK80205",0.740239590402606
"Mouse","Gene level","ONT cDNA","Bambu","EDASeq","Kidney","K31",0.759952882135976
"Mouse","Gene level","ONT cDNA","Bambu","EDASeq","Kidney","K32",0.798246017845642
"Mouse","Gene level","ONT cDNA","Bambu","EDASeq","Kidney","K33",0.772125815288975
"Mouse","Gene level","ONT cDNA","Bambu","EDASeq","Kidney","K34",0.765407909341072
"Mouse","Gene level","ONT cDNA","Bambu","EDASeq","Kidney","K35",0.747809456606804
"Mouse","Gene level","ONT cDNA","Bambu","SMR","Brain","B31",0.778301706938393
"Mouse","Gene level","ONT cDNA","Bambu","SMR","Brain","B32",0.771014409643479
"Mouse","Gene level","ONT cDNA","Bambu","SMR","Brain","B33",0.745403922711673
"Mouse","Gene level","ONT cDNA","Bambu","SMR","Brain","B34",0.752542472147467
"Mouse","Gene level","ONT cDNA","Bambu","SMR","Brain","B35",0.742617718414838
"Mouse","Gene level","ONT cDNA","Bambu","SMR","B20K80","BK20801",0.655512165089086
"Mouse","Gene level","ONT cDNA","Bambu","SMR","B20K80","BK20802",0.688810733432941
"Mouse","Gene level","ONT cDNA","Bambu","SMR","B20K80","BK20803",0.745721888621493
"Mouse","Gene level","ONT cDNA","Bambu","SMR","B20K80","BK20804",0.760589852525475
"Mouse","Gene level","ONT cDNA","Bambu","SMR","B20K80","BK20805",0.714268564232909
"Mouse","Gene level","ONT cDNA","Bambu","SMR","B80K20","BK80201",0.651037739333981
"Mouse","Gene level","ONT cDNA","Bambu","SMR","B80K20","BK80202",0.627469681572264
"Mouse","Gene level","ONT cDNA","Bambu","SMR","B80K20","BK80203",0.536165895944571
"Mouse","Gene level","ONT cDNA","Bambu","SMR","B80K20","BK80204",0.579613048832291
"Mouse","Gene level","ONT cDNA","Bambu","SMR","B80K20","BK80205",0.613101498916086
"Mouse","Gene level","ONT cDNA","Bambu","SMR","Kidney","K31",0.810499686573066
"Mouse","Gene level","ONT cDNA","Bambu","SMR","Kidney","K32",0.838733220461812
"Mouse","Gene level","ONT cDNA","Bambu","SMR","Kidney","K33",0.82587844039265
"Mouse","Gene level","ONT cDNA","Bambu","SMR","Kidney","K34",0.823339724557705
"Mouse","Gene level","ONT cDNA","Bambu","SMR","Kidney","K35",0.816231324036054
"Mouse","Gene level","ONT cDNA","Bambu","TPM","Brain","B31",0.744416847869403
"Mouse","Gene level","ONT cDNA","Bambu","TPM","Brain","B32",0.665501745432634
"Mouse","Gene level","ONT cDNA","Bambu","TPM","Brain","B33",0.685863991723284
"Mouse","Gene level","ONT cDNA","Bambu","TPM","Brain","B34",0.693260779026085
"Mouse","Gene level","ONT cDNA","Bambu","TPM","Brain","B35",0.701061085452937
"Mouse","Gene level","ONT cDNA","Bambu","TPM","B20K80","BK20801",0.727675122185922
"Mouse","Gene level","ONT cDNA","Bambu","TPM","B20K80","BK20802",0.70454825531636
"Mouse","Gene level","ONT cDNA","Bambu","TPM","B20K80","BK20803",0.743333417279571
"Mouse","Gene level","ONT cDNA","Bambu","TPM","B20K80","BK20804",0.741606428261838
"Mouse","Gene level","ONT cDNA","Bambu","TPM","B20K80","BK20805",0.745076752549399
"Mouse","Gene level","ONT cDNA","Bambu","TPM","B80K20","BK80201",0.660218909817568
"Mouse","Gene level","ONT cDNA","Bambu","TPM","B80K20","BK80202",0.626946205342167
"Mouse","Gene level","ONT cDNA","Bambu","TPM","B80K20","BK80203",0.651941591674806
"Mouse","Gene level","ONT cDNA","Bambu","TPM","B80K20","BK80204",0.673034410681627
"Mouse","Gene level","ONT cDNA","Bambu","TPM","B80K20","BK80205",0.671320841277346
"Mouse","Gene level","ONT cDNA","Bambu","TPM","Kidney","K31",0.819656957066179
"Mouse","Gene level","ONT cDNA","Bambu","TPM","Kidney","K32",0.791306739135853
"Mouse","Gene level","ONT cDNA","Bambu","TPM","Kidney","K33",0.823781036635744
"Mouse","Gene level","ONT cDNA","Bambu","TPM","Kidney","K34",0.811075640642405
"Mouse","Gene level","ONT cDNA","Bambu","TPM","Kidney","K35",0.838326109422334
"Mouse","Gene level","ONT cDNA","FLAIR","CPM","Brain","B31",0.837913977628568
"Mouse","Gene level","ONT cDNA","FLAIR","CPM","Brain","B32",0.81057450451967
"Mouse","Gene level","ONT cDNA","FLAIR","CPM","Brain","B33",0.815121519075455
"Mouse","Gene level","ONT cDNA","FLAIR","CPM","Brain","B34",0.826421290634921
"Mouse","Gene level","ONT cDNA","FLAIR","CPM","Brain","B35",0.820730944112095
"Mouse","Gene level","ONT cDNA","FLAIR","CPM","B20K80","BK20801",0.809501975358244
"Mouse","Gene level","ONT cDNA","FLAIR","CPM","B20K80","BK20802",0.807252464566553
"Mouse","Gene level","ONT cDNA","FLAIR","CPM","B20K80","BK20803",0.815665869768959
"Mouse","Gene level","ONT cDNA","FLAIR","CPM","B20K80","BK20804",0.80889013142659
"Mouse","Gene level","ONT cDNA","FLAIR","CPM","B20K80","BK20805",0.800242810458955
"Mouse","Gene level","ONT cDNA","FLAIR","CPM","B80K20","BK80201",0.798587697661478
"Mouse","Gene level","ONT cDNA","FLAIR","CPM","B80K20","BK80202",0.78391108634777
"Mouse","Gene level","ONT cDNA","FLAIR","CPM","B80K20","BK80203",0.787515099038248
"Mouse","Gene level","ONT cDNA","FLAIR","CPM","B80K20","BK80204",0.801851179651022
"Mouse","Gene level","ONT cDNA","FLAIR","CPM","B80K20","BK80205",0.789630570504553
"Mouse","Gene level","ONT cDNA","FLAIR","CPM","Kidney","K31",0.850830357942362
"Mouse","Gene level","ONT cDNA","FLAIR","CPM","Kidney","K32",0.84428048102149
"Mouse","Gene level","ONT cDNA","FLAIR","CPM","Kidney","K33",0.859976273092355
"Mouse","Gene level","ONT cDNA","FLAIR","CPM","Kidney","K34",0.848372806187615
"Mouse","Gene level","ONT cDNA","FLAIR","CPM","Kidney","K35",0.85887316734756
"Mouse","Gene level","ONT cDNA","FLAIR","CQN","Brain","B31",0.808736042021377
"Mouse","Gene level","ONT cDNA","FLAIR","CQN","Brain","B32",0.786098241488629
"Mouse","Gene level","ONT cDNA","FLAIR","CQN","Brain","B33",0.792233982487908
"Mouse","Gene level","ONT cDNA","FLAIR","CQN","Brain","B34",0.808082829581342
"Mouse","Gene level","ONT cDNA","FLAIR","CQN","Brain","B35",0.804695400631526
"Mouse","Gene level","ONT cDNA","FLAIR","CQN","B20K80","BK20801",0.819729121475864
"Mouse","Gene level","ONT cDNA","FLAIR","CQN","B20K80","BK20802",0.81038712813151
"Mouse","Gene level","ONT cDNA","FLAIR","CQN","B20K80","BK20803",0.822380611215787
"Mouse","Gene level","ONT cDNA","FLAIR","CQN","B20K80","BK20804",0.819283840936833
"Mouse","Gene level","ONT cDNA","FLAIR","CQN","B20K80","BK20805",0.817359771106702
"Mouse","Gene level","ONT cDNA","FLAIR","CQN","B80K20","BK80201",0.801245525253293
"Mouse","Gene level","ONT cDNA","FLAIR","CQN","B80K20","BK80202",0.783997038760853
"Mouse","Gene level","ONT cDNA","FLAIR","CQN","B80K20","BK80203",0.795522351453934
"Mouse","Gene level","ONT cDNA","FLAIR","CQN","B80K20","BK80204",0.807809756974395
"Mouse","Gene level","ONT cDNA","FLAIR","CQN","B80K20","BK80205",0.802168325499545
"Mouse","Gene level","ONT cDNA","FLAIR","CQN","Kidney","K31",0.837090948685825
"Mouse","Gene level","ONT cDNA","FLAIR","CQN","Kidney","K32",0.820065100095918
"Mouse","Gene level","ONT cDNA","FLAIR","CQN","Kidney","K33",0.832283202170139
"Mouse","Gene level","ONT cDNA","FLAIR","CQN","Kidney","K34",0.821265710867591
"Mouse","Gene level","ONT cDNA","FLAIR","CQN","Kidney","K35",0.840374279289148
"Mouse","Gene level","ONT cDNA","FLAIR","EDASeq","Brain","B31",0.834267997462536
"Mouse","Gene level","ONT cDNA","FLAIR","EDASeq","Brain","B32",0.807808364246452
"Mouse","Gene level","ONT cDNA","FLAIR","EDASeq","Brain","B33",0.813457274994248
"Mouse","Gene level","ONT cDNA","FLAIR","EDASeq","Brain","B34",0.824933283364462
"Mouse","Gene level","ONT cDNA","FLAIR","EDASeq","Brain","B35",0.818055843140941
"Mouse","Gene level","ONT cDNA","FLAIR","EDASeq","B20K80","BK20801",0.797285220270711
"Mouse","Gene level","ONT cDNA","FLAIR","EDASeq","B20K80","BK20802",0.792178829597217
"Mouse","Gene level","ONT cDNA","FLAIR","EDASeq","B20K80","BK20803",0.798176912040645
"Mouse","Gene level","ONT cDNA","FLAIR","EDASeq","B20K80","BK20804",0.789368175308105
"Mouse","Gene level","ONT cDNA","FLAIR","EDASeq","B20K80","BK20805",0.784351336183355
"Mouse","Gene level","ONT cDNA","FLAIR","EDASeq","B80K20","BK80201",0.798404736099087
"Mouse","Gene level","ONT cDNA","FLAIR","EDASeq","B80K20","BK80202",0.78483922020702
"Mouse","Gene level","ONT cDNA","FLAIR","EDASeq","B80K20","BK80203",0.78592018202488
"Mouse","Gene level","ONT cDNA","FLAIR","EDASeq","B80K20","BK80204",0.800687254822174
"Mouse","Gene level","ONT cDNA","FLAIR","EDASeq","B80K20","BK80205",0.789153116308634
"Mouse","Gene level","ONT cDNA","FLAIR","EDASeq","Kidney","K31",0.819048903912478
"Mouse","Gene level","ONT cDNA","FLAIR","EDASeq","Kidney","K32",0.806861547189406
"Mouse","Gene level","ONT cDNA","FLAIR","EDASeq","Kidney","K33",0.819634960965203
"Mouse","Gene level","ONT cDNA","FLAIR","EDASeq","Kidney","K34",0.807745828842643
"Mouse","Gene level","ONT cDNA","FLAIR","EDASeq","Kidney","K35",0.823088939581635
"Mouse","Gene level","ONT cDNA","FLAIR","SMR","Brain","B31",0.759509362127421
"Mouse","Gene level","ONT cDNA","FLAIR","SMR","Brain","B32",0.764620315112683
"Mouse","Gene level","ONT cDNA","FLAIR","SMR","Brain","B33",0.732794055522877
"Mouse","Gene level","ONT cDNA","FLAIR","SMR","Brain","B34",0.751161283212373
"Mouse","Gene level","ONT cDNA","FLAIR","SMR","Brain","B35",0.738126062439026
"Mouse","Gene level","ONT cDNA","FLAIR","SMR","B20K80","BK20801",0.645249660429877
"Mouse","Gene level","ONT cDNA","FLAIR","SMR","B20K80","BK20802",0.674717802985367
"Mouse","Gene level","ONT cDNA","FLAIR","SMR","B20K80","BK20803",0.724477116518019
"Mouse","Gene level","ONT cDNA","FLAIR","SMR","B20K80","BK20804",0.742657313081812
"Mouse","Gene level","ONT cDNA","FLAIR","SMR","B20K80","BK20805",0.683874114810788
"Mouse","Gene level","ONT cDNA","FLAIR","SMR","B80K20","BK80201",0.67407441559645
"Mouse","Gene level","ONT cDNA","FLAIR","SMR","B80K20","BK80202",0.619433789202772
"Mouse","Gene level","ONT cDNA","FLAIR","SMR","B80K20","BK80203",0.577710334518423
"Mouse","Gene level","ONT cDNA","FLAIR","SMR","B80K20","BK80204",0.606092791960489
"Mouse","Gene level","ONT cDNA","FLAIR","SMR","B80K20","BK80205",0.636250926507559
"Mouse","Gene level","ONT cDNA","FLAIR","SMR","Kidney","K31",0.786887364174184
"Mouse","Gene level","ONT cDNA","FLAIR","SMR","Kidney","K32",0.805457392576482
"Mouse","Gene level","ONT cDNA","FLAIR","SMR","Kidney","K33",0.80396613539182
"Mouse","Gene level","ONT cDNA","FLAIR","SMR","Kidney","K34",0.807165409166107
"Mouse","Gene level","ONT cDNA","FLAIR","SMR","Kidney","K35",0.786395935176456
"Mouse","Gene level","ONT cDNA","FLAIR","TPM","Brain","B31",0.675803643420863
"Mouse","Gene level","ONT cDNA","FLAIR","TPM","Brain","B32",0.685616522998841
"Mouse","Gene level","ONT cDNA","FLAIR","TPM","Brain","B33",0.681505602973818
"Mouse","Gene level","ONT cDNA","FLAIR","TPM","Brain","B34",0.678534159880376
"Mouse","Gene level","ONT cDNA","FLAIR","TPM","Brain","B35",0.677907110847758
"Mouse","Gene level","ONT cDNA","FLAIR","TPM","B20K80","BK20801",0.642747253581937
"Mouse","Gene level","ONT cDNA","FLAIR","TPM","B20K80","BK20802",0.670985538741021
"Mouse","Gene level","ONT cDNA","FLAIR","TPM","B20K80","BK20803",0.658749381685291
"Mouse","Gene level","ONT cDNA","FLAIR","TPM","B20K80","BK20804",0.649697269036841
"Mouse","Gene level","ONT cDNA","FLAIR","TPM","B20K80","BK20805",0.631917674120685
"Mouse","Gene level","ONT cDNA","FLAIR","TPM","B80K20","BK80201",0.666948608732928
"Mouse","Gene level","ONT cDNA","FLAIR","TPM","B80K20","BK80202",0.671360403174147
"Mouse","Gene level","ONT cDNA","FLAIR","TPM","B80K20","BK80203",0.663485604386064
"Mouse","Gene level","ONT cDNA","FLAIR","TPM","B80K20","BK80204",0.661136128296999
"Mouse","Gene level","ONT cDNA","FLAIR","TPM","B80K20","BK80205",0.64900034515297
"Mouse","Gene level","ONT cDNA","FLAIR","TPM","Kidney","K31",0.672083726432856
"Mouse","Gene level","ONT cDNA","FLAIR","TPM","Kidney","K32",0.704422081544296
"Mouse","Gene level","ONT cDNA","FLAIR","TPM","Kidney","K33",0.692571194484894
"Mouse","Gene level","ONT cDNA","FLAIR","TPM","Kidney","K34",0.699711813899744
"Mouse","Gene level","ONT cDNA","FLAIR","TPM","Kidney","K35",0.681046026590853
"Mouse","Gene level","ONT cDNA","IsoQuant","CPM","Brain","B31",0.668766682270976
"Mouse","Gene level","ONT cDNA","IsoQuant","CPM","Brain","B32",0.667713222513282
"Mouse","Gene level","ONT cDNA","IsoQuant","CPM","Brain","B33",0.677877559499305
"Mouse","Gene level","ONT cDNA","IsoQuant","CPM","Brain","B34",0.669766443039674
"Mouse","Gene level","ONT cDNA","IsoQuant","CPM","Brain","B35",0.685486849264279
"Mouse","Gene level","ONT cDNA","IsoQuant","CPM","B20K80","BK20801",0.680041955181951
"Mouse","Gene level","ONT cDNA","IsoQuant","CPM","B20K80","BK20802",0.683070669763612
"Mouse","Gene level","ONT cDNA","IsoQuant","CPM","B20K80","BK20803",0.689728314167459
"Mouse","Gene level","ONT cDNA","IsoQuant","CPM","B20K80","BK20804",0.68671442514915
"Mouse","Gene level","ONT cDNA","IsoQuant","CPM","B20K80","BK20805",0.680992948404314
"Mouse","Gene level","ONT cDNA","IsoQuant","CPM","B80K20","BK80201",0.645781684084949
"Mouse","Gene level","ONT cDNA","IsoQuant","CPM","B80K20","BK80202",0.635004370410493
"Mouse","Gene level","ONT cDNA","IsoQuant","CPM","B80K20","BK80203",0.647496203950414
"Mouse","Gene level","ONT cDNA","IsoQuant","CPM","B80K20","BK80204",0.641671628872903
"Mouse","Gene level","ONT cDNA","IsoQuant","CPM","B80K20","BK80205",0.646407642322464
"Mouse","Gene level","ONT cDNA","IsoQuant","CPM","Kidney","K31",0.730034775378482
"Mouse","Gene level","ONT cDNA","IsoQuant","CPM","Kidney","K32",0.735317585080662
"Mouse","Gene level","ONT cDNA","IsoQuant","CPM","Kidney","K33",0.735444729873296
"Mouse","Gene level","ONT cDNA","IsoQuant","CPM","Kidney","K34",0.753191360258332
"Mouse","Gene level","ONT cDNA","IsoQuant","CPM","Kidney","K35",0.7487477430581
"Mouse","Gene level","ONT cDNA","IsoQuant","CQN","Brain","B31",0.661749472105777
"Mouse","Gene level","ONT cDNA","IsoQuant","CQN","Brain","B32",0.631800354728522
"Mouse","Gene level","ONT cDNA","IsoQuant","CQN","Brain","B33",0.655901443967991
"Mouse","Gene level","ONT cDNA","IsoQuant","CQN","Brain","B34",0.653250377293316
"Mouse","Gene level","ONT cDNA","IsoQuant","CQN","Brain","B35",0.67569419113113
"Mouse","Gene level","ONT cDNA","IsoQuant","CQN","B20K80","BK20801",0.645723327005071
"Mouse","Gene level","ONT cDNA","IsoQuant","CQN","B20K80","BK20802",0.638552565728085
"Mouse","Gene level","ONT cDNA","IsoQuant","CQN","B20K80","BK20803",0.649856101681442
"Mouse","Gene level","ONT cDNA","IsoQuant","CQN","B20K80","BK20804",0.649721464672741
"Mouse","Gene level","ONT cDNA","IsoQuant","CQN","B20K80","BK20805",0.643488813218934
"Mouse","Gene level","ONT cDNA","IsoQuant","CQN","B80K20","BK80201",0.605762089668128
"Mouse","Gene level","ONT cDNA","IsoQuant","CQN","B80K20","BK80202",0.58223600850606
"Mouse","Gene level","ONT cDNA","IsoQuant","CQN","B80K20","BK80203",0.607286670666
"Mouse","Gene level","ONT cDNA","IsoQuant","CQN","B80K20","BK80204",0.610826060822531
"Mouse","Gene level","ONT cDNA","IsoQuant","CQN","B80K20","BK80205",0.620051314078873
"Mouse","Gene level","ONT cDNA","IsoQuant","CQN","Kidney","K31",0.695391606575225
"Mouse","Gene level","ONT cDNA","IsoQuant","CQN","Kidney","K32",0.706858908107071
"Mouse","Gene level","ONT cDNA","IsoQuant","CQN","Kidney","K33",0.708328548822437
"Mouse","Gene level","ONT cDNA","IsoQuant","CQN","Kidney","K34",0.712814151668382
"Mouse","Gene level","ONT cDNA","IsoQuant","CQN","Kidney","K35",0.702138333458866
"Mouse","Gene level","ONT cDNA","IsoQuant","EDASeq","Brain","B31",0.683893978391658
"Mouse","Gene level","ONT cDNA","IsoQuant","EDASeq","Brain","B32",0.690282224355661
"Mouse","Gene level","ONT cDNA","IsoQuant","EDASeq","Brain","B33",0.702557160066643
"Mouse","Gene level","ONT cDNA","IsoQuant","EDASeq","Brain","B34",0.694543407859089
"Mouse","Gene level","ONT cDNA","IsoQuant","EDASeq","Brain","B35",0.707354488759931
"Mouse","Gene level","ONT cDNA","IsoQuant","EDASeq","B20K80","BK20801",0.691220393507925
"Mouse","Gene level","ONT cDNA","IsoQuant","EDASeq","B20K80","BK20802",0.699621250903118
"Mouse","Gene level","ONT cDNA","IsoQuant","EDASeq","B20K80","BK20803",0.698102776728469
"Mouse","Gene level","ONT cDNA","IsoQuant","EDASeq","B20K80","BK20804",0.693169181497236
"Mouse","Gene level","ONT cDNA","IsoQuant","EDASeq","B20K80","BK20805",0.684906444098612
"Mouse","Gene level","ONT cDNA","IsoQuant","EDASeq","B80K20","BK80201",0.66725229736538
"Mouse","Gene level","ONT cDNA","IsoQuant","EDASeq","B80K20","BK80202",0.655160233974128
"Mouse","Gene level","ONT cDNA","IsoQuant","EDASeq","B80K20","BK80203",0.66473343147566
"Mouse","Gene level","ONT cDNA","IsoQuant","EDASeq","B80K20","BK80204",0.658267948418521
"Mouse","Gene level","ONT cDNA","IsoQuant","EDASeq","B80K20","BK80205",0.664217780029783
"Mouse","Gene level","ONT cDNA","IsoQuant","EDASeq","Kidney","K31",0.735772692996265
"Mouse","Gene level","ONT cDNA","IsoQuant","EDASeq","Kidney","K32",0.749555368488828
"Mouse","Gene level","ONT cDNA","IsoQuant","EDASeq","Kidney","K33",0.738763006203102
"Mouse","Gene level","ONT cDNA","IsoQuant","EDASeq","Kidney","K34",0.757258626732527
"Mouse","Gene level","ONT cDNA","IsoQuant","EDASeq","Kidney","K35",0.7451382341033
"Mouse","Gene level","ONT cDNA","IsoQuant","SMR","Brain","B31",0.597348722772919
"Mouse","Gene level","ONT cDNA","IsoQuant","SMR","Brain","B32",0.683629564819406
"Mouse","Gene level","ONT cDNA","IsoQuant","SMR","Brain","B33",0.655354008916884
"Mouse","Gene level","ONT cDNA","IsoQuant","SMR","Brain","B34",0.631009590570999
"Mouse","Gene level","ONT cDNA","IsoQuant","SMR","Brain","B35",0.63738699474225
"Mouse","Gene level","ONT cDNA","IsoQuant","SMR","B20K80","BK20801",0.385229170646226
"Mouse","Gene level","ONT cDNA","IsoQuant","SMR","B20K80","BK20802",0.519291907315155
"Mouse","Gene level","ONT cDNA","IsoQuant","SMR","B20K80","BK20803",0.482217506322114
"Mouse","Gene level","ONT cDNA","IsoQuant","SMR","B20K80","BK20804",0.501648854730683
"Mouse","Gene level","ONT cDNA","IsoQuant","SMR","B20K80","BK20805",0.451055400233575
"Mouse","Gene level","ONT cDNA","IsoQuant","SMR","B80K20","BK80201",0.55130310521504
"Mouse","Gene level","ONT cDNA","IsoQuant","SMR","B80K20","BK80202",0.553582684939164
"Mouse","Gene level","ONT cDNA","IsoQuant","SMR","B80K20","BK80203",0.49394103390822
"Mouse","Gene level","ONT cDNA","IsoQuant","SMR","B80K20","BK80204",0.454508785588311
"Mouse","Gene level","ONT cDNA","IsoQuant","SMR","B80K20","BK80205",0.49191084881138
"Mouse","Gene level","ONT cDNA","IsoQuant","SMR","Kidney","K31",0.585277577766342
"Mouse","Gene level","ONT cDNA","IsoQuant","SMR","Kidney","K32",0.651287008714546
"Mouse","Gene level","ONT cDNA","IsoQuant","SMR","Kidney","K33",0.595965488334302
"Mouse","Gene level","ONT cDNA","IsoQuant","SMR","Kidney","K34",0.622705554218323
"Mouse","Gene level","ONT cDNA","IsoQuant","SMR","Kidney","K35",0.583022817838277
"Mouse","Gene level","ONT cDNA","IsoQuant","TPM","Brain","B31",0.598977242077645
"Mouse","Gene level","ONT cDNA","IsoQuant","TPM","Brain","B32",0.553054367881356
"Mouse","Gene level","ONT cDNA","IsoQuant","TPM","Brain","B33",0.573411117829475
"Mouse","Gene level","ONT cDNA","IsoQuant","TPM","Brain","B34",0.57324674546025
"Mouse","Gene level","ONT cDNA","IsoQuant","TPM","Brain","B35",0.587468918688267
"Mouse","Gene level","ONT cDNA","IsoQuant","TPM","B20K80","BK20801",0.617144104889427
"Mouse","Gene level","ONT cDNA","IsoQuant","TPM","B20K80","BK20802",0.593390428005262
"Mouse","Gene level","ONT cDNA","IsoQuant","TPM","B20K80","BK20803",0.625092432320051
"Mouse","Gene level","ONT cDNA","IsoQuant","TPM","B20K80","BK20804",0.625218651531025
"Mouse","Gene level","ONT cDNA","IsoQuant","TPM","B20K80","BK20805",0.63149704283933
"Mouse","Gene level","ONT cDNA","IsoQuant","TPM","B80K20","BK80201",0.554983135337983
"Mouse","Gene level","ONT cDNA","IsoQuant","TPM","B80K20","BK80202",0.526754227236559
"Mouse","Gene level","ONT cDNA","IsoQuant","TPM","B80K20","BK80203",0.555616160665101
"Mouse","Gene level","ONT cDNA","IsoQuant","TPM","B80K20","BK80204",0.559714105469308
"Mouse","Gene level","ONT cDNA","IsoQuant","TPM","B80K20","BK80205",0.566367144525742
"Mouse","Gene level","ONT cDNA","IsoQuant","TPM","Kidney","K31",0.670296239559746
"Mouse","Gene level","ONT cDNA","IsoQuant","TPM","Kidney","K32",0.646355654533627
"Mouse","Gene level","ONT cDNA","IsoQuant","TPM","Kidney","K33",0.669343248765683
"Mouse","Gene level","ONT cDNA","IsoQuant","TPM","Kidney","K34",0.679370688164197
"Mouse","Gene level","ONT cDNA","IsoQuant","TPM","Kidney","K35",0.698924143799753
"Mouse","Gene level","ONT cDNA","Kallisto","CPM","Brain","B31",0.768596272852718
"Mouse","Gene level","ONT cDNA","Kallisto","CPM","Brain","B32",0.756005236193692
"Mouse","Gene level","ONT cDNA","Kallisto","CPM","Brain","B33",0.750650858359066
"Mouse","Gene level","ONT cDNA","Kallisto","CPM","Brain","B34",0.749842859506201
"Mouse","Gene level","ONT cDNA","Kallisto","CPM","Brain","B35",0.750967472424255
"Mouse","Gene level","ONT cDNA","Kallisto","CPM","B20K80","BK20801",0.748279998657729
"Mouse","Gene level","ONT cDNA","Kallisto","CPM","B20K80","BK20802",0.759795252116033
"Mouse","Gene level","ONT cDNA","Kallisto","CPM","B20K80","BK20803",0.76333071108414
"Mouse","Gene level","ONT cDNA","Kallisto","CPM","B20K80","BK20804",0.760943105504473
"Mouse","Gene level","ONT cDNA","Kallisto","CPM","B20K80","BK20805",0.751758037448897
"Mouse","Gene level","ONT cDNA","Kallisto","CPM","B80K20","BK80201",0.726979639824661
"Mouse","Gene level","ONT cDNA","Kallisto","CPM","B80K20","BK80202",0.720152751423198
"Mouse","Gene level","ONT cDNA","Kallisto","CPM","B80K20","BK80203",0.714911099121379
"Mouse","Gene level","ONT cDNA","Kallisto","CPM","B80K20","BK80204",0.726106179283263
"Mouse","Gene level","ONT cDNA","Kallisto","CPM","B80K20","BK80205",0.712546180884616
"Mouse","Gene level","ONT cDNA","Kallisto","CPM","Kidney","K31",0.830161660594922
"Mouse","Gene level","ONT cDNA","Kallisto","CPM","Kidney","K32",0.841082483065901
"Mouse","Gene level","ONT cDNA","Kallisto","CPM","Kidney","K33",0.846551105524573
"Mouse","Gene level","ONT cDNA","Kallisto","CPM","Kidney","K34",0.840720844818154
"Mouse","Gene level","ONT cDNA","Kallisto","CPM","Kidney","K35",0.837861961995444
"Mouse","Gene level","ONT cDNA","Kallisto","CQN","Brain","B31",0.7890008398382
"Mouse","Gene level","ONT cDNA","Kallisto","CQN","Brain","B32",0.775677235481911
"Mouse","Gene level","ONT cDNA","Kallisto","CQN","Brain","B33",0.775590493635745
"Mouse","Gene level","ONT cDNA","Kallisto","CQN","Brain","B34",0.776848899820021
"Mouse","Gene level","ONT cDNA","Kallisto","CQN","Brain","B35",0.782616396145162
"Mouse","Gene level","ONT cDNA","Kallisto","CQN","B20K80","BK20801",0.749416696577071
"Mouse","Gene level","ONT cDNA","Kallisto","CQN","B20K80","BK20802",0.767900220357812
"Mouse","Gene level","ONT cDNA","Kallisto","CQN","B20K80","BK20803",0.757932526042069
"Mouse","Gene level","ONT cDNA","Kallisto","CQN","B20K80","BK20804",0.759134167487531
"Mouse","Gene level","ONT cDNA","Kallisto","CQN","B20K80","BK20805",0.741300328076378
"Mouse","Gene level","ONT cDNA","Kallisto","CQN","B80K20","BK80201",0.75436017495533
"Mouse","Gene level","ONT cDNA","Kallisto","CQN","B80K20","BK80202",0.754229694274322
"Mouse","Gene level","ONT cDNA","Kallisto","CQN","B80K20","BK80203",0.740124746839922
"Mouse","Gene level","ONT cDNA","Kallisto","CQN","B80K20","BK80204",0.755002856507514
"Mouse","Gene level","ONT cDNA","Kallisto","CQN","B80K20","BK80205",0.741089664763693
"Mouse","Gene level","ONT cDNA","Kallisto","CQN","Kidney","K31",0.790716988273329
"Mouse","Gene level","ONT cDNA","Kallisto","CQN","Kidney","K32",0.821644982135634
"Mouse","Gene level","ONT cDNA","Kallisto","CQN","Kidney","K33",0.8069542515018
"Mouse","Gene level","ONT cDNA","Kallisto","CQN","Kidney","K34",0.78761613524099
"Mouse","Gene level","ONT cDNA","Kallisto","CQN","Kidney","K35",0.774591627550019
"Mouse","Gene level","ONT cDNA","Kallisto","EDASeq","Brain","B31",0.748140594805437
"Mouse","Gene level","ONT cDNA","Kallisto","EDASeq","Brain","B32",0.761753850853525
"Mouse","Gene level","ONT cDNA","Kallisto","EDASeq","Brain","B33",0.750130326336945
"Mouse","Gene level","ONT cDNA","Kallisto","EDASeq","Brain","B34",0.75151033656171
"Mouse","Gene level","ONT cDNA","Kallisto","EDASeq","Brain","B35",0.746799938288315
"Mouse","Gene level","ONT cDNA","Kallisto","EDASeq","B20K80","BK20801",0.696914075731038
"Mouse","Gene level","ONT cDNA","Kallisto","EDASeq","B20K80","BK20802",0.723325007189289
"Mouse","Gene level","ONT cDNA","Kallisto","EDASeq","B20K80","BK20803",0.707363635848781
"Mouse","Gene level","ONT cDNA","Kallisto","EDASeq","B20K80","BK20804",0.700678871600681
"Mouse","Gene level","ONT cDNA","Kallisto","EDASeq","B20K80","BK20805",0.685580908299589
"Mouse","Gene level","ONT cDNA","Kallisto","EDASeq","B80K20","BK80201",0.719043949462501
"Mouse","Gene level","ONT cDNA","Kallisto","EDASeq","B80K20","BK80202",0.717849976532608
"Mouse","Gene level","ONT cDNA","Kallisto","EDASeq","B80K20","BK80203",0.704657179370525
"Mouse","Gene level","ONT cDNA","Kallisto","EDASeq","B80K20","BK80204",0.708083541769987
"Mouse","Gene level","ONT cDNA","Kallisto","EDASeq","B80K20","BK80205",0.698266187447745
"Mouse","Gene level","ONT cDNA","Kallisto","EDASeq","Kidney","K31",0.735341226865496
"Mouse","Gene level","ONT cDNA","Kallisto","EDASeq","Kidney","K32",0.784460520186473
"Mouse","Gene level","ONT cDNA","Kallisto","EDASeq","Kidney","K33",0.756316577300261
"Mouse","Gene level","ONT cDNA","Kallisto","EDASeq","Kidney","K34",0.754769950871275
"Mouse","Gene level","ONT cDNA","Kallisto","EDASeq","Kidney","K35",0.734695888602149
"Mouse","Gene level","ONT cDNA","Kallisto","SMR","Brain","B31",0.776964690946327
"Mouse","Gene level","ONT cDNA","Kallisto","SMR","Brain","B32",0.791969601388492
"Mouse","Gene level","ONT cDNA","Kallisto","SMR","Brain","B33",0.767827075647194
"Mouse","Gene level","ONT cDNA","Kallisto","SMR","Brain","B34",0.75851596072148
"Mouse","Gene level","ONT cDNA","Kallisto","SMR","Brain","B35",0.753527861129753
"Mouse","Gene level","ONT cDNA","Kallisto","SMR","B20K80","BK20801",0.656447467270971
"Mouse","Gene level","ONT cDNA","Kallisto","SMR","B20K80","BK20802",0.706570769908101
"Mouse","Gene level","ONT cDNA","Kallisto","SMR","B20K80","BK20803",0.748880755856676
"Mouse","Gene level","ONT cDNA","Kallisto","SMR","B20K80","BK20804",0.764124919702688
"Mouse","Gene level","ONT cDNA","Kallisto","SMR","B20K80","BK20805",0.723649638082833
"Mouse","Gene level","ONT cDNA","Kallisto","SMR","B80K20","BK80201",0.67432499092752
"Mouse","Gene level","ONT cDNA","Kallisto","SMR","B80K20","BK80202",0.677236073916545
"Mouse","Gene level","ONT cDNA","Kallisto","SMR","B80K20","BK80203",0.570616193311396
"Mouse","Gene level","ONT cDNA","Kallisto","SMR","B80K20","BK80204",0.60041599963282
"Mouse","Gene level","ONT cDNA","Kallisto","SMR","B80K20","BK80205",0.604852055184542
"Mouse","Gene level","ONT cDNA","Kallisto","SMR","Kidney","K31",0.81536982716896
"Mouse","Gene level","ONT cDNA","Kallisto","SMR","Kidney","K32",0.843506145792059
"Mouse","Gene level","ONT cDNA","Kallisto","SMR","Kidney","K33",0.83201657084862
"Mouse","Gene level","ONT cDNA","Kallisto","SMR","Kidney","K34",0.837694379708008
"Mouse","Gene level","ONT cDNA","Kallisto","SMR","Kidney","K35",0.823106043598816
"Mouse","Gene level","ONT cDNA","Kallisto","TPM","Brain","B31",0.734720219944018
"Mouse","Gene level","ONT cDNA","Kallisto","TPM","Brain","B32",0.660507924400008
"Mouse","Gene level","ONT cDNA","Kallisto","TPM","Brain","B33",0.672122324910271
"Mouse","Gene level","ONT cDNA","Kallisto","TPM","Brain","B34",0.677523255761693
"Mouse","Gene level","ONT cDNA","Kallisto","TPM","Brain","B35",0.683606487824547
"Mouse","Gene level","ONT cDNA","Kallisto","TPM","B20K80","BK20801",0.726650958334631
"Mouse","Gene level","ONT cDNA","Kallisto","TPM","B20K80","BK20802",0.700407825196397
"Mouse","Gene level","ONT cDNA","Kallisto","TPM","B20K80","BK20803",0.738427575007748
"Mouse","Gene level","ONT cDNA","Kallisto","TPM","B20K80","BK20804",0.73939993762462
"Mouse","Gene level","ONT cDNA","Kallisto","TPM","B20K80","BK20805",0.746341826188879
"Mouse","Gene level","ONT cDNA","Kallisto","TPM","B80K20","BK80201",0.652495209008457
"Mouse","Gene level","ONT cDNA","Kallisto","TPM","B80K20","BK80202",0.616591623186162
"Mouse","Gene level","ONT cDNA","Kallisto","TPM","B80K20","BK80203",0.644547928226437
"Mouse","Gene level","ONT cDNA","Kallisto","TPM","B80K20","BK80204",0.661207493414752
"Mouse","Gene level","ONT cDNA","Kallisto","TPM","B80K20","BK80205",0.65776205235461
"Mouse","Gene level","ONT cDNA","Kallisto","TPM","Kidney","K31",0.826546543661806
"Mouse","Gene level","ONT cDNA","Kallisto","TPM","Kidney","K32",0.796644586914787
"Mouse","Gene level","ONT cDNA","Kallisto","TPM","Kidney","K33",0.830148995899904
"Mouse","Gene level","ONT cDNA","Kallisto","TPM","Kidney","K34",0.818933375885385
"Mouse","Gene level","ONT cDNA","Kallisto","TPM","Kidney","K35",0.840767018423367
"Mouse","Gene level","ONT cDNA","Oarfish","CPM","Brain","B31",0.772797692025528
"Mouse","Gene level","ONT cDNA","Oarfish","CPM","Brain","B32",0.754588900988628
"Mouse","Gene level","ONT cDNA","Oarfish","CPM","Brain","B33",0.756104906489744
"Mouse","Gene level","ONT cDNA","Oarfish","CPM","Brain","B34",0.758726367802303
"Mouse","Gene level","ONT cDNA","Oarfish","CPM","Brain","B35",0.759091286403085
"Mouse","Gene level","ONT cDNA","Oarfish","CPM","B20K80","BK20801",0.755018427857885
"Mouse","Gene level","ONT cDNA","Oarfish","CPM","B20K80","BK20802",0.762214278527974
"Mouse","Gene level","ONT cDNA","Oarfish","CPM","B20K80","BK20803",0.76750256539172
"Mouse","Gene level","ONT cDNA","Oarfish","CPM","B20K80","BK20804",0.763999794505411
"Mouse","Gene level","ONT cDNA","Oarfish","CPM","B20K80","BK20805",0.749740010463055
"Mouse","Gene level","ONT cDNA","Oarfish","CPM","B80K20","BK80201",0.733004757237716
"Mouse","Gene level","ONT cDNA","Oarfish","CPM","B80K20","BK80202",0.731726734476142
"Mouse","Gene level","ONT cDNA","Oarfish","CPM","B80K20","BK80203",0.729023392968526
"Mouse","Gene level","ONT cDNA","Oarfish","CPM","B80K20","BK80204",0.736394393115311
"Mouse","Gene level","ONT cDNA","Oarfish","CPM","B80K20","BK80205",0.724334521997787
"Mouse","Gene level","ONT cDNA","Oarfish","CPM","Kidney","K31",0.819198945941824
"Mouse","Gene level","ONT cDNA","Oarfish","CPM","Kidney","K32",0.834286982659565
"Mouse","Gene level","ONT cDNA","Oarfish","CPM","Kidney","K33",0.839679601540094
"Mouse","Gene level","ONT cDNA","Oarfish","CPM","Kidney","K34",0.834657042879337
"Mouse","Gene level","ONT cDNA","Oarfish","CPM","Kidney","K35",0.83015994840078
"Mouse","Gene level","ONT cDNA","Oarfish","CQN","Brain","B31",0.802268737465328
"Mouse","Gene level","ONT cDNA","Oarfish","CQN","Brain","B32",0.783396342988149
"Mouse","Gene level","ONT cDNA","Oarfish","CQN","Brain","B33",0.789680458032236
"Mouse","Gene level","ONT cDNA","Oarfish","CQN","Brain","B34",0.793642230817305
"Mouse","Gene level","ONT cDNA","Oarfish","CQN","Brain","B35",0.797974155935159
"Mouse","Gene level","ONT cDNA","Oarfish","CQN","B20K80","BK20801",0.756101002163274
"Mouse","Gene level","ONT cDNA","Oarfish","CQN","B20K80","BK20802",0.774077186565572
"Mouse","Gene level","ONT cDNA","Oarfish","CQN","B20K80","BK20803",0.759808761584773
"Mouse","Gene level","ONT cDNA","Oarfish","CQN","B20K80","BK20804",0.751530137285437
"Mouse","Gene level","ONT cDNA","Oarfish","CQN","B20K80","BK20805",0.727343798063317
"Mouse","Gene level","ONT cDNA","Oarfish","CQN","B80K20","BK80201",0.763833435724161
"Mouse","Gene level","ONT cDNA","Oarfish","CQN","B80K20","BK80202",0.763648449953601
"Mouse","Gene level","ONT cDNA","Oarfish","CQN","B80K20","BK80203",0.759241465362676
"Mouse","Gene level","ONT cDNA","Oarfish","CQN","B80K20","BK80204",0.762708550207747
"Mouse","Gene level","ONT cDNA","Oarfish","CQN","B80K20","BK80205",0.755068635188811
"Mouse","Gene level","ONT cDNA","Oarfish","CQN","Kidney","K31",0.774976400702744
"Mouse","Gene level","ONT cDNA","Oarfish","CQN","Kidney","K32",0.808514368360578
"Mouse","Gene level","ONT cDNA","Oarfish","CQN","Kidney","K33",0.78933773901847
"Mouse","Gene level","ONT cDNA","Oarfish","CQN","Kidney","K34",0.765910992378774
"Mouse","Gene level","ONT cDNA","Oarfish","CQN","Kidney","K35",0.754114018894282
"Mouse","Gene level","ONT cDNA","Oarfish","EDASeq","Brain","B31",0.776443768480777
"Mouse","Gene level","ONT cDNA","Oarfish","EDASeq","Brain","B32",0.772273234479471
"Mouse","Gene level","ONT cDNA","Oarfish","EDASeq","Brain","B33",0.771992734778066
"Mouse","Gene level","ONT cDNA","Oarfish","EDASeq","Brain","B34",0.774101664562389
"Mouse","Gene level","ONT cDNA","Oarfish","EDASeq","Brain","B35",0.769649494085049
"Mouse","Gene level","ONT cDNA","Oarfish","EDASeq","B20K80","BK20801",0.729875522359983
"Mouse","Gene level","ONT cDNA","Oarfish","EDASeq","B20K80","BK20802",0.753201109553838
"Mouse","Gene level","ONT cDNA","Oarfish","EDASeq","B20K80","BK20803",0.739215093054244
"Mouse","Gene level","ONT cDNA","Oarfish","EDASeq","B20K80","BK20804",0.732243293140416
"Mouse","Gene level","ONT cDNA","Oarfish","EDASeq","B20K80","BK20805",0.71141240853816
"Mouse","Gene level","ONT cDNA","Oarfish","EDASeq","B80K20","BK80201",0.744038477040399
"Mouse","Gene level","ONT cDNA","Oarfish","EDASeq","B80K20","BK80202",0.748889034657573
"Mouse","Gene level","ONT cDNA","Oarfish","EDASeq","B80K20","BK80203",0.734314106104866
"Mouse","Gene level","ONT cDNA","Oarfish","EDASeq","B80K20","BK80204",0.741443727391321
"Mouse","Gene level","ONT cDNA","Oarfish","EDASeq","B80K20","BK80205",0.728349447026874
"Mouse","Gene level","ONT cDNA","Oarfish","EDASeq","Kidney","K31",0.76377137318631
"Mouse","Gene level","ONT cDNA","Oarfish","EDASeq","Kidney","K32",0.800571903022193
"Mouse","Gene level","ONT cDNA","Oarfish","EDASeq","Kidney","K33",0.784191971710224
"Mouse","Gene level","ONT cDNA","Oarfish","EDASeq","Kidney","K34",0.774161150163765
"Mouse","Gene level","ONT cDNA","Oarfish","EDASeq","Kidney","K35",0.759744793395853
"Mouse","Gene level","ONT cDNA","Oarfish","SMR","Brain","B31",0.749087856920969
"Mouse","Gene level","ONT cDNA","Oarfish","SMR","Brain","B32",0.743278560145524
"Mouse","Gene level","ONT cDNA","Oarfish","SMR","Brain","B33",0.714568997170279
"Mouse","Gene level","ONT cDNA","Oarfish","SMR","Brain","B34",0.723159402185804
"Mouse","Gene level","ONT cDNA","Oarfish","SMR","Brain","B35",0.723166851855558
"Mouse","Gene level","ONT cDNA","Oarfish","SMR","B20K80","BK20801",0.663315067317537
"Mouse","Gene level","ONT cDNA","Oarfish","SMR","B20K80","BK20802",0.690403723602745
"Mouse","Gene level","ONT cDNA","Oarfish","SMR","B20K80","BK20803",0.74657752936133
"Mouse","Gene level","ONT cDNA","Oarfish","SMR","B20K80","BK20804",0.762303640131074
"Mouse","Gene level","ONT cDNA","Oarfish","SMR","B20K80","BK20805",0.711477914353402
"Mouse","Gene level","ONT cDNA","Oarfish","SMR","B80K20","BK80201",0.634302724901157
"Mouse","Gene level","ONT cDNA","Oarfish","SMR","B80K20","BK80202",0.605311798730673
"Mouse","Gene level","ONT cDNA","Oarfish","SMR","B80K20","BK80203",0.537936958687474
"Mouse","Gene level","ONT cDNA","Oarfish","SMR","B80K20","BK80204",0.558641357635557
"Mouse","Gene level","ONT cDNA","Oarfish","SMR","B80K20","BK80205",0.586914626796777
"Mouse","Gene level","ONT cDNA","Oarfish","SMR","Kidney","K31",0.800997508440307
"Mouse","Gene level","ONT cDNA","Oarfish","SMR","Kidney","K32",0.831515587317992
"Mouse","Gene level","ONT cDNA","Oarfish","SMR","Kidney","K33",0.822489495878721
"Mouse","Gene level","ONT cDNA","Oarfish","SMR","Kidney","K34",0.822527791381211
"Mouse","Gene level","ONT cDNA","Oarfish","SMR","Kidney","K35",0.806975395777542
"Mouse","Gene level","ONT cDNA","Oarfish","TPM","Brain","B31",0.750329990806491
"Mouse","Gene level","ONT cDNA","Oarfish","TPM","Brain","B32",0.675618314135771
"Mouse","Gene level","ONT cDNA","Oarfish","TPM","Brain","B33",0.690670997439458
"Mouse","Gene level","ONT cDNA","Oarfish","TPM","Brain","B34",0.700966405493324
"Mouse","Gene level","ONT cDNA","Oarfish","TPM","Brain","B35",0.704876763334352
"Mouse","Gene level","ONT cDNA","Oarfish","TPM","B20K80","BK20801",0.739001046863468
"Mouse","Gene level","ONT cDNA","Oarfish","TPM","B20K80","BK20802",0.710489759135021
"Mouse","Gene level","ONT cDNA","Oarfish","TPM","B20K80","BK20803",0.749541088591404
"Mouse","Gene level","ONT cDNA","Oarfish","TPM","B20K80","BK20804",0.747088759141992
"Mouse","Gene level","ONT cDNA","Oarfish","TPM","B20K80","BK20805",0.75029202491753
"Mouse","Gene level","ONT cDNA","Oarfish","TPM","B80K20","BK80201",0.672707398743957
"Mouse","Gene level","ONT cDNA","Oarfish","TPM","B80K20","BK80202",0.643984589905425
"Mouse","Gene level","ONT cDNA","Oarfish","TPM","B80K20","BK80203",0.668302639047664
"Mouse","Gene level","ONT cDNA","Oarfish","TPM","B80K20","BK80204",0.6827493195974
"Mouse","Gene level","ONT cDNA","Oarfish","TPM","B80K20","BK80205",0.677492008491864
"Mouse","Gene level","ONT cDNA","Oarfish","TPM","Kidney","K31",0.825809020469912
"Mouse","Gene level","ONT cDNA","Oarfish","TPM","Kidney","K32",0.801051783434177
"Mouse","Gene level","ONT cDNA","Oarfish","TPM","Kidney","K33",0.834070628108974
"Mouse","Gene level","ONT cDNA","Oarfish","TPM","Kidney","K34",0.820459372069086
"Mouse","Gene level","ONT cDNA","Oarfish","TPM","Kidney","K35",0.844700512802037
