"Tool","Normalization","Condition","Sample","Correlation","RMSE","max_observed","min_observed","mean_expected","LengthQuantile","NRMSE","Similarity"
"bambu","CPM","LUAD","SRR30947470",0,2.76994395198618,9.38477775559316,9.38477775559316,9.38477775559316,"All",0.295152855413688,0.704847144586312
"bambu","CPM","LUAD","SRR30947471",0,2.84515134628005,9.38477775559316,9.38477775559316,9.38477775559316,"All",0.303166619431599,0.696833380568401
"bambu","CPM","LUAD","SRR30947505",0,2.79734042489097,9.38477775559316,9.38477775559316,9.38477775559316,"All",0.298072101198539,0.701927898801461
"bambu","CPM","SCLC_A","SRR30947502",0,2.8133050248709,9.38477775559316,9.38477775559316,9.38477775559316,"All",0.29977321766562,0.70022678233438
"bambu","CPM","SCLC_A","SRR30947503",0,2.8300302412837,9.38477775559316,9.38477775559316,9.38477775559316,"All",0.301555382022451,0.698444617977549
"bambu","CPM","SCLC_A","SRR30947504",0,2.87054493408977,9.38477775559316,9.38477775559316,9.38477775559316,"All",0.305872446726719,0.694127553273281
"bambu","EDA","LUAD","SRR30947470",0,2.55102341355569,9.38477775559316,9.38477775559316,9.38477775559316,"All",0.271825660659394,0.728174339340606
"bambu","EDA","LUAD","SRR30947471",0,2.60370078437252,9.38477775559316,9.38477775559316,9.38477775559316,"All",0.277438726007204,0.722561273992796
"bambu","EDA","LUAD","SRR30947505",0,2.65660248014669,9.38477775559316,9.38477775559316,9.38477775559316,"All",0.28307569442051,0.71692430557949
"bambu","EDA","SCLC_A","SRR30947502",0,2.56667667503207,9.38477775559316,9.38477775559316,9.38477775559316,"All",0.273493602286146,0.726506397713854
"bambu","EDA","SCLC_A","SRR30947503",0,2.60040924834345,9.38477775559316,9.38477775559316,9.38477775559316,"All",0.277087994629778,0.722912005370222
"bambu","EDA","SCLC_A","SRR30947504",0,2.56873148088347,9.38477775559316,9.38477775559316,9.38477775559316,"All",0.273712553219766,0.726287446780234
"bambu","TPM","LUAD","SRR30947470",0,3.60765648936542,9.38477775559316,9.38477775559316,9.38477775559316,"All",0.384415761706804,0.615584238293196
"bambu","TPM","LUAD","SRR30947471",0,3.67836053278601,9.38477775559316,9.38477775559316,9.38477775559316,"All",0.391949668770129,0.608050331229871
"bambu","TPM","LUAD","SRR30947505",0,3.64193259209224,9.38477775559316,9.38477775559316,9.38477775559316,"All",0.38806807011724,0.611931929882759
"bambu","TPM","SCLC_A","SRR30947502",0,3.67356888453271,9.38477775559316,9.38477775559316,9.38477775559316,"All",0.391439092134423,0.608560907865577
"bambu","TPM","SCLC_A","SRR30947503",0,3.67419141272253,9.38477775559316,9.38477775559316,9.38477775559316,"All",0.391505425957773,0.608494574042227
"bambu","TPM","SCLC_A","SRR30947504",0,3.74716515877048,9.38477775559316,9.38477775559316,9.38477775559316,"All",0.399281182395314,0.600718817604686
"bambu","cqn","LUAD","SRR30947470",0,2.65488482356325,9.38477775559316,9.38477775559316,9.38477775559316,"All",0.282892668606988,0.717107331393012
"bambu","cqn","LUAD","SRR30947471",0,2.67321491004002,9.38477775559316,9.38477775559316,9.38477775559316,"All",0.284845840749593,0.715154159250406
"bambu","cqn","LUAD","SRR30947505",0,2.67894237704267,9.38477775559316,9.38477775559316,9.38477775559316,"All",0.285456134051344,0.714543865948656
"bambu","cqn","SCLC_A","SRR30947502",0,2.45436130198301,9.38477775559316,9.38477775559316,9.38477775559316,"All",0.26152577779695,0.73847422220305
"bambu","cqn","SCLC_A","SRR30947503",0,2.53778145233268,9.38477775559316,9.38477775559316,9.38477775559316,"All",0.270414656417431,0.729585343582569
"bambu","cqn","SCLC_A","SRR30947504",0,2.37369935632401,9.38477775559316,9.38477775559316,9.38477775559316,"All",0.252930801148629,0.747069198851371
"bambu","ratio_counts","LUAD","SRR30947470",0,2.07872666938359,9.38477775559316,9.38477775559316,9.38477775559316,"All",0.221499829140302,0.778500170859698
"bambu","ratio_counts","LUAD","SRR30947471",0,2.10766689209945,9.38477775559316,9.38477775559316,9.38477775559316,"All",0.224583570009777,0.775416429990223
"bambu","ratio_counts","LUAD","SRR30947505",0,2.0833582799425,9.38477775559316,9.38477775559316,9.38477775559316,"All",0.221993352874111,0.778006647125889
"bambu","ratio_counts","SCLC_A","SRR30947502",0,2.07621933386311,9.38477775559316,9.38477775559316,9.38477775559316,"All",0.221232658666394,0.778767341333606
"bambu","ratio_counts","SCLC_A","SRR30947503",0,2.08813800227056,9.38477775559316,9.38477775559316,9.38477775559316,"All",0.222502658736492,0.777497341263508
"bambu","ratio_counts","SCLC_A","SRR30947504",0,2.08501819487224,9.38477775559316,9.38477775559316,9.38477775559316,"All",0.222170225994921,0.777829774005079
"flair","CPM","LUAD","SRR30947470",0,4.394397542297,9.38477775559316,9.38477775559316,9.38477775559316,"All",0.468247374284172,0.531752625715828
"flair","CPM","LUAD","SRR30947471",0,4.40613358230773,9.38477775559316,9.38477775559316,9.38477775559316,"All",0.469497914288035,0.530502085711965
"flair","CPM","LUAD","SRR30947505",0,4.39631736214429,9.38477775559316,9.38477775559316,9.38477775559316,"All",0.468451941712116,0.531548058287884
"flair","CPM","SCLC_A","SRR30947502",0,4.31651172978196,9.38477775559316,9.38477775559316,9.38477775559316,"All",0.459948209983918,0.540051790016082
"flair","CPM","SCLC_A","SRR30947503",0,4.30230746419352,9.38477775559316,9.38477775559316,9.38477775559316,"All",0.458434666886961,0.541565333113039
"flair","CPM","SCLC_A","SRR30947504",0,4.34448882158597,9.38477775559316,9.38477775559316,9.38477775559316,"All",0.462929323925304,0.537070676074696
"flair","EDA","LUAD","SRR30947470",0,4.39235173098238,9.38477775559316,9.38477775559316,9.38477775559316,"All",0.468029381768217,0.531970618231783
"flair","EDA","LUAD","SRR30947471",0,4.40868044713483,9.38477775559316,9.38477775559316,9.38477775559316,"All",0.469769296828296,0.530230703171704
"flair","EDA","LUAD","SRR30947505",0,4.4129001667431,9.38477775559316,9.38477775559316,9.38477775559316,"All",0.470218931302139,0.529781068697861
"flair","EDA","SCLC_A","SRR30947502",0,4.32331735115928,9.38477775559316,9.38477775559316,9.38477775559316,"All",0.460673386600195,0.539326613399805
"flair","EDA","SCLC_A","SRR30947503",0,4.31611325483734,9.38477775559316,9.38477775559316,9.38477775559316,"All",0.45990575027363,0.54009424972637
"flair","EDA","SCLC_A","SRR30947504",0,4.33296603295571,9.38477775559316,9.38477775559316,9.38477775559316,"All",0.461701507036045,0.538298492963955
"flair","TPM","LUAD","SRR30947470",0,4.56253271725546,9.38477775559316,9.38477775559316,9.38477775559316,"All",0.48616310754256,0.51383689245744
"flair","TPM","LUAD","SRR30947471",0,4.56777302510292,9.38477775559316,9.38477775559316,9.38477775559316,"All",0.486721491340656,0.513278508659344
"flair","TPM","LUAD","SRR30947505",0,4.56459028196326,9.38477775559316,9.38477775559316,9.38477775559316,"All",0.486382352447595,0.513617647552405
"flair","TPM","SCLC_A","SRR30947502",0,4.50742742037724,9.38477775559316,9.38477775559316,9.38477775559316,"All",0.480291333238114,0.519708666761886
"flair","TPM","SCLC_A","SRR30947503",0,4.48330831539207,9.38477775559316,9.38477775559316,9.38477775559316,"All",0.47772130914023,0.52227869085977
"flair","TPM","SCLC_A","SRR30947504",0,4.55729848598554,9.38477775559316,9.38477775559316,9.38477775559316,"All",0.485605371237425,0.514394628762575
"flair","cqn","LUAD","SRR30947470",0,4.41335061863136,9.38477775559316,9.38477775559316,9.38477775559316,"All",0.470266929443383,0.529733070556617
"flair","cqn","LUAD","SRR30947471",0,4.45166184411388,9.38477775559316,9.38477775559316,9.38477775559316,"All",0.474349202511564,0.525650797488435
"flair","cqn","LUAD","SRR30947505",0,4.4312805509327,9.38477775559316,9.38477775559316,9.38477775559316,"All",0.472177462944366,0.527822537055634
"flair","cqn","SCLC_A","SRR30947502",0,4.21090362008989,9.38477775559316,9.38477775559316,9.38477775559316,"All",0.448695081519673,0.551304918480327
"flair","cqn","SCLC_A","SRR30947503",0,4.244944722022,9.38477775559316,9.38477775559316,9.38477775559316,"All",0.452322349295069,0.547677650704931
"flair","cqn","SCLC_A","SRR30947504",0,4.19164494700782,9.38477775559316,9.38477775559316,9.38477775559316,"All",0.446642963335991,0.553357036664009
"flair","ratio_counts","LUAD","SRR30947470",0,4.23159988761466,9.38477775559316,9.38477775559316,9.38477775559316,"All",0.450900383346074,0.549099616653926
"flair","ratio_counts","LUAD","SRR30947471",0,4.23220733361084,9.38477775559316,9.38477775559316,9.38477775559316,"All",0.450965110078235,0.549034889921765
"flair","ratio_counts","LUAD","SRR30947505",0,4.23143109893291,9.38477775559316,9.38477775559316,9.38477775559316,"All",0.45088239797805,0.54911760202195
"flair","ratio_counts","SCLC_A","SRR30947502",0,4.11247601163778,9.38477775559316,9.38477775559316,9.38477775559316,"All",0.438207075195448,0.561792924804552
"flair","ratio_counts","SCLC_A","SRR30947503",0,4.11181230322175,9.38477775559316,9.38477775559316,9.38477775559316,"All",0.438136353391127,0.561863646608873
"flair","ratio_counts","SCLC_A","SRR30947504",0,4.11554880877554,9.38477775559316,9.38477775559316,9.38477775559316,"All",0.438534498733627,0.561465501266373
"isoquant","CPM","LUAD","SRR30947470",0,4.46122602151679,9.38477775559316,9.38477775559316,9.38477775559316,"All",0.475368318536683,0.524631681463317
"isoquant","CPM","LUAD","SRR30947471",0,4.46046549575071,9.38477775559316,9.38477775559316,9.38477775559316,"All",0.475287280307981,0.524712719692019
"isoquant","CPM","LUAD","SRR30947505",0,4.47904530351848,9.38477775559316,9.38477775559316,9.38477775559316,"All",0.477267061635962,0.522732938364038
"isoquant","CPM","SCLC_A","SRR30947502",0,4.48902818391083,9.38477775559316,9.38477775559316,9.38477775559316,"All",0.478330792781475,0.521669207218525
"isoquant","CPM","SCLC_A","SRR30947503",0,4.47239967896651,9.38477775559316,9.38477775559316,9.38477775559316,"All",0.476558933566758,0.523441066433242
"isoquant","CPM","SCLC_A","SRR30947504",0,4.5347208236296,9.38477775559316,9.38477775559316,9.38477775559316,"All",0.483199596381171,0.516800403618829
"isoquant","EDA","LUAD","SRR30947470",0,4.42098125355167,9.38477775559316,9.38477775559316,9.38477775559316,"All",0.471080015817832,0.528919984182167
"isoquant","EDA","LUAD","SRR30947471",0,4.4410540655931,9.38477775559316,9.38477775559316,9.38477775559316,"All",0.473218885012627,0.526781114987373
"isoquant","EDA","LUAD","SRR30947505",0,4.47932296513958,9.38477775559316,9.38477775559316,9.38477775559316,"All",0.477296648018114,0.522703351981886
"isoquant","EDA","SCLC_A","SRR30947502",0,4.48178159324772,9.38477775559316,9.38477775559316,9.38477775559316,"All",0.477558628447718,0.522441371552282
"isoquant","EDA","SCLC_A","SRR30947503",0,4.47028693178449,9.38477775559316,9.38477775559316,9.38477775559316,"All",0.476333808663746,0.523666191336254
"isoquant","EDA","SCLC_A","SRR30947504",0,4.48680707796461,9.38477775559316,9.38477775559316,9.38477775559316,"All",0.47809412165254,0.52190587834746
"isoquant","TPM","LUAD","SRR30947470",0,4.70520528255989,9.38477775559316,9.38477775559316,9.38477775559316,"All",0.501365658846388,0.498634341153612
"isoquant","TPM","LUAD","SRR30947471",0,4.6924774863795,9.38477775559316,9.38477775559316,9.38477775559316,"All",0.500009441734821,0.499990558265179
"isoquant","TPM","LUAD","SRR30947505",0,4.72467838993923,9.38477775559316,9.38477775559316,9.38477775559316,"All",0.503440626191004,0.496559373808996
"isoquant","TPM","SCLC_A","SRR30947502",0,4.71965412926187,9.38477775559316,9.38477775559316,9.38477775559316,"All",0.502905263414367,0.497094736585633
"isoquant","TPM","SCLC_A","SRR30947503",0,4.69678377232527,9.38477775559316,9.38477775559316,9.38477775559316,"All",0.500468300330934,0.499531699669066
"isoquant","TPM","SCLC_A","SRR30947504",0,4.79547000298212,9.38477775559316,9.38477775559316,9.38477775559316,"All",0.510983864282146,0.489016135717854
"isoquant","cqn","LUAD","SRR30947470",0,4.41544387716745,9.38477775559316,9.38477775559316,9.38477775559316,"All",0.470489977723332,0.529510022276668
"isoquant","cqn","LUAD","SRR30947471",0,4.44526176253613,9.38477775559316,9.38477775559316,9.38477775559316,"All",0.473667238404963,0.526332761595037
"isoquant","cqn","LUAD","SRR30947505",0,4.44382788144456,9.38477775559316,9.38477775559316,9.38477775559316,"All",0.473514450440355,0.526485549559645
"isoquant","cqn","SCLC_A","SRR30947502",0,4.3981408444667,9.38477775559316,9.38477775559316,9.38477775559316,"All",0.468646243843706,0.531353756156294
"isoquant","cqn","SCLC_A","SRR30947503",0,4.40331138192622,9.38477775559316,9.38477775559316,9.38477775559316,"All",0.469197193220897,0.530802806779103
"isoquant","cqn","SCLC_A","SRR30947504",0,4.37117560244348,9.38477775559316,9.38477775559316,9.38477775559316,"All",0.465772948095477,0.534227051904523
"isoquant","ratio_counts","LUAD","SRR30947470",0,4.2304351814463,9.38477775559316,9.38477775559316,9.38477775559316,"All",0.450776277458998,0.549223722541002
"isoquant","ratio_counts","LUAD","SRR30947471",0,4.23117316591629,9.38477775559316,9.38477775559316,9.38477775559316,"All",0.450854913787871,0.549145086212129
"isoquant","ratio_counts","LUAD","SRR30947505",0,4.23371798186248,9.38477775559316,9.38477775559316,9.38477775559316,"All",0.451126078008535,0.548873921991465
"isoquant","ratio_counts","SCLC_A","SRR30947502",0,4.24807158318731,9.38477775559316,9.38477775559316,9.38477775559316,"All",0.452655533654543,0.547344466345457
"isoquant","ratio_counts","SCLC_A","SRR30947503",0,4.24609613616663,9.38477775559316,9.38477775559316,9.38477775559316,"All",0.452445038843465,0.547554961156535
"isoquant","ratio_counts","SCLC_A","SRR30947504",0,4.24636153747305,9.38477775559316,9.38477775559316,9.38477775559316,"All",0.452473318821247,0.547526681178753
"kallisto","CPM","LUAD","SRR30947470",0,2.85578394437397,9.38477775559316,9.38477775559316,9.38477775559316,"All",0.304299581593392,0.695700418406608
"kallisto","CPM","LUAD","SRR30947471",0,2.92229186887536,9.38477775559316,9.38477775559316,9.38477775559316,"All",0.311386368966887,0.688613631033113
"kallisto","CPM","LUAD","SRR30947505",0,2.8684004576237,9.38477775559316,9.38477775559316,9.38477775559316,"All",0.305643940892919,0.694356059107081
"kallisto","CPM","SCLC_A","SRR30947502",0,2.90206901018641,9.38477775559316,9.38477775559316,9.38477775559316,"All",0.309231511471525,0.690768488528475
"kallisto","CPM","SCLC_A","SRR30947503",0,2.90181402124268,9.38477775559316,9.38477775559316,9.38477775559316,"All",0.309204340988603,0.690795659011397
"kallisto","CPM","SCLC_A","SRR30947504",0,2.92136093425807,9.38477775559316,9.38477775559316,9.38477775559316,"All",0.31128717273214,0.68871282726786
"kallisto","EDA","LUAD","SRR30947470",0,2.75113934555685,9.38477775559316,9.38477775559316,9.38477775559316,"All",0.293149120544407,0.706850879455593
"kallisto","EDA","LUAD","SRR30947471",0,2.81028434649262,9.38477775559316,9.38477775559316,9.38477775559316,"All",0.299451347669661,0.700548652330339
"kallisto","EDA","LUAD","SRR30947505",0,2.80847734943998,9.38477775559316,9.38477775559316,9.38477775559316,"All",0.299258802134785,0.700741197865215
"kallisto","EDA","SCLC_A","SRR30947502",0,2.79026255896967,9.38477775559316,9.38477775559316,9.38477775559316,"All",0.297317915419651,0.702682084580349
"kallisto","EDA","SCLC_A","SRR30947503",0,2.79299209062242,9.38477775559316,9.38477775559316,9.38477775559316,"All",0.297608762120962,0.702391237879038
"kallisto","EDA","SCLC_A","SRR30947504",0,2.77395851243876,9.38477775559316,9.38477775559316,9.38477775559316,"All",0.295580629044255,0.704419370955745
"kallisto","TPM","LUAD","SRR30947470",0,3.47478403432147,9.38477775559316,9.38477775559316,9.38477775559316,"All",0.370257466379591,0.629742533620409
"kallisto","TPM","LUAD","SRR30947471",0,3.55007139759497,9.38477775559316,9.38477775559316,9.38477775559316,"All",0.378279751534787,0.621720248465213
"kallisto","TPM","LUAD","SRR30947505",0,3.48100571215963,9.38477775559316,9.38477775559316,9.38477775559316,"All",0.370920420580552,0.629079579419448
"kallisto","TPM","SCLC_A","SRR30947502",0,3.54873923915829,9.38477775559316,9.38477775559316,9.38477775559316,"All",0.378137802681934,0.621862197318066
"kallisto","TPM","SCLC_A","SRR30947503",0,3.54383788101927,9.38477775559316,9.38477775559316,9.38477775559316,"All",0.377615535850831,0.622384464149169
"kallisto","TPM","SCLC_A","SRR30947504",0,3.58226085346244,9.38477775559316,9.38477775559316,9.38477775559316,"All",0.381709716176015,0.618290283823985
"kallisto","cqn","LUAD","SRR30947470",0,2.75198675959453,9.38477775559316,9.38477775559316,9.38477775559316,"All",0.29323941719924,0.70676058280076
"kallisto","cqn","LUAD","SRR30947471",0,2.8036351573735,9.38477775559316,9.38477775559316,9.38477775559316,"All",0.298742839776102,0.701257160223898
"kallisto","cqn","LUAD","SRR30947505",0,2.78653023564908,9.38477775559316,9.38477775559316,9.38477775559316,"All",0.296920215717241,0.703079784282759
"kallisto","cqn","SCLC_A","SRR30947502",0,2.66335799003498,9.38477775559316,9.38477775559316,9.38477775559316,"All",0.283795531380343,0.716204468619657
"kallisto","cqn","SCLC_A","SRR30947503",0,2.70688894919699,9.38477775559316,9.38477775559316,9.38477775559316,"All",0.288433995955177,0.711566004044823
"kallisto","cqn","SCLC_A","SRR30947504",0,2.65564909422971,9.38477775559316,9.38477775559316,9.38477775559316,"All",0.282974105875548,0.717025894124452
"kallisto","ratio_counts","LUAD","SRR30947470",0,2.5174651732519,9.38477775559316,9.38477775559316,9.38477775559316,"All",0.268249844462383,0.731750155537617
"kallisto","ratio_counts","LUAD","SRR30947471",0,2.54195417789982,9.38477775559316,9.38477775559316,9.38477775559316,"All",0.270859283416153,0.729140716583847
"kallisto","ratio_counts","LUAD","SRR30947505",0,2.52319001428808,9.38477775559316,9.38477775559316,9.38477775559316,"All",0.268859857952875,0.731140142047125
"kallisto","ratio_counts","SCLC_A","SRR30947502",0,2.52021926160087,9.38477775559316,9.38477775559316,9.38477775559316,"All",0.268543307815559,0.731456692184441
"kallisto","ratio_counts","SCLC_A","SRR30947503",0,2.52198930388677,9.38477775559316,9.38477775559316,9.38477775559316,"All",0.268731915615552,0.731268084384447
"kallisto","ratio_counts","SCLC_A","SRR30947504",0,2.52338955714102,9.38477775559316,9.38477775559316,9.38477775559316,"All",0.268881120348015,0.731118879651985
"oarfish","CPM","LUAD","SRR30947470",0,2.7380383266375,9.38477775559316,9.38477775559316,9.38477775559316,"All",0.291753134484796,0.708246865515204
"oarfish","CPM","LUAD","SRR30947471",0,2.81826076753423,9.38477775559316,9.38477775559316,9.38477775559316,"All",0.300301279468722,0.699698720531278
"oarfish","CPM","LUAD","SRR30947505",0,2.74740515721941,9.38477775559316,9.38477775559316,9.38477775559316,"All",0.292751222114131,0.707248777885868
"oarfish","CPM","SCLC_A","SRR30947502",0,2.7910024680244,9.38477775559316,9.38477775559316,9.38477775559316,"All",0.297396756823678,0.702603243176322
"oarfish","CPM","SCLC_A","SRR30947503",0,2.78884877114165,9.38477775559316,9.38477775559316,9.38477775559316,"All",0.29716726850346,0.70283273149654
"oarfish","CPM","SCLC_A","SRR30947504",0,2.83060580620819,9.38477775559316,9.38477775559316,9.38477775559316,"All",0.301616711650012,0.698383288349988
"oarfish","EDA","LUAD","SRR30947470",0,2.56465946501605,9.38477775559316,9.38477775559316,9.38477775559316,"All",0.273278657396822,0.726721342603178
"oarfish","EDA","LUAD","SRR30947471",0,2.62316042344845,9.38477775559316,9.38477775559316,9.38477775559316,"All",0.279512258229567,0.720487741770433
"oarfish","EDA","LUAD","SRR30947505",0,2.62974415257682,9.38477775559316,9.38477775559316,9.38477775559316,"All",0.28021379099889,0.71978620900111
"oarfish","EDA","SCLC_A","SRR30947502",0,2.60744537683355,9.38477775559316,9.38477775559316,9.38477775559316,"All",0.27783773305442,0.72216226694558
"oarfish","EDA","SCLC_A","SRR30947503",0,2.61461411107009,9.38477775559316,9.38477775559316,9.38477775559316,"All",0.278601601355112,0.721398398644888
"oarfish","EDA","SCLC_A","SRR30947504",0,2.61462445787479,9.38477775559316,9.38477775559316,9.38477775559316,"All",0.278602703864407,0.721397296135593
"oarfish","TPM","LUAD","SRR30947470",0,3.47500536336589,9.38477775559316,9.38477775559316,9.38477775559316,"All",0.370281050213987,0.629718949786013
"oarfish","TPM","LUAD","SRR30947471",0,3.56518763554501,9.38477775559316,9.38477775559316,9.38477775559316,"All",0.379890470333219,0.620109529666781
"oarfish","TPM","LUAD","SRR30947505",0,3.48104909796157,9.38477775559316,9.38477775559316,9.38477775559316,"All",0.370925043577822,0.629074956422178
"oarfish","TPM","SCLC_A","SRR30947502",0,3.56102929872213,9.38477775559316,9.38477775559316,9.38477775559316,"All",0.379447376534817,0.620552623465183
"oarfish","TPM","SCLC_A","SRR30947503",0,3.54382285408475,9.38477775559316,9.38477775559316,9.38477775559316,"All",0.377613934647807,0.622386065352193
"oarfish","TPM","SCLC_A","SRR30947504",0,3.61651951988706,9.38477775559316,9.38477775559316,9.38477775559316,"All",0.385360166651968,0.614639833348032
"oarfish","cqn","LUAD","SRR30947470",0,2.59422066225544,9.38477775559316,9.38477775559316,9.38477775559316,"All",0.276428566537905,0.723571433462095
"oarfish","cqn","LUAD","SRR30947471",0,2.6446028396219,9.38477775559316,9.38477775559316,9.38477775559316,"All",0.281797066323256,0.718202933676744
"oarfish","cqn","LUAD","SRR30947505",0,2.61401467892131,9.38477775559316,9.38477775559316,9.38477775559316,"All",0.278537728542736,0.721462271457264
"oarfish","cqn","SCLC_A","SRR30947502",0,2.52444484926563,9.38477775559316,9.38477775559316,9.38477775559316,"All",0.268993567563292,0.731006432436708
"oarfish","cqn","SCLC_A","SRR30947503",0,2.56540163049789,9.38477775559316,9.38477775559316,9.38477775559316,"All",0.273357739235642,0.726642260764358
"oarfish","cqn","SCLC_A","SRR30947504",0,2.47501535734461,9.38477775559316,9.38477775559316,9.38477775559316,"All",0.263726581683785,0.736273418316215
"oarfish","ratio_counts","LUAD","SRR30947470",0,2.30443965927563,9.38477775559316,9.38477775559316,9.38477775559316,"All",0.245550797183474,0.754449202816526
"oarfish","ratio_counts","LUAD","SRR30947471",0,2.33430481216464,9.38477775559316,9.38477775559316,9.38477775559316,"All",0.248733094480946,0.751266905519054
"oarfish","ratio_counts","LUAD","SRR30947505",0,2.30757349109764,9.38477775559316,9.38477775559316,9.38477775559316,"All",0.245884724304991,0.754115275695009
"oarfish","ratio_counts","SCLC_A","SRR30947502",0,2.30586744507405,9.38477775559316,9.38477775559316,9.38477775559316,"All",0.245702935660867,0.754297064339133
"oarfish","ratio_counts","SCLC_A","SRR30947503",0,2.30853845349565,9.38477775559316,9.38477775559316,9.38477775559316,"All",0.245987546388065,0.754012453611935
"oarfish","ratio_counts","SCLC_A","SRR30947504",0,2.31181537415325,9.38477775559316,9.38477775559316,9.38477775559316,"All",0.246336720416789,0.753663279583211
"bambu","CPM","LUAD","SRR30947470",NA,2.56121407058068,9.38477775559316,9.38477775559316,9.38477775559316,"1115.5-2425.25",0.272911531554835,0.727088468445165
"bambu","CPM","LUAD","SRR30947470",NA,2.52409004962237,9.38477775559316,9.38477775559316,9.38477775559316,"191-603",0.268955761698039,0.731044238301961
"bambu","CPM","LUAD","SRR30947470",NA,3.50091168711018,9.38477775559316,9.38477775559316,9.38477775559316,"2425.25-12059",0.373041512360131,0.626958487639869
"bambu","CPM","LUAD","SRR30947470",NA,2.34587451789125,9.38477775559316,9.38477775559316,9.38477775559316,"603-1115.5",0.249965910646435,0.750034089353565
"bambu","CPM","LUAD","SRR30947471",NA,2.56802882402999,9.38477775559316,9.38477775559316,9.38477775559316,"1115.5-2425.25",0.273637681243916,0.726362318756084
"bambu","CPM","LUAD","SRR30947471",NA,2.54606554083002,9.38477775559316,9.38477775559316,9.38477775559316,"191-603",0.271297371886362,0.728702628113638
"bambu","CPM","LUAD","SRR30947471",NA,3.69444572412189,9.38477775559316,9.38477775559316,9.38477775559316,"2425.25-12059",0.393663634913471,0.606336365086529
"bambu","CPM","LUAD","SRR30947471",NA,2.37768663730597,9.38477775559316,9.38477775559316,9.38477775559316,"603-1115.5",0.253355668000652,0.746644331999348
"bambu","CPM","LUAD","SRR30947505",NA,2.58829106371625,9.38477775559316,9.38477775559316,9.38477775559316,"1115.5-2425.25",0.275796735002454,0.724203264997546
"bambu","CPM","LUAD","SRR30947505",NA,2.49600121545864,9.38477775559316,9.38477775559316,9.38477775559316,"191-603",0.265962740989904,0.734037259010096
"bambu","CPM","LUAD","SRR30947505",NA,3.57524421181652,9.38477775559316,9.38477775559316,9.38477775559316,"2425.25-12059",0.380962054182449,0.619037945817551
"bambu","CPM","LUAD","SRR30947505",NA,2.36406639896276,9.38477775559316,9.38477775559316,9.38477775559316,"603-1115.5",0.251904356238358,0.748095643761642
"bambu","CPM","SCLC_A","SRR30947502",NA,2.62401788083976,9.38477775559316,9.38477775559316,9.38477775559316,"1115.5-2425.25",0.279603625059304,0.720396374940696
"bambu","CPM","SCLC_A","SRR30947502",NA,2.47921042157546,9.38477775559316,9.38477775559316,9.38477775559316,"191-603",0.264173588990735,0.735826411009265
"bambu","CPM","SCLC_A","SRR30947502",NA,3.60832868407525,9.38477775559316,9.38477775559316,9.38477775559316,"2425.25-12059",0.384487387772689,0.615512612227311
"bambu","CPM","SCLC_A","SRR30947502",NA,2.36785780952319,9.38477775559316,9.38477775559316,9.38477775559316,"603-1115.5",0.25230835201313,0.74769164798687
"bambu","CPM","SCLC_A","SRR30947503",NA,2.62410115966716,9.38477775559316,9.38477775559316,9.38477775559316,"1115.5-2425.25",0.279612498879181,0.720387501120819
"bambu","CPM","SCLC_A","SRR30947503",NA,2.54116152398132,9.38477775559316,9.38477775559316,9.38477775559316,"191-603",0.270774821755031,0.729225178244969
"bambu","CPM","SCLC_A","SRR30947503",NA,3.58678756725471,9.38477775559316,9.38477775559316,9.38477775559316,"2425.25-12059",0.382192062578898,0.617807937421102
"bambu","CPM","SCLC_A","SRR30947503",NA,2.41409006182008,9.38477775559316,9.38477775559316,9.38477775559316,"603-1115.5",0.25723465431894,0.74276534568106
"bambu","CPM","SCLC_A","SRR30947504",NA,2.72813410969246,9.38477775559316,9.38477775559316,9.38477775559316,"1115.5-2425.25",0.290697785364874,0.709302214635126
"bambu","CPM","SCLC_A","SRR30947504",NA,2.48690046202676,9.38477775559316,9.38477775559316,9.38477775559316,"191-603",0.264993005353229,0.735006994646771
"bambu","CPM","SCLC_A","SRR30947504",NA,3.67402701241287,9.38477775559316,9.38477775559316,9.38477775559316,"2425.25-12059",0.391487908195078,0.608512091804922
"bambu","CPM","SCLC_A","SRR30947504",NA,2.41541896119035,9.38477775559316,9.38477775559316,9.38477775559316,"603-1115.5",0.257376255900232,0.742623744099768
"bambu","EDA","LUAD","SRR30947470",NA,2.39191771737128,9.38477775559316,9.38477775559316,9.38477775559316,"1115.5-2425.25",0.254872068328495,0.745127931671505
"bambu","EDA","LUAD","SRR30947470",NA,2.51097245435618,9.38477775559316,9.38477775559316,9.38477775559316,"191-603",0.267558009336949,0.732441990663051
"bambu","EDA","LUAD","SRR30947470",NA,2.91368822007021,9.38477775559316,9.38477775559316,9.38477775559316,"2425.25-12059",0.310469602578889,0.689530397421111
"bambu","EDA","LUAD","SRR30947470",NA,2.34841430523902,9.38477775559316,9.38477775559316,9.38477775559316,"603-1115.5",0.250236539042111,0.749763460957889
"bambu","EDA","LUAD","SRR30947471",NA,2.41137731375973,9.38477775559316,9.38477775559316,9.38477775559316,"1115.5-2425.25",0.256945596002271,0.743054403997729
"bambu","EDA","LUAD","SRR30947471",NA,2.5278967527924,9.38477775559316,9.38477775559316,9.38477775559316,"191-603",0.269361386984984,0.730638613015016
"bambu","EDA","LUAD","SRR30947471",NA,3.03835050953512,9.38477775559316,9.38477775559316,9.38477775559316,"2425.25-12059",0.323753059333165,0.676246940666835
"bambu","EDA","LUAD","SRR30947471",NA,2.38337045741582,9.38477775559316,9.38477775559316,9.38477775559316,"603-1115.5",0.253961310484457,0.746038689515543
"bambu","EDA","LUAD","SRR30947505",NA,2.51434779543272,9.38477775559316,9.38477775559316,9.38477775559316,"1115.5-2425.25",0.267917670605914,0.732082329394086
"bambu","EDA","LUAD","SRR30947505",NA,2.4825373021097,9.38477775559316,9.38477775559316,9.38477775559316,"191-603",0.264528086520765,0.735471913479235
"bambu","EDA","LUAD","SRR30947505",NA,3.17729340069349,9.38477775559316,9.38477775559316,9.38477775559316,"2425.25-12059",0.338558193218787,0.661441806781213
"bambu","EDA","LUAD","SRR30947505",NA,2.37697650456042,9.38477775559316,9.38477775559316,9.38477775559316,"603-1115.5",0.253279999427135,0.746720000572865
"bambu","EDA","SCLC_A","SRR30947502",NA,2.45576761977641,9.38477775559316,9.38477775559316,9.38477775559316,"1115.5-2425.25",0.261675628739617,0.738324371260383
"bambu","EDA","SCLC_A","SRR30947502",NA,2.4699541961555,9.38477775559316,9.38477775559316,9.38477775559316,"191-603",0.263187286953434,0.736812713046566
"bambu","EDA","SCLC_A","SRR30947502",NA,2.93291619394333,9.38477775559316,9.38477775559316,9.38477775559316,"2425.25-12059",0.312518449591985,0.687481550408015
"bambu","EDA","SCLC_A","SRR30947502",NA,2.37020059962678,9.38477775559316,9.38477775559316,9.38477775559316,"603-1115.5",0.252557989262365,0.747442010737634
"bambu","EDA","SCLC_A","SRR30947503",NA,2.47900210675842,9.38477775559316,9.38477775559316,9.38477775559316,"1115.5-2425.25",0.264151391894281,0.735848608105719
"bambu","EDA","SCLC_A","SRR30947503",NA,2.52735679799048,9.38477775559316,9.38477775559316,9.38477775559316,"191-603",0.26930385181303,0.73069614818697
"bambu","EDA","SCLC_A","SRR30947503",NA,2.94133110516887,9.38477775559316,9.38477775559316,9.38477775559316,"2425.25-12059",0.313415104946506,0.686584895053494
"bambu","EDA","SCLC_A","SRR30947503",NA,2.42159049708769,9.38477775559316,9.38477775559316,9.38477775559316,"603-1115.5",0.258033867199942,0.741966132800058
"bambu","EDA","SCLC_A","SRR30947504",NA,2.46767595866235,9.38477775559316,9.38477775559316,9.38477775559316,"1115.5-2425.25",0.262944528142039,0.737055471857961
"bambu","EDA","SCLC_A","SRR30947504",NA,2.47217038423454,9.38477775559316,9.38477775559316,9.38477775559316,"191-603",0.263423434056408,0.736576565943592
"bambu","EDA","SCLC_A","SRR30947504",NA,2.89078355805692,9.38477775559316,9.38477775559316,9.38477775559316,"2425.25-12059",0.308028984099711,0.691971015900289
"bambu","EDA","SCLC_A","SRR30947504",NA,2.41574937821547,9.38477775559316,9.38477775559316,9.38477775559316,"603-1115.5",0.257411463662603,0.742588536337397
"bambu","TPM","LUAD","SRR30947470",NA,3.21946241573574,9.38477775559316,9.38477775559316,9.38477775559316,"1115.5-2425.25",0.34305153511142,0.65694846488858
"bambu","TPM","LUAD","SRR30947470",NA,2.53089554368357,9.38477775559316,9.38477775559316,9.38477775559316,"191-603",0.26968092474808,0.73031907525192
"bambu","TPM","LUAD","SRR30947470",NA,5.42872644118923,9.38477775559316,9.38477775559316,9.38477775559316,"2425.25-12059",0.578460841862111,0.421539158137889
"bambu","TPM","LUAD","SRR30947470",NA,2.41232255480109,9.38477775559316,9.38477775559316,9.38477775559316,"603-1115.5",0.257046316665666,0.742953683334334
"bambu","TPM","LUAD","SRR30947471",NA,3.23260761999205,9.38477775559316,9.38477775559316,9.38477775559316,"1115.5-2425.25",0.34445222936318,0.65554777063682
"bambu","TPM","LUAD","SRR30947471",NA,2.54405020917616,9.38477775559316,9.38477775559316,9.38477775559316,"191-603",0.271082627146919,0.728917372853081
"bambu","TPM","LUAD","SRR30947471",NA,5.58743796540942,9.38477775559316,9.38477775559316,9.38477775559316,"2425.25-12059",0.595372432989093,0.404627567010907
"bambu","TPM","LUAD","SRR30947471",NA,2.44539124225403,9.38477775559316,9.38477775559316,9.38477775559316,"603-1115.5",0.260569968297504,0.739430031702496
"bambu","TPM","LUAD","SRR30947505",NA,3.25246402112332,9.38477775559316,9.38477775559316,9.38477775559316,"1115.5-2425.25",0.346568038777999,0.653431961222001
"bambu","TPM","LUAD","SRR30947505",NA,2.51035500363618,9.38477775559316,9.38477775559316,9.38477775559316,"191-603",0.267492216546104,0.732507783453896
"bambu","TPM","LUAD","SRR30947505",NA,5.49965062286377,9.38477775559316,9.38477775559316,9.38477775559316,"2425.25-12059",0.586018205874516,0.413981794125484
"bambu","TPM","LUAD","SRR30947505",NA,2.43477526577428,9.38477775559316,9.38477775559316,9.38477775559316,"603-1115.5",0.259438777260676,0.740561222739324
"bambu","TPM","SCLC_A","SRR30947502",NA,3.3007528124684,9.38477775559316,9.38477775559316,9.38477775559316,"1115.5-2425.25",0.351713476699138,0.648286523300862
"bambu","TPM","SCLC_A","SRR30947502",NA,2.48831481894283,9.38477775559316,9.38477775559316,9.38477775559316,"191-603",0.265143712908901,0.734856287091099
"bambu","TPM","SCLC_A","SRR30947502",NA,5.56326309420225,9.38477775559316,9.38477775559316,9.38477775559316,"2425.25-12059",0.592796466691675,0.407203533308325
"bambu","TPM","SCLC_A","SRR30947502",NA,2.43800274305144,9.38477775559316,9.38477775559316,9.38477775559316,"603-1115.5",0.259782682823622,0.740217317176378
"bambu","TPM","SCLC_A","SRR30947503",NA,3.29142935928323,9.38477775559316,9.38477775559316,9.38477775559316,"1115.5-2425.25",0.350720011171452,0.649279988828548
"bambu","TPM","SCLC_A","SRR30947503",NA,2.54664735037037,9.38477775559316,9.38477775559316,9.38477775559316,"191-603",0.271359366912297,0.728640633087703
"bambu","TPM","SCLC_A","SRR30947503",NA,5.52352622756745,9.38477775559316,9.38477775559316,9.38477775559316,"2425.25-12059",0.588562283670013,0.411437716329987
"bambu","TPM","SCLC_A","SRR30947503",NA,2.48404271468317,9.38477775559316,9.38477775559316,9.38477775559316,"603-1115.5",0.264688496560584,0.735311503439416
"bambu","TPM","SCLC_A","SRR30947504",NA,3.44595556556824,9.38477775559316,9.38477775559316,9.38477775559316,"1115.5-2425.25",0.367185633513219,0.632814366486781
"bambu","TPM","SCLC_A","SRR30947504",NA,2.49460453867012,9.38477775559316,9.38477775559316,9.38477775559316,"191-603",0.265813917349655,0.734186082650345
"bambu","TPM","SCLC_A","SRR30947504",NA,5.64433011901568,9.38477775559316,9.38477775559316,9.38477775559316,"2425.25-12059",0.601434606765382,0.398565393234618
"bambu","TPM","SCLC_A","SRR30947504",NA,2.49175898749495,9.38477775559316,9.38477775559316,9.38477775559316,"603-1115.5",0.265510708126242,0.734489291873758
"bambu","cqn","LUAD","SRR30947470",NA,2.3894766489224,9.38477775559316,9.38477775559316,9.38477775559316,"1115.5-2425.25",0.254611958977751,0.745388041022249
"bambu","cqn","LUAD","SRR30947470",NA,2.54257502107616,9.38477775559316,9.38477775559316,9.38477775559316,"191-603",0.270925437691993,0.729074562308007
"bambu","cqn","LUAD","SRR30947470",NA,3.18170759671682,9.38477775559316,9.38477775559316,9.38477775559316,"2425.25-12059",0.33902855023078,0.66097144976922
"bambu","cqn","LUAD","SRR30947470",NA,2.42818946562959,9.38477775559316,9.38477775559316,9.38477775559316,"603-1115.5",0.258737023813104,0.741262976186896
"bambu","cqn","LUAD","SRR30947471",NA,2.43711930054856,9.38477775559316,9.38477775559316,9.38477775559316,"1115.5-2425.25",0.25968854713646,0.74031145286354
"bambu","cqn","LUAD","SRR30947471",NA,2.52140172115164,9.38477775559316,9.38477775559316,9.38477775559316,"191-603",0.268669305423768,0.731330694576232
"bambu","cqn","LUAD","SRR30947471",NA,3.21329057754241,9.38477775559316,9.38477775559316,9.38477775559316,"2425.25-12059",0.3423938916004,0.6576061083996
"bambu","cqn","LUAD","SRR30947471",NA,2.44173265546935,9.38477775559316,9.38477775559316,9.38477775559316,"603-1115.5",0.260180125631012,0.739819874368988
"bambu","cqn","LUAD","SRR30947505",NA,2.37977059928001,9.38477775559316,9.38477775559316,9.38477775559316,"1115.5-2425.25",0.253577725680473,0.746422274319527
"bambu","cqn","LUAD","SRR30947505",NA,2.49988333808662,9.38477775559316,9.38477775559316,9.38477775559316,"191-603",0.266376402637423,0.733623597362577
"bambu","cqn","LUAD","SRR30947505",NA,3.33182323655584,9.38477775559316,9.38477775559316,9.38477775559316,"2425.25-12059",0.355024202312104,0.644975797687896
"bambu","cqn","LUAD","SRR30947505",NA,2.38603397904686,9.38477775559316,9.38477775559316,9.38477775559316,"603-1115.5",0.254245123452692,0.745754876547308
"bambu","cqn","SCLC_A","SRR30947502",NA,2.30590687460097,9.38477775559316,9.38477775559316,9.38477775559316,"1115.5-2425.25",0.245707137095143,0.754292862904857
"bambu","cqn","SCLC_A","SRR30947502",NA,2.39643517839048,9.38477775559316,9.38477775559316,9.38477775559316,"191-603",0.255353428797208,0.744646571202792
"bambu","cqn","SCLC_A","SRR30947502",NA,2.78510288615747,9.38477775559316,9.38477775559316,9.38477775559316,"2425.25-12059",0.296768123730751,0.703231876269249
"bambu","cqn","SCLC_A","SRR30947502",NA,2.29753159665866,9.38477775559316,9.38477775559316,9.38477775559316,"603-1115.5",0.244814704886258,0.755185295113742
"bambu","cqn","SCLC_A","SRR30947503",NA,2.39262779459481,9.38477775559316,9.38477775559316,9.38477775559316,"1115.5-2425.25",0.254947730985834,0.745052269014166
"bambu","cqn","SCLC_A","SRR30947503",NA,2.49719101778009,9.38477775559316,9.38477775559316,9.38477775559316,"191-603",0.266089521010959,0.733910478989041
"bambu","cqn","SCLC_A","SRR30947503",NA,2.85796101089539,9.38477775559316,9.38477775559316,9.38477775559316,"2425.25-12059",0.304531560077924,0.695468439922076
"bambu","cqn","SCLC_A","SRR30947503",NA,2.37334509009281,9.38477775559316,9.38477775559316,9.38477775559316,"603-1115.5",0.252893052121383,0.747106947878617
"bambu","cqn","SCLC_A","SRR30947504",NA,2.25949549608748,9.38477775559316,9.38477775559316,9.38477775559316,"1115.5-2425.25",0.240761747899769,0.759238252100231
"bambu","cqn","SCLC_A","SRR30947504",NA,2.35520646187951,9.38477775559316,9.38477775559316,9.38477775559316,"191-603",0.250960280916173,0.749039719083827
"bambu","cqn","SCLC_A","SRR30947504",NA,2.56529142654943,9.38477775559316,9.38477775559316,9.38477775559316,"2425.25-12059",0.273345996395127,0.726654003604873
"bambu","cqn","SCLC_A","SRR30947504",NA,2.30320582206747,9.38477775559316,9.38477775559316,9.38477775559316,"603-1115.5",0.245419325001575,0.754580674998425
"bambu","ratio_counts","LUAD","SRR30947470",NA,2.05940677435438,9.38477775559316,9.38477775559316,9.38477775559316,"1115.5-2425.25",0.219441187419384,0.780558812580616
"bambu","ratio_counts","LUAD","SRR30947470",NA,2.07107193265791,9.38477775559316,9.38477775559316,9.38477775559316,"191-603",0.220684174585124,0.779315825414876
"bambu","ratio_counts","LUAD","SRR30947470",NA,2.12747681409722,9.38477775559316,9.38477775559316,9.38477775559316,"2425.25-12059",0.226694426815732,0.773305573184268
"bambu","ratio_counts","LUAD","SRR30947470",NA,2.05615307236718,9.38477775559316,9.38477775559316,9.38477775559316,"603-1115.5",0.219094487468469,0.780905512531531
"bambu","ratio_counts","LUAD","SRR30947471",NA,2.05461662594703,9.38477775559316,9.38477775559316,9.38477775559316,"1115.5-2425.25",0.218930770600563,0.781069229399437
"bambu","ratio_counts","LUAD","SRR30947471",NA,2.08003580269486,9.38477775559316,9.38477775559316,9.38477775559316,"191-603",0.221639324538634,0.778360675461366
"bambu","ratio_counts","LUAD","SRR30947471",NA,2.22902611327573,9.38477775559316,9.38477775559316,9.38477775559316,"2425.25-12059",0.237515066560555,0.762484933439445
"bambu","ratio_counts","LUAD","SRR30947471",NA,2.06215495984979,9.38477775559316,9.38477775559316,9.38477775559316,"603-1115.5",0.21973402179085,0.78026597820915
"bambu","ratio_counts","LUAD","SRR30947505",NA,2.05895409314246,9.38477775559316,9.38477775559316,9.38477775559316,"1115.5-2425.25",0.219392951731367,0.780607048268633
"bambu","ratio_counts","LUAD","SRR30947505",NA,2.06687403404585,9.38477775559316,9.38477775559316,9.38477775559316,"191-603",0.220236865259172,0.779763134740828
"bambu","ratio_counts","LUAD","SRR30947505",NA,2.14848152961318,9.38477775559316,9.38477775559316,9.38477775559316,"2425.25-12059",0.228932595482373,0.771067404517627
"bambu","ratio_counts","LUAD","SRR30947505",NA,2.0577399682783,9.38477775559316,9.38477775559316,9.38477775559316,"603-1115.5",0.219263580008799,0.780736419991201
"bambu","ratio_counts","SCLC_A","SRR30947502",NA,2.05925354001196,9.38477775559316,9.38477775559316,9.38477775559316,"1115.5-2425.25",0.219424859452285,0.780575140547715
"bambu","ratio_counts","SCLC_A","SRR30947502",NA,2.06459902962037,9.38477775559316,9.38477775559316,9.38477775559316,"191-603",0.219994450949028,0.780005549050972
"bambu","ratio_counts","SCLC_A","SRR30947502",NA,2.12080006751407,9.38477775559316,9.38477775559316,9.38477775559316,"2425.25-12059",0.225982982521894,0.774017017478106
"bambu","ratio_counts","SCLC_A","SRR30947502",NA,2.05957754592999,9.38477775559316,9.38477775559316,9.38477775559316,"603-1115.5",0.21945938407572,0.78054061592428
"bambu","ratio_counts","SCLC_A","SRR30947503",NA,2.06355030878315,9.38477775559316,9.38477775559316,9.38477775559316,"1115.5-2425.25",0.219882703940784,0.780117296059216
"bambu","ratio_counts","SCLC_A","SRR30947503",NA,2.07762804856281,9.38477775559316,9.38477775559316,9.38477775559316,"191-603",0.221382765012691,0.778617234987309
"bambu","ratio_counts","SCLC_A","SRR30947503",NA,2.13919719045596,9.38477775559316,9.38477775559316,9.38477775559316,"2425.25-12059",0.227943297770801,0.772056702229199
"bambu","ratio_counts","SCLC_A","SRR30947503",NA,2.07131322146058,9.38477775559316,9.38477775559316,9.38477775559316,"603-1115.5",0.220709885242207,0.779290114757793
"bambu","ratio_counts","SCLC_A","SRR30947504",NA,2.06383650839008,9.38477775559316,9.38477775559316,9.38477775559316,"1115.5-2425.25",0.219913200092572,0.780086799907428
"bambu","ratio_counts","SCLC_A","SRR30947504",NA,2.07073224190721,9.38477775559316,9.38477775559316,9.38477775559316,"191-603",0.220647978655977,0.779352021344023
"bambu","ratio_counts","SCLC_A","SRR30947504",NA,2.1313680039568,9.38477775559316,9.38477775559316,9.38477775559316,"2425.25-12059",0.227109054626951,0.772890945373049
"bambu","ratio_counts","SCLC_A","SRR30947504",NA,2.07343212391064,9.38477775559316,9.38477775559316,9.38477775559316,"603-1115.5",0.220935666023089,0.779064333976911
"flair","CPM","LUAD","SRR30947470",NA,1.50481163874424,9.38477775559316,9.38477775559316,9.38477775559316,"1115.5-2425.25",0.160346006899034,0.839653993100966
"flair","CPM","LUAD","SRR30947470",NA,1.18565986737894,9.38477775559316,9.38477775559316,9.38477775559316,"191-603",0.126338619651627,0.873661380348373
"flair","CPM","LUAD","SRR30947470",NA,8.49558408506437,9.38477775559316,9.38477775559316,9.38477775559316,"2425.25-12059",0.905251494101835,0.0947485058981651
"flair","CPM","LUAD","SRR30947470",NA,1.18225323149117,9.38477775559316,9.38477775559316,9.38477775559316,"603-1115.5",0.125975623747357,0.874024376252643
"flair","CPM","LUAD","SRR30947471",NA,1.5388134656948,9.38477775559316,9.38477775559316,9.38477775559316,"1115.5-2425.25",0.163969089707819,0.836030910292181
"flair","CPM","LUAD","SRR30947471",NA,1.30279908723447,9.38477775559316,9.38477775559316,9.38477775559316,"191-603",0.13882045171054,0.86117954828946
"flair","CPM","LUAD","SRR30947471",NA,8.4864169820716,9.38477775559316,9.38477775559316,9.38477775559316,"2425.25-12059",0.904274688552305,0.0957253114476949
"flair","CPM","LUAD","SRR30947471",NA,1.25361359400091,9.38477775559316,9.38477775559316,9.38477775559316,"603-1115.5",0.133579465241335,0.866420534758665
"flair","CPM","LUAD","SRR30947505",NA,1.53188024142595,9.38477775559316,9.38477775559316,9.38477775559316,"1115.5-2425.25",0.163230316297366,0.836769683702634
"flair","CPM","LUAD","SRR30947505",NA,1.20725010314151,9.38477775559316,9.38477775559316,9.38477775559316,"191-603",0.128639178740488,0.871360821259512
"flair","CPM","LUAD","SRR30947505",NA,8.49062325545394,9.38477775559316,9.38477775559316,9.38477775559316,"2425.25-12059",0.904722890256371,0.0952771097436286
"flair","CPM","LUAD","SRR30947505",NA,1.18980344725647,9.38477775559316,9.38477775559316,9.38477775559316,"603-1115.5",0.126780141015846,0.873219858984154
"flair","CPM","SCLC_A","SRR30947502",NA,1.77310596151246,9.38477775559316,9.38477775559316,9.38477775559316,"1115.5-2425.25",0.18893425158158,0.81106574841842
"flair","CPM","SCLC_A","SRR30947502",NA,1.32155652146397,9.38477775559316,9.38477775559316,9.38477775559316,"191-603",0.140819160120904,0.859180839879096
"flair","CPM","SCLC_A","SRR30947502",NA,8.25143931415765,9.38477775559316,9.38477775559316,9.38477775559316,"2425.25-12059",0.879236517800322,0.120763482199678
"flair","CPM","SCLC_A","SRR30947502",NA,1.2459642482751,9.38477775559316,9.38477775559316,9.38477775559316,"603-1115.5",0.132764385127024,0.867235614872976
"flair","CPM","SCLC_A","SRR30947503",NA,1.69854605584025,9.38477775559316,9.38477775559316,9.38477775559316,"1115.5-2425.25",0.180989481059149,0.819010518940851
"flair","CPM","SCLC_A","SRR30947503",NA,1.31597993345699,9.38477775559316,9.38477775559316,9.38477775559316,"191-603",0.140224943811024,0.859775056188976
"flair","CPM","SCLC_A","SRR30947503",NA,8.23406696855634,9.38477775559316,9.38477775559316,9.38477775559316,"2425.25-12059",0.877385398247603,0.122614601752397
"flair","CPM","SCLC_A","SRR30947503",NA,1.27384352809846,9.38477775559316,9.38477775559316,9.38477775559316,"603-1115.5",0.135735076660635,0.864264923339365
"flair","CPM","SCLC_A","SRR30947504",NA,1.92064628428287,9.38477775559316,9.38477775559316,9.38477775559316,"1115.5-2425.25",0.204655489378872,0.795344510621128
"flair","CPM","SCLC_A","SRR30947504",NA,1.28252334370219,9.38477775559316,9.38477775559316,9.38477775559316,"191-603",0.136659959042485,0.863340040957515
"flair","CPM","SCLC_A","SRR30947504",NA,8.27639166952226,9.38477775559316,9.38477775559316,9.38477775559316,"2425.25-12059",0.88189532933688,0.11810467066312
"flair","CPM","SCLC_A","SRR30947504",NA,1.29070722463839,9.38477775559316,9.38477775559316,9.38477775559316,"603-1115.5",0.137531996841284,0.862468003158717
"flair","EDA","LUAD","SRR30947470",NA,1.48962891747716,9.38477775559316,9.38477775559316,9.38477775559316,"1115.5-2425.25",0.15872820393529,0.84127179606471
"flair","EDA","LUAD","SRR30947470",NA,1.15355628895778,9.38477775559316,9.38477775559316,9.38477775559316,"191-603",0.122917805727502,0.877082194272498
"flair","EDA","LUAD","SRR30947470",NA,8.4969780666729,9.38477775559316,9.38477775559316,9.38477775559316,"2425.25-12059",0.905400030555742,0.0945999694442577
"flair","EDA","LUAD","SRR30947470",NA,1.19276662661108,9.38477775559316,9.38477775559316,9.38477775559316,"603-1115.5",0.127095884172666,0.872904115827334
"flair","EDA","LUAD","SRR30947471",NA,1.57614853103019,9.38477775559316,9.38477775559316,9.38477775559316,"1115.5-2425.25",0.167947347510795,0.832052652489205
"flair","EDA","LUAD","SRR30947471",NA,1.23859507037343,9.38477775559316,9.38477775559316,9.38477775559316,"191-603",0.131979158444668,0.868020841555332
"flair","EDA","LUAD","SRR30947471",NA,8.49298924635347,9.38477775559316,9.38477775559316,9.38477775559316,"2425.25-12059",0.904974999678794,0.0950250003212059
"flair","EDA","LUAD","SRR30947471",NA,1.26357621887175,9.38477775559316,9.38477775559316,9.38477775559316,"603-1115.5",0.134641038048949,0.865358961951051
"flair","EDA","LUAD","SRR30947505",NA,1.65387402472077,9.38477775559316,9.38477775559316,9.38477775559316,"1115.5-2425.25",0.176229428953188,0.823770571046812
"flair","EDA","LUAD","SRR30947505",NA,1.17759259994187,9.38477775559316,9.38477775559316,9.38477775559316,"191-603",0.125479007666435,0.874520992333565
"flair","EDA","LUAD","SRR30947505",NA,8.50152565390387,9.38477775559316,9.38477775559316,9.38477775559316,"2425.25-12059",0.905884601139022,0.094115398860978
"flair","EDA","LUAD","SRR30947505",NA,1.22343347244368,9.38477775559316,9.38477775559316,9.38477775559316,"603-1115.5",0.130363606289401,0.869636393710599
"flair","EDA","SCLC_A","SRR30947502",NA,1.81190537624137,9.38477775559316,9.38477775559316,9.38477775559316,"1115.5-2425.25",0.193068543915332,0.806931456084668
"flair","EDA","SCLC_A","SRR30947502",NA,1.31190208743239,9.38477775559316,9.38477775559316,9.38477775559316,"191-603",0.139790426752569,0.860209573247431
"flair","EDA","SCLC_A","SRR30947502",NA,8.26017570518301,9.38477775559316,9.38477775559316,9.38477775559316,"2425.25-12059",0.880167428606404,0.119832571393596
"flair","EDA","SCLC_A","SRR30947502",NA,1.23681074355864,9.38477775559316,9.38477775559316,9.38477775559316,"603-1115.5",0.131789028549081,0.86821097145092
"flair","EDA","SCLC_A","SRR30947503",NA,1.79601023253228,9.38477775559316,9.38477775559316,9.38477775559316,"1115.5-2425.25",0.191374828398242,0.808625171601758
"flair","EDA","SCLC_A","SRR30947503",NA,1.26871143339301,9.38477775559316,9.38477775559316,9.38477775559316,"191-603",0.135188223571611,0.864811776428389
"flair","EDA","SCLC_A","SRR30947503",NA,8.24678606948192,9.38477775559316,9.38477775559316,9.38477775559316,"2425.25-12059",0.878740688831654,0.121259311168346
"flair","EDA","SCLC_A","SRR30947503",NA,1.29250631795231,9.38477775559316,9.38477775559316,9.38477775559316,"603-1115.5",0.137723700189064,0.862276299810936
"flair","EDA","SCLC_A","SRR30947504",NA,1.8551250136621,9.38477775559316,9.38477775559316,9.38477775559316,"1115.5-2425.25",0.197673835435952,0.802326164564048
"flair","EDA","SCLC_A","SRR30947504",NA,1.24353451877662,9.38477775559316,9.38477775559316,9.38477775559316,"191-603",0.132505484004189,0.867494515995811
"flair","EDA","SCLC_A","SRR30947504",NA,8.27141712076019,9.38477775559316,9.38477775559316,9.38477775559316,"2425.25-12059",0.881365263639896,0.118634736360104
"flair","EDA","SCLC_A","SRR30947504",NA,1.3016030384427,9.38477775559316,9.38477775559316,9.38477775559316,"603-1115.5",0.138693006093508,0.861306993906492
"flair","TPM","LUAD","SRR30947470",NA,2.52280394795018,9.38477775559316,9.38477775559316,9.38477775559316,"1115.5-2425.25",0.268818720448296,0.731181279551704
"flair","TPM","LUAD","SRR30947470",NA,1.11639039690901,9.38477775559316,9.38477775559316,9.38477775559316,"191-603",0.118957574274325,0.881042425725675
"flair","TPM","LUAD","SRR30947470",NA,8.5870858766859,9.38477775559316,9.38477775559316,9.38477775559316,"2425.25-12059",0.915001516319143,0.0849984836808571
"flair","TPM","LUAD","SRR30947470",NA,1.38488557376546,9.38477775559316,9.38477775559316,9.38477775559316,"603-1115.5",0.147567221071388,0.852432778928612
"flair","TPM","LUAD","SRR30947471",NA,2.54191767251083,9.38477775559316,9.38477775559316,9.38477775559316,"1115.5-2425.25",0.270855393564956,0.729144606435044
"flair","TPM","LUAD","SRR30947471",NA,1.18999840830349,9.38477775559316,9.38477775559316,9.38477775559316,"191-603",0.126800915194212,0.873199084805788
"flair","TPM","LUAD","SRR30947471",NA,8.5720678792088,9.38477775559316,9.38477775559316,9.38477775559316,"2425.25-12059",0.913401265586711,0.0865987344132895
"flair","TPM","LUAD","SRR30947471",NA,1.4492799053601,9.38477775559316,9.38477775559316,9.38477775559316,"603-1115.5",0.154428793425221,0.845571206574779
"flair","TPM","LUAD","SRR30947505",NA,2.54745790057359,9.38477775559316,9.38477775559316,9.38477775559316,"1115.5-2425.25",0.271445735521584,0.728554264478416
"flair","TPM","LUAD","SRR30947505",NA,1.13719062277127,9.38477775559316,9.38477775559316,9.38477775559316,"191-603",0.121173953436833,0.878826046563167
"flair","TPM","LUAD","SRR30947505",NA,8.5787091726472,9.38477775559316,9.38477775559316,9.38477775559316,"2425.25-12059",0.914108932151797,0.085891067848203
"flair","TPM","LUAD","SRR30947505",NA,1.40176404298256,9.38477775559316,9.38477775559316,9.38477775559316,"603-1115.5",0.149365715362533,0.850634284637467
"flair","TPM","SCLC_A","SRR30947502",NA,2.7715907622021,9.38477775559316,9.38477775559316,9.38477775559316,"1115.5-2425.25",0.295328332154726,0.704671667845274
"flair","TPM","SCLC_A","SRR30947502",NA,1.23753247848696,9.38477775559316,9.38477775559316,9.38477775559316,"191-603",0.131865933399372,0.868134066600628
"flair","TPM","SCLC_A","SRR30947502",NA,8.36575136091996,9.38477775559316,9.38477775559316,9.38477775559316,"2425.25-12059",0.891417098922148,0.108582901077852
"flair","TPM","SCLC_A","SRR30947502",NA,1.43826631007823,9.38477775559316,9.38477775559316,9.38477775559316,"603-1115.5",0.153255233904826,0.846744766095174
"flair","TPM","SCLC_A","SRR30947503",NA,2.69460527782832,9.38477775559316,9.38477775559316,9.38477775559316,"1115.5-2425.25",0.287125102799838,0.712874897200162
"flair","TPM","SCLC_A","SRR30947503",NA,1.23142785421319,9.38477775559316,9.38477775559316,9.38477775559316,"191-603",0.131215451903406,0.868784548096594
"flair","TPM","SCLC_A","SRR30947503",NA,8.33607960304104,9.38477775559316,9.38477775559316,9.38477775559316,"2425.25-12059",0.888255408933141,0.111744591066859
"flair","TPM","SCLC_A","SRR30947503",NA,1.46036929979565,9.38477775559316,9.38477775559316,9.38477775559316,"603-1115.5",0.15561042976487,0.84438957023513
"flair","TPM","SCLC_A","SRR30947504",NA,2.94768747803565,9.38477775559316,9.38477775559316,9.38477775559316,"1115.5-2425.25",0.314092411648095,0.685907588351905
"flair","TPM","SCLC_A","SRR30947504",NA,1.20866471905032,9.38477775559316,9.38477775559316,9.38477775559316,"191-603",0.128789913893271,0.871210086106729
"flair","TPM","SCLC_A","SRR30947504",NA,8.40800404318218,9.38477775559316,9.38477775559316,9.38477775559316,"2425.25-12059",0.895919356020036,0.104080643979964
"flair","TPM","SCLC_A","SRR30947504",NA,1.49385879521839,9.38477775559316,9.38477775559316,9.38477775559316,"603-1115.5",0.159178920814409,0.840821079185591
"flair","cqn","LUAD","SRR30947470",NA,1.71935617929408,9.38477775559316,9.38477775559316,9.38477775559316,"1115.5-2425.25",0.183206914864806,0.816793085135194
"flair","cqn","LUAD","SRR30947470",NA,1.46065976298405,9.38477775559316,9.38477775559316,9.38477775559316,"191-603",0.155641380224857,0.844358619775143
"flair","cqn","LUAD","SRR30947470",NA,8.35670999380488,9.38477775559316,9.38477775559316,9.38477775559316,"2425.25-12059",0.890453691226138,0.109546308773862
"flair","cqn","LUAD","SRR30947470",NA,1.72810306314742,9.38477775559316,9.38477775559316,9.38477775559316,"603-1115.5",0.18413894373977,0.81586105626023
"flair","cqn","LUAD","SRR30947471",NA,1.96239048801807,9.38477775559316,9.38477775559316,9.38477775559316,"1115.5-2425.25",0.209103565276069,0.790896434723931
"flair","cqn","LUAD","SRR30947471",NA,1.52112864026308,9.38477775559316,9.38477775559316,9.38477775559316,"191-603",0.162084673700079,0.837915326299921
"flair","cqn","LUAD","SRR30947471",NA,8.36607269652123,9.38477775559316,9.38477775559316,9.38477775559316,"2425.25-12059",0.891451339008556,0.108548660991444
"flair","cqn","LUAD","SRR30947471",NA,1.76442386239454,9.38477775559316,9.38477775559316,9.38477775559316,"603-1115.5",0.188009125878658,0.811990874121342
"flair","cqn","LUAD","SRR30947505",NA,1.92564944399567,9.38477775559316,9.38477775559316,9.38477775559316,"1115.5-2425.25",0.205188603730975,0.794811396269026
"flair","cqn","LUAD","SRR30947505",NA,1.3970714760442,9.38477775559316,9.38477775559316,9.38477775559316,"191-603",0.148865696389195,0.851134303610805
"flair","cqn","LUAD","SRR30947505",NA,8.3734466675445,9.38477775559316,9.38477775559316,9.38477775559316,"2425.25-12059",0.89223707642454,0.10776292357546
"flair","cqn","LUAD","SRR30947505",NA,1.66446558983606,9.38477775559316,9.38477775559316,9.38477775559316,"603-1115.5",0.177358018824054,0.822641981175946
"flair","cqn","SCLC_A","SRR30947502",NA,1.12248666898926,9.38477775559316,9.38477775559316,9.38477775559316,"1115.5-2425.25",0.119607165797856,0.880392834202144
"flair","cqn","SCLC_A","SRR30947502",NA,1.09867331530052,9.38477775559316,9.38477775559316,9.38477775559316,"191-603",0.117069721192463,0.882930278807537
"flair","cqn","SCLC_A","SRR30947502",NA,8.21289208334487,9.38477775559316,9.38477775559316,9.38477775559316,"2425.25-12059",0.87512909705828,0.12487090294172
"flair","cqn","SCLC_A","SRR30947502",NA,1.00408238818513,9.38477775559316,9.38477775559316,9.38477775559316,"603-1115.5",0.106990534494727,0.893009465505273
"flair","cqn","SCLC_A","SRR30947503",NA,1.3342898993452,9.38477775559316,9.38477775559316,9.38477775559316,"1115.5-2425.25",0.142175971993581,0.857824028006419
"flair","cqn","SCLC_A","SRR30947503",NA,1.18818321262231,9.38477775559316,9.38477775559316,9.38477775559316,"191-603",0.126607496050098,0.873392503949902
"flair","cqn","SCLC_A","SRR30947503",NA,8.2175828454381,9.38477775559316,9.38477775559316,9.38477775559316,"2425.25-12059",0.875628923715383,0.124371076284617
"flair","cqn","SCLC_A","SRR30947503",NA,1.16509487519221,9.38477775559316,9.38477775559316,9.38477775559316,"603-1115.5",0.1241473059389,0.8758526940611
"flair","cqn","SCLC_A","SRR30947504",NA,0.950773462085718,9.38477775559316,9.38477775559316,9.38477775559316,"1115.5-2425.25",0.10131017343688,0.89868982656312
"flair","cqn","SCLC_A","SRR30947504",NA,1.01843909112037,9.38477775559316,9.38477775559316,9.38477775559316,"191-603",0.108520320634487,0.891479679365513
"flair","cqn","SCLC_A","SRR30947504",NA,8.20989268070781,9.38477775559316,9.38477775559316,9.38477775559316,"2425.25-12059",0.874809494110275,0.125190505889725
"flair","cqn","SCLC_A","SRR30947504",NA,0.967482950669699,9.38477775559316,9.38477775559316,9.38477775559316,"603-1115.5",0.103090661906522,0.896909338093478
"flair","ratio_counts","LUAD","SRR30947470",NA,0.292526620389781,9.38477775559316,9.38477775559316,9.38477775559316,"1115.5-2425.25",0.0311703300821844,0.968829669917816
"flair","ratio_counts","LUAD","SRR30947470",NA,0.323293285777249,9.38477775559316,9.38477775559316,9.38477775559316,"191-603",0.0344486885248371,0.965551311475163
"flair","ratio_counts","LUAD","SRR30947470",NA,8.44468580186673,9.38477775559316,9.38477775559316,9.38477775559316,"2425.25-12059",0.89982800038433,0.10017199961567
"flair","ratio_counts","LUAD","SRR30947470",NA,0.350630533363378,9.38477775559316,9.38477775559316,9.38477775559316,"603-1115.5",0.037361623524266,0.962638376475734
"flair","ratio_counts","LUAD","SRR30947471",NA,0.253163605289308,9.38477775559316,9.38477775559316,9.38477775559316,"1115.5-2425.25",0.0269759830101919,0.973024016989808
"flair","ratio_counts","LUAD","SRR30947471",NA,0.367974539057234,9.38477775559316,9.38477775559316,9.38477775559316,"191-603",0.0392097233030295,0.96079027669697
"flair","ratio_counts","LUAD","SRR30947471",NA,8.44403164950511,9.38477775559316,9.38477775559316,9.38477775559316,"2425.25-12059",0.899758296830483,0.100241703169517
"flair","ratio_counts","LUAD","SRR30947471",NA,0.380983055261086,9.38477775559316,9.38477775559316,9.38477775559316,"603-1115.5",0.040595852686445,0.959404147313555
"flair","ratio_counts","LUAD","SRR30947505",NA,0.277766273482199,9.38477775559316,9.38477775559316,9.38477775559316,"1115.5-2425.25",0.0295975334436295,0.970402466556371
"flair","ratio_counts","LUAD","SRR30947505",NA,0.33279573925854,9.38477775559316,9.38477775559316,9.38477775559316,"191-603",0.0354612275245623,0.964538772475438
"flair","ratio_counts","LUAD","SRR30947505",NA,8.44443421687141,9.38477775559316,9.38477775559316,9.38477775559316,"2425.25-12059",0.899801192610947,0.100198807389053
"flair","ratio_counts","LUAD","SRR30947505",NA,0.351653565664643,9.38477775559316,9.38477775559316,9.38477775559316,"603-1115.5",0.0374706332768577,0.962529366723142
"flair","ratio_counts","SCLC_A","SRR30947502",NA,0.418161780194132,9.38477775559316,9.38477775559316,9.38477775559316,"1115.5-2425.25",0.044557451554451,0.955442548445549
"flair","ratio_counts","SCLC_A","SRR30947502",NA,0.417811558350703,9.38477775559316,9.38477775559316,9.38477775559316,"191-603",0.0445201334791008,0.955479866520899
"flair","ratio_counts","SCLC_A","SRR30947502",NA,8.19374958477842,9.38477775559316,9.38477775559316,9.38477775559316,"2425.25-12059",0.873089357912082,0.126910642087918
"flair","ratio_counts","SCLC_A","SRR30947502",NA,0.403581162124262,9.38477775559316,9.38477775559316,9.38477775559316,"603-1115.5",0.0430038060180738,0.956996193981926
"flair","ratio_counts","SCLC_A","SRR30947503",NA,0.35913220439582,9.38477775559316,9.38477775559316,9.38477775559316,"1115.5-2425.25",0.0382675236162928,0.961732476383707
"flair","ratio_counts","SCLC_A","SRR30947503",NA,0.396650694110689,9.38477775559316,9.38477775559316,9.38477775559316,"191-603",0.0422653263018714,0.957734673698129
"flair","ratio_counts","SCLC_A","SRR30947503",NA,8.19585258173664,9.38477775559316,9.38477775559316,9.38477775559316,"2425.25-12059",0.873313443874796,0.126686556125204
"flair","ratio_counts","SCLC_A","SRR30947503",NA,0.41193981692865,9.38477775559316,9.38477775559316,9.38477775559316,"603-1115.5",0.0438944669396291,0.956105533060371
"flair","ratio_counts","SCLC_A","SRR30947504",NA,0.450668108707674,9.38477775559316,9.38477775559316,9.38477775559316,"1115.5-2425.25",0.0480211807295153,0.951978819270485
"flair","ratio_counts","SCLC_A","SRR30947504",NA,0.439070430494614,9.38477775559316,9.38477775559316,9.38477775559316,"191-603",0.0467853839408116,0.953214616059188
"flair","ratio_counts","SCLC_A","SRR30947504",NA,8.19342746924277,9.38477775559316,9.38477775559316,9.38477775559316,"2425.25-12059",0.87305503471935,0.12694496528065
"flair","ratio_counts","SCLC_A","SRR30947504",NA,0.47204841782626,9.38477775559316,9.38477775559316,9.38477775559316,"603-1115.5",0.0502993709728425,0.949700629027158
"isoquant","CPM","LUAD","SRR30947470",NA,2.9275746694756,9.38477775559316,9.38477775559316,9.38477775559316,"1115.5-2425.25",0.311949280602923,0.688050719397077
"isoquant","CPM","LUAD","SRR30947470",NA,0.940622136360332,9.38477775559316,9.38477775559316,9.38477775559316,"191-603",0.100228493509049,0.899771506490952
"isoquant","CPM","LUAD","SRR30947470",NA,8.26967317192588,9.38477775559316,9.38477775559316,9.38477775559316,"2425.25-12059",0.881179436241557,0.118820563758443
"isoquant","CPM","LUAD","SRR30947470",NA,1.32935798075504,9.38477775559316,9.38477775559316,9.38477775559316,"603-1115.5",0.141650448777305,0.858349551222695
"isoquant","CPM","LUAD","SRR30947471",NA,2.90731365186442,9.38477775559316,9.38477775559316,9.38477775559316,"1115.5-2425.25",0.309790357063247,0.690209642936753
"isoquant","CPM","LUAD","SRR30947471",NA,0.947739249768085,9.38477775559316,9.38477775559316,9.38477775559316,"191-603",0.100986861324793,0.899013138675207
"isoquant","CPM","LUAD","SRR30947471",NA,8.25748867118271,9.38477775559316,9.38477775559316,9.38477775559316,"2425.25-12059",0.87988111026512,0.12011888973488
"isoquant","CPM","LUAD","SRR30947471",NA,1.43045735502723,9.38477775559316,9.38477775559316,9.38477775559316,"603-1115.5",0.152423146533726,0.847576853466274
"isoquant","CPM","LUAD","SRR30947505",NA,2.98208912093615,9.38477775559316,9.38477775559316,9.38477775559316,"1115.5-2425.25",0.317758097058705,0.682241902941295
"isoquant","CPM","LUAD","SRR30947505",NA,0.954842149294416,9.38477775559316,9.38477775559316,9.38477775559316,"191-603",0.101743714572819,0.898256285427181
"isoquant","CPM","LUAD","SRR30947505",NA,8.25957826992548,9.38477775559316,9.38477775559316,9.38477775559316,"2425.25-12059",0.88010376857384,0.11989623142616
"isoquant","CPM","LUAD","SRR30947505",NA,1.49069617011103,9.38477775559316,9.38477775559316,9.38477775559316,"603-1115.5",0.158841925609012,0.841158074390988
"isoquant","CPM","SCLC_A","SRR30947502",NA,2.85241601925267,9.38477775559316,9.38477775559316,9.38477775559316,"1115.5-2425.25",0.303940710535493,0.696059289464507
"isoquant","CPM","SCLC_A","SRR30947502",NA,1.40432842460932,9.38477775559316,9.38477775559316,9.38477775559316,"191-603",0.149638964414727,0.850361035585273
"isoquant","CPM","SCLC_A","SRR30947502",NA,8.26722394254554,9.38477775559316,9.38477775559316,9.38477775559316,"2425.25-12059",0.880918457298408,0.119081542701592
"isoquant","CPM","SCLC_A","SRR30947502",NA,1.46631816347263,9.38477775559316,9.38477775559316,9.38477775559316,"603-1115.5",0.156244314107356,0.843755685892643
"isoquant","CPM","SCLC_A","SRR30947503",NA,2.82639137789077,9.38477775559316,9.38477775559316,9.38477775559316,"1115.5-2425.25",0.301167640992489,0.698832359007511
"isoquant","CPM","SCLC_A","SRR30947503",NA,1.35072919539161,9.38477775559316,9.38477775559316,9.38477775559316,"191-603",0.143927669953249,0.856072330046751
"isoquant","CPM","SCLC_A","SRR30947503",NA,8.24778915067247,9.38477775559316,9.38477775559316,9.38477775559316,"2425.25-12059",0.878847572683002,0.121152427316998
"isoquant","CPM","SCLC_A","SRR30947503",NA,1.47324543081922,9.38477775559316,9.38477775559316,9.38477775559316,"603-1115.5",0.156982452774781,0.843017547225219
"isoquant","CPM","SCLC_A","SRR30947504",NA,3.05722891541403,9.38477775559316,9.38477775559316,9.38477775559316,"1115.5-2425.25",0.325764657942164,0.674235342057836
"isoquant","CPM","SCLC_A","SRR30947504",NA,1.33188065897278,9.38477775559316,9.38477775559316,9.38477775559316,"191-603",0.141919254100504,0.858080745899496
"isoquant","CPM","SCLC_A","SRR30947504",NA,8.30023406616418,9.38477775559316,9.38477775559316,9.38477775559316,"2425.25-12059",0.884435868629642,0.115564131370358
"isoquant","CPM","SCLC_A","SRR30947504",NA,1.49677369997541,9.38477775559316,9.38477775559316,9.38477775559316,"603-1115.5",0.159489520045731,0.840510479954269
"isoquant","EDA","LUAD","SRR30947470",NA,2.74932625008828,9.38477775559316,9.38477775559316,9.38477775559316,"1115.5-2425.25",0.292955925189569,0.707044074810431
"isoquant","EDA","LUAD","SRR30947470",NA,0.934228813342988,9.38477775559316,9.38477775559316,9.38477775559316,"191-603",0.099547249564456,0.900452750435544
"isoquant","EDA","LUAD","SRR30947470",NA,8.24448932802191,9.38477775559316,9.38477775559316,9.38477775559316,"2425.25-12059",0.878495958320201,0.121504041679799
"isoquant","EDA","LUAD","SRR30947470",NA,1.33308604075249,9.38477775559316,9.38477775559316,9.38477775559316,"603-1115.5",0.142047694199044,0.857952305800956
"isoquant","EDA","LUAD","SRR30947471",NA,2.81468673541761,9.38477775559316,9.38477775559316,9.38477775559316,"1115.5-2425.25",0.29992044656999,0.70007955343001
"isoquant","EDA","LUAD","SRR30947471",NA,0.945195270532908,9.38477775559316,9.38477775559316,9.38477775559316,"191-603",0.100715786260318,0.899284213739682
"isoquant","EDA","LUAD","SRR30947471",NA,8.24375829062298,9.38477775559316,9.38477775559316,9.38477775559316,"2425.25-12059",0.87841806224019,0.12158193775981
"isoquant","EDA","LUAD","SRR30947471",NA,1.45479846779383,9.38477775559316,9.38477775559316,9.38477775559316,"603-1115.5",0.15501682678919,0.84498317321081
"isoquant","EDA","LUAD","SRR30947505",NA,2.97239739011321,9.38477775559316,9.38477775559316,9.38477775559316,"1115.5-2425.25",0.316725389510872,0.683274610489128
"isoquant","EDA","LUAD","SRR30947505",NA,0.965911276502817,9.38477775559316,9.38477775559316,9.38477775559316,"191-603",0.102923191327269,0.897076808672731
"isoquant","EDA","LUAD","SRR30947505",NA,8.25526961088303,9.38477775559316,9.38477775559316,9.38477775559316,"2425.25-12059",0.879644657111144,0.120355342888856
"isoquant","EDA","LUAD","SRR30947505",NA,1.52961750673534,9.38477775559316,9.38477775559316,9.38477775559316,"603-1115.5",0.162989209395366,0.837010790604634
"isoquant","EDA","SCLC_A","SRR30947502",NA,2.81079038403657,9.38477775559316,9.38477775559316,9.38477775559316,"1115.5-2425.25",0.299505268770098,0.700494731229902
"isoquant","EDA","SCLC_A","SRR30947502",NA,1.40962692178565,9.38477775559316,9.38477775559316,9.38477775559316,"191-603",0.150203548607802,0.849796451392198
"isoquant","EDA","SCLC_A","SRR30947502",NA,8.25832430367628,9.38477775559316,9.38477775559316,9.38477775559316,"2425.25-12059",0.879970151531235,0.120029848468765
"isoquant","EDA","SCLC_A","SRR30947502",NA,1.50264901157616,9.38477775559316,9.38477775559316,9.38477775559316,"603-1115.5",0.160115567007499,0.839884432992501
"isoquant","EDA","SCLC_A","SRR30947503",NA,2.80678898299618,9.38477775559316,9.38477775559316,9.38477775559316,"1115.5-2425.25",0.299078897347716,0.700921102652284
"isoquant","EDA","SCLC_A","SRR30947503",NA,1.35696497538074,9.38477775559316,9.38477775559316,9.38477775559316,"191-603",0.144592126816431,0.855407873183569
"isoquant","EDA","SCLC_A","SRR30947503",NA,8.24340482396815,9.38477775559316,9.38477775559316,9.38477775559316,"2425.25-12059",0.878380398412229,0.121619601587771
"isoquant","EDA","SCLC_A","SRR30947503",NA,1.50356894708319,9.38477775559316,9.38477775559316,9.38477775559316,"603-1115.5",0.160213591226185,0.839786408773815
"isoquant","EDA","SCLC_A","SRR30947504",NA,2.85323800472518,9.38477775559316,9.38477775559316,9.38477775559316,"1115.5-2425.25",0.304028297635999,0.695971702364001
"isoquant","EDA","SCLC_A","SRR30947504",NA,1.33096927367767,9.38477775559316,9.38477775559316,9.38477775559316,"191-603",0.14182214095421,0.85817785904579
"isoquant","EDA","SCLC_A","SRR30947504",NA,8.26508368764244,9.38477775559316,9.38477775559316,9.38477775559316,"2425.25-12059",0.880690401295502,0.119309598704498
"isoquant","EDA","SCLC_A","SRR30947504",NA,1.51713425136928,9.38477775559316,9.38477775559316,9.38477775559316,"603-1115.5",0.161659049460718,0.838340950539282
"isoquant","TPM","LUAD","SRR30947470",NA,3.78102291519257,9.38477775559316,9.38477775559316,9.38477775559316,"1115.5-2425.25",0.402888913692085,0.597111086307915
"isoquant","TPM","LUAD","SRR30947470",NA,1.07098510355023,9.38477775559316,9.38477775559316,9.38477775559316,"191-603",0.114119389019302,0.885880610980698
"isoquant","TPM","LUAD","SRR30947470",NA,8.40524500181221,9.38477775559316,9.38477775559316,9.38477775559316,"2425.25-12059",0.895625364895065,0.104374635104935
"isoquant","TPM","LUAD","SRR30947470",NA,1.56988537364708,9.38477775559316,9.38477775559316,9.38477775559316,"603-1115.5",0.167279973434795,0.832720026565205
"isoquant","TPM","LUAD","SRR30947471",NA,3.73547637639606,9.38477775559316,9.38477775559316,9.38477775559316,"1115.5-2425.25",0.398035677954098,0.601964322045902
"isoquant","TPM","LUAD","SRR30947471",NA,1.05114125887285,9.38477775559316,9.38477775559316,9.38477775559316,"191-603",0.112004917564125,0.887995082435875
"isoquant","TPM","LUAD","SRR30947471",NA,8.38373187602136,9.38477775559316,9.38477775559316,9.38477775559316,"2425.25-12059",0.893333022300375,0.106666977699625
"isoquant","TPM","LUAD","SRR30947471",NA,1.65279701324131,9.38477775559316,9.38477775559316,9.38477775559316,"603-1115.5",0.176114667420469,0.823885332579531
"isoquant","TPM","LUAD","SRR30947505",NA,3.8415083452365,9.38477775559316,9.38477775559316,9.38477775559316,"1115.5-2425.25",0.409333970956001,0.590666029043998
"isoquant","TPM","LUAD","SRR30947505",NA,1.08127616940781,9.38477775559316,9.38477775559316,9.38477775559316,"191-603",0.115215959031464,0.884784040968536
"isoquant","TPM","LUAD","SRR30947505",NA,8.38844420074226,9.38477775559316,9.38477775559316,9.38477775559316,"2425.25-12059",0.893835146574771,0.106164853425229
"isoquant","TPM","LUAD","SRR30947505",NA,1.73147420524175,9.38477775559316,9.38477775559316,9.38477775559316,"603-1115.5",0.184498157583947,0.815501842416053
"isoquant","TPM","SCLC_A","SRR30947502",NA,3.67326039513543,9.38477775559316,9.38477775559316,9.38477775559316,"1115.5-2425.25",0.391406220882134,0.608593779117866
"isoquant","TPM","SCLC_A","SRR30947502",NA,1.48543715071604,9.38477775559316,9.38477775559316,9.38477775559316,"191-603",0.158281547991986,0.841718452008015
"isoquant","TPM","SCLC_A","SRR30947502",NA,8.39931862313647,9.38477775559316,9.38477775559316,9.38477775559316,"2425.25-12059",0.894993876453881,0.105006123546119
"isoquant","TPM","SCLC_A","SRR30947502",NA,1.68897057620003,9.38477775559316,9.38477775559316,9.38477775559316,"603-1115.5",0.179969160718104,0.820030839281896
"isoquant","TPM","SCLC_A","SRR30947503",NA,3.64235930306051,9.38477775559316,9.38477775559316,9.38477775559316,"1115.5-2425.25",0.388113538532091,0.611886461467909
"isoquant","TPM","SCLC_A","SRR30947503",NA,1.44280116789127,9.38477775559316,9.38477775559316,9.38477775559316,"191-603",0.153738448098186,0.846261551901814
"isoquant","TPM","SCLC_A","SRR30947503",NA,8.36720543637177,9.38477775559316,9.38477775559316,9.38477775559316,"2425.25-12059",0.891572038707583,0.108427961292417
"isoquant","TPM","SCLC_A","SRR30947503",NA,1.69721180139745,9.38477775559316,9.38477775559316,9.38477775559316,"603-1115.5",0.180847308865246,0.819152691134754
"isoquant","TPM","SCLC_A","SRR30947504",NA,3.93780510240488,9.38477775559316,9.38477775559316,9.38477775559316,"1115.5-2425.25",0.419594923284999,0.580405076715001
"isoquant","TPM","SCLC_A","SRR30947504",NA,1.41959404554239,9.38477775559316,9.38477775559316,9.38477775559316,"191-603",0.151265600796602,0.848734399203398
"isoquant","TPM","SCLC_A","SRR30947504",NA,8.45271583500116,9.38477775559316,9.38477775559316,9.38477775559316,"2425.25-12059",0.900683644848541,0.0993163551514585
"isoquant","TPM","SCLC_A","SRR30947504",NA,1.73671210396559,9.38477775559316,9.38477775559316,9.38477775559316,"603-1115.5",0.185056284676592,0.814943715323408
"isoquant","cqn","LUAD","SRR30947470",NA,2.70947585632693,9.38477775559316,9.38477775559316,9.38477775559316,"1115.5-2425.25",0.288709645224377,0.711290354775623
"isoquant","cqn","LUAD","SRR30947470",NA,0.900393804083891,9.38477775559316,9.38477775559316,9.38477775559316,"191-603",0.0959419421037725,0.904058057896228
"isoquant","cqn","LUAD","SRR30947470",NA,8.22759769773646,9.38477775559316,9.38477775559316,9.38477775559316,"2425.25-12059",0.876696061644397,0.123303938355603
"isoquant","cqn","LUAD","SRR30947470",NA,1.46261622971044,9.38477775559316,9.38477775559316,9.38477775559316,"603-1115.5",0.155849852580553,0.844150147419447
"isoquant","cqn","LUAD","SRR30947471",NA,2.84196976434883,9.38477775559316,9.38477775559316,9.38477775559316,"1115.5-2425.25",0.302827604271722,0.697172395728278
"isoquant","cqn","LUAD","SRR30947471",NA,0.902704412050778,9.38477775559316,9.38477775559316,9.38477775559316,"191-603",0.096188150168264,0.903811849831736
"isoquant","cqn","LUAD","SRR30947471",NA,8.22635819979133,9.38477775559316,9.38477775559316,9.38477775559316,"2425.25-12059",0.876563986279651,0.123436013720349
"isoquant","cqn","LUAD","SRR30947471",NA,1.57377632514295,9.38477775559316,9.38477775559316,9.38477775559316,"603-1115.5",0.167694575847042,0.832305424152958
"isoquant","cqn","LUAD","SRR30947505",NA,2.80509250809273,9.38477775559316,9.38477775559316,9.38477775559316,"1115.5-2425.25",0.298898128559406,0.701101871440594
"isoquant","cqn","LUAD","SRR30947505",NA,0.96143727349625,9.38477775559316,9.38477775559316,9.38477775559316,"191-603",0.102446461550275,0.897553538449725
"isoquant","cqn","LUAD","SRR30947505",NA,8.2335185418038,9.38477775559316,9.38477775559316,9.38477775559316,"2425.25-12059",0.87732696034243,0.12267303965757
"isoquant","cqn","LUAD","SRR30947505",NA,1.55135159508202,9.38477775559316,9.38477775559316,9.38477775559316,"603-1115.5",0.165305096773064,0.834694903226936
"isoquant","cqn","SCLC_A","SRR30947502",NA,2.52503260245058,9.38477775559316,9.38477775559316,9.38477775559316,"1115.5-2425.25",0.269056195917448,0.730943804082552
"isoquant","cqn","SCLC_A","SRR30947502",NA,1.25137741354895,9.38477775559316,9.38477775559316,9.38477775559316,"191-603",0.133341187840399,0.866658812159601
"isoquant","cqn","SCLC_A","SRR30947502",NA,8.22732509634517,9.38477775559316,9.38477775559316,9.38477775559316,"2425.25-12059",0.87666701445773,0.12333298554227
"isoquant","cqn","SCLC_A","SRR30947502",NA,1.32059010882828,9.38477775559316,9.38477775559316,9.38477775559316,"603-1115.5",0.140716183506981,0.859283816493019
"isoquant","cqn","SCLC_A","SRR30947503",NA,2.56536265744595,9.38477775559316,9.38477775559316,9.38477775559316,"1115.5-2425.25",0.273353586441303,0.726646413558697
"isoquant","cqn","SCLC_A","SRR30947503",NA,1.24293797812557,9.38477775559316,9.38477775559316,9.38477775559316,"191-603",0.132441919296895,0.867558080703105
"isoquant","cqn","SCLC_A","SRR30947503",NA,8.22069549462083,9.38477775559316,9.38477775559316,9.38477775559316,"2425.25-12059",0.875960593709472,0.124039406290528
"isoquant","cqn","SCLC_A","SRR30947503",NA,1.36043732227534,9.38477775559316,9.38477775559316,9.38477775559316,"603-1115.5",0.144962124592087,0.855037875407913
"isoquant","cqn","SCLC_A","SRR30947504",NA,2.44074943589175,9.38477775559316,9.38477775559316,9.38477775559316,"1115.5-2425.25",0.260075358144428,0.739924641855572
"isoquant","cqn","SCLC_A","SRR30947504",NA,1.15075141113595,9.38477775559316,9.38477775559316,9.38477775559316,"191-603",0.122618930474952,0.877381069525048
"isoquant","cqn","SCLC_A","SRR30947504",NA,8.22194830769841,9.38477775559316,9.38477775559316,9.38477775559316,"2425.25-12059",0.876094087875259,0.123905912124741
"isoquant","cqn","SCLC_A","SRR30947504",NA,1.2436977108954,9.38477775559316,9.38477775559316,9.38477775559316,"603-1115.5",0.13252287302746,0.86747712697254
"isoquant","ratio_counts","LUAD","SRR30947470",NA,2.06599665639982,9.38477775559316,9.38477775559316,9.38477775559316,"1115.5-2425.25",0.220143375816068,0.779856624183932
"isoquant","ratio_counts","LUAD","SRR30947470",NA,0.363665866128004,9.38477775559316,9.38477775559316,9.38477775559316,"191-603",0.0387506103606199,0.96124938963938
"isoquant","ratio_counts","LUAD","SRR30947470",NA,8.19227674781827,9.38477775559316,9.38477775559316,9.38477775559316,"2425.25-12059",0.872932418984117,0.127067581015883
"isoquant","ratio_counts","LUAD","SRR30947470",NA,0.26894969490313,9.38477775559316,9.38477775559316,9.38477775559316,"603-1115.5",0.0286580782099864,0.971341921790014
"isoquant","ratio_counts","LUAD","SRR30947471",NA,2.07085461128623,9.38477775559316,9.38477775559316,9.38477775559316,"1115.5-2425.25",0.220661017790436,0.779338982209564
"isoquant","ratio_counts","LUAD","SRR30947471",NA,0.330533858412566,9.38477775559316,9.38477775559316,9.38477775559316,"191-603",0.0352202116044329,0.964779788395567
"isoquant","ratio_counts","LUAD","SRR30947471",NA,8.19247008010254,9.38477775559316,9.38477775559316,9.38477775559316,"2425.25-12059",0.8729530196088,0.1270469803912
"isoquant","ratio_counts","LUAD","SRR30947471",NA,0.311525237921902,9.38477775559316,9.38477775559316,9.38477775559316,"603-1115.5",0.0331947379080169,0.966805262091983
"isoquant","ratio_counts","LUAD","SRR30947505",NA,2.07309538841644,9.38477775559316,9.38477775559316,9.38477775559316,"1115.5-2425.25",0.220899784992874,0.779100215007126
"isoquant","ratio_counts","LUAD","SRR30947505",NA,0.386262671823709,9.38477775559316,9.38477775559316,9.38477775559316,"191-603",0.0411584250456547,0.958841574954345
"isoquant","ratio_counts","LUAD","SRR30947505",NA,8.19294773870423,9.38477775559316,9.38477775559316,9.38477775559316,"2425.25-12059",0.873003916775906,0.126996083224094
"isoquant","ratio_counts","LUAD","SRR30947505",NA,0.355184190985953,9.38477775559316,9.38477775559316,9.38477775559316,"603-1115.5",0.0378468409413606,0.962153159058639
"isoquant","ratio_counts","SCLC_A","SRR30947502",NA,2.07234971717534,9.38477775559316,9.38477775559316,9.38477775559316,"1115.5-2425.25",0.220820329596005,0.779179670403995
"isoquant","ratio_counts","SCLC_A","SRR30947502",NA,0.81852828684262,9.38477775559316,9.38477775559316,9.38477775559316,"191-603",0.0872187182434653,0.912781281756535
"isoquant","ratio_counts","SCLC_A","SRR30947502",NA,8.19229225041864,9.38477775559316,9.38477775559316,9.38477775559316,"2425.25-12059",0.87293407087197,0.12706592912803
"isoquant","ratio_counts","SCLC_A","SRR30947502",NA,0.3258442582377,9.38477775559316,9.38477775559316,9.38477775559316,"603-1115.5",0.0347205087561613,0.965279491243839
"isoquant","ratio_counts","SCLC_A","SRR30947503",NA,2.07803544845863,9.38477775559316,9.38477775559316,9.38477775559316,"1115.5-2425.25",0.221426175725915,0.778573824274085
"isoquant","ratio_counts","SCLC_A","SRR30947503",NA,0.7505314039467,9.38477775559316,9.38477775559316,9.38477775559316,"191-603",0.0799732741139657,0.920026725886034
"isoquant","ratio_counts","SCLC_A","SRR30947503",NA,8.19442496289021,9.38477775559316,9.38477775559316,9.38477775559316,"2425.25-12059",0.873161323187061,0.126838676812939
"isoquant","ratio_counts","SCLC_A","SRR30947503",NA,0.295297146070836,9.38477775559316,9.38477775559316,9.38477775559316,"603-1115.5",0.0314655449240494,0.968534455075951
"isoquant","ratio_counts","SCLC_A","SRR30947504",NA,2.07274203676778,9.38477775559316,9.38477775559316,9.38477775559316,"1115.5-2425.25",0.220862133419459,0.779137866580541
"isoquant","ratio_counts","SCLC_A","SRR30947504",NA,0.748915923522126,9.38477775559316,9.38477775559316,9.38477775559316,"191-603",0.0798011357355571,0.920198864264443
"isoquant","ratio_counts","SCLC_A","SRR30947504",NA,8.19349607640081,9.38477775559316,9.38477775559316,9.38477775559316,"2425.25-12059",0.873062345191674,0.126937654808326
"isoquant","ratio_counts","SCLC_A","SRR30947504",NA,0.36855482935008,9.38477775559316,9.38477775559316,9.38477775559316,"603-1115.5",0.039271556444736,0.960728443555264
"kallisto","CPM","LUAD","SRR30947470",NA,2.37641583840126,9.38477775559316,9.38477775559316,9.38477775559316,"1115.5-2425.25",0.253220257345461,0.746779742654539
"kallisto","CPM","LUAD","SRR30947470",NA,4.18935208930055,9.38477775559316,9.38477775559316,9.38477775559316,"191-603",0.446398646659882,0.553601353340118
"kallisto","CPM","LUAD","SRR30947470",NA,2.87466826313271,9.38477775559316,9.38477775559316,9.38477775559316,"2425.25-12059",0.306311810252455,0.693688189747545
"kallisto","CPM","LUAD","SRR30947470",NA,1.07715688717238,9.38477775559316,9.38477775559316,9.38477775559316,"603-1115.5",0.114777026715461,0.885222973284539
"kallisto","CPM","LUAD","SRR30947471",NA,2.38501153732776,9.38477775559316,9.38477775559316,9.38477775559316,"1115.5-2425.25",0.254136176629898,0.745863823370102
"kallisto","CPM","LUAD","SRR30947471",NA,4.18826741921667,9.38477775559316,9.38477775559316,9.38477775559316,"191-603",0.446283069060483,0.553716930939517
"kallisto","CPM","LUAD","SRR30947471",NA,3.11847041868307,9.38477775559316,9.38477775559316,9.38477775559316,"2425.25-12059",0.332290278991904,0.667709721008096
"kallisto","CPM","LUAD","SRR30947471",NA,1.09746859058497,9.38477775559316,9.38477775559316,9.38477775559316,"603-1115.5",0.116941351107744,0.883058648892256
"kallisto","CPM","LUAD","SRR30947505",NA,2.39079190486559,9.38477775559316,9.38477775559316,9.38477775559316,"1115.5-2425.25",0.254752106776393,0.745247893223607
"kallisto","CPM","LUAD","SRR30947505",NA,4.1903838152408,9.38477775559316,9.38477775559316,9.38477775559316,"191-603",0.446508582767814,0.553491417232186
"kallisto","CPM","LUAD","SRR30947505",NA,2.91384403575071,9.38477775559316,9.38477775559316,9.38477775559316,"2425.25-12059",0.310486205601844,0.689513794398156
"kallisto","CPM","LUAD","SRR30947505",NA,1.07013794676223,9.38477775559316,9.38477775559316,9.38477775559316,"603-1115.5",0.114029119775847,0.885970880224153
"kallisto","CPM","SCLC_A","SRR30947502",NA,2.41200055894388,9.38477775559316,9.38477775559316,9.38477775559316,"1115.5-2425.25",0.257012006225333,0.742987993774667
"kallisto","CPM","SCLC_A","SRR30947502",NA,4.19232751309032,9.38477775559316,9.38477775559316,9.38477775559316,"191-603",0.446715694529022,0.553284305470978
"kallisto","CPM","SCLC_A","SRR30947502",NA,2.99531822890055,9.38477775559316,9.38477775559316,9.38477775559316,"2425.25-12059",0.319167731714839,0.680832268285161
"kallisto","CPM","SCLC_A","SRR30947502",NA,1.15010007990343,9.38477775559316,9.38477775559316,9.38477775559316,"603-1115.5",0.122549527528021,0.877450472471978
"kallisto","CPM","SCLC_A","SRR30947503",NA,2.46429259792649,9.38477775559316,9.38477775559316,9.38477775559316,"1115.5-2425.25",0.262584012333996,0.737415987666004
"kallisto","CPM","SCLC_A","SRR30947503",NA,4.18879952378693,9.38477775559316,9.38477775559316,9.38477775559316,"191-603",0.446339767746815,0.553660232253185
"kallisto","CPM","SCLC_A","SRR30947503",NA,2.9687778305435,9.38477775559316,9.38477775559316,9.38477775559316,"2425.25-12059",0.316339705410089,0.683660294589911
"kallisto","CPM","SCLC_A","SRR30947503",NA,1.11788961428355,9.38477775559316,9.38477775559316,9.38477775559316,"603-1115.5",0.119117324181418,0.880882675818582
"kallisto","CPM","SCLC_A","SRR30947504",NA,2.49171243486718,9.38477775559316,9.38477775559316,9.38477775559316,"1115.5-2425.25",0.265505747686158,0.734494252313842
"kallisto","CPM","SCLC_A","SRR30947504",NA,4.19069059041661,9.38477775559316,9.38477775559316,9.38477775559316,"191-603",0.446541271360319,0.553458728639681
"kallisto","CPM","SCLC_A","SRR30947504",NA,3.01776032378519,9.38477775559316,9.38477775559316,9.38477775559316,"2425.25-12059",0.321559061106872,0.678440938893128
"kallisto","CPM","SCLC_A","SRR30947504",NA,1.1224985426924,9.38477775559316,9.38477775559316,9.38477775559316,"603-1115.5",0.119608431006628,0.880391568993372
"kallisto","EDA","LUAD","SRR30947470",NA,2.28455506549296,9.38477775559316,9.38477775559316,9.38477775559316,"1115.5-2425.25",0.243431983685645,0.756568016314355
"kallisto","EDA","LUAD","SRR30947470",NA,4.18135656587084,9.38477775559316,9.38477775559316,9.38477775559316,"191-603",0.445546679395666,0.554453320604334
"kallisto","EDA","LUAD","SRR30947470",NA,2.52834385697808,9.38477775559316,9.38477775559316,9.38477775559316,"2425.25-12059",0.269409028409995,0.730590971590005
"kallisto","EDA","LUAD","SRR30947470",NA,1.08610015990438,9.38477775559316,9.38477775559316,9.38477775559316,"603-1115.5",0.115729981912154,0.884270018087846
"kallisto","EDA","LUAD","SRR30947471",NA,2.31673339480227,9.38477775559316,9.38477775559316,9.38477775559316,"1115.5-2425.25",0.246860762730533,0.753139237269467
"kallisto","EDA","LUAD","SRR30947471",NA,4.17953384371645,9.38477775559316,9.38477775559316,9.38477775559316,"191-603",0.445352458264184,0.554647541735816
"kallisto","EDA","LUAD","SRR30947471",NA,2.73793113579229,9.38477775559316,9.38477775559316,9.38477775559316,"2425.25-12059",0.291741712707105,0.708258287292895
"kallisto","EDA","LUAD","SRR30947471",NA,1.12194864181111,9.38477775559316,9.38477775559316,9.38477775559316,"603-1115.5",0.119549836024881,0.880450163975119
"kallisto","EDA","LUAD","SRR30947505",NA,2.36172293909338,9.38477775559316,9.38477775559316,9.38477775559316,"1115.5-2425.25",0.251654647621872,0.748345352378128
"kallisto","EDA","LUAD","SRR30947505",NA,4.18658398273407,9.38477775559316,9.38477775559316,9.38477775559316,"191-603",0.446103689588061,0.553896310411939
"kallisto","EDA","LUAD","SRR30947505",NA,2.68985320311862,9.38477775559316,9.38477775559316,9.38477775559316,"2425.25-12059",0.286618742944181,0.713381257055819
"kallisto","EDA","LUAD","SRR30947505",NA,1.09984051090005,9.38477775559316,9.38477775559316,9.38477775559316,"603-1115.5",0.117194092342204,0.882805907657796
"kallisto","EDA","SCLC_A","SRR30947502",NA,2.32987541564871,9.38477775559316,9.38477775559316,9.38477775559316,"1115.5-2425.25",0.248261117772357,0.751738882227643
"kallisto","EDA","SCLC_A","SRR30947502",NA,4.18569036283649,9.38477775559316,9.38477775559316,9.38477775559316,"191-603",0.446008469443178,0.553991530556822
"kallisto","EDA","SCLC_A","SRR30947502",NA,2.6161138209047,9.38477775559316,9.38477775559316,9.38477775559316,"2425.25-12059",0.27876140373655,0.72123859626345
"kallisto","EDA","SCLC_A","SRR30947502",NA,1.16184585984404,9.38477775559316,9.38477775559316,9.38477775559316,"603-1115.5",0.123801105375309,0.876198894624691
"kallisto","EDA","SCLC_A","SRR30947503",NA,2.38937018223043,9.38477775559316,9.38477775559316,9.38477775559316,"1115.5-2425.25",0.254600614362595,0.745399385637405
"kallisto","EDA","SCLC_A","SRR30947503",NA,4.18225037544525,9.38477775559316,9.38477775559316,9.38477775559316,"191-603",0.445641919751664,0.554358080248336
"kallisto","EDA","SCLC_A","SRR30947503",NA,2.59146258274516,9.38477775559316,9.38477775559316,9.38477775559316,"2425.25-12059",0.276134677904407,0.723865322095593
"kallisto","EDA","SCLC_A","SRR30947503",NA,1.13456286062324,9.38477775559316,9.38477775559316,9.38477775559316,"603-1115.5",0.120893950839386,0.879106049160614
"kallisto","EDA","SCLC_A","SRR30947504",NA,2.35267317392753,9.38477775559316,9.38477775559316,9.38477775559316,"1115.5-2425.25",0.250690345067082,0.749309654932918
"kallisto","EDA","SCLC_A","SRR30947504",NA,4.18057530593706,9.38477775559316,9.38477775559316,9.38477775559316,"191-603",0.445463431826664,0.554536568173336
"kallisto","EDA","SCLC_A","SRR30947504",NA,2.54508730751011,9.38477775559316,9.38477775559316,9.38477775559316,"2425.25-12059",0.271193135713127,0.728806864286873
"kallisto","EDA","SCLC_A","SRR30947504",NA,1.13562007737963,9.38477775559316,9.38477775559316,9.38477775559316,"603-1115.5",0.121006603134829,0.878993396865171
"kallisto","TPM","LUAD","SRR30947470",NA,2.88618129104041,9.38477775559316,9.38477775559316,9.38477775559316,"1115.5-2425.25",0.307538587082714,0.692461412917286
"kallisto","TPM","LUAD","SRR30947470",NA,4.21519822396712,9.38477775559316,9.38477775559316,9.38477775559316,"191-603",0.449152695326742,0.550847304673258
"kallisto","TPM","LUAD","SRR30947470",NA,4.55850347682556,9.38477775559316,9.38477775559316,9.38477775559316,"2425.25-12059",0.485733769679178,0.514266230320822
"kallisto","TPM","LUAD","SRR30947470",NA,1.19105158594563,9.38477775559316,9.38477775559316,9.38477775559316,"603-1115.5",0.12691313709968,0.87308686290032
"kallisto","TPM","LUAD","SRR30947471",NA,2.90214129292807,9.38477775559316,9.38477775559316,9.38477775559316,"1115.5-2425.25",0.309239213597621,0.690760786402379
"kallisto","TPM","LUAD","SRR30947471",NA,4.2141126221143,9.38477775559316,9.38477775559316,9.38477775559316,"191-603",0.449037018442207,0.550962981557793
"kallisto","TPM","LUAD","SRR30947471",NA,4.77083630159788,9.38477775559316,9.38477775559316,9.38477775559316,"2425.25-12059",0.50835900709045,0.49164099290955
"kallisto","TPM","LUAD","SRR30947471",NA,1.2124270779978,9.38477775559316,9.38477775559316,9.38477775559316,"603-1115.5",0.129190814057927,0.870809185942073
"kallisto","TPM","LUAD","SRR30947505",NA,2.91156702654847,9.38477775559316,9.38477775559316,9.38477775559316,"1115.5-2425.25",0.310243577671642,0.689756422328358
"kallisto","TPM","LUAD","SRR30947505",NA,4.21686801896475,9.38477775559316,9.38477775559316,9.38477775559316,"191-603",0.449330621223457,0.550669378776543
"kallisto","TPM","LUAD","SRR30947505",NA,4.56203352447071,9.38477775559316,9.38477775559316,9.38477775559316,"2425.25-12059",0.486109915789089,0.513890084210911
"kallisto","TPM","LUAD","SRR30947505",NA,1.18247822580592,9.38477775559316,9.38477775559316,9.38477775559316,"603-1115.5",0.125999598136587,0.874000401863413
"kallisto","TPM","SCLC_A","SRR30947502",NA,2.94311213141304,9.38477775559316,9.38477775559316,9.38477775559316,"1115.5-2425.25",0.313604883148032,0.686395116851968
"kallisto","TPM","SCLC_A","SRR30947502",NA,4.21649290196273,9.38477775559316,9.38477775559316,9.38477775559316,"191-603",0.449290650431203,0.550709349568797
"kallisto","TPM","SCLC_A","SRR30947502",NA,4.72566272797643,9.38477775559316,9.38477775559316,9.38477775559316,"2425.25-12059",0.503545512855647,0.496454487144353
"kallisto","TPM","SCLC_A","SRR30947502",NA,1.26553985366272,9.38477775559316,9.38477775559316,9.38477775559316,"603-1115.5",0.13485027420159,0.86514972579841
"kallisto","TPM","SCLC_A","SRR30947503",NA,3.00466420010712,9.38477775559316,9.38477775559316,9.38477775559316,"1115.5-2425.25",0.320163596662307,0.679836403337693
"kallisto","TPM","SCLC_A","SRR30947503",NA,4.21412605298065,9.38477775559316,9.38477775559316,9.38477775559316,"191-603",0.449038449575336,0.550961550424665
"kallisto","TPM","SCLC_A","SRR30947503",NA,4.6828583193045,9.38477775559316,9.38477775559316,9.38477775559316,"2425.25-12059",0.498984466255857,0.501015533744143
"kallisto","TPM","SCLC_A","SRR30947503",NA,1.23252599294846,9.38477775559316,9.38477775559316,9.38477775559316,"603-1115.5",0.131332464662139,0.868667535337861
"kallisto","TPM","SCLC_A","SRR30947504",NA,3.06498446642227,9.38477775559316,9.38477775559316,9.38477775559316,"1115.5-2425.25",0.326591054816999,0.673408945183001
"kallisto","TPM","SCLC_A","SRR30947504",NA,4.21389902027869,9.38477775559316,9.38477775559316,9.38477775559316,"191-603",0.449014257984669,0.550985742015331
"kallisto","TPM","SCLC_A","SRR30947504",NA,4.75755403628179,9.38477775559316,9.38477775559316,9.38477775559316,"2425.25-12059",0.50694370822435,0.49305629177565
"kallisto","TPM","SCLC_A","SRR30947504",NA,1.24297069488433,9.38477775559316,9.38477775559316,9.38477775559316,"603-1115.5",0.132445405448578,0.867554594551422
"kallisto","cqn","LUAD","SRR30947470",NA,2.24628008923126,9.38477775559316,9.38477775559316,9.38477775559316,"1115.5-2425.25",0.239353573172526,0.760646426827474
"kallisto","cqn","LUAD","SRR30947470",NA,4.20520762918121,9.38477775559316,9.38477775559316,9.38477775559316,"191-603",0.448088142169907,0.551911857830093
"kallisto","cqn","LUAD","SRR30947470",NA,2.46929120635554,9.38477775559316,9.38477775559316,9.38477775559316,"2425.25-12059",0.263116641721631,0.736883358278369
"kallisto","cqn","LUAD","SRR30947470",NA,1.21110692936211,9.38477775559316,9.38477775559316,9.38477775559316,"603-1115.5",0.129050144915825,0.870949855084175
"kallisto","cqn","LUAD","SRR30947471",NA,2.25666496908622,9.38477775559316,9.38477775559316,9.38477775559316,"1115.5-2425.25",0.240460139585222,0.759539860414778
"kallisto","cqn","LUAD","SRR30947471",NA,4.20269507967025,9.38477775559316,9.38477775559316,9.38477775559316,"191-603",0.447820416116462,0.552179583883538
"kallisto","cqn","LUAD","SRR30947471",NA,2.66443221930576,9.38477775559316,9.38477775559316,9.38477775559316,"2425.25-12059",0.283909996453332,0.716090003546668
"kallisto","cqn","LUAD","SRR30947471",NA,1.25980102237726,9.38477775559316,9.38477775559316,9.38477775559316,"603-1115.5",0.134238769972623,0.865761230027377
"kallisto","cqn","LUAD","SRR30947505",NA,2.21034380148697,9.38477775559316,9.38477775559316,9.38477775559316,"1115.5-2425.25",0.235524362861938,0.764475637138062
"kallisto","cqn","LUAD","SRR30947505",NA,4.17443284118351,9.38477775559316,9.38477775559316,9.38477775559316,"191-603",0.444808918218188,0.555191081781812
"kallisto","cqn","LUAD","SRR30947505",NA,2.75219607097873,9.38477775559316,9.38477775559316,9.38477775559316,"2425.25-12059",0.29326172048544,0.70673827951456
"kallisto","cqn","LUAD","SRR30947505",NA,1.08300994331175,9.38477775559316,9.38477775559316,9.38477775559316,"603-1115.5",0.115400702234669,0.884599297765331
"kallisto","cqn","SCLC_A","SRR30947502",NA,2.18161518149493,9.38477775559316,9.38477775559316,9.38477775559316,"1115.5-2425.25",0.232463169433578,0.767536830566422
"kallisto","cqn","SCLC_A","SRR30947502",NA,4.16413448630129,9.38477775559316,9.38477775559316,9.38477775559316,"191-603",0.443711571520118,0.556288428479882
"kallisto","cqn","SCLC_A","SRR30947502",NA,2.30909352409132,9.38477775559316,9.38477775559316,9.38477775559316,"2425.25-12059",0.246046692231485,0.753953307768515
"kallisto","cqn","SCLC_A","SRR30947502",NA,0.970839538337499,9.38477775559316,9.38477775559316,9.38477775559316,"603-1115.5",0.103448324896015,0.896551675103985
"kallisto","cqn","SCLC_A","SRR30947503",NA,2.25283871454934,9.38477775559316,9.38477775559316,9.38477775559316,"1115.5-2425.25",0.240052430991952,0.759947569008048
"kallisto","cqn","SCLC_A","SRR30947503",NA,4.18918637488754,9.38477775559316,9.38477775559316,9.38477775559316,"191-603",0.446380988872204,0.553619011127796
"kallisto","cqn","SCLC_A","SRR30947503",NA,2.35342670353405,9.38477775559316,9.38477775559316,9.38477775559316,"2425.25-12059",0.250770637816271,0.749229362183729
"kallisto","cqn","SCLC_A","SRR30947503",NA,1.07042474136037,9.38477775559316,9.38477775559316,9.38477775559316,"603-1115.5",0.11405967932724,0.88594032067276
"kallisto","cqn","SCLC_A","SRR30947504",NA,2.18499004456806,9.38477775559316,9.38477775559316,9.38477775559316,"1115.5-2425.25",0.232822779768636,0.767177220231364
"kallisto","cqn","SCLC_A","SRR30947504",NA,4.16890008960637,9.38477775559316,9.38477775559316,9.38477775559316,"191-603",0.444219372922473,0.555780627077527
"kallisto","cqn","SCLC_A","SRR30947504",NA,2.26496773634696,9.38477775559316,9.38477775559316,9.38477775559316,"2425.25-12059",0.241344845379751,0.758655154620249
"kallisto","cqn","SCLC_A","SRR30947504",NA,0.962237053983119,9.38477775559316,9.38477775559316,9.38477775559316,"603-1115.5",0.102531682586691,0.897468317413309
"kallisto","ratio_counts","LUAD","SRR30947470",NA,2.05581197032972,9.38477775559316,9.38477775559316,9.38477775559316,"1115.5-2425.25",0.219058141158909,0.780941858841091
"kallisto","ratio_counts","LUAD","SRR30947470",NA,4.09768043939244,9.38477775559316,9.38477775559316,9.38477775559316,"191-603",0.436630525102237,0.563369474897763
"kallisto","ratio_counts","LUAD","SRR30947470",NA,2.0777771677359,9.38477775559316,9.38477775559316,9.38477775559316,"2425.25-12059",0.221398654485727,0.778601345514274
"kallisto","ratio_counts","LUAD","SRR30947470",NA,0.12656142638997,9.38477775559316,9.38477775559316,9.38477775559316,"603-1115.5",0.0134858203024085,0.986514179697591
"kallisto","ratio_counts","LUAD","SRR30947471",NA,2.05509235518218,9.38477775559316,9.38477775559316,9.38477775559316,"1115.5-2425.25",0.218981462182989,0.781018537817011
"kallisto","ratio_counts","LUAD","SRR30947471",NA,4.09854110234937,9.38477775559316,9.38477775559316,9.38477775559316,"191-603",0.436722233502729,0.563277766497271
"kallisto","ratio_counts","LUAD","SRR30947471",NA,2.19207266320556,9.38477775559316,9.38477775559316,9.38477775559316,"2425.25-12059",0.233577471975735,0.766422528024265
"kallisto","ratio_counts","LUAD","SRR30947471",NA,0.139634714239634,9.38477775559316,9.38477775559316,9.38477775559316,"603-1115.5",0.0148788514630955,0.985121148536904
"kallisto","ratio_counts","LUAD","SRR30947505",NA,2.0571645629328,9.38477775559316,9.38477775559316,9.38477775559316,"1115.5-2425.25",0.219202267385263,0.780797732614737
"kallisto","ratio_counts","LUAD","SRR30947505",NA,4.09744859036525,9.38477775559316,9.38477775559316,9.38477775559316,"191-603",0.436605820305467,0.563394179694533
"kallisto","ratio_counts","LUAD","SRR30947505",NA,2.10378206383045,9.38477775559316,9.38477775559316,9.38477775559316,"2425.25-12059",0.224169620061235,0.775830379938765
"kallisto","ratio_counts","LUAD","SRR30947505",NA,0.137990691877944,9.38477775559316,9.38477775559316,9.38477775559316,"603-1115.5",0.014703671783352,0.985296328216648
"kallisto","ratio_counts","SCLC_A","SRR30947502",NA,2.05776626025163,9.38477775559316,9.38477775559316,9.38477775559316,"1115.5-2425.25",0.219266381564043,0.780733618435957
"kallisto","ratio_counts","SCLC_A","SRR30947502",NA,4.09953457456136,9.38477775559316,9.38477775559316,9.38477775559316,"191-603",0.43682809346424,0.56317190653576
"kallisto","ratio_counts","SCLC_A","SRR30947502",NA,2.08153477351757,9.38477775559316,9.38477775559316,9.38477775559316,"2425.25-12059",0.221799048174264,0.778200951825736
"kallisto","ratio_counts","SCLC_A","SRR30947502",NA,0.180686975067915,9.38477775559316,9.38477775559316,9.38477775559316,"603-1115.5",0.0192531970147325,0.980746802985268
"kallisto","ratio_counts","SCLC_A","SRR30947503",NA,2.06447679969304,9.38477775559316,9.38477775559316,9.38477775559316,"1115.5-2425.25",0.219981426673918,0.780018573326082
"kallisto","ratio_counts","SCLC_A","SRR30947503",NA,4.09906854604713,9.38477775559316,9.38477775559316,9.38477775559316,"191-603",0.436778435547305,0.563221564452695
"kallisto","ratio_counts","SCLC_A","SRR30947503",NA,2.08438634037309,9.38477775559316,9.38477775559316,9.38477775559316,"2425.25-12059",0.222102898401705,0.777897101598295
"kallisto","ratio_counts","SCLC_A","SRR30947503",NA,0.180627733417409,9.38477775559316,9.38477775559316,9.38477775559316,"603-1115.5",0.0192468844890608,0.980753115510939
"kallisto","ratio_counts","SCLC_A","SRR30947504",NA,2.06100168750339,9.38477775559316,9.38477775559316,9.38477775559316,"1115.5-2425.25",0.219611134240773,0.780388865759227
"kallisto","ratio_counts","SCLC_A","SRR30947504",NA,4.10085823324259,9.38477775559316,9.38477775559316,9.38477775559316,"191-603",0.436969136621116,0.563030863378884
"kallisto","ratio_counts","SCLC_A","SRR30947504",NA,2.08774825986986,9.38477775559316,9.38477775559316,9.38477775559316,"2425.25-12059",0.222461129527079,0.777538870472921
"kallisto","ratio_counts","SCLC_A","SRR30947504",NA,0.215685944647312,9.38477775559316,9.38477775559316,9.38477775559316,"603-1115.5",0.0229825308882533,0.977017469111747
"oarfish","CPM","LUAD","SRR30947470",NA,2.48816600962789,9.38477775559316,9.38477775559316,9.38477775559316,"1115.5-2425.25",0.265127856452966,0.734872143547034
"oarfish","CPM","LUAD","SRR30947470",NA,3.68237404946346,9.38477775559316,9.38477775559316,9.38477775559316,"191-603",0.392377331180681,0.607622668819319
"oarfish","CPM","LUAD","SRR30947470",NA,3.03675567713672,9.38477775559316,9.38477775559316,9.38477775559316,"2425.25-12059",0.3235831211162,0.6764168788838
"oarfish","CPM","LUAD","SRR30947470",NA,1.00731412096318,9.38477775559316,9.38477775559316,9.38477775559316,"603-1115.5",0.107334893504839,0.892665106495161
"oarfish","CPM","LUAD","SRR30947471",NA,2.51638852797827,9.38477775559316,9.38477775559316,9.38477775559316,"1115.5-2425.25",0.268135121950922,0.731864878049078
"oarfish","CPM","LUAD","SRR30947471",NA,3.65998511719809,9.38477775559316,9.38477775559316,9.38477775559316,"191-603",0.389991666559904,0.610008333440096
"oarfish","CPM","LUAD","SRR30947471",NA,3.3148660397735,9.38477775559316,9.38477775559316,9.38477775559316,"2425.25-12059",0.353217319163248,0.646782680836752
"oarfish","CPM","LUAD","SRR30947471",NA,1.02680858576206,9.38477775559316,9.38477775559316,9.38477775559316,"603-1115.5",0.109412136600688,0.890587863399312
"oarfish","CPM","LUAD","SRR30947505",NA,2.51508442000005,9.38477775559316,9.38477775559316,9.38477775559316,"1115.5-2425.25",0.267996162029634,0.732003837970366
"oarfish","CPM","LUAD","SRR30947505",NA,3.65950759948828,9.38477775559316,9.38477775559316,9.38477775559316,"191-603",0.389940784405606,0.610059215594394
"oarfish","CPM","LUAD","SRR30947505",NA,3.06698702028788,9.38477775559316,9.38477775559316,9.38477775559316,"2425.25-12059",0.326804438012398,0.673195561987602
"oarfish","CPM","LUAD","SRR30947505",NA,1.03386918834518,9.38477775559316,9.38477775559316,9.38477775559316,"603-1115.5",0.110164482875368,0.889835517124632
"oarfish","CPM","SCLC_A","SRR30947502",NA,2.55559238245074,9.38477775559316,9.38477775559316,9.38477775559316,"1115.5-2425.25",0.272312509577294,0.727687490422706
"oarfish","CPM","SCLC_A","SRR30947502",NA,3.66166082037345,9.38477775559316,9.38477775559316,9.38477775559316,"191-603",0.390170222005648,0.609829777994352
"oarfish","CPM","SCLC_A","SRR30947502",NA,3.17453111182385,9.38477775559316,9.38477775559316,9.38477775559316,"2425.25-12059",0.338263856054757,0.661736143945243
"oarfish","CPM","SCLC_A","SRR30947502",NA,1.06879321547126,9.38477775559316,9.38477775559316,9.38477775559316,"603-1115.5",0.113885831215798,0.886114168784202
"oarfish","CPM","SCLC_A","SRR30947503",NA,2.5830951190386,9.38477775559316,9.38477775559316,9.38477775559316,"1115.5-2425.25",0.275243078345581,0.724756921654419
"oarfish","CPM","SCLC_A","SRR30947503",NA,3.66457887174501,9.38477775559316,9.38477775559316,9.38477775559316,"191-603",0.390481156526161,0.609518843473839
"oarfish","CPM","SCLC_A","SRR30947503",NA,3.12938882307579,9.38477775559316,9.38477775559316,9.38477775559316,"2425.25-12059",0.333453695396327,0.666546304603673
"oarfish","CPM","SCLC_A","SRR30947503",NA,1.10277684322827,9.38477775559316,9.38477775559316,9.38477775559316,"603-1115.5",0.117506974799807,0.882493025200193
"oarfish","CPM","SCLC_A","SRR30947504",NA,2.658096178479,9.38477775559316,9.38477775559316,9.38477775559316,"1115.5-2425.25",0.283234856243114,0.716765143756886
"oarfish","CPM","SCLC_A","SRR30947504",NA,3.66422356998745,9.38477775559316,9.38477775559316,9.38477775559316,"191-603",0.390443297157851,0.609556702842149
"oarfish","CPM","SCLC_A","SRR30947504",NA,3.21735769359327,9.38477775559316,9.38477775559316,9.38477775559316,"2425.25-12059",0.342827265320778,0.657172734679222
"oarfish","CPM","SCLC_A","SRR30947504",NA,1.09814239838831,9.38477775559316,9.38477775559316,9.38477775559316,"603-1115.5",0.117013149057668,0.882986850942332
"oarfish","EDA","LUAD","SRR30947470",NA,2.33816192863248,9.38477775559316,9.38477775559316,9.38477775559316,"1115.5-2425.25",0.249144091583733,0.750855908416267
"oarfish","EDA","LUAD","SRR30947470",NA,3.6662352195829,9.38477775559316,9.38477775559316,9.38477775559316,"191-603",0.390657649553596,0.609342350446404
"oarfish","EDA","LUAD","SRR30947470",NA,2.52397801958528,9.38477775559316,9.38477775559316,9.38477775559316,"2425.25-12059",0.268943824277675,0.731056175722325
"oarfish","EDA","LUAD","SRR30947470",NA,1.01546331928814,9.38477775559316,9.38477775559316,9.38477775559316,"603-1115.5",0.108203235679496,0.891796764320504
"oarfish","EDA","LUAD","SRR30947471",NA,2.37145512723011,9.38477775559316,9.38477775559316,9.38477775559316,"1115.5-2425.25",0.252691666120358,0.747308333879642
"oarfish","EDA","LUAD","SRR30947471",NA,3.6416744365119,9.38477775559316,9.38477775559316,9.38477775559316,"191-603",0.388040562211665,0.611959437788335
"oarfish","EDA","LUAD","SRR30947471",NA,2.74585408076598,9.38477775559316,9.38477775559316,9.38477775559316,"2425.25-12059",0.292585946335224,0.707414053664776
"oarfish","EDA","LUAD","SRR30947471",NA,1.04812960730803,9.38477775559316,9.38477775559316,9.38477775559316,"603-1115.5",0.111684009425089,0.888315990574911
"oarfish","EDA","LUAD","SRR30947505",NA,2.43344580019379,9.38477775559316,9.38477775559316,9.38477775559316,"1115.5-2425.25",0.259297115346552,0.740702884653448
"oarfish","EDA","LUAD","SRR30947505",NA,3.65060217113377,9.38477775559316,9.38477775559316,9.38477775559316,"191-603",0.388991861736744,0.611008138263256
"oarfish","EDA","LUAD","SRR30947505",NA,2.69631616829477,9.38477775559316,9.38477775559316,9.38477775559316,"2425.25-12059",0.287307407646155,0.712692592353845
"oarfish","EDA","LUAD","SRR30947505",NA,1.06936508184653,9.38477775559316,9.38477775559316,9.38477775559316,"603-1115.5",0.113946766742474,0.886053233257526
"oarfish","EDA","SCLC_A","SRR30947502",NA,2.4081202084747,9.38477775559316,9.38477775559316,9.38477775559316,"1115.5-2425.25",0.256598533411141,0.743401466588859
"oarfish","EDA","SCLC_A","SRR30947502",NA,3.64697896861618,9.38477775559316,9.38477775559316,9.38477775559316,"191-603",0.388605789459707,0.611394210540293
"oarfish","EDA","SCLC_A","SRR30947502",NA,2.6335198974795,9.38477775559316,9.38477775559316,9.38477775559316,"2425.25-12059",0.280616117511144,0.719383882488856
"oarfish","EDA","SCLC_A","SRR30947502",NA,1.07710723062714,9.38477775559316,9.38477775559316,9.38477775559316,"603-1115.5",0.114771735535795,0.885228264464206
"oarfish","EDA","SCLC_A","SRR30947503",NA,2.45414044556827,9.38477775559316,9.38477775559316,9.38477775559316,"1115.5-2425.25",0.261502244323862,0.738497755676138
"oarfish","EDA","SCLC_A","SRR30947503",NA,3.65088607316125,9.38477775559316,9.38477775559316,9.38477775559316,"191-603",0.389022113068729,0.610977886931271
"oarfish","EDA","SCLC_A","SRR30947503",NA,2.5944926792087,9.38477775559316,9.38477775559316,9.38477775559316,"2425.25-12059",0.276457551449466,0.723542448550534
"oarfish","EDA","SCLC_A","SRR30947503",NA,1.12323688106427,9.38477775559316,9.38477775559316,9.38477775559316,"603-1115.5",0.119687105045705,0.880312894954295
"oarfish","EDA","SCLC_A","SRR30947504",NA,2.45272985053101,9.38477775559316,9.38477775559316,9.38477775559316,"1115.5-2425.25",0.261351937617194,0.738648062382806
"oarfish","EDA","SCLC_A","SRR30947504",NA,3.6468730881879,9.38477775559316,9.38477775559316,9.38477775559316,"191-603",0.388594507314191,0.611405492685809
"oarfish","EDA","SCLC_A","SRR30947504",NA,2.60893171343066,9.38477775559316,9.38477775559316,9.38477775559316,"2425.25-12059",0.277996110443402,0.722003889556598
"oarfish","EDA","SCLC_A","SRR30947504",NA,1.10587182642877,9.38477775559316,9.38477775559316,9.38477775559316,"603-1115.5",0.117836762385735,0.882163237614265
"oarfish","TPM","LUAD","SRR30947470",NA,3.10945844808698,9.38477775559316,9.38477775559316,9.38477775559316,"1115.5-2425.25",0.331330003657657,0.668669996342343
"oarfish","TPM","LUAD","SRR30947470",NA,3.71560708946364,9.38477775559316,9.38477775559316,9.38477775559316,"191-603",0.395918495485863,0.604081504514137
"oarfish","TPM","LUAD","SRR30947470",NA,4.84560307343668,9.38477775559316,9.38477775559316,9.38477775559316,"2425.25-12059",0.516325820347615,0.483674179652385
"oarfish","TPM","LUAD","SRR30947470",NA,1.16116840843003,9.38477775559316,9.38477775559316,9.38477775559316,"603-1115.5",0.123728919178506,0.876271080821494
"oarfish","TPM","LUAD","SRR30947471",NA,3.14987495778181,9.38477775559316,9.38477775559316,9.38477775559316,"1115.5-2425.25",0.335636606408132,0.664363393591868
"oarfish","TPM","LUAD","SRR30947471",NA,3.69733337423112,9.38477775559316,9.38477775559316,9.38477775559316,"191-603",0.39397133001126,0.60602866998874
"oarfish","TPM","LUAD","SRR30947471",NA,5.08388980233739,9.38477775559316,9.38477775559316,9.38477775559316,"2425.25-12059",0.54171658985824,0.45828341014176
"oarfish","TPM","LUAD","SRR30947471",NA,1.18504415715104,9.38477775559316,9.38477775559316,9.38477775559316,"603-1115.5",0.126273012319847,0.873726987680153
"oarfish","TPM","LUAD","SRR30947505",NA,3.14432822626157,9.38477775559316,9.38477775559316,9.38477775559316,"1115.5-2425.25",0.335045571472123,0.664954428527877
"oarfish","TPM","LUAD","SRR30947505",NA,3.69956029275613,9.38477775559316,9.38477775559316,9.38477775559316,"191-603",0.394208620502629,0.605791379497371
"oarfish","TPM","LUAD","SRR30947505",NA,4.84400927075018,9.38477775559316,9.38477775559316,9.38477775559316,"2425.25-12059",0.51615599185215,0.48384400814785
"oarfish","TPM","LUAD","SRR30947505",NA,1.19701258153766,9.38477775559316,9.38477775559316,9.38477775559316,"603-1115.5",0.127548314164846,0.872451685835154
"oarfish","TPM","SCLC_A","SRR30947502",NA,3.20070818069268,9.38477775559316,9.38477775559316,9.38477775559316,"1115.5-2425.25",0.341053167592074,0.658946832407926
"oarfish","TPM","SCLC_A","SRR30947502",NA,3.6982494713915,9.38477775559316,9.38477775559316,9.38477775559316,"191-603",0.39406894523287,0.60593105476713
"oarfish","TPM","SCLC_A","SRR30947502",NA,5.02939390562386,9.38477775559316,9.38477775559316,9.38477775559316,"2425.25-12059",0.535909750513424,0.464090249486576
"oarfish","TPM","SCLC_A","SRR30947502",NA,1.22773514933102,9.38477775559316,9.38477775559316,9.38477775559316,"603-1115.5",0.130821973764836,0.869178026235164
"oarfish","TPM","SCLC_A","SRR30947503",NA,3.21783354807284,9.38477775559316,9.38477775559316,9.38477775559316,"1115.5-2425.25",0.34287797024869,0.65712202975131
"oarfish","TPM","SCLC_A","SRR30947503",NA,3.69982476169126,9.38477775559316,9.38477775559316,9.38477775559316,"191-603",0.39423680113109,0.60576319886891
"oarfish","TPM","SCLC_A","SRR30947503",NA,4.9611678885974,9.38477775559316,9.38477775559316,9.38477775559316,"2425.25-12059",0.528639890874414,0.471360109125586
"oarfish","TPM","SCLC_A","SRR30947503",NA,1.25633548678555,9.38477775559316,9.38477775559316,9.38477775559316,"603-1115.5",0.133869497978979,0.866130502021021
"oarfish","TPM","SCLC_A","SRR30947504",NA,3.34731131361355,9.38477775559316,9.38477775559316,9.38477775559316,"1115.5-2425.25",0.356674542625009,0.643325457374991
"oarfish","TPM","SCLC_A","SRR30947504",NA,3.69922500871568,9.38477775559316,9.38477775559316,9.38477775559316,"191-603",0.394172894132842,0.605827105867158
"oarfish","TPM","SCLC_A","SRR30947504",NA,5.08158272218004,9.38477775559316,9.38477775559316,9.38477775559316,"2425.25-12059",0.541470757701375,0.458529242298625
"oarfish","TPM","SCLC_A","SRR30947504",NA,1.26712749681516,9.38477775559316,9.38477775559316,9.38477775559316,"603-1115.5",0.135019446364617,0.864980553635383
"oarfish","cqn","LUAD","SRR30947470",NA,2.31911930695423,9.38477775559316,9.38477775559316,9.38477775559316,"1115.5-2425.25",0.247114994872636,0.752885005127364
"oarfish","cqn","LUAD","SRR30947470",NA,3.67865318427892,9.38477775559316,9.38477775559316,9.38477775559316,"191-603",0.391980852406069,0.608019147593931
"oarfish","cqn","LUAD","SRR30947470",NA,2.57088021719536,9.38477775559316,9.38477775559316,9.38477775559316,"2425.25-12059",0.27394151296371,0.72605848703629
"oarfish","cqn","LUAD","SRR30947470",NA,1.18308692691295,9.38477775559316,9.38477775559316,9.38477775559316,"603-1115.5",0.126064458607755,0.873935541392245
"oarfish","cqn","LUAD","SRR30947471",NA,2.36517722766192,9.38477775559316,9.38477775559316,9.38477775559316,"1115.5-2425.25",0.252022721182962,0.747977278817038
"oarfish","cqn","LUAD","SRR30947471",NA,3.64762744164038,9.38477775559316,9.38477775559316,9.38477775559316,"191-603",0.388674887848725,0.611325112151275
"oarfish","cqn","LUAD","SRR30947471",NA,2.77379062922696,9.38477775559316,9.38477775559316,9.38477775559316,"2425.25-12059",0.295562740159066,0.704437259840934
"oarfish","cqn","LUAD","SRR30947471",NA,1.17581163087423,9.38477775559316,9.38477775559316,9.38477775559316,"603-1115.5",0.125289235557387,0.874710764442613
"oarfish","cqn","LUAD","SRR30947505",NA,2.32407681086956,9.38477775559316,9.38477775559316,9.38477775559316,"1115.5-2425.25",0.247643244346884,0.752356755653116
"oarfish","cqn","LUAD","SRR30947505",NA,3.64205955655659,9.38477775559316,9.38477775559316,9.38477775559316,"191-603",0.388081598883468,0.611918401116532
"oarfish","cqn","LUAD","SRR30947505",NA,2.74230234788147,9.38477775559316,9.38477775559316,9.38477775559316,"2425.25-12059",0.292207489543064,0.707792510456936
"oarfish","cqn","LUAD","SRR30947505",NA,1.07057833106282,9.38477775559316,9.38477775559316,9.38477775559316,"603-1115.5",0.114076045159916,0.885923954840084
"oarfish","cqn","SCLC_A","SRR30947502",NA,2.25747227631104,9.38477775559316,9.38477775559316,9.38477775559316,"1115.5-2425.25",0.240546162637216,0.759453837362784
"oarfish","cqn","SCLC_A","SRR30947502",NA,3.63602035997393,9.38477775559316,9.38477775559316,9.38477775559316,"191-603",0.387438089070029,0.612561910929971
"oarfish","cqn","SCLC_A","SRR30947502",NA,2.51277260708207,9.38477775559316,9.38477775559316,9.38477775559316,"2425.25-12059",0.267749825570936,0.732250174429064
"oarfish","cqn","SCLC_A","SRR30947502",NA,0.927596828678891,9.38477775559316,9.38477775559316,9.38477775559316,"603-1115.5",0.0988405749007812,0.901159425099219
"oarfish","cqn","SCLC_A","SRR30947503",NA,2.33992640056824,9.38477775559316,9.38477775559316,9.38477775559316,"1115.5-2425.25",0.249332105832094,0.750667894167906
"oarfish","cqn","SCLC_A","SRR30947503",NA,3.64632048847628,9.38477775559316,9.38477775559316,9.38477775559316,"191-603",0.388535624757138,0.611464375242862
"oarfish","cqn","SCLC_A","SRR30947503",NA,2.52962826806053,9.38477775559316,9.38477775559316,9.38477775559316,"2425.25-12059",0.269545889518046,0.730454110481954
"oarfish","cqn","SCLC_A","SRR30947503",NA,1.07480894288979,9.38477775559316,9.38477775559316,9.38477775559316,"603-1115.5",0.114526840259933,0.885473159740067
"oarfish","cqn","SCLC_A","SRR30947504",NA,2.22707697381383,9.38477775559316,9.38477775559316,9.38477775559316,"1115.5-2425.25",0.237307374965436,0.762692625034564
"oarfish","cqn","SCLC_A","SRR30947504",NA,3.62794699653646,9.38477775559316,9.38477775559316,9.38477775559316,"191-603",0.386577827522262,0.613422172477738
"oarfish","cqn","SCLC_A","SRR30947504",NA,2.35787260070077,9.38477775559316,9.38477775559316,9.38477775559316,"2425.25-12059",0.251244372760507,0.748755627239493
"oarfish","cqn","SCLC_A","SRR30947504",NA,0.906294443468307,9.38477775559316,9.38477775559316,9.38477775559316,"603-1115.5",0.0965706878810392,0.903429312118961
"oarfish","ratio_counts","LUAD","SRR30947470",NA,2.05443964285296,9.38477775559316,9.38477775559316,9.38477775559316,"1115.5-2425.25",0.218911912072564,0.781088087927436
"oarfish","ratio_counts","LUAD","SRR30947470",NA,3.5577781018303,9.38477775559316,9.38477775559316,9.38477775559316,"191-603",0.379100943515677,0.620899056484323
"oarfish","ratio_counts","LUAD","SRR30947470",NA,2.08402895226758,9.38477775559316,9.38477775559316,9.38477775559316,"2425.25-12059",0.222064816721476,0.777935183278524
"oarfish","ratio_counts","LUAD","SRR30947470",NA,0.141720256459969,9.38477775559316,9.38477775559316,9.38477775559316,"603-1115.5",0.0151010775269032,0.984898922473097
"oarfish","ratio_counts","LUAD","SRR30947471",NA,2.05286669640437,9.38477775559316,9.38477775559316,9.38477775559316,"1115.5-2425.25",0.218744305924656,0.781255694075344
"oarfish","ratio_counts","LUAD","SRR30947471",NA,3.55062249545905,9.38477775559316,9.38477775559316,9.38477775559316,"191-603",0.378338474061673,0.621661525938327
"oarfish","ratio_counts","LUAD","SRR30947471",NA,2.22555272244319,9.38477775559316,9.38477775559316,9.38477775559316,"2425.25-12059",0.237144957547535,0.762855042452464
"oarfish","ratio_counts","LUAD","SRR30947471",NA,0.147136418128045,9.38477775559316,9.38477775559316,9.38477775559316,"603-1115.5",0.0156781995226637,0.984321800477336
"oarfish","ratio_counts","LUAD","SRR30947505",NA,2.05351609465555,9.38477775559316,9.38477775559316,9.38477775559316,"1115.5-2425.25",0.218813502901728,0.781186497098272
"oarfish","ratio_counts","LUAD","SRR30947505",NA,3.54976048901237,9.38477775559316,9.38477775559316,9.38477775559316,"191-603",0.378246622504915,0.621753377495085
"oarfish","ratio_counts","LUAD","SRR30947505",NA,2.113883316689,9.38477775559316,9.38477775559316,9.38477775559316,"2425.25-12059",0.22524596444803,0.77475403555197
"oarfish","ratio_counts","LUAD","SRR30947505",NA,0.115547004839312,9.38477775559316,9.38477775559316,9.38477775559316,"603-1115.5",0.0123121727385017,0.987687827261498
"oarfish","ratio_counts","SCLC_A","SRR30947502",NA,2.05823376349626,9.38477775559316,9.38477775559316,9.38477775559316,"1115.5-2425.25",0.219316196621661,0.780683803378339
"oarfish","ratio_counts","SCLC_A","SRR30947502",NA,3.55238491862685,9.38477775559316,9.38477775559316,9.38477775559316,"191-603",0.378526270002472,0.621473729997528
"oarfish","ratio_counts","SCLC_A","SRR30947502",NA,2.09270398109263,9.38477775559316,9.38477775559316,9.38477775559316,"2425.25-12059",0.22298918904557,0.77701081095443
"oarfish","ratio_counts","SCLC_A","SRR30947502",NA,0.181449467469227,9.38477775559316,9.38477775559316,9.38477775559316,"603-1115.5",0.0193344447993014,0.980665555200699
"oarfish","ratio_counts","SCLC_A","SRR30947503",NA,2.06946643021047,9.38477775559316,9.38477775559316,9.38477775559316,"1115.5-2425.25",0.220513099415392,0.779486900584608
"oarfish","ratio_counts","SCLC_A","SRR30947503",NA,3.5508098481393,9.38477775559316,9.38477775559316,9.38477775559316,"191-603",0.37835843752646,0.62164156247354
"oarfish","ratio_counts","SCLC_A","SRR30947503",NA,2.09469273049626,9.38477775559316,9.38477775559316,9.38477775559316,"2425.25-12059",0.223201101299161,0.776798898700839
"oarfish","ratio_counts","SCLC_A","SRR30947503",NA,0.196773083696286,9.38477775559316,9.38477775559316,9.38477775559316,"603-1115.5",0.0209672609006658,0.979032739099334
"oarfish","ratio_counts","SCLC_A","SRR30947504",NA,2.06468259899634,9.38477775559316,9.38477775559316,9.38477775559316,"1115.5-2425.25",0.220003355728465,0.779996644271535
"oarfish","ratio_counts","SCLC_A","SRR30947504",NA,3.55521561608834,9.38477775559316,9.38477775559316,9.38477775559316,"191-603",0.3788278964805,0.6211721035195
"oarfish","ratio_counts","SCLC_A","SRR30947504",NA,2.1040380160951,9.38477775559316,9.38477775559316,9.38477775559316,"2425.25-12059",0.224196893191331,0.775803106808669
"oarfish","ratio_counts","SCLC_A","SRR30947504",NA,0.220256695778439,9.38477775559316,9.38477775559316,9.38477775559316,"603-1115.5",0.02346956971327,0.97653043028673
