"Tool","Normalization","Condition","Sample","Correlation","RMSE","max_observed","min_observed","mean_expected","LengthQuantile","NRMSE","Similarity"
"bambu","CPM","LUAD","HCC827",0,3.08147674486156,9.38477775559316,9.38477775559316,9.38477775559316,"All",0.328348398343803,0.671651601656197
"bambu","CPM","LUAD","NCI_H1975",0,3.08689534003912,9.38477775559316,9.38477775559316,9.38477775559316,"All",0.328925779643464,0.671074220356536
"bambu","CPM","LUAD","NCI_H2228",0,3.09294896123283,9.38477775559316,9.38477775559316,9.38477775559316,"All",0.329570826479027,0.670429173520973
"bambu","CPM","SCLC_A","NCI_H146",0,3.07076139266643,9.38477775559316,9.38477775559316,9.38477775559316,"All",0.327206618274611,0.672793381725389
"bambu","CPM","SCLC_A","NCI_H69",0,3.10037924129905,9.38477775559316,9.38477775559316,9.38477775559316,"All",0.330362563935121,0.669637436064879
"bambu","CPM","SCLC_A","SHP_77",0,3.09882074430448,9.38477775559316,9.38477775559316,9.38477775559316,"All",0.330196497456494,0.669803502543506
"bambu","EDA","LUAD","HCC827",0,3.03712329656036,9.38477775559316,9.38477775559316,9.38477775559316,"All",0.32362229299999,0.67637770700001
"bambu","EDA","LUAD","NCI_H1975",0,3.03242052427537,9.38477775559316,9.38477775559316,9.38477775559316,"All",0.323121186590498,0.676878813409502
"bambu","EDA","LUAD","NCI_H2228",0,3.05629721967445,9.38477775559316,9.38477775559316,9.38477775559316,"All",0.325665380605625,0.674334619394375
"bambu","EDA","SCLC_A","NCI_H146",0,3.05334156538875,9.38477775559316,9.38477775559316,9.38477775559316,"All",0.325350439286536,0.674649560713464
"bambu","EDA","SCLC_A","NCI_H69",0,3.0764452020629,9.38477775559316,9.38477775559316,9.38477775559316,"All",0.327812259616845,0.672187740383155
"bambu","EDA","SCLC_A","SHP_77",0,3.05924511513827,9.38477775559316,9.38477775559316,9.38477775559316,"All",0.32597949517931,0.67402050482069
"bambu","TPM","LUAD","HCC827",0,3.47565496217523,9.38477775559316,9.38477775559316,9.38477775559316,"All",0.37035026856164,0.62964973143836
"bambu","TPM","LUAD","NCI_H1975",0,3.48299300340729,9.38477775559316,9.38477775559316,9.38477775559316,"All",0.371132177459555,0.628867822540445
"bambu","TPM","LUAD","NCI_H2228",0,3.48189096742698,9.38477775559316,9.38477775559316,9.38477775559316,"All",0.371014749427799,0.628985250572201
"bambu","TPM","SCLC_A","NCI_H146",0,3.44878885544069,9.38477775559316,9.38477775559316,9.38477775559316,"All",0.367487536226979,0.632512463773021
"bambu","TPM","SCLC_A","NCI_H69",0,3.48237560425307,9.38477775559316,9.38477775559316,9.38477775559316,"All",0.37106639016333,0.62893360983667
"bambu","TPM","SCLC_A","SHP_77",0,3.4849986170524,9.38477775559316,9.38477775559316,9.38477775559316,"All",0.371345886691393,0.628654113308607
"bambu","cqn","LUAD","HCC827",0,3.08773137636882,9.38477775559316,9.38477775559316,9.38477775559316,"All",0.329014863940554,0.670985136059446
"bambu","cqn","LUAD","NCI_H1975",0,3.0217430411362,9.38477775559316,9.38477775559316,9.38477775559316,"All",0.321983441678765,0.678016558321235
"bambu","cqn","LUAD","NCI_H2228",0,3.08444417420278,9.38477775559316,9.38477775559316,9.38477775559316,"All",0.328664594360213,0.671335405639787
"bambu","cqn","SCLC_A","NCI_H146",0,2.97746259774706,9.38477775559316,9.38477775559316,9.38477775559316,"All",0.317265115412301,0.682734884587699
"bambu","cqn","SCLC_A","NCI_H69",0,3.01098255928594,9.38477775559316,9.38477775559316,9.38477775559316,"All",0.320836852795096,0.679163147204904
"bambu","cqn","SCLC_A","SHP_77",0,3.02183707243617,9.38477775559316,9.38477775559316,9.38477775559316,"All",0.321993461234094,0.678006538765906
"bambu","ratio_counts","LUAD","HCC827",0,2.90703940636812,9.38477775559316,9.38477775559316,9.38477775559316,"All",0.309761134688094,0.690238865311906
"bambu","ratio_counts","LUAD","NCI_H1975",0,2.90989639589675,9.38477775559316,9.38477775559316,9.38477775559316,"All",0.310065562731361,0.689934437268639
"bambu","ratio_counts","LUAD","NCI_H2228",0,2.91186112616826,9.38477775559316,9.38477775559316,9.38477775559316,"All",0.310274915613515,0.689725084386485
"bambu","ratio_counts","SCLC_A","NCI_H146",0,2.90700977324044,9.38477775559316,9.38477775559316,9.38477775559316,"All",0.309757977114366,0.690242022885634
"bambu","ratio_counts","SCLC_A","NCI_H69",0,2.91795526513525,9.38477775559316,9.38477775559316,9.38477775559316,"All",0.310924279842024,0.689075720157976
"bambu","ratio_counts","SCLC_A","SHP_77",0,2.91302809386068,9.38477775559316,9.38477775559316,9.38477775559316,"All",0.310399262478493,0.689600737521507
"flair","CPM","LUAD","HCC827",0,2.08520819502351,9.38477775559316,9.38477775559316,9.38477775559316,"All",0.222190471562395,0.777809528437605
"flair","CPM","LUAD","NCI_H1975",0,2.07172475089459,9.38477775559316,9.38477775559316,9.38477775559316,"All",0.220753735980575,0.779246264019425
"flair","CPM","LUAD","NCI_H2228",0,2.08068994536715,9.38477775559316,9.38477775559316,9.38477775559316,"All",0.221709027060028,0.778290972939972
"flair","CPM","SCLC_A","NCI_H146",0,2.11914595610858,9.38477775559316,9.38477775559316,9.38477775559316,"All",0.225806727798706,0.774193272201294
"flair","CPM","SCLC_A","NCI_H69",0,2.14204831269033,9.38477775559316,9.38477775559316,9.38477775559316,"All",0.228247100621399,0.771752899378601
"flair","CPM","SCLC_A","SHP_77",0,2.10211282616565,9.38477775559316,9.38477775559316,9.38477775559316,"All",0.223991753551418,0.776008246448582
"flair","EDA","LUAD","HCC827",0,2.08607054087293,9.38477775559316,9.38477775559316,9.38477775559316,"All",0.222282359284392,0.777717640715608
"flair","EDA","LUAD","NCI_H1975",0,2.07040353389032,9.38477775559316,9.38477775559316,9.38477775559316,"All",0.220612952997891,0.779387047002109
"flair","EDA","LUAD","NCI_H2228",0,2.08957819376405,9.38477775559316,9.38477775559316,9.38477775559316,"All",0.222656119109342,0.777343880890658
"flair","EDA","SCLC_A","NCI_H146",0,2.14637914405388,9.38477775559316,9.38477775559316,9.38477775559316,"All",0.228708574667597,0.771291425332403
"flair","EDA","SCLC_A","NCI_H69",0,2.1392377054668,9.38477775559316,9.38477775559316,9.38477775559316,"All",0.227947614869393,0.772052385130607
"flair","EDA","SCLC_A","SHP_77",0,2.10015266835057,9.38477775559316,9.38477775559316,9.38477775559316,"All",0.223782887889798,0.776217112110202
"flair","TPM","LUAD","HCC827",0,2.59398343041453,9.38477775559316,9.38477775559316,9.38477775559316,"All",0.276403288172547,0.723596711827453
"flair","TPM","LUAD","NCI_H1975",0,2.567826632442,9.38477775559316,9.38477775559316,9.38477775559316,"All",0.2736161366114,0.7263838633886
"flair","TPM","LUAD","NCI_H2228",0,2.5703657135083,9.38477775559316,9.38477775559316,9.38477775559316,"All",0.273886689748877,0.726113310251123
"flair","TPM","SCLC_A","NCI_H146",0,2.60046083203881,9.38477775559316,9.38477775559316,9.38477775559316,"All",0.277093491157953,0.722906508842047
"flair","TPM","SCLC_A","NCI_H69",0,2.6324378578743,9.38477775559316,9.38477775559316,9.38477775559316,"All",0.280500820203804,0.719499179796196
"flair","TPM","SCLC_A","SHP_77",0,2.56735309731566,9.38477775559316,9.38477775559316,9.38477775559316,"All",0.273565678823408,0.726434321176592
"flair","cqn","LUAD","HCC827",0,2.10500445089283,9.38477775559316,9.38477775559316,9.38477775559316,"All",0.224299872166742,0.775700127833258
"flair","cqn","LUAD","NCI_H1975",0,2.05379056811246,9.38477775559316,9.38477775559316,9.38477775559316,"All",0.218842749567345,0.781157250432655
"flair","cqn","LUAD","NCI_H2228",0,2.13851223523008,9.38477775559316,9.38477775559316,9.38477775559316,"All",0.227870312001323,0.772129687998677
"flair","cqn","SCLC_A","NCI_H146",0,1.93440678020697,9.38477775559316,9.38477775559316,9.38477775559316,"All",0.206121746362517,0.793878253637483
"flair","cqn","SCLC_A","NCI_H69",0,1.99507189736119,9.38477775559316,9.38477775559316,9.38477775559316,"All",0.212585950282324,0.787414049717676
"flair","cqn","SCLC_A","SHP_77",0,2.02561480635029,9.38477775559316,9.38477775559316,9.38477775559316,"All",0.215840466242588,0.784159533757412
"flair","ratio_counts","LUAD","HCC827",0,1.80323771025294,9.38477775559316,9.38477775559316,9.38477775559316,"All",0.192144956142221,0.807855043857779
"flair","ratio_counts","LUAD","NCI_H1975",0,1.79729434075228,9.38477775559316,9.38477775559316,9.38477775559316,"All",0.191511657234624,0.808488342765376
"flair","ratio_counts","LUAD","NCI_H2228",0,1.80006434254807,9.38477775559316,9.38477775559316,9.38477775559316,"All",0.191806816253615,0.808193183746385
"flair","ratio_counts","SCLC_A","NCI_H146",0,1.81567595787304,9.38477775559316,9.38477775559316,9.38477775559316,"All",0.193470320252489,0.806529679747511
"flair","ratio_counts","SCLC_A","NCI_H69",0,1.8254786724274,9.38477775559316,9.38477775559316,9.38477775559316,"All",0.194514853731027,0.805485146268973
"flair","ratio_counts","SCLC_A","SHP_77",0,1.81273456176807,9.38477775559316,9.38477775559316,9.38477775559316,"All",0.193156898221454,0.806843101778546
"isoquant","CPM","LUAD","HCC827",0,4.49920518289034,9.38477775559316,9.38477775559316,9.38477775559316,"All",0.479415208336595,0.520584791663405
"isoquant","CPM","LUAD","NCI_H1975",0,4.49825168635493,9.38477775559316,9.38477775559316,9.38477775559316,"All",0.479313608004628,0.520686391995372
"isoquant","CPM","LUAD","NCI_H2228",0,4.49427751167433,9.38477775559316,9.38477775559316,9.38477775559316,"All",0.478890137701537,0.521109862298463
"isoquant","CPM","SCLC_A","NCI_H146",0,4.37646238238373,9.38477775559316,9.38477775559316,9.38477775559316,"All",0.466336283752211,0.533663716247789
"isoquant","CPM","SCLC_A","NCI_H69",0,4.37016701275866,9.38477775559316,9.38477775559316,9.38477775559316,"All",0.465665477283585,0.534334522716415
"isoquant","CPM","SCLC_A","SHP_77",0,4.37030695697157,9.38477775559316,9.38477775559316,9.38477775559316,"All",0.465680389113845,0.534319610886155
"isoquant","EDA","LUAD","HCC827",0,4.49821914155623,9.38477775559316,9.38477775559316,9.38477775559316,"All",0.479310140176241,0.520689859823759
"isoquant","EDA","LUAD","NCI_H1975",0,4.49627943906798,9.38477775559316,9.38477775559316,9.38477775559316,"All",0.479103454142883,0.520896545857117
"isoquant","EDA","LUAD","NCI_H2228",0,4.49518334474617,9.38477775559316,9.38477775559316,9.38477775559316,"All",0.478986659227719,0.521013340772281
"isoquant","EDA","SCLC_A","NCI_H146",0,4.37511979368425,9.38477775559316,9.38477775559316,9.38477775559316,"All",0.466193223497142,0.533806776502858
"isoquant","EDA","SCLC_A","NCI_H69",0,4.36790205880687,9.38477775559316,9.38477775559316,9.38477775559316,"All",0.465424133907026,0.534575866092974
"isoquant","EDA","SCLC_A","SHP_77",0,4.36936915720939,9.38477775559316,9.38477775559316,9.38477775559316,"All",0.465580461359922,0.534419538640079
"isoquant","TPM","LUAD","HCC827",0,4.55658115083055,9.38477775559316,9.38477775559316,9.38477775559316,"All",0.485528935207327,0.514471064792673
"isoquant","TPM","LUAD","NCI_H1975",0,4.55682629932342,9.38477775559316,9.38477775559316,9.38477775559316,"All",0.485555057135757,0.514444942864243
"isoquant","TPM","LUAD","NCI_H2228",0,4.55108737028168,9.38477775559316,9.38477775559316,9.38477775559316,"All",0.484943542490318,0.515056457509682
"isoquant","TPM","SCLC_A","NCI_H146",0,4.43369011778722,9.38477775559316,9.38477775559316,9.38477775559316,"All",0.472434215625919,0.527565784374081
"isoquant","TPM","SCLC_A","NCI_H69",0,4.43176761201468,9.38477775559316,9.38477775559316,9.38477775559316,"All",0.472229361997777,0.527770638002223
"isoquant","TPM","SCLC_A","SHP_77",0,4.42473555877756,9.38477775559316,9.38477775559316,9.38477775559316,"All",0.471480057813889,0.528519942186111
"isoquant","cqn","LUAD","HCC827",0,4.45237823453552,9.38477775559316,9.38477775559316,9.38477775559316,"All",0.474425537875096,0.525574462124904
"isoquant","cqn","LUAD","NCI_H1975",0,4.43470422042231,9.38477775559316,9.38477775559316,9.38477775559316,"All",0.472542273873167,0.527457726126833
"isoquant","cqn","LUAD","NCI_H2228",0,4.44866674759748,9.38477775559316,9.38477775559316,9.38477775559316,"All",0.474030058404543,0.525969941595457
"isoquant","cqn","SCLC_A","NCI_H146",0,4.3626172020971,9.38477775559316,9.38477775559316,9.38477775559316,"All",0.464861003181142,0.535138996818858
"isoquant","cqn","SCLC_A","NCI_H69",0,4.36008089668507,9.38477775559316,9.38477775559316,9.38477775559316,"All",0.464590745804986,0.535409254195014
"isoquant","cqn","SCLC_A","SHP_77",0,4.3638396883966,9.38477775559316,9.38477775559316,9.38477775559316,"All",0.464991265860913,0.535008734139087
"isoquant","ratio_counts","LUAD","HCC827",0,4.4715753910542,9.38477775559316,9.38477775559316,9.38477775559316,"All",0.476471101128551,0.523528898871449
"isoquant","ratio_counts","LUAD","NCI_H1975",0,4.4709334567015,9.38477775559316,9.38477775559316,9.38477775559316,"All",0.476402699471163,0.523597300528837
"isoquant","ratio_counts","LUAD","NCI_H2228",0,4.47068251633666,9.38477775559316,9.38477775559316,9.38477775559316,"All",0.476375960386725,0.523624039613275
"isoquant","ratio_counts","SCLC_A","NCI_H146",0,4.35140707055965,9.38477775559316,9.38477775559316,9.38477775559316,"All",0.463666501635192,0.536333498364808
"isoquant","ratio_counts","SCLC_A","NCI_H69",0,4.35033280874611,9.38477775559316,9.38477775559316,9.38477775559316,"All",0.463552033094592,0.536447966905408
"isoquant","ratio_counts","SCLC_A","SHP_77",0,4.35056409871933,9.38477775559316,9.38477775559316,9.38477775559316,"All",0.463576678321069,0.536423321678931
"kallisto","CPM","LUAD","HCC827",0,2.74824073713934,9.38477775559316,9.38477775559316,9.38477775559316,"All",0.292840257778234,0.707159742221766
"kallisto","CPM","LUAD","NCI_H1975",0,2.73990901134665,9.38477775559316,9.38477775559316,9.38477775559316,"All",0.291952466291886,0.708047533708114
"kallisto","CPM","LUAD","NCI_H2228",0,2.74943087116574,9.38477775559316,9.38477775559316,9.38477775559316,"All",0.292967073144287,0.707032926855713
"kallisto","CPM","SCLC_A","NCI_H146",0,2.72904161517887,9.38477775559316,9.38477775559316,9.38477775559316,"All",0.290794485096081,0.709205514903919
"kallisto","CPM","SCLC_A","NCI_H69",0,2.77227267144227,9.38477775559316,9.38477775559316,9.38477775559316,"All",0.295400993357573,0.704599006642427
"kallisto","CPM","SCLC_A","SHP_77",0,2.72976269380711,9.38477775559316,9.38477775559316,9.38477775559316,"All",0.290871320013968,0.709128679986032
"kallisto","EDA","LUAD","HCC827",0,2.72016941216705,9.38477775559316,9.38477775559316,9.38477775559316,"All",0.289849102771334,0.710150897228666
"kallisto","EDA","LUAD","NCI_H1975",0,2.70546748393322,9.38477775559316,9.38477775559316,9.38477775559316,"All",0.288282530965724,0.711717469034276
"kallisto","EDA","LUAD","NCI_H2228",0,2.72648998076904,9.38477775559316,9.38477775559316,9.38477775559316,"All",0.290522594330388,0.709477405669612
"kallisto","EDA","SCLC_A","NCI_H146",0,2.7158739236557,9.38477775559316,9.38477775559316,9.38477775559316,"All",0.289391394701604,0.710608605298396
"kallisto","EDA","SCLC_A","NCI_H69",0,2.75471934113735,9.38477775559316,9.38477775559316,9.38477775559316,"All",0.293530588883215,0.706469411116785
"kallisto","EDA","SCLC_A","SHP_77",0,2.70491851717807,9.38477775559316,9.38477775559316,9.38477775559316,"All",0.288224035520286,0.711775964479714
"kallisto","TPM","LUAD","HCC827",0,3.11571966636376,9.38477775559316,9.38477775559316,9.38477775559316,"All",0.331997171111148,0.668002828888852
"kallisto","TPM","LUAD","NCI_H1975",0,3.09691965140517,9.38477775559316,9.38477775559316,9.38477775559316,"All",0.329993925488482,0.670006074511518
"kallisto","TPM","LUAD","NCI_H2228",0,3.11069318500419,9.38477775559316,9.38477775559316,9.38477775559316,"All",0.331461571708534,0.668538428291466
"kallisto","TPM","SCLC_A","NCI_H146",0,3.08456099652598,9.38477775559316,9.38477775559316,9.38477775559316,"All",0.32867704242518,0.67132295757482
"kallisto","TPM","SCLC_A","NCI_H69",0,3.12686280699405,9.38477775559316,9.38477775559316,9.38477775559316,"All",0.33318453440525,0.66681546559475
"kallisto","TPM","SCLC_A","SHP_77",0,3.08065171621734,9.38477775559316,9.38477775559316,9.38477775559316,"All",0.328260486976511,0.671739513023489
"kallisto","cqn","LUAD","HCC827",0,2.78355668025447,9.38477775559316,9.38477775559316,9.38477775559316,"All",0.296603366935943,0.703396633064058
"kallisto","cqn","LUAD","NCI_H1975",0,2.72905480349527,9.38477775559316,9.38477775559316,9.38477775559316,"All",0.29079589038417,0.70920410961583
"kallisto","cqn","LUAD","NCI_H2228",0,2.79467376872728,9.38477775559316,9.38477775559316,9.38477775559316,"All",0.297787954228506,0.702212045771494
"kallisto","cqn","SCLC_A","NCI_H146",0,2.59349728960034,9.38477775559316,9.38477775559316,9.38477775559316,"All",0.276351487178762,0.723648512821238
"kallisto","cqn","SCLC_A","NCI_H69",0,2.69331037723629,9.38477775559316,9.38477775559316,9.38477775559316,"All",0.286987123976498,0.713012876023502
"kallisto","cqn","SCLC_A","SHP_77",0,2.67005280174033,9.38477775559316,9.38477775559316,9.38477775559316,"All",0.284508900612913,0.715491099387087
"kallisto","ratio_counts","LUAD","HCC827",0,2.51931596095106,9.38477775559316,9.38477775559316,9.38477775559316,"All",0.268447056132959,0.731552943867041
"kallisto","ratio_counts","LUAD","NCI_H1975",0,2.52022397039542,9.38477775559316,9.38477775559316,9.38477775559316,"All",0.268543809563675,0.731456190436325
"kallisto","ratio_counts","LUAD","NCI_H2228",0,2.51983867434799,9.38477775559316,9.38477775559316,9.38477775559316,"All",0.268502754137807,0.731497245862193
"kallisto","ratio_counts","SCLC_A","NCI_H146",0,2.51621660609225,9.38477775559316,9.38477775559316,9.38477775559316,"All",0.268116802722646,0.731883197277354
"kallisto","ratio_counts","SCLC_A","NCI_H69",0,2.5270974048703,9.38477775559316,9.38477775559316,9.38477775559316,"All",0.269276212040737,0.730723787959263
"kallisto","ratio_counts","SCLC_A","SHP_77",0,2.51623158586601,9.38477775559316,9.38477775559316,9.38477775559316,"All",0.26811839890043,0.73188160109957
"oarfish","CPM","LUAD","HCC827",0,2.88719581541827,9.38477775559316,9.38477775559316,9.38477775559316,"All",0.307646690268989,0.692353309731011
"oarfish","CPM","LUAD","NCI_H1975",0,2.87362130189206,9.38477775559316,9.38477775559316,9.38477775559316,"All",0.306200250738963,0.693799749261037
"oarfish","CPM","LUAD","NCI_H2228",0,2.88151298273038,9.38477775559316,9.38477775559316,9.38477775559316,"All",0.307041153000459,0.692958846999541
"oarfish","CPM","SCLC_A","NCI_H146",0,2.87098469686151,9.38477775559316,9.38477775559316,9.38477775559316,"All",0.305919305883451,0.694080694116549
"oarfish","CPM","SCLC_A","NCI_H69",0,2.89026852958126,9.38477775559316,9.38477775559316,9.38477775559316,"All",0.307974104965748,0.692025895034252
"oarfish","CPM","SCLC_A","SHP_77",0,2.86659557078128,9.38477775559316,9.38477775559316,9.38477775559316,"All",0.305451620212619,0.694548379787381
"oarfish","EDA","LUAD","HCC827",0,2.85568617524338,9.38477775559316,9.38477775559316,9.38477775559316,"All",0.304289163751527,0.695710836248473
"oarfish","EDA","LUAD","NCI_H1975",0,2.83639620756894,9.38477775559316,9.38477775559316,9.38477775559316,"All",0.302233710955861,0.697766289044139
"oarfish","EDA","LUAD","NCI_H2228",0,2.85789779364357,9.38477775559316,9.38477775559316,9.38477775559316,"All",0.304524823929934,0.695475176070066
"oarfish","EDA","SCLC_A","NCI_H146",0,2.86148566012235,9.38477775559316,9.38477775559316,9.38477775559316,"All",0.304907130956506,0.695092869043494
"oarfish","EDA","SCLC_A","NCI_H69",0,2.87232307510591,9.38477775559316,9.38477775559316,9.38477775559316,"All",0.306061917491233,0.693938082508767
"oarfish","EDA","SCLC_A","SHP_77",0,2.84143882681274,9.38477775559316,9.38477775559316,9.38477775559316,"All",0.302771029939339,0.697228970060661
"oarfish","TPM","LUAD","HCC827",0,3.262404274978,9.38477775559316,9.38477775559316,9.38477775559316,"All",0.347627227830053,0.652372772169947
"oarfish","TPM","LUAD","NCI_H1975",0,3.24170578499638,9.38477775559316,9.38477775559316,9.38477775559316,"All",0.345421689188578,0.654578310811422
"oarfish","TPM","LUAD","NCI_H2228",0,3.25284843953787,9.38477775559316,9.38477775559316,9.38477775559316,"All",0.346609000687228,0.653390999312772
"oarfish","TPM","SCLC_A","NCI_H146",0,3.23514552946336,9.38477775559316,9.38477775559316,9.38477775559316,"All",0.344722657660728,0.655277342339272
"oarfish","TPM","SCLC_A","NCI_H69",0,3.26216055794716,9.38477775559316,9.38477775559316,9.38477775559316,"All",0.347601258431822,0.652398741568178
"oarfish","TPM","SCLC_A","SHP_77",0,3.22873404281444,9.38477775559316,9.38477775559316,9.38477775559316,"All",0.344039478280684,0.655960521719316
"oarfish","cqn","LUAD","HCC827",0,2.90130243016283,9.38477775559316,9.38477775559316,9.38477775559316,"All",0.309149828128184,0.690850171871816
"oarfish","cqn","LUAD","NCI_H1975",0,2.83416759388504,9.38477775559316,9.38477775559316,9.38477775559316,"All",0.301996239835933,0.698003760164067
"oarfish","cqn","LUAD","NCI_H2228",0,2.8712609615711,9.38477775559316,9.38477775559316,9.38477775559316,"All",0.305948743416953,0.694051256583047
"oarfish","cqn","SCLC_A","NCI_H146",0,2.77348599414968,9.38477775559316,9.38477775559316,9.38477775559316,"All",0.295530279605901,0.704469720394099
"oarfish","cqn","SCLC_A","NCI_H69",0,2.82535615920778,9.38477775559316,9.38477775559316,9.38477775559316,"All",0.301057332713491,0.698942667286508
"oarfish","cqn","SCLC_A","SHP_77",0,2.80103765913984,9.38477775559316,9.38477775559316,9.38477775559316,"All",0.298466061966196,0.701533938033804
"oarfish","ratio_counts","LUAD","HCC827",0,2.72256244431534,9.38477775559316,9.38477775559316,9.38477775559316,"All",0.290104093588443,0.709895906411557
"oarfish","ratio_counts","LUAD","NCI_H1975",0,2.7198973823796,9.38477775559316,9.38477775559316,9.38477775559316,"All",0.28982011649222,0.71017988350778
"oarfish","ratio_counts","LUAD","NCI_H2228",0,2.72133340750507,9.38477775559316,9.38477775559316,9.38477775559316,"All",0.289973132915503,0.710026867084497
"oarfish","ratio_counts","SCLC_A","NCI_H146",0,2.71881650864835,9.38477775559316,9.38477775559316,9.38477775559316,"All",0.2897049434152,0.7102950565848
"oarfish","ratio_counts","SCLC_A","NCI_H69",0,2.72362419379279,9.38477775559316,9.38477775559316,9.38477775559316,"All",0.290217228870397,0.709782771129603
"oarfish","ratio_counts","SCLC_A","SHP_77",0,2.71805519474391,9.38477775559316,9.38477775559316,9.38477775559316,"All",0.289623821205995,0.710376178794005
"bambu","CPM","LUAD","HCC827",NA,2.06751864381339,9.38477775559316,9.38477775559316,9.38477775559316,"1115.5-2425.25",0.220305551996816,0.779694448003184
"bambu","CPM","LUAD","HCC827",NA,2.98243754168318,9.38477775559316,9.38477775559316,9.38477775559316,"191-603",0.317795223217268,0.682204776782732
"bambu","CPM","LUAD","HCC827",NA,4.53101511621818,9.38477775559316,9.38477775559316,9.38477775559316,"2425.25-12059",0.482804732751159,0.517195267248841
"bambu","CPM","LUAD","HCC827",NA,2.06937930320559,9.38477775559316,9.38477775559316,9.38477775559316,"603-1115.5",0.220503815550909,0.779496184449091
"bambu","CPM","LUAD","NCI_H1975",NA,2.07572121310527,9.38477775559316,9.38477775559316,9.38477775559316,"1115.5-2425.25",0.221179581143323,0.778820418856677
"bambu","CPM","LUAD","NCI_H1975",NA,2.96277471356863,9.38477775559316,9.38477775559316,9.38477775559316,"191-603",0.315700040078506,0.684299959921494
"bambu","CPM","LUAD","NCI_H1975",NA,4.55498121950258,9.38477775559316,9.38477775559316,9.38477775559316,"2425.25-12059",0.485358453671201,0.514641546328799
"bambu","CPM","LUAD","NCI_H1975",NA,2.06910243668669,9.38477775559316,9.38477775559316,9.38477775559316,"603-1115.5",0.220474313891295,0.779525686108705
"bambu","CPM","LUAD","NCI_H2228",NA,2.07142439739012,9.38477775559316,9.38477775559316,9.38477775559316,"1115.5-2425.25",0.220721731652685,0.779278268347315
"bambu","CPM","LUAD","NCI_H2228",NA,2.99158340357777,9.38477775559316,9.38477775559316,9.38477775559316,"191-603",0.318769765410251,0.681230234589749
"bambu","CPM","LUAD","NCI_H2228",NA,4.55409540017628,9.38477775559316,9.38477775559316,9.38477775559316,"2425.25-12059",0.485264064720352,0.514735935279647
"bambu","CPM","LUAD","NCI_H2228",NA,2.07006712417573,9.38477775559316,9.38477775559316,9.38477775559316,"603-1115.5",0.220577106681296,0.779422893318704
"bambu","CPM","SCLC_A","NCI_H146",NA,2.07018966177821,9.38477775559316,9.38477775559316,9.38477775559316,"1115.5-2425.25",0.220590163740896,0.779409836259104
"bambu","CPM","SCLC_A","NCI_H146",NA,2.96614056417391,9.38477775559316,9.38477775559316,9.38477775559316,"191-603",0.316058690085244,0.683941309914756
"bambu","CPM","SCLC_A","NCI_H146",NA,4.51257401243881,9.38477775559316,9.38477775559316,9.38477775559316,"2425.25-12059",0.480839731100654,0.519160268899346
"bambu","CPM","SCLC_A","NCI_H146",NA,2.06671304801933,9.38477775559316,9.38477775559316,9.38477775559316,"603-1115.5",0.22021971130724,0.77978028869276
"bambu","CPM","SCLC_A","NCI_H69",NA,2.06780816108173,9.38477775559316,9.38477775559316,9.38477775559316,"1115.5-2425.25",0.220336401663785,0.779663598336215
"bambu","CPM","SCLC_A","NCI_H69",NA,3.00474836764457,9.38477775559316,9.38477775559316,9.38477775559316,"191-603",0.320172565179158,0.679827434820842
"bambu","CPM","SCLC_A","NCI_H69",NA,4.56721724064804,9.38477775559316,9.38477775559316,9.38477775559316,"2425.25-12059",0.486662269431587,0.513337730568413
"bambu","CPM","SCLC_A","NCI_H69",NA,2.07016644073386,9.38477775559316,9.38477775559316,9.38477775559316,"603-1115.5",0.220587689410128,0.779412310589872
"bambu","CPM","SCLC_A","SHP_77",NA,2.06864007128229,9.38477775559316,9.38477775559316,9.38477775559316,"1115.5-2425.25",0.220425046298983,0.779574953701017
"bambu","CPM","SCLC_A","SHP_77",NA,2.98177245014451,9.38477775559316,9.38477775559316,9.38477775559316,"191-603",0.317724354033576,0.682275645966424
"bambu","CPM","SCLC_A","SHP_77",NA,4.57787490341387,9.38477775559316,9.38477775559316,9.38477775559316,"2425.25-12059",0.487797902372865,0.512202097627135
"bambu","CPM","SCLC_A","SHP_77",NA,2.06968178739269,9.38477775559316,9.38477775559316,9.38477775559316,"603-1115.5",0.220536046914824,0.779463953085176
"bambu","EDA","LUAD","HCC827",NA,2.076443272691,9.38477775559316,9.38477775559316,9.38477775559316,"1115.5-2425.25",0.221256520587659,0.778743479412341
"bambu","EDA","LUAD","HCC827",NA,2.97404348375598,9.38477775559316,9.38477775559316,9.38477775559316,"191-603",0.316900789897076,0.683099210102924
"bambu","EDA","LUAD","HCC827",NA,4.4154780389655,9.38477775559316,9.38477775559316,9.38477775559316,"2425.25-12059",0.470493617851947,0.529506382148053
"bambu","EDA","LUAD","HCC827",NA,2.05996943022873,9.38477775559316,9.38477775559316,9.38477775559316,"603-1115.5",0.21950114151622,0.78049885848378
"bambu","EDA","LUAD","NCI_H1975",NA,2.08344363294064,9.38477775559316,9.38477775559316,9.38477775559316,"1115.5-2425.25",0.222002447708359,0.777997552291641
"bambu","EDA","LUAD","NCI_H1975",NA,2.95059902542579,9.38477775559316,9.38477775559316,9.38477775559316,"191-603",0.314402653133399,0.685597346866601
"bambu","EDA","LUAD","NCI_H1975",NA,4.41495224747962,9.38477775559316,9.38477775559316,9.38477775559316,"2425.25-12059",0.470437591859689,0.529562408140311
"bambu","EDA","LUAD","NCI_H1975",NA,2.06002951827789,9.38477775559316,9.38477775559316,9.38477775559316,"603-1115.5",0.219507544230352,0.780492455769648
"bambu","EDA","LUAD","NCI_H2228",NA,2.07033903192978,9.38477775559316,9.38477775559316,9.38477775559316,"1115.5-2425.25",0.220606079957076,0.779393920042924
"bambu","EDA","LUAD","NCI_H2228",NA,2.97289414085802,9.38477775559316,9.38477775559316,9.38477775559316,"191-603",0.316778321051474,0.683221678948526
"bambu","EDA","LUAD","NCI_H2228",NA,4.47039192540571,9.38477775559316,9.38477775559316,9.38477775559316,"2425.25-12059",0.476344996315063,0.523655003684937
"bambu","EDA","LUAD","NCI_H2228",NA,2.06276599093222,9.38477775559316,9.38477775559316,9.38477775559316,"603-1115.5",0.219799130533789,0.78020086946621
"bambu","EDA","SCLC_A","NCI_H146",NA,2.07570706933434,9.38477775559316,9.38477775559316,9.38477775559316,"1115.5-2425.25",0.221178074046267,0.778821925953733
"bambu","EDA","SCLC_A","NCI_H146",NA,2.95181439364641,9.38477775559316,9.38477775559316,9.38477775559316,"191-603",0.314532157342477,0.685467842657523
"bambu","EDA","SCLC_A","NCI_H146",NA,4.47488750195007,9.38477775559316,9.38477775559316,9.38477775559316,"2425.25-12059",0.476824024871886,0.523175975128114
"bambu","EDA","SCLC_A","NCI_H146",NA,2.06038652985084,9.38477775559316,9.38477775559316,9.38477775559316,"603-1115.5",0.219545585788954,0.780454414211046
"bambu","EDA","SCLC_A","NCI_H69",NA,2.07369205665348,9.38477775559316,9.38477775559316,9.38477775559316,"1115.5-2425.25",0.220963363295161,0.779036636704839
"bambu","EDA","SCLC_A","NCI_H69",NA,3.00314180326429,9.38477775559316,9.38477775559316,9.38477775559316,"191-603",0.320001376854607,0.679998623145393
"bambu","EDA","SCLC_A","NCI_H69",NA,4.50284887605754,9.38477775559316,9.38477775559316,9.38477775559316,"2425.25-12059",0.479803464005732,0.520196535994268
"bambu","EDA","SCLC_A","NCI_H69",NA,2.0647888241245,9.38477775559316,9.38477775559316,9.38477775559316,"603-1115.5",0.22001467460366,0.77998532539634
"bambu","EDA","SCLC_A","SHP_77",NA,2.07077488325843,9.38477775559316,9.38477775559316,9.38477775559316,"1115.5-2425.25",0.220652522327903,0.779347477672097
"bambu","EDA","SCLC_A","SHP_77",NA,2.96700662064502,9.38477775559316,9.38477775559316,9.38477775559316,"191-603",0.316150973194516,0.683849026805484
"bambu","EDA","SCLC_A","SHP_77",NA,4.48222127365033,9.38477775559316,9.38477775559316,9.38477775559316,"2425.25-12059",0.477605478827562,0.522394521172437
"bambu","EDA","SCLC_A","SHP_77",NA,2.06261442056934,9.38477775559316,9.38477775559316,9.38477775559316,"603-1115.5",0.219782979872918,0.780217020127082
"bambu","TPM","LUAD","HCC827",NA,2.17237345374234,9.38477775559316,9.38477775559316,9.38477775559316,"1115.5-2425.25",0.231478412202957,0.768521587797043
"bambu","TPM","LUAD","HCC827",NA,3.02790784348122,9.38477775559316,9.38477775559316,9.38477775559316,"191-603",0.322640335481215,0.677359664518785
"bambu","TPM","LUAD","HCC827",NA,5.4879051781599,9.38477775559316,9.38477775559316,9.38477775559316,"2425.25-12059",0.584766663748559,0.415233336251441
"bambu","TPM","LUAD","HCC827",NA,2.07754039401392,9.38477775559316,9.38477775559316,9.38477775559316,"603-1115.5",0.221373424935475,0.778626575064525
"bambu","TPM","LUAD","NCI_H1975",NA,2.17817346446884,9.38477775559316,9.38477775559316,9.38477775559316,"1115.5-2425.25",0.232096435439901,0.767903564560099
"bambu","TPM","LUAD","NCI_H1975",NA,3.01295604798749,9.38477775559316,9.38477775559316,9.38477775559316,"191-603",0.321047138936436,0.678952861063564
"bambu","TPM","LUAD","NCI_H1975",NA,5.51234673714808,9.38477775559316,9.38477775559316,9.38477775559316,"2425.25-12059",0.587371047104745,0.412628952895255
"bambu","TPM","LUAD","NCI_H1975",NA,2.07765509846287,9.38477775559316,9.38477775559316,9.38477775559316,"603-1115.5",0.221385647329222,0.778614352670778
"bambu","TPM","LUAD","NCI_H2228",NA,2.16273911894563,9.38477775559316,9.38477775559316,9.38477775559316,"1115.5-2425.25",0.230451820519317,0.769548179480683
"bambu","TPM","LUAD","NCI_H2228",NA,3.018269524863,9.38477775559316,9.38477775559316,9.38477775559316,"191-603",0.321613319299348,0.678386680700652
"bambu","TPM","LUAD","NCI_H2228",NA,5.51063874475873,9.38477775559316,9.38477775559316,9.38477775559316,"2425.25-12059",0.58718905106458,0.41281094893542
"bambu","TPM","LUAD","NCI_H2228",NA,2.08320139199929,9.38477775559316,9.38477775559316,9.38477775559316,"603-1115.5",0.221976635595632,0.778023364404368
"bambu","TPM","SCLC_A","NCI_H146",NA,2.15644867830984,9.38477775559316,9.38477775559316,9.38477775559316,"1115.5-2425.25",0.229781539261773,0.770218460738227
"bambu","TPM","SCLC_A","NCI_H146",NA,3.00552740213243,9.38477775559316,9.38477775559316,9.38477775559316,"191-603",0.320255575614584,0.679744424385416
"bambu","TPM","SCLC_A","NCI_H146",NA,5.43781635637023,9.38477775559316,9.38477775559316,9.38477775559316,"2425.25-12059",0.579429422623183,0.420570577376817
"bambu","TPM","SCLC_A","NCI_H146",NA,2.07924642235755,9.38477775559316,9.38477775559316,9.38477775559316,"603-1115.5",0.221555211695701,0.778444788304299
"bambu","TPM","SCLC_A","NCI_H69",NA,2.16999916083444,9.38477775559316,9.38477775559316,9.38477775559316,"1115.5-2425.25",0.231225418155604,0.768774581844396
"bambu","TPM","SCLC_A","NCI_H69",NA,3.03088855822388,9.38477775559316,9.38477775559316,9.38477775559316,"191-603",0.322957947130663,0.677042052869337
"bambu","TPM","SCLC_A","NCI_H69",NA,5.50344915406466,9.38477775559316,9.38477775559316,9.38477775559316,"2425.25-12059",0.586422960392931,0.413577039607069
"bambu","TPM","SCLC_A","NCI_H69",NA,2.07957327224073,9.38477775559316,9.38477775559316,9.38477775559316,"603-1115.5",0.22159003935936,0.77840996064064
"bambu","TPM","SCLC_A","SHP_77",NA,2.15429243969522,9.38477775559316,9.38477775559316,9.38477775559316,"1115.5-2425.25",0.22955178010596,0.77044821989404
"bambu","TPM","SCLC_A","SHP_77",NA,3.00957386020327,9.38477775559316,9.38477775559316,9.38477775559316,"191-603",0.320686748112881,0.679313251887119
"bambu","TPM","SCLC_A","SHP_77",NA,5.52692206655528,9.38477775559316,9.38477775559316,9.38477775559316,"2425.25-12059",0.588924129104851,0.411075870895149
"bambu","TPM","SCLC_A","SHP_77",NA,2.08218231139975,9.38477775559316,9.38477775559316,9.38477775559316,"603-1115.5",0.221868046918725,0.778131953081275
"bambu","cqn","LUAD","HCC827",NA,2.13108534035936,9.38477775559316,9.38477775559316,9.38477775559316,"1115.5-2425.25",0.22707893525654,0.77292106474346
"bambu","cqn","LUAD","HCC827",NA,3.0849939759806,9.38477775559316,9.38477775559316,9.38477775559316,"191-603",0.328723178781938,0.671276821218062
"bambu","cqn","LUAD","HCC827",NA,4.43360791485605,9.38477775559316,9.38477775559316,9.38477775559316,"2425.25-12059",0.472425456448736,0.527574543551264
"bambu","cqn","LUAD","HCC827",NA,2.10255761111193,9.38477775559316,9.38477775559316,9.38477775559316,"603-1115.5",0.224039147848636,0.775960852151364
"bambu","cqn","LUAD","NCI_H1975",NA,2.1260230324835,9.38477775559316,9.38477775559316,9.38477775559316,"1115.5-2425.25",0.22653951834037,0.77346048165963
"bambu","cqn","LUAD","NCI_H1975",NA,2.9859632499086,9.38477775559316,9.38477775559316,9.38477775559316,"191-603",0.318170906937996,0.681829093062004
"bambu","cqn","LUAD","NCI_H1975",NA,4.31711212928432,9.38477775559316,9.38477775559316,9.38477775559316,"2425.25-12059",0.460012185873171,0.539987814126829
"bambu","cqn","LUAD","NCI_H1975",NA,2.10957730964081,9.38477775559316,9.38477775559316,9.38477775559316,"603-1115.5",0.224787135569997,0.775212864430003
"bambu","cqn","LUAD","NCI_H2228",NA,2.09189844938754,9.38477775559316,9.38477775559316,9.38477775559316,"1115.5-2425.25",0.222903355185029,0.777096644814971
"bambu","cqn","LUAD","NCI_H2228",NA,3.01227363828296,9.38477775559316,9.38477775559316,9.38477775559316,"191-603",0.320974424406342,0.679025575593658
"bambu","cqn","LUAD","NCI_H2228",NA,4.50879721221719,9.38477775559316,9.38477775559316,9.38477775559316,"2425.25-12059",0.480437292138328,0.519562707861672
"bambu","cqn","LUAD","NCI_H2228",NA,2.06787319721298,9.38477775559316,9.38477775559316,9.38477775559316,"603-1115.5",0.220343331623443,0.779656668376557
"bambu","cqn","SCLC_A","NCI_H146",NA,2.09472805500268,9.38477775559316,9.38477775559316,9.38477775559316,"1115.5-2425.25",0.223204865320786,0.776795134679214
"bambu","cqn","SCLC_A","NCI_H146",NA,2.94383846577483,9.38477775559316,9.38477775559316,9.38477775559316,"191-603",0.31368227809341,0.686317721906589
"bambu","cqn","SCLC_A","NCI_H146",NA,4.26004679708604,9.38477775559316,9.38477775559316,9.38477775559316,"2425.25-12059",0.453931558959628,0.546068441040372
"bambu","cqn","SCLC_A","NCI_H146",NA,2.06375018681449,9.38477775559316,9.38477775559316,9.38477775559316,"603-1115.5",0.219904002051038,0.780095997948962
"bambu","cqn","SCLC_A","NCI_H69",NA,2.08424224339692,9.38477775559316,9.38477775559316,9.38477775559316,"1115.5-2425.25",0.222087544071542,0.777912455928458
"bambu","cqn","SCLC_A","NCI_H69",NA,2.98781164632111,9.38477775559316,9.38477775559316,9.38477775559316,"191-603",0.318367863803746,0.681632136196254
"bambu","cqn","SCLC_A","NCI_H69",NA,4.32646901909467,9.38477775559316,9.38477775559316,9.38477775559316,"2425.25-12059",0.461009214258289,0.538990785741711
"bambu","cqn","SCLC_A","NCI_H69",NA,2.06752159675734,9.38477775559316,9.38477775559316,9.38477775559316,"603-1115.5",0.220305866649334,0.779694133350666
"bambu","cqn","SCLC_A","SHP_77",NA,2.09199449733151,9.38477775559316,9.38477775559316,9.38477775559316,"1115.5-2425.25",0.222913589624935,0.777086410375065
"bambu","cqn","SCLC_A","SHP_77",NA,2.99129359207314,9.38477775559316,9.38477775559316,9.38477775559316,"191-603",0.318738884390777,0.681261115609223
"bambu","cqn","SCLC_A","SHP_77",NA,4.34971938331075,9.38477775559316,9.38477775559316,9.38477775559316,"2425.25-12059",0.463486669220099,0.536513330779901
"bambu","cqn","SCLC_A","SHP_77",NA,2.06921727351335,9.38477775559316,9.38477775559316,9.38477775559316,"603-1115.5",0.220486550390618,0.779513449609382
"bambu","ratio_counts","LUAD","HCC827",NA,2.05323078881963,9.38477775559316,9.38477775559316,9.38477775559316,"1115.5-2425.25",0.218783101986186,0.781216898013814
"bambu","ratio_counts","LUAD","HCC827",NA,2.904217463231,9.38477775559316,9.38477775559316,9.38477775559316,"191-603",0.309460441031769,0.690539558968231
"bambu","ratio_counts","LUAD","HCC827",NA,4.11473766997136,9.38477775559316,9.38477775559316,9.38477775559316,"2425.25-12059",0.438448067405651,0.561551932594349
"bambu","ratio_counts","LUAD","HCC827",NA,2.05480184011363,9.38477775559316,9.38477775559316,9.38477775559316,"603-1115.5",0.218950506194887,0.781049493805113
"bambu","ratio_counts","LUAD","NCI_H1975",NA,2.05465705152714,9.38477775559316,9.38477775559316,9.38477775559316,"1115.5-2425.25",0.218935078169816,0.781064921830184
"bambu","ratio_counts","LUAD","NCI_H1975",NA,2.90096297746189,9.38477775559316,9.38477775559316,9.38477775559316,"191-603",0.309113657564557,0.690886342435443
"bambu","ratio_counts","LUAD","NCI_H1975",NA,4.12492475440572,9.38477775559316,9.38477775559316,9.38477775559316,"2425.25-12059",0.439533557621793,0.560466442378207
"bambu","ratio_counts","LUAD","NCI_H1975",NA,2.05372396244184,9.38477775559316,9.38477775559316,9.38477775559316,"603-1115.5",0.218835652364581,0.781164347635419
"bambu","ratio_counts","LUAD","NCI_H2228",NA,2.05581142087987,9.38477775559316,9.38477775559316,9.38477775559316,"1115.5-2425.25",0.219058082611987,0.780941917388013
"bambu","ratio_counts","LUAD","NCI_H2228",NA,2.9152186102526,9.38477775559316,9.38477775559316,9.38477775559316,"191-603",0.310632674121151,0.689367325878849
"bambu","ratio_counts","LUAD","NCI_H2228",NA,4.11881232784347,9.38477775559316,9.38477775559316,9.38477775559316,"2425.25-12059",0.438882244748815,0.561117755251185
"bambu","ratio_counts","LUAD","NCI_H2228",NA,2.05578834916947,9.38477775559316,9.38477775559316,9.38477775559316,"603-1115.5",0.219055624193578,0.780944375806422
"bambu","ratio_counts","SCLC_A","NCI_H146",NA,2.05509994734612,9.38477775559316,9.38477775559316,9.38477775559316,"1115.5-2425.25",0.218982271170068,0.781017728829932
"bambu","ratio_counts","SCLC_A","NCI_H146",NA,2.90258774201536,9.38477775559316,9.38477775559316,9.38477775559316,"191-603",0.309286785218272,0.690713214781728
"bambu","ratio_counts","SCLC_A","NCI_H146",NA,4.11578562372333,9.38477775559316,9.38477775559316,9.38477775559316,"2425.25-12059",0.438559732676717,0.561440267323283
"bambu","ratio_counts","SCLC_A","NCI_H146",NA,2.05296872668197,9.38477775559316,9.38477775559316,9.38477775559316,"603-1115.5",0.218755177815312,0.781244822184688
"bambu","ratio_counts","SCLC_A","NCI_H69",NA,2.05257635235931,9.38477775559316,9.38477775559316,9.38477775559316,"1115.5-2425.25",0.218713368160052,0.781286631839949
"bambu","ratio_counts","SCLC_A","NCI_H69",NA,2.91595034810112,9.38477775559316,9.38477775559316,9.38477775559316,"191-603",0.310710644837941,0.689289355162059
"bambu","ratio_counts","SCLC_A","NCI_H69",NA,4.13781837930404,9.38477775559316,9.38477775559316,9.38477775559316,"2425.25-12059",0.440907444700859,0.559092555299141
"bambu","ratio_counts","SCLC_A","NCI_H69",NA,2.05437938617972,9.38477775559316,9.38477775559316,9.38477775559316,"603-1115.5",0.218905491390603,0.781094508609397
"bambu","ratio_counts","SCLC_A","SHP_77",NA,2.05600017712946,9.38477775559316,9.38477775559316,9.38477775559316,"1115.5-2425.25",0.219078195634854,0.780921804365146
"bambu","ratio_counts","SCLC_A","SHP_77",NA,2.90434930728942,9.38477775559316,9.38477775559316,9.38477775559316,"191-603",0.309474489745746,0.690525510254254
"bambu","ratio_counts","SCLC_A","SHP_77",NA,4.1295486462089,9.38477775559316,9.38477775559316,9.38477775559316,"2425.25-12059",0.440026258879467,0.559973741120533
"bambu","ratio_counts","SCLC_A","SHP_77",NA,2.05605862123914,9.38477775559316,9.38477775559316,9.38477775559316,"603-1115.5",0.219084423178137,0.780915576821863
"flair","CPM","LUAD","HCC827",NA,0.375261018347615,9.38477775559316,9.38477775559316,9.38477775559316,"1115.5-2425.25",0.0399861379907443,0.960013862009256
"flair","CPM","LUAD","HCC827",NA,0.881196501494836,9.38477775559316,9.38477775559316,9.38477775559316,"191-603",0.0938963632857112,0.906103636714289
"flair","CPM","LUAD","HCC827",NA,4.00495150544746,9.38477775559316,9.38477775559316,9.38477775559316,"2425.25-12059",0.426749744080043,0.573250255919957
"flair","CPM","LUAD","HCC827",NA,0.659854680402445,9.38477775559316,9.38477775559316,9.38477775559316,"603-1115.5",0.0703111674657595,0.929688832534241
"flair","CPM","LUAD","NCI_H1975",NA,0.482091824279495,9.38477775559316,9.38477775559316,9.38477775559316,"1115.5-2425.25",0.0513695515050612,0.948630448494939
"flair","CPM","LUAD","NCI_H1975",NA,0.932137285130882,9.38477775559316,9.38477775559316,9.38477775559316,"191-603",0.0993243856601021,0.900675614339898
"flair","CPM","LUAD","NCI_H1975",NA,3.93010875716237,9.38477775559316,9.38477775559316,9.38477775559316,"2425.25-12059",0.418774835112115,0.581225164887885
"flair","CPM","LUAD","NCI_H1975",NA,0.788115781712525,9.38477775559316,9.38477775559316,9.38477775559316,"603-1115.5",0.0839780975359616,0.916021902464038
"flair","CPM","LUAD","NCI_H2228",NA,0.383903838723345,9.38477775559316,9.38477775559316,9.38477775559316,"1115.5-2425.25",0.0409070783263403,0.95909292167366
"flair","CPM","LUAD","NCI_H2228",NA,0.917530024587364,9.38477775559316,9.38477775559316,9.38477775559316,"191-603",0.097767901220733,0.902232098779267
"flair","CPM","LUAD","NCI_H2228",NA,3.96492261634602,9.38477775559316,9.38477775559316,9.38477775559316,"2425.25-12059",0.422484444448671,0.577515555551328
"flair","CPM","LUAD","NCI_H2228",NA,0.779248187671853,9.38477775559316,9.38477775559316,9.38477775559316,"603-1115.5",0.0830332063225936,0.916966793677406
"flair","CPM","SCLC_A","NCI_H146",NA,0.376552693825288,9.38477775559316,9.38477775559316,9.38477775559316,"1115.5-2425.25",0.0401237731603041,0.959876226839696
"flair","CPM","SCLC_A","NCI_H146",NA,0.895693867181154,9.38477775559316,9.38477775559316,9.38477775559316,"191-603",0.0954411378199485,0.904558862180052
"flair","CPM","SCLC_A","NCI_H146",NA,3.9604204538874,9.38477775559316,9.38477775559316,9.38477775559316,"2425.25-12059",0.422004714126241,0.577995285873759
"flair","CPM","SCLC_A","NCI_H146",NA,1.15504490244432,9.38477775559316,9.38477775559316,9.38477775559316,"603-1115.5",0.123076425731652,0.876923574268348
"flair","CPM","SCLC_A","NCI_H69",NA,0.418388381453982,9.38477775559316,9.38477775559316,9.38477775559316,"1115.5-2425.25",0.0445815971725735,0.955418402827427
"flair","CPM","SCLC_A","NCI_H69",NA,0.854219667079331,9.38477775559316,9.38477775559316,9.38477775559316,"191-603",0.0910218323039383,0.908978167696062
"flair","CPM","SCLC_A","NCI_H69",NA,3.98490819320294,9.38477775559316,9.38477775559316,9.38477775559316,"2425.25-12059",0.424614018251845,0.575385981748155
"flair","CPM","SCLC_A","NCI_H69",NA,1.25269729383492,9.38477775559316,9.38477775559316,9.38477775559316,"603-1115.5",0.133481828388353,0.866518171611647
"flair","CPM","SCLC_A","SHP_77",NA,0.37085075815419,9.38477775559316,9.38477775559316,9.38477775559316,"1115.5-2425.25",0.0395162003632073,0.960483799636793
"flair","CPM","SCLC_A","SHP_77",NA,0.897802164281789,9.38477775559316,9.38477775559316,9.38477775559316,"191-603",0.095665788542165,0.904334211457835
"flair","CPM","SCLC_A","SHP_77",NA,3.92621540204507,9.38477775559316,9.38477775559316,9.38477775559316,"2425.25-12059",0.418359976580704,0.581640023419296
"flair","CPM","SCLC_A","SHP_77",NA,1.14750465857531,9.38477775559316,9.38477775559316,9.38477775559316,"603-1115.5",0.122272971023893,0.877727028976107
"flair","EDA","LUAD","HCC827",NA,0.37527690230775,9.38477775559316,9.38477775559316,9.38477775559316,"1115.5-2425.25",0.0399878305145897,0.96001216948541
"flair","EDA","LUAD","HCC827",NA,0.877249431022221,9.38477775559316,9.38477775559316,9.38477775559316,"191-603",0.0934757810859609,0.906524218914039
"flair","EDA","LUAD","HCC827",NA,4.00774553162174,9.38477775559316,9.38477775559316,9.38477775559316,"2425.25-12059",0.427047463029499,0.572952536970501
"flair","EDA","LUAD","HCC827",NA,0.659042974412859,9.38477775559316,9.38477775559316,9.38477775559316,"603-1115.5",0.0702246757010395,0.92977532429896
"flair","EDA","LUAD","NCI_H1975",NA,0.487826019052273,9.38477775559316,9.38477775559316,9.38477775559316,"1115.5-2425.25",0.0519805616879459,0.948019438312054
"flair","EDA","LUAD","NCI_H1975",NA,0.906274817599087,9.38477775559316,9.38477775559316,9.38477775559316,"191-603",0.0965685966360753,0.903431403363925
"flair","EDA","LUAD","NCI_H1975",NA,3.93261168146293,9.38477775559316,9.38477775559316,9.38477775559316,"2425.25-12059",0.419041535546131,0.580958464453869
"flair","EDA","LUAD","NCI_H1975",NA,0.788378250286515,9.38477775559316,9.38477775559316,9.38477775559316,"603-1115.5",0.0840060650148754,0.915993934985125
"flair","EDA","LUAD","NCI_H2228",NA,0.396240171281176,9.38477775559316,9.38477775559316,9.38477775559316,"1115.5-2425.25",0.0422215828227817,0.957778417177218
"flair","EDA","LUAD","NCI_H2228",NA,0.89939210848436,9.38477775559316,9.38477775559316,9.38477775559316,"191-603",0.0958352058948161,0.904164794105184
"flair","EDA","LUAD","NCI_H2228",NA,3.98616113016225,9.38477775559316,9.38477775559316,9.38477775559316,"2425.25-12059",0.424747525617916,0.575252474382084
"flair","EDA","LUAD","NCI_H2228",NA,0.780996234088062,9.38477775559316,9.38477775559316,9.38477775559316,"603-1115.5",0.0832194703409574,0.916780529659043
"flair","EDA","SCLC_A","NCI_H146",NA,0.393773408541091,9.38477775559316,9.38477775559316,9.38477775559316,"1115.5-2425.25",0.0419587356031323,0.958041264396868
"flair","EDA","SCLC_A","NCI_H146",NA,0.893619901242145,9.38477775559316,9.38477775559316,9.38477775559316,"191-603",0.0952201452729729,0.904779854727027
"flair","EDA","SCLC_A","NCI_H146",NA,4.01779601494295,9.38477775559316,9.38477775559316,9.38477775559316,"2425.25-12059",0.428118397641161,0.571881602358839
"flair","EDA","SCLC_A","NCI_H146",NA,1.15389552267797,9.38477775559316,9.38477775559316,9.38477775559316,"603-1115.5",0.122953952957519,0.877046047042481
"flair","EDA","SCLC_A","NCI_H69",NA,0.415284276015452,9.38477775559316,9.38477775559316,9.38477775559316,"1115.5-2425.25",0.0442508375617047,0.955749162438295
"flair","EDA","SCLC_A","NCI_H69",NA,0.88549726963081,9.38477775559316,9.38477775559316,9.38477775559316,"191-603",0.0943546339286586,0.905645366071341
"flair","EDA","SCLC_A","NCI_H69",NA,3.97393143489138,9.38477775559316,9.38477775559316,9.38477775559316,"2425.25-12059",0.423444383914471,0.576555616085529
"flair","EDA","SCLC_A","NCI_H69",NA,1.24765954824072,9.38477775559316,9.38477775559316,9.38477775559316,"603-1115.5",0.132945028719208,0.867054971280792
"flair","EDA","SCLC_A","SHP_77",NA,0.381416423311563,9.38477775559316,9.38477775559316,9.38477775559316,"1115.5-2425.25",0.0406420304502411,0.959357969549759
"flair","EDA","SCLC_A","SHP_77",NA,0.881619823321827,9.38477775559316,9.38477775559316,9.38477775559316,"191-603",0.0939414705688046,0.906058529431195
"flair","EDA","SCLC_A","SHP_77",NA,3.92364504332668,9.38477775559316,9.38477775559316,9.38477775559316,"2425.25-12059",0.418086090636324,0.581913909363676
"flair","EDA","SCLC_A","SHP_77",NA,1.15101802533771,9.38477775559316,9.38477775559316,9.38477775559316,"603-1115.5",0.122647339693444,0.877352660306556
"flair","TPM","LUAD","HCC827",NA,1.00536255197142,9.38477775559316,9.38477775559316,9.38477775559316,"1115.5-2425.25",0.107126943029871,0.89287305697013
"flair","TPM","LUAD","HCC827",NA,0.915562989069591,9.38477775559316,9.38477775559316,9.38477775559316,"191-603",0.0975583027018335,0.902441697298166
"flair","TPM","LUAD","HCC827",NA,4.95766117541551,9.38477775559316,9.38477775559316,9.38477775559316,"2425.25-12059",0.528266231180684,0.471733768819316
"flair","TPM","LUAD","HCC827",NA,0.69827385099089,9.38477775559316,9.38477775559316,9.38477775559316,"603-1115.5",0.0744049426822848,0.925595057317715
"flair","TPM","LUAD","NCI_H1975",NA,1.0877360985711,9.38477775559316,9.38477775559316,9.38477775559316,"1115.5-2425.25",0.115904300229468,0.884095699770532
"flair","TPM","LUAD","NCI_H1975",NA,0.929932940046579,9.38477775559316,9.38477775559316,9.38477775559316,"191-603",0.0990895004937496,0.90091049950625
"flair","TPM","LUAD","NCI_H1975",NA,4.86365934433751,9.38477775559316,9.38477775559316,9.38477775559316,"2425.25-12059",0.51824981592546,0.48175018407454
"flair","TPM","LUAD","NCI_H1975",NA,0.819638424083361,9.38477775559316,9.38477775559316,9.38477775559316,"603-1115.5",0.0873370095093484,0.912662990490652
"flair","TPM","LUAD","NCI_H2228",NA,1.00659594534547,9.38477775559316,9.38477775559316,9.38477775559316,"1115.5-2425.25",0.107258367918788,0.892741632081212
"flair","TPM","LUAD","NCI_H2228",NA,0.922585354239574,9.38477775559316,9.38477775559316,9.38477775559316,"191-603",0.0983065745685592,0.901693425431441
"flair","TPM","LUAD","NCI_H2228",NA,4.88886203963072,9.38477775559316,9.38477775559316,9.38477775559316,"2425.25-12059",0.520935302566654,0.479064697433346
"flair","TPM","LUAD","NCI_H2228",NA,0.813479212475992,9.38477775559316,9.38477775559316,9.38477775559316,"603-1115.5",0.0866807114309311,0.913319288569069
"flair","TPM","SCLC_A","NCI_H146",NA,1.00045648552437,9.38477775559316,9.38477775559316,9.38477775559316,"1115.5-2425.25",0.106604174502494,0.893395825497506
"flair","TPM","SCLC_A","NCI_H146",NA,0.94224476886453,9.38477775559316,9.38477775559316,9.38477775559316,"191-603",0.100401393981117,0.899598606018883
"flair","TPM","SCLC_A","NCI_H146",NA,4.86276842478305,9.38477775559316,9.38477775559316,9.38477775559316,"2425.25-12059",0.518154883517079,0.481845116482921
"flair","TPM","SCLC_A","NCI_H146",NA,1.23058157751713,9.38477775559316,9.38477775559316,9.38477775559316,"603-1115.5",0.131125276438616,0.868874723561384
"flair","TPM","SCLC_A","NCI_H69",NA,1.07113836851372,9.38477775559316,9.38477775559316,9.38477775559316,"1115.5-2425.25",0.114135720249245,0.885864279750755
"flair","TPM","SCLC_A","NCI_H69",NA,0.923017941679928,9.38477775559316,9.38477775559316,9.38477775559316,"191-603",0.0983526691540272,0.901647330845973
"flair","TPM","SCLC_A","NCI_H69",NA,4.89525154188714,9.38477775559316,9.38477775559316,9.38477775559316,"2425.25-12059",0.521616139388028,0.478383860611972
"flair","TPM","SCLC_A","NCI_H69",NA,1.32519021984226,9.38477775559316,9.38477775559316,9.38477775559316,"603-1115.5",0.141206350789977,0.858793649210023
"flair","TPM","SCLC_A","SHP_77",NA,0.979269326301474,9.38477775559316,9.38477775559316,9.38477775559316,"1115.5-2425.25",0.104346565449336,0.895653434550664
"flair","TPM","SCLC_A","SHP_77",NA,0.927203880990405,9.38477775559316,9.38477775559316,9.38477775559316,"191-603",0.0987987041502191,0.901201295849781
"flair","TPM","SCLC_A","SHP_77",NA,4.80131934207429,9.38477775559316,9.38477775559316,9.38477775559316,"2425.25-12059",0.511607143729407,0.488392856270593
"flair","TPM","SCLC_A","SHP_77",NA,1.22223763247985,9.38477775559316,9.38477775559316,9.38477775559316,"603-1115.5",0.130236182924143,0.869763817075857
"flair","cqn","LUAD","HCC827",NA,0.506137707504024,9.38477775559316,9.38477775559316,9.38477775559316,"1115.5-2425.25",0.0539317734191814,0.946068226580819
"flair","cqn","LUAD","HCC827",NA,1.26063443158084,9.38477775559316,9.38477775559316,9.38477775559316,"191-603",0.134327574334888,0.865672425665112
"flair","cqn","LUAD","HCC827",NA,3.91768990969976,9.38477775559316,9.38477775559316,9.38477775559316,"2425.25-12059",0.417451538195978,0.582548461804022
"flair","cqn","LUAD","HCC827",NA,0.728358548728965,9.38477775559316,9.38477775559316,9.38477775559316,"603-1115.5",0.0776106336982648,0.922389366301735
"flair","cqn","LUAD","NCI_H1975",NA,0.594202570506637,9.38477775559316,9.38477775559316,9.38477775559316,"1115.5-2425.25",0.0633155718740918,0.936684428125908
"flair","cqn","LUAD","NCI_H1975",NA,1.13709361734111,9.38477775559316,9.38477775559316,9.38477775559316,"191-603",0.121163616971476,0.878836383028524
"flair","cqn","LUAD","NCI_H1975",NA,3.8253617456734,9.38477775559316,9.38477775559316,9.38477775559316,"2425.25-12059",0.40761346142625,0.59238653857375
"flair","cqn","LUAD","NCI_H1975",NA,0.769916694204488,9.38477775559316,9.38477775559316,9.38477775559316,"603-1115.5",0.0820388840583498,0.91796111594165
"flair","cqn","LUAD","NCI_H2228",NA,0.382102111856775,9.38477775559316,9.38477775559316,9.38477775559316,"1115.5-2425.25",0.0407150943589527,0.959284905641047
"flair","cqn","LUAD","NCI_H2228",NA,1.22485299827535,9.38477775559316,9.38477775559316,9.38477775559316,"191-603",0.130514864621632,0.869485135378367
"flair","cqn","LUAD","NCI_H2228",NA,3.98475134266289,9.38477775559316,9.38477775559316,9.38477775559316,"2425.25-12059",0.424597304958879,0.575402695041121
"flair","cqn","LUAD","NCI_H2228",NA,0.87660034610527,9.38477775559316,9.38477775559316,9.38477775559316,"603-1115.5",0.0934066174963847,0.906593382503615
"flair","cqn","SCLC_A","NCI_H146",NA,0.356982456642956,9.38477775559316,9.38477775559316,9.38477775559316,"1115.5-2425.25",0.0380384560977164,0.961961543902284
"flair","cqn","SCLC_A","NCI_H146",NA,0.740253375389018,9.38477775559316,9.38477775559316,9.38477775559316,"191-603",0.07887809329825,0.92112190670175
"flair","cqn","SCLC_A","NCI_H146",NA,3.69443242366834,9.38477775559316,9.38477775559316,9.38477775559316,"2425.25-12059",0.393662217676548,0.606337782323451
"flair","cqn","SCLC_A","NCI_H146",NA,0.802169494598956,9.38477775559316,9.38477775559316,9.38477775559316,"603-1115.5",0.0854755984094431,0.914524401590557
"flair","cqn","SCLC_A","NCI_H69",NA,0.340914846234202,9.38477775559316,9.38477775559316,9.38477775559316,"1115.5-2425.25",0.0363263632994423,0.963673636700558
"flair","cqn","SCLC_A","NCI_H69",NA,0.842785412218425,9.38477775559316,9.38477775559316,9.38477775559316,"191-603",0.0898034491777005,0.910196550822299
"flair","cqn","SCLC_A","NCI_H69",NA,3.76311904717206,9.38477775559316,9.38477775559316,9.38477775559316,"2425.25-12059",0.40098115748445,0.59901884251555
"flair","cqn","SCLC_A","NCI_H69",NA,0.966267228017799,9.38477775559316,9.38477775559316,9.38477775559316,"603-1115.5",0.102961119930829,0.897038880069171
"flair","cqn","SCLC_A","SHP_77",NA,0.384245873679235,9.38477775559316,9.38477775559316,9.38477775559316,"1115.5-2425.25",0.0409435240435215,0.959056475956478
"flair","cqn","SCLC_A","SHP_77",NA,1.01717180221576,9.38477775559316,9.38477775559316,9.38477775559316,"191-603",0.108385283989229,0.891614716010771
"flair","cqn","SCLC_A","SHP_77",NA,3.7799502123266,9.38477775559316,9.38477775559316,9.38477775559316,"2425.25-12059",0.402774611265975,0.597225388734026
"flair","cqn","SCLC_A","SHP_77",NA,0.970646382825323,9.38477775559316,9.38477775559316,9.38477775559316,"603-1115.5",0.103427743107378,0.896572256892622
"flair","ratio_counts","LUAD","HCC827",NA,0.122073358597736,9.38477775559316,9.38477775559316,9.38477775559316,"1115.5-2425.25",0.0130075918446745,0.986992408155326
"flair","ratio_counts","LUAD","HCC827",NA,0.175015680880393,9.38477775559316,9.38477775559316,9.38477775559316,"191-603",0.0186488892372637,0.981351110762736
"flair","ratio_counts","LUAD","HCC827",NA,3.59161732830503,9.38477775559316,9.38477775559316,9.38477775559316,"2425.25-12059",0.382706700344022,0.617293299655978
"flair","ratio_counts","LUAD","HCC827",NA,0.247825608641921,9.38477775559316,9.38477775559316,9.38477775559316,"603-1115.5",0.0264071899299077,0.973592810070092
"flair","ratio_counts","LUAD","NCI_H1975",NA,0.180563815863374,9.38477775559316,9.38477775559316,9.38477775559316,"1115.5-2425.25",0.0192400737199941,0.980759926280006
"flair","ratio_counts","LUAD","NCI_H1975",NA,0.234681545772483,9.38477775559316,9.38477775559316,9.38477775559316,"191-603",0.0250066172992341,0.974993382700766
"flair","ratio_counts","LUAD","NCI_H1975",NA,3.57220425204401,9.38477775559316,9.38477775559316,9.38477775559316,"2425.25-12059",0.380638129647241,0.619361870352759
"flair","ratio_counts","LUAD","NCI_H1975",NA,0.269714388481748,9.38477775559316,9.38477775559316,9.38477775559316,"603-1115.5",0.0287395605421773,0.971260439457823
"flair","ratio_counts","LUAD","NCI_H2228",NA,0.128633021015553,9.38477775559316,9.38477775559316,9.38477775559316,"1115.5-2425.25",0.0137065601728171,0.986293439827183
"flair","ratio_counts","LUAD","NCI_H2228",NA,0.193248023014127,9.38477775559316,9.38477775559316,9.38477775559316,"191-603",0.0205916461792561,0.979408353820744
"flair","ratio_counts","LUAD","NCI_H2228",NA,3.58282726693199,9.38477775559316,9.38477775559316,9.38477775559316,"2425.25-12059",0.381770070665412,0.618229929334588
"flair","ratio_counts","LUAD","NCI_H2228",NA,0.265299966238643,9.38477775559316,9.38477775559316,9.38477775559316,"603-1115.5",0.0282691794252164,0.971730820574784
"flair","ratio_counts","SCLC_A","NCI_H146",NA,0.147785217369523,9.38477775559316,9.38477775559316,9.38477775559316,"1115.5-2425.25",0.0157473326719373,0.984252667328063
"flair","ratio_counts","SCLC_A","NCI_H146",NA,0.18310707181582,9.38477775559316,9.38477775559316,9.38477775559316,"191-603",0.0195110717146916,0.980488928285308
"flair","ratio_counts","SCLC_A","NCI_H146",NA,3.5759246055999,9.38477775559316,9.38477775559316,9.38477775559316,"2425.25-12059",0.381034553904989,0.618965446095011
"flair","ratio_counts","SCLC_A","NCI_H146",NA,0.586609990399073,9.38477775559316,9.38477775559316,9.38477775559316,"603-1115.5",0.0625065404505146,0.937493459549485
"flair","ratio_counts","SCLC_A","NCI_H69",NA,0.109078232559623,9.38477775559316,9.38477775559316,9.38477775559316,"1115.5-2425.25",0.0116228892575122,0.988377110742488
"flair","ratio_counts","SCLC_A","NCI_H69",NA,0.150725544040264,9.38477775559316,9.38477775559316,9.38477775559316,"191-603",0.0160606407488376,0.983939359251162
"flair","ratio_counts","SCLC_A","NCI_H69",NA,3.58241255349131,9.38477775559316,9.38477775559316,9.38477775559316,"2425.25-12059",0.381725880653515,0.618274119346485
"flair","ratio_counts","SCLC_A","NCI_H69",NA,0.679112347180097,9.38477775559316,9.38477775559316,9.38477775559316,"603-1115.5",0.0723631784221378,0.927636821577862
"flair","ratio_counts","SCLC_A","SHP_77",NA,0.130812240608884,9.38477775559316,9.38477775559316,9.38477775559316,"1115.5-2425.25",0.0139387680790759,0.986061231920924
"flair","ratio_counts","SCLC_A","SHP_77",NA,0.161317564544342,9.38477775559316,9.38477775559316,9.38477775559316,"191-603",0.0171892791438987,0.982810720856101
"flair","ratio_counts","SCLC_A","SHP_77",NA,3.56900338756116,9.38477775559316,9.38477775559316,9.38477775559316,"2425.25-12059",0.380297059824789,0.619702940175211
"flair","ratio_counts","SCLC_A","SHP_77",NA,0.60258276308511,9.38477775559316,9.38477775559316,9.38477775559316,"603-1115.5",0.064208527764654,0.935791472235346
"isoquant","CPM","LUAD","HCC827",NA,2.07023541195959,9.38477775559316,9.38477775559316,9.38477775559316,"1115.5-2425.25",0.220595038675878,0.779404961324122
"isoquant","CPM","LUAD","HCC827",NA,2.93563583193321,9.38477775559316,9.38477775559316,9.38477775559316,"191-603",0.312808242068772,0.687191757931228
"isoquant","CPM","LUAD","HCC827",NA,8.19380493434874,9.38477775559316,9.38477775559316,9.38477775559316,"2425.25-12059",0.873095255715073,0.126904744284927
"isoquant","CPM","LUAD","HCC827",NA,0.963907365969261,9.38477775559316,9.38477775559316,9.38477775559316,"603-1115.5",0.102709663571392,0.897290336428608
"isoquant","CPM","LUAD","NCI_H1975",NA,2.08225117637129,9.38477775559316,9.38477775559316,9.38477775559316,"1115.5-2425.25",0.221875384862504,0.778124615137497
"isoquant","CPM","LUAD","NCI_H1975",NA,2.93296719702785,9.38477775559316,9.38477775559316,9.38477775559316,"191-603",0.312523884252864,0.687476115747136
"isoquant","CPM","LUAD","NCI_H1975",NA,8.19405584461432,9.38477775559316,9.38477775559316,9.38477775559316,"2425.25-12059",0.873121991592268,0.126878008407732
"isoquant","CPM","LUAD","NCI_H1975",NA,0.925448653454516,9.38477775559316,9.38477775559316,9.38477775559316,"603-1115.5",0.0986116749438169,0.901388325056183
"isoquant","CPM","LUAD","NCI_H2228",NA,2.06984178932292,9.38477775559316,9.38477775559316,9.38477775559316,"1115.5-2425.25",0.220553096005851,0.779446903994149
"isoquant","CPM","LUAD","NCI_H2228",NA,2.93804955916145,9.38477775559316,9.38477775559316,9.38477775559316,"191-603",0.313065438061165,0.686934561938835
"isoquant","CPM","LUAD","NCI_H2228",NA,8.19379633523023,9.38477775559316,9.38477775559316,9.38477775559316,"2425.25-12059",0.873094339431414,0.126905660568586
"isoquant","CPM","LUAD","NCI_H2228",NA,0.859908587942834,9.38477775559316,9.38477775559316,9.38477775559316,"603-1115.5",0.0916280183012692,0.908371981698731
"isoquant","CPM","SCLC_A","NCI_H146",NA,2.07179116184609,9.38477775559316,9.38477775559316,9.38477775559316,"1115.5-2425.25",0.220760812434939,0.779239187565061
"isoquant","CPM","SCLC_A","NCI_H146",NA,2.08426792432791,9.38477775559316,9.38477775559316,9.38477775559316,"191-603",0.222090280516843,0.777909719483157
"isoquant","CPM","SCLC_A","NCI_H146",NA,8.19372166819164,9.38477775559316,9.38477775559316,9.38477775559316,"2425.25-12059",0.873086383245285,0.126913616754715
"isoquant","CPM","SCLC_A","NCI_H146",NA,0.916583745874115,9.38477775559316,9.38477775559316,9.38477775559316,"603-1115.5",0.097667069987656,0.902332930012344
"isoquant","CPM","SCLC_A","NCI_H69",NA,2.07149699588099,9.38477775559316,9.38477775559316,9.38477775559316,"1115.5-2425.25",0.220729467423607,0.779270532576393
"isoquant","CPM","SCLC_A","NCI_H69",NA,2.08865368168951,9.38477775559316,9.38477775559316,9.38477775559316,"191-603",0.222557607232064,0.777442392767936
"isoquant","CPM","SCLC_A","NCI_H69",NA,8.19411628631249,9.38477775559316,9.38477775559316,9.38477775559316,"2425.25-12059",0.873128431989659,0.126871568010341
"isoquant","CPM","SCLC_A","NCI_H69",NA,0.772219630691331,9.38477775559316,9.38477775559316,9.38477775559316,"603-1115.5",0.0822842746841929,0.917715725315807
"isoquant","CPM","SCLC_A","SHP_77",NA,2.06612117165278,9.38477775559316,9.38477775559316,9.38477775559316,"1115.5-2425.25",0.220156643605269,0.779843356394731
"isoquant","CPM","SCLC_A","SHP_77",NA,2.08002322589177,9.38477775559316,9.38477775559316,9.38477775559316,"191-603",0.221637984410671,0.778362015589329
"isoquant","CPM","SCLC_A","SHP_77",NA,8.19373174636761,9.38477775559316,9.38477775559316,9.38477775559316,"2425.25-12059",0.873087457130703,0.126912542869297
"isoquant","CPM","SCLC_A","SHP_77",NA,0.815927904280176,9.38477775559316,9.38477775559316,9.38477775559316,"603-1115.5",0.0869416330923657,0.913058366907634
"isoquant","EDA","LUAD","HCC827",NA,2.08025531596544,9.38477775559316,9.38477775559316,9.38477775559316,"1115.5-2425.25",0.221662714892278,0.778337285107722
"isoquant","EDA","LUAD","HCC827",NA,2.91889572903427,9.38477775559316,9.38477775559316,9.38477775559316,"191-603",0.311024491474469,0.688975508525531
"isoquant","EDA","LUAD","HCC827",NA,8.19700295718657,9.38477775559316,9.38477775559316,9.38477775559316,"2425.25-12059",0.873436022744524,0.126563977255476
"isoquant","EDA","LUAD","HCC827",NA,0.947433293244939,9.38477775559316,9.38477775559316,9.38477775559316,"603-1115.5",0.100954259964258,0.899045740035742
"isoquant","EDA","LUAD","NCI_H1975",NA,2.08036478076114,9.38477775559316,9.38477775559316,9.38477775559316,"1115.5-2425.25",0.221674378971977,0.778325621028023
"isoquant","EDA","LUAD","NCI_H1975",NA,2.92030058571452,9.38477775559316,9.38477775559316,9.38477775559316,"191-603",0.311174186727446,0.688825813272554
"isoquant","EDA","LUAD","NCI_H1975",NA,8.19599470161624,9.38477775559316,9.38477775559316,9.38477775559316,"2425.25-12059",0.87332858753438,0.12667141246562
"isoquant","EDA","LUAD","NCI_H1975",NA,0.914173340162788,9.38477775559316,9.38477775559316,9.38477775559316,"603-1115.5",0.0974102279212693,0.902589772078731
"isoquant","EDA","LUAD","NCI_H2228",NA,2.06720895700783,9.38477775559316,9.38477775559316,9.38477775559316,"1115.5-2425.25",0.220272553154049,0.779727446845951
"isoquant","EDA","LUAD","NCI_H2228",NA,2.94664453578364,9.38477775559316,9.38477775559316,9.38477775559316,"191-603",0.313981280380081,0.686018719619919
"isoquant","EDA","LUAD","NCI_H2228",NA,8.19417179033729,9.38477775559316,9.38477775559316,9.38477775559316,"2425.25-12059",0.873134346250631,0.126865653749369
"isoquant","EDA","LUAD","NCI_H2228",NA,0.852159016719959,9.38477775559316,9.38477775559316,9.38477775559316,"603-1115.5",0.090802258605654,0.909197741394346
"isoquant","EDA","SCLC_A","NCI_H146",NA,2.07323736637609,9.38477775559316,9.38477775559316,9.38477775559316,"1115.5-2425.25",0.220914913530102,0.779085086469898
"isoquant","EDA","SCLC_A","NCI_H146",NA,2.06832467103754,9.38477775559316,9.38477775559316,9.38477775559316,"191-603",0.220391438657655,0.779608561342345
"isoquant","EDA","SCLC_A","NCI_H146",NA,8.19560086017034,9.38477775559316,9.38477775559316,9.38477775559316,"2425.25-12059",0.87328662154902,0.12671337845098
"isoquant","EDA","SCLC_A","NCI_H146",NA,0.906939499065568,9.38477775559316,9.38477775559316,9.38477775559316,"603-1115.5",0.0966394221243064,0.903360577875694
"isoquant","EDA","SCLC_A","NCI_H69",NA,2.07096249771216,9.38477775559316,9.38477775559316,9.38477775559316,"1115.5-2425.25",0.220672513686103,0.779327486313897
"isoquant","EDA","SCLC_A","NCI_H69",NA,2.06679660471349,9.38477775559316,9.38477775559316,9.38477775559316,"191-603",0.220228614735358,0.779771385264642
"isoquant","EDA","SCLC_A","NCI_H69",NA,8.19596440093179,9.38477775559316,9.38477775559316,9.38477775559316,"2425.25-12059",0.873325358828785,0.126674641171215
"isoquant","EDA","SCLC_A","NCI_H69",NA,0.761516413342725,9.38477775559316,9.38477775559316,9.38477775559316,"603-1115.5",0.0811437876500458,0.918856212349954
"isoquant","EDA","SCLC_A","SHP_77",NA,2.06670095405536,9.38477775559316,9.38477775559316,9.38477775559316,"1115.5-2425.25",0.220218422628457,0.779781577371543
"isoquant","EDA","SCLC_A","SHP_77",NA,2.0690691287091,9.38477775559316,9.38477775559316,9.38477775559316,"191-603",0.220470764741975,0.779529235258025
"isoquant","EDA","SCLC_A","SHP_77",NA,8.19510010842028,9.38477775559316,9.38477775559316,9.38477775559316,"2425.25-12059",0.873233263679169,0.126766736320831
"isoquant","EDA","SCLC_A","SHP_77",NA,0.80844396713089,9.38477775559316,9.38477775559316,9.38477775559316,"603-1115.5",0.0861441781771626,0.913855821822837
"isoquant","TPM","LUAD","HCC827",NA,2.30193763829083,9.38477775559316,9.38477775559316,9.38477775559316,"1115.5-2425.25",0.24528419300275,0.75471580699725
"isoquant","TPM","LUAD","HCC827",NA,3.04191458217759,9.38477775559316,9.38477775559316,9.38477775559316,"191-603",0.324132830994816,0.675867169005184
"isoquant","TPM","LUAD","HCC827",NA,8.214676430822,9.38477775559316,9.38477775559316,9.38477775559316,"2425.25-12059",0.875319229155555,0.124680770844445
"isoquant","TPM","LUAD","HCC827",NA,1.00829413241877,9.38477775559316,9.38477775559316,9.38477775559316,"603-1115.5",0.107439319148272,0.892560680851728
"isoquant","TPM","LUAD","NCI_H1975",NA,2.328324609633,9.38477775559316,9.38477775559316,9.38477775559316,"1115.5-2425.25",0.248095870810085,0.751904129189915
"isoquant","TPM","LUAD","NCI_H1975",NA,3.03642340586846,9.38477775559316,9.38477775559316,9.38477775559316,"191-603",0.323547715773963,0.676452284226037
"isoquant","TPM","LUAD","NCI_H1975",NA,8.21533298144393,9.38477775559316,9.38477775559316,9.38477775559316,"2425.25-12059",0.875389188257307,0.124610811742693
"isoquant","TPM","LUAD","NCI_H1975",NA,0.962291590576107,9.38477775559316,9.38477775559316,9.38477775559316,"603-1115.5",0.102537493762449,0.897462506237551
"isoquant","TPM","LUAD","NCI_H2228",NA,2.30266042691584,9.38477775559316,9.38477775559316,9.38477775559316,"1115.5-2425.25",0.245361210130256,0.754638789869744
"isoquant","TPM","LUAD","NCI_H2228",NA,3.04307050960252,9.38477775559316,9.38477775559316,9.38477775559316,"191-603",0.324256001458202,0.675743998541798
"isoquant","TPM","LUAD","NCI_H2228",NA,8.21420667218986,9.38477775559316,9.38477775559316,9.38477775559316,"2425.25-12059",0.875269173773917,0.124730826226083
"isoquant","TPM","LUAD","NCI_H2228",NA,0.902147762954974,9.38477775559316,9.38477775559316,9.38477775559316,"603-1115.5",0.0961288361269195,0.903871163873081
"isoquant","TPM","SCLC_A","NCI_H146",NA,2.29733112813386,9.38477775559316,9.38477775559316,9.38477775559316,"1115.5-2425.25",0.244793343855659,0.755206656144341
"isoquant","TPM","SCLC_A","NCI_H146",NA,2.2324746244097,9.38477775559316,9.38477775559316,9.38477775559316,"191-603",0.237882524504023,0.762117475495977
"isoquant","TPM","SCLC_A","NCI_H146",NA,8.21133054119321,9.38477775559316,9.38477775559316,9.38477775559316,"2425.25-12059",0.874962706101315,0.125037293898685
"isoquant","TPM","SCLC_A","NCI_H146",NA,0.970983895127995,9.38477775559316,9.38477775559316,9.38477775559316,"603-1115.5",0.103463706910833,0.896536293089167
"isoquant","TPM","SCLC_A","NCI_H69",NA,2.3269025129505,9.38477775559316,9.38477775559316,9.38477775559316,"1115.5-2425.25",0.247944338539473,0.752055661460527
"isoquant","TPM","SCLC_A","NCI_H69",NA,2.23613168620626,9.38477775559316,9.38477775559316,9.38477775559316,"191-603",0.238272204674593,0.761727795325407
"isoquant","TPM","SCLC_A","NCI_H69",NA,8.21540454789792,9.38477775559316,9.38477775559316,9.38477775559316,"2425.25-12059",0.87539681405899,0.12460318594101
"isoquant","TPM","SCLC_A","NCI_H69",NA,0.809088721436879,9.38477775559316,9.38477775559316,9.38477775559316,"603-1115.5",0.0862128803161776,0.913787119683822
"isoquant","TPM","SCLC_A","SHP_77",NA,2.27695113959206,9.38477775559316,9.38477775559316,9.38477775559316,"1115.5-2425.25",0.242621743305006,0.757378256694994
"isoquant","TPM","SCLC_A","SHP_77",NA,2.22631796618025,9.38477775559316,9.38477775559316,9.38477775559316,"191-603",0.237226498502152,0.762773501497848
"isoquant","TPM","SCLC_A","SHP_77",NA,8.21149080508213,9.38477775559316,9.38477775559316,9.38477775559316,"2425.25-12059",0.87497978310549,0.12502021689451
"isoquant","TPM","SCLC_A","SHP_77",NA,0.862299043178959,9.38477775559316,9.38477775559316,9.38477775559316,"603-1115.5",0.0918827345341284,0.908117265465872
"isoquant","cqn","LUAD","HCC827",NA,2.11421416469992,9.38477775559316,9.38477775559316,9.38477775559316,"1115.5-2425.25",0.225281218134323,0.774718781865677
"isoquant","cqn","LUAD","HCC827",NA,2.54529107185142,9.38477775559316,9.38477775559316,9.38477775559316,"191-603",0.271214847931212,0.728785152068788
"isoquant","cqn","LUAD","HCC827",NA,8.20314715498017,9.38477775559316,9.38477775559316,9.38477775559316,"2425.25-12059",0.874090721018007,0.125909278981993
"isoquant","cqn","LUAD","HCC827",NA,1.02696463061726,9.38477775559316,9.38477775559316,9.38477775559316,"603-1115.5",0.109428764043476,0.890571235956524
"isoquant","cqn","LUAD","NCI_H1975",NA,2.11227094040604,9.38477775559316,9.38477775559316,9.38477775559316,"1115.5-2425.25",0.225074156833087,0.774925843166913
"isoquant","cqn","LUAD","NCI_H1975",NA,2.46700372837147,9.38477775559316,9.38477775559316,9.38477775559316,"191-603",0.262872898284797,0.737127101715203
"isoquant","cqn","LUAD","NCI_H1975",NA,8.19956549381187,9.38477775559316,9.38477775559316,9.38477775559316,"2425.25-12059",0.873709075201603,0.126290924798397
"isoquant","cqn","LUAD","NCI_H1975",NA,0.94113542156951,9.38477775559316,9.38477775559316,9.38477775559316,"603-1115.5",0.100283186888321,0.899716813111679
"isoquant","cqn","LUAD","NCI_H2228",NA,2.07089886676679,9.38477775559316,9.38477775559316,9.38477775559316,"1115.5-2425.25",0.220665733456775,0.779334266543225
"isoquant","cqn","LUAD","NCI_H2228",NA,2.61979400008704,9.38477775559316,9.38477775559316,9.38477775559316,"191-603",0.279153547192494,0.720846452807506
"isoquant","cqn","LUAD","NCI_H2228",NA,8.19619657961031,9.38477775559316,9.38477775559316,9.38477775559316,"2425.25-12059",0.873350098751729,0.126649901248271
"isoquant","cqn","LUAD","NCI_H2228",NA,0.912667646974691,9.38477775559316,9.38477775559316,9.38477775559316,"603-1115.5",0.0972497879804088,0.902750212019591
"isoquant","cqn","SCLC_A","NCI_H146",NA,2.07935675900285,9.38477775559316,9.38477775559316,9.38477775559316,"1115.5-2425.25",0.2215669686758,0.7784330313242
"isoquant","cqn","SCLC_A","NCI_H146",NA,2.06243629063063,9.38477775559316,9.38477775559316,9.38477775559316,"191-603",0.219763999142277,0.780236000857723
"isoquant","cqn","SCLC_A","NCI_H146",NA,8.19761374935278,9.38477775559316,9.38477775559316,9.38477775559316,"2425.25-12059",0.873501106029618,0.126498893970382
"isoquant","cqn","SCLC_A","NCI_H146",NA,0.592854316367322,9.38477775559316,9.38477775559316,9.38477775559316,"603-1115.5",0.0631719079350591,0.936828092064941
"isoquant","cqn","SCLC_A","NCI_H69",NA,2.07306689743726,9.38477775559316,9.38477775559316,9.38477775559316,"1115.5-2425.25",0.22089674912139,0.77910325087861
"isoquant","cqn","SCLC_A","NCI_H69",NA,2.05806563894451,9.38477775559316,9.38477775559316,9.38477775559316,"191-603",0.219298282020364,0.780701717979636
"isoquant","cqn","SCLC_A","NCI_H69",NA,8.19762562853558,9.38477775559316,9.38477775559316,9.38477775559316,"2425.25-12059",0.873502371822278,0.126497628177722
"isoquant","cqn","SCLC_A","NCI_H69",NA,0.553999297359351,9.38477775559316,9.38477775559316,9.38477775559316,"603-1115.5",0.0590316906576905,0.940968309342309
"isoquant","cqn","SCLC_A","SHP_77",NA,2.07714944392097,9.38477775559316,9.38477775559316,9.38477775559316,"1115.5-2425.25",0.221331767039771,0.778668232960229
"isoquant","cqn","SCLC_A","SHP_77",NA,2.06923202926349,9.38477775559316,9.38477775559316,9.38477775559316,"191-603",0.220488122697446,0.779511877302554
"isoquant","cqn","SCLC_A","SHP_77",NA,8.19744894586932,9.38477775559316,9.38477775559316,9.38477775559316,"2425.25-12059",0.873483545306525,0.126516454693475
"isoquant","cqn","SCLC_A","SHP_77",NA,0.614774007791774,9.38477775559316,9.38477775559316,9.38477775559316,"603-1115.5",0.0655075723477181,0.934492427652282
"isoquant","ratio_counts","LUAD","HCC827",NA,2.06438062517953,9.38477775559316,9.38477775559316,9.38477775559316,"1115.5-2425.25",0.219971178747328,0.780028821252672
"isoquant","ratio_counts","LUAD","HCC827",NA,2.91314192583432,9.38477775559316,9.38477775559316,9.38477775559316,"191-603",0.310411391905167,0.689588608094833
"isoquant","ratio_counts","LUAD","HCC827",NA,8.19264319528573,9.38477775559316,9.38477775559316,9.38477775559316,"2425.25-12059",0.872971465989492,0.127028534010508
"isoquant","ratio_counts","LUAD","HCC827",NA,0.335380590664242,9.38477775559316,9.38477775559316,9.38477775559316,"603-1115.5",0.0357366577449701,0.96426334225503
"isoquant","ratio_counts","LUAD","NCI_H1975",NA,2.06208455907208,9.38477775559316,9.38477775559316,9.38477775559316,"1115.5-2425.25",0.219726520198426,0.780273479801574
"isoquant","ratio_counts","LUAD","NCI_H1975",NA,2.91253517144023,9.38477775559316,9.38477775559316,9.38477775559316,"191-603",0.310346738867035,0.689653261132965
"isoquant","ratio_counts","LUAD","NCI_H1975",NA,8.19262614192059,9.38477775559316,9.38477775559316,9.38477775559316,"2425.25-12059",0.872969648859072,0.127030351140928
"isoquant","ratio_counts","LUAD","NCI_H1975",NA,0.320635216548248,9.38477775559316,9.38477775559316,9.38477775559316,"603-1115.5",0.03416545654021,0.96583454345979
"isoquant","ratio_counts","LUAD","NCI_H2228",NA,2.0636998823561,9.38477775559316,9.38477775559316,9.38477775559316,"1115.5-2425.25",0.219898641832639,0.780101358167361
"isoquant","ratio_counts","LUAD","NCI_H2228",NA,2.91417167521312,9.38477775559316,9.38477775559316,9.38477775559316,"191-603",0.310521117399538,0.689478882600462
"isoquant","ratio_counts","LUAD","NCI_H2228",NA,8.19269307739559,9.38477775559316,9.38477775559316,9.38477775559316,"2425.25-12059",0.872976781204318,0.127023218795682
"isoquant","ratio_counts","LUAD","NCI_H2228",NA,0.276649652189364,9.38477775559316,9.38477775559316,9.38477775559316,"603-1115.5",0.0294785512661167,0.970521448733883
"isoquant","ratio_counts","SCLC_A","NCI_H146",NA,2.0635198760888,9.38477775559316,9.38477775559316,9.38477775559316,"1115.5-2425.25",0.219879461168803,0.780120538831197
"isoquant","ratio_counts","SCLC_A","NCI_H146",NA,2.06955780694363,9.38477775559316,9.38477775559316,9.38477775559316,"191-603",0.220522836111938,0.779477163888062
"isoquant","ratio_counts","SCLC_A","NCI_H146",NA,8.19319590375276,9.38477775559316,9.38477775559316,9.38477775559316,"2425.25-12059",0.873030360135035,0.126969639864965
"isoquant","ratio_counts","SCLC_A","NCI_H146",NA,0.263307922972749,9.38477775559316,9.38477775559316,9.38477775559316,"603-1115.5",0.0280569161923757,0.971943083807624
"isoquant","ratio_counts","SCLC_A","NCI_H69",NA,2.05705236227165,9.38477775559316,9.38477775559316,9.38477775559316,"1115.5-2425.25",0.219190311783961,0.780809688216039
"isoquant","ratio_counts","SCLC_A","NCI_H69",NA,2.07302169809008,9.38477775559316,9.38477775559316,9.38477775559316,"191-603",0.22089193288084,0.77910806711916
"isoquant","ratio_counts","SCLC_A","NCI_H69",NA,8.19250965168713,9.38477775559316,9.38477775559316,9.38477775559316,"2425.25-12059",0.872957236180105,0.127042763819895
"isoquant","ratio_counts","SCLC_A","NCI_H69",NA,0.235551294933314,9.38477775559316,9.38477775559316,9.38477775559316,"603-1115.5",0.0250992938850289,0.974900706114971
"isoquant","ratio_counts","SCLC_A","SHP_77",NA,2.06513799199575,9.38477775559316,9.38477775559316,9.38477775559316,"1115.5-2425.25",0.220051880372443,0.779948119627557
"isoquant","ratio_counts","SCLC_A","SHP_77",NA,2.06666317423323,9.38477775559316,9.38477775559316,9.38477775559316,"191-603",0.220214396979357,0.779785603020643
"isoquant","ratio_counts","SCLC_A","SHP_77",NA,8.19295631556833,9.38477775559316,9.38477775559316,9.38477775559316,"2425.25-12059",0.873004830688237,0.126995169311763
"isoquant","ratio_counts","SCLC_A","SHP_77",NA,0.221826774162114,9.38477775559316,9.38477775559316,9.38477775559316,"603-1115.5",0.0236368702529912,0.976363129747009
"kallisto","CPM","LUAD","HCC827",NA,2.08636962374754,9.38477775559316,9.38477775559316,9.38477775559316,"1115.5-2425.25",0.22231422821964,0.77768577178036
"kallisto","CPM","LUAD","HCC827",NA,4.21036186397629,9.38477775559316,9.38477775559316,9.38477775559316,"191-603",0.448637354407992,0.551362645592008
"kallisto","CPM","LUAD","HCC827",NA,2.79125589571759,9.38477775559316,9.38477775559316,9.38477775559316,"2425.25-12059",0.297423760946715,0.702576239053285
"kallisto","CPM","LUAD","HCC827",NA,0.5831928404809,9.38477775559316,9.38477775559316,9.38477775559316,"603-1115.5",0.0621424242181257,0.937857575781874
"kallisto","CPM","LUAD","NCI_H1975",NA,2.09221376582906,9.38477775559316,9.38477775559316,9.38477775559316,"1115.5-2425.25",0.222936953896659,0.777063046103341
"kallisto","CPM","LUAD","NCI_H1975",NA,4.21688938610743,9.38477775559316,9.38477775559316,9.38477775559316,"191-603",0.449332898010743,0.550667101989257
"kallisto","CPM","LUAD","NCI_H1975",NA,2.74743809459823,9.38477775559316,9.38477775559316,9.38477775559316,"2425.25-12059",0.292754731774102,0.707245268225898
"kallisto","CPM","LUAD","NCI_H1975",NA,0.566105062329088,9.38477775559316,9.38477775559316,9.38477775559316,"603-1115.5",0.0603216269017878,0.939678373098212
"kallisto","CPM","LUAD","NCI_H2228",NA,2.0913465019794,9.38477775559316,9.38477775559316,9.38477775559316,"1115.5-2425.25",0.222844542134522,0.777155457865478
"kallisto","CPM","LUAD","NCI_H2228",NA,4.22301871556331,9.38477775559316,9.38477775559316,9.38477775559316,"191-603",0.449986011980568,0.550013988019432
"kallisto","CPM","LUAD","NCI_H2228",NA,2.76595196100091,9.38477775559316,9.38477775559316,9.38477775559316,"2425.25-12059",0.294727486684749,0.705272513315251
"kallisto","CPM","LUAD","NCI_H2228",NA,0.615932583463911,9.38477775559316,9.38477775559316,9.38477775559316,"603-1115.5",0.0656310249964978,0.934368975003502
"kallisto","CPM","SCLC_A","NCI_H146",NA,2.08501872921821,9.38477775559316,9.38477775559316,9.38477775559316,"1115.5-2425.25",0.222170282932441,0.777829717067559
"kallisto","CPM","SCLC_A","NCI_H146",NA,4.2028469618453,9.38477775559316,9.38477775559316,9.38477775559316,"191-603",0.447836600002645,0.552163399997355
"kallisto","CPM","SCLC_A","NCI_H146",NA,2.7250416446185,9.38477775559316,9.38477775559316,9.38477775559316,"2425.25-12059",0.290368266099261,0.709631733900739
"kallisto","CPM","SCLC_A","NCI_H146",NA,0.594638460515534,9.38477775559316,9.38477775559316,9.38477775559316,"603-1115.5",0.0633620183665128,0.936637981633487
"kallisto","CPM","SCLC_A","NCI_H69",NA,2.08720398602394,9.38477775559316,9.38477775559316,9.38477775559316,"1115.5-2425.25",0.222403134137088,0.777596865862912
"kallisto","CPM","SCLC_A","NCI_H69",NA,4.25800548511356,9.38477775559316,9.38477775559316,9.38477775559316,"191-603",0.453714045873475,0.546285954126525
"kallisto","CPM","SCLC_A","NCI_H69",NA,2.81196334178158,9.38477775559316,9.38477775559316,9.38477775559316,"2425.25-12059",0.299630253908325,0.700369746091674
"kallisto","CPM","SCLC_A","NCI_H69",NA,0.589757605502298,9.38477775559316,9.38477775559316,9.38477775559316,"603-1115.5",0.0628419362569149,0.937158063743085
"kallisto","CPM","SCLC_A","SHP_77",NA,2.08794543707519,9.38477775559316,9.38477775559316,9.38477775559316,"1115.5-2425.25",0.222482139849376,0.777517860150624
"kallisto","CPM","SCLC_A","SHP_77",NA,4.21682661006156,9.38477775559316,9.38477775559316,9.38477775559316,"191-603",0.449326208875688,0.550673791124312
"kallisto","CPM","SCLC_A","SHP_77",NA,2.70014176387722,9.38477775559316,9.38477775559316,9.38477775559316,"2425.25-12059",0.287715046024183,0.712284953975817
"kallisto","CPM","SCLC_A","SHP_77",NA,0.611971490711616,9.38477775559316,9.38477775559316,9.38477775559316,"603-1115.5",0.0652089486452561,0.934791051354744
"kallisto","EDA","LUAD","HCC827",NA,2.08951071671935,9.38477775559316,9.38477775559316,9.38477775559316,"1115.5-2425.25",0.222648929056848,0.777351070943152
"kallisto","EDA","LUAD","HCC827",NA,4.2174003879468,9.38477775559316,9.38477775559316,9.38477775559316,"191-603",0.449387348084328,0.550612651915672
"kallisto","EDA","LUAD","HCC827",NA,2.66405066006117,9.38477775559316,9.38477775559316,9.38477775559316,"2425.25-12059",0.283869339204484,0.716130660795516
"kallisto","EDA","LUAD","HCC827",NA,0.589575725963868,9.38477775559316,9.38477775559316,9.38477775559316,"603-1115.5",0.062822555985675,0.937177444014325
"kallisto","EDA","LUAD","NCI_H1975",NA,2.09347860388195,9.38477775559316,9.38477775559316,9.38477775559316,"1115.5-2425.25",0.223071729390105,0.776928270609895
"kallisto","EDA","LUAD","NCI_H1975",NA,4.20747513161206,9.38477775559316,9.38477775559316,9.38477775559316,"191-603",0.448329757101012,0.551670242898988
"kallisto","EDA","LUAD","NCI_H1975",NA,2.61843998649276,9.38477775559316,9.38477775559316,9.38477775559316,"2425.25-12059",0.279009269551665,0.720990730448335
"kallisto","EDA","LUAD","NCI_H1975",NA,0.58007724965744,9.38477775559316,9.38477775559316,9.38477775559316,"603-1115.5",0.0618104407759389,0.938189559224061
"kallisto","EDA","LUAD","NCI_H2228",NA,2.09070316637155,9.38477775559316,9.38477775559316,9.38477775559316,"1115.5-2425.25",0.222775991165643,0.777224008834357
"kallisto","EDA","LUAD","NCI_H2228",NA,4.20808157048377,9.38477775559316,9.38477775559316,9.38477775559316,"191-603",0.448394376518488,0.551605623481512
"kallisto","EDA","LUAD","NCI_H2228",NA,2.69704986926563,9.38477775559316,9.38477775559316,9.38477775559316,"2425.25-12059",0.287385587544493,0.712614412455507
"kallisto","EDA","LUAD","NCI_H2228",NA,0.617998567885905,9.38477775559316,9.38477775559316,9.38477775559316,"603-1115.5",0.0658511670686702,0.93414883293133
"kallisto","EDA","SCLC_A","NCI_H146",NA,2.08712272566392,9.38477775559316,9.38477775559316,9.38477775559316,"1115.5-2425.25",0.222394475396078,0.777605524603922
"kallisto","EDA","SCLC_A","NCI_H146",NA,4.19562660185458,9.38477775559316,9.38477775559316,9.38477775559316,"191-603",0.447067230692177,0.552932769307823
"kallisto","EDA","SCLC_A","NCI_H146",NA,2.68060024003569,9.38477775559316,9.38477775559316,9.38477775559316,"2425.25-12059",0.285632788526942,0.714367211473058
"kallisto","EDA","SCLC_A","NCI_H146",NA,0.599085282509904,9.38477775559316,9.38477775559316,9.38477775559316,"603-1115.5",0.0638358518562531,0.936164148143747
"kallisto","EDA","SCLC_A","NCI_H69",NA,2.08899801368737,9.38477775559316,9.38477775559316,9.38477775559316,"1115.5-2425.25",0.222594297711777,0.777405702288223
"kallisto","EDA","SCLC_A","NCI_H69",NA,4.25548086422598,9.38477775559316,9.38477775559316,9.38477775559316,"191-603",0.453445033548055,0.546554966451945
"kallisto","EDA","SCLC_A","NCI_H69",NA,2.74368003364572,9.38477775559316,9.38477775559316,9.38477775559316,"2425.25-12059",0.292354289584592,0.707645710415408
"kallisto","EDA","SCLC_A","NCI_H69",NA,0.594225865925962,9.38477775559316,9.38477775559316,9.38477775559316,"603-1115.5",0.0633180541299248,0.936681945870075
"kallisto","EDA","SCLC_A","SHP_77",NA,2.08798927916107,9.38477775559316,9.38477775559316,9.38477775559316,"1115.5-2425.25",0.222486811466224,0.777513188533776
"kallisto","EDA","SCLC_A","SHP_77",NA,4.21253698789966,9.38477775559316,9.38477775559316,9.38477775559316,"191-603",0.448869125897953,0.551130874102047
"kallisto","EDA","SCLC_A","SHP_77",NA,2.60427939510259,9.38477775559316,9.38477775559316,9.38477775559316,"2425.25-12059",0.277500380182204,0.722499619817796
"kallisto","EDA","SCLC_A","SHP_77",NA,0.615547289995783,9.38477775559316,9.38477775559316,9.38477775559316,"603-1115.5",0.0655899698454689,0.934410030154531
"kallisto","TPM","LUAD","HCC827",NA,2.19493065478334,9.38477775559316,9.38477775559316,9.38477775559316,"1115.5-2425.25",0.233882006792883,0.766117993207117
"kallisto","TPM","LUAD","HCC827",NA,4.21416364752361,9.38477775559316,9.38477775559316,9.38477775559316,"191-603",0.449042455481916,0.550957544518084
"kallisto","TPM","LUAD","HCC827",NA,3.98082167088731,9.38477775559316,9.38477775559316,9.38477775559316,"2425.25-12059",0.424178576686573,0.575821423313427
"kallisto","TPM","LUAD","HCC827",NA,0.637964853765737,9.38477775559316,9.38477775559316,9.38477775559316,"603-1115.5",0.0679786853114898,0.93202131468851
"kallisto","TPM","LUAD","NCI_H1975",NA,2.18825047898958,9.38477775559316,9.38477775559316,9.38477775559316,"1115.5-2425.25",0.23317019709768,0.76682980290232
"kallisto","TPM","LUAD","NCI_H1975",NA,4.21708000829141,9.38477775559316,9.38477775559316,9.38477775559316,"191-603",0.449353209859243,0.550646790140757
"kallisto","TPM","LUAD","NCI_H1975",NA,3.92531870099568,9.38477775559316,9.38477775559316,9.38477775559316,"2425.25-12059",0.418264428122047,0.581735571877953
"kallisto","TPM","LUAD","NCI_H1975",NA,0.61912393712599,9.38477775559316,9.38477775559316,9.38477775559316,"603-1115.5",0.0659710813883689,0.934028918611631
"kallisto","TPM","LUAD","NCI_H2228",NA,2.19536435238428,9.38477775559316,9.38477775559316,9.38477775559316,"1115.5-2425.25",0.233928219672104,0.766071780327896
"kallisto","TPM","LUAD","NCI_H2228",NA,4.22256191011173,9.38477775559316,9.38477775559316,9.38477775559316,"191-603",0.449937336831994,0.550062663168005
"kallisto","TPM","LUAD","NCI_H2228",NA,3.95151493626575,9.38477775559316,9.38477775559316,9.38477775559316,"2425.25-12059",0.421055781945472,0.578944218054528
"kallisto","TPM","LUAD","NCI_H2228",NA,0.664472985868377,9.38477775559316,9.38477775559316,9.38477775559316,"603-1115.5",0.0708032734682889,0.929196726531711
"kallisto","TPM","SCLC_A","NCI_H146",NA,2.18555812173225,9.38477775559316,9.38477775559316,9.38477775559316,"1115.5-2425.25",0.232883311533904,0.767116688466096
"kallisto","TPM","SCLC_A","NCI_H146",NA,4.20898024979851,9.38477775559316,9.38477775559316,9.38477775559316,"191-603",0.448490135772265,0.551509864227735
"kallisto","TPM","SCLC_A","NCI_H146",NA,3.89209047044958,9.38477775559316,9.38477775559316,9.38477775559316,"2425.25-12059",0.414723776290809,0.585276223709191
"kallisto","TPM","SCLC_A","NCI_H146",NA,0.646157015228751,9.38477775559316,9.38477775559316,9.38477775559316,"603-1115.5",0.0688516054462402,0.93114839455376
"kallisto","TPM","SCLC_A","NCI_H69",NA,2.19009896875566,9.38477775559316,9.38477775559316,9.38477775559316,"1115.5-2425.25",0.233367163910771,0.766632836089229
"kallisto","TPM","SCLC_A","NCI_H69",NA,4.24651618996959,9.38477775559316,9.38477775559316,9.38477775559316,"191-603",0.452489797900514,0.547510202099486
"kallisto","TPM","SCLC_A","NCI_H69",NA,3.98408683773008,9.38477775559316,9.38477775559316,9.38477775559316,"2425.25-12059",0.424526498281287,0.575473501718713
"kallisto","TPM","SCLC_A","NCI_H69",NA,0.63773260843277,9.38477775559316,9.38477775559316,9.38477775559316,"603-1115.5",0.0679539382861457,0.932046061713854
"kallisto","TPM","SCLC_A","SHP_77",NA,2.19436989112565,9.38477775559316,9.38477775559316,9.38477775559316,"1115.5-2425.25",0.233822254322202,0.766177745677798
"kallisto","TPM","SCLC_A","SHP_77",NA,4.21623410430038,9.38477775559316,9.38477775559316,9.38477775559316,"191-603",0.449263074108237,0.550736925891763
"kallisto","TPM","SCLC_A","SHP_77",NA,3.86383824127952,9.38477775559316,9.38477775559316,9.38477775559316,"2425.25-12059",0.411713344940614,0.588286655059386
"kallisto","TPM","SCLC_A","SHP_77",NA,0.66372041584754,9.38477775559316,9.38477775559316,9.38477775559316,"603-1115.5",0.0707230829682647,0.929276917031735
"kallisto","cqn","LUAD","HCC827",NA,2.12325417730159,9.38477775559316,9.38477775559316,9.38477775559316,"1115.5-2425.25",0.226244481499434,0.773755518500566
"kallisto","cqn","LUAD","HCC827",NA,4.28412120489525,9.38477775559316,9.38477775559316,9.38477775559316,"191-603",0.456496820326086,0.543503179673914
"kallisto","cqn","LUAD","HCC827",NA,2.72731520425998,9.38477775559316,9.38477775559316,9.38477775559316,"2425.25-12059",0.290610526459675,0.709389473540325
"kallisto","cqn","LUAD","HCC827",NA,0.832226018403434,9.38477775559316,9.38477775559316,9.38477775559316,"603-1115.5",0.0886782873368996,0.9113217126631
"kallisto","cqn","LUAD","NCI_H1975",NA,2.13003991948514,9.38477775559316,9.38477775559316,9.38477775559316,"1115.5-2425.25",0.226967539877615,0.773032460122385
"kallisto","cqn","LUAD","NCI_H1975",NA,4.22768168723568,9.38477775559316,9.38477775559316,9.38477775559316,"191-603",0.450482877414552,0.549517122585448
"kallisto","cqn","LUAD","NCI_H1975",NA,2.61169697345161,9.38477775559316,9.38477775559316,9.38477775559316,"2425.25-12059",0.278290764200046,0.721709235799954
"kallisto","cqn","LUAD","NCI_H1975",NA,0.748088827344604,9.38477775559316,9.38477775559316,9.38477775559316,"603-1115.5",0.0797130040611517,0.920286995938848
"kallisto","cqn","LUAD","NCI_H2228",NA,2.09259068611825,9.38477775559316,9.38477775559316,9.38477775559316,"1115.5-2425.25",0.222977116839139,0.777022883160861
"kallisto","cqn","LUAD","NCI_H2228",NA,4.24791238931193,9.38477775559316,9.38477775559316,9.38477775559316,"191-603",0.452638570666232,0.547361429333768
"kallisto","cqn","LUAD","NCI_H2228",NA,2.9014465383322,9.38477775559316,9.38477775559316,9.38477775559316,"2425.25-12059",0.309165183651045,0.690834816348955
"kallisto","cqn","LUAD","NCI_H2228",NA,0.631441551333766,9.38477775559316,9.38477775559316,9.38477775559316,"603-1115.5",0.0672835913410351,0.932716408658965
"kallisto","cqn","SCLC_A","NCI_H146",NA,2.08386242038681,9.38477775559316,9.38477775559316,9.38477775559316,"1115.5-2425.25",0.222047071828086,0.777952928171914
"kallisto","cqn","SCLC_A","NCI_H146",NA,4.15066651227538,9.38477775559316,9.38477775559316,9.38477775559316,"191-603",0.442276484363379,0.557723515636621
"kallisto","cqn","SCLC_A","NCI_H146",NA,2.26699217806812,9.38477775559316,9.38477775559316,9.38477775559316,"2425.25-12059",0.241560560847276,0.758439439152724
"kallisto","cqn","SCLC_A","NCI_H146",NA,0.441751226382515,9.38477775559316,9.38477775559316,9.38477775559316,"603-1115.5",0.0470710375767012,0.952928962423299
"kallisto","cqn","SCLC_A","NCI_H69",NA,2.08827219354143,9.38477775559316,9.38477775559316,9.38477775559316,"1115.5-2425.25",0.222516957558942,0.777483042441058
"kallisto","cqn","SCLC_A","NCI_H69",NA,4.24462457083484,9.38477775559316,9.38477775559316,9.38477775559316,"191-603",0.452288235414538,0.547711764585462
"kallisto","cqn","SCLC_A","NCI_H69",NA,2.52972464064533,9.38477775559316,9.38477775559316,9.38477775559316,"2425.25-12059",0.269556158550229,0.730443841449771
"kallisto","cqn","SCLC_A","NCI_H69",NA,0.488321506154941,9.38477775559316,9.38477775559316,9.38477775559316,"603-1115.5",0.0520333585804853,0.947966641419515
"kallisto","cqn","SCLC_A","SHP_77",NA,2.09791654101877,9.38477775559316,9.38477775559316,9.38477775559316,"1115.5-2425.25",0.22354461614911,0.77645538385089
"kallisto","cqn","SCLC_A","SHP_77",NA,4.22609628888135,9.38477775559316,9.38477775559316,9.38477775559316,"191-603",0.450313944447185,0.549686055552815
"kallisto","cqn","SCLC_A","SHP_77",NA,2.43076021011361,9.38477775559316,9.38477775559316,9.38477775559316,"2425.25-12059",0.259010950862946,0.740989049137054
"kallisto","cqn","SCLC_A","SHP_77",NA,0.589057723213185,9.38477775559316,9.38477775559316,9.38477775559316,"603-1115.5",0.0627673599262505,0.93723264007375
"kallisto","ratio_counts","LUAD","HCC827",NA,2.05173017113826,9.38477775559316,9.38477775559316,9.38477775559316,"1115.5-2425.25",0.218623202868652,0.781376797131348
"kallisto","ratio_counts","LUAD","HCC827",NA,4.10026019532303,9.38477775559316,9.38477775559316,9.38477775559316,"191-603",0.436905412371577,0.563094587628423
"kallisto","ratio_counts","LUAD","HCC827",NA,2.08411816864299,9.38477775559316,9.38477775559316,9.38477775559316,"2425.25-12059",0.22207432321995,0.77792567678005
"kallisto","ratio_counts","LUAD","HCC827",NA,0.150109090443477,9.38477775559316,9.38477775559316,9.38477775559316,"603-1115.5",0.0159949542069885,0.984005045793012
"kallisto","ratio_counts","LUAD","NCI_H1975",NA,2.0546218954274,9.38477775559316,9.38477775559316,9.38477775559316,"1115.5-2425.25",0.218931332092854,0.781068667907146
"kallisto","ratio_counts","LUAD","NCI_H1975",NA,4.10372076969996,9.38477775559316,9.38477775559316,9.38477775559316,"191-603",0.437274155720333,0.562725844279667
"kallisto","ratio_counts","LUAD","NCI_H1975",NA,2.08073085378714,9.38477775559316,9.38477775559316,9.38477775559316,"2425.25-12059",0.221713386078542,0.778286613921458
"kallisto","ratio_counts","LUAD","NCI_H1975",NA,0.121158033511775,9.38477775559316,9.38477775559316,9.38477775559316,"603-1115.5",0.0129100588918653,0.987089941108135
"kallisto","ratio_counts","LUAD","NCI_H2228",NA,2.05270572655291,9.38477775559316,9.38477775559316,9.38477775559316,"1115.5-2425.25",0.218727153696265,0.781272846303735
"kallisto","ratio_counts","LUAD","NCI_H2228",NA,4.10301267442609,9.38477775559316,9.38477775559316,9.38477775559316,"191-603",0.437198704250697,0.562801295749303
"kallisto","ratio_counts","LUAD","NCI_H2228",NA,2.08115607518198,9.38477775559316,9.38477775559316,9.38477775559316,"2425.25-12059",0.221758695771101,0.778241304228899
"kallisto","ratio_counts","LUAD","NCI_H2228",NA,0.13719826299246,9.38477775559316,9.38477775559316,9.38477775559316,"603-1115.5",0.0146192341007428,0.985380765899257
"kallisto","ratio_counts","SCLC_A","NCI_H146",NA,2.05300359437162,9.38477775559316,9.38477775559316,9.38477775559316,"1115.5-2425.25",0.218758893160583,0.781241106839417
"kallisto","ratio_counts","SCLC_A","NCI_H146",NA,4.0987130036247,9.38477775559316,9.38477775559316,9.38477775559316,"191-603",0.436740550534822,0.563259449465178
"kallisto","ratio_counts","SCLC_A","NCI_H146",NA,2.07316306300016,9.38477775559316,9.38477775559316,9.38477775559316,"2425.25-12059",0.220906996094244,0.779093003905756
"kallisto","ratio_counts","SCLC_A","NCI_H146",NA,0.114485390877202,9.38477775559316,9.38477775559316,9.38477775559316,"603-1115.5",0.0121990518964576,0.987800948103542
"kallisto","ratio_counts","SCLC_A","NCI_H69",NA,2.0527334164784,9.38477775559316,9.38477775559316,9.38477775559316,"1115.5-2425.25",0.218730104211046,0.781269895788954
"kallisto","ratio_counts","SCLC_A","NCI_H69",NA,4.11488388224434,9.38477775559316,9.38477775559316,9.38477775559316,"191-603",0.438463647132394,0.561536352867606
"kallisto","ratio_counts","SCLC_A","NCI_H69",NA,2.09297386856783,9.38477775559316,9.38477775559316,9.38477775559316,"2425.25-12059",0.22301794704946,0.77698205295054
"kallisto","ratio_counts","SCLC_A","NCI_H69",NA,0.135505412510694,9.38477775559316,9.38477775559316,9.38477775559316,"603-1115.5",0.0144388515146174,0.985561148485383
"kallisto","ratio_counts","SCLC_A","SHP_77",NA,2.05154953697752,9.38477775559316,9.38477775559316,9.38477775559316,"1115.5-2425.25",0.218603955299297,0.781396044700703
"kallisto","ratio_counts","SCLC_A","SHP_77",NA,4.10063831114458,9.38477775559316,9.38477775559316,9.38477775559316,"191-603",0.436945702704646,0.563054297295354
"kallisto","ratio_counts","SCLC_A","SHP_77",NA,2.06935467195774,9.38477775559316,9.38477775559316,9.38477775559316,"2425.25-12059",0.220501190955155,0.779498809044845
"kallisto","ratio_counts","SCLC_A","SHP_77",NA,0.139164488956161,9.38477775559316,9.38477775559316,9.38477775559316,"603-1115.5",0.0148287463571763,0.985171253642824
"oarfish","CPM","LUAD","HCC827",NA,2.06072252389741,9.38477775559316,9.38477775559316,9.38477775559316,"1115.5-2425.25",0.21958138781382,0.78041861218618
"oarfish","CPM","LUAD","HCC827",NA,4.59014318972343,9.38477775559316,9.38477775559316,9.38477775559316,"191-603",0.489105156165023,0.510894843834977
"oarfish","CPM","LUAD","HCC827",NA,2.8222122569207,9.38477775559316,9.38477775559316,9.38477775559316,"2425.25-12059",0.300722332528196,0.699277667471804
"oarfish","CPM","LUAD","HCC827",NA,0.250449317226222,9.38477775559316,9.38477775559316,9.38477775559316,"603-1115.5",0.0266867605977093,0.973313239402291
"oarfish","CPM","LUAD","NCI_H1975",NA,2.06757440189806,9.38477775559316,9.38477775559316,9.38477775559316,"1115.5-2425.25",0.220311493329272,0.779688506670728
"oarfish","CPM","LUAD","NCI_H1975",NA,4.58956287396765,9.38477775559316,9.38477775559316,9.38477775559316,"191-603",0.489043320310101,0.510956679689899
"oarfish","CPM","LUAD","NCI_H1975",NA,2.76201872285883,9.38477775559316,9.38477775559316,9.38477775559316,"2425.25-12059",0.294308378396357,0.705691621603643
"oarfish","CPM","LUAD","NCI_H1975",NA,0.251194824473443,9.38477775559316,9.38477775559316,9.38477775559316,"603-1115.5",0.0267661985201233,0.973233801479877
"oarfish","CPM","LUAD","NCI_H2228",NA,2.06253825873139,9.38477775559316,9.38477775559316,9.38477775559316,"1115.5-2425.25",0.219774864407647,0.780225135592353
"oarfish","CPM","LUAD","NCI_H2228",NA,4.58961373664249,9.38477775559316,9.38477775559316,9.38477775559316,"191-603",0.489048740009551,0.510951259990449
"oarfish","CPM","LUAD","NCI_H2228",NA,2.79864053360922,9.38477775559316,9.38477775559316,9.38477775559316,"2425.25-12059",0.298210634976548,0.701789365023451
"oarfish","CPM","LUAD","NCI_H2228",NA,0.24791353715824,9.38477775559316,9.38477775559316,9.38477775559316,"603-1115.5",0.026416559199869,0.973583440800131
"oarfish","CPM","SCLC_A","NCI_H146",NA,2.06212979780852,9.38477775559316,9.38477775559316,9.38477775559316,"1115.5-2425.25",0.21973134063612,0.78026865936388
"oarfish","CPM","SCLC_A","NCI_H146",NA,4.58934835657474,9.38477775559316,9.38477775559316,9.38477775559316,"191-603",0.489020462294866,0.510979537705134
"oarfish","CPM","SCLC_A","NCI_H146",NA,2.75592314053043,9.38477775559316,9.38477775559316,9.38477775559316,"2425.25-12059",0.293658860369703,0.706341139630297
"oarfish","CPM","SCLC_A","NCI_H146",NA,0.246175792749047,9.38477775559316,9.38477775559316,9.38477775559316,"603-1115.5",0.0262313929173581,0.973768607082642
"oarfish","CPM","SCLC_A","NCI_H69",NA,2.06154874932797,9.38477775559316,9.38477775559316,9.38477775559316,"1115.5-2425.25",0.219669426705318,0.780330573294681
"oarfish","CPM","SCLC_A","NCI_H69",NA,4.58974635391747,9.38477775559316,9.38477775559316,9.38477775559316,"191-603",0.48906287111403,0.510937128885971
"oarfish","CPM","SCLC_A","NCI_H69",NA,2.83440235634678,9.38477775559316,9.38477775559316,9.38477775559316,"2425.25-12059",0.302021255075276,0.697978744924724
"oarfish","CPM","SCLC_A","NCI_H69",NA,0.254984579009708,9.38477775559316,9.38477775559316,9.38477775559316,"603-1115.5",0.0271700178363565,0.972829982163643
"oarfish","CPM","SCLC_A","SHP_77",NA,2.0602359774006,9.38477775559316,9.38477775559316,9.38477775559316,"1115.5-2425.25",0.219529543592307,0.780470456407693
"oarfish","CPM","SCLC_A","SHP_77",NA,4.58940639360873,9.38477775559316,9.38477775559316,9.38477775559316,"191-603",0.489026646461982,0.510973353538018
"oarfish","CPM","SCLC_A","SHP_77",NA,2.73890588747403,9.38477775559316,9.38477775559316,9.38477775559316,"2425.25-12059",0.291845577892529,0.708154422107471
"oarfish","CPM","SCLC_A","SHP_77",NA,0.24627601787212,9.38477775559316,9.38477775559316,9.38477775559316,"603-1115.5",0.0262420724588117,0.973757927541188
"oarfish","EDA","LUAD","HCC827",NA,2.0652282355079,9.38477775559316,9.38477775559316,9.38477775559316,"1115.5-2425.25",0.22006149631802,0.779938503681979
"oarfish","EDA","LUAD","HCC827",NA,4.58495040068897,9.38477775559316,9.38477775559316,9.38477775559316,"191-603",0.488551835759395,0.511448164240605
"oarfish","EDA","LUAD","HCC827",NA,2.70087264486181,9.38477775559316,9.38477775559316,9.38477775559316,"2425.25-12059",0.287792925437381,0.712207074562619
"oarfish","EDA","LUAD","HCC827",NA,0.195251736547272,9.38477775559316,9.38477775559316,9.38477775559316,"603-1115.5",0.0208051529436491,0.979194847056351
"oarfish","EDA","LUAD","NCI_H1975",NA,2.06995126950419,9.38477775559316,9.38477775559316,9.38477775559316,"1115.5-2425.25",0.220564761724968,0.779435238275032
"oarfish","EDA","LUAD","NCI_H1975",NA,4.58463399707649,9.38477775559316,9.38477775559316,9.38477775559316,"191-603",0.488518121203684,0.511481878796316
"oarfish","EDA","LUAD","NCI_H1975",NA,2.61376213732905,9.38477775559316,9.38477775559316,9.38477775559316,"2425.25-12059",0.278510818838655,0.721489181161345
"oarfish","EDA","LUAD","NCI_H1975",NA,0.212730179897727,9.38477775559316,9.38477775559316,9.38477775559316,"603-1115.5",0.0226675777986265,0.977332422201374
"oarfish","EDA","LUAD","NCI_H2228",NA,2.06271662256098,9.38477775559316,9.38477775559316,9.38477775559316,"1115.5-2425.25",0.219793870060657,0.780206129939343
"oarfish","EDA","LUAD","NCI_H2228",NA,4.58710221140345,9.38477775559316,9.38477775559316,9.38477775559316,"191-603",0.488781123097946,0.511218876902054
"oarfish","EDA","LUAD","NCI_H2228",NA,2.70753429223299,9.38477775559316,9.38477775559316,9.38477775559316,"2425.25-12059",0.288502760826632,0.711497239173368
"oarfish","EDA","LUAD","NCI_H2228",NA,0.208016079142449,9.38477775559316,9.38477775559316,9.38477775559316,"603-1115.5",0.0221652642779393,0.977834735722061
"oarfish","EDA","SCLC_A","NCI_H146",NA,2.0637739534917,9.38477775559316,9.38477775559316,9.38477775559316,"1115.5-2425.25",0.219906534522006,0.780093465477994
"oarfish","EDA","SCLC_A","NCI_H146",NA,4.58747311501635,9.38477775559316,9.38477775559316,9.38477775559316,"191-603",0.488820644930275,0.511179355069725
"oarfish","EDA","SCLC_A","NCI_H146",NA,2.72059518480413,9.38477775559316,9.38477775559316,9.38477775559316,"2425.25-12059",0.289894471201804,0.710105528798196
"oarfish","EDA","SCLC_A","NCI_H146",NA,0.216078829725125,9.38477775559316,9.38477775559316,9.38477775559316,"603-1115.5",0.0230243949673018,0.976975605032698
"oarfish","EDA","SCLC_A","NCI_H69",NA,2.06387018206742,9.38477775559316,9.38477775559316,9.38477775559316,"1115.5-2425.25",0.219916788209225,0.780083211790775
"oarfish","EDA","SCLC_A","NCI_H69",NA,4.58640637921616,9.38477775559316,9.38477775559316,9.38477775559316,"191-603",0.488706978328043,0.511293021671957
"oarfish","EDA","SCLC_A","NCI_H69",NA,2.76706803964912,9.38477775559316,9.38477775559316,9.38477775559316,"2425.25-12059",0.294846411040475,0.705153588959526
"oarfish","EDA","SCLC_A","NCI_H69",NA,0.222733588293518,9.38477775559316,9.38477775559316,9.38477775559316,"603-1115.5",0.0237334963164975,0.976266503683502
"oarfish","EDA","SCLC_A","SHP_77",NA,2.06095530370717,9.38477775559316,9.38477775559316,9.38477775559316,"1115.5-2425.25",0.219606191790623,0.780393808209377
"oarfish","EDA","SCLC_A","SHP_77",NA,4.58616145470739,9.38477775559316,9.38477775559316,9.38477775559316,"191-603",0.488680880266357,0.511319119733643
"oarfish","EDA","SCLC_A","SHP_77",NA,2.64101132420991,9.38477775559316,9.38477775559316,9.38477775559316,"2425.25-12059",0.281414370482659,0.718585629517341
"oarfish","EDA","SCLC_A","SHP_77",NA,0.19935886975074,9.38477775559316,9.38477775559316,9.38477775559316,"603-1115.5",0.02124279071307,0.97875720928693
"oarfish","TPM","LUAD","HCC827",NA,2.14822439767704,9.38477775559316,9.38477775559316,9.38477775559316,"1115.5-2425.25",0.228905196651752,0.771094803348248
"oarfish","TPM","LUAD","HCC827",NA,4.64552532647072,9.38477775559316,9.38477775559316,9.38477775559316,"191-603",0.495006429289396,0.504993570710604
"oarfish","TPM","LUAD","HCC827",NA,4.02696867386988,9.38477775559316,9.38477775559316,9.38477775559316,"2425.25-12059",0.429095795206219,0.570904204793781
"oarfish","TPM","LUAD","HCC827",NA,0.401093868805921,9.38477775559316,9.38477775559316,9.38477775559316,"603-1115.5",0.0427387711517064,0.957261228848294
"oarfish","TPM","LUAD","NCI_H1975",NA,2.14713819103085,9.38477775559316,9.38477775559316,9.38477775559316,"1115.5-2425.25",0.228789455323137,0.771210544676863
"oarfish","TPM","LUAD","NCI_H1975",NA,4.64477052565254,9.38477775559316,9.38477775559316,9.38477775559316,"191-603",0.494926001085571,0.505073998914429
"oarfish","TPM","LUAD","NCI_H1975",NA,3.96176832757982,9.38477775559316,9.38477775559316,9.38477775559316,"2425.25-12059",0.422148337526552,0.577851662473448
"oarfish","TPM","LUAD","NCI_H1975",NA,0.393600885603154,9.38477775559316,9.38477775559316,9.38477775559316,"603-1115.5",0.0419403523294491,0.958059647670551
"oarfish","TPM","LUAD","NCI_H2228",NA,2.1427757918572,9.38477775559316,9.38477775559316,9.38477775559316,"1115.5-2425.25",0.228324617552093,0.771675382447907
"oarfish","TPM","LUAD","NCI_H2228",NA,4.64454140367284,9.38477775559316,9.38477775559316,9.38477775559316,"191-603",0.4949015868708,0.5050984131292
"oarfish","TPM","LUAD","NCI_H2228",NA,3.99976141043406,9.38477775559316,9.38477775559316,9.38477775559316,"2425.25-12059",0.426196710737266,0.573803289262734
"oarfish","TPM","LUAD","NCI_H2228",NA,0.403419877321155,9.38477775559316,9.38477775559316,9.38477775559316,"603-1115.5",0.0429866202298423,0.957013379770158
"oarfish","TPM","SCLC_A","NCI_H146",NA,2.14375766613047,9.38477775559316,9.38477775559316,9.38477775559316,"1115.5-2425.25",0.228429241689057,0.771570758310943
"oarfish","TPM","SCLC_A","NCI_H146",NA,4.64430373092098,9.38477775559316,9.38477775559316,9.38477775559316,"191-603",0.494876261523941,0.505123738476059
"oarfish","TPM","SCLC_A","NCI_H146",NA,3.94154828337677,9.38477775559316,9.38477775559316,9.38477775559316,"2425.25-12059",0.419993779930237,0.580006220069763
"oarfish","TPM","SCLC_A","NCI_H146",NA,0.404486638712366,9.38477775559316,9.38477775559316,9.38477775559316,"603-1115.5",0.0431002895589402,0.95689971044106
"oarfish","TPM","SCLC_A","NCI_H69",NA,2.14766247954816,9.38477775559316,9.38477775559316,9.38477775559316,"1115.5-2425.25",0.228845321165778,0.771154678834222
"oarfish","TPM","SCLC_A","NCI_H69",NA,4.64518361830689,9.38477775559316,9.38477775559316,9.38477775559316,"191-603",0.494970018393717,0.505029981606283
"oarfish","TPM","SCLC_A","NCI_H69",NA,4.02717894217004,9.38477775559316,9.38477775559316,9.38477775559316,"2425.25-12059",0.429118200457109,0.570881799542891
"oarfish","TPM","SCLC_A","NCI_H69",NA,0.398008564230612,9.38477775559316,9.38477775559316,9.38477775559316,"603-1115.5",0.0424100148768474,0.957589985123153
"oarfish","TPM","SCLC_A","SHP_77",NA,2.14329629047536,9.38477775559316,9.38477775559316,9.38477775559316,"1115.5-2425.25",0.228380079560008,0.771619920439992
"oarfish","TPM","SCLC_A","SHP_77",NA,4.64359776015345,9.38477775559316,9.38477775559316,9.38477775559316,"191-603",0.49480103643221,0.50519896356779
"oarfish","TPM","SCLC_A","SHP_77",NA,3.92133430676912,9.38477775559316,9.38477775559316,9.38477775559316,"2425.25-12059",0.417839868869785,0.582160131130215
"oarfish","TPM","SCLC_A","SHP_77",NA,0.406586011322815,9.38477775559316,9.38477775559316,9.38477775559316,"603-1115.5",0.0433239893273442,0.956676010672656
"oarfish","cqn","LUAD","HCC827",NA,2.10517789675139,9.38477775559316,9.38477775559316,9.38477775559316,"1115.5-2425.25",0.224318353782725,0.775681646217275
"oarfish","cqn","LUAD","HCC827",NA,4.65486969091583,9.38477775559316,9.38477775559316,9.38477775559316,"191-603",0.496002123027539,0.503997876972461
"oarfish","cqn","LUAD","HCC827",NA,2.68364298572573,9.38477775559316,9.38477775559316,9.38477775559316,"2425.25-12059",0.285957009917079,0.714042990082921
"oarfish","cqn","LUAD","HCC827",NA,0.607204803886307,9.38477775559316,9.38477775559316,9.38477775559316,"603-1115.5",0.0647010317878252,0.935298968212175
"oarfish","cqn","LUAD","NCI_H1975",NA,2.10329685388356,9.38477775559316,9.38477775559316,9.38477775559316,"1115.5-2425.25",0.224117918256512,0.775882081743488
"oarfish","cqn","LUAD","NCI_H1975",NA,4.61757987971223,9.38477775559316,9.38477775559316,9.38477775559316,"191-603",0.492028687302716,0.507971312697284
"oarfish","cqn","LUAD","NCI_H1975",NA,2.46416192193015,9.38477775559316,9.38477775559316,9.38477775559316,"2425.25-12059",0.262570088083498,0.737429911916502
"oarfish","cqn","LUAD","NCI_H1975",NA,0.558594864228309,9.38477775559316,9.38477775559316,9.38477775559316,"603-1115.5",0.0595213737368897,0.94047862626311
"oarfish","cqn","LUAD","NCI_H2228",NA,2.0743114611267,9.38477775559316,9.38477775559316,9.38477775559316,"1115.5-2425.25",0.221029364269222,0.778970635730778
"oarfish","cqn","LUAD","NCI_H2228",NA,4.58981987275557,9.38477775559316,9.38477775559316,9.38477775559316,"191-603",0.489070704953042,0.510929295046958
"oarfish","cqn","LUAD","NCI_H2228",NA,2.7472392447625,9.38477775559316,9.38477775559316,9.38477775559316,"2425.25-12059",0.292733543223781,0.707266456776219
"oarfish","cqn","LUAD","NCI_H2228",NA,0.244989933878902,9.38477775559316,9.38477775559316,9.38477775559316,"603-1115.5",0.0261050330928607,0.973894966907139
"oarfish","cqn","SCLC_A","NCI_H146",NA,2.07758616567418,9.38477775559316,9.38477775559316,9.38477775559316,"1115.5-2425.25",0.221378302159151,0.778621697840849
"oarfish","cqn","SCLC_A","NCI_H146",NA,4.58713373744787,9.38477775559316,9.38477775559316,9.38477775559316,"191-603",0.488784482372427,0.511215517627573
"oarfish","cqn","SCLC_A","NCI_H146",NA,2.31525542879684,9.38477775559316,9.38477775559316,9.38477775559316,"2425.25-12059",0.246703277274412,0.753296722725588
"oarfish","cqn","SCLC_A","NCI_H146",NA,0.224344238551757,9.38477775559316,9.38477775559316,9.38477775559316,"603-1115.5",0.0239051200139558,0.976094879986044
"oarfish","cqn","SCLC_A","NCI_H69",NA,2.07421493616961,9.38477775559316,9.38477775559316,9.38477775559316,"1115.5-2425.25",0.22101907900093,0.77898092099907
"oarfish","cqn","SCLC_A","NCI_H69",NA,4.58888090733981,9.38477775559316,9.38477775559316,9.38477775559316,"191-603",0.48897065299228,0.51102934700772
"oarfish","cqn","SCLC_A","NCI_H69",NA,2.54802499398313,9.38477775559316,9.38477775559316,9.38477775559316,"2425.25-12059",0.271506162462351,0.728493837537649
"oarfish","cqn","SCLC_A","NCI_H69",NA,0.279146471146845,9.38477775559316,9.38477775559316,9.38477775559316,"603-1115.5",0.0297446011420439,0.970255398857956
"oarfish","cqn","SCLC_A","SHP_77",NA,2.07313864122936,9.38477775559316,9.38477775559316,9.38477775559316,"1115.5-2425.25",0.220904393819428,0.779095606180572
"oarfish","cqn","SCLC_A","SHP_77",NA,4.59475530883733,9.38477775559316,9.38477775559316,9.38477775559316,"191-603",0.489596602977512,0.510403397022488
"oarfish","cqn","SCLC_A","SHP_77",NA,2.42870591191842,9.38477775559316,9.38477775559316,9.38477775559316,"2425.25-12059",0.258792054022905,0.741207945977095
"oarfish","cqn","SCLC_A","SHP_77",NA,0.273779639936704,9.38477775559316,9.38477775559316,9.38477775559316,"603-1115.5",0.0291727355795438,0.970827264420456
"oarfish","ratio_counts","LUAD","HCC827",NA,2.05200539858119,9.38477775559316,9.38477775559316,9.38477775559316,"1115.5-2425.25",0.218652529875653,0.781347470124347
"oarfish","ratio_counts","LUAD","HCC827",NA,4.5813708682159,9.38477775559316,9.38477775559316,9.38477775559316,"191-603",0.488170416767247,0.511829583232753
"oarfish","ratio_counts","LUAD","HCC827",NA,2.10329462338765,9.38477775559316,9.38477775559316,9.38477775559316,"2425.25-12059",0.224117680584831,0.775882319415169
"oarfish","ratio_counts","LUAD","HCC827",NA,0.160784302934568,9.38477775559316,9.38477775559316,9.38477775559316,"603-1115.5",0.0171324571686041,0.982867542831396
"oarfish","ratio_counts","LUAD","NCI_H1975",NA,2.05432366239782,9.38477775559316,9.38477775559316,9.38477775559316,"1115.5-2425.25",0.218899553713297,0.781100446286703
"oarfish","ratio_counts","LUAD","NCI_H1975",NA,4.58104319545709,9.38477775559316,9.38477775559316,9.38477775559316,"191-603",0.488135501421637,0.511864498578363
"oarfish","ratio_counts","LUAD","NCI_H1975",NA,2.08960612105885,9.38477775559316,9.38477775559316,9.38477775559316,"2425.25-12059",0.222659094917136,0.777340905082864
"oarfish","ratio_counts","LUAD","NCI_H1975",NA,0.136787693173716,9.38477775559316,9.38477775559316,9.38477775559316,"603-1115.5",0.0145754856146906,0.985424514385309
"oarfish","ratio_counts","LUAD","NCI_H2228",NA,2.05301180663027,9.38477775559316,9.38477775559316,9.38477775559316,"1115.5-2425.25",0.218759768222184,0.781240231777816
"oarfish","ratio_counts","LUAD","NCI_H2228",NA,4.58094126907079,9.38477775559316,9.38477775559316,9.38477775559316,"191-603",0.488124640601172,0.511875359398828
"oarfish","ratio_counts","LUAD","NCI_H2228",NA,2.09792126321268,9.38477775559316,9.38477775559316,9.38477775559316,"2425.25-12059",0.223545119325,0.776454880675
"oarfish","ratio_counts","LUAD","NCI_H2228",NA,0.146519772500702,9.38477775559316,9.38477775559316,9.38477775559316,"603-1115.5",0.0156124925188962,0.984387507481104
"oarfish","ratio_counts","SCLC_A","NCI_H146",NA,2.05303076416983,9.38477775559316,9.38477775559316,9.38477775559316,"1115.5-2425.25",0.218761788252925,0.781238211747075
"oarfish","ratio_counts","SCLC_A","NCI_H146",NA,4.58072078027516,9.38477775559316,9.38477775559316,9.38477775559316,"191-603",0.488101146299936,0.511898853700064
"oarfish","ratio_counts","SCLC_A","NCI_H146",NA,2.08614043287294,9.38477775559316,9.38477775559316,9.38477775559316,"2425.25-12059",0.222289806663737,0.777710193336263
"oarfish","ratio_counts","SCLC_A","NCI_H146",NA,0.13391317954342,9.38477775559316,9.38477775559316,9.38477775559316,"603-1115.5",0.0142691902814225,0.985730809718578
"oarfish","ratio_counts","SCLC_A","NCI_H69",NA,2.05219991879309,9.38477775559316,9.38477775559316,9.38477775559316,"1115.5-2425.25",0.218673257080597,0.781326742919403
"oarfish","ratio_counts","SCLC_A","NCI_H69",NA,4.58109062979749,9.38477775559316,9.38477775559316,9.38477775559316,"191-603",0.488140555813082,0.511859444186918
"oarfish","ratio_counts","SCLC_A","NCI_H69",NA,2.10989081395802,9.38477775559316,9.38477775559316,9.38477775559316,"2425.25-12059",0.224820541189755,0.775179458810245
"oarfish","ratio_counts","SCLC_A","NCI_H69",NA,0.151525193009198,9.38477775559316,9.38477775559316,9.38477775559316,"603-1115.5",0.0161458477712902,0.98385415222871
"oarfish","ratio_counts","SCLC_A","SHP_77",NA,2.05167432990034,9.38477775559316,9.38477775559316,9.38477775559316,"1115.5-2425.25",0.218617252675758,0.781382747324242
"oarfish","ratio_counts","SCLC_A","SHP_77",NA,4.58059829433724,9.38477775559316,9.38477775559316,9.38477775559316,"191-603",0.488088094745482,0.511911905254518
"oarfish","ratio_counts","SCLC_A","SHP_77",NA,2.08276581383642,9.38477775559316,9.38477775559316,9.38477775559316,"2425.25-12059",0.22193022233213,0.77806977766787
"oarfish","ratio_counts","SCLC_A","SHP_77",NA,0.148776481187261,9.38477775559316,9.38477775559316,9.38477775559316,"603-1115.5",0.0158529573168201,0.98414704268318
