"Tool","Normalization","Condition","Sample","Correlation","RMSE","max_observed","min_observed","mean_expected","LengthQuantile","NRMSE","Similarity"
"bambu","CPM","LUAD","SRR30947497",0,5.03678012213215,9.38477775559316,9.38477775559316,9.38477775559316,"All",0.536696792753597,0.463303207246403
"bambu","CPM","LUAD","SRR30947498",0,4.83592790067203,9.38477775559316,9.38477775559316,9.38477775559316,"All",0.515294877152515,0.484705122847485
"bambu","CPM","LUAD","SRR30947499",0,4.84390575700114,9.38477775559316,9.38477775559316,9.38477775559316,"All",0.516144961889402,0.483855038110598
"bambu","CPM","SCLC_A","SRR30947491",0,4.99067420094893,9.38477775559316,9.38477775559316,9.38477775559316,"All",0.531783951726996,0.468216048273004
"bambu","CPM","SCLC_A","SRR30947494",0,4.93072749292492,9.38477775559316,9.38477775559316,9.38477775559316,"All",0.525396298275289,0.474603701724711
"bambu","CPM","SCLC_A","SRR30947496",0,4.98283722753849,9.38477775559316,9.38477775559316,9.38477775559316,"All",0.53094887884466,0.46905112115534
"bambu","EDA","LUAD","SRR30947497",0,4.99488898929901,9.38477775559316,9.38477775559316,9.38477775559316,"All",0.532233060747991,0.467766939252009
"bambu","EDA","LUAD","SRR30947498",0,4.86396229427812,9.38477775559316,9.38477775559316,9.38477775559316,"All",0.518282096917989,0.481717903082011
"bambu","EDA","LUAD","SRR30947499",0,4.87761382739836,9.38477775559316,9.38477775559316,9.38477775559316,"All",0.519736743311943,0.480263256688057
"bambu","EDA","SCLC_A","SRR30947491",0,4.94688808121711,9.38477775559316,9.38477775559316,9.38477775559316,"All",0.527118298381531,0.472881701618469
"bambu","EDA","SCLC_A","SRR30947494",0,4.90879596561044,9.38477775559316,9.38477775559316,9.38477775559316,"All",0.523059372683054,0.476940627316946
"bambu","EDA","SCLC_A","SRR30947496",0,4.95464401482831,9.38477775559316,9.38477775559316,9.38477775559316,"All",0.527944736024828,0.472055263975172
"bambu","TPM","LUAD","SRR30947497",0,4.92390858040713,9.38477775559316,9.38477775559316,9.38477775559316,"All",0.524669705414449,0.475330294585551
"bambu","TPM","LUAD","SRR30947498",0,4.79715937588401,9.38477775559316,9.38477775559316,9.38477775559316,"All",0.511163876312893,0.488836123687107
"bambu","TPM","LUAD","SRR30947499",0,4.79894042128335,9.38477775559316,9.38477775559316,9.38477775559316,"All",0.511353656555508,0.488646343444492
"bambu","TPM","SCLC_A","SRR30947491",0,4.8788603795462,9.38477775559316,9.38477775559316,9.38477775559316,"All",0.519869570341022,0.480130429658978
"bambu","TPM","SCLC_A","SRR30947494",0,4.83020592513624,9.38477775559316,9.38477775559316,9.38477775559316,"All",0.514685168996946,0.485314831003054
"bambu","TPM","SCLC_A","SRR30947496",0,4.87203539852968,9.38477775559316,9.38477775559316,9.38477775559316,"All",0.519142330848063,0.480857669151937
"bambu","cqn","LUAD","SRR30947497",0,4.8723539255746,9.38477775559316,9.38477775559316,9.38477775559316,"All",0.519176271667251,0.480823728332749
"bambu","cqn","LUAD","SRR30947498",0,4.94471432914874,9.38477775559316,9.38477775559316,9.38477775559316,"All",0.526886673070311,0.473113326929689
"bambu","cqn","LUAD","SRR30947499",0,4.8455644124445,9.38477775559316,9.38477775559316,9.38477775559316,"All",0.516321700804969,0.483678299195031
"bambu","cqn","SCLC_A","SRR30947491",0,4.78172137391544,9.38477775559316,9.38477775559316,9.38477775559316,"All",0.509518871777823,0.490481128222177
"bambu","cqn","SCLC_A","SRR30947494",0,4.78846200408344,9.38477775559316,9.38477775559316,9.38477775559316,"All",0.510237123221123,0.489762876778877
"bambu","cqn","SCLC_A","SRR30947496",0,4.68853816403743,9.38477775559316,9.38477775559316,9.38477775559316,"All",0.499589685141254,0.500410314858746
"bambu","ratio_counts","LUAD","SRR30947497",0,4.64773039890833,9.38477775559316,9.38477775559316,9.38477775559316,"All",0.495241391959268,0.504758608040732
"bambu","ratio_counts","LUAD","SRR30947498",0,4.60008336481602,9.38477775559316,9.38477775559316,9.38477775559316,"All",0.490164336824541,0.509835663175459
"bambu","ratio_counts","LUAD","SRR30947499",0,4.60340925645629,9.38477775559316,9.38477775559316,9.38477775559316,"All",0.490518728982446,0.509481271017554
"bambu","ratio_counts","SCLC_A","SRR30947491",0,4.63074704559951,9.38477775559316,9.38477775559316,9.38477775559316,"All",0.49343172168778,0.50656827831222
"bambu","ratio_counts","SCLC_A","SRR30947494",0,4.61729371792245,9.38477775559316,9.38477775559316,9.38477775559316,"All",0.491998195180555,0.508001804819445
"bambu","ratio_counts","SCLC_A","SRR30947496",0,4.62997600735253,9.38477775559316,9.38477775559316,9.38477775559316,"All",0.493349563296067,0.506650436703933
"flair","CPM","LUAD","SRR30947497",0,5.94676574318773,9.38477775559316,9.38477775559316,9.38477775559316,"All",0.633660796031485,0.366339203968515
"flair","CPM","LUAD","SRR30947498",0,5.78710263905577,9.38477775559316,9.38477775559316,9.38477775559316,"All",0.616647808799389,0.383352191200611
"flair","CPM","LUAD","SRR30947499",0,5.78633030564889,9.38477775559316,9.38477775559316,9.38477775559316,"All",0.616565512401222,0.383434487598778
"flair","CPM","SCLC_A","SRR30947491",0,5.8104426888085,9.38477775559316,9.38477775559316,9.38477775559316,"All",0.6191348202514,0.3808651797486
"flair","CPM","SCLC_A","SRR30947494",0,5.75305977315952,9.38477775559316,9.38477775559316,9.38477775559316,"All",0.613020353063853,0.386979646936147
"flair","CPM","SCLC_A","SRR30947496",0,5.8043151574652,9.38477775559316,9.38477775559316,9.38477775559316,"All",0.61848189788042,0.38151810211958
"flair","EDA","LUAD","SRR30947497",0,5.88777869991317,9.38477775559316,9.38477775559316,9.38477775559316,"All",0.627375400169083,0.372624599830917
"flair","EDA","LUAD","SRR30947498",0,5.7753955886803,9.38477775559316,9.38477775559316,9.38477775559316,"All",0.615400357801576,0.384599642198424
"flair","EDA","LUAD","SRR30947499",0,5.77449873121906,9.38477775559316,9.38477775559316,9.38477775559316,"All",0.615304792676371,0.384695207323629
"flair","EDA","SCLC_A","SRR30947491",0,5.76110978958502,9.38477775559316,9.38477775559316,9.38477775559316,"All",0.613878126858305,0.386121873141695
"flair","EDA","SCLC_A","SRR30947494",0,5.72564026532123,9.38477775559316,9.38477775559316,9.38477775559316,"All",0.610098652779375,0.389901347220625
"flair","EDA","SCLC_A","SRR30947496",0,5.7650737191295,9.38477775559316,9.38477775559316,9.38477775559316,"All",0.614300505485452,0.385699494514548
"flair","TPM","LUAD","SRR30947497",0,5.8316678363753,9.38477775559316,9.38477775559316,9.38477775559316,"All",0.621396477172806,0.378603522827194
"flair","TPM","LUAD","SRR30947498",0,5.72411045606901,9.38477775559316,9.38477775559316,9.38477775559316,"All",0.609935643138437,0.390064356861563
"flair","TPM","LUAD","SRR30947499",0,5.7270340092679,9.38477775559316,9.38477775559316,9.38477775559316,"All",0.610247163909097,0.389752836090903
"flair","TPM","SCLC_A","SRR30947491",0,5.70412029788519,9.38477775559316,9.38477775559316,9.38477775559316,"All",0.607805581169531,0.392194418830469
"flair","TPM","SCLC_A","SRR30947494",0,5.66801736772367,9.38477775559316,9.38477775559316,9.38477775559316,"All",0.603958614187282,0.396041385812718
"flair","TPM","SCLC_A","SRR30947496",0,5.70442251346192,9.38477775559316,9.38477775559316,9.38477775559316,"All",0.607837783911525,0.392162216088475
"flair","cqn","LUAD","SRR30947497",0,5.91729414489017,9.38477775559316,9.38477775559316,9.38477775559316,"All",0.630520434153443,0.369479565846557
"flair","cqn","LUAD","SRR30947498",0,5.93918441135003,9.38477775559316,9.38477775559316,9.38477775559316,"All",0.632852963173303,0.367147036826697
"flair","cqn","LUAD","SRR30947499",0,5.91054250743471,9.38477775559316,9.38477775559316,9.38477775559316,"All",0.629801009822756,0.370198990177244
"flair","cqn","SCLC_A","SRR30947491",0,5.59116346622489,9.38477775559316,9.38477775559316,9.38477775559316,"All",0.595769405715832,0.404230594284168
"flair","cqn","SCLC_A","SRR30947494",0,5.59607222647082,9.38477775559316,9.38477775559316,9.38477775559316,"All",0.596292461282385,0.403707538717615
"flair","cqn","SCLC_A","SRR30947496",0,5.56327741004431,9.38477775559316,9.38477775559316,9.38477775559316,"All",0.592797992123862,0.407202007876138
"flair","ratio_counts","LUAD","SRR30947497",0,5.66956603552917,9.38477775559316,9.38477775559316,9.38477775559316,"All",0.604123633311424,0.395876366688576
"flair","ratio_counts","LUAD","SRR30947498",0,5.63122328971511,9.38477775559316,9.38477775559316,9.38477775559316,"All",0.600038001577502,0.399961998422498
"flair","ratio_counts","LUAD","SRR30947499",0,5.63324808469037,9.38477775559316,9.38477775559316,9.38477775559316,"All",0.600253754686205,0.399746245313795
"flair","ratio_counts","SCLC_A","SRR30947491",0,5.56110420239036,9.38477775559316,9.38477775559316,9.38477775559316,"All",0.592566424823011,0.407433575176989
"flair","ratio_counts","SCLC_A","SRR30947494",0,5.54889185058222,9.38477775559316,9.38477775559316,9.38477775559316,"All",0.591265131161489,0.408734868838511
"flair","ratio_counts","SCLC_A","SRR30947496",0,5.56138909072901,9.38477775559316,9.38477775559316,9.38477775559316,"All",0.592596781251908,0.407403218748092
"isoquant","CPM","LUAD","SRR30947497",0,6.00626020446379,9.38477775559316,9.38477775559316,9.38477775559316,"All",0.640000260089715,0.359999739910285
"isoquant","CPM","LUAD","SRR30947498",0,5.86338494140429,9.38477775559316,9.38477775559316,9.38477775559316,"All",0.624776110218467,0.375223889781533
"isoquant","CPM","LUAD","SRR30947499",0,5.86631564226924,9.38477775559316,9.38477775559316,9.38477775559316,"All",0.625088392612496,0.374911607387504
"isoquant","CPM","SCLC_A","SRR30947491",0,5.97409462638422,9.38477775559316,9.38477775559316,9.38477775559316,"All",0.636572839758914,0.363427160241086
"isoquant","CPM","SCLC_A","SRR30947494",0,5.91902262514293,9.38477775559316,9.38477775559316,9.38477775559316,"All",0.630704613288823,0.369295386711177
"isoquant","CPM","SCLC_A","SRR30947496",0,5.96422042505687,9.38477775559316,9.38477775559316,9.38477775559316,"All",0.635520688969145,0.364479311030855
"isoquant","EDA","LUAD","SRR30947497",0,5.98740325007238,9.38477775559316,9.38477775559316,9.38477775559316,"All",0.637990947255411,0.362009052744589
"isoquant","EDA","LUAD","SRR30947498",0,5.93159967500757,9.38477775559316,9.38477775559316,9.38477775559316,"All",0.632044767546301,0.367955232453699
"isoquant","EDA","LUAD","SRR30947499",0,5.94791636218554,9.38477775559316,9.38477775559316,9.38477775559316,"All",0.633783400852587,0.366216599147413
"isoquant","EDA","SCLC_A","SRR30947491",0,5.95802769676994,9.38477775559316,9.38477775559316,9.38477775559316,"All",0.634860819503058,0.365139180496942
"isoquant","EDA","SCLC_A","SRR30947494",0,5.94220059056354,9.38477775559316,9.38477775559316,9.38477775559316,"All",0.633174353758361,0.366825646241639
"isoquant","EDA","SCLC_A","SRR30947496",0,5.9499190902791,9.38477775559316,9.38477775559316,9.38477775559316,"All",0.633996802612939,0.366003197387061
"isoquant","TPM","LUAD","SRR30947497",0,5.90396396146117,9.38477775559316,9.38477775559316,9.38477775559316,"All",0.629100029347261,0.370899970652739
"isoquant","TPM","LUAD","SRR30947498",0,5.80960979605815,9.38477775559316,9.38477775559316,9.38477775559316,"All",0.619046070920084,0.380953929079916
"isoquant","TPM","LUAD","SRR30947499",0,5.81557805399759,9.38477775559316,9.38477775559316,9.38477775559316,"All",0.619682021828553,0.380317978171447
"isoquant","TPM","SCLC_A","SRR30947491",0,5.87775499122513,9.38477775559316,9.38477775559316,9.38477775559316,"All",0.626307318542742,0.373692681457258
"isoquant","TPM","SCLC_A","SRR30947494",0,5.84338363863001,9.38477775559316,9.38477775559316,9.38477775559316,"All",0.62264486073178,0.37735513926822
"isoquant","TPM","SCLC_A","SRR30947496",0,5.87503889097679,9.38477775559316,9.38477775559316,9.38477775559316,"All",0.626017903031894,0.373982096968106
"isoquant","cqn","LUAD","SRR30947497",0,5.81817326423351,9.38477775559316,9.38477775559316,9.38477775559316,"All",0.61995855583964,0.38004144416036
"isoquant","cqn","LUAD","SRR30947498",0,5.92497189015643,9.38477775559316,9.38477775559316,9.38477775559316,"All",0.631338540395936,0.368661459604064
"isoquant","cqn","LUAD","SRR30947499",0,5.94901955107744,9.38477775559316,9.38477775559316,9.38477775559316,"All",0.633900951733453,0.366099048266547
"isoquant","cqn","SCLC_A","SRR30947491",0,5.70360888201382,9.38477775559316,9.38477775559316,9.38477775559316,"All",0.607751086978546,0.392248913021454
"isoquant","cqn","SCLC_A","SRR30947494",0,5.71554478590344,9.38477775559316,9.38477775559316,9.38477775559316,"All",0.60902292358464,0.39097707641536
"isoquant","cqn","SCLC_A","SRR30947496",0,5.67887682222173,9.38477775559316,9.38477775559316,9.38477775559316,"All",0.605115749154233,0.394884250845767
"isoquant","ratio_counts","LUAD","SRR30947497",0,5.73689130265973,9.38477775559316,9.38477775559316,9.38477775559316,"All",0.611297513064777,0.388702486935223
"isoquant","ratio_counts","LUAD","SRR30947498",0,5.71689258350338,9.38477775559316,9.38477775559316,9.38477775559316,"All",0.609166538876876,0.390833461123124
"isoquant","ratio_counts","LUAD","SRR30947499",0,5.71906926277502,9.38477775559316,9.38477775559316,9.38477775559316,"All",0.609398476097802,0.390601523902198
"isoquant","ratio_counts","SCLC_A","SRR30947491",0,5.72883403779912,9.38477775559316,9.38477775559316,9.38477775559316,"All",0.610438966909455,0.389561033090545
"isoquant","ratio_counts","SCLC_A","SRR30947494",0,5.72214701860135,9.38477775559316,9.38477775559316,9.38477775559316,"All",0.609726428011687,0.390273571988313
"isoquant","ratio_counts","SCLC_A","SRR30947496",0,5.72877798883298,9.38477775559316,9.38477775559316,9.38477775559316,"All",0.610432994581969,0.389567005418031
"kallisto","CPM","LUAD","SRR30947497",0,5.07683098930839,9.38477775559316,9.38477775559316,9.38477775559316,"All",0.540964434270454,0.459035565729546
"kallisto","CPM","LUAD","SRR30947498",0,4.89803135396962,9.38477775559316,9.38477775559316,9.38477775559316,"All",0.52191234374735,0.47808765625265
"kallisto","CPM","LUAD","SRR30947499",0,4.90237978519423,9.38477775559316,9.38477775559316,9.38477775559316,"All",0.522375693156132,0.477624306843868
"kallisto","CPM","SCLC_A","SRR30947491",0,5.01312401908624,9.38477775559316,9.38477775559316,9.38477775559316,"All",0.534176104074335,0.465823895925665
"kallisto","CPM","SCLC_A","SRR30947494",0,4.98717886789302,9.38477775559316,9.38477775559316,9.38477775559316,"All",0.531411504648659,0.468588495351341
"kallisto","CPM","SCLC_A","SRR30947496",0,5.02949510897726,9.38477775559316,9.38477775559316,9.38477775559316,"All",0.535920534290731,0.464079465709269
"kallisto","EDA","LUAD","SRR30947497",0,4.9987063087661,9.38477775559316,9.38477775559316,9.38477775559316,"All",0.532639817260133,0.467360182739867
"kallisto","EDA","LUAD","SRR30947498",0,4.90351870103474,9.38477775559316,9.38477775559316,9.38477775559316,"All",0.522497050941065,0.477502949058935
"kallisto","EDA","LUAD","SRR30947499",0,4.92094212075712,9.38477775559316,9.38477775559316,9.38477775559316,"All",0.524353612724001,0.475646387275999
"kallisto","EDA","SCLC_A","SRR30947491",0,4.9434832328181,9.38477775559316,9.38477775559316,9.38477775559316,"All",0.526755492944078,0.473244507055922
"kallisto","EDA","SCLC_A","SRR30947494",0,4.93510324434586,9.38477775559316,9.38477775559316,9.38477775559316,"All",0.525862558802165,0.474137441197835
"kallisto","EDA","SCLC_A","SRR30947496",0,4.96738599659018,9.38477775559316,9.38477775559316,9.38477775559316,"All",0.529302464688597,0.470697535311403
"kallisto","TPM","LUAD","SRR30947497",0,4.95772993333369,9.38477775559316,9.38477775559316,9.38477775559316,"All",0.528273557717333,0.471726442282667
"kallisto","TPM","LUAD","SRR30947498",0,4.84517019223254,9.38477775559316,9.38477775559316,9.38477775559316,"All",0.516279694459989,0.483720305540011
"kallisto","TPM","LUAD","SRR30947499",0,4.84574526365739,9.38477775559316,9.38477775559316,9.38477775559316,"All",0.516340971502433,0.483659028497567
"kallisto","TPM","SCLC_A","SRR30947491",0,4.89976166240364,9.38477775559316,9.38477775559316,9.38477775559316,"All",0.52209671768556,0.47790328231444
"kallisto","TPM","SCLC_A","SRR30947494",0,4.87947179907753,9.38477775559316,9.38477775559316,9.38477775559316,"All",0.519934720475341,0.480065279524659
"kallisto","TPM","SCLC_A","SRR30947496",0,4.91354075840984,9.38477775559316,9.38477775559316,9.38477775559316,"All",0.523564956610876,0.476435043389124
"kallisto","cqn","LUAD","SRR30947497",0,5.00788457556025,9.38477775559316,9.38477775559316,9.38477775559316,"All",0.533617812374474,0.466382187625526
"kallisto","cqn","LUAD","SRR30947498",0,5.00129246395399,9.38477775559316,9.38477775559316,9.38477775559316,"All",0.532915386405747,0.467084613594253
"kallisto","cqn","LUAD","SRR30947499",0,5.01052336248039,9.38477775559316,9.38477775559316,9.38477775559316,"All",0.533898989722395,0.466101010277605
"kallisto","cqn","SCLC_A","SRR30947491",0,4.8275470785897,9.38477775559316,9.38477775559316,9.38477775559316,"All",0.514401854184833,0.485598145815167
"kallisto","cqn","SCLC_A","SRR30947494",0,4.82807957642325,9.38477775559316,9.38477775559316,9.38477775559316,"All",0.514458594775545,0.485541405224455
"kallisto","cqn","SCLC_A","SRR30947496",0,4.78525820001593,9.38477775559316,9.38477775559316,9.38477775559316,"All",0.509895740169659,0.490104259830341
"kallisto","ratio_counts","LUAD","SRR30947497",0,4.7461312134395,9.38477775559316,9.38477775559316,9.38477775559316,"All",0.505726543242955,0.494273456757045
"kallisto","ratio_counts","LUAD","SRR30947498",0,4.7085472118904,9.38477775559316,9.38477775559316,9.38477775559316,"All",0.501721759908933,0.498278240091067
"kallisto","ratio_counts","LUAD","SRR30947499",0,4.70948166363295,9.38477775559316,9.38477775559316,9.38477775559316,"All",0.501821330912837,0.498178669087163
"kallisto","ratio_counts","SCLC_A","SRR30947491",0,4.72282840579816,9.38477775559316,9.38477775559316,9.38477775559316,"All",0.50324350014399,0.49675649985601
"kallisto","ratio_counts","SCLC_A","SRR30947494",0,4.72055037672088,9.38477775559316,9.38477775559316,9.38477775559316,"All",0.503000763540459,0.496999236459541
"kallisto","ratio_counts","SCLC_A","SRR30947496",0,4.72972130096816,9.38477775559316,9.38477775559316,9.38477775559316,"All",0.503977976265803,0.496022023734197
"oarfish","CPM","LUAD","SRR30947497",0,5.20323086890371,9.38477775559316,9.38477775559316,9.38477775559316,"All",0.554433040867982,0.445566959132018
"oarfish","CPM","LUAD","SRR30947498",0,5.02540121340243,9.38477775559316,9.38477775559316,9.38477775559316,"All",0.535484307063892,0.464515692936108
"oarfish","CPM","LUAD","SRR30947499",0,5.02934205584001,9.38477775559316,9.38477775559316,9.38477775559316,"All",0.535904225632047,0.464095774367953
"oarfish","CPM","SCLC_A","SRR30947491",0,5.17314254861977,9.38477775559316,9.38477775559316,9.38477775559316,"All",0.551226963849695,0.448773036150305
"oarfish","CPM","SCLC_A","SRR30947494",0,5.10584927318151,9.38477775559316,9.38477775559316,9.38477775559316,"All",0.544056492988181,0.455943507011819
"oarfish","CPM","SCLC_A","SRR30947496",0,5.15973514444392,9.38477775559316,9.38477775559316,9.38477775559316,"All",0.549798330745639,0.450201669254361
"oarfish","EDA","LUAD","SRR30947497",0,5.08341656945821,9.38477775559316,9.38477775559316,9.38477775559316,"All",0.541666164276356,0.458333835723644
"oarfish","EDA","LUAD","SRR30947498",0,4.9855517872746,9.38477775559316,9.38477775559316,9.38477775559316,"All",0.531238130205407,0.468761869794593
"oarfish","EDA","LUAD","SRR30947499",0,4.98404506727835,9.38477775559316,9.38477775559316,9.38477775559316,"All",0.531077580852455,0.468922419147545
"oarfish","EDA","SCLC_A","SRR30947491",0,5.07503509925909,9.38477775559316,9.38477775559316,9.38477775559316,"All",0.540773072248244,0.459226927751756
"oarfish","EDA","SCLC_A","SRR30947494",0,5.04434454463115,9.38477775559316,9.38477775559316,9.38477775559316,"All",0.537502823828173,0.462497176171827
"oarfish","EDA","SCLC_A","SRR30947496",0,5.0890638134695,9.38477775559316,9.38477775559316,9.38477775559316,"All",0.542267909374467,0.457732090625533
"oarfish","TPM","LUAD","SRR30947497",0,5.07902585344662,9.38477775559316,9.38477775559316,9.38477775559316,"All",0.54119830918954,0.45880169081046
"oarfish","TPM","LUAD","SRR30947498",0,4.96681432502416,9.38477775559316,9.38477775559316,9.38477775559316,"All",0.529241549919925,0.470758450080075
"oarfish","TPM","LUAD","SRR30947499",0,4.96704031673896,9.38477775559316,9.38477775559316,9.38477775559316,"All",0.52926563058765,0.47073436941235
"oarfish","TPM","SCLC_A","SRR30947491",0,5.04681353559904,9.38477775559316,9.38477775559316,9.38477775559316,"All",0.537765908477825,0.462234091522175
"oarfish","TPM","SCLC_A","SRR30947494",0,4.99495399049581,9.38477775559316,9.38477775559316,9.38477775559316,"All",0.53223998698519,0.46776001301481
"oarfish","TPM","SCLC_A","SRR30947496",0,5.0367368505227,9.38477775559316,9.38477775559316,9.38477775559316,"All",0.536692181924169,0.463307818075831
"oarfish","cqn","LUAD","SRR30947497",0,5.09327779132074,9.38477775559316,9.38477775559316,9.38477775559316,"All",0.542716932032327,0.457283067967673
"oarfish","cqn","LUAD","SRR30947498",0,5.09277392347308,9.38477775559316,9.38477775559316,9.38477775559316,"All",0.542663242125033,0.457336757874967
"oarfish","cqn","LUAD","SRR30947499",0,5.07886381172727,9.38477775559316,9.38477775559316,9.38477775559316,"All",0.541181042747695,0.458818957252305
"oarfish","cqn","SCLC_A","SRR30947491",0,4.96628984623456,9.38477775559316,9.38477775559316,9.38477775559316,"All",0.52918566380272,0.47081433619728
"oarfish","cqn","SCLC_A","SRR30947494",0,4.98570750563592,9.38477775559316,9.38477775559316,9.38477775559316,"All",0.531254722858464,0.468745277141536
"oarfish","cqn","SCLC_A","SRR30947496",0,4.91514052622819,9.38477775559316,9.38477775559316,9.38477775559316,"All",0.523735420724147,0.476264579275853
"oarfish","ratio_counts","LUAD","SRR30947497",0,4.86580877303959,9.38477775559316,9.38477775559316,9.38477775559316,"All",0.51847884944741,0.48152115055259
"oarfish","ratio_counts","LUAD","SRR30947498",0,4.82443035639644,9.38477775559316,9.38477775559316,9.38477775559316,"All",0.514069750188934,0.485930249811066
"oarfish","ratio_counts","LUAD","SRR30947499",0,4.82712279440236,9.38477775559316,9.38477775559316,9.38477775559316,"All",0.514356644356919,0.485643355643081
"oarfish","ratio_counts","SCLC_A","SRR30947491",0,4.85440337122747,9.38477775559316,9.38477775559316,9.38477775559316,"All",0.517263540773177,0.482736459226823
"oarfish","ratio_counts","SCLC_A","SRR30947494",0,4.83858720112009,9.38477775559316,9.38477775559316,9.38477775559316,"All",0.515578240330346,0.484421759669654
"oarfish","ratio_counts","SCLC_A","SRR30947496",0,4.85193413067404,9.38477775559316,9.38477775559316,9.38477775559316,"All",0.517000429528805,0.482999570471195
"bambu","CPM","LUAD","SRR30947497",NA,0.907216653511925,9.38477775559316,9.38477775559316,9.38477775559316,"1115.5-2425.25",0.0966689544641843,0.903331045535816
"bambu","CPM","LUAD","SRR30947497",NA,8.54175013554443,9.38477775559316,9.38477775559316,9.38477775559316,"191-603",0.910170742237737,0.089829257762263
"bambu","CPM","LUAD","SRR30947497",NA,2.25927298145218,9.38477775559316,9.38477775559316,9.38477775559316,"2425.25-12059",0.240738037734105,0.759261962265895
"bambu","CPM","LUAD","SRR30947497",NA,4.75265864076307,9.38477775559316,9.38477775559316,9.38477775559316,"603-1115.5",0.506422076743434,0.493577923256566
"bambu","CPM","LUAD","SRR30947498",NA,0.847313494648944,9.38477775559316,9.38477775559316,9.38477775559316,"1115.5-2425.25",0.0902859414165626,0.909714058583437
"bambu","CPM","LUAD","SRR30947498",NA,8.3955479054134,9.38477775559316,9.38477775559316,9.38477775559316,"191-603",0.894592085615433,0.105407914384567
"bambu","CPM","LUAD","SRR30947498",NA,2.24824519926378,9.38477775559316,9.38477775559316,9.38477775559316,"2425.25-12059",0.239562966520317,0.760437033479683
"bambu","CPM","LUAD","SRR30947498",NA,4.15776663314267,9.38477775559316,9.38477775559316,9.38477775559316,"603-1115.5",0.443033041529909,0.556966958470091
"bambu","CPM","LUAD","SRR30947499",NA,0.80137928244064,9.38477775559316,9.38477775559316,9.38477775559316,"1115.5-2425.25",0.0853913969313799,0.91460860306862
"bambu","CPM","LUAD","SRR30947499",NA,8.3890993052793,9.38477775559316,9.38477775559316,9.38477775559316,"191-603",0.893904951588177,0.106095048411823
"bambu","CPM","LUAD","SRR30947499",NA,2.27740976823315,9.38477775559316,9.38477775559316,9.38477775559316,"2425.25-12059",0.242670612724511,0.757329387275489
"bambu","CPM","LUAD","SRR30947499",NA,4.2009404625903,9.38477775559316,9.38477775559316,9.38477775559316,"603-1115.5",0.447633451957519,0.552366548042481
"bambu","CPM","SCLC_A","SRR30947491",NA,0.86954666506772,9.38477775559316,9.38477775559316,9.38477775559316,"1115.5-2425.25",0.0926550087506852,0.907344991249315
"bambu","CPM","SCLC_A","SRR30947491",NA,8.5346750103499,9.38477775559316,9.38477775559316,9.38477775559316,"191-603",0.909416848498452,0.0905831515015483
"bambu","CPM","SCLC_A","SRR30947491",NA,2.26638833594588,9.38477775559316,9.38477775559316,9.38477775559316,"2425.25-12059",0.241496218127824,0.758503781872176
"bambu","CPM","SCLC_A","SRR30947491",NA,4.57099670703623,9.38477775559316,9.38477775559316,9.38477775559316,"603-1115.5",0.487064992488714,0.512935007511286
"bambu","CPM","SCLC_A","SRR30947494",NA,0.93020759284974,9.38477775559316,9.38477775559316,9.38477775559316,"1115.5-2425.25",0.0991187662697024,0.900881233730298
"bambu","CPM","SCLC_A","SRR30947494",NA,8.48808067293912,9.38477775559316,9.38477775559316,9.38477775559316,"191-603",0.904451964020179,0.0955480359798205
"bambu","CPM","SCLC_A","SRR30947494",NA,2.29797981235569,9.38477775559316,9.38477775559316,9.38477775559316,"2425.25-12059",0.244862464748953,0.755137535251047
"bambu","CPM","SCLC_A","SRR30947494",NA,4.36517852370671,9.38477775559316,9.38477775559316,9.38477775559316,"603-1115.5",0.465133926171575,0.534866073828425
"bambu","CPM","SCLC_A","SRR30947496",NA,0.899613507278133,9.38477775559316,9.38477775559316,9.38477775559316,"1115.5-2425.25",0.0958587971613903,0.90414120283861
"bambu","CPM","SCLC_A","SRR30947496",NA,8.51610532864839,9.38477775559316,9.38477775559316,9.38477775559316,"191-603",0.907438146158863,0.0925618538411374
"bambu","CPM","SCLC_A","SRR30947496",NA,2.2701953354845,9.38477775559316,9.38477775559316,9.38477775559316,"2425.25-12059",0.241901874994483,0.758098125005517
"bambu","CPM","SCLC_A","SRR30947496",NA,4.56371844576413,9.38477775559316,9.38477775559316,9.38477775559316,"603-1115.5",0.486289453476321,0.513710546523679
"bambu","EDA","LUAD","SRR30947497",NA,0.850121702135864,9.38477775559316,9.38477775559316,9.38477775559316,"1115.5-2425.25",0.0905851714633526,0.909414828536647
"bambu","EDA","LUAD","SRR30947497",NA,8.50148462052682,9.38477775559316,9.38477775559316,9.38477775559316,"191-603",0.905880228805641,0.0941197711943592
"bambu","EDA","LUAD","SRR30947497",NA,2.24909557741031,9.38477775559316,9.38477775559316,9.38477775559316,"2425.25-12059",0.239653579017349,0.760346420982651
"bambu","EDA","LUAD","SRR30947497",NA,4.66254066833297,9.38477775559316,9.38477775559316,9.38477775559316,"603-1115.5",0.496819508118259,0.503180491881742
"bambu","EDA","LUAD","SRR30947498",NA,0.796806484032822,9.38477775559316,9.38477775559316,9.38477775559316,"1115.5-2425.25",0.0849041399577032,0.915095860042297
"bambu","EDA","LUAD","SRR30947498",NA,8.42195616414979,9.38477775559316,9.38477775559316,9.38477775559316,"191-603",0.897406031712414,0.102593968287586
"bambu","EDA","LUAD","SRR30947498",NA,2.24304073262903,9.38477775559316,9.38477775559316,9.38477775559316,"2425.25-12059",0.23900840180176,0.76099159819824
"bambu","EDA","LUAD","SRR30947498",NA,4.24700351642741,9.38477775559316,9.38477775559316,9.38477775559316,"603-1115.5",0.452541725231189,0.547458274768811
"bambu","EDA","LUAD","SRR30947499",NA,0.741964272211264,9.38477775559316,9.38477775559316,9.38477775559316,"1115.5-2425.25",0.0790603988218119,0.920939601178188
"bambu","EDA","LUAD","SRR30947499",NA,8.41806683239923,9.38477775559316,9.38477775559316,9.38477775559316,"191-603",0.896991601892992,0.103008398107008
"bambu","EDA","LUAD","SRR30947499",NA,2.28471589184444,9.38477775559316,9.38477775559316,9.38477775559316,"2425.25-12059",0.243449120623319,0.756550879376681
"bambu","EDA","LUAD","SRR30947499",NA,4.30466952442183,9.38477775559316,9.38477775559316,9.38477775559316,"603-1115.5",0.458686357474617,0.541313642525383
"bambu","EDA","SCLC_A","SRR30947491",NA,0.827887327595874,9.38477775559316,9.38477775559316,9.38477775559316,"1115.5-2425.25",0.0882159758234517,0.911784024176548
"bambu","EDA","SCLC_A","SRR30947491",NA,8.49143508700135,9.38477775559316,9.38477775559316,9.38477775559316,"191-603",0.904809395399972,0.0951906046000276
"bambu","EDA","SCLC_A","SRR30947491",NA,2.26111072526654,9.38477775559316,9.38477775559316,9.38477775559316,"2425.25-12059",0.240933859506578,0.759066140493422
"bambu","EDA","SCLC_A","SRR30947491",NA,4.47038228527321,9.38477775559316,9.38477775559316,9.38477775559316,"603-1115.5",0.476343969105602,0.523656030894398
"bambu","EDA","SCLC_A","SRR30947494",NA,0.93667426816287,9.38477775559316,9.38477775559316,9.38477775559316,"1115.5-2425.25",0.0998078263073016,0.900192173692698
"bambu","EDA","SCLC_A","SRR30947494",NA,8.46353066164381,9.38477775559316,9.38477775559316,9.38477775559316,"191-603",0.901836024470553,0.098163975529447
"bambu","EDA","SCLC_A","SRR30947494",NA,2.30170066973664,9.38477775559316,9.38477775559316,9.38477775559316,"2425.25-12059",0.245258942692049,0.754741057307951
"bambu","EDA","SCLC_A","SRR30947494",NA,4.31028716093067,9.38477775559316,9.38477775559316,9.38477775559316,"603-1115.5",0.459284947729509,0.540715052270491
"bambu","EDA","SCLC_A","SRR30947496",NA,0.885219937827085,9.38477775559316,9.38477775559316,9.38477775559316,"1115.5-2425.25",0.0943250826903717,0.905674917309628
"bambu","EDA","SCLC_A","SRR30947496",NA,8.48770246271458,9.38477775559316,9.38477775559316,9.38477775559316,"191-603",0.904411663627949,0.0955883363720509
"bambu","EDA","SCLC_A","SRR30947496",NA,2.27018866028053,9.38477775559316,9.38477775559316,9.38477775559316,"2425.25-12059",0.241901163714563,0.758098836285437
"bambu","EDA","SCLC_A","SRR30947496",NA,4.49616784245559,9.38477775559316,9.38477775559316,9.38477775559316,"603-1115.5",0.47909156290632,0.52090843709368
"bambu","TPM","LUAD","SRR30947497",NA,1.01766326884525,9.38477775559316,9.38477775559316,9.38477775559316,"1115.5-2425.25",0.108437652478104,0.891562347521896
"bambu","TPM","LUAD","SRR30947497",NA,8.38889882575686,9.38477775559316,9.38477775559316,9.38477775559316,"191-603",0.893883589385719,0.106116410614281
"bambu","TPM","LUAD","SRR30947497",NA,2.63616531661249,9.38477775559316,9.38477775559316,9.38477775559316,"2425.25-12059",0.280898001558042,0.719101998441958
"bambu","TPM","LUAD","SRR30947497",NA,4.31519098288543,9.38477775559316,9.38477775559316,9.38477775559316,"603-1115.5",0.459807477093814,0.540192522906186
"bambu","TPM","LUAD","SRR30947498",NA,0.903547069106774,9.38477775559316,9.38477775559316,9.38477775559316,"1115.5-2425.25",0.096277939940376,0.903722060059624
"bambu","TPM","LUAD","SRR30947498",NA,8.29081518608271,9.38477775559316,9.38477775559316,9.38477775559316,"191-603",0.883432234838117,0.116567765161883
"bambu","TPM","LUAD","SRR30947498",NA,2.68465613895722,9.38477775559316,9.38477775559316,9.38477775559316,"2425.25-12059",0.286064967000121,0.713935032999879
"bambu","TPM","LUAD","SRR30947498",NA,3.91018669250147,9.38477775559316,9.38477775559316,9.38477775559316,"603-1115.5",0.416652028884869,0.583347971115131
"bambu","TPM","LUAD","SRR30947499",NA,0.853967945114143,9.38477775559316,9.38477775559316,9.38477775559316,"1115.5-2425.25",0.0909950099356581,0.909004990064342
"bambu","TPM","LUAD","SRR30947499",NA,8.28619428383331,9.38477775559316,9.38477775559316,9.38477775559316,"191-603",0.88293985213394,0.11706014786606
"bambu","TPM","LUAD","SRR30947499",NA,2.66707621336682,9.38477775559316,9.38477775559316,9.38477775559316,"2425.25-12059",0.28419172865093,0.71580827134907
"bambu","TPM","LUAD","SRR30947499",NA,3.95167612279745,9.38477775559316,9.38477775559316,9.38477775559316,"603-1115.5",0.421072957262342,0.578927042737658
"bambu","TPM","SCLC_A","SRR30947491",NA,0.986604748355205,9.38477775559316,9.38477775559316,9.38477775559316,"1115.5-2425.25",0.105128195259308,0.894871804740692
"bambu","TPM","SCLC_A","SRR30947491",NA,8.38233420727709,9.38477775559316,9.38477775559316,9.38477775559316,"191-603",0.893184092961751,0.106815907038249
"bambu","TPM","SCLC_A","SRR30947491",NA,2.59718201993994,9.38477775559316,9.38477775559316,9.38477775559316,"2425.25-12059",0.276744115585696,0.723255884414304
"bambu","TPM","SCLC_A","SRR30947491",NA,4.15100521268749,9.38477775559316,9.38477775559316,9.38477775559316,"603-1115.5",0.442312574766469,0.557687425233531
"bambu","TPM","SCLC_A","SRR30947494",NA,1.0102273371608,9.38477775559316,9.38477775559316,9.38477775559316,"1115.5-2425.25",0.107645312810815,0.892354687189185
"bambu","TPM","SCLC_A","SRR30947494",NA,8.34903297901496,9.38477775559316,9.38477775559316,9.38477775559316,"191-603",0.889635662819941,0.110364337180059
"bambu","TPM","SCLC_A","SRR30947494",NA,2.56482366495342,9.38477775559316,9.38477775559316,9.38477775559316,"2425.25-12059",0.273296153808739,0.726703846191261
"bambu","TPM","SCLC_A","SRR30947494",NA,4.00229006034714,9.38477775559316,9.38477775559316,9.38477775559316,"603-1115.5",0.426466152377646,0.573533847622354
"bambu","TPM","SCLC_A","SRR30947496",NA,0.993461044726535,9.38477775559316,9.38477775559316,9.38477775559316,"1115.5-2425.25",0.105858771576604,0.894141228423395
"bambu","TPM","SCLC_A","SRR30947496",NA,8.3691947981137,9.38477775559316,9.38477775559316,9.38477775559316,"191-603",0.891784016209208,0.108215983790792
"bambu","TPM","SCLC_A","SRR30947496",NA,2.58002739692254,9.38477775559316,9.38477775559316,9.38477775559316,"2425.25-12059",0.274916195579047,0.725083804420953
"bambu","TPM","SCLC_A","SRR30947496",NA,4.15451416089435,9.38477775559316,9.38477775559316,9.38477775559316,"603-1115.5",0.442686472614478,0.557313527385523
"bambu","cqn","LUAD","SRR30947497",NA,0.786354776604519,9.38477775559316,9.38477775559316,9.38477775559316,"1115.5-2425.25",0.0837904526972805,0.916209547302719
"bambu","cqn","LUAD","SRR30947497",NA,8.40115680379855,9.38477775559316,9.38477775559316,9.38477775559316,"191-603",0.895189744774895,0.104810255225105
"bambu","cqn","LUAD","SRR30947497",NA,2.25922613492935,9.38477775559316,9.38477775559316,9.38477775559316,"2425.25-12059",0.240733045977875,0.759266954022125
"bambu","cqn","LUAD","SRR30947497",NA,4.31942576030677,9.38477775559316,9.38477775559316,9.38477775559316,"603-1115.5",0.460258716060961,0.539741283939039
"bambu","cqn","LUAD","SRR30947498",NA,1.00799085145751,9.38477775559316,9.38477775559316,9.38477775559316,"1115.5-2425.25",0.107407002883661,0.892592997116339
"bambu","cqn","LUAD","SRR30947498",NA,8.44427940834051,9.38477775559316,9.38477775559316,9.38477775559316,"191-603",0.899784696905356,0.100215303094644
"bambu","cqn","LUAD","SRR30947498",NA,2.40496086113558,9.38477775559316,9.38477775559316,9.38477775559316,"2425.25-12059",0.256261887470086,0.743738112529914
"bambu","cqn","LUAD","SRR30947498",NA,4.43791191453995,9.38477775559316,9.38477775559316,9.38477775559316,"603-1115.5",0.472884071430998,0.527115928569002
"bambu","cqn","LUAD","SRR30947499",NA,0.854852182000284,9.38477775559316,9.38477775559316,9.38477775559316,"1115.5-2425.25",0.0910892302687517,0.908910769731248
"bambu","cqn","LUAD","SRR30947499",NA,8.37039820467039,9.38477775559316,9.38477775559316,9.38477775559316,"191-603",0.891912245836805,0.108087754163195
"bambu","cqn","LUAD","SRR30947499",NA,2.33077994315716,9.38477775559316,9.38477775559316,9.38477775559316,"2425.25-12059",0.248357500183535,0.751642499816465
"bambu","cqn","LUAD","SRR30947499",NA,4.20607945708958,9.38477775559316,9.38477775559316,9.38477775559316,"603-1115.5",0.448181040257755,0.551818959742245
"bambu","cqn","SCLC_A","SRR30947491",NA,0.817290046276069,9.38477775559316,9.38477775559316,9.38477775559316,"1115.5-2425.25",0.0870867768593645,0.912913223140635
"bambu","cqn","SCLC_A","SRR30947491",NA,8.32724928915672,9.38477775559316,9.38477775559316,9.38477775559316,"191-603",0.887314490126719,0.112685509873281
"bambu","cqn","SCLC_A","SRR30947491",NA,2.26620534511699,9.38477775559316,9.38477775559316,9.38477775559316,"2425.25-12059",0.241476719442437,0.758523280557563
"bambu","cqn","SCLC_A","SRR30947491",NA,4.03889920415193,9.38477775559316,9.38477775559316,9.38477775559316,"603-1115.5",0.430367059224692,0.569632940775308
"bambu","cqn","SCLC_A","SRR30947494",NA,0.736225643612203,9.38477775559316,9.38477775559316,9.38477775559316,"1115.5-2425.25",0.0784489161902023,0.921551083809798
"bambu","cqn","SCLC_A","SRR30947494",NA,8.36632601338968,9.38477775559316,9.38477775559316,9.38477775559316,"191-603",0.891478331322604,0.108521668677396
"bambu","cqn","SCLC_A","SRR30947494",NA,2.21036369811,9.38477775559316,9.38477775559316,9.38477775559316,"2425.25-12059",0.235526482957219,0.764473517042781
"bambu","cqn","SCLC_A","SRR30947494",NA,4.03662317037985,9.38477775559316,9.38477775559316,9.38477775559316,"603-1115.5",0.430124535231971,0.569875464768029
"bambu","cqn","SCLC_A","SRR30947496",NA,0.667160913568311,9.38477775559316,9.38477775559316,9.38477775559316,"1115.5-2425.25",0.0710896870382141,0.928910312961786
"bambu","cqn","SCLC_A","SRR30947496",NA,8.25772118283491,9.38477775559316,9.38477775559316,9.38477775559316,"191-603",0.879905885668252,0.120094114331748
"bambu","cqn","SCLC_A","SRR30947496",NA,2.15863614636421,9.38477775559316,9.38477775559316,9.38477775559316,"2425.25-12059",0.230014626087198,0.769985373912802
"bambu","cqn","SCLC_A","SRR30947496",NA,3.82554409621925,9.38477775559316,9.38477775559316,9.38477775559316,"603-1115.5",0.407632891885937,0.592367108114063
"bambu","ratio_counts","LUAD","SRR30947497",NA,0.591261427153924,9.38477775559316,9.38477775559316,9.38477775559316,"1115.5-2425.25",0.0630021767752084,0.936997823224792
"bambu","ratio_counts","LUAD","SRR30947497",NA,8.23390746022894,9.38477775559316,9.38477775559316,9.38477775559316,"191-603",0.877368401752687,0.122631598247313
"bambu","ratio_counts","LUAD","SRR30947497",NA,2.09203507689398,9.38477775559316,9.38477775559316,9.38477775559316,"2425.25-12059",0.222917913601861,0.777082086398139
"bambu","ratio_counts","LUAD","SRR30947497",NA,3.72587688228392,9.38477775559316,9.38477775559316,9.38477775559316,"603-1115.5",0.397012798738187,0.602987201261813
"bambu","ratio_counts","LUAD","SRR30947498",NA,0.328242041952829,9.38477775559316,9.38477775559316,9.38477775559316,"1115.5-2425.25",0.0349760058790101,0.96502399412099
"bambu","ratio_counts","LUAD","SRR30947498",NA,8.20107908095847,9.38477775559316,9.38477775559316,9.38477775559316,"191-603",0.873870356287423,0.126129643712577
"bambu","ratio_counts","LUAD","SRR30947498",NA,2.05461782903367,9.38477775559316,9.38477775559316,9.38477775559316,"2425.25-12059",0.218930898796102,0.781069101203898
"bambu","ratio_counts","LUAD","SRR30947498",NA,3.61333260293115,9.38477775559316,9.38477775559316,9.38477775559316,"603-1115.5",0.38502058301569,0.61497941698431
"bambu","ratio_counts","LUAD","SRR30947499",NA,0.213736777459296,9.38477775559316,9.38477775559316,9.38477775559316,"1115.5-2425.25",0.0227748363387628,0.977225163661237
"bambu","ratio_counts","LUAD","SRR30947499",NA,8.20120736725869,9.38477775559316,9.38477775559316,9.38477775559316,"191-603",0.873884025902576,0.126115974097424
"bambu","ratio_counts","LUAD","SRR30947499",NA,2.06222251824895,9.38477775559316,9.38477775559316,9.38477775559316,"2425.25-12059",0.219741220512111,0.780258779487889
"bambu","ratio_counts","LUAD","SRR30947499",NA,3.63417937423566,9.38477775559316,9.38477775559316,9.38477775559316,"603-1115.5",0.387241921852626,0.612758078147374
"bambu","ratio_counts","SCLC_A","SRR30947491",NA,0.536408732154281,9.38477775559316,9.38477775559316,9.38477775559316,"1115.5-2425.25",0.057157318598684,0.942842681401316
"bambu","ratio_counts","SCLC_A","SRR30947491",NA,8.23456774123196,9.38477775559316,9.38477775559316,9.38477775559316,"191-603",0.877438758347187,0.122561241652813
"bambu","ratio_counts","SCLC_A","SRR30947491",NA,2.10153782903094,9.38477775559316,9.38477775559316,9.38477775559316,"2425.25-12059",0.223930484425,0.776069515575
"bambu","ratio_counts","SCLC_A","SRR30947491",NA,3.64183625958073,9.38477775559316,9.38477775559316,9.38477775559316,"603-1115.5",0.388057805355088,0.611942194644912
"bambu","ratio_counts","SCLC_A","SRR30947494",NA,0.388872770933305,9.38477775559316,9.38477775559316,9.38477775559316,"1115.5-2425.25",0.0414365455486193,0.958563454451381
"bambu","ratio_counts","SCLC_A","SRR30947494",NA,8.22606508435341,9.38477775559316,9.38477775559316,9.38477775559316,"191-603",0.876532753207802,0.123467246792198
"bambu","ratio_counts","SCLC_A","SRR30947494",NA,2.11363786922998,9.38477775559316,9.38477775559316,9.38477775559316,"2425.25-12059",0.225219810663102,0.774780189336898
"bambu","ratio_counts","SCLC_A","SRR30947494",NA,3.60427125283739,9.38477775559316,9.38477775559316,9.38477775559316,"603-1115.5",0.384055046022726,0.615944953977274
"bambu","ratio_counts","SCLC_A","SRR30947496",NA,0.454490284574255,9.38477775559316,9.38477775559316,9.38477775559316,"1115.5-2425.25",0.0484284547178954,0.951571545282105
"bambu","ratio_counts","SCLC_A","SRR30947496",NA,8.23181820928231,9.38477775559316,9.38477775559316,9.38477775559316,"191-603",0.877145780503571,0.122854219496429
"bambu","ratio_counts","SCLC_A","SRR30947496",NA,2.10451494796448,9.38477775559316,9.38477775559316,9.38477775559316,"2425.25-12059",0.22424771292109,0.77575228707891
"bambu","ratio_counts","SCLC_A","SRR30947496",NA,3.65353742268917,9.38477775559316,9.38477775559316,9.38477775559316,"603-1115.5",0.389304629032022,0.610695370967978
"flair","CPM","LUAD","SRR30947497",NA,1.01103360371464,9.38477775559316,9.38477775559316,9.38477775559316,"1115.5-2425.25",0.107731224973557,0.892268775026443
"flair","CPM","LUAD","SRR30947497",NA,8.50963813706492,9.38477775559316,9.38477775559316,9.38477775559316,"191-603",0.906749031109802,0.0932509688901978
"flair","CPM","LUAD","SRR30947497",NA,6.81289612105007,9.38477775559316,9.38477775559316,9.38477775559316,"2425.25-12059",0.725951780476603,0.274048219523397
"flair","CPM","LUAD","SRR30947497",NA,4.64805416164178,9.38477775559316,9.38477775559316,9.38477775559316,"603-1115.5",0.49527589067004,0.50472410932996
"flair","CPM","LUAD","SRR30947498",NA,0.913656467535649,9.38477775559316,9.38477775559316,9.38477775559316,"1115.5-2425.25",0.097355152282762,0.902644847717238
"flair","CPM","LUAD","SRR30947498",NA,8.36919349527416,9.38477775559316,9.38477775559316,9.38477775559316,"191-603",0.891783877384446,0.108216122615554
"flair","CPM","LUAD","SRR30947498",NA,6.80768754087754,9.38477775559316,9.38477775559316,9.38477775559316,"2425.25-12059",0.725396777437834,0.274603222562166
"flair","CPM","LUAD","SRR30947498",NA,4.09138732750112,9.38477775559316,9.38477775559316,9.38477775559316,"603-1115.5",0.435959959207635,0.564040040792365
"flair","CPM","LUAD","SRR30947499",NA,0.86575393704348,9.38477775559316,9.38477775559316,9.38477775559316,"1115.5-2425.25",0.0922508725928545,0.907749127407145
"flair","CPM","LUAD","SRR30947499",NA,8.35727284951725,9.38477775559316,9.38477775559316,9.38477775559316,"191-603",0.890513666616822,0.109486333383178
"flair","CPM","LUAD","SRR30947499",NA,6.80948341715285,9.38477775559316,9.38477775559316,9.38477775559316,"2425.25-12059",0.725588137992349,0.274411862007651
"flair","CPM","LUAD","SRR30947499",NA,4.1187218715299,9.38477775559316,9.38477775559316,9.38477775559316,"603-1115.5",0.438872606128069,0.561127393871931
"flair","CPM","SCLC_A","SRR30947491",NA,0.980643747709008,9.38477775559316,9.38477775559316,9.38477775559316,"1115.5-2425.25",0.104493017655593,0.895506982344407
"flair","CPM","SCLC_A","SRR30947491",NA,8.4935454901072,9.38477775559316,9.38477775559316,9.38477775559316,"191-603",0.905034270528697,0.0949657294713027
"flair","CPM","SCLC_A","SRR30947491",NA,6.49578330127106,9.38477775559316,9.38477775559316,9.38477775559316,"2425.25-12059",0.69216165480314,0.30783834519686
"flair","CPM","SCLC_A","SRR30947491",NA,4.44384958231033,9.38477775559316,9.38477775559316,9.38477775559316,"603-1115.5",0.473516762787683,0.526483237212317
"flair","CPM","SCLC_A","SRR30947494",NA,0.942712593182113,9.38477775559316,9.38477775559316,9.38477775559316,"1115.5-2425.25",0.100451243250835,0.899548756749165
"flair","CPM","SCLC_A","SRR30947494",NA,8.4483169767597,9.38477775559316,9.38477775559316,9.38477775559316,"191-603",0.900214922162078,0.0997850778379218
"flair","CPM","SCLC_A","SRR30947494",NA,6.49485804020429,9.38477775559316,9.38477775559316,9.38477775559316,"2425.25-12059",0.692063063116596,0.307936936883404
"flair","CPM","SCLC_A","SRR30947494",NA,4.23613494575283,9.38477775559316,9.38477775559316,9.38477775559316,"603-1115.5",0.451383618885185,0.548616381114815
"flair","CPM","SCLC_A","SRR30947496",NA,0.98142068147886,9.38477775559316,9.38477775559316,9.38477775559316,"1115.5-2425.25",0.10457580424789,0.89542419575211
"flair","CPM","SCLC_A","SRR30947496",NA,8.47875901795508,9.38477775559316,9.38477775559316,9.38477775559316,"191-603",0.903458690100775,0.096541309899225
"flair","CPM","SCLC_A","SRR30947496",NA,6.49274478899016,9.38477775559316,9.38477775559316,9.38477775559316,"2425.25-12059",0.691837884506173,0.308162115493827
"flair","CPM","SCLC_A","SRR30947496",NA,4.44432467931552,9.38477775559316,9.38477775559316,9.38477775559316,"603-1115.5",0.473567387002509,0.526432612997491
"flair","EDA","LUAD","SRR30947497",NA,1.05713825437722,9.38477775559316,9.38477775559316,9.38477775559316,"1115.5-2425.25",0.112643930619155,0.887356069380845
"flair","EDA","LUAD","SRR30947497",NA,8.44709912222374,9.38477775559316,9.38477775559316,9.38477775559316,"191-603",0.900085153022343,0.0999148469776574
"flair","EDA","LUAD","SRR30947497",NA,6.80945405031208,9.38477775559316,9.38477775559316,9.38477775559316,"2425.25-12059",0.725585008792965,0.274414991207035
"flair","EDA","LUAD","SRR30947497",NA,4.45242212102045,9.38477775559316,9.38477775559316,9.38477775559316,"603-1115.5",0.474430214222909,0.525569785777091
"flair","EDA","LUAD","SRR30947498",NA,0.942721276766426,9.38477775559316,9.38477775559316,9.38477775559316,"1115.5-2425.25",0.100452168534794,0.899547831465206
"flair","EDA","LUAD","SRR30947498",NA,8.35413789232549,9.38477775559316,9.38477775559316,9.38477775559316,"191-603",0.89017961958093,0.10982038041907
"flair","EDA","LUAD","SRR30947498",NA,6.80671314557521,9.38477775559316,9.38477775559316,9.38477775559316,"2425.25-12059",0.725292950226608,0.274707049773392
"flair","EDA","LUAD","SRR30947498",NA,4.05081345499746,9.38477775559316,9.38477775559316,9.38477775559316,"603-1115.5",0.431636588579122,0.568363411420878
"flair","EDA","LUAD","SRR30947499",NA,0.889606040065791,9.38477775559316,9.38477775559316,9.38477775559316,"1115.5-2425.25",0.0947924461541566,0.905207553845843
"flair","EDA","LUAD","SRR30947499",NA,8.34276152255628,9.38477775559316,9.38477775559316,9.38477775559316,"191-603",0.888967404431516,0.111032595568484
"flair","EDA","LUAD","SRR30947499",NA,6.80841768607607,9.38477775559316,9.38477775559316,9.38477775559316,"2425.25-12059",0.725474578448954,0.274525421551046
"flair","EDA","LUAD","SRR30947499",NA,4.07820086196863,9.38477775559316,9.38477775559316,9.38477775559316,"603-1115.5",0.434554868338582,0.565445131661418
"flair","EDA","SCLC_A","SRR30947491",NA,1.01829217214958,9.38477775559316,9.38477775559316,9.38477775559316,"1115.5-2425.25",0.108504665605181,0.891495334394819
"flair","EDA","SCLC_A","SRR30947491",NA,8.4396744131116,9.38477775559316,9.38477775559316,9.38477775559316,"191-603",0.899294009182232,0.100705990817768
"flair","EDA","SCLC_A","SRR30947491",NA,6.49506068679144,9.38477775559316,9.38477775559316,9.38477775559316,"2425.25-12059",0.69208465623179,0.30791534376821
"flair","EDA","SCLC_A","SRR30947491",NA,4.27910125590806,9.38477775559316,9.38477775559316,9.38477775559316,"603-1115.5",0.455961916983893,0.544038083016107
"flair","EDA","SCLC_A","SRR30947494",NA,0.96677072236231,9.38477775559316,9.38477775559316,9.38477775559316,"1115.5-2425.25",0.103014770039294,0.896985229960706
"flair","EDA","SCLC_A","SRR30947494",NA,8.4175768240004,9.38477775559316,9.38477775559316,9.38477775559316,"191-603",0.896939388786663,0.103060611213337
"flair","EDA","SCLC_A","SRR30947494",NA,6.4928311844353,9.38477775559316,9.38477775559316,9.38477775559316,"2425.25-12059",0.691847090418917,0.308152909581083
"flair","EDA","SCLC_A","SRR30947494",NA,4.14544615021472,9.38477775559316,9.38477775559316,9.38477775559316,"603-1115.5",0.441720225899234,0.558279774100766
"flair","EDA","SCLC_A","SRR30947496",NA,1.00193932739,9.38477775559316,9.38477775559316,9.38477775559316,"1115.5-2425.25",0.106762179508499,0.893237820491501
"flair","EDA","SCLC_A","SRR30947496",NA,8.43573245566089,9.38477775559316,9.38477775559316,9.38477775559316,"191-603",0.898873971803259,0.101126028196741
"flair","EDA","SCLC_A","SRR30947496",NA,6.49169737836455,9.38477775559316,9.38477775559316,9.38477775559316,"2425.25-12059",0.691726277108227,0.308273722891773
"flair","EDA","SCLC_A","SRR30947496",NA,4.31702450959735,9.38477775559316,9.38477775559316,9.38477775559316,"603-1115.5",0.460002849510685,0.539997150489315
"flair","TPM","LUAD","SRR30947497",NA,1.05295101855438,9.38477775559316,9.38477775559316,9.38477775559316,"1115.5-2425.25",0.112197757472396,0.887802242527604
"flair","TPM","LUAD","SRR30947497",NA,8.37759076415913,9.38477775559316,9.38477775559316,9.38477775559316,"191-603",0.892678652849956,0.107321347150044
"flair","TPM","LUAD","SRR30947497",NA,6.8122628852088,9.38477775559316,9.38477775559316,9.38477775559316,"2425.25-12059",0.725884305693741,0.274115694306259
"flair","TPM","LUAD","SRR30947497",NA,4.2817917439857,9.38477775559316,9.38477775559316,9.38477775559316,"603-1115.5",0.456248603376231,0.543751396623769
"flair","TPM","LUAD","SRR30947498",NA,0.906403571902867,9.38477775559316,9.38477775559316,9.38477775559316,"1115.5-2425.25",0.0965823161195977,0.903417683880402
"flair","TPM","LUAD","SRR30947498",NA,8.28198031989762,9.38477775559316,9.38477775559316,9.38477775559316,"191-603",0.882490830958859,0.117509169041141
"flair","TPM","LUAD","SRR30947498",NA,6.81649746355784,9.38477775559316,9.38477775559316,9.38477775559316,"2425.25-12059",0.726335523448633,0.273664476551367
"flair","TPM","LUAD","SRR30947498",NA,3.89671129647732,9.38477775559316,9.38477775559316,9.38477775559316,"603-1115.5",0.415216150873147,0.584783849126853
"flair","TPM","LUAD","SRR30947499",NA,0.854671409284267,9.38477775559316,9.38477775559316,9.38477775559316,"1115.5-2425.25",0.0910699679355645,0.908930032064436
"flair","TPM","LUAD","SRR30947499",NA,8.27569614053984,9.38477775559316,9.38477775559316,9.38477775559316,"191-603",0.881821216875133,0.118178783124867
"flair","TPM","LUAD","SRR30947499",NA,6.81932101335196,9.38477775559316,9.38477775559316,9.38477775559316,"2425.25-12059",0.72663638830315,0.27336361169685
"flair","TPM","LUAD","SRR30947499",NA,3.93381815310612,9.38477775559316,9.38477775559316,9.38477775559316,"603-1115.5",0.419170091775656,0.580829908224344
"flair","TPM","SCLC_A","SRR30947491",NA,1.01497307528644,9.38477775559316,9.38477775559316,9.38477775559316,"1115.5-2425.25",0.108150997468378,0.891849002531622
"flair","TPM","SCLC_A","SRR30947491",NA,8.36539045798476,9.38477775559316,9.38477775559316,9.38477775559316,"191-603",0.891378642717366,0.108621357282634
"flair","TPM","SCLC_A","SRR30947491",NA,6.50313686307408,9.38477775559316,9.38477775559316,9.38477775559316,"2425.25-12059",0.692945217503774,0.307054782496226
"flair","TPM","SCLC_A","SRR30947491",NA,4.10453853350305,9.38477775559316,9.38477775559316,9.38477775559316,"603-1115.5",0.437361292978602,0.562638707021398
"flair","TPM","SCLC_A","SRR30947494",NA,0.951388008463012,9.38477775559316,9.38477775559316,9.38477775559316,"1115.5-2425.25",0.101375656753939,0.898624343246061
"flair","TPM","SCLC_A","SRR30947494",NA,8.3379899057943,9.38477775559316,9.38477775559316,9.38477775559316,"191-603",0.888458962262053,0.111541037737947
"flair","TPM","SCLC_A","SRR30947494",NA,6.50448509910007,9.38477775559316,9.38477775559316,9.38477775559316,"2425.25-12059",0.693088879512732,0.306911120487268
"flair","TPM","SCLC_A","SRR30947494",NA,3.97116384792657,9.38477775559316,9.38477775559316,9.38477775559316,"603-1115.5",0.423149482209083,0.576850517790917
"flair","TPM","SCLC_A","SRR30947496",NA,0.995710108693173,9.38477775559316,9.38477775559316,9.38477775559316,"1115.5-2425.25",0.106098421787319,0.893901578212681
"flair","TPM","SCLC_A","SRR30947496",NA,8.35785078717916,9.38477775559316,9.38477775559316,9.38477775559316,"191-603",0.890575249072684,0.109424750927316
"flair","TPM","SCLC_A","SRR30947496",NA,6.50404488615563,9.38477775559316,9.38477775559316,9.38477775559316,"2425.25-12059",0.693041972387608,0.306958027612392
"flair","TPM","SCLC_A","SRR30947496",NA,4.12480745804367,9.38477775559316,9.38477775559316,9.38477775559316,"603-1115.5",0.439521059045363,0.560478940954636
"flair","cqn","LUAD","SRR30947497",NA,1.24350986149838,9.38477775559316,9.38477775559316,9.38477775559316,"1115.5-2425.25",0.132502856634753,0.867497143365247
"flair","cqn","LUAD","SRR30947497",NA,8.47875931880234,9.38477775559316,9.38477775559316,9.38477775559316,"191-603",0.903458722157714,0.0965412778422857
"flair","cqn","LUAD","SRR30947497",NA,6.61638161424774,9.38477775559316,9.38477775559316,9.38477775559316,"2425.25-12059",0.705012072374809,0.294987927625191
"flair","cqn","LUAD","SRR30947497",NA,4.77967550796383,9.38477775559316,9.38477775559316,9.38477775559316,"603-1115.5",0.509300873439994,0.490699126560006
"flair","cqn","LUAD","SRR30947498",NA,1.41256707179578,9.38477775559316,9.38477775559316,9.38477775559316,"1115.5-2425.25",0.150516837860536,0.849483162139464
"flair","cqn","LUAD","SRR30947498",NA,8.49633453565838,9.38477775559316,9.38477775559316,9.38477775559316,"191-603",0.905331458765203,0.0946685412347971
"flair","cqn","LUAD","SRR30947498",NA,6.63708249551918,9.38477775559316,9.38477775559316,9.38477775559316,"2425.25-12059",0.707217865821446,0.292782134178554
"flair","cqn","LUAD","SRR30947498",NA,4.78139472974388,9.38477775559316,9.38477775559316,9.38477775559316,"603-1115.5",0.509484066033876,0.490515933966124
"flair","cqn","LUAD","SRR30947499",NA,1.40246503513223,9.38477775559316,9.38477775559316,9.38477775559316,"1115.5-2425.25",0.149440409954981,0.850559590045019
"flair","cqn","LUAD","SRR30947499",NA,8.46342290549923,9.38477775559316,9.38477775559316,9.38477775559316,"191-603",0.901824542457085,0.0981754575429153
"flair","cqn","LUAD","SRR30947499",NA,6.63342103366961,9.38477775559316,9.38477775559316,9.38477775559316,"2425.25-12059",0.706827716800881,0.293172283199119
"flair","cqn","LUAD","SRR30947499",NA,4.70524610055018,9.38477775559316,9.38477775559316,9.38477775559316,"603-1115.5",0.501370008229117,0.498629991770883
"flair","cqn","SCLC_A","SRR30947491",NA,0.827682856463157,9.38477775559316,9.38477775559316,9.38477775559316,"1115.5-2425.25",0.0881941882928312,0.911805811707169
"flair","cqn","SCLC_A","SRR30947491",NA,8.25060314632002,9.38477775559316,9.38477775559316,9.38477775559316,"191-603",0.879147419490334,0.120852580509666
"flair","cqn","SCLC_A","SRR30947491",NA,6.49639996171827,9.38477775559316,9.38477775559316,9.38477775559316,"2425.25-12059",0.692227363386046,0.307772636613954
"flair","cqn","SCLC_A","SRR30947491",NA,3.75282719727806,9.38477775559316,9.38477775559316,9.38477775559316,"603-1115.5",0.39988450392887,0.60011549607113
"flair","cqn","SCLC_A","SRR30947494",NA,0.767130741515988,9.38477775559316,9.38477775559316,9.38477775559316,"1115.5-2425.25",0.0817420253834772,0.918257974616523
"flair","cqn","SCLC_A","SRR30947494",NA,8.26027157264698,9.38477775559316,9.38477775559316,9.38477775559316,"191-603",0.880177643815167,0.119822356184833
"flair","cqn","SCLC_A","SRR30947494",NA,6.4982220611375,9.38477775559316,9.38477775559316,9.38477775559316,"2425.25-12059",0.69242151816165,0.30757848183835
"flair","cqn","SCLC_A","SRR30947494",NA,3.77049485760154,9.38477775559316,9.38477775559316,9.38477775559316,"603-1115.5",0.401767090899344,0.598232909100656
"flair","cqn","SCLC_A","SRR30947496",NA,0.776477622727809,9.38477775559316,9.38477775559316,9.38477775559316,"1115.5-2425.25",0.0827379872970398,0.91726201270296
"flair","cqn","SCLC_A","SRR30947496",NA,8.22322882676948,9.38477775559316,9.38477775559316,9.38477775559316,"191-603",0.876230534267962,0.123769465732038
"flair","cqn","SCLC_A","SRR30947496",NA,6.49396386276864,9.38477775559316,9.38477775559316,9.38477775559316,"2425.25-12059",0.691967783562946,0.308032216437054
"flair","cqn","SCLC_A","SRR30947496",NA,3.66118091296819,9.38477775559316,9.38477775559316,9.38477775559316,"603-1115.5",0.390119085216077,0.609880914783923
"flair","ratio_counts","LUAD","SRR30947497",NA,0.748216337834727,9.38477775559316,9.38477775559316,9.38477775559316,"1115.5-2425.25",0.0797265910094465,0.920273408990554
"flair","ratio_counts","LUAD","SRR30947497",NA,8.23088764907575,9.38477775559316,9.38477775559316,9.38477775559316,"191-603",0.877046624164359,0.122953375835641
"flair","ratio_counts","LUAD","SRR30947497",NA,6.81201153551021,9.38477775559316,9.38477775559316,9.38477775559316,"2425.25-12059",0.725857522992526,0.274142477007474
"flair","ratio_counts","LUAD","SRR30947497",NA,3.72358372875771,9.38477775559316,9.38477775559316,9.38477775559316,"603-1115.5",0.396768450540933,0.603231549459067
"flair","ratio_counts","LUAD","SRR30947498",NA,0.441458436915147,9.38477775559316,9.38477775559316,9.38477775559316,"1115.5-2425.25",0.0470398392388191,0.952960160761181
"flair","ratio_counts","LUAD","SRR30947498",NA,8.20022972600283,9.38477775559316,9.38477775559316,9.38477775559316,"191-603",0.873779852817042,0.126220147182958
"flair","ratio_counts","LUAD","SRR30947498",NA,6.79709211299572,9.38477775559316,9.38477775559316,9.38477775559316,"2425.25-12059",0.72426777596782,0.27573222403218
"flair","ratio_counts","LUAD","SRR30947498",NA,3.6336742632254,9.38477775559316,9.38477775559316,9.38477775559316,"603-1115.5",0.387188099479478,0.612811900520522
"flair","ratio_counts","LUAD","SRR30947499",NA,0.330968965926373,9.38477775559316,9.38477775559316,9.38477775559316,"1115.5-2425.25",0.0352665747176721,0.964733425282328
"flair","ratio_counts","LUAD","SRR30947499",NA,8.19972288322041,9.38477775559316,9.38477775559316,9.38477775559316,"191-603",0.873725845913988,0.126274154086012
"flair","ratio_counts","LUAD","SRR30947499",NA,6.79666980848722,9.38477775559316,9.38477775559316,9.38477775559316,"2425.25-12059",0.72422277708564,0.27577722291436
"flair","ratio_counts","LUAD","SRR30947499",NA,3.65981142014919,9.38477775559316,9.38477775559316,9.38477775559316,"603-1115.5",0.389973158178201,0.610026841821799
"flair","ratio_counts","SCLC_A","SRR30947491",NA,0.682346059411327,9.38477775559316,9.38477775559316,9.38477775559316,"1115.5-2425.25",0.0727077483539407,0.927292251646059
"flair","ratio_counts","SCLC_A","SRR30947491",NA,8.23097459285969,9.38477775559316,9.38477775559316,9.38477775559316,"191-603",0.877055888505636,0.122944111494364
"flair","ratio_counts","SCLC_A","SRR30947491",NA,6.50023147829564,9.38477775559316,9.38477775559316,9.38477775559316,"2425.25-12059",0.692635632678847,0.307364367321153
"flair","ratio_counts","SCLC_A","SRR30947491",NA,3.6381274901869,9.38477775559316,9.38477775559316,9.38477775559316,"603-1115.5",0.387662615453908,0.612337384546092
"flair","ratio_counts","SCLC_A","SRR30947494",NA,0.527916220020278,9.38477775559316,9.38477775559316,9.38477775559316,"1115.5-2425.25",0.0562523944379663,0.943747605562034
"flair","ratio_counts","SCLC_A","SRR30947494",NA,8.22385533253061,9.38477775559316,9.38477775559316,9.38477775559316,"191-603",0.876297291923545,0.123702708076455
"flair","ratio_counts","SCLC_A","SRR30947494",NA,6.49464121482895,9.38477775559316,9.38477775559316,9.38477775559316,"2425.25-12059",0.692039959173062,0.307960040826938
"flair","ratio_counts","SCLC_A","SRR30947494",NA,3.61523809765325,9.38477775559316,9.38477775559316,9.38477775559316,"603-1115.5",0.385223624022277,0.614776375977723
"flair","ratio_counts","SCLC_A","SRR30947496",NA,0.630354232101343,9.38477775559316,9.38477775559316,9.38477775559316,"1115.5-2425.25",0.0671677314602003,0.9328322685398
"flair","ratio_counts","SCLC_A","SRR30947496",NA,8.22984311836159,9.38477775559316,9.38477775559316,9.38477775559316,"191-603",0.876935323636914,0.123064676363086
"flair","ratio_counts","SCLC_A","SRR30947496",NA,6.49600752901704,9.38477775559316,9.38477775559316,9.38477775559316,"2425.25-12059",0.692185547510226,0.307814452489774
"flair","ratio_counts","SCLC_A","SRR30947496",NA,3.65929179570322,9.38477775559316,9.38477775559316,9.38477775559316,"603-1115.5",0.38991778931817,0.61008221068183
"isoquant","CPM","LUAD","SRR30947497",NA,2.28534411156316,9.38477775559316,9.38477775559316,9.38477775559316,"1115.5-2425.25",0.243516060910567,0.756483939089433
"isoquant","CPM","LUAD","SRR30947497",NA,8.68149138829548,9.38477775559316,9.38477775559316,9.38477775559316,"191-603",0.925060945968749,0.0749390540312509
"isoquant","CPM","LUAD","SRR30947497",NA,6.49170881990941,9.38477775559316,9.38477775559316,9.38477775559316,"2425.25-12059",0.691727496268142,0.308272503731858
"isoquant","CPM","LUAD","SRR30947497",NA,4.64405778808869,9.38477775559316,9.38477775559316,9.38477775559316,"603-1115.5",0.494850054954249,0.505149945045751
"isoquant","CPM","LUAD","SRR30947498",NA,2.24606326152924,9.38477775559316,9.38477775559316,9.38477775559316,"1115.5-2425.25",0.239330468981072,0.760669531018928
"isoquant","CPM","LUAD","SRR30947498",NA,8.58484424269348,9.38477775559316,9.38477775559316,9.38477775559316,"191-603",0.914762657813294,0.0852373421867061
"isoquant","CPM","LUAD","SRR30947498",NA,6.48572441115122,9.38477775559316,9.38477775559316,9.38477775559316,"2425.25-12059",0.691089824400567,0.308910175599433
"isoquant","CPM","LUAD","SRR30947498",NA,4.08756160820173,9.38477775559316,9.38477775559316,9.38477775559316,"603-1115.5",0.435552307646882,0.564447692353118
"isoquant","CPM","LUAD","SRR30947499",NA,2.23151011730542,9.38477775559316,9.38477775559316,9.38477775559316,"1115.5-2425.25",0.237779750935016,0.762220249064984
"isoquant","CPM","LUAD","SRR30947499",NA,8.58206109358091,9.38477775559316,9.38477775559316,9.38477775559316,"191-603",0.91446609787495,0.0855339021250499
"isoquant","CPM","LUAD","SRR30947499",NA,6.48495258709874,9.38477775559316,9.38477775559316,9.38477775559316,"2425.25-12059",0.69100758227693,0.30899241772307
"isoquant","CPM","LUAD","SRR30947499",NA,4.11929809365876,9.38477775559316,9.38477775559316,9.38477775559316,"603-1115.5",0.438934005784392,0.561065994215608
"isoquant","CPM","SCLC_A","SRR30947491",NA,2.27913745972775,9.38477775559316,9.38477775559316,9.38477775559316,"1115.5-2425.25",0.242854707813344,0.757145292186656
"isoquant","CPM","SCLC_A","SRR30947491",NA,8.6970910348981,9.38477775559316,9.38477775559316,9.38477775559316,"191-603",0.926723174634028,0.073276825365972
"isoquant","CPM","SCLC_A","SRR30947491",NA,6.49308989516989,9.38477775559316,9.38477775559316,9.38477775559316,"2425.25-12059",0.691874657479248,0.308125342520752
"isoquant","CPM","SCLC_A","SRR30947491",NA,4.44580139047788,9.38477775559316,9.38477775559316,9.38477775559316,"603-1115.5",0.473724738748157,0.526275261251843
"isoquant","CPM","SCLC_A","SRR30947494",NA,2.26583506864781,9.38477775559316,9.38477775559316,9.38477775559316,"1115.5-2425.25",0.241437264435741,0.758562735564259
"isoquant","CPM","SCLC_A","SRR30947494",NA,8.66242733707256,9.38477775559316,9.38477775559316,9.38477775559316,"191-603",0.923029565821088,0.0769704341789119
"isoquant","CPM","SCLC_A","SRR30947494",NA,6.48958089879588,9.38477775559316,9.38477775559316,9.38477775559316,"2425.25-12059",0.691500754498764,0.308499245501236
"isoquant","CPM","SCLC_A","SRR30947494",NA,4.22528095840065,9.38477775559316,9.38477775559316,9.38477775559316,"603-1115.5",0.450227066472881,0.54977293352712
"isoquant","CPM","SCLC_A","SRR30947496",NA,2.27885238009597,9.38477775559316,9.38477775559316,9.38477775559316,"1115.5-2425.25",0.242824331001106,0.757175668998894
"isoquant","CPM","SCLC_A","SRR30947496",NA,8.68440307710238,9.38477775559316,9.38477775559316,9.38477775559316,"191-603",0.925371202522791,0.0746287974772085
"isoquant","CPM","SCLC_A","SRR30947496",NA,6.48863875830696,9.38477775559316,9.38477775559316,9.38477775559316,"2425.25-12059",0.691400364216387,0.308599635783613
"isoquant","CPM","SCLC_A","SRR30947496",NA,4.42416582001677,9.38477775559316,9.38477775559316,9.38477775559316,"603-1115.5",0.471419348996309,0.528580651003691
"isoquant","EDA","LUAD","SRR30947497",NA,2.26428561943813,9.38477775559316,9.38477775559316,9.38477775559316,"1115.5-2425.25",0.24127216204866,0.75872783795134
"isoquant","EDA","LUAD","SRR30947497",NA,8.6571534238367,9.38477775559316,9.38477775559316,9.38477775559316,"191-603",0.922467601182904,0.0775323988170962
"isoquant","EDA","LUAD","SRR30947497",NA,6.4998419191346,9.38477775559316,9.38477775559316,9.38477775559316,"2425.25-12059",0.692594122994635,0.307405877005365
"isoquant","EDA","LUAD","SRR30947497",NA,4.59072444957529,9.38477775559316,9.38477775559316,9.38477775559316,"603-1115.5",0.489167092618607,0.510832907381393
"isoquant","EDA","LUAD","SRR30947498",NA,2.24487965240299,9.38477775559316,9.38477775559316,9.38477775559316,"1115.5-2425.25",0.239204348879235,0.760795651120765
"isoquant","EDA","LUAD","SRR30947498",NA,8.65490910403698,9.38477775559316,9.38477775559316,9.38477775559316,"191-603",0.922228456489426,0.0777715435105737
"isoquant","EDA","LUAD","SRR30947498",NA,6.49834280587473,9.38477775559316,9.38477775559316,9.38477775559316,"2425.25-12059",0.692434384181536,0.307565615818464
"isoquant","EDA","LUAD","SRR30947498",NA,4.30814383959272,9.38477775559316,9.38477775559316,9.38477775559316,"603-1115.5",0.459056564981003,0.540943435018997
"isoquant","EDA","LUAD","SRR30947499",NA,2.22657948878916,9.38477775559316,9.38477775559316,9.38477775559316,"1115.5-2425.25",0.237254365183252,0.762745634816748
"isoquant","EDA","LUAD","SRR30947499",NA,8.6637589156248,9.38477775559316,9.38477775559316,9.38477775559316,"191-603",0.923171452884045,0.0768285471159552
"isoquant","EDA","LUAD","SRR30947499",NA,6.50468750560577,9.38477775559316,9.38477775559316,9.38477775559316,"2425.25-12059",0.69311044704592,0.30688955295408
"isoquant","EDA","LUAD","SRR30947499",NA,4.37966915333445,9.38477775559316,9.38477775559316,9.38477775559316,"603-1115.5",0.466677982941498,0.533322017058502
"isoquant","EDA","SCLC_A","SRR30947491",NA,2.25523749723876,9.38477775559316,9.38477775559316,9.38477775559316,"1115.5-2425.25",0.24030803456104,0.75969196543896
"isoquant","EDA","SCLC_A","SRR30947491",NA,8.67145703404563,9.38477775559316,9.38477775559316,9.38477775559316,"191-603",0.923991729998891,0.0760082700011087
"isoquant","EDA","SCLC_A","SRR30947491",NA,6.50316702524634,9.38477775559316,9.38477775559316,9.38477775559316,"2425.25-12059",0.692948431450129,0.307051568549871
"isoquant","EDA","SCLC_A","SRR30947491",NA,4.40691859709347,9.38477775559316,9.38477775559316,9.38477775559316,"603-1115.5",0.46958156195729,0.53041843804271
"isoquant","EDA","SCLC_A","SRR30947494",NA,2.26823517616256,9.38477775559316,9.38477775559316,9.38477775559316,"1115.5-2425.25",0.241693009172299,0.758306990827701
"isoquant","EDA","SCLC_A","SRR30947494",NA,8.68648253588969,9.38477775559316,9.38477775559316,9.38477775559316,"191-603",0.925592780363147,0.0744072196368527
"isoquant","EDA","SCLC_A","SRR30947494",NA,6.492549536644,9.38477775559316,9.38477775559316,9.38477775559316,"2425.25-12059",0.691817079288272,0.308182920711728
"isoquant","EDA","SCLC_A","SRR30947494",NA,4.29952582123899,9.38477775559316,9.38477775559316,9.38477775559316,"603-1115.5",0.458138267438092,0.541861732561908
"isoquant","EDA","SCLC_A","SRR30947496",NA,2.27229025025371,9.38477775559316,9.38477775559316,9.38477775559316,"1115.5-2425.25",0.242125099755236,0.757874900244764
"isoquant","EDA","SCLC_A","SRR30947496",NA,8.66482344690418,9.38477775559316,9.38477775559316,9.38477775559316,"191-603",0.923284884582387,0.0767151154176132
"isoquant","EDA","SCLC_A","SRR30947496",NA,6.49140470574288,9.38477775559316,9.38477775559316,9.38477775559316,"2425.25-12059",0.6916950912209,0.3083049087791
"isoquant","EDA","SCLC_A","SRR30947496",NA,4.38467163221049,9.38477775559316,9.38477775559316,9.38477775559316,"603-1115.5",0.467211024746676,0.532788975253324
"isoquant","TPM","LUAD","SRR30947497",NA,2.30554679858067,9.38477775559316,9.38477775559316,9.38477775559316,"1115.5-2425.25",0.245668769002719,0.754331230997281
"isoquant","TPM","LUAD","SRR30947497",NA,8.57942709536768,9.38477775559316,9.38477775559316,9.38477775559316,"191-603",0.914185430790249,0.0858145692097506
"isoquant","TPM","LUAD","SRR30947497",NA,6.49844642285407,9.38477775559316,9.38477775559316,9.38477775559316,"2425.25-12059",0.692445425144044,0.307554574855956
"isoquant","TPM","LUAD","SRR30947497",NA,4.27495504035418,9.38477775559316,9.38477775559316,9.38477775559316,"603-1115.5",0.455520114773777,0.544479885226223
"isoquant","TPM","LUAD","SRR30947498",NA,2.24281229701979,9.38477775559316,9.38477775559316,9.38477775559316,"1115.5-2425.25",0.23898406072356,0.76101593927644
"isoquant","TPM","LUAD","SRR30947498",NA,8.51553395698555,9.38477775559316,9.38477775559316,9.38477775559316,"191-603",0.907377263346535,0.0926227366534653
"isoquant","TPM","LUAD","SRR30947498",NA,6.50411284924738,9.38477775559316,9.38477775559316,9.38477775559316,"2425.25-12059",0.693049214231104,0.306950785768896
"isoquant","TPM","LUAD","SRR30947498",NA,3.89336029694623,9.38477775559316,9.38477775559316,9.38477775559316,"603-1115.5",0.414859083330541,0.585140916669459
"isoquant","TPM","LUAD","SRR30947499",NA,2.22645002874299,9.38477775559316,9.38477775559316,9.38477775559316,"1115.5-2425.25",0.237240570498972,0.762759429501028
"isoquant","TPM","LUAD","SRR30947499",NA,8.51555991977533,9.38477775559316,9.38477775559316,9.38477775559316,"191-603",0.907380029825449,0.092619970174551
"isoquant","TPM","LUAD","SRR30947499",NA,6.50575846614764,9.38477775559316,9.38477775559316,9.38477775559316,"2425.25-12059",0.693224563817756,0.306775436182244
"isoquant","TPM","LUAD","SRR30947499",NA,3.93536004844898,9.38477775559316,9.38477775559316,9.38477775559316,"603-1115.5",0.41933438925643,0.58066561074357
"isoquant","TPM","SCLC_A","SRR30947491",NA,2.29536510491403,9.38477775559316,9.38477775559316,9.38477775559316,"1115.5-2425.25",0.244583853202708,0.755416146797292
"isoquant","TPM","SCLC_A","SRR30947491",NA,8.59209829575231,9.38477775559316,9.38477775559316,9.38477775559316,"191-603",0.915535617306609,0.0844643826933913
"isoquant","TPM","SCLC_A","SRR30947491",NA,6.49917719917295,9.38477775559316,9.38477775559316,9.38477775559316,"2425.25-12059",0.692523293404531,0.307476706595469
"isoquant","TPM","SCLC_A","SRR30947491",NA,4.10607557072578,9.38477775559316,9.38477775559316,9.38477775559316,"603-1115.5",0.437525072799794,0.562474927200206
"isoquant","TPM","SCLC_A","SRR30947494",NA,2.27116292444194,9.38477775559316,9.38477775559316,9.38477775559316,"1115.5-2425.25",0.242004976951997,0.757995023048003
"isoquant","TPM","SCLC_A","SRR30947494",NA,8.57128470950394,9.38477775559316,9.38477775559316,9.38477775559316,"191-603",0.913317814521032,0.0866821854789682
"isoquant","TPM","SCLC_A","SRR30947494",NA,6.49852385477119,9.38477775559316,9.38477775559316,9.38477775559316,"2425.25-12059",0.692453675943279,0.307546324056721
"isoquant","TPM","SCLC_A","SRR30947494",NA,3.96542740458954,9.38477775559316,9.38477775559316,9.38477775559316,"603-1115.5",0.422538232429235,0.577461767570765
"isoquant","TPM","SCLC_A","SRR30947496",NA,2.28608909104566,9.38477775559316,9.38477775559316,9.38477775559316,"1115.5-2425.25",0.24359544259673,0.75640455740327
"isoquant","TPM","SCLC_A","SRR30947496",NA,8.58554096651456,9.38477775559316,9.38477775559316,9.38477775559316,"191-603",0.914836897591712,0.0851631024082877
"isoquant","TPM","SCLC_A","SRR30947496",NA,6.49881510854825,9.38477775559316,9.38477775559316,9.38477775559316,"2425.25-12059",0.69248471064486,0.30751528935514
"isoquant","TPM","SCLC_A","SRR30947496",NA,4.10998942175847,9.38477775559316,9.38477775559316,9.38477775559316,"603-1115.5",0.437942115284402,0.562057884715598
"isoquant","cqn","LUAD","SRR30947497",NA,2.22721824829396,9.38477775559316,9.38477775559316,9.38477775559316,"1115.5-2425.25",0.237322428543029,0.762677571456971
"isoquant","cqn","LUAD","SRR30947497",NA,8.53285800806759,9.38477775559316,9.38477775559316,9.38477775559316,"191-603",0.909223236850991,0.0907767631490091
"isoquant","cqn","LUAD","SRR30947497",NA,6.30821936018271,9.38477775559316,9.38477775559316,9.38477775559316,"2425.25-12059",0.672175679005624,0.327824320994376
"isoquant","cqn","LUAD","SRR30947497",NA,4.22383263435069,9.38477775559316,9.38477775559316,9.38477775559316,"603-1115.5",0.450072739531137,0.549927260468863
"isoquant","cqn","LUAD","SRR30947498",NA,2.23824421420851,9.38477775559316,9.38477775559316,9.38477775559316,"1115.5-2425.25",0.238497306222788,0.761502693777212
"isoquant","cqn","LUAD","SRR30947498",NA,8.65344630531492,9.38477775559316,9.38477775559316,9.38477775559316,"191-603",0.922072587191276,0.0779274128087236
"isoquant","cqn","LUAD","SRR30947498",NA,6.32266782698437,9.38477775559316,9.38477775559316,9.38477775559316,"2425.25-12059",0.673715243093122,0.326284756906878
"isoquant","cqn","LUAD","SRR30947498",NA,4.53356030342443,9.38477775559316,9.38477775559316,9.38477775559316,"603-1115.5",0.483075936531636,0.516924063468364
"isoquant","cqn","LUAD","SRR30947499",NA,2.21993349728395,9.38477775559316,9.38477775559316,9.38477775559316,"1115.5-2425.25",0.236546198013151,0.763453801986849
"isoquant","cqn","LUAD","SRR30947499",NA,8.68130183337615,9.38477775559316,9.38477775559316,9.38477775559316,"191-603",0.925040747843203,0.0749592521567973
"isoquant","cqn","LUAD","SRR30947499",NA,6.31619769957242,9.38477775559316,9.38477775559316,9.38477775559316,"2425.25-12059",0.673025815215292,0.326974184784708
"isoquant","cqn","LUAD","SRR30947499",NA,4.6234051133098,9.38477775559316,9.38477775559316,9.38477775559316,"603-1115.5",0.492649398176141,0.507350601823859
"isoquant","cqn","SCLC_A","SRR30947491",NA,2.22659831632363,9.38477775559316,9.38477775559316,9.38477775559316,"1115.5-2425.25",0.237256371361231,0.762743628638769
"isoquant","cqn","SCLC_A","SRR30947491",NA,8.48504462447033,9.38477775559316,9.38477775559316,9.38477775559316,"191-603",0.904128456256026,0.0958715437439744
"isoquant","cqn","SCLC_A","SRR30947491",NA,6.23565735129026,9.38477775559316,9.38477775559316,9.38477775559316,"2425.25-12059",0.664443795440326,0.335556204559674
"isoquant","cqn","SCLC_A","SRR30947491",NA,3.77987726940169,9.38477775559316,9.38477775559316,9.38477775559316,"603-1115.5",0.4027668387937,0.5972331612063
"isoquant","cqn","SCLC_A","SRR30947494",NA,2.22418968811493,9.38477775559316,9.38477775559316,9.38477775559316,"1115.5-2425.25",0.236999718697584,0.763000281302415
"isoquant","cqn","SCLC_A","SRR30947494",NA,8.48682476251695,9.38477775559316,9.38477775559316,9.38477775559316,"191-603",0.904318139815187,0.0956818601848131
"isoquant","cqn","SCLC_A","SRR30947494",NA,6.30086327120637,9.38477775559316,9.38477775559316,9.38477775559316,"2425.25-12059",0.671391847020689,0.328608152979311
"isoquant","cqn","SCLC_A","SRR30947494",NA,3.74108493860365,9.38477775559316,9.38477775559316,9.38477775559316,"603-1115.5",0.398633301291981,0.601366698708019
"isoquant","cqn","SCLC_A","SRR30947496",NA,2.22366212388349,9.38477775559316,9.38477775559316,9.38477775559316,"1115.5-2425.25",0.236943503809478,0.763056496190522
"isoquant","cqn","SCLC_A","SRR30947496",NA,8.46490043391909,9.38477775559316,9.38477775559316,9.38477775559316,"191-603",0.901981981286042,0.0980180187139583
"isoquant","cqn","SCLC_A","SRR30947496",NA,6.2264499214653,9.38477775559316,9.38477775559316,9.38477775559316,"2425.25-12059",0.663462692843679,0.336537307156321
"isoquant","cqn","SCLC_A","SRR30947496",NA,3.6919746242351,9.38477775559316,9.38477775559316,9.38477775559316,"603-1115.5",0.393400325546841,0.606599674453159
"isoquant","ratio_counts","LUAD","SRR30947497",NA,2.16193414313692,9.38477775559316,9.38477775559316,9.38477775559316,"1115.5-2425.25",0.23036604589261,0.76963395410739
"isoquant","ratio_counts","LUAD","SRR30947497",NA,8.4528629220222,9.38477775559316,9.38477775559316,9.38477775559316,"191-603",0.900699317784531,0.0993006822154691
"isoquant","ratio_counts","LUAD","SRR30947497",NA,6.50063380841333,9.38477775559316,9.38477775559316,9.38477775559316,"2425.25-12059",0.692678503179158,0.307321496820842
"isoquant","ratio_counts","LUAD","SRR30947497",NA,3.64205938244921,9.38477775559316,9.38477775559316,9.38477775559316,"603-1115.5",0.388081580331363,0.611918419668637
"isoquant","ratio_counts","LUAD","SRR30947498",NA,2.07853718495654,9.38477775559316,9.38477775559316,9.38477775559316,"1115.5-2425.25",0.221479638526098,0.778520361473902
"isoquant","ratio_counts","LUAD","SRR30947498",NA,8.44585974356962,9.38477775559316,9.38477775559316,9.38477775559316,"191-603",0.899953090368714,0.100046909631286
"isoquant","ratio_counts","LUAD","SRR30947498",NA,6.48246983011034,9.38477775559316,9.38477775559316,9.38477775559316,"2425.25-12059",0.69074303078162,0.30925696921838
"isoquant","ratio_counts","LUAD","SRR30947498",NA,3.61333149734091,9.38477775559316,9.38477775559316,9.38477775559316,"603-1115.5",0.385020465208931,0.614979534791069
"isoquant","ratio_counts","LUAD","SRR30947499",NA,2.06350968758977,9.38477775559316,9.38477775559316,9.38477775559316,"1115.5-2425.25",0.219878375527854,0.780121624472146
"isoquant","ratio_counts","LUAD","SRR30947499",NA,8.44693216442889,9.38477775559316,9.38477775559316,9.38477775559316,"191-603",0.90006736274545,0.0999326372545505
"isoquant","ratio_counts","LUAD","SRR30947499",NA,6.48190371809949,9.38477775559316,9.38477775559316,9.38477775559316,"2425.25-12059",0.690682708414314,0.309317291585686
"isoquant","ratio_counts","LUAD","SRR30947499",NA,3.63417141831806,9.38477775559316,9.38477775559316,9.38477775559316,"603-1115.5",0.387241074105581,0.612758925894419
"isoquant","ratio_counts","SCLC_A","SRR30947491",NA,2.1497572226264,9.38477775559316,9.38477775559316,9.38477775559316,"1115.5-2425.25",0.229068527631908,0.770931472368092
"isoquant","ratio_counts","SCLC_A","SRR30947491",NA,8.45904934223361,9.38477775559316,9.38477775559316,9.38477775559316,"191-603",0.901358515090266,0.0986414849097337
"isoquant","ratio_counts","SCLC_A","SRR30947491",NA,6.50183123900891,9.38477775559316,9.38477775559316,9.38477775559316,"2425.25-12059",0.692806096035033,0.307193903964967
"isoquant","ratio_counts","SCLC_A","SRR30947491",NA,3.5815326858,9.38477775559316,9.38477775559316,9.38477775559316,"603-1115.5",0.381632125882307,0.618367874117693
"isoquant","ratio_counts","SCLC_A","SRR30947494",NA,2.10056501407322,9.38477775559316,9.38477775559316,9.38477775559316,"1115.5-2425.25",0.223826825608238,0.776173174391762
"isoquant","ratio_counts","SCLC_A","SRR30947494",NA,8.45689325468643,9.38477775559316,9.38477775559316,9.38477775559316,"191-603",0.901128772031524,0.0988712279684756
"isoquant","ratio_counts","SCLC_A","SRR30947494",NA,6.49448561033182,9.38477775559316,9.38477775559316,9.38477775559316,"2425.25-12059",0.692023378652864,0.307976621347136
"isoquant","ratio_counts","SCLC_A","SRR30947494",NA,3.58637780603733,9.38477775559316,9.38477775559316,9.38477775559316,"603-1115.5",0.382148400253795,0.617851599746205
"isoquant","ratio_counts","SCLC_A","SRR30947496",NA,2.13082023120161,9.38477775559316,9.38477775559316,9.38477775559316,"1115.5-2425.25",0.227050686408816,0.772949313591184
"isoquant","ratio_counts","SCLC_A","SRR30947496",NA,8.45918766914919,9.38477775559316,9.38477775559316,9.38477775559316,"191-603",0.901373254588546,0.0986267454114542
"isoquant","ratio_counts","SCLC_A","SRR30947496",NA,6.49691195151433,9.38477775559316,9.38477775559316,9.38477775559316,"2425.25-12059",0.692281918731884,0.307718081268116
"isoquant","ratio_counts","SCLC_A","SRR30947496",NA,3.60103779430811,9.38477775559316,9.38477775559316,9.38477775559316,"603-1115.5",0.383710503124271,0.61628949687573
"kallisto","CPM","LUAD","SRR30947497",NA,0.916962607412725,9.38477775559316,9.38477775559316,9.38477775559316,"1115.5-2425.25",0.0977074397810041,0.902292560218996
"kallisto","CPM","LUAD","SRR30947497",NA,8.70742011434029,9.38477775559316,9.38477775559316,9.38477775559316,"191-603",0.927823795203975,0.0721762047960248
"kallisto","CPM","LUAD","SRR30947497",NA,0.644042634485953,9.38477775559316,9.38477775559316,9.38477775559316,"2425.25-12059",0.0686263064782877,0.931373693521712
"kallisto","CPM","LUAD","SRR30947497",NA,5.10118370478475,9.38477775559316,9.38477775559316,9.38477775559316,"603-1115.5",0.543559350858846,0.456440649141154
"kallisto","CPM","LUAD","SRR30947498",NA,0.849811120701968,9.38477775559316,9.38477775559316,9.38477775559316,"1115.5-2425.25",0.0905520772929861,0.909447922707014
"kallisto","CPM","LUAD","SRR30947498",NA,8.58941895852327,9.38477775559316,9.38477775559316,9.38477775559316,"191-603",0.915250119098892,0.0847498809011084
"kallisto","CPM","LUAD","SRR30947498",NA,0.566032728842875,9.38477775559316,9.38477775559316,9.38477775559316,"2425.25-12059",0.0603139193685786,0.939686080631421
"kallisto","CPM","LUAD","SRR30947498",NA,4.59805986714495,9.38477775559316,9.38477775559316,9.38477775559316,"603-1115.5",0.489948721950777,0.510051278049223
"kallisto","CPM","LUAD","SRR30947499",NA,0.854861726411316,9.38477775559316,9.38477775559316,9.38477775559316,"1115.5-2425.25",0.0910902472785606,0.908909752721439
"kallisto","CPM","LUAD","SRR30947499",NA,8.59208166843394,9.38477775559316,9.38477775559316,9.38477775559316,"191-603",0.91553384557383,0.0844661544261699
"kallisto","CPM","LUAD","SRR30947499",NA,0.648675772382599,9.38477775559316,9.38477775559316,9.38477775559316,"2425.25-12059",0.0691199929583841,0.930880007041616
"kallisto","CPM","LUAD","SRR30947499",NA,4.59976890801335,9.38477775559316,9.38477775559316,9.38477775559316,"603-1115.5",0.490130829712187,0.509869170287813
"kallisto","CPM","SCLC_A","SRR30947491",NA,0.884392363016324,9.38477775559316,9.38477775559316,9.38477775559316,"1115.5-2425.25",0.0942369000149463,0.905763099985054
"kallisto","CPM","SCLC_A","SRR30947491",NA,8.67462417233503,9.38477775559316,9.38477775559316,9.38477775559316,"191-603",0.924329206108809,0.0756707938911912
"kallisto","CPM","SCLC_A","SRR30947491",NA,0.656178601411235,9.38477775559316,9.38477775559316,9.38477775559316,"2425.25-12059",0.069919460907869,0.930080539092131
"kallisto","CPM","SCLC_A","SRR30947491",NA,4.90548927049958,9.38477775559316,9.38477775559316,9.38477775559316,"603-1115.5",0.52270702602158,0.47729297397842
"kallisto","CPM","SCLC_A","SRR30947494",NA,0.88541983310867,9.38477775559316,9.38477775559316,9.38477775559316,"1115.5-2425.25",0.0943463826387338,0.905653617361266
"kallisto","CPM","SCLC_A","SRR30947494",NA,8.6729888643405,9.38477775559316,9.38477775559316,9.38477775559316,"191-603",0.924154954993106,0.075845045006894
"kallisto","CPM","SCLC_A","SRR30947494",NA,0.753751237815039,9.38477775559316,9.38477775559316,9.38477775559316,"2425.25-12059",0.0803163652294075,0.919683634770593
"kallisto","CPM","SCLC_A","SRR30947494",NA,4.78695803105592,9.38477775559316,9.38477775559316,9.38477775559316,"603-1115.5",0.51007686657289,0.48992313342711
"kallisto","CPM","SCLC_A","SRR30947496",NA,0.950810724558213,9.38477775559316,9.38477775559316,9.38477775559316,"1115.5-2425.25",0.101314143959514,0.898685856040486
"kallisto","CPM","SCLC_A","SRR30947496",NA,8.66645916562355,9.38477775559316,9.38477775559316,9.38477775559316,"191-603",0.923459179463094,0.0765408205369065
"kallisto","CPM","SCLC_A","SRR30947496",NA,0.715978701537999,9.38477775559316,9.38477775559316,9.38477775559316,"2425.25-12059",0.0762914924768772,0.923708507523123
"kallisto","CPM","SCLC_A","SRR30947496",NA,4.96579331028721,9.38477775559316,9.38477775559316,9.38477775559316,"603-1115.5",0.529132755149975,0.470867244850025
"kallisto","EDA","LUAD","SRR30947497",NA,0.880681204671729,9.38477775559316,9.38477775559316,9.38477775559316,"1115.5-2425.25",0.0938414555578431,0.906158544442157
"kallisto","EDA","LUAD","SRR30947497",NA,8.63813842751375,9.38477775559316,9.38477775559316,9.38477775559316,"191-603",0.920441448106278,0.0795585518937217
"kallisto","EDA","LUAD","SRR30947497",NA,0.662094147231162,9.38477775559316,9.38477775559316,9.38477775559316,"2425.25-12059",0.0705497950483234,0.929450204951677
"kallisto","EDA","LUAD","SRR30947497",NA,4.91089151867992,9.38477775559316,9.38477775559316,9.38477775559316,"603-1115.5",0.523282665458233,0.476717334541767
"kallisto","EDA","LUAD","SRR30947498",NA,0.80740988003967,9.38477775559316,9.38477775559316,9.38477775559316,"1115.5-2425.25",0.0860339904755303,0.91396600952447
"kallisto","EDA","LUAD","SRR30947498",NA,8.58870043399098,9.38477775559316,9.38477775559316,9.38477775559316,"191-603",0.915173556334061,0.0848264436659387
"kallisto","EDA","LUAD","SRR30947498",NA,0.65118491876735,9.38477775559316,9.38477775559316,9.38477775559316,"2425.25-12059",0.0693873563899002,0.9306126436101
"kallisto","EDA","LUAD","SRR30947498",NA,4.61911841674761,9.38477775559316,9.38477775559316,9.38477775559316,"603-1115.5",0.492192626937244,0.507807373062756
"kallisto","EDA","LUAD","SRR30947499",NA,0.81538095576775,9.38477775559316,9.38477775559316,9.38477775559316,"1115.5-2425.25",0.0868833527018579,0.913116647298142
"kallisto","EDA","LUAD","SRR30947499",NA,8.60033478458458,9.38477775559316,9.38477775559316,9.38477775559316,"191-603",0.916413260767836,0.0835867392321642
"kallisto","EDA","LUAD","SRR30947499",NA,0.778759725494841,9.38477775559316,9.38477775559316,9.38477775559316,"2425.25-12059",0.0829811579747549,0.917018842025245
"kallisto","EDA","LUAD","SRR30947499",NA,4.65033484851889,9.38477775559316,9.38477775559316,9.38477775559316,"603-1115.5",0.495518910476849,0.504481089523151
"kallisto","EDA","SCLC_A","SRR30947491",NA,0.87042272663614,9.38477775559316,9.38477775559316,9.38477775559316,"1115.5-2425.25",0.0927483579584379,0.907251642041562
"kallisto","EDA","SCLC_A","SRR30947491",NA,8.61337265819781,9.38477775559316,9.38477775559316,9.38477775559316,"191-603",0.917802518345668,0.0821974816543318
"kallisto","EDA","SCLC_A","SRR30947491",NA,0.649545647973739,9.38477775559316,9.38477775559316,9.38477775559316,"2425.25-12059",0.0692126830160279,0.930787316983972
"kallisto","EDA","SCLC_A","SRR30947491",NA,4.73100117013077,9.38477775559316,9.38477775559316,9.38477775559316,"603-1115.5",0.504114353407163,0.495885646592837
"kallisto","EDA","SCLC_A","SRR30947494",NA,0.897758472046497,9.38477775559316,9.38477775559316,9.38477775559316,"1115.5-2425.25",0.0956611328927261,0.904338867107274
"kallisto","EDA","SCLC_A","SRR30947494",NA,8.62470366089861,9.38477775559316,9.38477775559316,9.38477775559316,"191-603",0.919009899382907,0.0809901006170927
"kallisto","EDA","SCLC_A","SRR30947494",NA,0.7175757198377,9.38477775559316,9.38477775559316,9.38477775559316,"2425.25-12059",0.0764616636137215,0.923538336386279
"kallisto","EDA","SCLC_A","SRR30947494",NA,4.65989031021787,9.38477775559316,9.38477775559316,9.38477775559316,"603-1115.5",0.496537097795486,0.503462902204514
"kallisto","EDA","SCLC_A","SRR30947496",NA,0.951565557739388,9.38477775559316,9.38477775559316,9.38477775559316,"1115.5-2425.25",0.101394575611796,0.898605424388204
"kallisto","EDA","SCLC_A","SRR30947496",NA,8.6119692257159,9.38477775559316,9.38477775559316,9.38477775559316,"191-603",0.917652974848906,0.0823470251510937
"kallisto","EDA","SCLC_A","SRR30947496",NA,0.69904045379069,9.38477775559316,9.38477775559316,9.38477775559316,"2425.25-12059",0.0744866284525571,0.925513371547443
"kallisto","EDA","SCLC_A","SRR30947496",NA,4.81035820340766,9.38477775559316,9.38477775559316,9.38477775559316,"603-1115.5",0.51257028442051,0.48742971557949
"kallisto","TPM","LUAD","SRR30947497",NA,1.05249433520868,9.38477775559316,9.38477775559316,9.38477775559316,"1115.5-2425.25",0.112149095334881,0.887850904665119
"kallisto","TPM","LUAD","SRR30947497",NA,8.58698159149149,9.38477775559316,9.38477775559316,9.38477775559316,"191-603",0.914990404154622,0.0850095958453781
"kallisto","TPM","LUAD","SRR30947497",NA,1.13011707021088,9.38477775559316,9.38477775559316,9.38477775559316,"2425.25-12059",0.120420227270417,0.879579772729583
"kallisto","TPM","LUAD","SRR30947497",NA,4.71117634958079,9.38477775559316,9.38477775559316,9.38477775559316,"603-1115.5",0.502001909078029,0.497998090921971
"kallisto","TPM","LUAD","SRR30947498",NA,0.938154702709035,9.38477775559316,9.38477775559316,9.38477775559316,"1115.5-2425.25",0.0999655748000971,0.900034425199903
"kallisto","TPM","LUAD","SRR30947498",NA,8.50978109834759,9.38477775559316,9.38477775559316,9.38477775559316,"191-603",0.906764264425539,0.0932357355744612
"kallisto","TPM","LUAD","SRR30947498",NA,1.17702276030039,9.38477775559316,9.38477775559316,9.38477775559316,"2425.25-12059",0.125418288099461,0.874581711900539
"kallisto","TPM","LUAD","SRR30947498",NA,4.384153920715,9.38477775559316,9.38477775559316,9.38477775559316,"603-1115.5",0.467155859722104,0.532844140277896
"kallisto","TPM","LUAD","SRR30947499",NA,0.927463704803337,9.38477775559316,9.38477775559316,9.38477775559316,"1115.5-2425.25",0.0988263898152074,0.901173610184793
"kallisto","TPM","LUAD","SRR30947499",NA,8.51249484996656,9.38477775559316,9.38477775559316,9.38477775559316,"191-603",0.907053429676933,0.0929465703230669
"kallisto","TPM","LUAD","SRR30947499",NA,1.15827438799054,9.38477775559316,9.38477775559316,9.38477775559316,"2425.25-12059",0.123420545286778,0.876579454713222
"kallisto","TPM","LUAD","SRR30947499",NA,4.3886936084355,9.38477775559316,9.38477775559316,9.38477775559316,"603-1115.5",0.467639588568831,0.532360411431169
"kallisto","TPM","SCLC_A","SRR30947491",NA,1.02662214065191,9.38477775559316,9.38477775559316,9.38477775559316,"1115.5-2425.25",0.109392269842519,0.890607730157481
"kallisto","TPM","SCLC_A","SRR30947491",NA,8.56087755589401,9.38477775559316,9.38477775559316,9.38477775559316,"191-603",0.912208874716493,0.087791125283507
"kallisto","TPM","SCLC_A","SRR30947491",NA,1.03502243957622,9.38477775559316,9.38477775559316,9.38477775559316,"2425.25-12059",0.110287368175487,0.889712631824513
"kallisto","TPM","SCLC_A","SRR30947491",NA,4.54057357569825,9.38477775559316,9.38477775559316,9.38477775559316,"603-1115.5",0.483823239499961,0.516176760500039
"kallisto","TPM","SCLC_A","SRR30947494",NA,0.992580049008808,9.38477775559316,9.38477775559316,9.38477775559316,"1115.5-2425.25",0.10576489660794,0.89423510339206
"kallisto","TPM","SCLC_A","SRR30947494",NA,8.56239165798823,9.38477775559316,9.38477775559316,9.38477775559316,"191-603",0.912370210672831,0.087629789327169
"kallisto","TPM","SCLC_A","SRR30947494",NA,1.01058180114239,9.38477775559316,9.38477775559316,9.38477775559316,"2425.25-12059",0.10768308290946,0.89231691709054
"kallisto","TPM","SCLC_A","SRR30947494",NA,4.46272769914261,9.38477775559316,9.38477775559316,9.38477775559316,"603-1115.5",0.475528330597164,0.524471669402836
"kallisto","TPM","SCLC_A","SRR30947496",NA,1.05422933241961,9.38477775559316,9.38477775559316,9.38477775559316,"1115.5-2425.25",0.112333968888215,0.887666031111785
"kallisto","TPM","SCLC_A","SRR30947496",NA,8.55626570843025,9.38477775559316,9.38477775559316,9.38477775559316,"191-603",0.91171745684983,0.0882825431501699
"kallisto","TPM","SCLC_A","SRR30947496",NA,1.05111634140989,9.38477775559316,9.38477775559316,9.38477775559316,"2425.25-12059",0.112002262470568,0.887997737529432
"kallisto","TPM","SCLC_A","SRR30947496",NA,4.59843486595677,9.38477775559316,9.38477775559316,9.38477775559316,"603-1115.5",0.489988680149211,0.510011319850789
"kallisto","cqn","LUAD","SRR30947497",NA,1.05457538654987,9.38477775559316,9.38477775559316,9.38477775559316,"1115.5-2425.25",0.112370842870664,0.887629157129336
"kallisto","cqn","LUAD","SRR30947497",NA,8.63123422983223,9.38477775559316,9.38477775559316,9.38477775559316,"191-603",0.919705767639321,0.0802942323606792
"kallisto","cqn","LUAD","SRR30947497",NA,0.65732643292869,9.38477775559316,9.38477775559316,9.38477775559316,"2425.25-12059",0.0700417687075153,0.929958231292485
"kallisto","cqn","LUAD","SRR30947497",NA,4.92678597799479,9.38477775559316,9.38477775559316,9.38477775559316,"603-1115.5",0.524976308049331,0.475023691950669
"kallisto","cqn","LUAD","SRR30947498",NA,1.14518692065935,9.38477775559316,9.38477775559316,9.38477775559316,"1115.5-2425.25",0.122026003223874,0.877973996776126
"kallisto","cqn","LUAD","SRR30947498",NA,8.63023124464005,9.38477775559316,9.38477775559316,9.38477775559316,"191-603",0.919598894017132,0.080401105982868
"kallisto","cqn","LUAD","SRR30947498",NA,0.790987487619872,9.38477775559316,9.38477775559316,9.38477775559316,"2425.25-12059",0.0842840936908131,0.915715906309187
"kallisto","cqn","LUAD","SRR30947498",NA,4.86145036128419,9.38477775559316,9.38477775559316,9.38477775559316,"603-1115.5",0.518014436557845,0.481985563442155
"kallisto","cqn","LUAD","SRR30947499",NA,1.14562540753199,9.38477775559316,9.38477775559316,9.38477775559316,"1115.5-2425.25",0.122072726426496,0.877927273573504
"kallisto","cqn","LUAD","SRR30947499",NA,8.62881299650013,9.38477775559316,9.38477775559316,9.38477775559316,"191-603",0.919447771830027,0.0805522281699734
"kallisto","cqn","LUAD","SRR30947499",NA,0.862559452584472,9.38477775559316,9.38477775559316,9.38477775559316,"2425.25-12059",0.0919104825972466,0.908089517402753
"kallisto","cqn","LUAD","SRR30947499",NA,4.88963161717239,9.38477775559316,9.38477775559316,9.38477775559316,"603-1115.5",0.521017305312133,0.478982694687867
"kallisto","cqn","SCLC_A","SRR30947491",NA,0.811816019372085,9.38477775559316,9.38477775559316,9.38477775559316,"1115.5-2425.25",0.0865034890025241,0.913496510997476
"kallisto","cqn","SCLC_A","SRR30947491",NA,8.51830267624026,9.38477775559316,9.38477775559316,9.38477775559316,"191-603",0.907672285703677,0.0923277142963232
"kallisto","cqn","SCLC_A","SRR30947491",NA,0.704642209441177,9.38477775559316,9.38477775559316,9.38477775559316,"2425.25-12059",0.0750835265141172,0.924916473485883
"kallisto","cqn","SCLC_A","SRR30947491",NA,4.41631031601294,9.38477775559316,9.38477775559316,9.38477775559316,"603-1115.5",0.47058230157671,0.52941769842329
"kallisto","cqn","SCLC_A","SRR30947494",NA,0.701831133298108,9.38477775559316,9.38477775559316,9.38477775559316,"1115.5-2425.25",0.074783990796141,0.925216009203859
"kallisto","cqn","SCLC_A","SRR30947494",NA,8.54097006317765,9.38477775559316,9.38477775559316,9.38477775559316,"191-603",0.91008762121057,0.0899123787894299
"kallisto","cqn","SCLC_A","SRR30947494",NA,0.689026039360914,9.38477775559316,9.38477775559316,9.38477775559316,"2425.25-12059",0.0734195371808637,0.926580462819136
"kallisto","cqn","SCLC_A","SRR30947494",NA,4.39612512815781,9.38477775559316,9.38477775559316,9.38477775559316,"603-1115.5",0.468431458117141,0.531568541882859
"kallisto","cqn","SCLC_A","SRR30947496",NA,0.668239339818525,9.38477775559316,9.38477775559316,9.38477775559316,"1115.5-2425.25",0.0712045993225856,0.928795400677414
"kallisto","cqn","SCLC_A","SRR30947496",NA,8.49797874449251,9.38477775559316,9.38477775559316,9.38477775559316,"191-603",0.905506658314617,0.0944933416853828
"kallisto","cqn","SCLC_A","SRR30947496",NA,0.6523832387093,9.38477775559316,9.38477775559316,9.38477775559316,"2425.25-12059",0.0695150440105512,0.930484955989449
"kallisto","cqn","SCLC_A","SRR30947496",NA,4.30197555967049,9.38477775559316,9.38477775559316,9.38477775559316,"603-1115.5",0.458399300623458,0.541600699376542
"kallisto","ratio_counts","LUAD","SRR30947497",NA,0.55121873934962,9.38477775559316,9.38477775559316,9.38477775559316,"1115.5-2425.25",0.0587354068156919,0.941264593184308
"kallisto","ratio_counts","LUAD","SRR30947497",NA,8.47015585533592,9.38477775559316,9.38477775559316,9.38477775559316,"191-603",0.902541975518585,0.0974580244814149
"kallisto","ratio_counts","LUAD","SRR30947497",NA,0.445405043447118,9.38477775559316,9.38477775559316,9.38477775559316,"2425.25-12059",0.0474603720031266,0.952539627996873
"kallisto","ratio_counts","LUAD","SRR30947497",NA,4.22578726579074,9.38477775559316,9.38477775559316,9.38477775559316,"603-1115.5",0.450281016326918,0.549718983673082
"kallisto","ratio_counts","LUAD","SRR30947498",NA,0.313977626443299,9.38477775559316,9.38477775559316,9.38477775559316,"1115.5-2425.25",0.0334560534751261,0.966543946524874
"kallisto","ratio_counts","LUAD","SRR30947498",NA,8.447632680103,9.38477775559316,9.38477775559316,9.38477775559316,"191-603",0.90014200656679,0.0998579934332097
"kallisto","ratio_counts","LUAD","SRR30947498",NA,0.174047884570847,9.38477775559316,9.38477775559316,9.38477775559316,"2425.25-12059",0.0185457651852349,0.981454234814765
"kallisto","ratio_counts","LUAD","SRR30947498",NA,4.14611804853994,9.38477775559316,9.38477775559316,9.38477775559316,"603-1115.5",0.441791820383698,0.558208179616302
"kallisto","ratio_counts","LUAD","SRR30947499",NA,0.2242302005363,9.38477775559316,9.38477775559316,9.38477775559316,"1115.5-2425.25",0.0238929686323859,0.976107031367614
"kallisto","ratio_counts","LUAD","SRR30947499",NA,8.45075960318923,9.38477775559316,9.38477775559316,9.38477775559316,"191-603",0.900475197524281,0.0995248024757187
"kallisto","ratio_counts","LUAD","SRR30947499",NA,0.206498775468877,9.38477775559316,9.38477775559316,9.38477775559316,"2425.25-12059",0.0220035871756055,0.977996412824395
"kallisto","ratio_counts","LUAD","SRR30947499",NA,4.14832633267708,9.38477775559316,9.38477775559316,9.38477775559316,"603-1115.5",0.442027125277927,0.557972874722073
"kallisto","ratio_counts","SCLC_A","SRR30947491",NA,0.485885518486732,9.38477775559316,9.38477775559316,9.38477775559316,"1115.5-2425.25",0.0517737906150364,0.948226209384964
"kallisto","ratio_counts","SCLC_A","SRR30947491",NA,8.4599573304042,9.38477775559316,9.38477775559316,9.38477775559316,"191-603",0.901455266254144,0.0985447337458556
"kallisto","ratio_counts","SCLC_A","SRR30947491",NA,0.480390690683,9.38477775559316,9.38477775559316,9.38477775559316,"2425.25-12059",0.0511882863072273,0.948811713692773
"kallisto","ratio_counts","SCLC_A","SRR30947491",NA,4.14520139648561,9.38477775559316,9.38477775559316,9.38477775559316,"603-1115.5",0.441694146035067,0.558305853964933
"kallisto","ratio_counts","SCLC_A","SRR30947494",NA,0.322549483597102,9.38477775559316,9.38477775559316,9.38477775559316,"1115.5-2425.25",0.0343694322867549,0.965630567713245
"kallisto","ratio_counts","SCLC_A","SRR30947494",NA,8.46727665580966,9.38477775559316,9.38477775559316,9.38477775559316,"191-603",0.902235180877173,0.097764819122827
"kallisto","ratio_counts","SCLC_A","SRR30947494",NA,0.493401723591318,9.38477775559316,9.38477775559316,9.38477775559316,"2425.25-12059",0.0525746838594296,0.94742531614057
"kallisto","ratio_counts","SCLC_A","SRR30947494",NA,4.13426245422416,9.38477775559316,9.38477775559316,9.38477775559316,"603-1115.5",0.440528541207085,0.559471458792915
"kallisto","ratio_counts","SCLC_A","SRR30947496",NA,0.413567343563175,9.38477775559316,9.38477775559316,9.38477775559316,"1115.5-2425.25",0.0440678889083651,0.955932111091635
"kallisto","ratio_counts","SCLC_A","SRR30947496",NA,8.46111400086997,9.38477775559316,9.38477775559316,9.38477775559316,"191-603",0.901578515892643,0.0984214841073568
"kallisto","ratio_counts","SCLC_A","SRR30947496",NA,0.49546318666692,9.38477775559316,9.38477775559316,9.38477775559316,"2425.25-12059",0.0527943441571254,0.947205655842875
"kallisto","ratio_counts","SCLC_A","SRR30947496",NA,4.18020124953406,9.38477775559316,9.38477775559316,9.38477775559316,"603-1115.5",0.445423574047103,0.554576425952897
"oarfish","CPM","LUAD","SRR30947497",NA,2.2066594968566,9.38477775559316,9.38477775559316,9.38477775559316,"1115.5-2425.25",0.23513177981668,0.76486822018332
"oarfish","CPM","LUAD","SRR30947497",NA,8.55331918557306,9.38477775559316,9.38477775559316,9.38477775559316,"191-603",0.911403488534977,0.0885965114650228
"oarfish","CPM","LUAD","SRR30947497",NA,2.17992594897289,9.38477775559316,9.38477775559316,9.38477775559316,"2425.25-12059",0.232283172361081,0.767716827638919
"oarfish","CPM","LUAD","SRR30947497",NA,5.05111408820717,9.38477775559316,9.38477775559316,9.38477775559316,"603-1115.5",0.538224156155088,0.461775843844912
"oarfish","CPM","LUAD","SRR30947498",NA,2.17850639002873,9.38477775559316,9.38477775559316,9.38477775559316,"1115.5-2425.25",0.232131910500531,0.767868089499469
"oarfish","CPM","LUAD","SRR30947498",NA,8.40466635708052,9.38477775559316,9.38477775559316,9.38477775559316,"191-603",0.895563707097005,0.104436292902995
"oarfish","CPM","LUAD","SRR30947498",NA,2.15666601554864,9.38477775559316,9.38477775559316,9.38477775559316,"2425.25-12059",0.22980469774719,0.77019530225281
"oarfish","CPM","LUAD","SRR30947498",NA,4.58073296043406,9.38477775559316,9.38477775559316,9.38477775559316,"603-1115.5",0.488102444163265,0.511897555836735
"oarfish","CPM","LUAD","SRR30947499",NA,2.16371182519331,9.38477775559316,9.38477775559316,9.38477775559316,"1115.5-2425.25",0.230555467752422,0.769444532247578
"oarfish","CPM","LUAD","SRR30947499",NA,8.3963910000749,9.38477775559316,9.38477775559316,9.38477775559316,"191-603",0.894681922016832,0.105318077983168
"oarfish","CPM","LUAD","SRR30947499",NA,2.17056500421466,9.38477775559316,9.38477775559316,9.38477775559316,"2425.25-12059",0.231285711898829,0.768714288101171
"oarfish","CPM","LUAD","SRR30947499",NA,4.61353908972523,9.38477775559316,9.38477775559316,9.38477775559316,"603-1115.5",0.491598118770116,0.508401881229884
"oarfish","CPM","SCLC_A","SRR30947491",NA,2.19074310841747,9.38477775559316,9.38477775559316,9.38477775559316,"1115.5-2425.25",0.233435800556047,0.766564199443953
"oarfish","CPM","SCLC_A","SRR30947491",NA,8.54663025589445,9.38477775559316,9.38477775559316,9.38477775559316,"191-603",0.910690746064904,0.0893092539350959
"oarfish","CPM","SCLC_A","SRR30947491",NA,2.18247983117993,9.38477775559316,9.38477775559316,9.38477775559316,"2425.25-12059",0.232555302642005,0.767444697357995
"oarfish","CPM","SCLC_A","SRR30947491",NA,4.94349603032155,9.38477775559316,9.38477775559316,9.38477775559316,"603-1115.5",0.526756856588886,0.473243143411114
"oarfish","CPM","SCLC_A","SRR30947494",NA,2.17707667399042,9.38477775559316,9.38477775559316,9.38477775559316,"1115.5-2425.25",0.231979566345397,0.768020433654603
"oarfish","CPM","SCLC_A","SRR30947494",NA,8.49824801594852,9.38477775559316,9.38477775559316,9.38477775559316,"191-603",0.905535350678253,0.0944646493217473
"oarfish","CPM","SCLC_A","SRR30947494",NA,2.20369971432471,9.38477775559316,9.38477775559316,9.38477775559316,"2425.25-12059",0.234816398610115,0.765183601389885
"oarfish","CPM","SCLC_A","SRR30947494",NA,4.73947387226385,9.38477775559316,9.38477775559316,9.38477775559316,"603-1115.5",0.505017166702665,0.494982833297335
"oarfish","CPM","SCLC_A","SRR30947496",NA,2.19042043608541,9.38477775559316,9.38477775559316,9.38477775559316,"1115.5-2425.25",0.233401418033577,0.766598581966423
"oarfish","CPM","SCLC_A","SRR30947496",NA,8.52722689799374,9.38477775559316,9.38477775559316,9.38477775559316,"191-603",0.908623210913191,0.0913767890868091
"oarfish","CPM","SCLC_A","SRR30947496",NA,2.19739822936068,9.38477775559316,9.38477775559316,9.38477775559316,"2425.25-12059",0.234144940518285,0.765855059481715
"oarfish","CPM","SCLC_A","SRR30947496",NA,4.91440411526696,9.38477775559316,9.38477775559316,9.38477775559316,"603-1115.5",0.523656952061338,0.476343047938662
"oarfish","EDA","LUAD","SRR30947497",NA,2.193960562458,9.38477775559316,9.38477775559316,9.38477775559316,"1115.5-2425.25",0.233778638087667,0.766221361912333
"oarfish","EDA","LUAD","SRR30947497",NA,8.42033569690632,9.38477775559316,9.38477775559316,9.38477775559316,"191-603",0.897233361960857,0.102766638039143
"oarfish","EDA","LUAD","SRR30947497",NA,2.17547239254252,9.38477775559316,9.38477775559316,9.38477775559316,"2425.25-12059",0.23180862127992,0.76819137872008
"oarfish","EDA","LUAD","SRR30947497",NA,4.7870972149768,9.38477775559316,9.38477775559316,9.38477775559316,"603-1115.5",0.510091697389827,0.489908302610173
"oarfish","EDA","LUAD","SRR30947498",NA,2.16147550151411,9.38477775559316,9.38477775559316,9.38477775559316,"1115.5-2425.25",0.230317175089832,0.769682824910167
"oarfish","EDA","LUAD","SRR30947498",NA,8.35378251718791,9.38477775559316,9.38477775559316,9.38477775559316,"191-603",0.890141752393573,0.109858247606427
"oarfish","EDA","LUAD","SRR30947498",NA,2.16505371822337,9.38477775559316,9.38477775559316,9.38477775559316,"2425.25-12059",0.230698453880065,0.769301546119935
"oarfish","EDA","LUAD","SRR30947498",NA,4.50308674172229,9.38477775559316,9.38477775559316,9.38477775559316,"603-1115.5",0.479828809908528,0.520171190091472
"oarfish","EDA","LUAD","SRR30947499",NA,2.14392019980929,9.38477775559316,9.38477775559316,9.38477775559316,"1115.5-2425.25",0.228446560551906,0.771553439448094
"oarfish","EDA","LUAD","SRR30947499",NA,8.33881349196037,9.38477775559316,9.38477775559316,9.38477775559316,"191-603",0.888546719925316,0.111453280074684
"oarfish","EDA","LUAD","SRR30947499",NA,2.18554327812639,9.38477775559316,9.38477775559316,9.38477775559316,"2425.25-12059",0.232881729865563,0.767118270134437
"oarfish","EDA","LUAD","SRR30947499",NA,4.52261177122606,9.38477775559316,9.38477775559316,9.38477775559316,"603-1115.5",0.48190930984281,0.51809069015719
"oarfish","EDA","SCLC_A","SRR30947491",NA,2.18253522078276,9.38477775559316,9.38477775559316,9.38477775559316,"1115.5-2425.25",0.232561204710683,0.767438795289317
"oarfish","EDA","SCLC_A","SRR30947491",NA,8.43612030471331,9.38477775559316,9.38477775559316,9.38477775559316,"191-603",0.898915299265935,0.101084700734065
"oarfish","EDA","SCLC_A","SRR30947491",NA,2.17973463434329,9.38477775559316,9.38477775559316,9.38477775559316,"2425.25-12059",0.232262786728669,0.767737213271331
"oarfish","EDA","SCLC_A","SRR30947491",NA,4.72663687764754,9.38477775559316,9.38477775559316,9.38477775559316,"603-1115.5",0.503649313893507,0.496350686106493
"oarfish","EDA","SCLC_A","SRR30947494",NA,2.18292642661506,9.38477775559316,9.38477775559316,9.38477775559316,"1115.5-2425.25",0.23260288985683,0.76739711014317
"oarfish","EDA","SCLC_A","SRR30947494",NA,8.42787421105437,9.38477775559316,9.38477775559316,9.38477775559316,"191-603",0.898036632357277,0.101963367642723
"oarfish","EDA","SCLC_A","SRR30947494",NA,2.19324521772304,9.38477775559316,9.38477775559316,9.38477775559316,"2425.25-12059",0.233702414147837,0.766297585852163
"oarfish","EDA","SCLC_A","SRR30947494",NA,4.6018573916806,9.38477775559316,9.38477775559316,9.38477775559316,"603-1115.5",0.49035336920344,0.50964663079656
"oarfish","EDA","SCLC_A","SRR30947496",NA,2.18921045808145,9.38477775559316,9.38477775559316,9.38477775559316,"1115.5-2425.25",0.233272488181909,0.766727511818091
"oarfish","EDA","SCLC_A","SRR30947496",NA,8.44762625488107,9.38477775559316,9.38477775559316,9.38477775559316,"191-603",0.90014132192384,0.0998586780761599
"oarfish","EDA","SCLC_A","SRR30947496",NA,2.19507563185075,9.38477775559316,9.38477775559316,9.38477775559316,"2425.25-12059",0.233897454901638,0.766102545098362
"oarfish","EDA","SCLC_A","SRR30947496",NA,4.75614267960759,9.38477775559316,9.38477775559316,9.38477775559316,"603-1115.5",0.506793320361052,0.493206679638948
"oarfish","TPM","LUAD","SRR30947497",NA,2.2690907637323,9.38477775559316,9.38477775559316,9.38477775559316,"1115.5-2425.25",0.241784176762201,0.758215823237799
"oarfish","TPM","LUAD","SRR30947497",NA,8.39174473027311,9.38477775559316,9.38477775559316,9.38477775559316,"191-603",0.894186836259578,0.105813163740422
"oarfish","TPM","LUAD","SRR30947497",NA,2.39990605809766,9.38477775559316,9.38477775559316,9.38477775559316,"2425.25-12059",0.255723270235927,0.744276729764073
"oarfish","TPM","LUAD","SRR30947497",NA,4.67507356948541,9.38477775559316,9.38477775559316,9.38477775559316,"603-1115.5",0.498154958086157,0.501845041913843
"oarfish","TPM","LUAD","SRR30947498",NA,2.21746502741403,9.38477775559316,9.38477775559316,9.38477775559316,"1115.5-2425.25",0.236283168889371,0.763716831110629
"oarfish","TPM","LUAD","SRR30947498",NA,8.29286848676079,9.38477775559316,9.38477775559316,9.38477775559316,"191-603",0.883651025387191,0.116348974612809
"oarfish","TPM","LUAD","SRR30947498",NA,2.4164208934018,9.38477775559316,9.38477775559316,9.38477775559316,"2425.25-12059",0.257483017321497,0.742516982678503
"oarfish","TPM","LUAD","SRR30947498",NA,4.37596496060897,9.38477775559316,9.38477775559316,9.38477775559316,"603-1115.5",0.466283280709655,0.533716719290345
"oarfish","TPM","LUAD","SRR30947499",NA,2.19664320027788,9.38477775559316,9.38477775559316,9.38477775559316,"1115.5-2425.25",0.234064487991601,0.765935512008399
"oarfish","TPM","LUAD","SRR30947499",NA,8.28727988785852,9.38477775559316,9.38477775559316,9.38477775559316,"191-603",0.883055529249955,0.116944470750045
"oarfish","TPM","LUAD","SRR30947499",NA,2.39659423275226,9.38477775559316,9.38477775559316,9.38477775559316,"2425.25-12059",0.255370376919575,0.744629623080425
"oarfish","TPM","LUAD","SRR30947499",NA,4.40885981030791,9.38477775559316,9.38477775559316,9.38477775559316,"603-1115.5",0.469788408966884,0.530211591033116
"oarfish","TPM","SCLC_A","SRR30947491",NA,2.25477201122161,9.38477775559316,9.38477775559316,9.38477775559316,"1115.5-2425.25",0.240258434450172,0.759741565549828
"oarfish","TPM","SCLC_A","SRR30947491",NA,8.38501540263285,9.38477775559316,9.38477775559316,9.38477775559316,"191-603",0.893469789163151,0.106530210836849
"oarfish","TPM","SCLC_A","SRR30947491",NA,2.35424492362175,9.38477775559316,9.38477775559316,9.38477775559316,"2425.25-12059",0.25085782369419,0.74914217630581
"oarfish","TPM","SCLC_A","SRR30947491",NA,4.57671914880579,9.38477775559316,9.38477775559316,9.38477775559316,"603-1115.5",0.487674750324071,0.512325249675929
"oarfish","TPM","SCLC_A","SRR30947494",NA,2.22839365928959,9.38477775559316,9.38477775559316,9.38477775559316,"1115.5-2425.25",0.237447675088684,0.762552324911316
"oarfish","TPM","SCLC_A","SRR30947494",NA,8.35109010001384,9.38477775559316,9.38477775559316,9.38477775559316,"191-603",0.889854860445336,0.110145139554664
"oarfish","TPM","SCLC_A","SRR30947494",NA,2.32904229124887,9.38477775559316,9.38477775559316,9.38477775559316,"2425.25-12059",0.248172343757507,0.751827656242493
"oarfish","TPM","SCLC_A","SRR30947494",NA,4.43479191337573,9.38477775559316,9.38477775559316,9.38477775559316,"603-1115.5",0.472551618042599,0.527448381957401
"oarfish","TPM","SCLC_A","SRR30947496",NA,2.24499530196429,9.38477775559316,9.38477775559316,9.38477775559316,"1115.5-2425.25",0.239216671979932,0.760783328020068
"oarfish","TPM","SCLC_A","SRR30947496",NA,8.37154504951451,9.38477775559316,9.38477775559316,9.38477775559316,"191-603",0.892034448500948,0.107965551499052
"oarfish","TPM","SCLC_A","SRR30947496",NA,2.35507188715806,9.38477775559316,9.38477775559316,9.38477775559316,"2425.25-12059",0.250945941234941,0.749054058765059
"oarfish","TPM","SCLC_A","SRR30947496",NA,4.56133076964152,9.38477775559316,9.38477775559316,9.38477775559316,"603-1115.5",0.486035033373384,0.513964966626616
"oarfish","cqn","LUAD","SRR30947497",NA,2.18054210553774,9.38477775559316,9.38477775559316,9.38477775559316,"1115.5-2425.25",0.232348827252534,0.767651172747466
"oarfish","cqn","LUAD","SRR30947497",NA,8.42243279898323,9.38477775559316,9.38477775559316,9.38477775559316,"191-603",0.897456819791349,0.102543180208651
"oarfish","cqn","LUAD","SRR30947497",NA,2.18413105622379,9.38477775559316,9.38477775559316,9.38477775559316,"2425.25-12059",0.232731249807391,0.767268750192609
"oarfish","cqn","LUAD","SRR30947497",NA,4.82735414487809,9.38477775559316,9.38477775559316,9.38477775559316,"603-1115.5",0.514381296030273,0.485618703969727
"oarfish","cqn","LUAD","SRR30947498",NA,2.20930543964255,9.38477775559316,9.38477775559316,9.38477775559316,"1115.5-2425.25",0.235413719661698,0.764586280338302
"oarfish","cqn","LUAD","SRR30947498",NA,8.43006629318974,9.38477775559316,9.38477775559316,9.38477775559316,"191-603",0.898270210838565,0.101729789161435
"oarfish","cqn","LUAD","SRR30947498",NA,2.24093831594791,9.38477775559316,9.38477775559316,9.38477775559316,"2425.25-12059",0.238784377670782,0.761215622329218
"oarfish","cqn","LUAD","SRR30947498",NA,4.77247652412644,9.38477775559316,9.38477775559316,9.38477775559316,"603-1115.5",0.508533781876947,0.491466218123053
"oarfish","cqn","LUAD","SRR30947499",NA,2.23446124397673,9.38477775559316,9.38477775559316,9.38477775559316,"1115.5-2425.25",0.238094209811738,0.761905790188262
"oarfish","cqn","LUAD","SRR30947499",NA,8.39850126824805,9.38477775559316,9.38477775559316,9.38477775559316,"191-603",0.894906782767733,0.105093217232267
"oarfish","cqn","LUAD","SRR30947499",NA,2.26987490474136,9.38477775559316,9.38477775559316,9.38477775559316,"2425.25-12059",0.241867731325716,0.758132268674284
"oarfish","cqn","LUAD","SRR30947499",NA,4.74335933548353,9.38477775559316,9.38477775559316,9.38477775559316,"603-1115.5",0.505431184308715,0.494568815691285
"oarfish","cqn","SCLC_A","SRR30947491",NA,2.16048366069554,9.38477775559316,9.38477775559316,9.38477775559316,"1115.5-2425.25",0.230211488962318,0.769788511037682
"oarfish","cqn","SCLC_A","SRR30947491",NA,8.33037720119228,9.38477775559316,9.38477775559316,9.38477775559316,"191-603",0.887647786462234,0.112352213537766
"oarfish","cqn","SCLC_A","SRR30947491",NA,2.19585524908991,9.38477775559316,9.38477775559316,9.38477775559316,"2425.25-12059",0.23398052743244,0.76601947256756
"oarfish","cqn","SCLC_A","SRR30947491",NA,4.44651381534094,9.38477775559316,9.38477775559316,9.38477775559316,"603-1115.5",0.473800651559478,0.526199348440522
"oarfish","cqn","SCLC_A","SRR30947494",NA,2.13065700051388,9.38477775559316,9.38477775559316,9.38477775559316,"1115.5-2425.25",0.22703329327581,0.77296670672419
"oarfish","cqn","SCLC_A","SRR30947494",NA,8.37343012850581,9.38477775559316,9.38477775559316,9.38477775559316,"191-603",0.892235314098451,0.107764685901549
"oarfish","cqn","SCLC_A","SRR30947494",NA,2.18702723080384,9.38477775559316,9.38477775559316,9.38477775559316,"2425.25-12059",0.233039853234714,0.766960146765286
"oarfish","cqn","SCLC_A","SRR30947494",NA,4.47124119769133,9.38477775559316,9.38477775559316,9.38477775559316,"603-1115.5",0.476435490976497,0.523564509023503
"oarfish","cqn","SCLC_A","SRR30947496",NA,2.13245114266004,9.38477775559316,9.38477775559316,9.38477775559316,"1115.5-2425.25",0.227224469049268,0.772775530950732
"oarfish","cqn","SCLC_A","SRR30947496",NA,8.2965080514814,9.38477775559316,9.38477775559316,9.38477775559316,"191-603",0.884038841147499,0.115961158852501
"oarfish","cqn","SCLC_A","SRR30947496",NA,2.1616580217023,9.38477775559316,9.38477775559316,9.38477775559316,"2425.25-12059",0.230336623625849,0.769663376374151
"oarfish","cqn","SCLC_A","SRR30947496",NA,4.31071530530205,9.38477775559316,9.38477775559316,9.38477775559316,"603-1115.5",0.459330568881393,0.540669431118607
"oarfish","ratio_counts","LUAD","SRR30947497",NA,2.12791205195647,9.38477775559316,9.38477775559316,9.38477775559316,"1115.5-2425.25",0.226740803818,0.773259196182
"oarfish","ratio_counts","LUAD","SRR30947497",NA,8.23787241393565,9.38477775559316,9.38477775559316,9.38477775559316,"191-603",0.877790889509986,0.122209110490014
"oarfish","ratio_counts","LUAD","SRR30947497",NA,2.1021883007154,9.38477775559316,9.38477775559316,9.38477775559316,"2425.25-12059",0.223999795782327,0.776000204217673
"oarfish","ratio_counts","LUAD","SRR30947497",NA,4.23020481801388,9.38477775559316,9.38477775559316,9.38477775559316,"603-1115.5",0.450751730960571,0.549248269039428
"oarfish","ratio_counts","LUAD","SRR30947498",NA,2.07557297904291,9.38477775559316,9.38477775559316,9.38477775559316,"1115.5-2425.25",0.221163785983734,0.778836214016266
"oarfish","ratio_counts","LUAD","SRR30947498",NA,8.20299284027142,9.38477775559316,9.38477775559316,9.38477775559316,"191-603",0.874074277931897,0.125925722068103
"oarfish","ratio_counts","LUAD","SRR30947498",NA,2.05781983753297,9.38477775559316,9.38477775559316,9.38477775559316,"2425.25-12059",0.219272090519836,0.780727909480164
"oarfish","ratio_counts","LUAD","SRR30947498",NA,4.1555740689171,9.38477775559316,9.38477775559316,9.38477775559316,"603-1115.5",0.442799411679244,0.557200588320756
"oarfish","ratio_counts","LUAD","SRR30947499",NA,2.06011792067102,9.38477775559316,9.38477775559316,9.38477775559316,"1115.5-2425.25",0.21951696399451,0.78048303600549
"oarfish","ratio_counts","LUAD","SRR30947499",NA,8.20277338844511,9.38477775559316,9.38477775559316,9.38477775559316,"191-603",0.874050894125479,0.125949105874521
"oarfish","ratio_counts","LUAD","SRR30947499",NA,2.06211082253979,9.38477775559316,9.38477775559316,9.38477775559316,"2425.25-12059",0.219729318716238,0.780270681283762
"oarfish","ratio_counts","LUAD","SRR30947499",NA,4.1740363840372,9.38477775559316,9.38477775559316,9.38477775559316,"603-1115.5",0.444766673515476,0.555233326484524
"oarfish","ratio_counts","SCLC_A","SRR30947491",NA,2.11355730281367,9.38477775559316,9.38477775559316,9.38477775559316,"1115.5-2425.25",0.225211225865634,0.774788774134366
"oarfish","ratio_counts","SCLC_A","SRR30947491",NA,8.2384793392712,9.38477775559316,9.38477775559316,9.38477775559316,"191-603",0.877855560762876,0.122144439237124
"oarfish","ratio_counts","SCLC_A","SRR30947491",NA,2.1122543973322,9.38477775559316,9.38477775559316,9.38477775559316,"2425.25-12059",0.225072394077029,0.774927605922971
"oarfish","ratio_counts","SCLC_A","SRR30947491",NA,4.17847381557115,9.38477775559316,9.38477775559316,9.38477775559316,"603-1115.5",0.445239506399697,0.554760493600303
"oarfish","ratio_counts","SCLC_A","SRR30947494",NA,2.07563923533104,9.38477775559316,9.38477775559316,9.38477775559316,"1115.5-2425.25",0.22117084595786,0.77882915404214
"oarfish","ratio_counts","SCLC_A","SRR30947494",NA,8.22923021653744,9.38477775559316,9.38477775559316,9.38477775559316,"191-603",0.876870015556092,0.123129984443908
"oarfish","ratio_counts","SCLC_A","SRR30947494",NA,2.11486869803683,9.38477775559316,9.38477775559316,9.38477775559316,"2425.25-12059",0.225350962283194,0.774649037716806
"oarfish","ratio_counts","SCLC_A","SRR30947494",NA,4.14083646253004,9.38477775559316,9.38477775559316,9.38477775559316,"603-1115.5",0.441229038168983,0.558770961831017
"oarfish","ratio_counts","SCLC_A","SRR30947496",NA,2.09606134185032,9.38477775559316,9.38477775559316,9.38477775559316,"1115.5-2425.25",0.22334693441207,0.77665306558793
"oarfish","ratio_counts","SCLC_A","SRR30947496",NA,8.23554058269532,9.38477775559316,9.38477775559316,9.38477775559316,"191-603",0.877542419988272,0.122457580011728
"oarfish","ratio_counts","SCLC_A","SRR30947496",NA,2.11341835823725,9.38477775559316,9.38477775559316,9.38477775559316,"2425.25-12059",0.225196420552174,0.774803579447826
"oarfish","ratio_counts","SCLC_A","SRR30947496",NA,4.18101904308548,9.38477775559316,9.38477775559316,9.38477775559316,"603-1115.5",0.445510714475223,0.554489285524777
