"Tool","Normalization","Condition","Sample","Correlation","RMSE","max_observed","min_observed","mean_expected","LengthQuantile","NRMSE","Similarity"
"bambu","CPM","B20K80","B20K80_1",0.33930041146052,5.00538039341577,10.941345882157,6.09156234168924,8.42061003793181,"All",0.594420163250446,0.405579836749554
"bambu","CPM","B20K80","B20K80_2",0.364108246829078,4.87148811963669,10.941345882157,6.09156234168924,8.42061003793181,"All",0.5785196200385,0.4214803799615
"bambu","CPM","B20K80","B20K80_3",0.336944357060872,4.97596832045947,10.941345882157,6.09156234168924,8.42061003793181,"All",0.590927296008785,0.409072703991215
"bambu","CPM","B20K80","B20K80_4",0.354171803195791,4.82293550077428,10.941345882157,6.09156234168924,8.42061003793181,"All",0.572753693503047,0.427246306496953
"bambu","CPM","B20K80","B20K80_5",0.34624081552454,4.80700928652362,10.941345882157,6.09156234168924,8.42061003793181,"All",0.570862356155882,0.429137643844118
"bambu","CPM","B80K20","B80K20_1",NA,5.1616822520029,9.58147305098662,9.58147305098662,9.58147305098662,"All",0.538714895354363,0.461285104645637
"bambu","CPM","B80K20","B80K20_2",NA,4.96851771032189,9.58147305098662,9.58147305098662,9.58147305098662,"All",0.518554681924432,0.481445318075568
"bambu","CPM","B80K20","B80K20_3",NA,4.96556832635791,9.58147305098662,9.58147305098662,9.58147305098662,"All",0.518246860366277,0.481753139633723
"bambu","CPM","B80K20","B80K20_4",NA,5.11518308730563,9.58147305098662,9.58147305098662,9.58147305098662,"All",0.533861866550771,0.466138133449229
"bambu","CPM","B80K20","B80K20_5",NA,4.97376481726698,9.58147305098662,9.58147305098662,9.58147305098662,"All",0.519102312431471,0.480897687568529
"bambu","CPM","Brain","B31",NA,4.9582899031739,9.58147305098662,9.58147305098662,9.58147305098662,"All",0.51748722527204,0.48251277472796
"bambu","CPM","Brain","B32",NA,4.8637217368846,9.58147305098662,9.58147305098662,9.58147305098662,"All",0.507617326793376,0.492382673206624
"bambu","CPM","Brain","B33",NA,4.98915897640297,9.58147305098662,9.58147305098662,9.58147305098662,"All",0.520708971350624,0.479291028649376
"bambu","CPM","Brain","B34",NA,5.11594067358854,9.58147305098662,9.58147305098662,9.58147305098662,"All",0.53394093438083,0.46605906561917
"bambu","CPM","Brain","B35",NA,5.15555434939486,9.58147305098662,9.58147305098662,9.58147305098662,"All",0.538075337890136,0.461924662109864
"bambu","CPM","Kidney","K31",0.243279831624617,5.05491166817029,10.2745857333318,8.19538565416613,9.33037926038807,"All",0.541769152903656,0.458230847096344
"bambu","CPM","Kidney","K32",0.246406113640409,5.00914580112884,10.2745857333318,8.19538565416613,9.33037926038807,"All",0.536864114666278,0.463135885333722
"bambu","CPM","Kidney","K33",0.234606211357156,4.99065842669801,10.2745857333318,8.19538565416613,9.33037926038807,"All",0.534882697414643,0.465117302585357
"bambu","CPM","Kidney","K34",0.235730631574503,4.97054396257257,10.2745857333318,8.19538565416613,9.33037926038807,"All",0.532726893929694,0.467273106070306
"bambu","CPM","Kidney","K35",0.242528498290045,4.93856147654372,10.2745857333318,8.19538565416613,9.33037926038807,"All",0.529299114078919,0.470700885921081
"bambu","EDA","B20K80","B20K80_1",0.343961103094312,4.9853079653227,10.941345882157,6.09156234168924,8.42061003793181,"All",0.592036437130527,0.407963562869473
"bambu","EDA","B20K80","B20K80_2",0.373960949151228,4.84029009038413,10.941345882157,6.09156234168924,8.42061003793181,"All",0.57481465933945,0.42518534066055
"bambu","EDA","B20K80","B20K80_3",0.367507717220931,4.83912904839088,10.941345882157,6.09156234168924,8.42061003793181,"All",0.574676778356004,0.425323221643996
"bambu","EDA","B20K80","B20K80_4",0.380202290219652,4.7570324019965,10.941345882157,6.09156234168924,8.42061003793181,"All",0.564927289183062,0.435072710816938
"bambu","EDA","B20K80","B20K80_5",0.34533492328451,4.80355515459374,10.941345882157,6.09156234168924,8.42061003793181,"All",0.570452156429933,0.429547843570067
"bambu","EDA","B80K20","B80K20_1",NA,5.03162534406345,9.58147305098662,9.58147305098662,9.58147305098662,"All",0.525141104847686,0.474858895152314
"bambu","EDA","B80K20","B80K20_2",NA,4.87907172483188,9.58147305098662,9.58147305098662,9.58147305098662,"All",0.509219375650122,0.490780624349878
"bambu","EDA","B80K20","B80K20_3",NA,4.79647448073755,9.58147305098662,9.58147305098662,9.58147305098662,"All",0.500598859404363,0.499401140595637
"bambu","EDA","B80K20","B80K20_4",NA,4.94154469076728,9.58147305098662,9.58147305098662,9.58147305098662,"All",0.515739559509426,0.484260440490574
"bambu","EDA","B80K20","B80K20_5",NA,4.88300557112965,9.58147305098662,9.58147305098662,9.58147305098662,"All",0.509629943657446,0.490370056342554
"bambu","EDA","Brain","B31",NA,4.95785699931212,9.58147305098662,9.58147305098662,9.58147305098662,"All",0.517442043924718,0.482557956075282
"bambu","EDA","Brain","B32",NA,4.83262976598099,9.58147305098662,9.58147305098662,9.58147305098662,"All",0.504372317311205,0.495627682688795
"bambu","EDA","Brain","B33",NA,4.92261570144891,9.58147305098662,9.58147305098662,9.58147305098662,"All",0.513763977131055,0.486236022868945
"bambu","EDA","Brain","B34",NA,4.92936714931471,9.58147305098662,9.58147305098662,9.58147305098662,"All",0.514468612820147,0.485531387179853
"bambu","EDA","Brain","B35",NA,5.0621224792535,9.58147305098662,9.58147305098662,9.58147305098662,"All",0.528324032465159,0.471675967534841
"bambu","EDA","Kidney","K31",0.225169669200067,5.17863054149076,10.2745857333318,8.19538565416613,9.33037926038807,"All",0.555028943301,0.444971056699
"bambu","EDA","Kidney","K32",0.25731502660403,4.94055131764321,10.2745857333318,8.19538565416613,9.33037926038807,"All",0.529512378839541,0.470487621160459
"bambu","EDA","Kidney","K33",0.247804565833627,4.94754657456301,10.2745857333318,8.19538565416613,9.33037926038807,"All",0.530262107947499,0.469737892052501
"bambu","EDA","Kidney","K34",0.244228632583955,4.91960129683572,10.2745857333318,8.19538565416613,9.33037926038807,"All",0.527267023080378,0.472732976919622
"bambu","EDA","Kidney","K35",0.244666113779394,4.98724140082295,10.2745857333318,8.19538565416613,9.33037926038807,"All",0.534516471586121,0.465483528413879
"bambu","TPM","B20K80","B20K80_1",0.413736673340648,4.79200653333483,10.941345882157,6.09156234168924,8.42061003793181,"All",0.569080685573678,0.430919314426322
"bambu","TPM","B20K80","B20K80_2",0.450036102948569,4.69130284831983,10.941345882157,6.09156234168924,8.42061003793181,"All",0.557121494427031,0.442878505572969
"bambu","TPM","B20K80","B20K80_3",0.397392326993378,4.74989043798835,10.941345882157,6.09156234168924,8.42061003793181,"All",0.564079136379884,0.435920863620116
"bambu","TPM","B20K80","B20K80_4",0.447521193332908,4.62812874246593,10.941345882157,6.09156234168924,8.42061003793181,"All",0.549619175050012,0.450380824949988
"bambu","TPM","B20K80","B20K80_5",0.420207239043169,4.59144219811853,10.941345882157,6.09156234168924,8.42061003793181,"All",0.545262418926389,0.454737581073611
"bambu","TPM","B80K20","B80K20_1",NA,4.85427360395298,9.58147305098662,9.58147305098662,9.58147305098662,"All",0.506631243246374,0.493368756753626
"bambu","TPM","B80K20","B80K20_2",NA,4.71253093369874,9.58147305098662,9.58147305098662,9.58147305098662,"All",0.491837832097589,0.508162167902411
"bambu","TPM","B80K20","B80K20_3",NA,4.72375456539375,9.58147305098662,9.58147305098662,9.58147305098662,"All",0.493009221051593,0.506990778948407
"bambu","TPM","B80K20","B80K20_4",NA,4.81760643333137,9.58147305098662,9.58147305098662,9.58147305098662,"All",0.502804360842542,0.497195639157458
"bambu","TPM","B80K20","B80K20_5",NA,4.72372711181402,9.58147305098662,9.58147305098662,9.58147305098662,"All",0.493006355774033,0.506993644225967
"bambu","TPM","Brain","B31",NA,4.71208014943186,9.58147305098662,9.58147305098662,9.58147305098662,"All",0.491790784606616,0.508209215393384
"bambu","TPM","Brain","B32",NA,4.65204712230977,9.58147305098662,9.58147305098662,9.58147305098662,"All",0.485525252490351,0.514474747509649
"bambu","TPM","Brain","B33",NA,4.72819238740923,9.58147305098662,9.58147305098662,9.58147305098662,"All",0.493472388039787,0.506527611960213
"bambu","TPM","Brain","B34",NA,4.8170366320714,9.58147305098662,9.58147305098662,9.58147305098662,"All",0.50274489177584,0.49725510822416
"bambu","TPM","Brain","B35",NA,4.8924825779082,9.58147305098662,9.58147305098662,9.58147305098662,"All",0.510619040712578,0.489380959287422
"bambu","TPM","Kidney","K31",0.297981756858274,4.71591492812892,10.2745857333318,8.19538565416613,9.33037926038807,"All",0.505436574068349,0.494563425931651
"bambu","TPM","Kidney","K32",0.300910978775559,4.68494186283526,10.2745857333318,8.19538565416613,9.33037926038807,"All",0.502116980681062,0.497883019318938
"bambu","TPM","Kidney","K33",0.300568602187824,4.67487370975884,10.2745857333318,8.19538565416613,9.33037926038807,"All",0.501037908459512,0.498962091540488
"bambu","TPM","Kidney","K34",0.285599136935209,4.68245246197407,10.2745857333318,8.19538565416613,9.33037926038807,"All",0.501850174714047,0.498149825285953
"bambu","TPM","Kidney","K35",0.293987363334705,4.65410567150851,10.2745857333318,8.19538565416613,9.33037926038807,"All",0.498812057004737,0.501187942995263
"bambu","cqn","B20K80","B20K80_1",0.311011466435735,5.06584758902699,10.941345882157,6.09156234168924,8.42061003793181,"All",0.601601020140723,0.398398979859277
"bambu","cqn","B20K80","B20K80_2",0.331310521669011,4.74773726451309,10.941345882157,6.09156234168924,8.42061003793181,"All",0.56382343359047,0.43617656640953
"bambu","cqn","B20K80","B20K80_3",0.340190319966353,4.78892747012047,10.941345882157,6.09156234168924,8.42061003793181,"All",0.568715027598722,0.431284972401278
"bambu","cqn","B20K80","B20K80_4",0.377237756729741,4.71868319644284,10.941345882157,6.09156234168924,8.42061003793181,"All",0.560373081663547,0.439626918336453
"bambu","cqn","B20K80","B20K80_5",0.329315318190518,4.88185948569117,10.941345882157,6.09156234168924,8.42061003793181,"All",0.579751284491285,0.420248715508715
"bambu","cqn","B80K20","B80K20_1",NA,5.42924790609908,9.58147305098662,9.58147305098662,9.58147305098662,"All",0.566640210456995,0.433359789543005
"bambu","cqn","B80K20","B80K20_2",NA,5.33551800763915,9.58147305098662,9.58147305098662,9.58147305098662,"All",0.556857800386939,0.443142199613061
"bambu","cqn","B80K20","B80K20_3",NA,5.18166963801048,9.58147305098662,9.58147305098662,9.58147305098662,"All",0.54080094056904,0.45919905943096
"bambu","cqn","B80K20","B80K20_4",NA,5.44795726224147,9.58147305098662,9.58147305098662,9.58147305098662,"All",0.568592870141245,0.431407129858755
"bambu","cqn","B80K20","B80K20_5",NA,5.22704873309577,9.58147305098662,9.58147305098662,9.58147305098662,"All",0.545537069851439,0.454462930148561
"bambu","cqn","Brain","B31",NA,4.7502753601565,9.58147305098662,9.58147305098662,9.58147305098662,"All",0.495777145630792,0.504222854369208
"bambu","cqn","Brain","B32",NA,4.67710005471094,9.58147305098662,9.58147305098662,9.58147305098662,"All",0.488139979084879,0.511860020915121
"bambu","cqn","Brain","B33",NA,4.72260267716051,9.58147305098662,9.58147305098662,9.58147305098662,"All",0.492889000681812,0.507110999318188
"bambu","cqn","Brain","B34",NA,4.70946637434212,9.58147305098662,9.58147305098662,9.58147305098662,"All",0.491517989904191,0.508482010095809
"bambu","cqn","Brain","B35",NA,4.7555490095947,9.58147305098662,9.58147305098662,9.58147305098662,"All",0.496327546327024,0.503672453672976
"bambu","cqn","Kidney","K31",0.214073304798301,4.63265853655577,10.2745857333318,8.19538565416613,9.33037926038807,"All",0.496513422152476,0.503486577847524
"bambu","cqn","Kidney","K32",0.25872257479805,4.49890344189,10.2745857333318,8.19538565416613,9.33037926038807,"All",0.482177981873684,0.517822018126316
"bambu","cqn","Kidney","K33",0.246377996718066,4.53077535299699,10.2745857333318,8.19538565416613,9.33037926038807,"All",0.485593910660449,0.514406089339551
"bambu","cqn","Kidney","K34",0.245279310429534,4.47670743350595,10.2745857333318,8.19538565416613,9.33037926038807,"All",0.479799085178854,0.520200914821146
"bambu","cqn","Kidney","K35",0.23661293709886,4.51724345458278,10.2745857333318,8.19538565416613,9.33037926038807,"All",0.484143605368824,0.515856394631176
"bambu","ratio_counts","B20K80","B20K80_1",0.5910019523835,4.57856514279145,10.9180949312313,6.06836418053216,8.48073426379568,"All",0.539878387928906,0.460121612071094
"bambu","ratio_counts","B20K80","B20K80_2",0.572947020029186,4.55707930399446,10.9180949312313,6.06836418053216,8.48073426379568,"All",0.537344899892532,0.462655100107468
"bambu","ratio_counts","B20K80","B20K80_3",0.609171884306949,4.5230053141335,10.9180949312313,6.06836418053216,8.48073426379568,"All",0.533327088603902,0.466672911396098
"bambu","ratio_counts","B20K80","B20K80_4",0.601249318684707,4.45710443951945,10.9180949312313,6.06836418053216,8.48073426379568,"All",0.525556431893741,0.474443568106259
"bambu","ratio_counts","B20K80","B20K80_5",0.597060702215185,4.4006560705871,10.9180949312313,6.06836418053216,8.48073426379568,"All",0.518900360947935,0.481099639052065
"bambu","ratio_counts","B80K20","B80K20_1",0.0596497639063152,4.50647937270266,9.7768967577031,9.4892565973559,9.57263055687683,"All",0.470767083919819,0.529232916080181
"bambu","ratio_counts","B80K20","B80K20_2",0.211192407343981,4.4989667262511,9.7768967577031,9.4892565973559,9.57263055687683,"All",0.469982279115443,0.530017720884557
"bambu","ratio_counts","B80K20","B80K20_3",0.143481864531407,4.49771472070132,9.7768967577031,9.4892565973559,9.57263055687683,"All",0.469851488990164,0.530148511009836
"bambu","ratio_counts","B80K20","B80K20_4",0.161215578125176,4.49863315421403,9.7768967577031,9.4892565973559,9.57263055687683,"All",0.469947432681635,0.530052567318365
"bambu","ratio_counts","B80K20","B80K20_5",0.140257552968903,4.49679738860269,9.7768967577031,9.4892565973559,9.57263055687683,"All",0.469755660357358,0.530244339642642
"bambu","ratio_counts","Brain","B31",0.148318331875162,4.50072686607169,9.7768967577031,9.4892565973559,9.57263055687683,"All",0.470166151229814,0.529833848770186
"bambu","ratio_counts","Brain","B32",0.0515889850000564,4.50214264123924,9.7768967577031,9.4892565973559,9.57263055687683,"All",0.47031404946522,0.52968595053478
"bambu","ratio_counts","Brain","B33",0.177337135937694,4.4969826034984,9.7768967577031,9.4892565973559,9.57263055687683,"All",0.469775008737576,0.530224991262424
"bambu","ratio_counts","Brain","B34",0.188622226406456,4.49962614761424,9.7768967577031,9.4892565973559,9.57263055687683,"All",0.470051165233968,0.529948834766032
"bambu","ratio_counts","Brain","B35",0.183182653703887,4.64192452935685,9.7768967577031,9.4892565973559,9.57263055687683,"All",0.484916293570126,0.515083706429874
"bambu","ratio_counts","Kidney","K31",0.596591204127395,4.36221382437214,10.2274130787615,8.14822466148066,9.3665794783839,"All",0.465721113501382,0.534278886498618
"bambu","ratio_counts","Kidney","K32",0.62546496302634,4.35689099004753,10.2274130787615,8.14822466148066,9.3665794783839,"All",0.465152834084452,0.534847165915548
"bambu","ratio_counts","Kidney","K33",0.603857196155983,4.35679435713818,10.2274130787615,8.14822466148066,9.3665794783839,"All",0.465142517307705,0.534857482692295
"bambu","ratio_counts","Kidney","K34",0.598150919693741,4.36483145663136,10.2274130787615,8.14822466148066,9.3665794783839,"All",0.466000578621521,0.533999421378478
"bambu","ratio_counts","Kidney","K35",0.612359548084724,4.35842057365156,10.2274130787615,8.14822466148066,9.3665794783839,"All",0.465316136345171,0.534683863654829
"flair","CPM","B20K80","B20K80_1",0.403355226891492,4.58584056175621,10.941345882157,6.09156234168924,8.42061003793181,"All",0.544597189645246,0.455402810354754
"flair","CPM","B20K80","B20K80_2",0.449280545227579,4.4947338713738,10.941345882157,6.09156234168924,8.42061003793181,"All",0.533777701511725,0.466222298488275
"flair","CPM","B20K80","B20K80_3",0.389373726698698,4.68748773775972,10.941345882157,6.09156234168924,8.42061003793181,"All",0.556668426235662,0.443331573764338
"flair","CPM","B20K80","B20K80_4",0.412717064333342,4.39333164504335,10.941345882157,6.09156234168924,8.42061003793181,"All",0.52173555422386,0.47826444577614
"flair","CPM","B20K80","B20K80_5",0.419353452868633,4.47924797823496,10.941345882157,6.09156234168924,8.42061003793181,"All",0.531938655044891,0.468061344955109
"flair","CPM","B80K20","B80K20_1",NA,4.87715034172096,9.58147305098662,9.58147305098662,9.58147305098662,"All",0.509018844573043,0.490981155426957
"flair","CPM","B80K20","B80K20_2",NA,4.63637082622302,9.58147305098662,9.58147305098662,9.58147305098662,"All",0.483889147477757,0.516110852522243
"flair","CPM","B80K20","B80K20_3",NA,4.64088902753929,9.58147305098662,9.58147305098662,9.58147305098662,"All",0.4843607034997,0.5156392965003
"flair","CPM","B80K20","B80K20_4",NA,4.81928322796712,9.58147305098662,9.58147305098662,9.58147305098662,"All",0.502979364688696,0.497020635311304
"flair","CPM","B80K20","B80K20_5",NA,4.65256879197776,9.58147305098662,9.58147305098662,9.58147305098662,"All",0.485579698154939,0.514420301845061
"flair","CPM","Brain","B31",NA,4.60521210446167,9.58147305098662,9.58147305098662,9.58147305098662,"All",0.48063717133635,0.51936282866365
"flair","CPM","Brain","B32",NA,4.49551511272807,9.58147305098662,9.58147305098662,9.58147305098662,"All",0.46918830630799,0.53081169369201
"flair","CPM","Brain","B33",NA,4.64857921424699,9.58147305098662,9.58147305098662,9.58147305098662,"All",0.485163313564642,0.514836686435358
"flair","CPM","Brain","B34",NA,4.84242842021467,9.58147305098662,9.58147305098662,9.58147305098662,"All",0.505394984095482,0.494605015904518
"flair","CPM","Brain","B35",NA,4.85643983724542,9.58147305098662,9.58147305098662,9.58147305098662,"All",0.506857328868169,0.493142671131831
"flair","CPM","Kidney","K31",0.238231635092776,4.7549680533,10.2745857333318,8.19538565416613,9.33037926038807,"All",0.509622162250909,0.490377837749091
"flair","CPM","Kidney","K32",0.253846687049676,4.69885739244522,10.2745857333318,8.19538565416613,9.33037926038807,"All",0.503608402328737,0.496391597671263
"flair","CPM","Kidney","K33",0.244836177939895,4.69232753437544,10.2745857333318,8.19538565416613,9.33037926038807,"All",0.502908553170675,0.497091446829325
"flair","CPM","Kidney","K34",0.241810365834148,4.6787299770725,10.2745857333318,8.19538565416613,9.33037926038807,"All",0.501451210770815,0.498548789229185
"flair","CPM","Kidney","K35",0.254326004096382,4.66045242958994,10.2745857333318,8.19538565416613,9.33037926038807,"All",0.499492282095733,0.500507717904267
"flair","EDA","B20K80","B20K80_1",0.386040032568743,4.63966374719874,10.941345882157,6.09156234168924,8.42061003793181,"All",0.550989028858804,0.449010971141196
"flair","EDA","B20K80","B20K80_2",0.442422101960574,4.50324311596406,10.941345882157,6.09156234168924,8.42061003793181,"All",0.534788227418034,0.465211772581966
"flair","EDA","B20K80","B20K80_3",0.403464771297494,4.62712868048207,10.941345882157,6.09156234168924,8.42061003793181,"All",0.549500411447452,0.450499588552548
"flair","EDA","B20K80","B20K80_4",0.411528095175907,4.41605728225511,10.941345882157,6.09156234168924,8.42061003793181,"All",0.524434365486867,0.475565634513133
"flair","EDA","B20K80","B20K80_5",0.400972707395569,4.56835184492047,10.941345882157,6.09156234168924,8.42061003793181,"All",0.542520295363602,0.457479704636398
"flair","EDA","B80K20","B80K20_1",NA,4.83792080769469,9.58147305098662,9.58147305098662,9.58147305098662,"All",0.504924533205938,0.495075466794062
"flair","EDA","B80K20","B80K20_2",NA,4.58265067192276,9.58147305098662,9.58147305098662,9.58147305098662,"All",0.478282477812832,0.521717522187168
"flair","EDA","B80K20","B80K20_3",NA,4.57411628006872,9.58147305098662,9.58147305098662,9.58147305098662,"All",0.477391759672873,0.522608240327127
"flair","EDA","B80K20","B80K20_4",NA,4.6884503573988,9.58147305098662,9.58147305098662,9.58147305098662,"All",0.489324588447913,0.510675411552087
"flair","EDA","B80K20","B80K20_5",NA,4.63634961818622,9.58147305098662,9.58147305098662,9.58147305098662,"All",0.483886934035556,0.516113065964444
"flair","EDA","Brain","B31",NA,4.65086047385686,9.58147305098662,9.58147305098662,9.58147305098662,"All",0.485401404262986,0.514598595737014
"flair","EDA","Brain","B32",NA,4.50728605745217,9.58147305098662,9.58147305098662,9.58147305098662,"All",0.47041681727509,0.52958318272491
"flair","EDA","Brain","B33",NA,4.64666015257697,9.58147305098662,9.58147305098662,9.58147305098662,"All",0.484963024771905,0.515036975228095
"flair","EDA","Brain","B34",NA,4.70480790311552,9.58147305098662,9.58147305098662,9.58147305098662,"All",0.491031794180233,0.508968205819767
"flair","EDA","Brain","B35",NA,4.81323252499085,9.58147305098662,9.58147305098662,9.58147305098662,"All",0.502347864402251,0.497652135597749
"flair","EDA","Kidney","K31",0.229801057636879,4.90997707466857,10.2745857333318,8.19538565416613,9.33037926038807,"All",0.526235529943973,0.473764470056027
"flair","EDA","Kidney","K32",0.256021752951787,4.67686920503369,10.2745857333318,8.19538565416613,9.33037926038807,"All",0.501251779216439,0.498748220783561
"flair","EDA","Kidney","K33",0.244903571002051,4.68821580988412,10.2745857333318,8.19538565416613,9.33037926038807,"All",0.502467871781787,0.497532128218213
"flair","EDA","Kidney","K34",0.242361188098869,4.69690875370132,10.2745857333318,8.19538565416613,9.33037926038807,"All",0.503399553503891,0.496600446496109
"flair","EDA","Kidney","K35",0.246212708467122,4.77776573113399,10.2745857333318,8.19538565416613,9.33037926038807,"All",0.512065543939666,0.487934456060334
"flair","TPM","B20K80","B20K80_1",0.484118940261824,4.31977350000702,10.941345882157,6.09156234168924,8.42061003793181,"All",0.513000065381012,0.486999934618988
"flair","TPM","B20K80","B20K80_2",0.549019002316182,4.28665070374462,10.941345882157,6.09156234168924,8.42061003793181,"All",0.509066526585937,0.490933473414063
"flair","TPM","B20K80","B20K80_3",0.456026552894488,4.43746862214817,10.941345882157,6.09156234168924,8.42061003793181,"All",0.526977095739974,0.473022904260026
"flair","TPM","B20K80","B20K80_4",0.513497972505542,4.14199508980503,10.941345882157,6.09156234168924,8.42061003793181,"All",0.491887769549574,0.508112230450426
"flair","TPM","B20K80","B20K80_5",0.497519777766613,4.22764517124041,10.941345882157,6.09156234168924,8.42061003793181,"All",0.502059251312719,0.497940748687281
"flair","TPM","B80K20","B80K20_1",NA,4.4972474172141,9.58147305098662,9.58147305098662,9.58147305098662,"All",0.469369103610953,0.530630896389047
"flair","TPM","B80K20","B80K20_2",NA,4.31537081995923,9.58147305098662,9.58147305098662,9.58147305098662,"All",0.450386991331658,0.549613008668342
"flair","TPM","B80K20","B80K20_3",NA,4.33618421675212,9.58147305098662,9.58147305098662,9.58147305098662,"All",0.452559245710723,0.547440754289277
"flair","TPM","B80K20","B80K20_4",NA,4.45104575565033,9.58147305098662,9.58147305098662,9.58147305098662,"All",0.46454712463988,0.53545287536012
"flair","TPM","B80K20","B80K20_5",NA,4.33783029711285,9.58147305098662,9.58147305098662,9.58147305098662,"All",0.452731043966791,0.547268956033209
"flair","TPM","Brain","B31",NA,4.30117876881528,9.58147305098662,9.58147305098662,9.58147305098662,"All",0.448905794122375,0.551094205877625
"flair","TPM","Brain","B32",NA,4.23025480723326,9.58147305098662,9.58147305098662,9.58147305098662,"All",0.44150359602563,0.55849640397437
"flair","TPM","Brain","B33",NA,4.3257964995718,9.58147305098662,9.58147305098662,9.58147305098662,"All",0.451475099554381,0.548524900445619
"flair","TPM","Brain","B34",NA,4.46896050603292,9.58147305098662,9.58147305098662,9.58147305098662,"All",0.466416852842136,0.533583147157864
"flair","TPM","Brain","B35",NA,4.52745573799852,9.58147305098662,9.58147305098662,9.58147305098662,"All",0.472521888221803,0.527478111778197
"flair","TPM","Kidney","K31",0.303568107842641,4.34952557270741,10.2745857333318,8.19538565416613,9.33037926038807,"All",0.4661681429364,0.5338318570636
"flair","TPM","Kidney","K32",0.311954176821794,4.31082604763395,10.2745857333318,8.19538565416613,9.33037926038807,"All",0.46202045247351,0.53797954752649
"flair","TPM","Kidney","K33",0.31144190563981,4.31029887981154,10.2745857333318,8.19538565416613,9.33037926038807,"All",0.461963952324085,0.538036047675915
"flair","TPM","Kidney","K34",0.293588306297314,4.32697438526363,10.2745857333318,8.19538565416613,9.33037926038807,"All",0.463751179293827,0.536248820706173
"flair","TPM","Kidney","K35",0.299413019366545,4.30945701528041,10.2745857333318,8.19538565416613,9.33037926038807,"All",0.46187372399492,0.53812627600508
"flair","cqn","B20K80","B20K80_1",0.367461620797589,5.11076897805517,10.941345882157,6.09156234168924,8.42061003793181,"All",0.606935715468714,0.393064284531286
"flair","cqn","B20K80","B20K80_2",0.413453704415741,4.49179943412466,10.941345882157,6.09156234168924,8.42061003793181,"All",0.533429218772835,0.466570781227165
"flair","cqn","B20K80","B20K80_3",0.399459669951822,4.64953621064282,10.941345882157,6.09156234168924,8.42061003793181,"All",0.552161445512658,0.447838554487342
"flair","cqn","B20K80","B20K80_4",0.430195380792721,4.44786308967696,10.941345882157,6.09156234168924,8.42061003793181,"All",0.528211503637022,0.471788496362978
"flair","cqn","B20K80","B20K80_5",0.390954681753623,4.88527250997884,10.941345882157,6.09156234168924,8.42061003793181,"All",0.580156602428143,0.419843397571857
"flair","cqn","B80K20","B80K20_1",NA,5.12325352962065,9.58147305098662,9.58147305098662,9.58147305098662,"All",0.534704163165506,0.465295836834494
"flair","cqn","B80K20","B80K20_2",NA,5.00994875760787,9.58147305098662,9.58147305098662,9.58147305098662,"All",0.522878761015978,0.477121238984022
"flair","cqn","B80K20","B80K20_3",NA,4.83982204924704,9.58147305098662,9.58147305098662,9.58147305098662,"All",0.505122962147107,0.494877037852893
"flair","cqn","B80K20","B80K20_4",NA,5.1047147647761,9.58147305098662,9.58147305098662,9.58147305098662,"All",0.532769307768439,0.467230692231561
"flair","cqn","B80K20","B80K20_5",NA,4.94777843133894,9.58147305098662,9.58147305098662,9.58147305098662,"All",0.516390163079304,0.483609836920696
"flair","cqn","Brain","B31",NA,4.36036684411511,9.58147305098662,9.58147305098662,9.58147305098662,"All",0.455083140234488,0.544916859765512
"flair","cqn","Brain","B32",NA,4.28409439806883,9.58147305098662,9.58147305098662,9.58147305098662,"All",0.447122731053101,0.552877268946899
"flair","cqn","Brain","B33",NA,4.32928745667666,9.58147305098662,9.58147305098662,9.58147305098662,"All",0.451839444064487,0.548160555935513
"flair","cqn","Brain","B34",NA,4.31153087517908,9.58147305098662,9.58147305098662,9.58147305098662,"All",0.449986223645968,0.550013776354032
"flair","cqn","Brain","B35",NA,4.35204969636505,9.58147305098662,9.58147305098662,9.58147305098662,"All",0.454215095445779,0.545784904554221
"flair","cqn","Kidney","K31",0.215803785250679,4.32438014976832,10.2745857333318,8.19538565416613,9.33037926038807,"All",0.463473137488353,0.536526862511647
"flair","cqn","Kidney","K32",0.262818915848204,4.13913746789434,10.2745857333318,8.19538565416613,9.33037926038807,"All",0.443619423431903,0.556380576568097
"flair","cqn","Kidney","K33",0.244881857145979,4.19444258584169,10.2745857333318,8.19538565416613,9.33037926038807,"All",0.449546847859562,0.550453152140438
"flair","cqn","Kidney","K34",0.243079371853385,4.1170891956045,10.2745857333318,8.19538565416613,9.33037926038807,"All",0.441256360615855,0.558743639384145
"flair","cqn","Kidney","K35",0.23279144371372,4.20802170798093,10.2745857333318,8.19538565416613,9.33037926038807,"All",0.451002214437948,0.548997785562052
"flair","ratio_counts","B20K80","B20K80_1",0.692167345451011,4.04973396410058,10.9180949312313,6.06836418053216,8.48073426379568,"All",0.477521619960306,0.522478380039694
"flair","ratio_counts","B20K80","B20K80_2",0.718542734564328,4.10414962196814,10.9180949312313,6.06836418053216,8.48073426379568,"All",0.483938005166462,0.516061994833538
"flair","ratio_counts","B20K80","B20K80_3",0.703992387401478,4.17484080510956,10.9180949312313,6.06836418053216,8.48073426379568,"All",0.492273507841412,0.507726492158588
"flair","ratio_counts","B20K80","B20K80_4",0.704251650934725,3.90605305487144,10.9180949312313,6.06836418053216,8.48073426379568,"All",0.460579583485644,0.539420416514356
"flair","ratio_counts","B20K80","B20K80_5",0.708918119116423,3.97569353357788,10.9180949312313,6.06836418053216,8.48073426379568,"All",0.468791193063335,0.531208806936665
"flair","ratio_counts","B80K20","B80K20_1",0.0707561653773537,4.04038478796987,9.7768967577031,9.4892565973559,9.57263055687683,"All",0.422076749328566,0.577923250671434
"flair","ratio_counts","B80K20","B80K20_2",0.228349442808733,4.0292655500437,9.7768967577031,9.4892565973559,9.57263055687683,"All",0.420915183773507,0.579084816226493
"flair","ratio_counts","B80K20","B80K20_3",0.154377088096045,4.02846759541497,9.7768967577031,9.4892565973559,9.57263055687683,"All",0.420831825847597,0.579168174152403
"flair","ratio_counts","B80K20","B80K20_4",0.210660401464394,4.03013904859888,9.7768967577031,9.4892565973559,9.57263055687683,"All",0.421006433357411,0.578993566642589
"flair","ratio_counts","B80K20","B80K20_5",0.149552804093043,4.02774009349368,9.7768967577031,9.4892565973559,9.57263055687683,"All",0.420755827728065,0.579244172271935
"flair","ratio_counts","Brain","B31",0.221917064138064,4.03158283307956,9.7768967577031,9.4892565973559,9.57263055687683,"All",0.421157257571518,0.578842742428482
"flair","ratio_counts","Brain","B32",0.110958532069032,4.03331793971719,9.7768967577031,9.4892565973559,9.57263055687683,"All",0.421338514607118,0.578661485392882
"flair","ratio_counts","Brain","B33",0.237998010814735,4.02710640005257,9.7768967577031,9.4892565973559,9.57263055687683,"All",0.420689629263877,0.579310370736123
"flair","ratio_counts","Brain","B34",0.192971360120056,4.03392773042966,9.7768967577031,9.4892565973559,9.57263055687683,"All",0.421402216084873,0.578597783915127
"flair","ratio_counts","Brain","B35",0.22207617227409,4.18919945299416,9.7768967577031,9.4892565973559,9.57263055687683,"All",0.437622597895487,0.562377402104513
"flair","ratio_counts","Kidney","K31",0.636942809274081,3.91811184967427,10.2274130787615,8.14822466148066,9.3665794783839,"All",0.418307649950171,0.581692350049829
"flair","ratio_counts","Kidney","K32",0.671796222655765,3.91060230807232,10.2274130787615,8.14822466148066,9.3665794783839,"All",0.417505912067171,0.582494087932829
"flair","ratio_counts","Kidney","K33",0.652709377875158,3.91200203218554,10.2274130787615,8.14822466148066,9.3665794783839,"All",0.417655350196261,0.582344649803739
"flair","ratio_counts","Kidney","K34",0.64826969429796,3.92123909459027,10.2274130787615,8.14822466148066,9.3665794783839,"All",0.418641522621963,0.581358477378037
"flair","ratio_counts","Kidney","K35",0.657130088445617,3.91656939637956,10.2274130787615,8.14822466148066,9.3665794783839,"All",0.418142973688333,0.581857026311667
"isoquant","CPM","B20K80","B20K80_1",0.444754822606833,5.12316406412799,10.941345882157,6.09156234168924,8.42061003793181,"All",0.608407709304906,0.391592290695094
"isoquant","CPM","B20K80","B20K80_2",0.464517914867005,4.99137536860745,10.941345882157,6.09156234168924,8.42061003793181,"All",0.592756979140835,0.407243020859165
"isoquant","CPM","B20K80","B20K80_3",0.423508343303563,5.11026843773037,10.941345882157,6.09156234168924,8.42061003793181,"All",0.606876273180975,0.393123726819025
"isoquant","CPM","B20K80","B20K80_4",0.440389052238134,4.96577918979013,10.941345882157,6.09156234168924,8.42061003793181,"All",0.589717273145424,0.410282726854576
"isoquant","CPM","B20K80","B20K80_5",0.430664286201146,4.95706531687334,10.941345882157,6.09156234168924,8.42061003793181,"All",0.588682446348133,0.411317553651867
"isoquant","CPM","B80K20","B80K20_1",NA,5.60946519539466,9.58147305098662,9.58147305098662,9.58147305098662,"All",0.585449143941081,0.414550856058919
"isoquant","CPM","B80K20","B80K20_2",NA,5.44645201964539,9.58147305098662,9.58147305098662,9.58147305098662,"All",0.568435770853059,0.431564229146941
"isoquant","CPM","B80K20","B80K20_3",NA,5.45912257122186,9.58147305098662,9.58147305098662,9.58147305098662,"All",0.569758172065173,0.430241827934827
"isoquant","CPM","B80K20","B80K20_4",NA,5.61379496271423,9.58147305098662,9.58147305098662,9.58147305098662,"All",0.585901033467517,0.414098966532483
"isoquant","CPM","B80K20","B80K20_5",NA,5.46570349788271,9.58147305098662,9.58147305098662,9.58147305098662,"All",0.570445010782543,0.429554989217457
"isoquant","CPM","Brain","B31",NA,5.44274402171354,9.58147305098662,9.58147305098662,9.58147305098662,"All",0.568048774207332,0.431951225792668
"isoquant","CPM","Brain","B32",NA,5.36394033010482,9.58147305098662,9.58147305098662,9.58147305098662,"All",0.559824183772294,0.440175816227706
"isoquant","CPM","Brain","B33",NA,5.46280775322591,9.58147305098662,9.58147305098662,9.58147305098662,"All",0.570142787456193,0.429857212543807
"isoquant","CPM","Brain","B34",NA,5.5837432921023,9.58147305098662,9.58147305098662,9.58147305098662,"All",0.582764598135287,0.417235401864713
"isoquant","CPM","Brain","B35",NA,5.62769369020536,9.58147305098662,9.58147305098662,9.58147305098662,"All",0.587351617048682,0.412648382951318
"isoquant","CPM","Kidney","K31",0.193290799569055,5.4870725715539,10.2745857333318,8.19538565416613,9.33037926038807,"All",0.588086766724387,0.411913233275613
"isoquant","CPM","Kidney","K32",0.20109938455469,5.45054028399395,10.2745857333318,8.19538565416613,9.33037926038807,"All",0.584171353798457,0.415828646201543
"isoquant","CPM","Kidney","K33",0.189159918723411,5.43277065842551,10.2745857333318,8.19538565416613,9.33037926038807,"All",0.582266862558334,0.417733137441666
"isoquant","CPM","Kidney","K34",0.17691697080647,5.43843818913801,10.2745857333318,8.19538565416613,9.33037926038807,"All",0.582874290247427,0.417125709752573
"isoquant","CPM","Kidney","K35",0.192290946551152,5.40320334491276,10.2745857333318,8.19538565416613,9.33037926038807,"All",0.579097933119604,0.420902066880396
"isoquant","EDA","B20K80","B20K80_1",0.445566539876883,5.12967602623002,10.941345882157,6.09156234168924,8.42061003793181,"All",0.609181045449519,0.390818954550481
"isoquant","EDA","B20K80","B20K80_2",0.464128219429928,4.99166801654577,10.941345882157,6.09156234168924,8.42061003793181,"All",0.592791732910099,0.407208267089901
"isoquant","EDA","B20K80","B20K80_3",0.456893293762874,4.98367210166277,10.941345882157,6.09156234168924,8.42061003793181,"All",0.59184216811052,0.40815783188948
"isoquant","EDA","B20K80","B20K80_4",0.470503824094152,4.90431937420487,10.941345882157,6.09156234168924,8.42061003793181,"All",0.582418536437703,0.417581463562297
"isoquant","EDA","B20K80","B20K80_5",0.431758843442753,4.9679324353168,10.941345882157,6.09156234168924,8.42061003793181,"All",0.589972984491392,0.410027015508608
"isoquant","EDA","B80K20","B80K20_1",NA,5.51679138447173,9.58147305098662,9.58147305098662,9.58147305098662,"All",0.575776955705538,0.424223044294462
"isoquant","EDA","B80K20","B80K20_2",NA,5.40276149413558,9.58147305098662,9.58147305098662,9.58147305098662,"All",0.563875874344733,0.436124125655267
"isoquant","EDA","B80K20","B80K20_3",NA,5.30933914874344,9.58147305098662,9.58147305098662,9.58147305098662,"All",0.554125562999598,0.445874437000402
"isoquant","EDA","B80K20","B80K20_4",NA,5.47261170540049,9.58147305098662,9.58147305098662,9.58147305098662,"All",0.571166007176419,0.428833992823581
"isoquant","EDA","B80K20","B80K20_5",NA,5.40056455623751,9.58147305098662,9.58147305098662,9.58147305098662,"All",0.563646584142028,0.436353415857972
"isoquant","EDA","Brain","B31",NA,5.46268680463745,9.58147305098662,9.58147305098662,9.58147305098662,"All",0.570130164283554,0.429869835716446
"isoquant","EDA","Brain","B32",NA,5.35520744072314,9.58147305098662,9.58147305098662,9.58147305098662,"All",0.55891274882537,0.44108725117463
"isoquant","EDA","Brain","B33",NA,5.42500423809347,9.58147305098662,9.58147305098662,9.58147305098662,"All",0.566197306951132,0.433802693048868
"isoquant","EDA","Brain","B34",NA,5.39681632952855,9.58147305098662,9.58147305098662,9.58147305098662,"All",0.563255388895847,0.436744611104153
"isoquant","EDA","Brain","B35",NA,5.54294949534842,9.58147305098662,9.58147305098662,9.58147305098662,"All",0.578507027661853,0.421492972338147
"isoquant","EDA","Kidney","K31",0.176701660582818,5.63821811050603,10.2745857333318,8.19538565416613,9.33037926038807,"All",0.604286058814669,0.395713941185331
"isoquant","EDA","Kidney","K32",0.202786191430758,5.42022245224009,10.2745857333318,8.19538565416613,9.33037926038807,"All",0.580921986231742,0.419078013768258
"isoquant","EDA","Kidney","K33",0.189151095760244,5.41819364275326,10.2745857333318,8.19538565416613,9.33037926038807,"All",0.580704544964864,0.419295455035136
"isoquant","EDA","Kidney","K34",0.188845118858802,5.38326257649666,10.2745857333318,8.19538565416613,9.33037926038807,"All",0.576960745781384,0.423039254218616
"isoquant","EDA","Kidney","K35",0.201122442029167,5.44231923518494,10.2745857333318,8.19538565416613,9.33037926038807,"All",0.583290248263562,0.416709751736438
"isoquant","TPM","B20K80","B20K80_1",0.509820311813672,4.93405511578832,10.941345882157,6.09156234168924,8.42061003793181,"All",0.585949841349046,0.414050158650954
"isoquant","TPM","B20K80","B20K80_2",0.546227215502059,4.82573845971066,10.941345882157,6.09156234168924,8.42061003793181,"All",0.573086562371663,0.426913437628337
"isoquant","TPM","B20K80","B20K80_3",0.482467014971016,4.90368924898446,10.941345882157,6.09156234168924,8.42061003793181,"All",0.582343705134795,0.417656294865205
"isoquant","TPM","B20K80","B20K80_4",0.532090316610699,4.78937565973818,10.941345882157,6.09156234168924,8.42061003793181,"All",0.568768252913242,0.431231747086758
"isoquant","TPM","B20K80","B20K80_5",0.5059401769527,4.75851874306634,10.941345882157,6.09156234168924,8.42061003793181,"All",0.565103801462238,0.434896198537762
"isoquant","TPM","B80K20","B80K20_1",NA,5.3496851925518,9.58147305098662,9.58147305098662,9.58147305098662,"All",0.558336402355265,0.441663597644735
"isoquant","TPM","B80K20","B80K20_2",NA,5.23332691931343,9.58147305098662,9.58147305098662,9.58147305098662,"All",0.546192312128305,0.453807687871695
"isoquant","TPM","B80K20","B80K20_3",NA,5.25475776088532,9.58147305098662,9.58147305098662,9.58147305098662,"All",0.548429008036945,0.451570991963055
"isoquant","TPM","B80K20","B80K20_4",NA,5.35645328075461,9.58147305098662,9.58147305098662,9.58147305098662,"All",0.559042774764476,0.440957225235524
"isoquant","TPM","B80K20","B80K20_5",NA,5.25387884935624,9.58147305098662,9.58147305098662,9.58147305098662,"All",0.548337277723203,0.451662722276797
"isoquant","TPM","Brain","B31",NA,5.23737011945934,9.58147305098662,9.58147305098662,9.58147305098662,"All",0.546614293187417,0.453385706812583
"isoquant","TPM","Brain","B32",NA,5.18735412372389,9.58147305098662,9.58147305098662,9.58147305098662,"All",0.541394219460831,0.458605780539169
"isoquant","TPM","Brain","B33",NA,5.24435990257481,9.58147305098662,9.58147305098662,9.58147305098662,"All",0.547343803470259,0.452656196529741
"isoquant","TPM","Brain","B34",NA,5.32833481894199,9.58147305098662,9.58147305098662,9.58147305098662,"All",0.556108104733783,0.443891895266217
"isoquant","TPM","Brain","B35",NA,5.40288474301063,9.58147305098662,9.58147305098662,9.58147305098662,"All",0.56388873759388,0.43611126240612
"isoquant","TPM","Kidney","K31",0.245278733618531,5.20427979184035,10.2745857333318,8.19538565416613,9.33037926038807,"All",0.557777947348294,0.442222052651706
"isoquant","TPM","Kidney","K32",0.250174364041605,5.18133501828738,10.2745857333318,8.19538565416613,9.33037926038807,"All",0.555318800414109,0.444681199585891
"isoquant","TPM","Kidney","K33",0.241855617033647,5.1722080321944,10.2745857333318,8.19538565416613,9.33037926038807,"All",0.55434059943875,0.44565940056125
"isoquant","TPM","Kidney","K34",0.225179875905052,5.19858938682017,10.2745857333318,8.19538565416613,9.33037926038807,"All",0.557168068064572,0.442831931935428
"isoquant","TPM","Kidney","K35",0.235889067455526,5.16927161994104,10.2745857333318,8.19538565416613,9.33037926038807,"All",0.554025884230353,0.445974115769647
"isoquant","cqn","B20K80","B20K80_1",0.390993847837886,5.26440188803203,10.941345882157,6.09156234168924,8.42061003793181,"All",0.625180582442104,0.374819417557896
"isoquant","cqn","B20K80","B20K80_2",0.419555414394676,4.92589132437434,10.941345882157,6.09156234168924,8.42061003793181,"All",0.584980340163596,0.415019659836404
"isoquant","cqn","B20K80","B20K80_3",0.422980143271713,4.9692619476913,10.941345882157,6.09156234168924,8.42061003793181,"All",0.590130872384134,0.409869127615866
"isoquant","cqn","B20K80","B20K80_4",0.455989359420304,4.88309859325479,10.941345882157,6.09156234168924,8.42061003793181,"All",0.579898436248466,0.420101563751534
"isoquant","cqn","B20K80","B20K80_5",0.407235226595451,5.10686197462229,10.941345882157,6.09156234168924,8.42061003793181,"All",0.606471734425145,0.393528265574855
"isoquant","cqn","B80K20","B80K20_1",NA,5.7449671525475,9.58147305098662,9.58147305098662,9.58147305098662,"All",0.599591223810406,0.400408776189594
"isoquant","cqn","B80K20","B80K20_2",NA,5.68141269964112,9.58147305098662,9.58147305098662,9.58147305098662,"All",0.592958167226291,0.407041832773709
"isoquant","cqn","B80K20","B80K20_3",NA,5.49523104372909,9.58147305098662,9.58147305098662,9.58147305098662,"All",0.573526744216353,0.426473255783647
"isoquant","cqn","B80K20","B80K20_4",NA,5.75381672031765,9.58147305098662,9.58147305098662,9.58147305098662,"All",0.600514836257372,0.399485163742628
"isoquant","cqn","B80K20","B80K20_5",NA,5.60323535711604,9.58147305098662,9.58147305098662,9.58147305098662,"All",0.584798947646058,0.415201052353942
"isoquant","cqn","Brain","B31",NA,5.25238064455357,9.58147305098662,9.58147305098662,9.58147305098662,"All",0.548180912956043,0.451819087043957
"isoquant","cqn","Brain","B32",NA,5.19490228439558,9.58147305098662,9.58147305098662,9.58147305098662,"All",0.542182006540284,0.457817993459716
"isoquant","cqn","Brain","B33",NA,5.22943710106834,9.58147305098662,9.58147305098662,9.58147305098662,"All",0.545786339244555,0.454213660755445
"isoquant","cqn","Brain","B34",NA,5.21392846487482,9.58147305098662,9.58147305098662,9.58147305098662,"All",0.544167732574057,0.455832267425943
"isoquant","cqn","Brain","B35",NA,5.25611925197891,9.58147305098662,9.58147305098662,9.58147305098662,"All",0.548571104256007,0.451428895743993
"isoquant","cqn","Kidney","K31",0.161870841051567,5.16573817060646,10.2745857333318,8.19538565416613,9.33037926038807,"All",0.553647180510388,0.446352819489612
"isoquant","cqn","Kidney","K32",0.20860753656669,5.05871871143253,10.2745857333318,8.19538565416613,9.33037926038807,"All",0.542177179539659,0.457822820460341
"isoquant","cqn","Kidney","K33",0.202374912539798,5.07378590245435,10.2745857333318,8.19538565416613,9.33037926038807,"All",0.543792032548452,0.456207967451548
"isoquant","cqn","Kidney","K34",0.182687333717279,5.04802388390918,10.2745857333318,8.19538565416613,9.33037926038807,"All",0.541030942369134,0.458969057630866
"isoquant","cqn","Kidney","K35",0.182526486168776,5.09067171984443,10.2745857333318,8.19538565416613,9.33037926038807,"All",0.545601800074384,0.454398199925616
"isoquant","ratio_counts","B20K80","B20K80_1",0.658990720998472,4.77794454267272,10.9180949312313,6.06836418053216,8.48073426379568,"All",0.563388073963101,0.436611926036899
"isoquant","ratio_counts","B20K80","B20K80_2",0.652556708800449,4.72159563222101,10.9180949312313,6.06836418053216,8.48073426379568,"All",0.556743730596246,0.443256269403754
"isoquant","ratio_counts","B20K80","B20K80_3",0.661996845790418,4.72255089073938,10.9180949312313,6.06836418053216,8.48073426379568,"All",0.556856369253307,0.443143630746693
"isoquant","ratio_counts","B20K80","B20K80_4",0.646927936874345,4.66179857172021,10.9180949312313,6.06836418053216,8.48073426379568,"All",0.549692800966712,0.450307199033288
"isoquant","ratio_counts","B20K80","B20K80_5",0.645333080350372,4.60707426069699,10.9180949312313,6.06836418053216,8.48073426379568,"All",0.543240021134092,0.456759978865908
"isoquant","ratio_counts","B80K20","B80K20_1",-0.0713176110426944,5.07681407796689,9.7768967577031,9.4892565973559,9.57263055687683,"All",0.530346809876601,0.469653190123399
"isoquant","ratio_counts","B80K20","B80K20_2",-0.00162085479642487,5.07247479247171,9.7768967577031,9.4892565973559,9.57263055687683,"All",0.529893508616367,0.470106491383633
"isoquant","ratio_counts","B80K20","B80K20_3",-0.00162085479642487,5.07132985663521,9.7768967577031,9.4892565973559,9.57263055687683,"All",0.529773903474426,0.470226096525574
"isoquant","ratio_counts","B80K20","B80K20_4",-0.0307962411320726,5.07881848899279,9.7768967577031,9.4892565973559,9.57263055687683,"All",0.530556199658646,0.469443800341354
"isoquant","ratio_counts","B80K20","B80K20_5",-0.0243128219463731,5.0709196689213,9.7768967577031,9.4892565973559,9.57263055687683,"All",0.529731053422764,0.470268946577236
"isoquant","ratio_counts","Brain","B31",-0.0226919671499482,5.07410125612737,9.7768967577031,9.4892565973559,9.57263055687683,"All",0.530063416317913,0.469936583682087
"isoquant","ratio_counts","Brain","B32",-0.100492997378342,5.07451249420014,9.7768967577031,9.4892565973559,9.57263055687683,"All",0.530106376094781,0.469893623905219
"isoquant","ratio_counts","Brain","B33",-0.00810427398212436,5.07094599603303,9.7768967577031,9.4892565973559,9.57263055687683,"All",0.52973380367115,0.47026619632885
"isoquant","ratio_counts","Brain","B34",0.0275545315392228,5.07277204700121,9.7768967577031,9.4892565973559,9.57263055687683,"All",0.529924561160152,0.470075438839848
"isoquant","ratio_counts","Brain","B35",-0.0178610876430265,5.20039290016616,9.7768967577031,9.4892565973559,9.57263055687683,"All",0.54325640891158,0.45674359108842
"isoquant","ratio_counts","Kidney","K31",0.517961523472471,4.95284692109553,10.2274130787615,8.14822466148066,9.3665794783839,"All",0.528778614704083,0.471221385295917
"isoquant","ratio_counts","Kidney","K32",0.553263608476354,4.94841284723408,10.2274130787615,8.14822466148066,9.3665794783839,"All",0.528305221629089,0.471694778370911
"isoquant","ratio_counts","Kidney","K33",0.536281890446317,4.94914419501783,10.2274130787615,8.14822466148066,9.3665794783839,"All",0.528383302190454,0.471616697809546
"isoquant","ratio_counts","Kidney","K34",0.506468266112052,4.95826008625403,10.2274130787615,8.14822466148066,9.3665794783839,"All",0.529356538072053,0.470643461927947
"isoquant","ratio_counts","Kidney","K35",0.524214926395694,4.95306231319287,10.2274130787615,8.14822466148066,9.3665794783839,"All",0.528801610515717,0.471198389484283
"kallisto","CPM","B20K80","B20K80_1",0.450287721404742,4.44688867529368,10.941345882157,6.09156234168924,8.42061003793181,"All",0.528095785847113,0.471904214152887
"kallisto","CPM","B20K80","B20K80_2",0.485896520159734,4.29605624592469,10.941345882157,6.09156234168924,8.42061003793181,"All",0.510183493425358,0.489816506574642
"kallisto","CPM","B20K80","B20K80_3",0.436013661010407,4.48614592333737,10.941345882157,6.09156234168924,8.42061003793181,"All",0.532757829079949,0.467242170920051
"kallisto","CPM","B20K80","B20K80_4",0.46355487044203,4.240159648127,10.941345882157,6.09156234168924,8.42061003793181,"All",0.503545423553236,0.496454576446764
"kallisto","CPM","B20K80","B20K80_5",0.463729560443561,4.31259247529896,10.941345882157,6.09156234168924,8.42061003793181,"All",0.512147273875917,0.487852726124083
"kallisto","CPM","B80K20","B80K20_1",NA,4.91661961148972,9.58147305098662,9.58147305098662,9.58147305098662,"All",0.513138176700653,0.486861823299347
"kallisto","CPM","B80K20","B80K20_2",NA,4.61283067319824,9.58147305098662,9.58147305098662,9.58147305098662,"All",0.481432306770747,0.518567693229253
"kallisto","CPM","B80K20","B80K20_3",NA,4.63932337520949,9.58147305098662,9.58147305098662,9.58147305098662,"All",0.484197299363251,0.515802700636749
"kallisto","CPM","B80K20","B80K20_4",NA,4.80329989655679,9.58147305098662,9.58147305098662,9.58147305098662,"All",0.501311214987155,0.498688785012845
"kallisto","CPM","B80K20","B80K20_5",NA,4.64734655705684,9.58147305098662,9.58147305098662,9.58147305098662,"All",0.485034663493448,0.514965336506552
"kallisto","CPM","Brain","B31",NA,4.59434049830253,9.58147305098662,9.58147305098662,9.58147305098662,"All",0.479502522613623,0.520497477386377
"kallisto","CPM","Brain","B32",NA,4.46449724571249,9.58147305098662,9.58147305098662,9.58147305098662,"All",0.465951030906753,0.534048969093247
"kallisto","CPM","Brain","B33",NA,4.61829364788525,9.58147305098662,9.58147305098662,9.58147305098662,"All",0.482002466980762,0.517997533019238
"kallisto","CPM","Brain","B34",NA,4.81397767592761,9.58147305098662,9.58147305098662,9.58147305098662,"All",0.502425634379038,0.497574365620962
"kallisto","CPM","Brain","B35",NA,4.81575754895843,9.58147305098662,9.58147305098662,9.58147305098662,"All",0.502611396319957,0.497388603680043
"kallisto","CPM","Kidney","K31",0.246824377437864,4.73660439490665,10.2745857333318,8.19538565416613,9.33037926038807,"All",0.507654004485735,0.492345995514265
"kallisto","CPM","Kidney","K32",0.259963487746594,4.67486498033822,10.2745857333318,8.19538565416613,9.33037926038807,"All",0.501036972868322,0.498963027131678
"kallisto","CPM","Kidney","K33",0.249459059121873,4.67861934203732,10.2745857333318,8.19538565416613,9.33037926038807,"All",0.501439353264052,0.498560646735948
"kallisto","CPM","Kidney","K34",0.246556486495765,4.65971529835008,10.2745857333318,8.19538565416613,9.33037926038807,"All",0.499413278743427,0.500586721256573
"kallisto","CPM","Kidney","K35",0.256669191944187,4.6397337044376,10.2745857333318,8.19538565416613,9.33037926038807,"All",0.497271715859986,0.502728284140014
"kallisto","EDA","B20K80","B20K80_1",0.451926515923737,4.41874718493099,10.941345882157,6.09156234168924,8.42061003793181,"All",0.524753808218898,0.475246191781102
"kallisto","EDA","B20K80","B20K80_2",0.496241640300725,4.25927207427014,10.941345882157,6.09156234168924,8.42061003793181,"All",0.505815143449662,0.494184856550338
"kallisto","EDA","B20K80","B20K80_3",0.477355728491333,4.28608283417601,10.941345882157,6.09156234168924,8.42061003793181,"All",0.508999088530256,0.491000911469744
"kallisto","EDA","B20K80","B20K80_4",0.500301561659596,4.11985097854762,10.941345882157,6.09156234168924,8.42061003793181,"All",0.489258018123293,0.510741981876707
"kallisto","EDA","B20K80","B20K80_5",0.467847780786221,4.29241073457082,10.941345882157,6.09156234168924,8.42061003793181,"All",0.509750566198299,0.490249433801701
"kallisto","EDA","B80K20","B80K20_1",NA,4.79721897009688,9.58147305098662,9.58147305098662,9.58147305098662,"All",0.500676560333581,0.499323439666419
"kallisto","EDA","B80K20","B80K20_2",NA,4.52802322010977,9.58147305098662,9.58147305098662,9.58147305098662,"All",0.472581115243393,0.527418884756607
"kallisto","EDA","B80K20","B80K20_3",NA,4.4189028057467,9.58147305098662,9.58147305098662,9.58147305098662,"All",0.461192426491424,0.538807573508576
"kallisto","EDA","B80K20","B80K20_4",NA,4.59287328099354,9.58147305098662,9.58147305098662,9.58147305098662,"All",0.479349391951857,0.520650608048143
"kallisto","EDA","B80K20","B80K20_5",NA,4.54484191338226,9.58147305098662,9.58147305098662,9.58147305098662,"All",0.474336450063309,0.525663549936691
"kallisto","EDA","Brain","B31",NA,4.62408356181743,9.58147305098662,9.58147305098662,9.58147305098662,"All",0.482606749213919,0.517393250786081
"kallisto","EDA","Brain","B32",NA,4.45965574883746,9.58147305098662,9.58147305098662,9.58147305098662,"All",0.465445733146246,0.534554266853754
"kallisto","EDA","Brain","B33",NA,4.57201194853342,9.58147305098662,9.58147305098662,9.58147305098662,"All",0.47717213461897,0.522827865381031
"kallisto","EDA","Brain","B34",NA,4.58091064064198,9.58147305098662,9.58147305098662,9.58147305098662,"All",0.478100874079094,0.521899125920906
"kallisto","EDA","Brain","B35",NA,4.70935140000134,9.58147305098662,9.58147305098662,9.58147305098662,"All",0.491505990252345,0.508494009747655
"kallisto","EDA","Kidney","K31",0.233529253461322,4.88882901671234,10.2745857333318,8.19538565416613,9.33037926038807,"All",0.523968949201,0.476031050799
"kallisto","EDA","Kidney","K32",0.265631580865681,4.60166444925405,10.2745857333318,8.19538565416613,9.33037926038807,"All",0.493191575694069,0.506808424305931
"kallisto","EDA","Kidney","K33",0.262671791814215,4.60360335515707,10.2745857333318,8.19538565416613,9.33037926038807,"All",0.493399381384374,0.506600618615626
"kallisto","EDA","Kidney","K34",0.256429672596701,4.55002271245104,10.2745857333318,8.19538565416613,9.33037926038807,"All",0.487656780659288,0.512343219340712
"kallisto","EDA","Kidney","K35",0.260755518133459,4.64893458076546,10.2745857333318,8.19538565416613,9.33037926038807,"All",0.498257836152751,0.501742163847249
"kallisto","TPM","B20K80","B20K80_1",0.52876737730579,4.1653905190062,10.941345882157,6.09156234168924,8.42061003793181,"All",0.49466612279189,0.50533387720811
"kallisto","TPM","B20K80","B20K80_2",0.585711262912896,4.06036149158327,10.941345882157,6.09156234168924,8.42061003793181,"All",0.482193270237288,0.517806729762712
"kallisto","TPM","B20K80","B20K80_3",0.508660558066295,4.1959396680943,10.941345882157,6.09156234168924,8.42061003793181,"All",0.498294024921366,0.501705975078634
"kallisto","TPM","B20K80","B20K80_4",0.569823838163799,3.97420196914066,10.941345882157,6.09156234168924,8.42061003793181,"All",0.471961289174812,0.528038710825188
"kallisto","TPM","B20K80","B20K80_5",0.558424162853689,4.04927319497462,10.941345882157,6.09156234168924,8.42061003793181,"All",0.48087646580641,0.51912353419359
"kallisto","TPM","B80K20","B80K20_1",NA,4.57702384596148,9.58147305098662,9.58147305098662,9.58147305098662,"All",0.477695216758991,0.522304783241009
"kallisto","TPM","B80K20","B80K20_2",NA,4.30079412028764,9.58147305098662,9.58147305098662,9.58147305098662,"All",0.448865649091898,0.551134350908102
"kallisto","TPM","B80K20","B80K20_3",NA,4.34032489103281,9.58147305098662,9.58147305098662,9.58147305098662,"All",0.452991399958681,0.547008600041319
"kallisto","TPM","B80K20","B80K20_4",NA,4.44606153556456,9.58147305098662,9.58147305098662,9.58147305098662,"All",0.464026931131089,0.535973068868911
"kallisto","TPM","B80K20","B80K20_5",NA,4.33871968891798,9.58147305098662,9.58147305098662,9.58147305098662,"All",0.452823868086882,0.547176131913118
"kallisto","TPM","Brain","B31",NA,4.29573515076563,9.58147305098662,9.58147305098662,9.58147305098662,"All",0.448337654127545,0.551662345872455
"kallisto","TPM","Brain","B32",NA,4.20880124717805,9.58147305098662,9.58147305098662,9.58147305098662,"All",0.439264529032377,0.560735470967623
"kallisto","TPM","Brain","B33",NA,4.30531044680144,9.58147305098662,9.58147305098662,9.58147305098662,"All",0.449337009444296,0.550662990555704
"kallisto","TPM","Brain","B34",NA,4.45094900061456,9.58147305098662,9.58147305098662,9.58147305098662,"All",0.46453702650202,0.53546297349798
"kallisto","TPM","Brain","B35",NA,4.50147188836942,9.58147305098662,9.58147305098662,9.58147305098662,"All",0.469810003578301,0.530189996421699
"kallisto","TPM","Kidney","K31",0.304222676575177,4.34423812976485,10.2745857333318,8.19538565416613,9.33037926038807,"All",0.46560145183039,0.53439854816961
"kallisto","TPM","Kidney","K32",0.318737026731403,4.30068234365544,10.2745857333318,8.19538565416613,9.33037926038807,"All",0.46093328294959,0.53906671705041
"kallisto","TPM","Kidney","K33",0.316763834030426,4.30882064511899,10.2745857333318,8.19538565416613,9.33037926038807,"All",0.461805519890494,0.538194480109506
"kallisto","TPM","Kidney","K34",0.290448273681817,4.32006623934757,10.2745857333318,8.19538565416613,9.33037926038807,"All",0.463010786462703,0.536989213537297
"kallisto","TPM","Kidney","K35",0.299137910768812,4.30100703717998,10.2745857333318,8.19538565416613,9.33037926038807,"All",0.460968082555852,0.539031917444148
"kallisto","cqn","B20K80","B20K80_1",0.428293180666363,4.89238512903936,10.941345882157,6.09156234168924,8.42061003793181,"All",0.581001270335633,0.418998729664367
"kallisto","cqn","B20K80","B20K80_2",0.461412728887864,4.49559300939934,10.941345882157,6.09156234168924,8.42061003793181,"All",0.533879729514645,0.466120270485355
"kallisto","cqn","B20K80","B20K80_3",0.456403710603062,4.5717127188649,10.941345882157,6.09156234168924,8.42061003793181,"All",0.5429194201217,0.4570805798783
"kallisto","cqn","B20K80","B20K80_4",0.493205810277026,4.23603439489637,10.941345882157,6.09156234168924,8.42061003793181,"All",0.503055523983958,0.496944476016042
"kallisto","cqn","B20K80","B20K80_5",0.456795281671342,4.64976150347571,10.941345882157,6.09156234168924,8.42061003793181,"All",0.552188200442748,0.447811799557252
"kallisto","cqn","B80K20","B80K20_1",NA,5.10970451356456,9.58147305098662,9.58147305098662,9.58147305098662,"All",0.533290078297345,0.466709921702655
"kallisto","cqn","B80K20","B80K20_2",NA,5.04060363836801,9.58147305098662,9.58147305098662,9.58147305098662,"All",0.526078152236619,0.473921847763381
"kallisto","cqn","B80K20","B80K20_3",NA,4.87866481277591,9.58147305098662,9.58147305098662,9.58147305098662,"All",0.509176907017814,0.490823092982186
"kallisto","cqn","B80K20","B80K20_4",NA,5.19722988596947,9.58147305098662,9.58147305098662,9.58147305098662,"All",0.542424933860696,0.457575066139304
"kallisto","cqn","B80K20","B80K20_5",NA,4.85834670421264,9.58147305098662,9.58147305098662,9.58147305098662,"All",0.507056344923119,0.492943655076881
"kallisto","cqn","Brain","B31",NA,4.37360408005005,9.58147305098662,9.58147305098662,9.58147305098662,"All",0.456464685208262,0.543535314791738
"kallisto","cqn","Brain","B32",NA,4.26513448591235,9.58147305098662,9.58147305098662,9.58147305098662,"All",0.445143921317314,0.554856078682686
"kallisto","cqn","Brain","B33",NA,4.32584500335938,9.58147305098662,9.58147305098662,9.58147305098662,"All",0.451480161801837,0.548519838198163
"kallisto","cqn","Brain","B34",NA,4.31110830036978,9.58147305098662,9.58147305098662,9.58147305098662,"All",0.449942120322079,0.550057879677921
"kallisto","cqn","Brain","B35",NA,4.34713842183977,9.58147305098662,9.58147305098662,9.58147305098662,"All",0.453702515125493,0.546297484874507
"kallisto","cqn","Kidney","K31",0.228861893803241,4.26692291645416,10.2745857333318,8.19538565416613,9.33037926038807,"All",0.457315056266715,0.542684943733285
"kallisto","cqn","Kidney","K32",0.280463190657575,4.11639700688439,10.2745857333318,8.19538565416613,9.33037926038807,"All",0.441182174058075,0.558817825941925
"kallisto","cqn","Kidney","K33",0.267737584613839,4.15149657769628,10.2745857333318,8.19538565416613,9.33037926038807,"All",0.444944033017112,0.555055966982889
"kallisto","cqn","Kidney","K34",0.2631840629962,4.07965550088874,10.2745857333318,8.19538565416613,9.33037926038807,"All",0.43724433777401,0.562755662225989
"kallisto","cqn","Kidney","K35",0.256538735286137,4.12458031236858,10.2745857333318,8.19538565416613,9.33037926038807,"All",0.442059234384973,0.557940765615027
"kallisto","ratio_counts","B20K80","B20K80_1",0.729383422786066,3.87743582436916,10.9180949312313,6.06836418053216,8.48073426379568,"All",0.457205202257305,0.542794797742695
"kallisto","ratio_counts","B20K80","B20K80_2",0.749791613980352,3.87134953371561,10.9180949312313,6.06836418053216,8.48073426379568,"All",0.456487541443485,0.543512458556515
"kallisto","ratio_counts","B20K80","B20K80_3",0.746574277868566,3.87800629511458,10.9180949312313,6.06836418053216,8.48073426379568,"All",0.457272468926401,0.542727531073599
"kallisto","ratio_counts","B20K80","B20K80_4",0.739243619660357,3.72851758777449,10.9180949312313,6.06836418053216,8.48073426379568,"All",0.439645609896252,0.560354390103748
"kallisto","ratio_counts","B20K80","B20K80_5",0.74912358214886,3.79769128442677,10.9180949312313,6.06836418053216,8.48073426379568,"All",0.447802179186199,0.552197820813801
"kallisto","ratio_counts","B80K20","B80K20_1",0.0579329145062845,4.1960571753117,9.7768967577031,9.4892565973559,9.57263055687683,"All",0.438338986382099,0.561661013617901
"kallisto","ratio_counts","B80K20","B80K20_2",0.21870087480273,4.02960248232438,9.7768967577031,9.4892565973559,9.57263055687683,"All",0.420950381233462,0.579049618766538
"kallisto","ratio_counts","B80K20","B80K20_3",0.159201372099046,4.0322664212475,9.7768967577031,9.4892565973559,9.57263055687683,"All",0.42122866826306,0.57877133173694
"kallisto","ratio_counts","B80K20","B80K20_4",0.221917064138064,4.0346686977819,9.7768967577031,9.4892565973559,9.57263055687683,"All",0.421479620863824,0.578520379136176
"kallisto","ratio_counts","B80K20","B80K20_5",0.152768993428377,4.0299896732242,9.7768967577031,9.4892565973559,9.57263055687683,"All",0.420990828934594,0.579009171065406
"kallisto","ratio_counts","Brain","B31",0.217092780135063,4.03370924849458,9.7768967577031,9.4892565973559,9.57263055687683,"All",0.421379392480244,0.578620607519756
"kallisto","ratio_counts","Brain","B32",0.0868371120540251,4.03380286474544,9.7768967577031,9.4892565973559,9.57263055687683,"All",0.421389172054449,0.578610827945551
"kallisto","ratio_counts","Brain","B33",0.231565632144067,4.02636492709978,9.7768967577031,9.4892565973559,9.57263055687683,"All",0.42061217166762,0.57938782833238
"kallisto","ratio_counts","Brain","B34",0.201011833458391,4.03262585698109,9.7768967577031,9.4892565973559,9.57263055687683,"All",0.421266216534819,0.578733783465181
"kallisto","ratio_counts","Brain","B35",0.226903915149614,4.18792535205339,9.7768967577031,9.4892565973559,9.57263055687683,"All",0.437489499586386,0.562510500413614
"kallisto","ratio_counts","Kidney","K31",0.607145702188652,3.94406189513982,10.2274130787615,8.14822466148066,9.3665794783839,"All",0.421078143226339,0.578921856773661
"kallisto","ratio_counts","Kidney","K32",0.650726698670811,3.93670855540424,10.2274130787615,8.14822466148066,9.3665794783839,"All",0.42029308185441,0.57970691814559
"kallisto","ratio_counts","Kidney","K33",0.621223673189854,3.93969509941411,10.2274130787615,8.14822466148066,9.3665794783839,"All",0.420611932937323,0.579388067062677
"kallisto","ratio_counts","Kidney","K34",0.622437945621225,3.94570887672896,10.2274130787615,8.14822466148066,9.3665794783839,"All",0.421253979196443,0.578746020803557
"kallisto","ratio_counts","Kidney","K35",0.629514877135307,3.93979106864151,10.2274130787615,8.14822466148066,9.3665794783839,"All",0.420622178857684,0.579377821142316
"oarfish","CPM","B20K80","B20K80_1",0.442757882563077,4.69559632191919,10.941345882157,6.09156234168924,8.42061003793181,"All",0.557631371215057,0.442368628784943
"oarfish","CPM","B20K80","B20K80_2",0.473634480091211,4.5255711629169,10.941345882157,6.09156234168924,8.42061003793181,"All",0.537439822356199,0.462560177643801
"oarfish","CPM","B20K80","B20K80_3",0.431959697332003,4.676470299492,10.941345882157,6.09156234168924,8.42061003793181,"All",0.555360036675038,0.444639963324962
"oarfish","CPM","B20K80","B20K80_4",0.45796583846365,4.50024202044073,10.941345882157,6.09156234168924,8.42061003793181,"All",0.534431828593031,0.465568171406969
"oarfish","CPM","B20K80","B20K80_5",0.449202716050379,4.48976995221161,10.941345882157,6.09156234168924,8.42061003793181,"All",0.533188205128467,0.466811794871533
"oarfish","CPM","B80K20","B80K20_1",NA,4.99279998219059,9.58147305098662,9.58147305098662,9.58147305098662,"All",0.521088976154504,0.478911023845496
"oarfish","CPM","B80K20","B80K20_2",NA,4.77127180486492,9.58147305098662,9.58147305098662,9.58147305098662,"All",0.497968504370381,0.502031495629619
"oarfish","CPM","B80K20","B80K20_3",NA,4.78528417623622,9.58147305098662,9.58147305098662,9.58147305098662,"All",0.499430948745764,0.500569051254236
"oarfish","CPM","B80K20","B80K20_4",NA,5.03205564701949,9.58147305098662,9.58147305098662,9.58147305098662,"All",0.525186014743457,0.474813985256543
"oarfish","CPM","B80K20","B80K20_5",NA,4.80961417927017,9.58147305098662,9.58147305098662,9.58147305098662,"All",0.501970224586178,0.498029775413822
"oarfish","CPM","Brain","B31",NA,4.75229225955761,9.58147305098662,9.58147305098662,9.58147305098662,"All",0.495987645560226,0.504012354439775
"oarfish","CPM","Brain","B32",NA,4.63176414741611,9.58147305098662,9.58147305098662,9.58147305098662,"All",0.483408357229494,0.516591642770506
"oarfish","CPM","Brain","B33",NA,4.77562268549182,9.58147305098662,9.58147305098662,9.58147305098662,"All",0.498422597452284,0.501577402547716
"oarfish","CPM","Brain","B34",NA,4.95437529058737,9.58147305098662,9.58147305098662,9.58147305098662,"All",0.517078664650339,0.482921335349661
"oarfish","CPM","Brain","B35",NA,4.96688330242279,9.58147305098662,9.58147305098662,9.58147305098662,"All",0.518384101900839,0.481615898099161
"oarfish","CPM","Kidney","K31",0.233725167117015,4.89042012216761,10.2745857333318,8.19538565416613,9.33037926038807,"All",0.524139478759431,0.475860521240569
"oarfish","CPM","Kidney","K32",0.244167802528417,4.8442520271598,10.2745857333318,8.19538565416613,9.33037926038807,"All",0.519191331024021,0.480808668975979
"oarfish","CPM","Kidney","K33",0.229908858539393,4.82078369119793,10.2745857333318,8.19538565416613,9.33037926038807,"All",0.516676070357018,0.483323929642982
"oarfish","CPM","Kidney","K34",0.221765642114668,4.79640559698234,10.2745857333318,8.19538565416613,9.33037926038807,"All",0.514063304730321,0.485936695269679
"oarfish","CPM","Kidney","K35",0.236857957740435,4.76399572225644,10.2745857333318,8.19538565416613,9.33037926038807,"All",0.51058971873543,0.48941028126457
"oarfish","EDA","B20K80","B20K80_1",0.452591196144256,4.66313718667123,10.941345882157,6.09156234168924,8.42061003793181,"All",0.553776646307748,0.446223353692252
"oarfish","EDA","B20K80","B20K80_2",0.486048189343591,4.49071771726597,10.941345882157,6.09156234168924,8.42061003793181,"All",0.533300758144233,0.466699241855767
"oarfish","EDA","B20K80","B20K80_3",0.466512121265494,4.50768886577096,10.941345882157,6.09156234168924,8.42061003793181,"All",0.535316187956151,0.464683812043849
"oarfish","EDA","B20K80","B20K80_4",0.4949507946954,4.40392294689597,10.941345882157,6.09156234168924,8.42061003793181,"All",0.522993337425423,0.477006662574577
"oarfish","EDA","B20K80","B20K80_5",0.455436624785281,4.4674182891726,10.941345882157,6.09156234168924,8.42061003793181,"All",0.530533805632667,0.469466194367333
"oarfish","EDA","B80K20","B80K20_1",NA,4.84473194983764,9.58147305098662,9.58147305098662,9.58147305098662,"All",0.50563539907246,0.49436460092754
"oarfish","EDA","B80K20","B80K20_2",NA,4.66086765942722,9.58147305098662,9.58147305098662,9.58147305098662,"All",0.486445835063668,0.513554164936332
"oarfish","EDA","B80K20","B80K20_3",NA,4.58183679168148,9.58147305098662,9.58147305098662,9.58147305098662,"All",0.478197534690105,0.521802465309895
"oarfish","EDA","B80K20","B80K20_4",NA,4.83299577603424,9.58147305098662,9.58147305098662,9.58147305098662,"All",0.50441051707979,0.49558948292021
"oarfish","EDA","B80K20","B80K20_5",NA,4.69545645255008,9.58147305098662,9.58147305098662,9.58147305098662,"All",0.490055801186706,0.509944198813294
"oarfish","EDA","Brain","B31",NA,4.75210537630022,9.58147305098662,9.58147305098662,9.58147305098662,"All",0.495968140912413,0.504031859087587
"oarfish","EDA","Brain","B32",NA,4.6186998557334,9.58147305098662,9.58147305098662,9.58147305098662,"All",0.482044862116249,0.517955137883751
"oarfish","EDA","Brain","B33",NA,4.72032305841593,9.58147305098662,9.58147305098662,9.58147305098662,"All",0.492651081237438,0.507348918762562
"oarfish","EDA","Brain","B34",NA,4.74860857960209,9.58147305098662,9.58147305098662,9.58147305098662,"All",0.495603186935136,0.504396813064864
"oarfish","EDA","Brain","B35",NA,4.85787522207619,9.58147305098662,9.58147305098662,9.58147305098662,"All",0.507007137235122,0.492992862764878
"oarfish","EDA","Kidney","K31",0.2217636029185,5.03403852602216,10.2745857333318,8.19538565416613,9.33037926038807,"All",0.539532036751611,0.460467963248389
"oarfish","EDA","Kidney","K32",0.248439789742172,4.78341643403689,10.2745857333318,8.19538565416613,9.33037926038807,"All",0.51267116807832,0.48732883192168
"oarfish","EDA","Kidney","K33",0.242421034423237,4.78762648114895,10.2745857333318,8.19538565416613,9.33037926038807,"All",0.513122387369044,0.486877612630956
"oarfish","EDA","Kidney","K34",0.227402626040657,4.73517433423609,10.2745857333318,8.19538565416613,9.33037926038807,"All",0.507500735188673,0.492499264811327
"oarfish","EDA","Kidney","K35",0.239440136678527,4.80645572470353,10.2745857333318,8.19538565416613,9.33037926038807,"All",0.51514044505235,0.48485955494765
"oarfish","TPM","B20K80","B20K80_1",0.524069610070603,4.4458222049073,10.941345882157,6.09156234168924,8.42061003793181,"All",0.527969135832259,0.472030864167741
"oarfish","TPM","B20K80","B20K80_2",0.571099925491621,4.3046478777543,10.941345882157,6.09156234168924,8.42061003793181,"All",0.511203803330568,0.488796196669432
"oarfish","TPM","B20K80","B20K80_3",0.497605275650319,4.40823760796032,10.941345882157,6.09156234168924,8.42061003793181,"All",0.52350573035716,0.47649426964284
"oarfish","TPM","B20K80","B20K80_4",0.557362908336478,4.2675886017257,10.941345882157,6.09156234168924,8.42061003793181,"All",0.506802782993364,0.493197217006636
"oarfish","TPM","B20K80","B20K80_5",0.533822697133556,4.2318981140339,10.941345882157,6.09156234168924,8.42061003793181,"All",0.502564314814572,0.497435685185428
"oarfish","TPM","B80K20","B80K20_1",NA,4.64904694272273,9.58147305098662,9.58147305098662,9.58147305098662,"All",0.485212129490257,0.514787870509743
"oarfish","TPM","B80K20","B80K20_2",NA,4.48062983484281,9.58147305098662,9.58147305098662,9.58147305098662,"All",0.467634758350798,0.532365241649202
"oarfish","TPM","B80K20","B80K20_3",NA,4.51388675222903,9.58147305098662,9.58147305098662,9.58147305098662,"All",0.471105719152883,0.528894280847117
"oarfish","TPM","B80K20","B80K20_4",NA,4.71590655951005,9.58147305098662,9.58147305098662,9.58147305098662,"All",0.492190139701374,0.507809860298626
"oarfish","TPM","B80K20","B80K20_5",NA,4.52990263741263,9.58147305098662,9.58147305098662,9.58147305098662,"All",0.472777266429422,0.527222733570578
"oarfish","TPM","Brain","B31",NA,4.47049344759926,9.58147305098662,9.58147305098662,9.58147305098662,"All",0.466576843018822,0.533423156981178
"oarfish","TPM","Brain","B32",NA,4.38701715003682,9.58147305098662,9.58147305098662,9.58147305098662,"All",0.457864581645416,0.542135418354584
"oarfish","TPM","Brain","B33",NA,4.47815525938201,9.58147305098662,9.58147305098662,9.58147305098662,"All",0.467376491647168,0.532623508352832
"oarfish","TPM","Brain","B34",NA,4.61944898790561,9.58147305098662,9.58147305098662,9.58147305098662,"All",0.482123047606958,0.517876952393042
"oarfish","TPM","Brain","B35",NA,4.6672822549881,9.58147305098662,9.58147305098662,9.58147305098662,"All",0.487115314122551,0.512884685877449
"oarfish","TPM","Kidney","K31",0.289223027676156,4.50978089404964,10.2745857333318,8.19538565416613,9.33037926038807,"All",0.483343792164571,0.516656207835429
"oarfish","TPM","Kidney","K32",0.293381095230878,4.47842702204033,10.2745857333318,8.19538565416613,9.33037926038807,"All",0.479983385139916,0.520016614860084
"oarfish","TPM","Kidney","K33",0.287134500593876,4.46442846637242,10.2745857333318,8.19538565416613,9.33037926038807,"All",0.478483065026741,0.521516934973259
"oarfish","TPM","Kidney","K34",0.269913645469982,4.47157792393888,10.2745857333318,8.19538565416613,9.33037926038807,"All",0.479249320863394,0.520750679136606
"oarfish","TPM","Kidney","K35",0.281153718494619,4.44253772442542,10.2745857333318,8.19538565416613,9.33037926038807,"All",0.476136885805502,0.523863114194498
"oarfish","cqn","B20K80","B20K80_1",0.421279579193016,4.84696890686887,10.941345882157,6.09156234168924,8.42061003793181,"All",0.575607810483447,0.424392189516553
"oarfish","cqn","B20K80","B20K80_2",0.442022614916938,4.52343675661495,10.941345882157,6.09156234168924,8.42061003793181,"All",0.537186348285753,0.462813651714247
"oarfish","cqn","B20K80","B20K80_3",0.435458632828807,4.59347911330687,10.941345882157,6.09156234168924,8.42061003793181,"All",0.545504315318594,0.454495684681406
"oarfish","cqn","B20K80","B20K80_4",0.478344469890357,4.43528014247617,10.941345882157,6.09156234168924,8.42061003793181,"All",0.526717200119331,0.473282799880669
"oarfish","cqn","B20K80","B20K80_5",0.437746475656076,4.71981146430509,10.941345882157,6.09156234168924,8.42061003793181,"All",0.560507070514375,0.439492929485625
"oarfish","cqn","B80K20","B80K20_1",NA,5.3096497476106,9.58147305098662,9.58147305098662,9.58147305098662,"All",0.554157979608767,0.445842020391233
"oarfish","cqn","B80K20","B80K20_2",NA,5.17827945214088,9.58147305098662,9.58147305098662,9.58147305098662,"All",0.540447113359846,0.459552886640154
"oarfish","cqn","B80K20","B80K20_3",NA,5.03677892736989,9.58147305098662,9.58147305098662,9.58147305098662,"All",0.525678974471597,0.474321025528403
"oarfish","cqn","B80K20","B80K20_4",NA,5.36163829757451,9.58147305098662,9.58147305098662,9.58147305098662,"All",0.559583925044011,0.440416074955989
"oarfish","cqn","B80K20","B80K20_5",NA,5.13287728530772,9.58147305098662,9.58147305098662,9.58147305098662,"All",0.53570857612329,0.46429142387671
"oarfish","cqn","Brain","B31",NA,4.49968980935873,9.58147305098662,9.58147305098662,9.58147305098662,"All",0.469624011403485,0.530375988596515
"oarfish","cqn","Brain","B32",NA,4.40107259207094,9.58147305098662,9.58147305098662,9.58147305098662,"All",0.459331521223425,0.540668478776575
"oarfish","cqn","Brain","B33",NA,4.45268428277945,9.58147305098662,9.58147305098662,9.58147305098662,"All",0.464718134579625,0.535281865420375
"oarfish","cqn","Brain","B34",NA,4.45832472541221,9.58147305098662,9.58147305098662,9.58147305098662,"All",0.465306816779402,0.534693183220598
"oarfish","cqn","Brain","B35",NA,4.50480516371352,9.58147305098662,9.58147305098662,9.58147305098662,"All",0.470157891144896,0.529842108855104
"oarfish","cqn","Kidney","K31",0.200202177899765,4.39223753957103,10.2745857333318,8.19538565416613,9.33037926038807,"All",0.470745873988015,0.529254126011985
"oarfish","cqn","Kidney","K32",0.246946659855229,4.22445020348659,10.2745857333318,8.19538565416613,9.33037926038807,"All",0.452762967677146,0.547237032322854
"oarfish","cqn","Kidney","K33",0.242005554314517,4.27166781589285,10.2745857333318,8.19538565416613,9.33037926038807,"All",0.457823599307278,0.542176400692722
"oarfish","cqn","Kidney","K34",0.229706342528723,4.21494156690982,10.2745857333318,8.19538565416613,9.33037926038807,"All",0.451743862632065,0.548256137367935
"oarfish","cqn","Kidney","K35",0.219536713682105,4.25829882458889,10.2745857333318,8.19538565416613,9.33037926038807,"All",0.456390753875076,0.543609246124924
"oarfish","ratio_counts","B20K80","B20K80_1",0.714607047794853,4.20204592451404,10.9180949312313,6.06836418053216,8.48073426379568,"All",0.49548138095219,0.50451861904781
"oarfish","ratio_counts","B20K80","B20K80_2",0.723068236240962,4.13421810090858,10.9180949312313,6.06836418053216,8.48073426379568,"All",0.487483509365172,0.512516490634828
"oarfish","ratio_counts","B20K80","B20K80_3",0.727670117692729,4.13639037571479,10.9180949312313,6.06836418053216,8.48073426379568,"All",0.48773965166826,0.51226034833174
"oarfish","ratio_counts","B20K80","B20K80_4",0.72171740908835,4.06429850173228,10.9180949312313,6.06836418053216,8.48073426379568,"All",0.479238987487534,0.520761012512466
"oarfish","ratio_counts","B20K80","B20K80_5",0.716780603223923,4.00018901121682,10.9180949312313,6.06836418053216,8.48073426379568,"All",0.471679560612299,0.528320439387701
"oarfish","ratio_counts","B80K20","B80K20_1",0.0643699050069827,4.24878931888464,9.7768967577031,9.4892565973559,9.57263055687683,"All",0.443847623037367,0.556152376962633
"oarfish","ratio_counts","B80K20","B80K20_2",0.201155953146821,4.22911896115569,9.7768967577031,9.4892565973559,9.57263055687683,"All",0.441792769085563,0.558207230914437
"oarfish","ratio_counts","B80K20","B80K20_3",0.151269276766409,4.24903369342766,9.7768967577031,9.4892565973559,9.57263055687683,"All",0.443873151500161,0.556126848499839
"oarfish","ratio_counts","B80K20","B80K20_4",0.176360249049114,4.3689950940976,9.7768967577031,9.4892565973559,9.57263055687683,"All",0.456404858428281,0.543595141571719
"oarfish","ratio_counts","B80K20","B80K20_5",0.156097019641933,4.26502274675563,9.7768967577031,9.4892565973559,9.57263055687683,"All",0.445543439853291,0.554456560146709
"oarfish","ratio_counts","Brain","B31",0.14805078151606,4.21652245653079,9.7768967577031,9.4892565973559,9.57263055687683,"All",0.440476881613457,0.559523118386543
"oarfish","ratio_counts","Brain","B32",0.0611514097566336,4.20640926994145,9.7768967577031,9.4892565973559,9.57263055687683,"All",0.439420412701463,0.560579587298537
"oarfish","ratio_counts","Brain","B33",0.157706267267108,4.20746555300052,9.7768967577031,9.4892565973559,9.57263055687683,"All",0.439530756775936,0.560469243224064
"oarfish","ratio_counts","Brain","B34",0.193109715020948,4.24604472425825,9.7768967577031,9.4892565973559,9.57263055687683,"All",0.4435609103506,0.5564390896494
"oarfish","ratio_counts","Brain","B35",0.18441322845775,4.36441814920114,9.7768967577031,9.4892565973559,9.57263055687683,"All",0.455926730199131,0.544073269800869
"oarfish","ratio_counts","Kidney","K31",0.592894865439725,4.09752339713957,10.2274130787615,8.14822466148066,9.3665794783839,"All",0.43746208598302,0.56253791401698
"oarfish","ratio_counts","Kidney","K32",0.637722251269398,4.09086333797837,10.2274130787615,8.14822466148066,9.3665794783839,"All",0.436751041019748,0.563248958980253
"oarfish","ratio_counts","Kidney","K33",0.613742163042851,4.08977677743841,10.2274130787615,8.14822466148066,9.3665794783839,"All",0.436635037035319,0.563364962964681
"oarfish","ratio_counts","Kidney","K34",0.602008438162403,4.09762819643934,10.2274130787615,8.14822466148066,9.3665794783839,"All",0.437473274624511,0.56252672537549
"oarfish","ratio_counts","Kidney","K35",0.613457363895268,4.09103943646936,10.2274130787615,8.14822466148066,9.3665794783839,"All",0.436769841745391,0.563230158254609
"bambu","CPM","B20K80","B20K80_1",0.560387226989881,3.59200244268695,10.941345882157,6.09156234168924,8.16963762182738,"1597-2528",0.439677083484089,0.560322916515911
"bambu","CPM","B20K80","B20K80_1",0.452700619461692,7.14272894264422,10.941345882157,6.09156234168924,8.09259891597529,"191-575",0.882624854735361,0.117375145264639
"bambu","CPM","B20K80","B20K80_1",0.56712011936169,5.73345870216859,10.941345882157,6.09156234168924,8.61798746156121,"575-813",0.665289747489367,0.334710252510633
"bambu","CPM","B20K80","B20K80_1",0.785060423277241,1.37636720060658,10.941345882157,6.09156234168924,8.82151092424315,"813-1597",0.156023975079379,0.843976024920621
"bambu","CPM","B20K80","B20K80_2",0.532304040215901,3.59589747642566,10.941345882157,6.09156234168924,8.16963762182738,"1597-2528",0.440153852946703,0.559846147053297
"bambu","CPM","B20K80","B20K80_2",0.263540241677487,6.77303514110707,10.941345882157,6.09156234168924,8.09259891597529,"191-575",0.836941903513429,0.163058096486571
"bambu","CPM","B20K80","B20K80_2",0.607096450566214,5.78563932757115,10.941345882157,6.09156234168924,8.61798746156121,"575-813",0.671344597955941,0.328655402044059
"bambu","CPM","B20K80","B20K80_2",0.852760492946257,1.15972992673792,10.941345882157,6.09156234168924,8.82151092424315,"813-1597",0.13146613280847,0.86853386719153
"bambu","CPM","B20K80","B20K80_3",0.542516108133712,3.58298257445932,10.941345882157,6.09156234168924,8.16963762182738,"1597-2528",0.438573011474392,0.561426988525608
"bambu","CPM","B20K80","B20K80_3",0.321464629105786,6.94601383334672,10.941345882157,6.09156234168924,8.09259891597529,"191-575",0.858316828186661,0.141683171813339
"bambu","CPM","B20K80","B20K80_3",0.57424491103341,5.88608724480367,10.941345882157,6.09156234168924,8.61798746156121,"575-813",0.683000209858435,0.316999790141565
"bambu","CPM","B20K80","B20K80_3",0.795475818610936,1.38872901889585,10.941345882157,6.09156234168924,8.82151092424315,"813-1597",0.157425301722335,0.842574698277665
"bambu","CPM","B20K80","B20K80_4",0.542516108133712,3.55418561145001,10.941345882157,6.09156234168924,8.16963762182738,"1597-2528",0.435048135054858,0.564951864945142
"bambu","CPM","B20K80","B20K80_4",0.310161611212571,6.84827574774971,10.941345882157,6.09156234168924,8.09259891597529,"191-575",0.846239362515642,0.153760637484358
"bambu","CPM","B20K80","B20K80_4",0.513972862461509,5.56463164201955,10.941345882157,6.09156234168924,8.61798746156121,"575-813",0.645699667914286,0.354300332085714
"bambu","CPM","B20K80","B20K80_4",0.805891213944631,1.07522331320538,10.941345882157,6.09156234168924,8.82151092424315,"813-1597",0.121886525158686,0.878113474841314
"bambu","CPM","B20K80","B20K80_5",0.542516108133712,3.55342384256883,10.941345882157,6.09156234168924,8.16963762182738,"1597-2528",0.434954891153912,0.565045108846088
"bambu","CPM","B20K80","B20K80_5",0.335660668286336,6.87813730416408,10.941345882157,6.09156234168924,8.09259891597529,"191-575",0.849929346008513,0.150070653991487
"bambu","CPM","B20K80","B20K80_5",0.520348100119406,5.44360326792726,10.941345882157,6.09156234168924,8.61798746156121,"575-813",0.631655974461248,0.368344025538752
"bambu","CPM","B20K80","B20K80_5",0.785060423277241,1.1988865712242,10.941345882157,6.09156234168924,8.82151092424315,"813-1597",0.135904901271441,0.864095098728559
"bambu","CPM","B80K20","B80K20_1",NA,2.62117268241409,9.58147305098662,9.58147305098662,9.58147305098662,"1597-2528",0.273566775011091,0.726433224988909
"bambu","CPM","B80K20","B80K20_1",NA,7.77597371005282,9.58147305098662,9.58147305098662,9.58147305098662,"191-575",0.811563490151665,0.188436509848335
"bambu","CPM","B80K20","B80K20_1",NA,5.93037890478618,9.58147305098662,9.58147305098662,9.58147305098662,"575-813",0.618942293447824,0.381057706552176
"bambu","CPM","B80K20","B80K20_1",NA,1.44103111803071,9.58147305098662,9.58147305098662,9.58147305098662,"813-1597",0.150397659145148,0.849602340854852
"bambu","CPM","B80K20","B80K20_2",NA,2.6200935925609,9.58147305098662,9.58147305098662,9.58147305098662,"1597-2528",0.273454152468873,0.726545847531127
"bambu","CPM","B80K20","B80K20_2",NA,7.54370166568099,9.58147305098662,9.58147305098662,9.58147305098662,"191-575",0.787321701531499,0.212678298468501
"bambu","CPM","B80K20","B80K20_2",NA,5.61426309475066,9.58147305098662,9.58147305098662,9.58147305098662,"575-813",0.585949891511989,0.414050108488011
"bambu","CPM","B80K20","B80K20_2",NA,1.2478096717619,9.58147305098662,9.58147305098662,9.58147305098662,"813-1597",0.130231506692325,0.869768493307675
"bambu","CPM","B80K20","B80K20_3",NA,2.59321457954658,9.58147305098662,9.58147305098662,9.58147305098662,"1597-2528",0.270648841336515,0.729351158663485
"bambu","CPM","B80K20","B80K20_3",NA,7.59956524119988,9.58147305098662,9.58147305098662,9.58147305098662,"191-575",0.793152075965745,0.206847924034255
"bambu","CPM","B80K20","B80K20_3",NA,5.55963507103795,9.58147305098662,9.58147305098662,9.58147305098662,"575-813",0.58024846925447,0.41975153074553
"bambu","CPM","B80K20","B80K20_3",NA,1.13706863637403,9.58147305098662,9.58147305098662,9.58147305098662,"813-1597",0.11867367682644,0.88132632317356
"bambu","CPM","B80K20","B80K20_4",NA,2.63960841616388,9.58147305098662,9.58147305098662,9.58147305098662,"1597-2528",0.275490877250036,0.724509122749964
"bambu","CPM","B80K20","B80K20_4",NA,7.66939203497894,9.58147305098662,9.58147305098662,9.58147305098662,"191-575",0.800439764759262,0.199560235240738
"bambu","CPM","B80K20","B80K20_4",NA,5.88362834227746,9.58147305098662,9.58147305098662,9.58147305098662,"575-813",0.614063026735916,0.385936973264084
"bambu","CPM","B80K20","B80K20_4",NA,1.52818561710058,9.58147305098662,9.58147305098662,9.58147305098662,"813-1597",0.159493807368505,0.840506192631495
"bambu","CPM","B80K20","B80K20_5",NA,2.60905083270565,9.58147305098662,9.58147305098662,9.58147305098662,"1597-2528",0.272301640762533,0.727698359237467
"bambu","CPM","B80K20","B80K20_5",NA,7.6233625924457,9.58147305098662,9.58147305098662,9.58147305098662,"191-575",0.795635759958716,0.204364240041284
"bambu","CPM","B80K20","B80K20_5",NA,5.52468971805209,9.58147305098662,9.58147305098662,9.58147305098662,"575-813",0.576601289661113,0.423398710338887
"bambu","CPM","B80K20","B80K20_5",NA,1.24296986138829,9.58147305098662,9.58147305098662,9.58147305098662,"813-1597",0.129726384948742,0.870273615051258
"bambu","CPM","Brain","B31",NA,2.61971436655985,9.58147305098662,9.58147305098662,9.58147305098662,"1597-2528",0.273414573377117,0.726585426622883
"bambu","CPM","Brain","B31",NA,7.53307076335397,9.58147305098662,9.58147305098662,9.58147305098662,"191-575",0.786212174606938,0.213787825393062
"bambu","CPM","Brain","B31",NA,5.62036808703994,9.58147305098662,9.58147305098662,9.58147305098662,"575-813",0.586587057870105,0.413412942129895
"bambu","CPM","Brain","B31",NA,1.1171599736053,9.58147305098662,9.58147305098662,9.58147305098662,"813-1597",0.116595847805496,0.883404152194504
"bambu","CPM","Brain","B32",NA,2.60845024378085,9.58147305098662,9.58147305098662,9.58147305098662,"1597-2528",0.272238958446192,0.727761041553808
"bambu","CPM","Brain","B32",NA,7.44582058577977,9.58147305098662,9.58147305098662,9.58147305098662,"191-575",0.777106040601248,0.222893959398752
"bambu","CPM","Brain","B32",NA,5.42788812248052,9.58147305098662,9.58147305098662,9.58147305098662,"575-813",0.566498292443832,0.433501707556168
"bambu","CPM","Brain","B32",NA,1.02335544565136,9.58147305098662,9.58147305098662,9.58147305098662,"813-1597",0.106805648798019,0.893194351201981
"bambu","CPM","Brain","B33",NA,2.62954856625527,9.58147305098662,9.58147305098662,9.58147305098662,"1597-2528",0.274440949973189,0.725559050026811
"bambu","CPM","Brain","B33",NA,7.57726210613595,9.58147305098662,9.58147305098662,9.58147305098662,"191-575",0.790824340455219,0.209175659544781
"bambu","CPM","Brain","B33",NA,5.63954962287198,9.58147305098662,9.58147305098662,9.58147305098662,"575-813",0.588588998044644,0.411411001955356
"bambu","CPM","Brain","B33",NA,1.23278282269902,9.58147305098662,9.58147305098662,9.58147305098662,"813-1597",0.128663183222342,0.871336816777658
"bambu","CPM","Brain","B34",NA,2.63622339945035,9.58147305098662,9.58147305098662,9.58147305098662,"1597-2528",0.275137589535765,0.724862410464235
"bambu","CPM","Brain","B34",NA,7.76841139036572,9.58147305098662,9.58147305098662,9.58147305098662,"191-575",0.810774225322878,0.189225774677122
"bambu","CPM","Brain","B34",NA,5.78379949840219,9.58147305098662,9.58147305098662,9.58147305098662,"575-813",0.603644081408403,0.396355918591597
"bambu","CPM","Brain","B34",NA,1.38955181391542,9.58147305098662,9.58147305098662,9.58147305098662,"813-1597",0.145024862724248,0.854975137275752
"bambu","CPM","Brain","B35",NA,2.64125085933985,9.58147305098662,9.58147305098662,9.58147305098662,"1597-2528",0.275662295900094,0.724337704099906
"bambu","CPM","Brain","B35",NA,7.69716245073545,9.58147305098662,9.58147305098662,9.58147305098662,"191-575",0.803338109889362,0.196661890110638
"bambu","CPM","Brain","B35",NA,6.02092465756846,9.58147305098662,9.58147305098662,9.58147305098662,"575-813",0.628392380329084,0.371607619670916
"bambu","CPM","Brain","B35",NA,1.3868489753304,9.58147305098662,9.58147305098662,9.58147305098662,"813-1597",0.14474277263532,0.85525722736468
"bambu","CPM","Kidney","K31",0.572558009850962,2.65590386086428,10.2745857333318,8.19538565416613,9.41842017762234,"1597-2528",0.281990377449348,0.718009622550652
"bambu","CPM","Kidney","K31",0.377779657147205,7.49996817303267,10.2745857333318,8.19538565416613,9.31196563930357,"191-575",0.805411925209121,0.194588074790879
"bambu","CPM","Kidney","K31",0.368129661017617,5.85590452591312,10.2745857333318,8.19538565416613,9.33688359577145,"575-813",0.627179772120665,0.372820227879335
"bambu","CPM","Kidney","K31",0.72777574894192,1.67565906453073,10.2745857333318,8.19538565416613,9.25533078303635,"813-1597",0.181047993184854,0.818952006815146
"bambu","CPM","Kidney","K32",0.572558009850962,2.65197470323186,10.2745857333318,8.19538565416613,9.41842017762234,"1597-2528",0.281573199455765,0.718426800544235
"bambu","CPM","Kidney","K32",0.374431735323617,7.45488225545119,10.2745857333318,8.19538565416613,9.31196563930357,"191-575",0.800570206572275,0.199429793427725
"bambu","CPM","Kidney","K32",0.393649914814333,5.76723001435862,10.2745857333318,8.19538565416613,9.33688359577145,"575-813",0.617682544202491,0.382317455797509
"bambu","CPM","Kidney","K32",0.682208394357006,1.64433112910523,10.2745857333318,8.19538565416613,9.25533078303635,"813-1597",0.177663140048872,0.822336859951128
"bambu","CPM","Kidney","K33",0.581464467781977,2.65106635283808,10.2745857333318,8.19538565416613,9.41842017762234,"1597-2528",0.281476755426231,0.718523244573769
"bambu","CPM","Kidney","K33",0.377779657147205,7.41528085937169,10.2745857333318,8.19538565416613,9.31196563930357,"191-575",0.796317463637706,0.203682536362294
"bambu","CPM","Kidney","K33",0.28728112462185,5.78662138924961,10.2745857333318,8.19538565416613,9.33688359577145,"575-813",0.619759401506333,0.380240598493667
"bambu","CPM","Kidney","K33",0.671792999023311,1.53550017183692,10.2745857333318,8.19538565416613,9.25533078303635,"813-1597",0.165904407722657,0.834095592277343
"bambu","CPM","Kidney","K34",0.567468605318954,2.614757679336,10.2745857333318,8.19538565416613,9.41842017762234,"1597-2528",0.277621684956096,0.722378315043904
"bambu","CPM","Kidney","K34",0.380166890367724,7.47161634688762,10.2745857333318,8.19538565416613,9.31196563930357,"191-575",0.802367259104965,0.197632740895035
"bambu","CPM","Kidney","K34",0.274980734659607,5.72383819597935,10.2745857333318,8.19538565416613,9.33688359577145,"575-813",0.613035188590292,0.386964811409708
"bambu","CPM","Kidney","K34",0.682208394357006,1.25314905675568,10.2745857333318,8.19538565416613,9.25533078303635,"813-1597",0.135397543981088,0.864602456018912
"bambu","CPM","Kidney","K35",0.567468605318954,2.61641633843597,10.2745857333318,8.19538565416613,9.41842017762234,"1597-2528",0.277797792951777,0.722202207048223
"bambu","CPM","Kidney","K35",0.392103056470322,7.4333196585994,10.2745857333318,8.19538565416613,9.31196563930357,"191-575",0.798254627060171,0.201745372939829
"bambu","CPM","Kidney","K35",0.28008478541895,5.67151347253124,10.2745857333318,8.19538565416613,9.33688359577145,"575-813",0.607431099933578,0.392568900066422
"bambu","CPM","Kidney","K35",0.682208394357006,1.21492289764087,10.2745857333318,8.19538565416613,9.25533078303635,"813-1597",0.131267366463838,0.868732633536162
"bambu","EDA","B20K80","B20K80_1",0.542516108133712,3.59691810276976,10.941345882157,6.09156234168924,8.16963762182738,"1597-2528",0.440278782153034,0.559721217846966
"bambu","EDA","B20K80","B20K80_1",0.452700619461692,7.11866391877068,10.941345882157,6.09156234168924,8.09259891597529,"191-575",0.879651147015083,0.120348852984917
"bambu","EDA","B20K80","B20K80_1",0.56712011936169,5.69144636671079,10.941345882157,6.09156234168924,8.61798746156121,"575-813",0.66041478849863,0.33958521150137
"bambu","EDA","B20K80","B20K80_1",0.785060423277241,1.37421925263297,10.941345882157,6.09156234168924,8.82151092424315,"813-1597",0.155780485274508,0.844219514725492
"bambu","EDA","B20K80","B20K80_2",0.532304040215901,3.59040999467816,10.941345882157,6.09156234168924,8.16963762182738,"1597-2528",0.439482160761381,0.560517839238619
"bambu","EDA","B20K80","B20K80_2",0.263540241677487,6.7463610560164,10.941345882157,6.09156234168924,8.09259891597529,"191-575",0.833645794887804,0.166354205112196
"bambu","EDA","B20K80","B20K80_2",0.607096450566214,5.72805572058823,10.941345882157,6.09156234168924,8.61798746156121,"575-813",0.66466280510816,0.33533719489184
"bambu","EDA","B20K80","B20K80_2",0.852760492946257,1.09519972534257,10.941345882157,6.09156234168924,8.82151092424315,"813-1597",0.124151036568209,0.875848963431791
"bambu","EDA","B20K80","B20K80_3",0.542516108133712,3.57925742375846,10.941345882157,6.09156234168924,8.16963762182738,"1597-2528",0.438117036451594,0.561882963548406
"bambu","EDA","B20K80","B20K80_3",0.320521915553701,6.78865015817349,10.941345882157,6.09156234168924,8.09259891597529,"191-575",0.838871446448715,0.161128553551285
"bambu","EDA","B20K80","B20K80_3",0.57424491103341,5.65559729836399,10.941345882157,6.09156234168924,8.61798746156121,"575-813",0.656254992663848,0.343745007336152
"bambu","EDA","B20K80","B20K80_3",0.829325853445444,1.20523740070382,10.941345882157,6.09156234168924,8.82151092424315,"813-1597",0.136624826637306,0.863375173362694
"bambu","EDA","B20K80","B20K80_4",0.542516108133712,3.5649539224152,10.941345882157,6.09156234168924,8.16963762182738,"1597-2528",0.436366224236246,0.563633775763754
"bambu","EDA","B20K80","B20K80_4",0.310161611212571,6.75822238651545,10.941345882157,6.09156234168924,8.09259891597529,"191-575",0.835111495909466,0.164888504090534
"bambu","EDA","B20K80","B20K80_4",0.534713255398165,5.44528592528171,10.941345882157,6.09156234168924,8.61798746156121,"575-813",0.631851223916176,0.368148776083824
"bambu","EDA","B20K80","B20K80_4",0.829325853445444,1.06220623098551,10.941345882157,6.09156234168924,8.82151092424315,"813-1597",0.120410918277771,0.879589081722229
"bambu","EDA","B20K80","B20K80_5",0.542516108133712,3.57064881376439,10.941345882157,6.09156234168924,8.16963762182738,"1597-2528",0.437063304279794,0.562936695720206
"bambu","EDA","B20K80","B20K80_5",0.326997105766907,6.84649936964375,10.941345882157,6.09156234168924,8.09259891597529,"191-575",0.846019856010452,0.153980143989548
"bambu","EDA","B20K80","B20K80_5",0.520021145578724,5.43974513083662,10.941345882157,6.09156234168924,8.61798746156121,"575-813",0.631208290230115,0.368791709769885
"bambu","EDA","B20K80","B20K80_5",0.785060423277241,1.29677701593607,10.941345882157,6.09156234168924,8.82151092424315,"813-1597",0.147001690194849,0.852998309805151
"bambu","EDA","B80K20","B80K20_1",NA,2.61097898670094,9.58147305098662,9.58147305098662,9.58147305098662,"1597-2528",0.272502878503852,0.727497121496149
"bambu","EDA","B80K20","B80K20_1",NA,7.6369481252789,9.58147305098662,9.58147305098662,9.58147305098662,"191-575",0.797053656012997,0.202946343987003
"bambu","EDA","B80K20","B80K20_1",NA,5.70589828209276,9.58147305098662,9.58147305098662,9.58147305098662,"575-813",0.595513680592695,0.404486319407305
"bambu","EDA","B80K20","B80K20_1",NA,1.27672947323288,9.58147305098662,9.58147305098662,9.58147305098662,"813-1597",0.133249811009113,0.866750188990887
"bambu","EDA","B80K20","B80K20_2",NA,2.60468844318642,9.58147305098662,9.58147305098662,9.58147305098662,"1597-2528",0.271846346519568,0.728153653480432
"bambu","EDA","B80K20","B80K20_2",NA,7.46353017691056,9.58147305098662,9.58147305098662,9.58147305098662,"191-575",0.778954356725141,0.221045643274859
"bambu","EDA","B80K20","B80K20_2",NA,5.45120814227023,9.58147305098662,9.58147305098662,9.58147305098662,"575-813",0.56893215826651,0.43106784173349
"bambu","EDA","B80K20","B80K20_2",NA,1.06798897214955,9.58147305098662,9.58147305098662,9.58147305098662,"813-1597",0.111463964514264,0.888536035485736
"bambu","EDA","B80K20","B80K20_3",NA,2.58589595724489,9.58147305098662,9.58147305098662,9.58147305098662,"1597-2528",0.269885010737323,0.730114989262677
"bambu","EDA","B80K20","B80K20_3",NA,7.39669662743075,9.58147305098662,9.58147305098662,9.58147305098662,"191-575",0.771979067109007,0.228020932890993
"bambu","EDA","B80K20","B80K20_3",NA,5.26936582207951,9.58147305098662,9.58147305098662,9.58147305098662,"575-813",0.549953623418783,0.450046376581217
"bambu","EDA","B80K20","B80K20_3",NA,0.997736158886902,9.58147305098662,9.58147305098662,9.58147305098662,"813-1597",0.104131812882797,0.895868187117203
"bambu","EDA","B80K20","B80K20_4",NA,2.62520631448016,9.58147305098662,9.58147305098662,9.58147305098662,"1597-2528",0.273987757468028,0.726012242531972
"bambu","EDA","B80K20","B80K20_4",NA,7.49788475750812,9.58147305098662,9.58147305098662,9.58147305098662,"191-575",0.782539878535279,0.217460121464721
"bambu","EDA","B80K20","B80K20_4",NA,5.57450525091214,9.58147305098662,9.58147305098662,9.58147305098662,"575-813",0.581800441461151,0.418199558538849
"bambu","EDA","B80K20","B80K20_4",NA,1.27271727377457,9.58147305098662,9.58147305098662,9.58147305098662,"813-1597",0.132831065432419,0.867168934567581
"bambu","EDA","B80K20","B80K20_5",NA,2.60623579006707,9.58147305098662,9.58147305098662,9.58147305098662,"1597-2528",0.272007840151333,0.727992159848667
"bambu","EDA","B80K20","B80K20_5",NA,7.51231470169106,9.58147305098662,9.58147305098662,9.58147305098662,"191-575",0.784045904185631,0.215954095814369
"bambu","EDA","B80K20","B80K20_5",NA,5.37314200865165,9.58147305098662,9.58147305098662,9.58147305098662,"575-813",0.560784545346957,0.439215454653043
"bambu","EDA","B80K20","B80K20_5",NA,1.16612872067646,9.58147305098662,9.58147305098662,9.58147305098662,"813-1597",0.121706622193795,0.878293377806205
"bambu","EDA","Brain","B31",NA,2.614728398888,9.58147305098662,9.58147305098662,9.58147305098662,"1597-2528",0.272894197476113,0.727105802523887
"bambu","EDA","Brain","B31",NA,7.54223967194479,9.58147305098662,9.58147305098662,9.58147305098662,"191-575",0.787169116044026,0.212830883955974
"bambu","EDA","Brain","B31",NA,5.61642076010293,9.58147305098662,9.58147305098662,9.58147305098662,"575-813",0.58617508291427,0.41382491708573
"bambu","EDA","Brain","B31",NA,1.07457992064121,9.58147305098662,9.58147305098662,9.58147305098662,"813-1597",0.11215184919093,0.88784815080907
"bambu","EDA","Brain","B32",NA,2.59960092672115,9.58147305098662,9.58147305098662,9.58147305098662,"1597-2528",0.271315372165396,0.728684627834604
"bambu","EDA","Brain","B32",NA,7.42028149411631,9.58147305098662,9.58147305098662,9.58147305098662,"191-575",0.774440574495195,0.225559425504805
"bambu","EDA","Brain","B32",NA,5.36953445595075,9.58147305098662,9.58147305098662,9.58147305098662,"575-813",0.560408031977697,0.439591968022303
"bambu","EDA","Brain","B32",NA,0.949612861737253,9.58147305098662,9.58147305098662,9.58147305098662,"813-1597",0.0991092764843157,0.900890723515684
"bambu","EDA","Brain","B33",NA,2.61816033483222,9.58147305098662,9.58147305098662,9.58147305098662,"1597-2528",0.273252382060671,0.726747617939329
"bambu","EDA","Brain","B33",NA,7.51927309179043,9.58147305098662,9.58147305098662,9.58147305098662,"191-575",0.78477213803948,0.21522786196052
"bambu","EDA","Brain","B33",NA,5.51831315675948,9.58147305098662,9.58147305098662,9.58147305098662,"575-813",0.575935780166,0.424064219834
"bambu","EDA","Brain","B33",NA,1.08726223990805,9.58147305098662,9.58147305098662,9.58147305098662,"813-1597",0.11347547857436,0.88652452142564
"bambu","EDA","Brain","B34",NA,2.61966274828332,9.58147305098662,9.58147305098662,9.58147305098662,"1597-2528",0.273409186076411,0.726590813923589
"bambu","EDA","Brain","B34",NA,7.56806752481441,9.58147305098662,9.58147305098662,9.58147305098662,"191-575",0.789864719604374,0.210135280395626
"bambu","EDA","Brain","B34",NA,5.46326755688401,9.58147305098662,9.58147305098662,9.58147305098662,"575-813",0.570190776283762,0.429809223716238
"bambu","EDA","Brain","B34",NA,1.12660903491004,9.58147305098662,9.58147305098662,9.58147305098662,"813-1597",0.117582028245023,0.882417971754977
"bambu","EDA","Brain","B35",NA,2.62942093845444,9.58147305098662,9.58147305098662,9.58147305098662,"1597-2528",0.27442762970394,0.72557237029606
"bambu","EDA","Brain","B35",NA,7.59980710078409,9.58147305098662,9.58147305098662,9.58147305098662,"191-575",0.793177318387544,0.206822681612456
"bambu","EDA","Brain","B35",NA,5.8734490340818,9.58147305098662,9.58147305098662,9.58147305098662,"575-813",0.613000631826334,0.386999368173666
"bambu","EDA","Brain","B35",NA,1.20078860705147,9.58147305098662,9.58147305098662,9.58147305098662,"813-1597",0.125324008183462,0.874675991816538
"bambu","EDA","Kidney","K31",0.562379200786945,2.65998726272433,10.2745857333318,8.19538565416613,9.41842017762234,"1597-2528",0.282423932311314,0.717576067688686
"bambu","EDA","Kidney","K31",0.377779657147205,7.63357543961882,10.2745857333318,8.19538565416613,9.31196563930357,"191-575",0.819759837536269,0.180240162463731
"bambu","EDA","Kidney","K31",0.36430162294811,6.06320127234808,10.2745857333318,8.19538565416613,9.33688359577145,"575-813",0.649381692526832,0.350618307473168
"bambu","EDA","Kidney","K31",0.716058429191514,1.82023336260955,10.2745857333318,8.19538565416613,9.25533078303635,"813-1597",0.196668644836094,0.803331355163906
"bambu","EDA","Kidney","K32",0.572558009850962,2.64582193781192,10.2745857333318,8.19538565416613,9.41842017762234,"1597-2528",0.280919930085329,0.719080069914671
"bambu","EDA","Kidney","K32",0.380166890367724,7.38686685976038,10.2745857333318,8.19538565416613,9.31196563930357,"191-575",0.793266120805063,0.206733879194937
"bambu","EDA","Kidney","K32",0.393649914814333,5.65099630507906,10.2745857333318,8.19538565416613,9.33688359577145,"575-813",0.605233667863045,0.394766332136955
"bambu","EDA","Kidney","K32",0.682208394357006,1.53698652324603,10.2745857333318,8.19538565416613,9.25533078303635,"813-1597",0.166065001810967,0.833934998189033
"bambu","EDA","Kidney","K33",0.581464467781977,2.65189407084489,10.2745857333318,8.19538565416613,9.41842017762234,"1597-2528",0.281564638318605,0.718435361681395
"bambu","EDA","Kidney","K33",0.377779657147205,7.35879698303999,10.2745857333318,8.19538565416613,9.31196563930357,"191-575",0.790251732886586,0.209748267113414
"bambu","EDA","Kidney","K33",0.309433077285172,5.71539225765524,10.2745857333318,8.19538565416613,9.33688359577145,"575-813",0.612130610715086,0.387869389284914
"bambu","EDA","Kidney","K33",0.671792999023311,1.52223986992956,10.2745857333318,8.19538565416613,9.25533078303635,"813-1597",0.164471687248563,0.835528312751437
"bambu","EDA","Kidney","K34",0.55347274285593,2.63722854807514,10.2745857333318,8.19538565416613,9.41842017762234,"1597-2528",0.280007527625605,0.719992472374395
"bambu","EDA","Kidney","K34",0.380166890367724,7.37137717587135,10.2745857333318,8.19538565416613,9.31196563930357,"191-575",0.7916027035966,0.2083972964034
"bambu","EDA","Kidney","K34",0.276256747349442,5.65167933809252,10.2745857333318,8.19538565416613,9.33688359577145,"575-813",0.60530682214482,0.39469317785518
"bambu","EDA","Kidney","K34",0.671792999023311,1.3429897985904,10.2745857333318,8.19538565416613,9.25533078303635,"813-1597",0.145104462506289,0.854895537493711
"bambu","EDA","Kidney","K35",0.55347274285593,2.64749456349031,10.2745857333318,8.19538565416613,9.41842017762234,"1597-2528",0.281097520981344,0.718902479018656
"bambu","EDA","Kidney","K35",0.392103056470322,7.43393008972998,10.2745857333318,8.19538565416613,9.31196563930357,"191-575",0.798320180473298,0.201679819526702
"bambu","EDA","Kidney","K35",0.311985102664844,5.77313633997346,10.2745857333318,8.19538565416613,9.33688359577145,"575-813",0.618315124179982,0.381684875820018
"bambu","EDA","Kidney","K35",0.682208394357006,1.4494720907578,10.2745857333318,8.19538565416613,9.25533078303635,"813-1597",0.156609431335989,0.843390568664011
"bambu","TPM","B20K80","B20K80_1",0.560387226989881,3.55319228763031,10.941345882157,6.09156234168924,8.16963762182738,"1597-2528",0.434926547799012,0.565073452200988
"bambu","TPM","B20K80","B20K80_1",0.452700619461692,6.97716481350711,10.941345882157,6.09156234168924,8.09259891597529,"191-575",0.86216614538177,0.13783385461823
"bambu","TPM","B20K80","B20K80_1",0.56712011936169,5.30407579416144,10.941345882157,6.09156234168924,8.61798746156121,"575-813",0.61546571259464,0.38453428740536
"bambu","TPM","B20K80","B20K80_1",0.863175888279952,0.949361846701849,10.941345882157,6.09156234168924,8.82151092424315,"813-1597",0.107618961746431,0.892381038253569
"bambu","TPM","B20K80","B20K80_2",0.542516108133712,3.54788963960952,10.941345882157,6.09156234168924,8.16963762182738,"1597-2528",0.434277480084353,0.565722519915647
"bambu","TPM","B20K80","B20K80_2",0.263540241677487,6.6335301531471,10.941345882157,6.09156234168924,8.09259891597529,"191-575",0.819703314352093,0.180296685647907
"bambu","TPM","B20K80","B20K80_2",0.628121435867208,5.43579073184519,10.941345882157,6.09156234168924,8.61798746156121,"575-813",0.630749436117241,0.369250563882759
"bambu","TPM","B20K80","B20K80_2",0.89702592311446,0.774840976581743,10.941345882157,6.09156234168924,8.82151092424315,"813-1597",0.0878354040748661,0.912164595925134
"bambu","TPM","B20K80","B20K80_3",0.534857057195354,3.54828001797302,10.941345882157,6.09156234168924,8.16963762182738,"1597-2528",0.434325264133238,0.565674735866762
"bambu","TPM","B20K80","B20K80_3",0.320521915553701,6.71959733529516,10.941345882157,6.09156234168924,8.09259891597529,"191-575",0.830338610014425,0.169661389985575
"bambu","TPM","B20K80","B20K80_3",0.57424491103341,5.50140997505712,10.941345882157,6.09156234168924,8.61798746156121,"575-813",0.638363655040698,0.361636344959302
"bambu","TPM","B20K80","B20K80_3",0.868383585946799,0.952959633218496,10.941345882157,6.09156234168924,8.82151092424315,"813-1597",0.108026804183803,0.891973195816197
"bambu","TPM","B20K80","B20K80_4",0.534857057195354,3.50725998112125,10.941345882157,6.09156234168924,8.16963762182738,"1597-2528",0.42930422908241,0.57069577091759
"bambu","TPM","B20K80","B20K80_4",0.310161611212571,6.6610590016871,10.941345882157,6.09156234168924,8.09259891597529,"191-575",0.823105045838582,0.176894954161418
"bambu","TPM","B20K80","B20K80_4",0.534713255398165,5.19989704601464,10.941345882157,6.09156234168924,8.61798746156121,"575-813",0.603377188607866,0.396622811392134
"bambu","TPM","B20K80","B20K80_4",0.913950940531714,0.786629526267796,10.941345882157,6.09156234168924,8.82151092424315,"813-1597",0.0891717454099605,0.910828254590039
"bambu","TPM","B20K80","B20K80_5",0.534857057195354,3.51023539390885,10.941345882157,6.09156234168924,8.16963762182738,"1597-2528",0.429668432848272,0.570331567151728
"bambu","TPM","B20K80","B20K80_5",0.326997105766907,6.67740211317016,10.941345882157,6.09156234168924,8.09259891597529,"191-575",0.82512455918068,0.17487544081932
"bambu","TPM","B20K80","B20K80_5",0.520021145578724,5.02467007849857,10.941345882157,6.09156234168924,8.61798746156121,"575-813",0.583044487000021,0.416955512999979
"bambu","TPM","B20K80","B20K80_5",0.913950940531714,0.886497615450174,10.941345882157,6.09156234168924,8.82151092424315,"813-1597",0.100492718658197,0.899507281341803
"bambu","TPM","B80K20","B80K20_1",NA,2.57986242957173,9.58147305098662,9.58147305098662,9.58147305098662,"1597-2528",0.269255303004383,0.730744696995617
"bambu","TPM","B80K20","B80K20_1",NA,7.46238991442838,9.58147305098662,9.58147305098662,9.58147305098662,"191-575",0.778835349712742,0.221164650287258
"bambu","TPM","B80K20","B80K20_1",NA,5.38627618058919,9.58147305098662,9.58147305098662,9.58147305098662,"575-813",0.562155333728622,0.437844666271378
"bambu","TPM","B80K20","B80K20_1",NA,1.00566348764202,9.58147305098662,9.58147305098662,9.58147305098662,"813-1597",0.104959173009255,0.895040826990745
"bambu","TPM","B80K20","B80K20_2",NA,2.57392685152331,9.58147305098662,9.58147305098662,9.58147305098662,"1597-2528",0.268635818086267,0.731364181913733
"bambu","TPM","B80K20","B80K20_2",NA,7.30075965819978,9.58147305098662,9.58147305098662,9.58147305098662,"191-575",0.761966309287694,0.238033690712306
"bambu","TPM","B80K20","B80K20_2",NA,5.14008274130964,9.58147305098662,9.58147305098662,9.58147305098662,"575-813",0.536460595772417,0.463539404227583
"bambu","TPM","B80K20","B80K20_2",NA,0.810025391568976,9.58147305098662,9.58147305098662,9.58147305098662,"813-1597",0.0845407994426876,0.915459200557312
"bambu","TPM","B80K20","B80K20_3",NA,2.54239844874808,9.58147305098662,9.58147305098662,9.58147305098662,"1597-2528",0.265345259045141,0.734654740954859
"bambu","TPM","B80K20","B80K20_3",NA,7.3462029484766,9.58147305098662,9.58147305098662,9.58147305098662,"191-575",0.76670913849934,0.23329086150066
"bambu","TPM","B80K20","B80K20_3",NA,5.12158499218597,9.58147305098662,9.58147305098662,9.58147305098662,"575-813",0.53453002110762,0.46546997889238
"bambu","TPM","B80K20","B80K20_3",NA,0.855789993934236,9.58147305098662,9.58147305098662,9.58147305098662,"813-1597",0.0893171633818991,0.910682836618101
"bambu","TPM","B80K20","B80K20_4",NA,2.60452203954782,9.58147305098662,9.58147305098662,9.58147305098662,"1597-2528",0.271828979290364,0.728171020709636
"bambu","TPM","B80K20","B80K20_4",NA,7.38410672587102,9.58147305098662,9.58147305098662,9.58147305098662,"191-575",0.770665083184747,0.229334916815253
"bambu","TPM","B80K20","B80K20_4",NA,5.34516830977636,9.58147305098662,9.58147305098662,9.58147305098662,"575-813",0.557864983946906,0.442135016053094
"bambu","TPM","B80K20","B80K20_4",NA,1.05633115519175,9.58147305098662,9.58147305098662,9.58147305098662,"813-1597",0.110247260475568,0.889752739524432
"bambu","TPM","B80K20","B80K20_5",NA,2.56226360360248,9.58147305098662,9.58147305098662,9.58147305098662,"1597-2528",0.267418547228356,0.732581452771644
"bambu","TPM","B80K20","B80K20_5",NA,7.35945304377767,9.58147305098662,9.58147305098662,9.58147305098662,"191-575",0.76809202558054,0.23190797441946
"bambu","TPM","B80K20","B80K20_5",NA,5.08463142492116,9.58147305098662,9.58147305098662,9.58147305098662,"575-813",0.530673248034401,0.469326751965599
"bambu","TPM","B80K20","B80K20_5",NA,0.894852950885735,9.58147305098662,9.58147305098662,9.58147305098662,"813-1597",0.0933940894185984,0.906605910581402
"bambu","TPM","Brain","B31",NA,2.57017983112246,9.58147305098662,9.58147305098662,9.58147305098662,"1597-2528",0.268244748740154,0.731755251259846
"bambu","TPM","Brain","B31",NA,7.29688532553809,9.58147305098662,9.58147305098662,9.58147305098662,"191-575",0.761561952604638,0.238438047395362
"bambu","TPM","Brain","B31",NA,5.16077772713881,9.58147305098662,9.58147305098662,9.58147305098662,"575-813",0.538620491825878,0.461379508174122
"bambu","TPM","Brain","B31",NA,0.710548545105118,9.58147305098662,9.58147305098662,9.58147305098662,"813-1597",0.0741585914111559,0.925841408588844
"bambu","TPM","Brain","B32",NA,2.55224952690882,9.58147305098662,9.58147305098662,9.58147305098662,"1597-2528",0.266373397214326,0.733626602785674
"bambu","TPM","Brain","B32",NA,7.24655348612627,9.58147305098662,9.58147305098662,9.58147305098662,"191-575",0.756308914878185,0.243691085121815
"bambu","TPM","Brain","B32",NA,5.02437123679124,9.58147305098662,9.58147305098662,9.58147305098662,"575-813",0.524384007558615,0.475615992441385
"bambu","TPM","Brain","B32",NA,0.692392540740041,9.58147305098662,9.58147305098662,9.58147305098662,"813-1597",0.0722636839925927,0.927736316007407
"bambu","TPM","Brain","B33",NA,2.58611177375177,9.58147305098662,9.58147305098662,9.58147305098662,"1597-2528",0.269907535092996,0.730092464907004
"bambu","TPM","Brain","B33",NA,7.32449600849682,9.58147305098662,9.58147305098662,9.58147305098662,"191-575",0.764443626728419,0.235556373271581
"bambu","TPM","Brain","B33",NA,5.15945379292461,9.58147305098662,9.58147305098662,9.58147305098662,"575-813",0.538482315346421,0.461517684653579
"bambu","TPM","Brain","B33",NA,0.791392447059745,9.58147305098662,9.58147305098662,9.58147305098662,"813-1597",0.0825961146943114,0.917403885305689
"bambu","TPM","Brain","B34",NA,2.59876136882352,9.58147305098662,9.58147305098662,9.58147305098662,"1597-2528",0.271227749114832,0.728772250885168
"bambu","TPM","Brain","B34",NA,7.45544004513237,9.58147305098662,9.58147305098662,9.58147305098662,"191-575",0.778110005158828,0.221889994841172
"bambu","TPM","Brain","B34",NA,5.26311338376634,9.58147305098662,9.58147305098662,9.58147305098662,"575-813",0.549301068401418,0.450698931598582
"bambu","TPM","Brain","B34",NA,0.934434270353796,9.58147305098662,9.58147305098662,9.58147305098662,"813-1597",0.0975251159588218,0.902474884041178
"bambu","TPM","Brain","B35",NA,2.60361708790374,9.58147305098662,9.58147305098662,9.58147305098662,"1597-2528",0.271734531219669,0.728265468780331
"bambu","TPM","Brain","B35",NA,7.4048355675438,9.58147305098662,9.58147305098662,9.58147305098662,"191-575",0.772828512707794,0.227171487292206
"bambu","TPM","Brain","B35",NA,5.60884925396156,9.58147305098662,9.58147305098662,9.58147305098662,"575-813",0.585384859312839,0.414615140687161
"bambu","TPM","Brain","B35",NA,0.926594022476092,9.58147305098662,9.58147305098662,9.58147305098662,"813-1597",0.0967068442968358,0.903293155703164
"bambu","TPM","Kidney","K31",0.613273246107031,2.6241254790165,10.2745857333318,8.19538565416613,9.41842017762234,"1597-2528",0.278616310328911,0.721383689671089
"bambu","TPM","Kidney","K31",0.377779657147205,7.16709893182317,10.2745857333318,8.19538565416613,9.31196563930357,"191-575",0.769665525995131,0.230334474004869
"bambu","TPM","Kidney","K31",0.391097889434661,5.26496788176981,10.2745857333318,8.19538565416613,9.33688359577145,"575-813",0.563889206475085,0.436110793524915
"bambu","TPM","Kidney","K31",0.739493068692327,1.12818721680108,10.2745857333318,8.19538565416613,9.25533078303635,"813-1597",0.121895936865798,0.878104063134202
"bambu","TPM","Kidney","K32",0.604366788176016,2.61849333642007,10.2745857333318,8.19538565416613,9.41842017762234,"1597-2528",0.27801831804462,0.72198168195538
"bambu","TPM","Kidney","K32",0.380166890367724,7.13794654367482,10.2745857333318,8.19538565416613,9.31196563930357,"191-575",0.766534888568237,0.233465111431763
"bambu","TPM","Kidney","K32",0.365577635637946,5.19826766298872,10.2745857333318,8.19538565416613,9.33688359577145,"575-813",0.556745471834193,0.443254528165807
"bambu","TPM","Kidney","K32",0.700435336190971,1.12248368240394,10.2745857333318,8.19538565416613,9.25533078303635,"813-1597",0.121279693694069,0.878720306305931
"bambu","TPM","Kidney","K33",0.591643276845994,2.6153016804897,10.2745857333318,8.19538565416613,9.41842017762234,"1597-2528",0.277679444234556,0.722320555765444
"bambu","TPM","Kidney","K33",0.377779657147205,7.11177129392127,10.2745857333318,8.19538565416613,9.31196563930357,"191-575",0.763723962200225,0.236276037799775
"bambu","TPM","Kidney","K33",0.319641178803858,5.22006094083622,10.2745857333318,8.19538565416613,9.33688359577145,"575-813",0.559079578029687,0.440920421970313
"bambu","TPM","Kidney","K33",0.700435336190971,1.03056661406331,10.2745857333318,8.19538565416613,9.25533078303635,"813-1597",0.11134843672494,0.88865156327506
"bambu","TPM","Kidney","K34",0.623452055171048,2.57354376381765,10.2745857333318,8.19538565416613,9.41842017762234,"1597-2528",0.273245800811929,0.726754199188071
"bambu","TPM","Kidney","K34",0.380166890367724,7.16734241375185,10.2745857333318,8.19538565416613,9.31196563930357,"191-575",0.769691673205946,0.230308326794054
"bambu","TPM","Kidney","K34",0.276256747349442,5.20918227289538,10.2745857333318,8.19538565416613,9.33688359577145,"575-813",0.557914449662256,0.442085550337744
"bambu","TPM","Kidney","K34",0.700435336190971,0.916436041804438,10.2745857333318,8.19538565416613,9.25533078303635,"813-1597",0.0990171030390539,0.900982896960946
"bambu","TPM","Kidney","K35",0.623452055171048,2.57489126997615,10.2745857333318,8.19538565416613,9.41842017762234,"1597-2528",0.273388872169237,0.726611127830763
"bambu","TPM","Kidney","K35",0.392103056470322,7.13464442728297,10.2745857333318,8.19538565416613,9.31196563930357,"191-575",0.766180278540692,0.233819721459308
"bambu","TPM","Kidney","K35",0.334953331081888,5.16067659753444,10.2745857333318,8.19538565416613,9.33688359577145,"575-813",0.552719389140895,0.447280610859105
"bambu","TPM","Kidney","K35",0.700435336190971,0.869974194996806,10.2745857333318,8.19538565416613,9.25533078303635,"813-1597",0.0939970937172056,0.906002906282794
"bambu","cqn","B20K80","B20K80_1",0.5600437471985,3.1960201163328,10.941345882157,6.09156234168924,8.16963762182738,"1597-2528",0.391207084607251,0.608792915392749
"bambu","cqn","B20K80","B20K80_1",0.165521901723036,6.92522303825173,10.941345882157,6.09156234168924,8.09259891597529,"191-575",0.855747715926081,0.144252284073919
"bambu","cqn","B20K80","B20K80_1",0.489539675826452,6.071750416949,10.941345882157,6.09156234168924,8.61798746156121,"575-813",0.704543890790143,0.295456109209857
"bambu","cqn","B20K80","B20K80_1",0.846250870862698,2.51004216598506,10.941345882157,6.09156234168924,8.82151092424315,"813-1597",0.284536536602477,0.715463463397523
"bambu","cqn","B20K80","B20K80_2",0.531977773534794,3.01929688806099,10.941345882157,6.09156234168924,8.16963762182738,"1597-2528",0.369575375044069,0.630424624955931
"bambu","cqn","B20K80","B20K80_2",0.0836572788491879,6.70929865337197,10.941345882157,6.09156234168924,8.09259891597529,"191-575",0.829066005004573,0.170933994995427
"bambu","cqn","B20K80","B20K80_2",0.508787631625657,5.56931496334349,10.941345882157,6.09156234168924,8.61798746156121,"575-813",0.64624310353018,0.35375689646982
"bambu","cqn","B20K80","B20K80_2",0.844417290405822,1.92196360983318,10.941345882157,6.09156234168924,8.82151092424315,"813-1597",0.217872383352297,0.782127616647703
"bambu","cqn","B20K80","B20K80_3",0.542183582139778,3.10202245573034,10.941345882157,6.09156234168924,8.16963762182738,"1597-2528",0.379701352657608,0.620298647342392
"bambu","cqn","B20K80","B20K80_3",0.144189930189062,6.75811246955467,10.941345882157,6.09156234168924,8.09259891597529,"191-575",0.835097913503873,0.164902086496127
"bambu","cqn","B20K80","B20K80_3",0.466386074921838,5.59484476369121,10.941345882157,6.09156234168924,8.61798746156121,"575-813",0.649205488943431,0.350794511056569
"bambu","cqn","B20K80","B20K80_3",0.892365185465574,1.94957566686643,10.941345882157,6.09156234168924,8.82151092424315,"813-1597",0.221002465859747,0.778997534140253
"bambu","cqn","B20K80","B20K80_4",0.542183582139778,3.05705237102278,10.941345882157,6.09156234168924,8.16963762182738,"1597-2528",0.374196814171419,0.625803185828581
"bambu","cqn","B20K80","B20K80_4",0.150266860999689,6.70721387749991,10.941345882157,6.09156234168924,8.09259891597529,"191-575",0.828808389880717,0.171191610119283
"bambu","cqn","B20K80","B20K80_4",0.46655601077654,5.46537391212234,10.941345882157,6.09156234168924,8.61798746156121,"575-813",0.634182161032321,0.365817838967679
"bambu","cqn","B20K80","B20K80_4",0.897576077059533,1.87743727288245,10.941345882157,6.09156234168924,8.82151092424315,"813-1597",0.21282491049497,0.78717508950503
"bambu","cqn","B20K80","B20K80_5",0.53452922568604,3.13388685421958,10.941345882157,6.09156234168924,8.16963762182738,"1597-2528",0.383601696830049,0.616398303169951
"bambu","cqn","B20K80","B20K80_5",0.154765965870998,6.83141485176829,10.941345882157,6.09156234168924,8.09259891597529,"191-575",0.844155866699714,0.155844133300286
"bambu","cqn","B20K80","B20K80_5",0.470984340872515,5.75789214014053,10.941345882157,6.09156234168924,8.61798746156121,"575-813",0.668124914990007,0.331875085009993
"bambu","cqn","B20K80","B20K80_5",0.858494390104837,2.08425897010341,10.941345882157,6.09156234168924,8.82151092424315,"813-1597",0.236270066205493,0.763729933794507
"bambu","cqn","B80K20","B80K20_1",NA,2.60035173139091,9.58147305098662,9.58147305098662,9.58147305098662,"1597-2528",0.271393732211473,0.728606267788527
"bambu","cqn","B80K20","B80K20_1",NA,8.06784447316872,9.58147305098662,9.58147305098662,9.58147305098662,"191-575",0.842025482954102,0.157974517045898
"bambu","cqn","B80K20","B80K20_1",NA,6.45173234282063,9.58147305098662,9.58147305098662,9.58147305098662,"575-813",0.673354953720428,0.326645046279572
"bambu","cqn","B80K20","B80K20_1",NA,1.52814682178102,9.58147305098662,9.58147305098662,9.58147305098662,"813-1597",0.159489758375271,0.840510241624729
"bambu","cqn","B80K20","B80K20_2",NA,2.61703857062922,9.58147305098662,9.58147305098662,9.58147305098662,"1597-2528",0.273135305678258,0.726864694321742
"bambu","cqn","B80K20","B80K20_2",NA,7.92957130785779,9.58147305098662,9.58147305098662,9.58147305098662,"191-575",0.82759417739439,0.17240582260561
"bambu","cqn","B80K20","B80K20_2",NA,6.3071187194635,9.58147305098662,9.58147305098662,9.58147305098662,"575-813",0.658261906692316,0.341738093307684
"bambu","cqn","B80K20","B80K20_2",NA,1.5297493035133,9.58147305098662,9.58147305098662,9.58147305098662,"813-1597",0.159657006325951,0.840342993674049
"bambu","cqn","B80K20","B80K20_3",NA,2.57088170716025,9.58147305098662,9.58147305098662,9.58147305098662,"1597-2528",0.268318002198579,0.731681997801421
"bambu","cqn","B80K20","B80K20_3",NA,7.83140372290468,9.58147305098662,9.58147305098662,9.58147305098662,"191-575",0.817348614480345,0.182651385519655
"bambu","cqn","B80K20","B80K20_3",NA,5.98425319069194,9.58147305098662,9.58147305098662,9.58147305098662,"575-813",0.624565049533353,0.375434950466647
"bambu","cqn","B80K20","B80K20_3",NA,1.27235715627323,9.58147305098662,9.58147305098662,9.58147305098662,"813-1597",0.132793480658197,0.867206519341803
"bambu","cqn","B80K20","B80K20_4",NA,2.61710066411379,9.58147305098662,9.58147305098662,9.58147305098662,"1597-2528",0.273141786256373,0.726858213743627
"bambu","cqn","B80K20","B80K20_4",NA,8.02666889658366,9.58147305098662,9.58147305098662,9.58147305098662,"191-575",0.837728066850549,0.162271933149451
"bambu","cqn","B80K20","B80K20_4",NA,6.52193988540563,9.58147305098662,9.58147305098662,9.58147305098662,"575-813",0.680682380537933,0.319317619462067
"bambu","cqn","B80K20","B80K20_4",NA,1.69253434516227,9.58147305098662,9.58147305098662,9.58147305098662,"813-1597",0.176646569494655,0.823353430505345
"bambu","cqn","B80K20","B80K20_5",NA,2.58985553615616,9.58147305098662,9.58147305098662,9.58147305098662,"1597-2528",0.270298264408256,0.729701735591744
"bambu","cqn","B80K20","B80K20_5",NA,7.88341409578631,9.58147305098662,9.58147305098662,9.58147305098662,"191-575",0.822776837531734,0.177223162468266
"bambu","cqn","B80K20","B80K20_5",NA,6.0479342187365,9.58147305098662,9.58147305098662,9.58147305098662,"575-813",0.63121131652233,0.36878868347767
"bambu","cqn","B80K20","B80K20_5",NA,1.34405253971767,9.58147305098662,9.58147305098662,9.58147305098662,"813-1597",0.140276190577948,0.859723809422052
"bambu","cqn","Brain","B31",NA,2.60276220760438,9.58147305098662,9.58147305098662,9.58147305098662,"1597-2528",0.271645308999368,0.728354691000632
"bambu","cqn","Brain","B31",NA,7.35044360538596,9.58147305098662,9.58147305098662,9.58147305098662,"191-575",0.767151727742852,0.232848272257148
"bambu","cqn","Brain","B31",NA,5.16591518262281,9.58147305098662,9.58147305098662,9.58147305098662,"575-813",0.539156678219834,0.460843321780166
"bambu","cqn","Brain","B31",NA,0.958944240835927,9.58147305098662,9.58147305098662,9.58147305098662,"813-1597",0.100083174657281,0.899916825342719
"bambu","cqn","Brain","B32",NA,2.58562684500054,9.58147305098662,9.58147305098662,9.58147305098662,"1597-2528",0.269856924007556,0.730143075992444
"bambu","cqn","Brain","B32",NA,7.28155748140735,9.58147305098662,9.58147305098662,9.58147305098662,"191-575",0.759962214855633,0.240037785144367
"bambu","cqn","Brain","B32",NA,5.02628556909658,9.58147305098662,9.58147305098662,9.58147305098662,"575-813",0.524583802756614,0.475416197243386
"bambu","cqn","Brain","B32",NA,0.835978945311726,9.58147305098662,9.58147305098662,9.58147305098662,"813-1597",0.0872495221625283,0.912750477837472
"bambu","cqn","Brain","B33",NA,2.60341849788679,9.58147305098662,9.58147305098662,9.58147305098662,"1597-2528",0.271713804759771,0.728286195240229
"bambu","cqn","Brain","B33",NA,7.32479755745817,9.58147305098662,9.58147305098662,9.58147305098662,"191-575",0.764475098816243,0.235524901183757
"bambu","cqn","Brain","B33",NA,5.10347965625512,9.58147305098662,9.58147305098662,9.58147305098662,"575-813",0.532640401856539,0.467359598143461
"bambu","cqn","Brain","B33",NA,0.944379922575538,9.58147305098662,9.58147305098662,9.58147305098662,"813-1597",0.0985631246417056,0.901436875358294
"bambu","cqn","Brain","B34",NA,2.58116069961303,9.58147305098662,9.58147305098662,9.58147305098662,"1597-2528",0.269390800963245,0.730609199036755
"bambu","cqn","Brain","B34",NA,7.34744570601392,9.58147305098662,9.58147305098662,9.58147305098662,"191-575",0.766838842724432,0.233161157275568
"bambu","cqn","Brain","B34",NA,5.05002412356429,9.58147305098662,9.58147305098662,9.58147305098662,"575-813",0.527061350242412,0.472938649757588
"bambu","cqn","Brain","B34",NA,0.833826787399314,9.58147305098662,9.58147305098662,9.58147305098662,"813-1597",0.0870249055612021,0.912975094438798
"bambu","cqn","Brain","B35",NA,2.59559315454388,9.58147305098662,9.58147305098662,9.58147305098662,"1597-2528",0.27089708865555,0.72910291134445
"bambu","cqn","Brain","B35",NA,7.37815684737461,9.58147305098662,9.58147305098662,9.58147305098662,"191-575",0.77004410575625,0.22995589424375
"bambu","cqn","Brain","B35",NA,5.14799334564687,9.58147305098662,9.58147305098662,9.58147305098662,"575-813",0.537286210403397,0.462713789596603
"bambu","cqn","Brain","B35",NA,0.955493705476057,9.58147305098662,9.58147305098662,9.58147305098662,"813-1597",0.0997230488873178,0.900276951112682
"bambu","cqn","Kidney","K31",0.55347274285593,2.63902852629657,10.2745857333318,8.19538565416613,9.41842017762234,"1597-2528",0.280198640167569,0.719801359832431
"bambu","cqn","Kidney","K31",0.377779657147205,7.1191740610924,10.2745857333318,8.19538565416613,9.31196563930357,"191-575",0.764518935834994,0.235481064165006
"bambu","cqn","Kidney","K31",0.351558364594341,5.01827786781716,10.2745857333318,8.19538565416613,9.33688359577145,"575-813",0.53746818371923,0.46253181628077
"bambu","cqn","Kidney","K31",0.537694784101991,1.13885370508646,10.2745857333318,8.19538565416613,9.25533078303635,"813-1597",0.123048406565199,0.876951593434801
"bambu","cqn","Kidney","K32",0.595460330245001,2.61396431675647,10.2745857333318,8.19538565416613,9.41842017762234,"1597-2528",0.277537449748431,0.722462550251569
"bambu","cqn","Kidney","K32",0.389715823249802,6.98620405781088,10.2745857333318,8.19538565416613,9.31196563930357,"191-575",0.750239458393595,0.249760541606405
"bambu","cqn","Kidney","K32",0.338781369151395,4.79765466711392,10.2745857333318,8.19538565416613,9.33688359577145,"575-813",0.513838971847813,0.486161028152187
"bambu","cqn","Kidney","K32",0.710850731524666,0.789160987402871,10.2745857333318,8.19538565416613,9.25533078303635,"813-1597",0.0852655627229754,0.914734437277025
"bambu","cqn","Kidney","K33",0.543293933791913,2.62210150478536,10.2745857333318,8.19538565416613,9.41842017762234,"1597-2528",0.278401415028747,0.721598584971253
"bambu","cqn","Kidney","K33",0.377779657147205,7.00318962954472,10.2745857333318,8.19538565416613,9.31196563930357,"191-575",0.752063517071619,0.247936482928381
"bambu","cqn","Kidney","K33",0.351541496049752,4.86108080951905,10.2745857333318,8.19538565416613,9.33688359577145,"575-813",0.520632045977372,0.479367954022628
"bambu","cqn","Kidney","K33",0.632735266521956,0.940243583385864,10.2745857333318,8.19538565416613,9.25533078303635,"813-1597",0.101589408896027,0.898410591103973
"bambu","cqn","Kidney","K34",0.557289796254937,2.59926571959298,10.2745857333318,8.19538565416613,9.41842017762234,"1597-2528",0.275976827384352,0.724023172615648
"bambu","cqn","Kidney","K34",0.327647759516296,6.97284941465424,10.2745857333318,8.19538565416613,9.31196563930357,"191-575",0.748805320460324,0.251194679539676
"bambu","cqn","Kidney","K34",0.295580357110925,4.7611764598409,10.2745857333318,8.19538565416613,9.33688359577145,"575-813",0.509932078621734,0.490067921378266
"bambu","cqn","Kidney","K34",0.660075679272904,0.660957855816617,10.2745857333318,8.19538565416613,9.25533078303635,"813-1597",0.0714137475267826,0.928586252473217
"bambu","cqn","Kidney","K35",0.534387475860898,2.61921263300728,10.2745857333318,8.19538565416613,9.41842017762234,"1597-2528",0.278094689301544,0.721905310698456
"bambu","cqn","Kidney","K35",0.371811574095906,7.02381112517882,10.2745857333318,8.19538565416613,9.31196563930357,"191-575",0.754278032935709,0.245721967064291
"bambu","cqn","Kidney","K35",0.31326111535468,4.81114926547866,10.2745857333318,8.19538565416613,9.33688359577145,"575-813",0.515284271901769,0.484715728098231
"bambu","cqn","Kidney","K35",0.619716022354837,0.760872073699283,10.2745857333318,8.19538565416613,9.25533078303635,"813-1597",0.0822090632453514,0.917790936754649
"bambu","ratio_counts","B20K80","B20K80_1",0.536412999467272,3.33369772918712,10.9180949312313,6.06836418053216,8.21407479297787,"1597-2528",0.405851883895318,0.594148116104682
"bambu","ratio_counts","B20K80","B20K80_1",0.452700619461692,6.91290221683041,10.9180949312313,6.06836418053216,8.18120735854307,"191-575",0.844973353427076,0.155026646572924
"bambu","ratio_counts","B20K80","B20K80_1",0.63193384728874,4.8194971646505,10.9180949312313,6.06836418053216,8.6455040813761,"575-813",0.557457045799391,0.442542954200609
"bambu","ratio_counts","B20K80","B20K80_1",0.941291353282662,0.381819086637659,10.9180949312313,6.06836418053216,8.89977005200642,"813-1597",0.0429021294265439,0.957097870573456
"bambu","ratio_counts","B20K80","B20K80_2",0.533876767791304,3.30927959305454,10.9180949312313,6.06836418053216,8.21407479297787,"1597-2528",0.402879164904075,0.597120835095925
"bambu","ratio_counts","B20K80","B20K80_2",0.2985062688288,6.68797229150717,10.9180949312313,6.06836418053216,8.18120735854307,"191-575",0.817479865551065,0.182520134448935
"bambu","ratio_counts","B20K80","B20K80_2",0.662287036981324,5.09216636696797,10.9180949312313,6.06836418053216,8.6455040813761,"575-813",0.588995889544182,0.411004110455818
"bambu","ratio_counts","B20K80","B20K80_2",0.941291353282662,0.218848167651011,10.9180949312313,6.06836418053216,8.89977005200642,"813-1597",0.0245903170949537,0.975409682905046
"bambu","ratio_counts","B20K80","B20K80_3",0.557970968713001,3.33917577064536,10.9180949312313,6.06836418053216,8.21407479297787,"1597-2528",0.406518793023407,0.593481206976593
"bambu","ratio_counts","B20K80","B20K80_3",0.343832600321242,6.61603507356908,10.9180949312313,6.06836418053216,8.18120735854307,"191-575",0.808686882463676,0.191313117536324
"bambu","ratio_counts","B20K80","B20K80_3",0.662287036981324,5.04043365738276,10.9180949312313,6.06836418053216,8.6455040813761,"575-813",0.583012119355853,0.416987880644147
"bambu","ratio_counts","B20K80","B20K80_3",0.941291353282662,0.36178718571988,10.9180949312313,6.06836418053216,8.89977005200642,"813-1597",0.0406512958880681,0.959348704111932
"bambu","ratio_counts","B20K80","B20K80_4",0.551630389523081,3.2920050530173,10.9180949312313,6.06836418053216,8.21407479297787,"1597-2528",0.400776123420693,0.599223876579307
"bambu","ratio_counts","B20K80","B20K80_4",0.343832600321242,6.61847252805855,10.9180949312313,6.06836418053216,8.18120735854307,"191-575",0.808984815810509,0.191015184189491
"bambu","ratio_counts","B20K80","B20K80_4",0.611193454352084,4.81897286746111,10.9180949312313,6.06836418053216,8.6455040813761,"575-813",0.557396401887313,0.442603598112687
"bambu","ratio_counts","B20K80","B20K80_4",0.941291353282662,0.437039440743325,10.9180949312313,6.06836418053216,8.89977005200642,"813-1597",0.0491068239055004,0.9508931760945
"bambu","ratio_counts","B20K80","B20K80_5",0.557970968713001,3.29818044755353,10.9180949312313,6.06836418053216,8.21407479297787,"1597-2528",0.401527929886043,0.598472070113957
"bambu","ratio_counts","B20K80","B20K80_5",0.343832600321242,6.61452627800904,10.9180949312313,6.06836418053216,8.18120735854307,"191-575",0.808502460349198,0.191497539650802
"bambu","ratio_counts","B20K80","B20K80_5",0.584221287008196,4.60299451778194,10.9180949312313,6.06836418053216,8.6455040813761,"575-813",0.532414822138316,0.467585177861684
"bambu","ratio_counts","B20K80","B20K80_5",0.941291353282662,0.459459807787571,10.9180949312313,6.06836418053216,8.89977005200642,"813-1597",0.0516260313584156,0.948373968641584
"bambu","ratio_counts","B80K20","B80K20_1",0.481217739511453,2.37073761926154,9.7768967577031,9.4892565973559,9.55693663508465,"1597-2528",0.248064595359802,0.751935404640198
"bambu","ratio_counts","B80K20","B80K20_1",-0.470232318971167,7.20848737961741,9.7768967577031,9.4892565973559,9.60111665971314,"191-575",0.750796770324087,0.249203229675913
"bambu","ratio_counts","B80K20","B80K20_1",0.142613226719357,4.64773278658116,9.7768967577031,9.4892565973559,9.54001662565246,"575-813",0.487182881220953,0.512817118779047
"bambu","ratio_counts","B80K20","B80K20_1",0.376889180722205,0.432807132349987,9.7768967577031,9.4892565973559,9.59077665394903,"813-1597",0.0451274331544128,0.954872566845587
"bambu","ratio_counts","B80K20","B80K20_2",0.622752368779528,2.33083894710574,9.7768967577031,9.4892565973559,9.55693663508465,"1597-2528",0.24388975632097,0.75611024367903
"bambu","ratio_counts","B80K20","B80K20_2",-0.397888885283295,7.20809988878001,9.7768967577031,9.4892565973559,9.60111665971314,"191-575",0.75075641138969,0.24924358861031
"bambu","ratio_counts","B80K20","B80K20_2",0.205996883039071,4.65347533845515,9.7768967577031,9.4892565973559,9.54001662565246,"575-813",0.487784824812806,0.512215175187194
"bambu","ratio_counts","B80K20","B80K20_2",0.82915619758885,0.229809238093211,9.7768967577031,9.4892565973559,9.59077665394903,"813-1597",0.0239614836613453,0.976038516338655
"bambu","ratio_counts","B80K20","B80K20_3",0.566138517072298,2.30859374068072,9.7768967577031,9.4892565973559,9.55693663508465,"1597-2528",0.241562106021044,0.758437893978956
"bambu","ratio_counts","B80K20","B80K20_3",-0.373774407387338,7.20457312683828,9.7768967577031,9.4892565973559,9.60111665971314,"191-575",0.750389083081252,0.249610916918748
"bambu","ratio_counts","B80K20","B80K20_3",0.269380539358785,4.6461423331014,9.7768967577031,9.4892565973559,9.54001662565246,"575-813",0.487016167310258,0.512983832689742
"bambu","ratio_counts","B80K20","B80K20_3",0.502518907629606,0.481989084983622,9.7768967577031,9.4892565973559,9.59077665394903,"813-1597",0.0502554800695064,0.949744519930494
"bambu","ratio_counts","B80K20","B80K20_4",0.537831591218683,2.35027502250794,9.7768967577031,9.4892565973559,9.55693663508465,"1597-2528",0.245923470276008,0.754076529723992
"bambu","ratio_counts","B80K20","B80K20_4",-0.397888885283295,7.20494134955695,9.7768967577031,9.4892565973559,9.60111665971314,"191-575",0.750427435153383,0.249572564846617
"bambu","ratio_counts","B80K20","B80K20_4",0.269380539358785,4.64563160170134,9.7768967577031,9.4892565973559,9.54001662565246,"575-813",0.486962631617386,0.513037368382614
"bambu","ratio_counts","B80K20","B80K20_4",0.552770798392567,0.266063254841131,9.7768967577031,9.4892565973559,9.59077665394903,"813-1597",0.0277415755200158,0.972258424479984
"bambu","ratio_counts","B80K20","B80K20_5",0.537831591218683,2.30983649186314,9.7768967577031,9.4892565973559,9.55693663508465,"1597-2528",0.241692142582954,0.758307857417046
"bambu","ratio_counts","B80K20","B80K20_5",-0.373774407387338,7.20438745907587,9.7768967577031,9.4892565973559,9.60111665971314,"191-575",0.750369744938723,0.249630255061277
"bambu","ratio_counts","B80K20","B80K20_5",0.205996883039071,4.65316261319842,9.7768967577031,9.4892565973559,9.54001662565246,"575-813",0.4877520444447,0.5122479555553
"bambu","ratio_counts","B80K20","B80K20_5",0.502518907629606,0.361432805483099,9.7768967577031,9.4892565973559,9.59077665394903,"813-1597",0.0376854574477321,0.962314542552268
"bambu","ratio_counts","Brain","B31",0.622752368779528,2.32201728853191,9.7768967577031,9.4892565973559,9.55693663508465,"1597-2528",0.242966692905288,0.757033307094712
"bambu","ratio_counts","Brain","B31",-0.470232318971167,7.20954996342809,9.7768967577031,9.4892565973559,9.60111665971314,"191-575",0.750907443264365,0.249092556735635
"bambu","ratio_counts","Brain","B31",0.0792295703996426,4.65888557632439,9.7768967577031,9.4892565973559,9.54001662565246,"575-813",0.488351934712247,0.511648065287753
"bambu","ratio_counts","Brain","B31",0.80403025220737,0.292633419212486,9.7768967577031,9.4892565973559,9.59077665394903,"813-1597",0.0305119626669644,0.969488037333036
"bambu","ratio_counts","Brain","B32",0.679366220486757,2.31652390868311,9.7768967577031,9.4892565973559,9.55693663508465,"1597-2528",0.242391887394008,0.757608112605992
"bambu","ratio_counts","Brain","B32",-0.397888885283295,7.21501637668671,9.7768967577031,9.4892565973559,9.60111665971314,"191-575",0.751476795085862,0.248523204914138
"bambu","ratio_counts","Brain","B32",0.269380539358785,4.65808988300658,9.7768967577031,9.4892565973559,9.54001662565246,"575-813",0.488268528849446,0.511731471150554
"bambu","ratio_counts","Brain","B32",0.678400525299968,0.294574356603133,9.7768967577031,9.4892565973559,9.59077665394903,"813-1597",0.0307143380804141,0.969285661919586
"bambu","ratio_counts","Brain","B33",0.622752368779528,2.32634951184393,9.7768967577031,9.4892565973559,9.55693663508465,"1597-2528",0.243419999595229,0.756580000404771
"bambu","ratio_counts","Brain","B33",-0.518461274763081,7.20734426553498,9.7768967577031,9.4892565973559,9.60111665971314,"191-575",0.750677709789469,0.249322290210531
"bambu","ratio_counts","Brain","B33",0.205996883039071,4.64701793914501,9.7768967577031,9.4892565973559,9.54001662565246,"575-813",0.487107949754458,0.512892050245542
"bambu","ratio_counts","Brain","B33",0.80403025220737,0.269934442450207,9.7768967577031,9.4892565973559,9.59077665394903,"813-1597",0.0281452120292115,0.971854787970789
"bambu","ratio_counts","Brain","B34",0.622752368779528,2.34604703220218,9.7768967577031,9.4892565973559,9.55693663508465,"1597-2528",0.245481070115037,0.754518929884963
"bambu","ratio_counts","Brain","B34",-0.422003363179252,7.20893920231905,9.7768967577031,9.4892565973559,9.60111665971314,"191-575",0.750843829714952,0.249156170285048
"bambu","ratio_counts","Brain","B34",0.269380539358785,4.64116685716651,9.7768967577031,9.4892565973559,9.54001662565246,"575-813",0.486494629861202,0.513505370138798
"bambu","ratio_counts","Brain","B34",0.753778361444409,0.327659943509669,9.7768967577031,9.4892565973559,9.59077665394903,"813-1597",0.0341640677634542,0.965835932236546
"bambu","ratio_counts","Brain","B35",0.679366220486757,2.33829182821872,9.7768967577031,9.4892565973559,9.55693663508465,"1597-2528",0.244669596284083,0.755330403715917
"bambu","ratio_counts","Brain","B35",-0.397888885283295,7.20749132707042,9.7768967577031,9.4892565973559,9.60111665971314,"191-575",0.750693026917742,0.249306973082258
"bambu","ratio_counts","Brain","B35",0.287012485001996,5.18805974181276,9.7768967577031,9.4892565973559,9.54001662565246,"575-813",0.543820828138016,0.456179171861984
"bambu","ratio_counts","Brain","B35",0.577896743774047,0.264739002384273,9.7768967577031,9.4892565973559,9.59077665394903,"813-1597",0.0276034998975048,0.972396500102495
"bambu","ratio_counts","Kidney","K31",0.783768297929317,2.39114141404499,10.2274130787615,8.14822466148066,9.4389271292331,"1597-2528",0.253327669692399,0.746672330307601
"bambu","ratio_counts","Kidney","K31",0.411200922234477,6.94445075941591,10.2274130787615,8.14822466148066,9.37665041323118,"191-575",0.740611034151039,0.259388965848961
"bambu","ratio_counts","Kidney","K31",0.58122378022019,4.51835529666123,10.2274130787615,8.14822466148066,9.34047204236471,"575-813",0.483739502261528,0.516260497738471
"bambu","ratio_counts","Kidney","K31",0.755116161692869,0.199271657511665,10.2274130787615,8.14822466148066,9.3096759207744,"813-1597",0.0214047899419349,0.978595210058065
"bambu","ratio_counts","Kidney","K32",0.783768297929317,2.37357752507385,10.2274130787615,8.14822466148066,9.4389271292331,"1597-2528",0.251466876751564,0.748533123248436
"bambu","ratio_counts","Kidney","K32",0.411200922234477,6.94235301890627,10.2274130787615,8.14822466148066,9.37665041323118,"191-575",0.740387314547855,0.259612685452145
"bambu","ratio_counts","Kidney","K32",0.622056186294934,4.51173840323755,10.2274130787615,8.14822466148066,9.34047204236471,"575-813",0.483031091231158,0.516968908768842
"bambu","ratio_counts","Kidney","K32",0.941291353282662,0.160063822274984,10.2274130787615,8.14822466148066,9.3096759207744,"813-1597",0.0171932754305447,0.982806724569455
"bambu","ratio_counts","Kidney","K33",0.783768297929317,2.36467850153797,10.2274130787615,8.14822466148066,9.4389271292331,"1597-2528",0.250524076429659,0.749475923570341
"bambu","ratio_counts","Kidney","K33",0.39926475613188,6.94365162322281,10.2274130787615,8.14822466148066,9.37665041323118,"191-575",0.740525807960674,0.259474192039326
"bambu","ratio_counts","Kidney","K33",0.611848084776248,4.51116706467955,10.2274130787615,8.14822466148066,9.34047204236471,"575-813",0.482969923170763,0.517030076829237
"bambu","ratio_counts","Kidney","K33",0.721266126858361,0.224567607297843,10.2274130787615,8.14822466148066,9.3096759207744,"813-1597",0.0241219575427673,0.975878042457233
"bambu","ratio_counts","Kidney","K34",0.834662343249403,2.32617116588702,10.2274130787615,8.14822466148066,9.4389271292331,"1597-2528",0.246444445861085,0.753555554138915
"bambu","ratio_counts","Kidney","K34",0.401651989352399,6.94717361470634,10.2274130787615,8.14822466148066,9.37665041323118,"191-575",0.740901420927813,0.259098579072187
"bambu","ratio_counts","Kidney","K34",0.553151501043803,4.52892472242587,10.2274130787615,8.14822466148066,9.34047204236471,"575-813",0.484871075239501,0.515128924760499
"bambu","ratio_counts","Kidney","K34",0.873591283613647,0.550672578843732,10.2274130787615,8.14822466148066,9.3096759207744,"813-1597",0.0591505637285305,0.940849436271469
"bambu","ratio_counts","Kidney","K35",0.834662343249403,2.32502621944321,10.2274130787615,8.14822466148066,9.4389271292331,"1597-2528",0.24632314537554,0.75367685462446
"bambu","ratio_counts","Kidney","K35",0.411200922234477,6.94125884485222,10.2274130787615,8.14822466148066,9.37665041323118,"191-575",0.740270623191579,0.259729376808421
"bambu","ratio_counts","Kidney","K35",0.560807577182817,4.51613042589445,10.2274130787615,8.14822466148066,9.34047204236471,"575-813",0.483501305438426,0.516498694561574
"bambu","ratio_counts","Kidney","K35",0.856666266196393,0.5331840261448,10.2274130787615,8.14822466148066,9.3096759207744,"813-1597",0.0572720286594519,0.942727971340548
"flair","CPM","B20K80","B20K80_1",0.746299754239459,2.77425099754791,10.941345882157,6.09156234168924,8.16963762182738,"1597-2528",0.339580667585029,0.660419332414971
"flair","CPM","B20K80","B20K80_1",0.470443330455366,6.84432303257462,10.941345882157,6.09156234168924,8.09259891597529,"191-575",0.845750926697171,0.154249073302829
"flair","CPM","B20K80","B20K80_1",0.776025314745978,5.11475658252276,10.941345882157,6.09156234168924,8.61798746156121,"575-813",0.593497798103803,0.406502201896197
"flair","CPM","B20K80","B20K80_1",0.774645027943547,1.37813435326084,10.941345882157,6.09156234168924,8.82151092424315,"813-1597",0.156224298206497,0.843775701793503
"flair","CPM","B20K80","B20K80_2",0.718233780575753,2.78454302105068,10.941345882157,6.09156234168924,8.16963762182738,"1597-2528",0.340840457061526,0.659159542938474
"flair","CPM","B20K80","B20K80_2",0.436747664913109,6.70034578565236,10.941345882157,6.09156234168924,8.09259891597529,"191-575",0.827959701848743,0.172040298151257
"flair","CPM","B20K80","B20K80_2",0.771283362331898,5.03640837033341,10.941345882157,6.09156234168924,8.61798746156121,"575-813",0.584406555799401,0.415593444200599
"flair","CPM","B20K80","B20K80_2",0.831929702278868,1.15945542838027,10.941345882157,6.09156234168924,8.82151092424315,"813-1597",0.131435015876233,0.868564984123767
"flair","CPM","B20K80","B20K80_3",0.720785232726999,2.76665543844586,10.941345882157,6.09156234168924,8.16963762182738,"1597-2528",0.338650937350514,0.661349062649486
"flair","CPM","B20K80","B20K80_3",0.329180732605132,6.95830677198269,10.941345882157,6.09156234168924,8.09259891597529,"191-575",0.85983586289524,0.14016413710476
"flair","CPM","B20K80","B20K80_3",0.771283362331898,5.31924056951959,10.941345882157,6.09156234168924,8.61798746156121,"575-813",0.617225378111187,0.382774621888813
"flair","CPM","B20K80","B20K80_3",0.774645027943547,1.40278733774082,10.941345882157,6.09156234168924,8.82151092424315,"813-1597",0.159018942422403,0.840981057577597
"flair","CPM","B20K80","B20K80_4",0.720785232726999,2.73556412616261,10.941345882157,6.09156234168924,8.16963762182738,"1597-2528",0.334845222369939,0.665154777630061
"flair","CPM","B20K80","B20K80_4",0.251285355516208,6.5648609077454,10.941345882157,6.09156234168924,8.09259891597529,"191-575",0.811217876470556,0.188782123529444
"flair","CPM","B20K80","B20K80_4",0.748573649067645,4.89618946951375,10.941345882157,6.09156234168924,8.61798746156121,"575-813",0.568136063245881,0.431863936754119
"flair","CPM","B20K80","B20K80_4",0.786844630687893,1.1190638114671,10.941345882157,6.09156234168924,8.82151092424315,"813-1597",0.126856251845895,0.873143748154105
"flair","CPM","B20K80","B20K80_5",0.720785232726999,2.72654332979105,10.941345882157,6.09156234168924,8.16963762182738,"1597-2528",0.333741036751294,0.666258963248706
"flair","CPM","B20K80","B20K80_5",0.370628580209803,6.73187304052985,10.941345882157,6.09156234168924,8.09259891597529,"191-575",0.831855515196821,0.168144484803179
"flair","CPM","B20K80","B20K80_5",0.770401697153666,4.94994385548016,10.941345882157,6.09156234168924,8.61798746156121,"575-813",0.574373527178866,0.425626472821134
"flair","CPM","B20K80","B20K80_5",0.774645027943547,1.23085192279963,10.941345882157,6.09156234168924,8.82151092424315,"813-1597",0.139528470051204,0.860471529948796
"flair","CPM","B80K20","B80K20_1",NA,2.62017351165391,9.58147305098662,9.58147305098662,9.58147305098662,"1597-2528",0.273462493471618,0.726537506528382
"flair","CPM","B80K20","B80K20_1",NA,7.33503255995844,9.58147305098662,9.58147305098662,9.58147305098662,"191-575",0.765543306433778,0.234456693566222
"flair","CPM","B80K20","B80K20_1",NA,5.53936927205094,9.58147305098662,9.58147305098662,9.58147305098662,"575-813",0.57813336661011,0.42186663338989
"flair","CPM","B80K20","B80K20_1",NA,1.42411538834817,9.58147305098662,9.58147305098662,9.58147305098662,"813-1597",0.148632196820876,0.851367803179124
"flair","CPM","B80K20","B80K20_2",NA,2.61896394533229,9.58147305098662,9.58147305098662,9.58147305098662,"1597-2528",0.273336253350168,0.726663746649832
"flair","CPM","B80K20","B80K20_2",NA,7.02200427014191,9.58147305098662,9.58147305098662,9.58147305098662,"191-575",0.732873143072593,0.267126856927407
"flair","CPM","B80K20","B80K20_2",NA,5.16487816777936,9.58147305098662,9.58147305098662,9.58147305098662,"575-813",0.539048446965837,0.460951553034163
"flair","CPM","B80K20","B80K20_2",NA,1.22646618109102,9.58147305098662,9.58147305098662,9.58147305098662,"813-1597",0.128003927430003,0.871996072569997
"flair","CPM","B80K20","B80K20_3",NA,2.59098124140586,9.58147305098662,9.58147305098662,9.58147305098662,"1597-2528",0.270415752110169,0.729584247889831
"flair","CPM","B80K20","B80K20_3",NA,7.09035502301875,9.58147305098662,9.58147305098662,9.58147305098662,"191-575",0.74000678030281,0.25999321969719
"flair","CPM","B80K20","B80K20_3",NA,5.12043932196332,9.58147305098662,9.58147305098662,9.58147305098662,"575-813",0.5344104496997,0.4655895503003
"flair","CPM","B80K20","B80K20_3",NA,1.12065877082365,9.58147305098662,9.58147305098662,9.58147305098662,"813-1597",0.116961010573239,0.883038989426761
"flair","CPM","B80K20","B80K20_4",NA,2.63871686200015,9.58147305098662,9.58147305098662,9.58147305098662,"1597-2528",0.275397827448717,0.724602172551283
"flair","CPM","B80K20","B80K20_4",NA,7.19263451104329,9.58147305098662,9.58147305098662,9.58147305098662,"191-575",0.750681494668781,0.249318505331219
"flair","CPM","B80K20","B80K20_4",NA,5.50012073577775,9.58147305098662,9.58147305098662,9.58147305098662,"575-813",0.57403707201487,0.42596292798513
"flair","CPM","B80K20","B80K20_4",NA,1.508922370302,9.58147305098662,9.58147305098662,9.58147305098662,"813-1597",0.157483339176811,0.842516660823189
"flair","CPM","B80K20","B80K20_5",NA,2.60753731122765,9.58147305098662,9.58147305098662,9.58147305098662,"1597-2528",0.27214367742329,0.72785632257671
"flair","CPM","B80K20","B80K20_5",NA,7.11784926726561,9.58147305098662,9.58147305098662,9.58147305098662,"191-575",0.742876301941137,0.257123698058863
"flair","CPM","B80K20","B80K20_5",NA,5.09044598430172,9.58147305098662,9.58147305098662,9.58147305098662,"575-813",0.531280102465825,0.468719897534175
"flair","CPM","B80K20","B80K20_5",NA,1.22597361428062,9.58147305098662,9.58147305098662,9.58147305098662,"813-1597",0.127952519174949,0.872047480825051
"flair","CPM","Brain","B31",NA,2.61765631147072,9.58147305098662,9.58147305098662,9.58147305098662,"1597-2528",0.27319977810731,0.72680022189269
"flair","CPM","Brain","B31",NA,6.96119672106501,9.58147305098662,9.58147305098662,9.58147305098662,"191-575",0.726526775582613,0.273473224417387
"flair","CPM","Brain","B31",NA,5.17069527844474,9.58147305098662,9.58147305098662,9.58147305098662,"575-813",0.539655567669974,0.460344432330026
"flair","CPM","Brain","B31",NA,1.08742005229388,9.58147305098662,9.58147305098662,9.58147305098662,"813-1597",0.113491949150961,0.886508050849039
"flair","CPM","Brain","B32",NA,2.60658342745446,9.58147305098662,9.58147305098662,9.58147305098662,"1597-2528",0.272044122399953,0.727955877600047
"flair","CPM","Brain","B32",NA,6.84773791244727,9.58147305098662,9.58147305098662,9.58147305098662,"191-575",0.714685296927505,0.285314703072495
"flair","CPM","Brain","B32",NA,4.95774481415507,9.58147305098662,9.58147305098662,9.58147305098662,"575-813",0.517430335374638,0.482569664625362
"flair","CPM","Brain","B32",NA,1.0020369799774,9.58147305098662,9.58147305098662,9.58147305098662,"813-1597",0.104580681346719,0.895419318653281
"flair","CPM","Brain","B33",NA,2.62783250821575,9.58147305098662,9.58147305098662,9.58147305098662,"1597-2528",0.274261848280747,0.725738151719253
"flair","CPM","Brain","B33",NA,7.01012304346198,9.58147305098662,9.58147305098662,9.58147305098662,"191-575",0.731633122188882,0.268366877811118
"flair","CPM","Brain","B33",NA,5.22523887445634,9.58147305098662,9.58147305098662,9.58147305098662,"575-813",0.545348178369952,0.454651821630048
"flair","CPM","Brain","B33",NA,1.21125711991168,9.58147305098662,9.58147305098662,9.58147305098662,"813-1597",0.126416586830243,0.873583413169757
"flair","CPM","Brain","B34",NA,2.63509460924021,9.58147305098662,9.58147305098662,9.58147305098662,"1597-2528",0.275019779862436,0.724980220137564
"flair","CPM","Brain","B34",NA,7.33965181470472,9.58147305098662,9.58147305098662,9.58147305098662,"191-575",0.766025409208758,0.233974590791242
"flair","CPM","Brain","B34",NA,5.41483911488425,9.58147305098662,9.58147305098662,9.58147305098662,"575-813",0.56513639250143,0.43486360749857
"flair","CPM","Brain","B34",NA,1.36830710268005,9.58147305098662,9.58147305098662,9.58147305098662,"813-1597",0.142807592882511,0.857192407117489
"flair","CPM","Brain","B35",NA,2.63987974152048,9.58147305098662,9.58147305098662,9.58147305098662,"1597-2528",0.275519194958092,0.724480805041908
"flair","CPM","Brain","B35",NA,7.21543524958746,9.58147305098662,9.58147305098662,9.58147305098662,"191-575",0.753061164101952,0.246938835898048
"flair","CPM","Brain","B35",NA,5.63648150921064,9.58147305098662,9.58147305098662,9.58147305098662,"575-813",0.588268784895266,0.411731215104734
"flair","CPM","Brain","B35",NA,1.36509704367659,9.58147305098662,9.58147305098662,9.58147305098662,"813-1597",0.14247256516951,0.85752743483049
"flair","CPM","Kidney","K31",0.562379200786945,2.65641334719427,10.2745857333318,8.19538565416613,9.41842017762234,"1597-2528",0.282044472119196,0.717955527880804
"flair","CPM","Kidney","K31",0.53243561233828,6.96226544674313,10.2745857333318,8.19538565416613,9.31196563930357,"191-575",0.747668721774174,0.252331278225826
"flair","CPM","Kidney","K31",0.286216459595786,5.55056271648617,10.2745857333318,8.19538565416613,9.33688359577145,"575-813",0.594477017899199,0.405522982100801
"flair","CPM","Kidney","K31",0.690019940857277,1.6059541319239,10.2745857333318,8.19538565416613,9.25533078303635,"813-1597",0.173516665105841,0.826483334894159
"flair","CPM","Kidney","K32",0.572558009850962,2.65282501016775,10.2745857333318,8.19538565416613,9.41842017762234,"1597-2528",0.281663480725857,0.718336519274143
"flair","CPM","Kidney","K32",0.53842830976507,6.88400821780956,10.2745857333318,8.19538565416613,9.31196563930357,"191-575",0.739264778722315,0.260735221277685
"flair","CPM","Kidney","K32",0.287029510997394,5.4655408944716,10.2745857333318,8.19538565416613,9.33688359577145,"575-813",0.585371000763774,0.414628999236226
"flair","CPM","Kidney","K32",0.671792999023311,1.59028757274182,10.2745857333318,8.19538565416613,9.25533078303635,"813-1597",0.171823958540367,0.828176041459633
"flair","CPM","Kidney","K33",0.57128565871796,2.65143288493761,10.2745857333318,8.19538565416613,9.41842017762234,"1597-2528",0.28151567194223,0.71848432805777
"flair","CPM","Kidney","K33",0.519076763748143,6.87412406736444,10.2745857333318,8.19538565416613,9.31196563930357,"191-575",0.738203332532759,0.261796667467241
"flair","CPM","Kidney","K33",0.21168682784719,5.48909636740676,10.2745857333318,8.19538565416613,9.33688359577145,"575-813",0.587893841783858,0.412106158216142
"flair","CPM","Kidney","K33",0.661377603689616,1.47426054163835,10.2745857333318,8.19538565416613,9.25533078303635,"813-1597",0.159287720363323,0.840712279636677
"flair","CPM","Kidney","K34",0.590370925712992,2.61313463169594,10.2745857333318,8.19538565416613,9.41842017762234,"1597-2528",0.277449358004287,0.722550641995714
"flair","CPM","Kidney","K34",0.523334148879506,6.9644233631804,10.2745857333318,8.19538565416613,9.31196563930357,"191-575",0.747900457641858,0.252099542358142
"flair","CPM","Kidney","K34",0.177454204949387,5.40432513702914,10.2745857333318,8.19538565416613,9.33688359577145,"575-813",0.578814663543271,0.421185336456729
"flair","CPM","Kidney","K34",0.671792999023311,1.20756347259781,10.2745857333318,8.19538565416613,9.25533078303635,"813-1597",0.130472211194341,0.869527788805659
"flair","CPM","Kidney","K35",0.590370925712992,2.61434389110647,10.2745857333318,8.19538565416613,9.41842017762234,"1597-2528",0.277577751024318,0.722422248975682
"flair","CPM","Kidney","K35",0.523334148879506,6.94971990890228,10.2745857333318,8.19538565416613,9.31196563930357,"191-575",0.746321472618969,0.253678527381031
"flair","CPM","Kidney","K35",0.249172764769485,5.36661174214595,10.2745857333318,8.19538565416613,9.33688359577145,"575-813",0.574775479109156,0.425224520890844
"flair","CPM","Kidney","K35",0.650962208355921,1.1755368036032,10.2745857333318,8.19538565416613,9.25533078303635,"813-1597",0.127011862802115,0.872988137197885
"flair","EDA","B20K80","B20K80_1",0.746299754239459,2.7850433859237,10.941345882157,6.09156234168924,8.16963762182738,"1597-2528",0.340901703948619,0.659098296051381
"flair","EDA","B20K80","B20K80_1",0.470098809478761,6.88677082302229,10.941345882157,6.09156234168924,8.09259891597529,"191-575",0.850996187322144,0.149003812677856
"flair","EDA","B20K80","B20K80_1",0.770401697153666,5.21561139346736,10.941345882157,6.09156234168924,8.61798746156121,"575-813",0.605200624476484,0.394799375523516
"flair","EDA","B20K80","B20K80_1",0.76292770819314,1.48176970889627,10.941345882157,6.09156234168924,8.82151092424315,"813-1597",0.167972326013234,0.832027673986766
"flair","EDA","B20K80","B20K80_2",0.718233780575753,2.78380796604153,10.941345882157,6.09156234168924,8.16963762182738,"1597-2528",0.340750483057393,0.659249516942606
"flair","EDA","B20K80","B20K80_2",0.436427820370089,6.70680496695238,10.941345882157,6.09156234168924,8.09259891597529,"191-575",0.828757860928055,0.171242139071945
"flair","EDA","B20K80","B20K80_2",0.771283362331898,5.05410266571394,10.941345882157,6.09156234168924,8.61798746156121,"575-813",0.586459737642546,0.413540262357454
"flair","EDA","B20K80","B20K80_2",0.815004684861614,1.17854146827012,10.941345882157,6.09156234168924,8.82151092424315,"813-1597",0.133598595341674,0.866401404658326
"flair","EDA","B20K80","B20K80_3",0.720785232726999,2.76721473777636,10.941345882157,6.09156234168924,8.16963762182738,"1597-2528",0.338719398077462,0.661280601922538
"flair","EDA","B20K80","B20K80_3",0.337357410108036,6.89008855395437,10.941345882157,6.09156234168924,8.09259891597529,"191-575",0.851406158329793,0.148593841670207
"flair","EDA","B20K80","B20K80_3",0.771283362331898,5.21175496489477,10.941345882157,6.09156234168924,8.61798746156121,"575-813",0.604753138495589,0.395246861504411
"flair","EDA","B20K80","B20K80_3",0.7915700453608,1.34720975675488,10.941345882157,6.09156234168924,8.82151092424315,"813-1597",0.152718708657096,0.847281291342904
"flair","EDA","B20K80","B20K80_4",0.728439589180737,2.75614028149133,10.941345882157,6.09156234168924,8.16963762182738,"1597-2528",0.337363835346572,0.662636164653428
"flair","EDA","B20K80","B20K80_4",0.26617650408792,6.56413706744198,10.941345882157,6.09156234168924,8.09259891597529,"191-575",0.811128431743228,0.188871568256772
"flair","EDA","B20K80","B20K80_4",0.748573649067645,4.94577360763435,10.941345882157,6.09156234168924,8.61798746156121,"575-813",0.573889626748005,0.426110373251995
"flair","EDA","B20K80","B20K80_4",0.774645027943547,1.21405725882526,10.941345882157,6.09156234168924,8.82151092424315,"813-1597",0.137624639276794,0.862375360723206
"flair","EDA","B20K80","B20K80_5",0.728439589180737,2.75291111430589,10.941345882157,6.09156234168924,8.16963762182738,"1597-2528",0.336968570913201,0.663031429086799
"flair","EDA","B20K80","B20K80_5",0.378419402608682,6.79733457116166,10.941345882157,6.09156234168924,8.09259891597529,"191-575",0.839944576734589,0.160055423265411
"flair","EDA","B20K80","B20K80_5",0.770401697153666,5.11672096134336,10.941345882157,6.09156234168924,8.61798746156121,"575-813",0.593725737495611,0.406274262504389
"flair","EDA","B20K80","B20K80_5",0.774645027943547,1.42338102163562,10.941345882157,6.09156234168924,8.82151092424315,"813-1597",0.161353427305055,0.838646572694945
"flair","EDA","B80K20","B80K20_1",NA,2.61736711378738,9.58147305098662,9.58147305098662,9.58147305098662,"1597-2528",0.273169595098727,0.726830404901273
"flair","EDA","B80K20","B80K20_1",NA,7.28962252975303,9.58147305098662,9.58147305098662,9.58147305098662,"191-575",0.760803948512113,0.239196051487887
"flair","EDA","B80K20","B80K20_1",NA,5.4756882128519,9.58147305098662,9.58147305098662,9.58147305098662,"575-813",0.571487096369598,0.428512903630402
"flair","EDA","B80K20","B80K20_1",NA,1.37859904754655,9.58147305098662,9.58147305098662,9.58147305098662,"813-1597",0.143881743465802,0.856118256534198
"flair","EDA","B80K20","B80K20_2",NA,2.60958998574479,9.58147305098662,9.58147305098662,9.58147305098662,"1597-2528",0.272357911133098,0.727642088866902
"flair","EDA","B80K20","B80K20_2",NA,6.97049076934394,9.58147305098662,9.58147305098662,9.58147305098662,"191-575",0.727496777609386,0.272503222390614
"flair","EDA","B80K20","B80K20_2",NA,5.072092054875,9.58147305098662,9.58147305098662,9.58147305098662,"575-813",0.529364537987478,0.470635462012522
"flair","EDA","B80K20","B80K20_2",NA,1.12078612865392,9.58147305098662,9.58147305098662,9.58147305098662,"813-1597",0.116974302666176,0.883025697333824
"flair","EDA","B80K20","B80K20_3",NA,2.59582311229835,9.58147305098662,9.58147305098662,9.58147305098662,"1597-2528",0.270921088906163,0.729078911093837
"flair","EDA","B80K20","B80K20_3",NA,6.98920139499643,9.58147305098662,9.58147305098662,9.58147305098662,"191-575",0.729449569789974,0.270550430210026
"flair","EDA","B80K20","B80K20_3",NA,5.0240628679797,9.58147305098662,9.58147305098662,9.58147305098662,"575-813",0.524351823696082,0.475648176303918
"flair","EDA","B80K20","B80K20_3",NA,1.10407803302385,9.58147305098662,9.58147305098662,9.58147305098662,"813-1597",0.115230510710476,0.884769489289524
"flair","EDA","B80K20","B80K20_4",NA,2.62935532253631,9.58147305098662,9.58147305098662,9.58147305098662,"1597-2528",0.274420781496177,0.725579218503823
"flair","EDA","B80K20","B80K20_4",NA,7.04732981685093,9.58147305098662,9.58147305098662,9.58147305098662,"191-575",0.735516321900551,0.264483678099449
"flair","EDA","B80K20","B80K20_4",NA,5.283381988867,9.58147305098662,9.58147305098662,9.58147305098662,"575-813",0.551416463914488,0.448583536085512
"flair","EDA","B80K20","B80K20_4",NA,1.34363162550027,9.58147305098662,9.58147305098662,9.58147305098662,"813-1597",0.140232260566856,0.859767739433144
"flair","EDA","B80K20","B80K20_5",NA,2.61163983870062,9.58147305098662,9.58147305098662,9.58147305098662,"1597-2528",0.272571850361954,0.727428149638046
"flair","EDA","B80K20","B80K20_5",NA,7.08593754205185,9.58147305098662,9.58147305098662,9.58147305098662,"191-575",0.739545736270917,0.260454263729083
"flair","EDA","B80K20","B80K20_5",NA,5.07132780243501,9.58147305098662,9.58147305098662,9.58147305098662,"575-813",0.529284774423365,0.470715225576635
"flair","EDA","B80K20","B80K20_5",NA,1.24270175561863,9.58147305098662,9.58147305098662,9.58147305098662,"813-1597",0.129698403262813,0.870301596737187
"flair","EDA","Brain","B31",NA,2.62097120238492,9.58147305098662,9.58147305098662,9.58147305098662,"1597-2528",0.27354574692615,0.72645425307385
"flair","EDA","Brain","B31",NA,7.01257416197527,9.58147305098662,9.58147305098662,9.58147305098662,"191-575",0.731888940735806,0.268111059264194
"flair","EDA","Brain","B31",NA,5.24882190611071,9.58147305098662,9.58147305098662,9.58147305098662,"575-813",0.547809494237447,0.452190505762553
"flair","EDA","Brain","B31",NA,1.14274225889169,9.58147305098662,9.58147305098662,9.58147305098662,"813-1597",0.119265821947286,0.880734178052714
"flair","EDA","Brain","B32",NA,2.60637984423583,9.58147305098662,9.58147305098662,9.58147305098662,"1597-2528",0.272022874809155,0.727977125190845
"flair","EDA","Brain","B32",NA,6.86205104312093,9.58147305098662,9.58147305098662,9.58147305098662,"191-575",0.716179130975516,0.283820869024484
"flair","EDA","Brain","B32",NA,4.9788071595697,9.58147305098662,9.58147305098662,9.58147305098662,"575-813",0.519628572044778,0.480371427955222
"flair","EDA","Brain","B32",NA,1.00905840517082,9.58147305098662,9.58147305098662,9.58147305098662,"813-1597",0.105313494052662,0.894686505947338
"flair","EDA","Brain","B33",NA,2.62468643735494,9.58147305098662,9.58147305098662,9.58147305098662,"1597-2528",0.273933498887697,0.726066501112303
"flair","EDA","Brain","B33",NA,7.01575332379347,9.58147305098662,9.58147305098662,9.58147305098662,"191-575",0.73222074376873,0.26777925623127
"flair","EDA","Brain","B33",NA,5.21931644460785,9.58147305098662,9.58147305098662,9.58147305098662,"575-813",0.544730065704292,0.455269934295708
"flair","EDA","Brain","B33",NA,1.17877436925373,9.58147305098662,9.58147305098662,9.58147305098662,"813-1597",0.123026424327557,0.876973575672443
"flair","EDA","Brain","B34",NA,2.62675222162064,9.58147305098662,9.58147305098662,9.58147305098662,"1597-2528",0.274149100836865,0.725850899163135
"flair","EDA","Brain","B34",NA,7.17134043080606,9.58147305098662,9.58147305098662,9.58147305098662,"191-575",0.74845907227883,0.25154092772117
"flair","EDA","Brain","B34",NA,5.19639699132304,9.58147305098662,9.58147305098662,9.58147305098662,"575-813",0.542338006240904,0.457661993759096
"flair","EDA","Brain","B34",NA,1.21953474470124,9.58147305098662,9.58147305098662,9.58147305098662,"813-1597",0.127280506683225,0.872719493316775
"flair","EDA","Brain","B35",NA,2.63566649553284,9.58147305098662,9.58147305098662,9.58147305098662,"1597-2528",0.275079466540006,0.724920533459994
"flair","EDA","Brain","B35",NA,7.16474891241726,9.58147305098662,9.58147305098662,9.58147305098662,"191-575",0.747771128123091,0.252228871876909
"flair","EDA","Brain","B35",NA,5.57254732937616,9.58147305098662,9.58147305098662,9.58147305098662,"575-813",0.581596096938596,0.418403903061404
"flair","EDA","Brain","B35",NA,1.29550474823607,9.58147305098662,9.58147305098662,9.58147305098662,"813-1597",0.135209350518673,0.864790649481327
"flair","EDA","Kidney","K31",0.562379200786945,2.65809566281281,10.2745857333318,8.19538565416613,9.41842017762234,"1597-2528",0.282223091843821,0.717776908156179
"flair","EDA","Kidney","K31",0.53243561233828,7.14893269895882,10.2745857333318,8.19538565416613,9.31196563930357,"191-575",0.767714677638509,0.232285322361491
"flair","EDA","Kidney","K31",0.282226294789927,5.79383249173233,10.2745857333318,8.19538565416613,9.33688359577145,"575-813",0.620531725848684,0.379468274151316
"flair","EDA","Kidney","K31",0.662679528106328,1.76127663692512,10.2745857333318,8.19538565416613,9.25533078303635,"813-1597",0.190298615815361,0.809701384184639
"flair","EDA","Kidney","K32",0.581464467781977,2.64649552178459,10.2745857333318,8.19538565416613,9.41842017762234,"1597-2528",0.280991447809106,0.719008552190894
"flair","EDA","Kidney","K32",0.543812441661747,6.86205839816682,10.2745857333318,8.19538565416613,9.31196563930357,"191-575",0.736907615853276,0.263092384146724
"flair","EDA","Kidney","K32",0.275869846709072,5.43359178871461,10.2745857333318,8.19538565416613,9.33688359577145,"575-813",0.581949183898513,0.418050816101487
"flair","EDA","Kidney","K32",0.671792999023311,1.54709357081419,10.2745857333318,8.19538565416613,9.25533078303635,"813-1597",0.167157026267476,0.832842973732524
"flair","EDA","Kidney","K33",0.57128565871796,2.65145383599423,10.2745857333318,8.19538565416613,9.41842017762234,"1597-2528",0.281517896418971,0.718482103581029
"flair","EDA","Kidney","K33",0.518783417150119,6.85605768096848,10.2745857333318,8.19538565416613,9.31196563930357,"191-575",0.736263206559817,0.263736793440183
"flair","EDA","Kidney","K33",0.242816316688631,5.49054473831448,10.2745857333318,8.19538565416613,9.33688359577145,"575-813",0.588048965374386,0.411951034625614
"flair","EDA","Kidney","K33",0.661377603689616,1.50450224374085,10.2745857333318,8.19538565416613,9.25533078303635,"813-1597",0.162555210506186,0.837444789493814
"flair","EDA","Kidney","K34",0.576375063249969,2.63725117077547,10.2745857333318,8.19538565416613,9.41842017762234,"1597-2528",0.280009929588981,0.719990070411018
"flair","EDA","Kidney","K34",0.523334148879506,6.93544540639593,10.2745857333318,8.19538565416613,9.31196563930357,"191-575",0.744788552174535,0.255211447825465
"flair","EDA","Kidney","K34",0.193236021657968,5.45977871845962,10.2745857333318,8.19538565416613,9.33688359577145,"575-813",0.584753859513926,0.415246140486074
"flair","EDA","Kidney","K34",0.671792999023311,1.35918893635872,10.2745857333318,8.19538565416613,9.25533078303635,"813-1597",0.146854711973116,0.853145288026883
"flair","EDA","Kidney","K35",0.576375063249969,2.64622560570637,10.2745857333318,8.19538565416613,9.41842017762234,"1597-2528",0.280962789491348,0.719037210508652
"flair","EDA","Kidney","K35",0.523334148879506,7.03388441322882,10.2745857333318,8.19538565416613,9.31196563930357,"191-575",0.755359790369122,0.244640209630878
"flair","EDA","Kidney","K35",0.249172764769485,5.58134362972601,10.2745857333318,8.19538565416613,9.33688359577145,"575-813",0.597773718872721,0.402226281127279
"flair","EDA","Kidney","K35",0.650962208355921,1.45299243054786,10.2745857333318,8.19538565416613,9.25533078303635,"813-1597",0.156989789409902,0.843010210590098
"flair","TPM","B20K80","B20K80_1",0.738645397785721,2.72162709499908,10.941345882157,6.09156234168924,8.16963762182738,"1597-2528",0.333139267735391,0.666860732264609
"flair","TPM","B20K80","B20K80_1",0.470098809478761,6.60165838075977,10.941345882157,6.09156234168924,8.09259891597529,"191-575",0.815764929079544,0.184235070920456
"flair","TPM","B20K80","B20K80_1",0.780673719782381,4.6075294543414,10.941345882157,6.09156234168924,8.61798746156121,"575-813",0.534641002309687,0.465358997690313
"flair","TPM","B20K80","B20K80_1",0.842345097612562,0.97843221968716,10.941345882157,6.09156234168924,8.82151092424315,"813-1597",0.110914357879243,0.889085642120757
"flair","TPM","B20K80","B20K80_2",0.728439589180737,2.71988591047106,10.941345882157,6.09156234168924,8.16963762182738,"1597-2528",0.332926139000848,0.667073860999152
"flair","TPM","B20K80","B20K80_2",0.436427820370089,6.51127790633461,10.941345882157,6.09156234168924,8.09259891597529,"191-575",0.80459664119532,0.19540335880468
"flair","TPM","B20K80","B20K80_2",0.781653558800226,4.64978865160377,10.941345882157,6.09156234168924,8.61798746156121,"575-813",0.539544606248642,0.460455393751358
"flair","TPM","B20K80","B20K80_2",0.87619513244707,0.82062273108495,10.941345882157,6.09156234168924,8.82151092424315,"813-1597",0.0930251901439839,0.906974809856016
"flair","TPM","B20K80","B20K80_3",0.720785232726999,2.72092833799588,10.941345882157,6.09156234168924,8.16963762182738,"1597-2528",0.333053736768715,0.666946263231285
"flair","TPM","B20K80","B20K80_3",0.337357410108036,6.72753406639185,10.941345882157,6.09156234168924,8.09259891597529,"191-575",0.831319349475146,0.168680650524854
"flair","TPM","B20K80","B20K80_3",0.771283362331898,4.8580272357744,10.941345882157,6.09156234168924,8.61798746156121,"575-813",0.563707856090839,0.436292143909161
"flair","TPM","B20K80","B20K80_3",0.837137399945715,0.998439938898738,10.941345882157,6.09156234168924,8.82151092424315,"813-1597",0.113182418235729,0.886817581764271
"flair","TPM","B20K80","B20K80_4",0.720785232726999,2.67204033879564,10.941345882157,6.09156234168924,8.16963762182738,"1597-2528",0.327069628113806,0.672930371886194
"flair","TPM","B20K80","B20K80_4",0.26617650408792,6.28691205629582,10.941345882157,6.09156234168924,8.09259891597529,"191-575",0.776871820977692,0.223128179022308
"flair","TPM","B20K80","B20K80_4",0.748573649067645,4.46038539207265,10.941345882157,6.09156234168924,8.61798746156121,"575-813",0.517566939145282,0.482433060854718
"flair","TPM","B20K80","B20K80_4",0.882704754530629,0.865194149706776,10.941345882157,6.09156234168924,8.82151092424315,"813-1597",0.098077773426439,0.901922226573561
"flair","TPM","B20K80","B20K80_5",0.720785232726999,2.66859834311809,10.941345882157,6.09156234168924,8.16963762182738,"1597-2528",0.326648312525908,0.673351687474092
"flair","TPM","B20K80","B20K80_5",0.378419402608682,6.46539834022213,10.941345882157,6.09156234168924,8.09259891597529,"191-575",0.798927317089574,0.201072682910426
"flair","TPM","B20K80","B20K80_5",0.770401697153666,4.50153367777485,10.941345882157,6.09156234168924,8.61798746156121,"575-813",0.522341636937049,0.477658363062951
"flair","TPM","B20K80","B20K80_5",0.882704754530629,0.94751466376761,10.941345882157,6.09156234168924,8.82151092424315,"813-1597",0.107409566445547,0.892590433554453
"flair","TPM","B80K20","B80K20_1",NA,2.57802175043403,9.58147305098662,9.58147305098662,9.58147305098662,"1597-2528",0.269063194846492,0.730936805153508
"flair","TPM","B80K20","B80K20_1",NA,6.89326228271585,9.58147305098662,9.58147305098662,9.58147305098662,"191-575",0.719436588302676,0.280563411697324
"flair","TPM","B80K20","B80K20_1",NA,4.91418626125753,9.58147305098662,9.58147305098662,9.58147305098662,"575-813",0.512884212595213,0.487115787404787
"flair","TPM","B80K20","B80K20_1",NA,0.9914877075182,9.58147305098662,9.58147305098662,9.58147305098662,"813-1597",0.103479673975194,0.896520326024806
"flair","TPM","B80K20","B80K20_2",NA,2.57175519381184,9.58147305098662,9.58147305098662,9.58147305098662,"1597-2528",0.268409166328242,0.731590833671758
"flair","TPM","B80K20","B80K20_2",NA,6.66543146050659,9.58147305098662,9.58147305098662,9.58147305098662,"191-575",0.695658321537546,0.304341678462454
"flair","TPM","B80K20","B80K20_2",NA,4.61538080142897,9.58147305098662,9.58147305098662,9.58147305098662,"575-813",0.48169845877234,0.51830154122766
"flair","TPM","B80K20","B80K20_2",NA,0.792519008481769,9.58147305098662,9.58147305098662,9.58147305098662,"813-1597",0.0827136917532906,0.917286308246709
"flair","TPM","B80K20","B80K20_3",NA,2.53918755241102,9.58147305098662,9.58147305098662,9.58147305098662,"1597-2528",0.265010143941234,0.734989856058766
"flair","TPM","B80K20","B80K20_3",NA,6.72707080284117,9.58147305098662,9.58147305098662,9.58147305098662,"191-575",0.702091501697483,0.297908498302517
"flair","TPM","B80K20","B80K20_3",NA,4.60868971780184,9.58147305098662,9.58147305098662,9.58147305098662,"575-813",0.48100012318328,0.51899987681672
"flair","TPM","B80K20","B80K20_3",NA,0.84442752599775,9.58147305098662,9.58147305098662,9.58147305098662,"813-1597",0.0881312843551543,0.911868715644846
"flair","TPM","B80K20","B80K20_4",NA,2.60294991273647,9.58147305098662,9.58147305098662,9.58147305098662,"1597-2528",0.27166489942467,0.72833510057533
"flair","TPM","B80K20","B80K20_4",NA,6.78598918901792,9.58147305098662,9.58147305098662,9.58147305098662,"191-575",0.708240700872101,0.291759299127899
"flair","TPM","B80K20","B80K20_4",NA,4.87839719735299,9.58147305098662,9.58147305098662,9.58147305098662,"575-813",0.509148976508434,0.490851023491566
"flair","TPM","B80K20","B80K20_4",NA,1.03926614957588,9.58147305098662,9.58147305098662,9.58147305098662,"813-1597",0.108466218507901,0.891533781492099
"flair","TPM","B80K20","B80K20_5",NA,2.55984089550558,9.58147305098662,9.58147305098662,9.58147305098662,"1597-2528",0.267165693822203,0.732834306177797
"flair","TPM","B80K20","B80K20_5",NA,6.74207952926863,9.58147305098662,9.58147305098662,9.58147305098662,"191-575",0.703657933742702,0.296342066257298
"flair","TPM","B80K20","B80K20_5",NA,4.57324722116259,9.58147305098662,9.58147305098662,9.58147305098662,"575-813",0.477301057658527,0.522698942341473
"flair","TPM","B80K20","B80K20_5",NA,0.88152298342811,9.58147305098662,9.58147305098662,9.58147305098662,"813-1597",0.0920028662333228,0.907997133766677
"flair","TPM","Brain","B31",NA,2.56651124143511,9.58147305098662,9.58147305098662,9.58147305098662,"1597-2528",0.267861865057464,0.732138134942536
"flair","TPM","Brain","B31",NA,6.62736529950471,9.58147305098662,9.58147305098662,9.58147305098662,"191-575",0.691685429185888,0.308314570814112
"flair","TPM","Brain","B31",NA,4.63950140339992,9.58147305098662,9.58147305098662,9.58147305098662,"575-813",0.484215879824677,0.515784120175323
"flair","TPM","Brain","B31",NA,0.686461422472024,9.58147305098662,9.58147305098662,9.58147305098662,"813-1597",0.07164466453322,0.92835533546678
"flair","TPM","Brain","B32",NA,2.54887076262455,9.58147305098662,9.58147305098662,9.58147305098662,"1597-2528",0.266020762054128,0.733979237945872
"flair","TPM","Brain","B32",NA,6.5597103964438,9.58147305098662,9.58147305098662,9.58147305098662,"191-575",0.684624416468857,0.315375583531143
"flair","TPM","Brain","B32",NA,4.48500930342566,9.58147305098662,9.58147305098662,9.58147305098662,"575-813",0.468091835102936,0.531908164897064
"flair","TPM","Brain","B32",NA,0.678127891896228,9.58147305098662,9.58147305098662,9.58147305098662,"813-1597",0.0707749099003519,0.929225090099648
"flair","TPM","Brain","B33",NA,2.58324305714497,9.58147305098662,9.58147305098662,9.58147305098662,"1597-2528",0.269608132632484,0.730391867367516
"flair","TPM","Brain","B33",NA,6.65757238180038,9.58147305098662,9.58147305098662,9.58147305098662,"191-575",0.694838084538038,0.305161915461962
"flair","TPM","Brain","B33",NA,4.66334184452972,9.58147305098662,9.58147305098662,9.58147305098662,"575-813",0.48670406102635,0.51329593897365
"flair","TPM","Brain","B33",NA,0.774838417027407,9.58147305098662,9.58147305098662,9.58147305098662,"813-1597",0.0808684022701102,0.91913159772989
"flair","TPM","Brain","B34",NA,2.59695340044121,9.58147305098662,9.58147305098662,9.58147305098662,"1597-2528",0.271039054915861,0.728960945084139
"flair","TPM","Brain","B34",NA,6.89685379153304,9.58147305098662,9.58147305098662,9.58147305098662,"191-575",0.719811427202506,0.280188572797494
"flair","TPM","Brain","B34",NA,4.80766807994749,9.58147305098662,9.58147305098662,9.58147305098662,"575-813",0.501767113925393,0.498232886074607
"flair","TPM","Brain","B34",NA,0.915841743649863,9.58147305098662,9.58147305098662,9.58147305098662,"813-1597",0.0955846495394106,0.904415350460589
"flair","TPM","Brain","B35",NA,2.60142177870044,9.58147305098662,9.58147305098662,9.58147305098662,"1597-2528",0.27150541100072,0.72849458899928
"flair","TPM","Brain","B35",NA,6.8034773535586,9.58147305098662,9.58147305098662,9.58147305098662,"191-575",0.710065907126675,0.289934092873325
"flair","TPM","Brain","B35",NA,5.15709645326159,9.58147305098662,9.58147305098662,9.58147305098662,"575-813",0.538236284318574,0.461763715681426
"flair","TPM","Brain","B35",NA,0.907773236100156,9.58147305098662,9.58147305098662,9.58147305098662,"813-1597",0.0947425548524275,0.905257445147572
"flair","TPM","Kidney","K31",0.613273246107031,2.623875647311,10.2745857333318,8.19538565416613,9.41842017762234,"1597-2528",0.278589784467801,0.721410215532199
"flair","TPM","Kidney","K31",0.53243561233828,6.50695959811664,10.2745857333318,8.19538565416613,9.31196563930357,"191-575",0.698774012937969,0.301225987062031
"flair","TPM","Kidney","K31",0.308923376729514,4.89555491661745,10.2745857333318,8.19538565416613,9.33688359577145,"575-813",0.524324295831918,0.475675704168082
"flair","TPM","Kidney","K31",0.729077673358632,1.05072008917673,10.2745857333318,8.19538565416613,9.25533078303635,"813-1597",0.113525935896591,0.886474064103409
"flair","TPM","Kidney","K32",0.604366788176016,2.61835000060298,10.2745857333318,8.19538565416613,9.41842017762234,"1597-2528",0.278003099375843,0.721996900624157
"flair","TPM","Kidney","K32",0.552913905120521,6.45253504229591,10.2745857333318,8.19538565416613,9.31196563930357,"191-575",0.692929429964959,0.307070570035041
"flair","TPM","Kidney","K32",0.30256692864866,4.83221371845263,10.2745857333318,8.19538565416613,9.33688359577145,"575-813",0.51754031941033,0.48245968058967
"flair","TPM","Kidney","K32",0.700435336190971,1.06565988138161,10.2745857333318,8.19538565416613,9.25533078303635,"813-1597",0.11514011831266,0.88485988168734
"flair","TPM","Kidney","K33",0.591643276845994,2.61460208862844,10.2745857333318,8.19538565416613,9.41842017762234,"1597-2528",0.277605165125314,0.722394834874686
"flair","TPM","Kidney","K33",0.518783417150119,6.44933128116492,10.2745857333318,8.19538565416613,9.31196563930357,"191-575",0.692585382182236,0.307414617817764
"flair","TPM","Kidney","K33",0.31782240404271,4.85779106685175,10.2745857333318,8.19538565416613,9.33688359577145,"575-813",0.520279707573069,0.479720292426931
"flair","TPM","Kidney","K33",0.690019940857277,0.965773513043433,10.2745857333318,8.19538565416613,9.25533078303635,"813-1597",0.104347811621552,0.895652188378448
"flair","TPM","Kidney","K34",0.604366788176016,2.57093631839875,10.2745857333318,8.19538565416613,9.41842017762234,"1597-2528",0.272968955505634,0.727031044494366
"flair","TPM","Kidney","K34",0.523334148879506,6.53871554946139,10.2745857333318,8.19538565416613,9.31196563930357,"191-575",0.702184243664199,0.297815756335801
"flair","TPM","Kidney","K34",0.203406338587335,4.83172016470631,10.2745857333318,8.19538565416613,9.33688359577145,"575-813",0.517487458759209,0.482512541240791
"flair","TPM","Kidney","K34",0.700435336190971,0.875866663315368,10.2745857333318,8.19538565416613,9.25533078303635,"813-1597",0.0946337504134051,0.905366249586595
"flair","TPM","Kidney","K35",0.613273246107031,2.57211375588936,10.2745857333318,8.19538565416613,9.41842017762234,"1597-2528",0.273093969835893,0.726906030164107
"flair","TPM","Kidney","K35",0.523334148879506,6.52421888406504,10.2745857333318,8.19538565416613,9.31196563930357,"191-575",0.700627465433064,0.299372534566936
"flair","TPM","Kidney","K35",0.284768874022268,4.79519221196624,10.2745857333318,8.19538565416613,9.33688359577145,"575-813",0.513575237688292,0.486424762311708
"flair","TPM","Kidney","K35",0.700435336190971,0.836180009910416,10.2745857333318,8.19538565416613,9.25533078303635,"813-1597",0.0903457725620147,0.909654227437985
"flair","cqn","B20K80","B20K80_1",0.746299754239459,2.84717828118949,10.941345882157,6.09156234168924,8.16963762182738,"1597-2528",0.348507291630964,0.651492708369036
"flair","cqn","B20K80","B20K80_1",0.153761035419759,7.10728953728806,10.941345882157,6.09156234168924,8.09259891597529,"191-575",0.878245618136077,0.121754381863923
"flair","cqn","B20K80","B20K80_1",0.722553821902214,6.02756834615434,10.941345882157,6.09156234168924,8.61798746156121,"575-813",0.69941716358246,0.30058283641754
"flair","cqn","B20K80","B20K80_1",0.810293642860711,2.84488160501987,10.941345882157,6.09156234168924,8.82151092424315,"813-1597",0.322493689510898,0.677506310489102
"flair","cqn","B20K80","B20K80_2",0.718233780575753,2.79488146321003,10.941345882157,6.09156234168924,8.16963762182738,"1597-2528",0.342105928388152,0.657894071611848
"flair","cqn","B20K80","B20K80_2",0.12478536675111,6.42202747308169,10.941345882157,6.09156234168924,8.09259891597529,"191-575",0.79356799215691,0.20643200784309
"flair","cqn","B20K80","B20K80_2",0.719033150722452,5.08642334924054,10.941345882157,6.09156234168924,8.61798746156121,"575-813",0.590210112503354,0.409789887496646
"flair","cqn","B20K80","B20K80_2",0.848854719696121,2.13081208273617,10.941345882157,6.09156234168924,8.82151092424315,"813-1597",0.241547292865704,0.758452707134296
"flair","cqn","B20K80","B20K80_3",0.720785232726999,2.78508795580354,10.941345882157,6.09156234168924,8.16963762182738,"1597-2528",0.340907159500249,0.659092840499751
"flair","cqn","B20K80","B20K80_3",0.0764062648442902,6.5680655574204,10.941345882157,6.09156234168924,8.09259891597529,"191-575",0.811613874061475,0.188386125938525
"flair","cqn","B20K80","B20K80_3",0.719033150722452,5.39106961302201,10.941345882157,6.09156234168924,8.61798746156121,"575-813",0.625560159731931,0.374439840268069
"flair","cqn","B20K80","B20K80_3",0.865779737113376,2.29062382737245,10.941345882157,6.09156234168924,8.82151092424315,"813-1597",0.259663434874562,0.740336565125438
"flair","cqn","B20K80","B20K80_4",0.728439589180737,2.75445224543826,10.941345882157,6.09156234168924,8.16963762182738,"1597-2528",0.337157212221874,0.662842787778126
"flair","cqn","B20K80","B20K80_4",0.110472977005562,6.41032370099234,10.941345882157,6.09156234168924,8.09259891597529,"191-575",0.792121760580272,0.207878239419728
"flair","cqn","B20K80","B20K80_4",0.717255562958011,5.00230191090322,10.941345882157,6.09156234168924,8.61798746156121,"575-813",0.580448965981324,0.419551034018676
"flair","cqn","B20K80","B20K80_4",0.899629771947883,2.04406605252315,10.941345882157,6.09156234168924,8.82151092424315,"813-1597",0.231713826585611,0.768286173414389
"flair","cqn","B20K80","B20K80_5",0.710579424122015,2.85951239941897,10.941345882157,6.09156234168924,8.16963762182738,"1597-2528",0.350017042589381,0.649982957410619
"flair","cqn","B20K80","B20K80_5",0.13602998523663,6.83802315885544,10.941345882157,6.09156234168924,8.09259891597529,"191-575",0.844972453207432,0.155027546792568
"flair","cqn","B20K80","B20K80_5",0.727033783596913,5.69951478417866,10.941345882157,6.09156234168924,8.61798746156121,"575-813",0.661351018390337,0.338648981609663
"flair","cqn","B20K80","B20K80_5",0.810293642860711,2.58787200065064,10.941345882157,6.09156234168924,8.82151092424315,"813-1597",0.293359269503219,0.706640730496781
"flair","cqn","B80K20","B80K20_1",NA,2.59410379996799,9.58147305098662,9.58147305098662,9.58147305098662,"1597-2528",0.270741647569616,0.729258352430384
"flair","cqn","B80K20","B80K20_1",NA,7.57698565821527,9.58147305098662,9.58147305098662,9.58147305098662,"191-575",0.790795488114956,0.209204511885044
"flair","cqn","B80K20","B80K20_1",NA,6.07276629142997,9.58147305098662,9.58147305098662,9.58147305098662,"575-813",0.63380299241197,0.36619700758803
"flair","cqn","B80K20","B80K20_1",NA,1.46260505058703,9.58147305098662,9.58147305098662,9.58147305098662,"813-1597",0.152649289185907,0.847350710814093
"flair","cqn","B80K20","B80K20_2",NA,2.61050345540236,9.58147305098662,9.58147305098662,9.58147305098662,"1597-2528",0.272453248212554,0.727546751787446
"flair","cqn","B80K20","B80K20_2",NA,7.42410573024549,9.58147305098662,9.58147305098662,9.58147305098662,"191-575",0.774839702699056,0.225160297300944
"flair","cqn","B80K20","B80K20_2",NA,5.87389719660151,9.58147305098662,9.58147305098662,9.58147305098662,"575-813",0.613047405690575,0.386952594309425
"flair","cqn","B80K20","B80K20_2",NA,1.48251583642125,9.58147305098662,9.58147305098662,9.58147305098662,"813-1597",0.154727339787132,0.845272660212868
"flair","cqn","B80K20","B80K20_3",NA,2.56908307417413,9.58147305098662,9.58147305098662,9.58147305098662,"1597-2528",0.268130282317037,0.731869717682963
"flair","cqn","B80K20","B80K20_3",NA,7.30033829597058,9.58147305098662,9.58147305098662,9.58147305098662,"191-575",0.761922332518469,0.238077667481531
"flair","cqn","B80K20","B80K20_3",NA,5.52757575187939,9.58147305098662,9.58147305098662,9.58147305098662,"575-813",0.576902499486779,0.423097500513221
"flair","cqn","B80K20","B80K20_3",NA,1.22031464086021,9.58147305098662,9.58147305098662,9.58147305098662,"813-1597",0.127361902952339,0.872638097047661
"flair","cqn","B80K20","B80K20_4",NA,2.61396163929996,9.58147305098662,9.58147305098662,9.58147305098662,"1597-2528",0.272814172245759,0.727185827754241
"flair","cqn","B80K20","B80K20_4",NA,7.49460427100126,9.58147305098662,9.58147305098662,9.58147305098662,"191-575",0.78219750043857,0.21780249956143
"flair","cqn","B80K20","B80K20_4",NA,6.07190672620585,9.58147305098662,9.58147305098662,9.58147305098662,"575-813",0.633713281235041,0.366286718764959
"flair","cqn","B80K20","B80K20_4",NA,1.60974446988302,9.58147305098662,9.58147305098662,9.58147305098662,"813-1597",0.16800594870089,0.83199405129911
"flair","cqn","B80K20","B80K20_5",NA,2.5913507973703,9.58147305098662,9.58147305098662,9.58147305098662,"1597-2528",0.270454321958717,0.729545678041283
"flair","cqn","B80K20","B80K20_5",NA,7.43378034357999,9.58147305098662,9.58147305098662,9.58147305098662,"191-575",0.775849423572142,0.224150576427858
"flair","cqn","B80K20","B80K20_5",NA,5.68646458681362,9.58147305098662,9.58147305098662,9.58147305098662,"575-813",0.593485423019383,0.406514576980617
"flair","cqn","B80K20","B80K20_5",NA,1.34140027283287,9.58147305098662,9.58147305098662,9.58147305098662,"813-1597",0.139999378560559,0.860000621439441
"flair","cqn","Brain","B31",NA,2.59759313139779,9.58147305098662,9.58147305098662,9.58147305098662,"1597-2528",0.271105822411128,0.728894177588872
"flair","cqn","Brain","B31",NA,6.71956989097491,9.58147305098662,9.58147305098662,9.58147305098662,"191-575",0.701308645885403,0.298691354114597
"flair","cqn","Brain","B31",NA,4.66522508066789,9.58147305098662,9.58147305098662,9.58147305098662,"575-813",0.48690061077691,0.51309938922309
"flair","cqn","Brain","B31",NA,0.921479740145352,9.58147305098662,9.58147305098662,9.58147305098662,"813-1597",0.0961730764405235,0.903826923559476
"flair","cqn","Brain","B32",NA,2.58627084461201,9.58147305098662,9.58147305098662,9.58147305098662,"1597-2528",0.269924137014162,0.730075862985838
"flair","cqn","Brain","B32",NA,6.63910811282919,9.58147305098662,9.58147305098662,9.58147305098662,"191-575",0.692911004132663,0.307088995867337
"flair","cqn","Brain","B32",NA,4.52131091817337,9.58147305098662,9.58147305098662,9.58147305098662,"575-813",0.471880565140012,0.528119434859988
"flair","cqn","Brain","B32",NA,0.8317810897219,9.58147305098662,9.58147305098662,9.58147305098662,"813-1597",0.0868114000108,0.9131885999892
"flair","cqn","Brain","B33",NA,2.59817936845128,9.58147305098662,9.58147305098662,9.58147305098662,"1597-2528",0.271167006850135,0.728832993149865
"flair","cqn","Brain","B33",NA,6.67658529805672,9.58147305098662,9.58147305098662,9.58147305098662,"191-575",0.69682242621026,0.30317757378974
"flair","cqn","Brain","B33",NA,4.61152909067808,9.58147305098662,9.58147305098662,9.58147305098662,"575-813",0.481296463094808,0.518703536905192
"flair","cqn","Brain","B33",NA,0.926143096336243,9.58147305098662,9.58147305098662,9.58147305098662,"813-1597",0.0966597819988521,0.903340218001148
"flair","cqn","Brain","B34",NA,2.57503738339393,9.58147305098662,9.58147305098662,9.58147305098662,"1597-2528",0.268751722171652,0.731248277828348
"flair","cqn","Brain","B34",NA,6.70866874088035,9.58147305098662,9.58147305098662,9.58147305098662,"191-575",0.700170913718694,0.299829086281306
"flair","cqn","Brain","B34",NA,4.53280813204015,9.58147305098662,9.58147305098662,9.58147305098662,"575-813",0.473080507341551,0.526919492658449
"flair","cqn","Brain","B34",NA,0.787307481840878,9.58147305098662,9.58147305098662,9.58147305098662,"813-1597",0.0821697746944879,0.917830225305512
"flair","cqn","Brain","B35",NA,2.58950923817661,9.58147305098662,9.58147305098662,9.58147305098662,"1597-2528",0.270262121951067,0.729737878048933
"flair","cqn","Brain","B35",NA,6.73585164801051,9.58147305098662,9.58147305098662,9.58147305098662,"191-575",0.703007941698161,0.296992058301839
"flair","cqn","Brain","B35",NA,4.62354494137456,9.58147305098662,9.58147305098662,9.58147305098662,"575-813",0.482550534429407,0.517449465570593
"flair","cqn","Brain","B35",NA,0.867258301665531,9.58147305098662,9.58147305098662,9.58147305098662,"813-1597",0.0905140887054133,0.909485911294587
"flair","cqn","Kidney","K31",0.548383338323922,2.6466386918191,10.2745857333318,8.19538565416613,9.41842017762234,"1597-2528",0.281006648875931,0.718993351124069
"flair","cqn","Kidney","K31",0.523060905575158,6.50218825518178,10.2745857333318,8.19538565416613,9.31196563930357,"191-575",0.698261624563734,0.301738375436266
"flair","cqn","Kidney","K31",0.248843766740534,4.76051860171001,10.2745857333318,8.19538565416613,9.33688359577145,"575-813",0.509861620623179,0.490138379376821
"flair","cqn","Kidney","K31",0.489523580683653,1.211782418752,10.2745857333318,8.19538565416613,9.25533078303635,"813-1597",0.130928050780531,0.869071949219469
"flair","cqn","Kidney","K32",0.604366788176016,2.61705114729666,10.2745857333318,8.19538565416613,9.41842017762234,"1597-2528",0.277865193731177,0.722134806268823
"flair","cqn","Kidney","K32",0.547534919655388,6.29523007194795,10.2745857333318,8.19538565416613,9.31196563930357,"191-575",0.676036651743784,0.323963348256216
"flair","cqn","Kidney","K32",0.275869846709072,4.47596092391863,10.2745857333318,8.19538565416613,9.33688359577145,"575-813",0.479384890901471,0.520615109098529
"flair","cqn","Kidney","K32",0.700435336190971,0.832677125932867,10.2745857333318,8.19538565416613,9.25533078303635,"813-1597",0.0899673005160486,0.910032699483951
"flair","cqn","Kidney","K33",0.543293933791913,2.62748256649593,10.2745857333318,8.19538565416613,9.41842017762234,"1597-2528",0.278972748820305,0.721027251179695
"flair","cqn","Kidney","K33",0.519076763748143,6.342961908943,10.2745857333318,8.19538565416613,9.31196563930357,"191-575",0.68116251225959,0.31883748774041
"flair","cqn","Kidney","K33",0.288760605903304,4.57783414501581,10.2745857333318,8.19538565416613,9.33688359577145,"575-813",0.490295728554338,0.509704271445662
"flair","cqn","Kidney","K33",0.594979458437312,0.973778515658679,10.2745857333318,8.19538565416613,9.25533078303635,"813-1597",0.105212718862893,0.894787281137107
"flair","cqn","Kidney","K34",0.557289796254937,2.60318692689689,10.2745857333318,8.19538565416613,9.41842017762234,"1597-2528",0.276393161252449,0.723606838747551
"flair","cqn","Kidney","K34",0.492616709706143,6.2979516415575,10.2745857333318,8.19538565416613,9.31196563930357,"191-575",0.676328917599884,0.323671082400116
"flair","cqn","Kidney","K34",0.210658022483675,4.4186897984166,10.2745857333318,8.19538565416613,9.33688359577145,"575-813",0.473251032112874,0.526748967887126
"flair","cqn","Kidney","K34",0.64966028393921,0.707101821387519,10.2745857333318,8.19538565416613,9.25533078303635,"813-1597",0.076399411103008,0.923600588896992
"flair","cqn","Kidney","K35",0.538204529259904,2.62620095974475,10.2745857333318,8.19538565416613,9.41842017762234,"1597-2528",0.278836674327237,0.721163325672763
"flair","cqn","Kidney","K35",0.523334148879506,6.41633384502196,10.2745857333318,8.19538565416613,9.31196563930357,"191-575",0.689041830002052,0.310958169997948
"flair","cqn","Kidney","K35",0.231374710143093,4.55063792783861,10.2745857333318,8.19538565416613,9.33688359577145,"575-813",0.487382956118199,0.512617043881801
"flair","cqn","Kidney","K35",0.598885231687448,0.821643697600958,10.2745857333318,8.19538565416613,9.25533078303635,"813-1597",0.0887751844706522,0.911224815529348
"flair","ratio_counts","B20K80","B20K80_1",0.716046290927593,2.40042925736534,10.9180949312313,6.06836418053216,8.21407479297787,"1597-2528",0.292233674255979,0.707766325744021
"flair","ratio_counts","B20K80","B20K80_1",0.45844346709499,6.47182312763138,10.9180949312313,6.06836418053216,8.18120735854307,"191-575",0.791059661979268,0.208940338020732
"flair","ratio_counts","B20K80","B20K80_1",0.844873861211853,4.03559432178488,10.9180949312313,6.06836418053216,8.6455040813761,"575-813",0.466785312203859,0.533214687796141
"flair","ratio_counts","B20K80","B20K80_1",0.941291353282662,0.411990730853399,10.9180949312313,6.06836418053216,8.89977005200642,"813-1597",0.0462922894014005,0.953707710598599
"flair","ratio_counts","B20K80","B20K80_2",0.698303550975405,2.37208545341462,10.9180949312313,6.06836418053216,8.21407479297787,"1597-2528",0.288783035606456,0.711216964393544
"flair","ratio_counts","B20K80","B20K80_2",0.470098809478761,6.46598336687306,10.9180949312313,6.06836418053216,8.18120735854307,"191-575",0.790345860152423,0.209654139847577
"flair","ratio_counts","B20K80","B20K80_2",0.868503954222473,4.28494196365179,10.9180949312313,6.06836418053216,8.6455040813761,"575-813",0.495626619722763,0.504373380277237
"flair","ratio_counts","B20K80","B20K80_2",0.941291353282662,0.333459453444319,10.9180949312313,6.06836418053216,8.89977005200642,"813-1597",0.0374683223831319,0.962531677616868
"flair","ratio_counts","B20K80","B20K80_3",0.746462416559915,2.42107958589047,10.9180949312313,6.06836418053216,8.21407479297787,"1597-2528",0.294747691847197,0.705252308152803
"flair","ratio_counts","B20K80","B20K80_3",0.343832600321242,6.61331247513269,10.9180949312313,6.06836418053216,8.18120735854307,"191-575",0.808354095587965,0.191645904412035
"flair","ratio_counts","B20K80","B20K80_3",0.868503954222473,4.29004116593318,10.9180949312313,6.06836418053216,8.6455040813761,"575-813",0.496216429435811,0.503783570564189
"flair","ratio_counts","B20K80","B20K80_3",0.941291353282662,0.409577967341045,10.9180949312313,6.06836418053216,8.89977005200642,"813-1597",0.0460211853730655,0.953978814626934
"flair","ratio_counts","B20K80","B20K80_4",0.746462416559915,2.36097973402264,10.9180949312313,6.06836418053216,8.21407479297787,"1597-2528",0.287431000268103,0.712568999731897
"flair","ratio_counts","B20K80","B20K80_4",0.297210535954673,6.147643900813,10.9180949312313,6.06836418053216,8.18120735854307,"191-575",0.75143479823836,0.24856520176164
"flair","ratio_counts","B20K80","B20K80_4",0.824329815954422,4.01833258935366,10.9180949312313,6.06836418053216,8.6455040813761,"575-813",0.464788698441521,0.535211301558479
"flair","ratio_counts","B20K80","B20K80_4",0.941291353282662,0.434270648914231,10.9180949312313,6.06836418053216,8.89977005200642,"813-1597",0.0487957156619262,0.951204284338074
"flair","ratio_counts","B20K80","B20K80_5",0.746462416559915,2.36616954806821,10.9180949312313,6.06836418053216,8.21407479297787,"1597-2528",0.2880628199406,0.7119371800594
"flair","ratio_counts","B20K80","B20K80_5",0.378419402608682,6.30401686116581,10.9180949312313,6.06836418053216,8.18120735854307,"191-575",0.77054847590227,0.22945152409773
"flair","ratio_counts","B20K80","B20K80_5",0.834601838583138,4.03222553671738,10.9180949312313,6.06836418053216,8.6455040813761,"575-813",0.466395654754647,0.533604345245353
"flair","ratio_counts","B20K80","B20K80_5",0.941291353282662,0.467349386314662,10.9180949312313,6.06836418053216,8.89977005200642,"813-1597",0.0525125237600155,0.947487476239984
"flair","ratio_counts","B80K20","B80K20_1",0.537831591218683,2.36324101703227,9.7768967577031,9.4892565973559,9.55693663508465,"1597-2528",0.247280180592234,0.752719819407766
"flair","ratio_counts","B80K20","B80K20_1",-0.321782401186586,6.45971955120044,9.7768967577031,9.4892565973559,9.60111665971314,"191-575",0.672809192945838,0.327190807054162
"flair","ratio_counts","B80K20","B80K20_1",0.126298092105283,4.03932338517483,9.7768967577031,9.4892565973559,9.54001662565246,"575-813",0.42340842198465,0.57659157801535
"flair","ratio_counts","B80K20","B80K20_1",0.376889180722205,0.41893781751515,9.7768967577031,9.4892565973559,9.59077665394903,"813-1597",0.0436813234872539,0.956318676512746
"flair","ratio_counts","B80K20","B80K20_2",0.622752368779528,2.32587674110846,9.7768967577031,9.4892565973559,9.55693663508465,"1597-2528",0.24337053073784,0.75662946926216
"flair","ratio_counts","B80K20","B80K20_2",-0.367751315641813,6.45212666088054,9.7768967577031,9.4892565973559,9.60111665971314,"191-575",0.672018358859657,0.327981641140343
"flair","ratio_counts","B80K20","B80K20_2",0.189447138157925,4.04523928500197,9.7768967577031,9.4892565973559,9.54001662565246,"575-813",0.424028536189822,0.575971463810178
"flair","ratio_counts","B80K20","B80K20_2",0.82915619758885,0.206156545950003,9.7768967577031,9.4892565973559,9.59077665394903,"813-1597",0.0214952921320629,0.978504707867937
"flair","ratio_counts","B80K20","B80K20_3",0.622752368779528,2.307503591972,9.7768967577031,9.4892565973559,9.55693663508465,"1597-2528",0.241448037177612,0.758551962822388
"flair","ratio_counts","B80K20","B80K20_3",-0.27581348673136,6.45065686702677,9.7768967577031,9.4892565973559,9.60111665971314,"191-575",0.671865273139958,0.328134726860042
"flair","ratio_counts","B80K20","B80K20_3",0.252596184210567,4.03481349582851,9.7768967577031,9.4892565973559,9.54001662565246,"575-813",0.422935688076179,0.577064311923821
"flair","ratio_counts","B80K20","B80K20_3",0.452267016866645,0.453711563707402,9.7768967577031,9.4892565973559,9.59077665394903,"813-1597",0.0473070722088587,0.952692927791141
"flair","ratio_counts","B80K20","B80K20_4",0.622752368779528,2.34164100917766,9.7768967577031,9.4892565973559,9.55693663508465,"1597-2528",0.245020041315459,0.754979958684541
"flair","ratio_counts","B80K20","B80K20_4",-0.252829029503746,6.45261756240789,9.7768967577031,9.4892565973559,9.60111665971314,"191-575",0.67206948848809,0.32793051151191
"flair","ratio_counts","B80K20","B80K20_4",0.252596184210567,4.03672613050509,9.7768967577031,9.4892565973559,9.54001662565246,"575-813",0.423136173541941,0.576863826458059
"flair","ratio_counts","B80K20","B80K20_4",0.502518907629606,0.244109731322584,9.7768967577031,9.4892565973559,9.59077665394903,"813-1597",0.0254525509383092,0.974547449061691
"flair","ratio_counts","B80K20","B80K20_5",0.622752368779528,2.30703866728868,9.7768967577031,9.4892565973559,9.55693663508465,"1597-2528",0.241399389300047,0.758600610699953
"flair","ratio_counts","B80K20","B80K20_5",-0.252829029503746,6.45107904724319,9.7768967577031,9.4892565973559,9.60111665971314,"191-575",0.671909245131069,0.328090754868931
"flair","ratio_counts","B80K20","B80K20_5",0.189447138157925,4.04281553419779,9.7768967577031,9.4892565973559,9.54001662565246,"575-813",0.423774474703422,0.576225525296578
"flair","ratio_counts","B80K20","B80K20_5",0.402015126103685,0.337352121171591,9.7768967577031,9.4892565973559,9.59077665394903,"813-1597",0.0351746405263942,0.964825359473606
"flair","ratio_counts","Brain","B31",0.622752368779528,2.31918084676321,9.7768967577031,9.4892565973559,9.55693663508465,"1597-2528",0.242669898872116,0.757330101127884
"flair","ratio_counts","Brain","B31",-0.298797943958973,6.45516704649524,9.7768967577031,9.4892565973559,9.60111665971314,"191-575",0.672335028859872,0.327664971140128
"flair","ratio_counts","Brain","B31",0.157872615131604,4.05046413868085,9.7768967577031,9.4892565973559,9.54001662565246,"575-813",0.424576213818058,0.575423786181942
"flair","ratio_counts","Brain","B31",0.82915619758885,0.256063954952301,9.7768967577031,9.4892565973559,9.59077665394903,"813-1597",0.026698980092177,0.973301019907823
"flair","ratio_counts","Brain","B32",0.679366220486757,2.32173028686544,9.7768967577031,9.4892565973559,9.55693663508465,"1597-2528",0.242936662187556,0.757063337812444
"flair","ratio_counts","Brain","B32",-0.229844572276133,6.46061344336139,9.7768967577031,9.4892565973559,9.60111665971314,"191-575",0.672902295882989,0.327097704117011
"flair","ratio_counts","Brain","B32",0.252596184210567,4.04554855679107,9.7768967577031,9.4892565973559,9.54001662565246,"575-813",0.424060954559855,0.575939045440145
"flair","ratio_counts","Brain","B32",0.678400525299968,0.275405623781009,9.7768967577031,9.4892565973559,9.59077665394903,"813-1597",0.0287156748319867,0.971284325168013
"flair","ratio_counts","Brain","B33",0.622752368779528,2.3198729237071,9.7768967577031,9.4892565973559,9.55693663508465,"1597-2528",0.242742315062608,0.757257684937392
"flair","ratio_counts","Brain","B33",-0.367751315641813,6.45450256737411,9.7768967577031,9.4892565973559,9.60111665971314,"191-575",0.672265820335002,0.327734179664998
"flair","ratio_counts","Brain","B33",0.189447138157925,4.03484068619677,9.7768967577031,9.4892565973559,9.54001662565246,"575-813",0.422938538214635,0.577061461785365
"flair","ratio_counts","Brain","B33",0.80403025220737,0.226589072099134,9.7768967577031,9.4892565973559,9.59077665394903,"813-1597",0.0236257271204241,0.976374272879576
"flair","ratio_counts","Brain","B34",0.622752368779528,2.3412242102326,9.7768967577031,9.4892565973559,9.55693663508465,"1597-2528",0.244976429124547,0.755023570875453
"flair","ratio_counts","Brain","B34",-0.321782401186586,6.46205478055744,9.7768967577031,9.4892565973559,9.60111665971314,"191-575",0.673052417712265,0.326947582287735
"flair","ratio_counts","Brain","B34",0.252596184210567,4.0313977008697,9.7768967577031,9.4892565973559,9.54001662565246,"575-813",0.422577638914123,0.577422361085877
"flair","ratio_counts","Brain","B34",0.703526470681448,0.31542006318471,9.7768967577031,9.4892565973559,9.59077665394903,"813-1597",0.0328878540878996,0.9671121459121
"flair","ratio_counts","Brain","B35",0.622752368779528,2.33103322946854,9.7768967577031,9.4892565973559,9.55693663508465,"1597-2528",0.243910085257973,0.756089914742027
"flair","ratio_counts","Brain","B35",-0.252829029503746,6.45598293235921,9.7768967577031,9.4892565973559,9.60111665971314,"191-575",0.672420007086144,0.327579992913856
"flair","ratio_counts","Brain","B35",0.269380539358785,4.64816404701724,9.7768967577031,9.4892565973559,9.54001662565246,"575-813",0.487228086638616,0.512771913361384
"flair","ratio_counts","Brain","B35",0.477392962248126,0.243468441663305,9.7768967577031,9.4892565973559,9.59077665394903,"813-1597",0.02538568569033,0.97461431430967
"flair","ratio_counts","Kidney","K31",0.763410679801283,2.3762771955219,10.2274130787615,8.14822466148066,9.4389271292331,"1597-2528",0.251752891296552,0.748247108703448
"flair","ratio_counts","Kidney","K31",0.551776222188174,6.15236711897186,10.2274130787615,8.14822466148066,9.37665041323118,"191-575",0.656136983660006,0.343863016339994
"flair","ratio_counts","Kidney","K31",0.549197114185803,4.06803271027012,10.2274130787615,8.14822466148066,9.34047204236471,"575-813",0.435527529210421,0.564472470789579
"flair","ratio_counts","Kidney","K31",0.738191144275615,0.188856105079827,10.2274130787615,8.14822466148066,9.3096759207744,"813-1597",0.0202860020785899,0.97971399792141
"flair","ratio_counts","Kidney","K32",0.763410679801283,2.35762487645917,10.2274130787615,8.14822466148066,9.4389271292331,"1597-2528",0.249776785452387,0.750223214547613
"flair","ratio_counts","Kidney","K32",0.563153051511642,6.14878610227907,10.2274130787615,8.14822466148066,9.37665041323118,"191-575",0.65575507577873,0.34424492422127
"flair","ratio_counts","Kidney","K32",0.58987838190327,4.05728617103344,10.2274130787615,8.14822466148066,9.34047204236471,"575-813",0.434376994292278,0.565623005707722
"flair","ratio_counts","Kidney","K32",0.941291353282662,0.138950819230495,10.2274130787615,8.14822466148066,9.3096759207744,"813-1597",0.0149254195756082,0.985074580424392
"flair","ratio_counts","Kidney","K33",0.763410679801283,2.34888860547445,10.2274130787615,8.14822466148066,9.4389271292331,"1597-2528",0.248851227826493,0.751148772173507
"flair","ratio_counts","Kidney","K33",0.562015368579295,6.15263171629616,10.2274130787615,8.14822466148066,9.37665041323118,"191-575",0.656165202406855,0.343834797593145
"flair","ratio_counts","Kidney","K33",0.569537748044537,4.05919001005037,10.2274130787615,8.14822466148066,9.34047204236471,"575-813",0.434580821144743,0.565419178855257
"flair","ratio_counts","Kidney","K33",0.738191144275615,0.1983054264293,10.2274130787615,8.14822466148066,9.3096759207744,"813-1597",0.0213010021097281,0.978698997890272
"flair","ratio_counts","Kidney","K34",0.834662343249403,2.32181451726337,10.2274130787615,8.14822466148066,9.4389271292331,"1597-2528",0.245982884015762,0.754017115984238
"flair","ratio_counts","Kidney","K34",0.552913905120521,6.15835539666652,10.2274130787615,8.14822466148066,9.37665041323118,"191-575",0.656775620852474,0.343224379147526
"flair","ratio_counts","Kidney","K34",0.508515846468336,4.07355180405378,10.2274130787615,8.14822466148066,9.34047204236471,"575-813",0.436118408746126,0.563881591253874
"flair","ratio_counts","Kidney","K34",0.890516301030901,0.5177364137625,10.2274130787615,8.14822466148066,9.3096759207744,"813-1597",0.0556127214490011,0.944387278550999
"flair","ratio_counts","Kidney","K35",0.834662343249403,2.32183790688675,10.2274130787615,8.14822466148066,9.4389271292331,"1597-2528",0.24598536201173,0.75401463798827
"flair","ratio_counts","Kidney","K35",0.562015368579295,6.15353189578212,10.2274130787615,8.14822466148066,9.37665041323118,"191-575",0.656261204651397,0.343738795348603
"flair","ratio_counts","Kidney","K35",0.519957453013874,4.06335108725376,10.2274130787615,8.14822466148066,9.34047204236471,"575-813",0.435026310107668,0.564973689892332
"flair","ratio_counts","Kidney","K35",0.856666266196393,0.515044255983285,10.2274130787615,8.14822466148066,9.3096759207744,"813-1597",0.0553235429854193,0.944676457014581
"isoquant","CPM","B20K80","B20K80_1",0.628329842690881,4.10825635367976,10.941345882157,6.09156234168924,8.16963762182738,"1597-2528",0.502868859532209,0.497131140467791
"isoquant","CPM","B20K80","B20K80_1",0.610835246179683,7.30224274252672,10.941345882157,6.09156234168924,8.09259891597529,"191-575",0.902335926733208,0.0976640732667918
"isoquant","CPM","B20K80","B20K80_1",0.780673719782381,5.09953164370144,10.941345882157,6.09156234168924,8.61798746156121,"575-813",0.591731151437255,0.408268848562745
"isoquant","CPM","B20K80","B20K80_1",0.62882949327182,2.68119292327262,10.941345882157,6.09156234168924,8.82151092424315,"813-1597",0.3039380607583,0.6960619392417
"isoquant","CPM","B20K80","B20K80_2",0.620628149011319,4.11108836701248,10.941345882157,6.09156234168924,8.16963762182738,"1597-2528",0.503215510566663,0.496784489433337
"isoquant","CPM","B20K80","B20K80_2",0.309597688081704,6.96479553926221,10.941345882157,6.09156234168924,8.09259891597529,"191-575",0.860637677905089,0.139362322094911
"isoquant","CPM","B20K80","B20K80_2",0.742075533837488,5.12073608390672,10.941345882157,6.09156234168924,8.61798746156121,"575-813",0.594191637751474,0.405808362248526
"isoquant","CPM","B20K80","B20K80_2",0.688489051851906,2.57605029802801,10.941345882157,6.09156234168924,8.82151092424315,"813-1597",0.292019169975582,0.707980830024418
"isoquant","CPM","B20K80","B20K80_3",0.620628149011319,4.10277088954892,10.941345882157,6.09156234168924,8.16963762182738,"1597-2528",0.502197414312144,0.497802585687856
"isoquant","CPM","B20K80","B20K80_3",0.302717739457667,7.12537958963769,10.941345882157,6.09156234168924,8.09259891597529,"191-575",0.8804810004326,0.1195189995674
"isoquant","CPM","B20K80","B20K80_3",0.771777616379632,5.3091832122144,10.941345882157,6.09156234168924,8.61798746156121,"575-813",0.616058358856396,0.383941641143604
"isoquant","CPM","B20K80","B20K80_3",0.639244888605515,2.68660012079866,10.941345882157,6.09156234168924,8.82151092424315,"813-1597",0.304551016698895,0.695448983301105
"isoquant","CPM","B20K80","B20K80_4",0.620628149011319,4.08359097805874,10.941345882157,6.09156234168924,8.16963762182738,"1597-2528",0.499849707794668,0.500150292205332
"isoquant","CPM","B20K80","B20K80_4",0.309853871566236,7.02250327217914,10.941345882157,6.09156234168924,8.09259891597529,"191-575",0.867768605004789,0.132231394995211
"isoquant","CPM","B20K80","B20K80_4",0.728487340167169,4.9712751000135,10.941345882157,6.09156234168924,8.61798746156121,"575-813",0.576848727407282,0.423151272592718
"isoquant","CPM","B20K80","B20K80_4",0.661377603689616,2.54570631464835,10.941345882157,6.09156234168924,8.82151092424315,"813-1597",0.288579398303785,0.711420601696215
"isoquant","CPM","B20K80","B20K80_5",0.612926455331758,4.08172246194646,10.941345882157,6.09156234168924,8.16963762182738,"1597-2528",0.499620993107583,0.500379006892417
"isoquant","CPM","B20K80","B20K80_5",0.309597688081704,7.08846669919437,10.941345882157,6.09156234168924,8.09259891597529,"191-575",0.875919685726831,0.124080314273169
"isoquant","CPM","B20K80","B20K80_5",0.750761339011767,4.80812408970541,10.941345882157,6.09156234168924,8.61798746156121,"575-813",0.557917276063707,0.442082723936293
"isoquant","CPM","B20K80","B20K80_5",0.62882949327182,2.59901583085843,10.941345882157,6.09156234168924,8.82151092424315,"813-1597",0.294622525911729,0.705377474088271
"isoquant","CPM","B80K20","B80K20_1",NA,4.8095117308892,9.58147305098662,9.58147305098662,9.58147305098662,"1597-2528",0.501959532244778,0.498040467755222
"isoquant","CPM","B80K20","B80K20_1",NA,7.98023107567319,9.58147305098662,9.58147305098662,9.58147305098662,"191-575",0.832881440380553,0.167118559619447
"isoquant","CPM","B80K20","B80K20_1",NA,5.47383794490241,9.58147305098662,9.58147305098662,9.58147305098662,"575-813",0.571293987445777,0.428706012554223
"isoquant","CPM","B80K20","B80K20_1",NA,2.6815723702026,9.58147305098662,9.58147305098662,9.58147305098662,"813-1597",0.279870574799193,0.720129425200807
"isoquant","CPM","B80K20","B80K20_2",NA,4.80807777530711,9.58147305098662,9.58147305098662,9.58147305098662,"1597-2528",0.501809873045774,0.498190126954226
"isoquant","CPM","B80K20","B80K20_2",NA,7.79451726745776,9.58147305098662,9.58147305098662,9.58147305098662,"191-575",0.813498845739084,0.186501154260916
"isoquant","CPM","B80K20","B80K20_2",NA,5.1245994880261,9.58147305098662,9.58147305098662,9.58147305098662,"575-813",0.534844638267642,0.465155361732358
"isoquant","CPM","B80K20","B80K20_2",NA,2.5870571751425,9.58147305098662,9.58147305098662,9.58147305098662,"813-1597",0.270006204826314,0.729993795173686
"isoquant","CPM","B80K20","B80K20_3",NA,4.79283047852446,9.58147305098662,9.58147305098662,9.58147305098662,"1597-2528",0.500218541869293,0.499781458130707
"isoquant","CPM","B80K20","B80K20_3",NA,7.8522987539222,9.58147305098662,9.58147305098662,9.58147305098662,"191-575",0.819529388867157,0.180470611132843
"isoquant","CPM","B80K20","B80K20_3",NA,5.11340483877925,9.58147305098662,9.58147305098662,9.58147305098662,"575-813",0.53367627415627,0.46632372584373
"isoquant","CPM","B80K20","B80K20_3",NA,2.56074832136876,9.58147305098662,9.58147305098662,9.58147305098662,"813-1597",0.267260400122408,0.732739599877592
"isoquant","CPM","B80K20","B80K20_4",NA,4.81787411068635,9.58147305098662,9.58147305098662,9.58147305098662,"1597-2528",0.502832297815652,0.497167702184348
"isoquant","CPM","B80K20","B80K20_4",NA,7.90051637823166,9.58147305098662,9.58147305098662,9.58147305098662,"191-575",0.824561770010732,0.175438229989268
"isoquant","CPM","B80K20","B80K20_4",NA,5.58779785353992,9.58147305098662,9.58147305098662,9.58147305098662,"575-813",0.583187764950665,0.416812235049335
"isoquant","CPM","B80K20","B80K20_4",NA,2.71797163353564,9.58147305098662,9.58147305098662,9.58147305098662,"813-1597",0.283669496232186,0.716330503767814
"isoquant","CPM","B80K20","B80K20_5",NA,4.80154187325283,9.58147305098662,9.58147305098662,9.58147305098662,"1597-2528",0.5011277334604,0.4988722665396
"isoquant","CPM","B80K20","B80K20_5",NA,7.87182242284671,9.58147305098662,9.58147305098662,9.58147305098662,"191-575",0.821567036817593,0.178432963182407
"isoquant","CPM","B80K20","B80K20_5",NA,5.08363504545216,9.58147305098662,9.58147305098662,9.58147305098662,"575-813",0.530569257816645,0.469430742183355
"isoquant","CPM","B80K20","B80K20_5",NA,2.59695504630301,9.58147305098662,9.58147305098662,9.58147305098662,"813-1597",0.271039226691306,0.728960773308694
"isoquant","CPM","Brain","B31",NA,4.80684908758791,9.58147305098662,9.58147305098662,9.58147305098662,"1597-2528",0.501681637260665,0.498318362739335
"isoquant","CPM","Brain","B31",NA,7.78180831936417,9.58147305098662,9.58147305098662,9.58147305098662,"191-575",0.812172437155982,0.187827562844018
"isoquant","CPM","Brain","B31",NA,5.15445154396721,9.58147305098662,9.58147305098662,9.58147305098662,"575-813",0.537960240198812,0.462039759801188
"isoquant","CPM","Brain","B31",NA,2.53841437063715,9.58147305098662,9.58147305098662,9.58147305098662,"813-1597",0.264929448439639,0.735070551560361
"isoquant","CPM","Brain","B32",NA,4.80075588288955,9.58147305098662,9.58147305098662,9.58147305098662,"1597-2528",0.501045701150849,0.498954298849151
"isoquant","CPM","Brain","B32",NA,7.72142581474856,9.58147305098662,9.58147305098662,9.58147305098662,"191-575",0.805870430742742,0.194129569257258
"isoquant","CPM","Brain","B32",NA,4.93441705707605,9.58147305098662,9.58147305098662,9.58147305098662,"575-813",0.514995662025886,0.485004337974114
"isoquant","CPM","Brain","B32",NA,2.50133102293912,9.58147305098662,9.58147305098662,9.58147305098662,"813-1597",0.261059130431051,0.738940869568949
"isoquant","CPM","Brain","B33",NA,4.81164735847986,9.58147305098662,9.58147305098662,9.58147305098662,"1597-2528",0.502182423608069,0.497817576391931
"isoquant","CPM","Brain","B33",NA,7.8134936214907,9.58147305098662,9.58147305098662,9.58147305098662,"191-575",0.815479371482043,0.184520628517957
"isoquant","CPM","Brain","B33",NA,5.16500642412567,9.58147305098662,9.58147305098662,9.58147305098662,"575-813",0.539061832835173,0.460938167164827
"isoquant","CPM","Brain","B33",NA,2.57941095947535,9.58147305098662,9.58147305098662,9.58147305098662,"813-1597",0.269208183934697,0.730791816065303
"isoquant","CPM","Brain","B34",NA,4.81595238320608,9.58147305098662,9.58147305098662,9.58147305098662,"1597-2528",0.502631730797402,0.497368269202598
"isoquant","CPM","Brain","B34",NA,7.98076858695333,9.58147305098662,9.58147305098662,9.58147305098662,"191-575",0.832937539403875,0.167062460596125
"isoquant","CPM","Brain","B34",NA,5.37428360343951,9.58147305098662,9.58147305098662,9.58147305098662,"575-813",0.560903691409549,0.439096308590451
"isoquant","CPM","Brain","B34",NA,2.6516318380118,9.58147305098662,9.58147305098662,9.58147305098662,"813-1597",0.276745738771217,0.723254261228783
"isoquant","CPM","Brain","B35",NA,4.81819110805931,9.58147305098662,9.58147305098662,9.58147305098662,"1597-2528",0.502865382224622,0.497134617775378
"isoquant","CPM","Brain","B35",NA,7.92345804754685,9.58147305098662,9.58147305098662,9.58147305098662,"191-575",0.826956148118681,0.173043851881319
"isoquant","CPM","Brain","B35",NA,5.64514190031068,9.58147305098662,9.58147305098662,9.58147305098662,"575-813",0.589172653335323,0.410827346664677
"isoquant","CPM","Brain","B35",NA,2.64385140454307,9.58147305098662,9.58147305098662,9.58147305098662,"813-1597",0.27593370982459,0.72406629017541
"isoquant","CPM","Kidney","K31",0.428873632601383,4.75507203413761,10.2745857333318,8.19538565416613,9.41842017762234,"1597-2528",0.504869388332812,0.495130611667188
"isoquant","CPM","Kidney","K31",0.412084531585523,7.63913549154947,10.2745857333318,8.19538565416613,9.31196563930357,"191-575",0.820356924354028,0.179643075645972
"isoquant","CPM","Kidney","K31",0.242329935791098,5.50137397344428,10.2745857333318,8.19538565416613,9.33688359577145,"575-813",0.589208799383102,0.410791200616898
"isoquant","CPM","Kidney","K31",0.557223650352669,2.74553689121043,10.2745857333318,8.19538565416613,9.25533078303635,"813-1597",0.296643842945364,0.703356157054636
"isoquant","CPM","Kidney","K32",0.428873632601383,4.75380387250462,10.2745857333318,8.19538565416613,9.41842017762234,"1597-2528",0.504734741374079,0.495265258625921
"isoquant","CPM","Kidney","K32",0.401916032182423,7.59731454540448,10.2745857333318,8.19538565416613,9.31196563930357,"191-575",0.815865826795799,0.184134173204201
"isoquant","CPM","Kidney","K32",0.253298770237168,5.41951858283407,10.2745857333318,8.19538565416613,9.33688359577145,"575-813",0.580441913754659,0.419558086245341
"isoquant","CPM","Kidney","K32",0.549412103852398,2.73803620615914,10.2745857333318,8.19538565416613,9.25533078303635,"813-1597",0.295833425119452,0.704166574880548
"isoquant","CPM","Kidney","K33",0.428873632601383,4.75454909253034,10.2745857333318,8.19538565416613,9.41842017762234,"1597-2528",0.504813865049989,0.495186134950011
"isoquant","CPM","Kidney","K33",0.411809349897683,7.56692091749596,10.2745857333318,8.19538565416613,9.31196563930357,"191-575",0.81260189422927,0.18739810577073
"isoquant","CPM","Kidney","K33",0.173322818334823,5.41781154103798,10.2745857333318,8.19538565416613,9.33688359577145,"575-813",0.580259085964361,0.419740914035639
"isoquant","CPM","Kidney","K33",0.528581313185008,2.68538980990779,10.2745857333318,8.19538565416613,9.25533078303635,"813-1597",0.290145200950539,0.709854799049461
"isoquant","CPM","Kidney","K34",0.407109896021612,4.73967219157097,10.2745857333318,8.19538565416613,9.41842017762234,"1597-2528",0.503234311294816,0.496765688705184
"isoquant","CPM","Kidney","K34",0.401916032182423,7.64998974203962,10.2745857333318,8.19538565416613,9.31196563930357,"191-575",0.821522548338328,0.178477451661672
"isoquant","CPM","Kidney","K34",0.141836156644134,5.38255880277514,10.2745857333318,8.19538565416613,9.33688359577145,"575-813",0.576483443063682,0.423516556936318
"isoquant","CPM","Kidney","K34",0.528581313185008,2.57778485580079,10.2745857333318,8.19538565416613,9.25533078303635,"813-1597",0.278518933167196,0.721481066832804
"isoquant","CPM","Kidney","K35",0.394307698033511,4.73979528964145,10.2745857333318,8.19538565416613,9.41842017762234,"1597-2528",0.503247381222485,0.496752618777515
"isoquant","CPM","Kidney","K35",0.401916032182423,7.6062059593916,10.2745857333318,8.19538565416613,9.31196563930357,"191-575",0.81682066429537,0.18317933570463
"isoquant","CPM","Kidney","K35",0.211164143524002,5.31015918524018,10.2745857333318,8.19538565416613,9.33688359577145,"575-813",0.56872929075019,0.43127070924981
"isoquant","CPM","Kidney","K35",0.528581313185008,2.56412521032128,10.2745857333318,8.19538565416613,9.25533078303635,"813-1597",0.277043065280923,0.722956934719077
"isoquant","EDA","B20K80","B20K80_1",0.620628149011319,4.11273245715592,10.941345882157,6.09156234168924,8.16963762182738,"1597-2528",0.503416754516462,0.496583245483538
"isoquant","EDA","B20K80","B20K80_1",0.610835246179683,7.29995267582815,10.941345882157,6.09156234168924,8.09259891597529,"191-575",0.902052943884022,0.0979470561159782
"isoquant","EDA","B20K80","B20K80_1",0.780673719782381,5.11411600025363,10.941345882157,6.09156234168924,8.61798746156121,"575-813",0.59342346726125,0.40657653273875
"isoquant","EDA","B20K80","B20K80_1",0.62882949327182,2.70359703341134,10.941345882157,6.09156234168924,8.82151092424315,"813-1597",0.306477774230416,0.693522225769584
"isoquant","EDA","B20K80","B20K80_2",0.620628149011319,4.11055665581048,10.941345882157,6.09156234168924,8.16963762182738,"1597-2528",0.50315042674941,0.49684957325059
"isoquant","EDA","B20K80","B20K80_2",0.309597688081704,6.96543485705343,10.941345882157,6.09156234168924,8.09259891597529,"191-575",0.860716678211153,0.139283321788847
"isoquant","EDA","B20K80","B20K80_2",0.740172772926914,5.12166224556784,10.941345882157,6.09156234168924,8.61798746156121,"575-813",0.594299106190625,0.405700893809375
"isoquant","EDA","B20K80","B20K80_2",0.679604545523582,2.5755288324865,10.941345882157,6.09156234168924,8.82151092424315,"813-1597",0.291960057024751,0.708039942975249
"isoquant","EDA","B20K80","B20K80_3",0.620628149011319,4.10061990616387,10.941345882157,6.09156234168924,8.16963762182738,"1597-2528",0.501934124373884,0.498065875626116
"isoquant","EDA","B20K80","B20K80_3",0.302717739457667,6.98965963449188,10.941345882157,6.09156234168924,8.09259891597529,"191-575",0.86371012663112,0.13628987336888
"isoquant","EDA","B20K80","B20K80_3",0.771283362331898,5.04677264325433,10.941345882157,6.09156234168924,8.61798746156121,"575-813",0.585609188428788,0.414390811571212
"isoquant","EDA","B20K80","B20K80_3",0.673094923440023,2.60667730452515,10.941345882157,6.09156234168924,8.82151092424315,"813-1597",0.295491024940128,0.704508975059872
"isoquant","EDA","B20K80","B20K80_4",0.620628149011319,4.09167260388517,10.941345882157,6.09156234168924,8.16963762182738,"1597-2528",0.500838934759257,0.499161065240743
"isoquant","EDA","B20K80","B20K80_4",0.309597688081704,6.94040621332596,10.941345882157,6.09156234168924,8.09259891597529,"191-575",0.857623896277025,0.142376103722975
"isoquant","EDA","B20K80","B20K80_4",0.73830162643893,4.83643101450785,10.941345882157,6.09156234168924,8.61798746156121,"575-813",0.561201908923606,0.438798091076394
"isoquant","EDA","B20K80","B20K80_4",0.706944958274531,2.54728589955524,10.941345882157,6.09156234168924,8.82151092424315,"813-1597",0.288758458888808,0.711241541111192
"isoquant","EDA","B20K80","B20K80_5",0.620628149011319,4.09464644445983,10.941345882157,6.09156234168924,8.16963762182738,"1597-2528",0.501202946079259,0.498797053920741
"isoquant","EDA","B20K80","B20K80_5",0.309597688081704,7.06390036181154,10.941345882157,6.09156234168924,8.09259891597529,"191-575",0.872884030847861,0.127115969152139
"isoquant","EDA","B20K80","B20K80_5",0.750295461623428,4.8465292963612,10.941345882157,6.09156234168924,8.61798746156121,"575-813",0.562373676914495,0.437626323085505
"isoquant","EDA","B20K80","B20K80_5",0.62882949327182,2.66163768609771,10.941345882157,6.09156234168924,8.82151092424315,"813-1597",0.301721293433195,0.698278706566805
"isoquant","EDA","B80K20","B80K20_1",NA,4.80574075847438,9.58147305098662,9.58147305098662,9.58147305098662,"1597-2528",0.50156596307282,0.49843403692718
"isoquant","EDA","B80K20","B80K20_1",NA,7.88336326432592,9.58147305098662,9.58147305098662,9.58147305098662,"191-575",0.822771532349522,0.177228467650478
"isoquant","EDA","B80K20","B80K20_1",NA,5.26882859010422,9.58147305098662,9.58147305098662,9.58147305098662,"575-813",0.549897553545974,0.450102446454026
"isoquant","EDA","B80K20","B80K20_1",NA,2.62133485113933,9.58147305098662,9.58147305098662,9.58147305098662,"813-1597",0.273583700250496,0.726416299749504
"isoquant","EDA","B80K20","B80K20_2",NA,4.80162956343656,9.58147305098662,9.58147305098662,9.58147305098662,"1597-2528",0.501136885517005,0.498863114482995
"isoquant","EDA","B80K20","B80K20_2",NA,7.76568314230685,9.58147305098662,9.58147305098662,9.58147305098662,"191-575",0.810489483295807,0.189510516704193
"isoquant","EDA","B80K20","B80K20_2",NA,5.01410849002917,9.58147305098662,9.58147305098662,9.58147305098662,"575-813",0.523312904325589,0.476687095674411
"isoquant","EDA","B80K20","B80K20_2",NA,2.5349968159912,9.58147305098662,9.58147305098662,9.58147305098662,"813-1597",0.264572764803651,0.735427235196349
"isoquant","EDA","B80K20","B80K20_3",NA,4.79069132892445,9.58147305098662,9.58147305098662,9.58147305098662,"1597-2528",0.49999528292063,0.50000471707937
"isoquant","EDA","B80K20","B80K20_3",NA,7.67138283250033,9.58147305098662,9.58147305098662,9.58147305098662,"191-575",0.800647540485478,0.199352459514522
"isoquant","EDA","B80K20","B80K20_3",NA,4.78202049721966,9.58147305098662,9.58147305098662,9.58147305098662,"575-813",0.499090324814643,0.500909675185357
"isoquant","EDA","B80K20","B80K20_3",NA,2.50682680667754,9.58147305098662,9.58147305098662,9.58147305098662,"813-1597",0.261632714858954,0.738367285141046
"isoquant","EDA","B80K20","B80K20_4",NA,4.81118745200808,9.58147305098662,9.58147305098662,9.58147305098662,"1597-2528",0.502134424050033,0.497865575949967
"isoquant","EDA","B80K20","B80K20_4",NA,7.76631181072068,9.58147305098662,9.58147305098662,9.58147305098662,"191-575",0.810555096214665,0.189444903785335
"isoquant","EDA","B80K20","B80K20_4",NA,5.26605371967448,9.58147305098662,9.58147305098662,9.58147305098662,"575-813",0.549607945631306,0.450392054368694
"isoquant","EDA","B80K20","B80K20_4",NA,2.61098209984714,9.58147305098662,9.58147305098662,9.58147305098662,"813-1597",0.272503203416961,0.727496796583039
"isoquant","EDA","B80K20","B80K20_5",NA,4.80233567470701,9.58147305098662,9.58147305098662,9.58147305098662,"1597-2528",0.501210580998556,0.498789419001444
"isoquant","EDA","B80K20","B80K20_5",NA,7.78827249253099,9.58147305098662,9.58147305098662,9.58147305098662,"191-575",0.812847090534687,0.187152909465313
"isoquant","EDA","B80K20","B80K20_5",NA,4.94604496913472,9.58147305098662,9.58147305098662,9.58147305098662,"575-813",0.51620924494751,0.48379075505249
"isoquant","EDA","B80K20","B80K20_5",NA,2.57468363219446,9.58147305098662,9.58147305098662,9.58147305098662,"813-1597",0.268714801836168,0.731285198163832
"isoquant","EDA","Brain","B31",NA,4.80581168588434,9.58147305098662,9.58147305098662,9.58147305098662,"1597-2528",0.501573365630817,0.498426634369183
"isoquant","EDA","Brain","B31",NA,7.81198129563617,9.58147305098662,9.58147305098662,9.58147305098662,"191-575",0.815321532927732,0.184678467072268
"isoquant","EDA","Brain","B31",NA,5.19354749503247,9.58147305098662,9.58147305098662,9.58147305098662,"575-813",0.542040609768002,0.457959390231998
"isoquant","EDA","Brain","B31",NA,2.53643420023663,9.58147305098662,9.58147305098662,9.58147305098662,"813-1597",0.264722781845683,0.735277218154317
"isoquant","EDA","Brain","B32",NA,4.79730756222524,9.58147305098662,9.58147305098662,9.58147305098662,"1597-2528",0.500685806524421,0.499314193475579
"isoquant","EDA","Brain","B32",NA,7.72073513640106,9.58147305098662,9.58147305098662,9.58147305098662,"191-575",0.805798345965815,0.194201654034185
"isoquant","EDA","Brain","B32",NA,4.90813030169374,9.58147305098662,9.58147305098662,9.58147305098662,"575-813",0.512252163688791,0.487747836311209
"isoquant","EDA","Brain","B32",NA,2.48592693527742,9.58147305098662,9.58147305098662,9.58147305098662,"813-1597",0.259451435290677,0.740548564709323
"isoquant","EDA","Brain","B33",NA,4.80636543058301,9.58147305098662,9.58147305098662,9.58147305098662,"1597-2528",0.501631158904954,0.498368841095046
"isoquant","EDA","Brain","B33",NA,7.78955544501892,9.58147305098662,9.58147305098662,9.58147305098662,"191-575",0.812980989829827,0.187019010170173
"isoquant","EDA","Brain","B33",NA,5.0688825288385,9.58147305098662,9.58147305098662,9.58147305098662,"575-813",0.529029565899217,0.470970434100783
"isoquant","EDA","Brain","B33",NA,2.53234309835704,9.58147305098662,9.58147305098662,9.58147305098662,"813-1597",0.264295801374328,0.735704198625672
"isoquant","EDA","Brain","B34",NA,4.8058218364803,9.58147305098662,9.58147305098662,9.58147305098662,"1597-2528",0.501574425029087,0.498425574970913
"isoquant","EDA","Brain","B34",NA,7.78500265266137,9.58147305098662,9.58147305098662,9.58147305098662,"191-575",0.812505823607126,0.187494176392874
"isoquant","EDA","Brain","B34",NA,4.95544750006199,9.58147305098662,9.58147305098662,9.58147305098662,"575-813",0.517190569100616,0.482809430899384
"isoquant","EDA","Brain","B34",NA,2.52825115153799,9.58147305098662,9.58147305098662,9.58147305098662,"813-1597",0.263868732718258,0.736131267281742
"isoquant","EDA","Brain","B35",NA,4.8115690921648,9.58147305098662,9.58147305098662,9.58147305098662,"1597-2528",0.502174255102595,0.497825744897405
"isoquant","EDA","Brain","B35",NA,7.83995249853073,9.58147305098662,9.58147305098662,9.58147305098662,"191-575",0.818240833827053,0.181759166172947
"isoquant","EDA","Brain","B35",NA,5.46884010465761,9.58147305098662,9.58147305098662,9.58147305098662,"575-813",0.570772372427064,0.429227627572936
"isoquant","EDA","Brain","B35",NA,2.56215211127331,9.58147305098662,9.58147305098662,9.58147305098662,"813-1597",0.267406910987396,0.732593089012604
"isoquant","EDA","Kidney","K31",0.428873632601383,4.75702621228661,10.2745857333318,8.19538565416613,9.41842017762234,"1597-2528",0.505076873039604,0.494923126960396
"isoquant","EDA","Kidney","K31",0.411809349897683,7.811434942886,10.2745857333318,8.19538565416613,9.31196563930357,"191-575",0.838859940581804,0.161140059418196
"isoquant","EDA","Kidney","K31",0.233917289375435,5.80849117417619,10.2745857333318,8.19538565416613,9.33688359577145,"575-813",0.622101701771968,0.377898298228032
"isoquant","EDA","Kidney","K31",0.501240900434059,2.83765329169154,10.2745857333318,8.19538565416613,9.25533078303635,"813-1597",0.30659663692329,0.69340336307671
"isoquant","EDA","Kidney","K32",0.428873632601383,4.75111970250097,10.2745857333318,8.19538565416613,9.41842017762234,"1597-2528",0.504449749841208,0.495550250158792
"isoquant","EDA","Kidney","K32",0.401916032182423,7.57400196508186,10.2745857333318,8.19538565416613,9.31196563930357,"191-575",0.813362318812025,0.186637681187975
"isoquant","EDA","Kidney","K32",0.246630185537143,5.35213501495269,10.2745857333318,8.19538565416613,9.33688359577145,"575-813",0.573224990978424,0.426775009021576
"isoquant","EDA","Kidney","K32",0.549412103852398,2.69906950204338,10.2745857333318,8.19538565416613,9.25533078303635,"813-1597",0.29162323479463,0.70837676520537
"isoquant","EDA","Kidney","K33",0.428873632601383,4.75479593393276,10.2745857333318,8.19538565416613,9.41842017762234,"1597-2528",0.504840073415911,0.495159926584089
"isoquant","EDA","Kidney","K33",0.411809349897683,7.54585732712509,10.2745857333318,8.19538565416613,9.31196563930357,"191-575",0.810339902380636,0.189660097619364
"isoquant","EDA","Kidney","K33",0.172895387799234,5.38940548500159,10.2745857333318,8.19538565416613,9.33688359577145,"575-813",0.577216737225082,0.422783262774918
"isoquant","EDA","Kidney","K33",0.528581313185008,2.68533295355816,10.2745857333318,8.19538565416613,9.25533078303635,"813-1597",0.290139057858416,0.709860942141584
"isoquant","EDA","Kidney","K34",0.403269236625181,4.75322382632402,10.2745857333318,8.19538565416613,9.41842017762234,"1597-2528",0.504673155017805,0.495326844982195
"isoquant","EDA","Kidney","K34",0.401916032182423,7.54165745965354,10.2745857333318,8.19538565416613,9.31196563930357,"191-575",0.809888884020578,0.190111115979422
"isoquant","EDA","Kidney","K34",0.148740885091988,5.29275285882237,10.2745857333318,8.19538565416613,9.33688359577145,"575-813",0.566865036340325,0.433134963659675
"isoquant","EDA","Kidney","K34",0.528581313185008,2.60654796290464,10.2745857333318,8.19538565416613,9.25533078303635,"813-1597",0.28162666726964,0.71837333273036
"isoquant","EDA","Kidney","K35",0.403269236625181,4.75886558142737,10.2745857333318,8.19538565416613,9.41842017762234,"1597-2528",0.50527216790924,0.49472783209076
"isoquant","EDA","Kidney","K35",0.401916032182423,7.59161390662144,10.2745857333318,8.19538565416613,9.31196563930357,"191-575",0.81525364253698,0.18474635746302
"isoquant","EDA","Kidney","K35",0.240273737456289,5.42834796221043,10.2745857333318,8.19538565416613,9.33688359577145,"575-813",0.581387558978335,0.418612441021665
"isoquant","EDA","Kidney","K35",0.528581313185008,2.66103763367617,10.2745857333318,8.19538565416613,9.25533078303635,"813-1597",0.287514049584641,0.712485950415359
"isoquant","TPM","B20K80","B20K80_1",0.628329842690881,4.08258087466371,10.941345882157,6.09156234168924,8.16963762182738,"1597-2528",0.499726066644131,0.500273933355869
"isoquant","TPM","B20K80","B20K80_1",0.610835246179683,7.1849787309239,10.941345882157,6.09156234168924,8.09259891597529,"191-575",0.887845648292332,0.112154351707668
"isoquant","TPM","B20K80","B20K80_1",0.780673719782381,4.60830061520631,10.941345882157,6.09156234168924,8.61798746156121,"575-813",0.534730485018771,0.465269514981229
"isoquant","TPM","B20K80","B20K80_1",0.706944958274531,2.49942609729485,10.941345882157,6.09156234168924,8.82151092424315,"813-1597",0.283333106852021,0.716666893147979
"isoquant","TPM","B20K80","B20K80_2",0.620628149011319,4.07847148245957,10.941345882157,6.09156234168924,8.16963762182738,"1597-2528",0.499223058751448,0.500776941248552
"isoquant","TPM","B20K80","B20K80_2",0.309597688081704,6.83973977668639,10.941345882157,6.09156234168924,8.09259891597529,"191-575",0.845184575153518,0.154815424846482
"isoquant","TPM","B20K80","B20K80_2",0.740172772926914,4.73410499385905,10.941345882157,6.09156234168924,8.61798746156121,"575-813",0.549328368714223,0.450671631285777
"isoquant","TPM","B20K80","B20K80_2",0.740794993109039,2.43747201313007,10.941345882157,6.09156234168924,8.82151092424315,"813-1597",0.276310037369159,0.723689962630841
"isoquant","TPM","B20K80","B20K80_3",0.612926455331758,4.07988904492469,10.941345882157,6.09156234168924,8.16963762182738,"1597-2528",0.499396574705367,0.500603425294633
"isoquant","TPM","B20K80","B20K80_3",0.302717739457667,6.94436171536213,10.941345882157,6.09156234168924,8.09259891597529,"191-575",0.858112676467078,0.141887323532922
"isoquant","TPM","B20K80","B20K80_3",0.771283362331898,4.86255369550907,10.941345882157,6.09156234168924,8.61798746156121,"575-813",0.564233090056989,0.435766909943011
"isoquant","TPM","B20K80","B20K80_3",0.712152655941378,2.49967108251957,10.941345882157,6.09156234168924,8.82151092424315,"813-1597",0.283360878197181,0.716639121802819
"isoquant","TPM","B20K80","B20K80_4",0.612926455331758,4.05228479671574,10.941345882157,6.09156234168924,8.16963762182738,"1597-2528",0.496017691885008,0.503982308114992
"isoquant","TPM","B20K80","B20K80_4",0.309597688081704,6.87961778012938,10.941345882157,6.09156234168924,8.09259891597529,"191-575",0.850112287975694,0.149887712024306
"isoquant","TPM","B20K80","B20K80_4",0.73830162643893,4.53721399732843,10.941345882157,6.09156234168924,8.61798746156121,"575-813",0.526481851774066,0.473518148225934
"isoquant","TPM","B20K80","B20K80_4",0.757720010526293,2.44565883404348,10.941345882157,6.09156234168924,8.82151092424315,"813-1597",0.277238089375637,0.722761910624363
"isoquant","TPM","B20K80","B20K80_5",0.612926455331758,4.05317695935185,10.941345882157,6.09156234168924,8.16963762182738,"1597-2528",0.496126896561814,0.503873103438186
"isoquant","TPM","B20K80","B20K80_5",0.309597688081704,6.92198870145952,10.941345882157,6.09156234168924,8.09259891597529,"191-575",0.855348049907068,0.144651950092932
"isoquant","TPM","B20K80","B20K80_5",0.750295461623428,4.31313396533536,10.941345882157,6.09156234168924,8.61798746156121,"575-813",0.500480417797453,0.499519582202547
"isoquant","TPM","B20K80","B20K80_5",0.757720010526293,2.47834847415267,10.941345882157,6.09156234168924,8.82151092424315,"813-1597",0.280943762971682,0.719056237028318
"isoquant","TPM","B80K20","B80K20_1",NA,4.78574552661004,9.58147305098662,9.58147305098662,9.58147305098662,"1597-2528",0.499479099001092,0.500520900998908
"isoquant","TPM","B80K20","B80K20_1",NA,7.72605755987672,9.58147305098662,9.58147305098662,9.58147305098662,"191-575",0.806353837114968,0.193646162885032
"isoquant","TPM","B80K20","B80K20_1",NA,4.87391883776852,9.58147305098662,9.58147305098662,9.58147305098662,"575-813",0.508681578691769,0.491318421308231
"isoquant","TPM","B80K20","B80K20_1",NA,2.50964188400341,9.58147305098662,9.58147305098662,9.58147305098662,"813-1597",0.261926519090401,0.738073480909599
"isoquant","TPM","B80K20","B80K20_2",NA,4.78242621511972,9.58147305098662,9.58147305098662,9.58147305098662,"1597-2528",0.499132668815184,0.500867331184816
"isoquant","TPM","B80K20","B80K20_2",NA,7.60166243922386,9.58147305098662,9.58147305098662,9.58147305098662,"191-575",0.793370956508728,0.206629043491272
"isoquant","TPM","B80K20","B80K20_2",NA,4.5992607901952,9.58147305098662,9.58147305098662,9.58147305098662,"575-813",0.48001604405928,0.51998395594072
"isoquant","TPM","B80K20","B80K20_2",NA,2.4398111778199,9.58147305098662,9.58147305098662,9.58147305098662,"813-1597",0.254638421966722,0.745361578033278
"isoquant","TPM","B80K20","B80K20_3",NA,4.76350985386639,9.58147305098662,9.58147305098662,9.58147305098662,"1597-2528",0.497158404403787,0.502841595596213
"isoquant","TPM","B80K20","B80K20_3",NA,7.6463521576808,9.58147305098662,9.58147305098662,9.58147305098662,"191-575",0.798035136872136,0.201964863127864
"isoquant","TPM","B80K20","B80K20_3",NA,4.62148189668802,9.58147305098662,9.58147305098662,9.58147305098662,"575-813",0.482335218404871,0.517664781595129
"isoquant","TPM","B80K20","B80K20_3",NA,2.47368952924237,9.58147305098662,9.58147305098662,9.58147305098662,"813-1597",0.258174240649526,0.741825759350474
"isoquant","TPM","B80K20","B80K20_4",NA,4.79771168478323,9.58147305098662,9.58147305098662,9.58147305098662,"1597-2528",0.500727984022165,0.499272015977835
"isoquant","TPM","B80K20","B80K20_4",NA,7.66955442225755,9.58147305098662,9.58147305098662,9.58147305098662,"191-575",0.800456712808663,0.199543287191337
"isoquant","TPM","B80K20","B80K20_4",NA,4.98160118378971,9.58147305098662,9.58147305098662,9.58147305098662,"575-813",0.519920179003869,0.480079820996131
"isoquant","TPM","B80K20","B80K20_4",NA,2.5174458114177,9.58147305098662,9.58147305098662,9.58147305098662,"813-1597",0.262741000055151,0.737258999944849
"isoquant","TPM","B80K20","B80K20_5",NA,4.77456751969661,9.58147305098662,9.58147305098662,9.58147305098662,"1597-2528",0.4983124718182,0.5016875281818
"isoquant","TPM","B80K20","B80K20_5",NA,7.65679705294851,9.58147305098662,9.58147305098662,9.58147305098662,"191-575",0.799125250596,0.200874749404
"isoquant","TPM","B80K20","B80K20_5",NA,4.58551536323316,9.58147305098662,9.58147305098662,9.58147305098662,"575-813",0.478581460160865,0.521418539839135
"isoquant","TPM","B80K20","B80K20_5",NA,2.47751583390715,9.58147305098662,9.58147305098662,9.58147305098662,"813-1597",0.258573584742488,0.741426415257512
"isoquant","TPM","Brain","B31",NA,4.77960183865069,9.58147305098662,9.58147305098662,9.58147305098662,"1597-2528",0.498837894049968,0.501162105950032
"isoquant","TPM","Brain","B31",NA,7.59581397622175,9.58147305098662,9.58147305098662,9.58147305098662,"191-575",0.792760563621227,0.207239436378773
"isoquant","TPM","Brain","B31",NA,4.64300525859738,9.58147305098662,9.58147305098662,9.58147305098662,"575-813",0.484581570484016,0.515418429515984
"isoquant","TPM","Brain","B31",NA,2.41688401795114,9.58147305098662,9.58147305098662,9.58147305098662,"813-1597",0.25224555818192,0.74775444181808
"isoquant","TPM","Brain","B32",NA,4.77001538750419,9.58147305098662,9.58147305098662,9.58147305098662,"1597-2528",0.49783737449567,0.502162625504331
"isoquant","TPM","Brain","B32",NA,7.56375575352992,9.58147305098662,9.58147305098662,9.58147305098662,"191-575",0.789414708289668,0.210585291710332
"isoquant","TPM","Brain","B32",NA,4.47968364309923,9.58147305098662,9.58147305098662,9.58147305098662,"575-813",0.467536006129866,0.532463993870134
"isoquant","TPM","Brain","B32",NA,2.41269588035515,9.58147305098662,9.58147305098662,9.58147305098662,"813-1597",0.251808450278604,0.748191549721396
"isoquant","TPM","Brain","B33",NA,4.78769575328554,9.58147305098662,9.58147305098662,9.58147305098662,"1597-2528",0.499682640425789,0.500317359574211
"isoquant","TPM","Brain","B33",NA,7.61411568490835,9.58147305098662,9.58147305098662,9.58147305098662,"191-575",0.794670677920898,0.205329322079102
"isoquant","TPM","Brain","B33",NA,4.62699163406546,9.58147305098662,9.58147305098662,9.58147305098662,"575-813",0.482910259147366,0.517089740852634
"isoquant","TPM","Brain","B33",NA,2.43207015288089,9.58147305098662,9.58147305098662,9.58147305098662,"813-1597",0.253830506012899,0.746169493987101
"isoquant","TPM","Brain","B34",NA,4.79467872859353,9.58147305098662,9.58147305098662,9.58147305098662,"1597-2528",0.500411440190798,0.499588559809202
"isoquant","TPM","Brain","B34",NA,7.72539233405666,9.58147305098662,9.58147305098662,9.58147305098662,"191-575",0.806284408769605,0.193715591230395
"isoquant","TPM","Brain","B34",NA,4.78731331797037,9.58147305098662,9.58147305098662,9.58147305098662,"575-813",0.499642726384062,0.500357273615938
"isoquant","TPM","Brain","B34",NA,2.47689088345893,9.58147305098662,9.58147305098662,9.58147305098662,"813-1597",0.258508359860583,0.741491640139417
"isoquant","TPM","Brain","B35",NA,4.79687248662742,9.58147305098662,9.58147305098662,9.58147305098662,"1597-2528",0.500640398517165,0.499359601482835
"isoquant","TPM","Brain","B35",NA,7.68638709642623,9.58147305098662,9.58147305098662,9.58147305098662,"191-575",0.802213506787951,0.197786493212049
"isoquant","TPM","Brain","B35",NA,5.17912898064063,9.58147305098662,9.58147305098662,9.58147305098662,"575-813",0.540535777023067,0.459464222976933
"isoquant","TPM","Brain","B35",NA,2.46830831439537,9.58147305098662,9.58147305098662,9.58147305098662,"813-1597",0.257612613557495,0.742387386442505
"isoquant","TPM","Kidney","K31",0.437835171193054,4.7382810507989,10.2745857333318,8.19538565416613,9.41842017762234,"1597-2528",0.503086607035945,0.496913392964055
"isoquant","TPM","Kidney","K31",0.411809349897683,7.37335609534814,10.2745857333318,8.19538565416613,9.31196563930357,"191-575",0.791815217211174,0.208184782788826
"isoquant","TPM","Kidney","K31",0.273327267476731,4.86417516054287,10.2745857333318,8.19538565416613,9.33688359577145,"575-813",0.520963457522999,0.479036542477001
"isoquant","TPM","Kidney","K31",0.596281382854024,2.50108183960837,10.2745857333318,8.19538565416613,9.25533078303635,"813-1597",0.270231491260418,0.729768508739582
"isoquant","TPM","Kidney","K32",0.428873632601383,4.73546150344561,10.2745857333318,8.19538565416613,9.41842017762234,"1597-2528",0.502787241823933,0.497212758176067
"isoquant","TPM","Kidney","K32",0.411809349897683,7.34755267224665,10.2745857333318,8.19538565416613,9.31196563930357,"191-575",0.789044220828564,0.210955779171436
"isoquant","TPM","Kidney","K32",0.273327267476731,4.80433366707184,10.2745857333318,8.19538565416613,9.33688359577145,"575-813",0.514554306883257,0.485445693116743
"isoquant","TPM","Kidney","K32",0.567639045686363,2.50912221311108,10.2745857333318,8.19538565416613,9.25533078303635,"813-1597",0.271100220179048,0.728899779820952
"isoquant","TPM","Kidney","K33",0.416071434613282,4.73462363919282,10.2745857333318,8.19538565416613,9.41842017762234,"1597-2528",0.502698281654713,0.497301718345287
"isoquant","TPM","Kidney","K33",0.411809349897683,7.3287882423517,10.2745857333318,8.19538565416613,9.31196563930357,"191-575",0.787029132863059,0.212970867136941
"isoquant","TPM","Kidney","K33",0.252986633617997,4.81041088567198,10.2745857333318,8.19538565416613,9.33688359577145,"575-813",0.515205189861267,0.484794810138733
"isoquant","TPM","Kidney","K33",0.567639045686363,2.4805736413858,10.2745857333318,8.19538565416613,9.25533078303635,"813-1597",0.268015665732047,0.731984334267953
"isoquant","TPM","Kidney","K34",0.419912094009713,4.71324471559682,10.2745857333318,8.19538565416613,9.41842017762234,"1597-2528",0.50042837617239,0.49957162382761
"isoquant","TPM","Kidney","K34",0.401916032182423,7.40273396505661,10.2745857333318,8.19538565416613,9.31196563930357,"191-575",0.79497006881248,0.20502993118752
"isoquant","TPM","Kidney","K34",0.148740885091988,4.83042313850227,10.2745857333318,8.19538565416613,9.33688359577145,"575-813",0.517348544506853,0.482651455493147
"isoquant","TPM","Kidney","K34",0.567639045686363,2.4737342558283,10.2745857333318,8.19538565416613,9.25533078303635,"813-1597",0.267276698566224,0.732723301433776
"isoquant","TPM","Kidney","K35",0.419912094009713,4.71334689053233,10.2745857333318,8.19538565416613,9.41842017762234,"1597-2528",0.500439224587898,0.499560775412102
"isoquant","TPM","Kidney","K35",0.401916032182423,7.36701796753201,10.2745857333318,8.19538565416613,9.31196563930357,"191-575",0.791134573825916,0.208865426174084
"isoquant","TPM","Kidney","K35",0.240273737456289,4.76637648934146,10.2745857333318,8.19538565416613,9.33688359577145,"575-813",0.510489012790101,0.489510987209899
"isoquant","TPM","Kidney","K35",0.567639045686363,2.46127149866598,10.2745857333318,8.19538565416613,9.25533078303635,"813-1597",0.265930149485,0.734069850515
"isoquant","cqn","B20K80","B20K80_1",0.628329842690881,4.10514643765025,10.941345882157,6.09156234168924,8.16963762182738,"1597-2528",0.502488191970994,0.497511808029006
"isoquant","cqn","B20K80","B20K80_1",0.105186742296605,7.29266923074281,10.941345882157,6.09156234168924,8.09259891597529,"191-575",0.9011529307781,0.0988470692218996
"isoquant","cqn","B20K80","B20K80_1",0.719225125938645,5.44736032836446,10.941345882157,6.09156234168924,8.61798746156121,"575-813",0.63209193012421,0.36790806987579
"isoquant","cqn","B20K80","B20K80_1",0.70216764228605,3.10620997871611,10.941345882157,6.09156234168924,8.82151092424315,"813-1597",0.352117682037854,0.647882317962146
"isoquant","cqn","B20K80","B20K80_2",0.620628149011319,4.08084746542589,10.941345882157,6.09156234168924,8.16963762182738,"1597-2528",0.499513889639708,0.500486110360292
"isoquant","cqn","B20K80","B20K80_2",0.105186742296605,6.89689896130796,10.941345882157,6.09156234168924,8.09259891597529,"191-575",0.852247718306299,0.147752281693701
"isoquant","cqn","B20K80","B20K80_2",0.701231867423154,4.7853992488247,10.941345882157,6.09156234168924,8.61798746156121,"575-813",0.555280367970946,0.444719632029054
"isoquant","cqn","B20K80","B20K80_2",0.708681256778499,2.92682260188656,10.941345882157,6.09156234168924,8.82151092424315,"813-1597",0.331782460739589,0.668217539260411
"isoquant","cqn","B20K80","B20K80_3",0.612926455331758,4.09342039772427,10.941345882157,6.09156234168924,8.16963762182738,"1597-2528",0.501052872502888,0.498947127497112
"isoquant","cqn","B20K80","B20K80_3",0.098999286867393,6.9438833198115,10.941345882157,6.09156234168924,8.09259891597529,"191-575",0.858053561273604,0.141946438726396
"isoquant","cqn","B20K80","B20K80_3",0.716619133887063,4.85238854928864,10.941345882157,6.09156234168924,8.61798746156121,"575-813",0.563053563367519,0.436946436632481
"isoquant","cqn","B20K80","B20K80_3",0.740794993109039,2.97845843275822,10.941345882157,6.09156234168924,8.82151092424315,"813-1597",0.337635860606698,0.662364139393302
"isoquant","cqn","B20K80","B20K80_4",0.620628149011319,4.07414249066651,10.941345882157,6.09156234168924,8.16963762182738,"1597-2528",0.498693170891858,0.501306829108142
"isoquant","cqn","B20K80","B20K80_4",0.105186742296605,6.85560151875094,10.941345882157,6.09156234168924,8.09259891597529,"191-575",0.847144605822186,0.152855394177814
"isoquant","cqn","B20K80","B20K80_4",0.711922185055671,4.71067775676712,10.941345882157,6.09156234168924,8.61798746156121,"575-813",0.546609957113322,0.453390042886678
"isoquant","cqn","B20K80","B20K80_4",0.740794993109039,2.86847988498523,10.941345882157,6.09156234168924,8.82151092424315,"813-1597",0.325168773197584,0.674831226802416
"isoquant","cqn","B20K80","B20K80_5",0.612926455331758,4.10234123136905,10.941345882157,6.09156234168924,8.16963762182738,"1597-2528",0.502144822238938,0.497855177761062
"isoquant","cqn","B20K80","B20K80_5",0.105116500724634,7.13803897025369,10.941345882157,6.09156234168924,8.09259891597529,"191-575",0.8820453162658,0.1179546837342
"isoquant","cqn","B20K80","B20K80_5",0.734073112947486,5.09240664091538,10.941345882157,6.09156234168924,8.61798746156121,"575-813",0.590904391962628,0.409095608037372
"isoquant","cqn","B20K80","B20K80_5",0.676472558668056,3.02385756755082,10.941345882157,6.09156234168924,8.82151092424315,"813-1597",0.34278227318641,0.65721772681359
"isoquant","cqn","B80K20","B80K20_1",NA,4.79002375518886,9.58147305098662,9.58147305098662,9.58147305098662,"1597-2528",0.49992560952782,0.50007439047218
"isoquant","cqn","B80K20","B80K20_1",NA,8.14967386368649,9.58147305098662,9.58147305098662,9.58147305098662,"191-575",0.850565859792018,0.149434140207982
"isoquant","cqn","B80K20","B80K20_1",NA,5.7937550058305,9.58147305098662,9.58147305098662,9.58147305098662,"575-813",0.60468311866033,0.39531688133967
"isoquant","cqn","B80K20","B80K20_1",NA,2.66908941111374,9.58147305098662,9.58147305098662,9.58147305098662,"813-1597",0.278567752255891,0.721432247744109
"isoquant","cqn","B80K20","B80K20_2",NA,4.79846180171143,9.58147305098662,9.58147305098662,9.58147305098662,"1597-2528",0.500806272289972,0.499193727710028
"isoquant","cqn","B80K20","B80K20_2",NA,8.03665185731384,9.58147305098662,9.58147305098662,9.58147305098662,"191-575",0.838769969351038,0.161230030648962
"isoquant","cqn","B80K20","B80K20_2",NA,5.69876526242814,9.58147305098662,9.58147305098662,9.58147305098662,"575-813",0.594769220985424,0.405230779014576
"isoquant","cqn","B80K20","B80K20_2",NA,2.66914188447506,9.58147305098662,9.58147305098662,9.58147305098662,"813-1597",0.278573228800159,0.721426771199841
"isoquant","cqn","B80K20","B80K20_3",NA,4.77258498008111,9.58147305098662,9.58147305098662,9.58147305098662,"1597-2528",0.498105557953812,0.501894442046188
"isoquant","cqn","B80K20","B80K20_3",NA,7.868691745197,9.58147305098662,9.58147305098662,9.58147305098662,"191-575",0.821240293984519,0.178759706015481
"isoquant","cqn","B80K20","B80K20_3",NA,5.2616576736417,9.58147305098662,9.58147305098662,9.58147305098662,"575-813",0.549149138722453,0.450850861277547
"isoquant","cqn","B80K20","B80K20_3",NA,2.55842328125375,9.58147305098662,9.58147305098662,9.58147305098662,"813-1597",0.267017740136555,0.732982259863445
"isoquant","cqn","B80K20","B80K20_4",NA,4.79616853914179,9.58147305098662,9.58147305098662,9.58147305098662,"1597-2528",0.500566928865694,0.499433071134306
"isoquant","cqn","B80K20","B80K20_4",NA,8.09188145033638,9.58147305098662,9.58147305098662,9.58147305098662,"191-575",0.844534176245806,0.155465823754194
"isoquant","cqn","B80K20","B80K20_4",NA,5.88255093848241,9.58147305098662,9.58147305098662,9.58147305098662,"575-813",0.613950580164359,0.386049419835641
"isoquant","cqn","B80K20","B80K20_4",NA,2.72675637958496,9.58147305098662,9.58147305098662,9.58147305098662,"813-1597",0.284586343360239,0.715413656639761
"isoquant","cqn","B80K20","B80K20_5",NA,4.78531160789447,9.58147305098662,9.58147305098662,9.58147305098662,"1597-2528",0.499433811735421,0.500566188264579
"isoquant","cqn","B80K20","B80K20_5",NA,8.02664852169743,9.58147305098662,9.58147305098662,9.58147305098662,"191-575",0.837725940362679,0.162274059637321
"isoquant","cqn","B80K20","B80K20_5",NA,5.43697575204566,9.58147305098662,9.58147305098662,9.58147305098662,"575-813",0.567446750944606,0.432553249055394
"isoquant","cqn","B80K20","B80K20_5",NA,2.59903756715179,9.58147305098662,9.58147305098662,9.58147305098662,"813-1597",0.271256575405612,0.728743424594388
"isoquant","cqn","Brain","B31",NA,4.79435005232085,9.58147305098662,9.58147305098662,9.58147305098662,"1597-2528",0.50037713687742,0.49962286312258
"isoquant","cqn","Brain","B31",NA,7.63261098194324,9.58147305098662,9.58147305098662,9.58147305098662,"191-575",0.796600996665883,0.203399003334117
"isoquant","cqn","Brain","B31",NA,4.59616046887554,9.58147305098662,9.58147305098662,9.58147305098662,"575-813",0.479692469458259,0.520307530541741
"isoquant","cqn","Brain","B31",NA,2.48569958961497,9.58147305098662,9.58147305098662,9.58147305098662,"813-1597",0.259427707659107,0.740572292340893
"isoquant","cqn","Brain","B32",NA,4.78713379539776,9.58147305098662,9.58147305098662,9.58147305098662,"1597-2528",0.499623989956828,0.500376010043172
"isoquant","cqn","Brain","B32",NA,7.58646352377064,9.58147305098662,9.58147305098662,9.58147305098662,"191-575",0.79178467479898,0.20821532520102
"isoquant","cqn","Brain","B32",NA,4.43959225128617,9.58147305098662,9.58147305098662,9.58147305098662,"575-813",0.463351744315454,0.536648255684546
"isoquant","cqn","Brain","B32",NA,2.44313269671153,9.58147305098662,9.58147305098662,9.58147305098662,"813-1597",0.254985082534878,0.745014917465122
"isoquant","cqn","Brain","B33",NA,4.79490102176058,9.58147305098662,9.58147305098662,9.58147305098662,"1597-2528",0.500434640503094,0.499565359496906
"isoquant","cqn","Brain","B33",NA,7.61784380186716,9.58147305098662,9.58147305098662,9.58147305098662,"191-575",0.795059774350953,0.204940225649047
"isoquant","cqn","Brain","B33",NA,4.52685392969721,9.58147305098662,9.58147305098662,9.58147305098662,"575-813",0.47245907864147,0.52754092135853
"isoquant","cqn","Brain","B33",NA,2.46334135243436,9.58147305098662,9.58147305098662,9.58147305098662,"813-1597",0.257094221246148,0.742905778753852
"isoquant","cqn","Brain","B34",NA,4.77992598951369,9.58147305098662,9.58147305098662,9.58147305098662,"1597-2528",0.498871725055,0.501128274945
"isoquant","cqn","Brain","B34",NA,7.6242975604053,9.58147305098662,9.58147305098662,9.58147305098662,"191-575",0.7957333407748,0.2042666592252
"isoquant","cqn","Brain","B34",NA,4.46407845954437,9.58147305098662,9.58147305098662,9.58147305098662,"575-813",0.465907322996091,0.534092677003909
"isoquant","cqn","Brain","B34",NA,2.45240939197283,9.58147305098662,9.58147305098662,9.58147305098662,"813-1597",0.25595327346042,0.74404672653958
"isoquant","cqn","Brain","B35",NA,4.79088247586522,9.58147305098662,9.58147305098662,9.58147305098662,"1597-2528",0.500015232560916,0.499984767439084
"isoquant","cqn","Brain","B35",NA,7.65813103914605,9.58147305098662,9.58147305098662,9.58147305098662,"191-575",0.799264476181716,0.200735523818284
"isoquant","cqn","Brain","B35",NA,4.58216914789534,9.58147305098662,9.58147305098662,9.58147305098662,"575-813",0.478232222071897,0.521767777928103
"isoquant","cqn","Brain","B35",NA,2.46711203630206,9.58147305098662,9.58147305098662,9.58147305098662,"813-1597",0.257487760302996,0.742512239697004
"isoquant","cqn","Kidney","K31",0.407109896021612,4.74116450098187,10.2745857333318,8.19538565416613,9.41842017762234,"1597-2528",0.503392757125725,0.496607242874275
"isoquant","cqn","Kidney","K31",0.411809349897683,7.37761081408758,10.2745857333318,8.19538565416613,9.31196563930357,"191-575",0.792272125978263,0.207727874021737
"isoquant","cqn","Kidney","K31",0.183291572432925,4.64939443500741,10.2745857333318,8.19538565416613,9.33688359577145,"575-813",0.497959987111016,0.502040012888984
"isoquant","cqn","Kidney","K31",0.351519592512198,2.56568422460293,10.2745857333318,8.19538565416613,9.25533078303635,"813-1597",0.277211510290421,0.722788489709579
"isoquant","cqn","Kidney","K32",0.428873632601383,4.73616296789789,10.2745857333318,8.19538565416613,9.41842017762234,"1597-2528",0.502861719755375,0.497138280244625
"isoquant","cqn","Kidney","K32",0.411809349897683,7.27678987406623,10.2745857333318,8.19538565416613,9.31196563930357,"191-575",0.781445095045524,0.218554904954476
"isoquant","cqn","Kidney","K32",0.227560841294581,4.40561926121538,10.2745857333318,8.19538565416613,9.33688359577145,"575-813",0.471851149907302,0.528148850092698
"isoquant","cqn","Kidney","K32",0.57840896692951,2.44144950854363,10.2745857333318,8.19538565416613,9.25533078303635,"813-1597",0.263788465888052,0.736211534111948
"isoquant","cqn","Kidney","K33",0.394307698033511,4.73479456711915,10.2745857333318,8.19538565416613,9.41842017762234,"1597-2528",0.502716429913455,0.497283570086545
"isoquant","cqn","Kidney","K33",0.411809349897683,7.27980825597366,10.2745857333318,8.19538565416613,9.31196563930357,"191-575",0.78176923519212,0.21823076480788
"isoquant","cqn","Kidney","K33",0.244238045521737,4.44610513661585,10.2745857333318,8.19538565416613,9.33688359577145,"575-813",0.47618727287437,0.52381272712563
"isoquant","cqn","Kidney","K33",0.429635057514908,2.48764910244879,10.2745857333318,8.19538565416613,9.25533078303635,"813-1597",0.268780139874448,0.731219860125552
"isoquant","cqn","Kidney","K34",0.407109896021612,4.72431424270289,10.2745857333318,8.19538565416613,9.41842017762234,"1597-2528",0.501603682316871,0.498396317683129
"isoquant","cqn","Kidney","K34",0.368526084893422,7.28760189342013,10.2745857333318,8.19538565416613,9.31196563930357,"191-575",0.782606183882478,0.217393816117522
"isoquant","cqn","Kidney","K34",0.165267650102209,4.36316449102447,10.2745857333318,8.19538565416613,9.33688359577145,"575-813",0.467304154139877,0.532695845860123
"isoquant","cqn","Kidney","K34",0.516863993434602,2.41652557155738,10.2745857333318,8.19538565416613,9.25533078303635,"813-1597",0.261095538150458,0.738904461849542
"isoquant","cqn","Kidney","K35",0.355901104069208,4.73009896370002,10.2745857333318,8.19538565416613,9.41842017762234,"1597-2528",0.502217874600507,0.497782125399493
"isoquant","cqn","Kidney","K35",0.401916032182423,7.32755200291834,10.2745857333318,8.19538565416613,9.31196563930357,"191-575",0.786896374702082,0.213103625297918
"isoquant","cqn","Kidney","K35",0.225018262062239,4.46840700117677,10.2745857333318,8.19538565416613,9.33688359577145,"575-813",0.478575849783588,0.521424150216412
"isoquant","cqn","Kidney","K35",0.41661581334779,2.44790397135269,10.2745857333318,8.19538565416613,9.25533078303635,"813-1597",0.264485843751725,0.735514156248275
"isoquant","ratio_counts","B20K80","B20K80_1",0.573191717345208,4.02830050609858,10.9180949312313,6.06836418053216,8.21407479297787,"1597-2528",0.490414393297506,0.509585606702494
"isoquant","ratio_counts","B20K80","B20K80_1",0.610835246179683,7.19300075235791,10.9180949312313,6.06836418053216,8.18120735854307,"191-575",0.879210174870675,0.120789825129325
"isoquant","ratio_counts","B20K80","B20K80_1",0.844873861211853,4.02362575563293,10.9180949312313,6.06836418053216,8.6455040813761,"575-813",0.465400943399068,0.534599056600932
"isoquant","ratio_counts","B20K80","B20K80_1",0.785060423277241,2.33631530677521,10.9180949312313,6.06836418053216,8.89977005200642,"813-1597",0.262514120378706,0.737485879621294
"isoquant","ratio_counts","B20K80","B20K80_2",0.573191717345208,4.01082599852977,10.9180949312313,6.06836418053216,8.21407479297787,"1597-2528",0.488287007315612,0.511712992684388
"isoquant","ratio_counts","B20K80","B20K80_2",0.309597688081704,6.91023608543931,10.9180949312313,6.06836418053216,8.18120735854307,"191-575",0.844647468594403,0.155352531405597
"isoquant","ratio_counts","B20K80","B20K80_2",0.847763561285817,4.29600183924965,10.9180949312313,6.06836418053216,8.6455040813761,"575-813",0.496905882966844,0.503094117033156
"isoquant","ratio_counts","B20K80","B20K80_2",0.785060423277241,2.32004700987916,10.9180949312313,6.06836418053216,8.89977005200642,"813-1597",0.260686174622693,0.739313825377307
"isoquant","ratio_counts","B20K80","B20K80_3",0.588493832157538,4.02863283882442,10.9180949312313,6.06836418053216,8.21407479297787,"1597-2528",0.490454852233444,0.509545147766556
"isoquant","ratio_counts","B20K80","B20K80_3",0.309597688081704,6.9045427355755,10.9180949312313,6.06836418053216,8.18120735854307,"191-575",0.84395156276849,0.15604843723151
"isoquant","ratio_counts","B20K80","B20K80_3",0.868503954222473,4.28419325173885,10.9180949312313,6.06836418053216,8.6455040813761,"575-813",0.495540018420411,0.504459981579589
"isoquant","ratio_counts","B20K80","B20K80_3",0.785060423277241,2.33680911078149,10.9180949312313,6.06836418053216,8.89977005200642,"813-1597",0.262569605408475,0.737430394591525
"isoquant","ratio_counts","B20K80","B20K80_4",0.588493832157538,4.00464020248866,10.9180949312313,6.06836418053216,8.21407479297787,"1597-2528",0.487533934547588,0.512466065452412
"isoquant","ratio_counts","B20K80","B20K80_4",0.309597688081704,6.90289691802316,10.9180949312313,6.06836418053216,8.18120735854307,"191-575",0.84375039227125,0.15624960772875
"isoquant","ratio_counts","B20K80","B20K80_4",0.824329815954422,4.02950310244285,10.9180949312313,6.06836418053216,8.6455040813761,"575-813",0.466080758798447,0.533919241201553
"isoquant","ratio_counts","B20K80","B20K80_4",0.785060423277241,2.34112655566756,10.9180949312313,6.06836418053216,8.89977005200642,"813-1597",0.26305472410939,0.73694527589061
"isoquant","ratio_counts","B20K80","B20K80_5",0.588493832157538,4.00575269146175,10.9180949312313,6.06836418053216,8.21407479297787,"1597-2528",0.487669371465454,0.512330628534545
"isoquant","ratio_counts","B20K80","B20K80_5",0.309597688081704,6.89956051857663,10.9180949312313,6.06836418053216,8.18120735854307,"191-575",0.843342579670944,0.156657420329056
"isoquant","ratio_counts","B20K80","B20K80_5",0.824304197633902,3.76779373088628,10.9180949312313,6.06836418053216,8.6455040813761,"575-813",0.435809606406034,0.564190393593966
"isoquant","ratio_counts","B20K80","B20K80_5",0.785060423277241,2.34575769414093,10.9180949312313,6.06836418053216,8.89977005200642,"813-1597",0.263575090191469,0.736424909808531
"isoquant","ratio_counts","B80K20","B80K20_1",-0.0284819858145136,4.71055775292693,9.7768967577031,9.4892565973559,9.55693663508465,"1597-2528",0.49289410747309,0.50710589252691
"isoquant","ratio_counts","B80K20","B80K20_1",-0.612112239195543,7.56526382434404,9.7768967577031,9.4892565973559,9.60111665971314,"191-575",0.787956660925529,0.212043339074471
"isoquant","ratio_counts","B80K20","B80K20_1",0.0631490460526417,4.03501820241245,9.7768967577031,9.4892565973559,9.54001662565246,"575-813",0.422957145751985,0.577042854248015
"isoquant","ratio_counts","B80K20","B80K20_1",0.452267016866645,2.35407774327149,9.7768967577031,9.4892565973559,9.59077665394903,"813-1597",0.245452253577628,0.754547746422372
"isoquant","ratio_counts","B80K20","B80K20_2",0,4.6883881438045,9.7768967577031,9.4892565973559,9.55693663508465,"1597-2528",0.490574367375511,0.509425632624489
"isoquant","ratio_counts","B80K20","B80K20_2",-0.612112239195543,7.56898338839858,9.7768967577031,9.4892565973559,9.60111665971314,"191-575",0.788344070451564,0.211655929548436
"isoquant","ratio_counts","B80K20","B80K20_2",0.157872615131604,4.0522399899728,9.7768967577031,9.4892565973559,9.54001662565246,"575-813",0.424762361427819,0.575237638572181
"isoquant","ratio_counts","B80K20","B80K20_2",0.82915619758885,2.31784782011389,9.7768967577031,9.4892565973559,9.59077665394903,"813-1597",0.241674673881548,0.758325326118452
"isoquant","ratio_counts","B80K20","B80K20_3",0.0284819858145136,4.67691156569563,9.7768967577031,9.4892565973559,9.55693663508465,"1597-2528",0.489373503694284,0.510626496305716
"isoquant","ratio_counts","B80K20","B80K20_3",-0.612112239195543,7.56339367760687,9.7768967577031,9.4892565973559,9.60111665971314,"191-575",0.787761876630801,0.212238123369199
"isoquant","ratio_counts","B80K20","B80K20_3",0.252596184210567,4.04231464974086,9.7768967577031,9.4892565973559,9.54001662565246,"575-813",0.423721971183085,0.576278028816915
"isoquant","ratio_counts","B80K20","B80K20_3",0.452267016866645,2.36699458313989,9.7768967577031,9.4892565973559,9.59077665394903,"813-1597",0.24679905168736,0.753200948312641
"isoquant","ratio_counts","B80K20","B80K20_4",-0.0569639716290273,4.70268752927287,9.7768967577031,9.4892565973559,9.55693663508465,"1597-2528",0.492070598439331,0.507929401560669
"isoquant","ratio_counts","B80K20","B80K20_4",-0.612112239195543,7.56575544505961,9.7768967577031,9.4892565973559,9.60111665971314,"191-575",0.788007865460689,0.211992134539311
"isoquant","ratio_counts","B80K20","B80K20_4",0.252596184210567,4.06770891267565,9.7768967577031,9.4892565973559,9.54001662565246,"575-813",0.426383838969196,0.573616161030804
"isoquant","ratio_counts","B80K20","B80K20_4",0.577896743774047,2.3292977119997,9.7768967577031,9.4892565973559,9.59077665394903,"813-1597",0.242868517956844,0.757131482043156
"isoquant","ratio_counts","B80K20","B80K20_5",0,4.67904202033388,9.7768967577031,9.4892565973559,9.55693663508465,"1597-2528",0.489596426030132,0.510403573969868
"isoquant","ratio_counts","B80K20","B80K20_5",-0.612112239195543,7.56326042154587,9.7768967577031,9.4892565973559,9.60111665971314,"191-575",0.787747997405527,0.212252002594473
"isoquant","ratio_counts","B80K20","B80K20_5",0.189447138157925,4.05231187297741,9.7768967577031,9.4892565973559,9.54001662565246,"575-813",0.424769896320832,0.575230103679168
"isoquant","ratio_counts","B80K20","B80K20_5",0.502518907629606,2.34244654149743,9.7768967577031,9.4892565973559,9.59077665394903,"813-1597",0.244239504892747,0.755760495107253
"isoquant","ratio_counts","Brain","B31",0,4.68391266795058,9.7768967577031,9.4892565973559,9.55693663508465,"1597-2528",0.490106071306926,0.509893928693074
"isoquant","ratio_counts","Brain","B31",-0.612112239195543,7.57076056403951,9.7768967577031,9.4892565973559,9.60111665971314,"191-575",0.788529171383457,0.211470828616543
"isoquant","ratio_counts","Brain","B31",0.0947235690789626,4.05751528595913,9.7768967577031,9.4892565973559,9.54001662565246,"575-813",0.425315326500453,0.574684673499547
"isoquant","ratio_counts","Brain","B31",0.82915619758885,2.32595719870289,9.7768967577031,9.4892565973559,9.59077665394903,"813-1597",0.242520213182649,0.757479786817351
"isoquant","ratio_counts","Brain","B32",0,4.67940988673608,9.7768967577031,9.4892565973559,9.55693663508465,"1597-2528",0.489634918113552,0.510365081886448
"isoquant","ratio_counts","Brain","B32",-0.612112239195543,7.57535567570454,9.7768967577031,9.4892565973559,9.60111665971314,"191-575",0.789007773178216,0.210992226821784
"isoquant","ratio_counts","Brain","B32",0.252596184210567,4.0567421298789,9.7768967577031,9.4892565973559,9.54001662565246,"575-813",0.42523428302741,0.57476571697259
"isoquant","ratio_counts","Brain","B32",0.678400525299968,2.32416842220177,9.7768967577031,9.4892565973559,9.59077665394903,"813-1597",0.24233370310472,0.75766629689528
"isoquant","ratio_counts","Brain","B33",-0.0569639716290273,4.6864417112648,9.7768967577031,9.4892565973559,9.55693663508465,"1597-2528",0.49037070038325,0.50962929961675
"isoquant","ratio_counts","Brain","B33",-0.612112239195543,7.56839927580592,9.7768967577031,9.4892565973559,9.60111665971314,"191-575",0.788283232466425,0.211716767533575
"isoquant","ratio_counts","Brain","B33",0.126298092105283,4.04452588879001,9.7768967577031,9.4892565973559,9.54001662565246,"575-813",0.423953756842997,0.576046243157003
"isoquant","ratio_counts","Brain","B33",0.80403025220737,2.32369236776083,9.7768967577031,9.4892565973559,9.59077665394903,"813-1597",0.242284066411248,0.757715933588752
"isoquant","ratio_counts","Brain","B34",-0.0569639716290273,4.69939757191884,9.7768967577031,9.4892565973559,9.55693663508465,"1597-2528",0.491726350331423,0.508273649668577
"isoquant","ratio_counts","Brain","B34",-0.612112239195543,7.56639244667458,9.7768967577031,9.4892565973559,9.60111665971314,"191-575",0.788074212078228,0.211925787921772
"isoquant","ratio_counts","Brain","B34",0.252596184210567,4.03396163663902,9.7768967577031,9.4892565973559,9.54001662565246,"575-813",0.422846394815704,0.577153605184296
"isoquant","ratio_counts","Brain","B34",0.753778361444409,2.3389375210817,9.7768967577031,9.4892565973559,9.59077665394903,"813-1597",0.243873630413304,0.756126369586696
"isoquant","ratio_counts","Brain","B35",-0.0569639716290273,4.69552257763529,9.7768967577031,9.4892565973559,9.55693663508465,"1597-2528",0.491320886276201,0.508679113723799
"isoquant","ratio_counts","Brain","B35",-0.612112239195543,7.56701065186285,9.7768967577031,9.4892565973559,9.60111665971314,"191-575",0.788138600962373,0.211861399037627
"isoquant","ratio_counts","Brain","B35",0.237688711198928,4.65522419520054,9.7768967577031,9.4892565973559,9.54001662565246,"575-813",0.48796814281046,0.51203185718954
"isoquant","ratio_counts","Brain","B35",0.552770798392567,2.32814612152881,9.7768967577031,9.4892565973559,9.59077665394903,"813-1597",0.242748445254451,0.757251554745549
"isoquant","ratio_counts","Kidney","K31",0.586340667855025,4.65711949521966,10.2274130787615,8.14822466148066,9.4389271292331,"1597-2528",0.49339500469245,0.50660499530755
"isoquant","ratio_counts","Kidney","K31",0.421702667612943,7.26768975208613,10.2274130787615,8.14822466148066,9.37665041323118,"191-575",0.775083791311112,0.224916208688888
"isoquant","ratio_counts","Kidney","K31",0.530127769943241,4.06771681112654,10.2274130787615,8.14822466148066,9.34047204236471,"575-813",0.43549370874159,0.56450629125841
"isoquant","ratio_counts","Kidney","K31",0.598885231687448,2.32472311109594,10.2274130787615,8.14822466148066,9.3096759207744,"813-1597",0.249710422884685,0.750289577115315
"isoquant","ratio_counts","Kidney","K32",0.586340667855025,4.64855310281052,10.2274130787615,8.14822466148066,9.4389271292331,"1597-2528",0.492487444723838,0.507512555276162
"isoquant","ratio_counts","Kidney","K32",0.421702667612943,7.26650713721234,10.2274130787615,8.14822466148066,9.37665041323118,"191-575",0.774957667927849,0.225042332072151
"isoquant","ratio_counts","Kidney","K32",0.569537748044537,4.05978727691655,10.2274130787615,8.14822466148066,9.34047204236471,"575-813",0.43464476511497,0.56535523488503
"isoquant","ratio_counts","Kidney","K32",0.785060423277241,2.32131560807043,10.2274130787615,8.14822466148066,9.3096759207744,"813-1597",0.249344405522265,0.750655594477735
"isoquant","ratio_counts","Kidney","K33",0.576098909464545,4.64455841313879,10.2274130787615,8.14822466148066,9.4389271292331,"1597-2528",0.492064230346076,0.507935769653924
"isoquant","ratio_counts","Kidney","K33",0.421702667612943,7.26879712994232,10.2274130787615,8.14822466148066,9.37665041323118,"191-575",0.775201890825053,0.224798109174947
"isoquant","ratio_counts","Kidney","K33",0.579708064973903,4.05753370309059,10.2274130787615,8.14822466148066,9.34047204236471,"575-813",0.434403495314499,0.5655965046855
"isoquant","ratio_counts","Kidney","K33",0.581960214270194,2.33196452120404,10.2274130787615,8.14822466148066,9.3096759207744,"813-1597",0.250488259854491,0.749511740145509
"isoquant","ratio_counts","Kidney","K34",0.606824184635987,4.6280306934537,10.2274130787615,8.14822466148066,9.4389271292331,"1597-2528",0.490313213577031,0.509686786422969
"isoquant","ratio_counts","Kidney","K34",0.411809349897683,7.27091369860283,10.2274130787615,8.14822466148066,9.37665041323118,"191-575",0.775427618410835,0.224572381589165
"isoquant","ratio_counts","Kidney","K34",0.491989081458115,4.07703074741522,10.2274130787615,8.14822466148066,9.34047204236471,"575-813",0.436490867798052,0.563509132201948
"isoquant","ratio_counts","Kidney","K34",0.751210388442733,2.40139557027219,10.2274130787615,8.14822466148066,9.3096759207744,"813-1597",0.257946204648598,0.742053795351402
"isoquant","ratio_counts","Kidney","K35",0.606824184635987,4.62651327836548,10.2274130787615,8.14822466148066,9.4389271292331,"1597-2528",0.490152452182494,0.509847547817506
"isoquant","ratio_counts","Kidney","K35",0.421702667612943,7.26661402221742,10.2274130787615,8.14822466148066,9.37665041323118,"191-575",0.77496906698832,0.22503093301168
"isoquant","ratio_counts","Kidney","K35",0.539026797256437,4.06526887298862,10.2274130787615,8.14822466148066,9.34047204236471,"575-813",0.435231630109288,0.564768369890712
"isoquant","ratio_counts","Kidney","K35",0.734285371025479,2.39449332510797,10.2274130787615,8.14822466148066,9.3096759207744,"813-1597",0.257204799123533,0.742795200876467
"kallisto","CPM","B20K80","B20K80_1",0.942761569885402,1.39490830614299,10.941345882157,6.09156234168924,8.16963762182738,"1597-2528",0.170742984048168,0.829257015951832
"kallisto","CPM","B20K80","B20K80_1",0.577915684419182,6.96066084556041,10.941345882157,6.09156234168924,8.09259891597529,"191-575",0.86012675505512,0.13987324494488
"kallisto","CPM","B20K80","B20K80_1",0.75633848044242,5.0103951034898,10.941345882157,6.09156234168924,8.61798746156121,"575-813",0.581388070687925,0.418611929312075
"kallisto","CPM","B20K80","B20K80_1",0.773817401702994,1.38268777963811,10.941345882157,6.09156234168924,8.82151092424315,"813-1597",0.156740471276664,0.843259528723336
"kallisto","CPM","B20K80","B20K80_2",0.942761569885402,1.40576958096456,10.941345882157,6.09156234168924,8.16963762182738,"1597-2528",0.172072452419268,0.827927547580732
"kallisto","CPM","B20K80","B20K80_2",0.346497504035875,6.58930813340768,10.941345882157,6.09156234168924,8.09259891597529,"191-575",0.814238812750251,0.185761187249749
"kallisto","CPM","B20K80","B20K80_2",0.761400774478729,5.05991442552401,10.941345882157,6.09156234168924,8.61798746156121,"575-813",0.58713411316653,0.41286588683347
"kallisto","CPM","B20K80","B20K80_2",0.835835475529003,1.16537051602959,10.941345882157,6.09156234168924,8.82151092424315,"813-1597",0.132105545868218,0.867894454131782
"kallisto","CPM","B20K80","B20K80_3",0.927452856977926,1.37751712712797,10.941345882157,6.09156234168924,8.16963762182738,"1597-2528",0.168614226345555,0.831385773654445
"kallisto","CPM","B20K80","B20K80_3",0.340537756928299,6.81912947357416,10.941345882157,6.09156234168924,8.09259891597529,"191-575",0.842637766232647,0.157362233767353
"kallisto","CPM","B20K80","B20K80_3",0.761400774478729,5.34783242536238,10.941345882157,6.09156234168924,8.61798746156121,"575-813",0.620543073335313,0.379456926664687
"kallisto","CPM","B20K80","B20K80_3",0.795475818610936,1.39755402916416,10.941345882157,6.09156234168924,8.82151092424315,"813-1597",0.158425698405409,0.841574301594591
"kallisto","CPM","B20K80","B20K80_4",0.935107213431664,1.28676051988847,10.941345882157,6.09156234168924,8.16963762182738,"1597-2528",0.157505213750307,0.842494786249693
"kallisto","CPM","B20K80","B20K80_4",0.331074706819901,6.67535875329774,10.941345882157,6.09156234168924,8.09259891597529,"191-575",0.824872061819371,0.175127938180629
"kallisto","CPM","B20K80","B20K80_4",0.719288115691018,4.79233958444548,10.941345882157,6.09156234168924,8.61798746156121,"575-813",0.556085699337664,0.443914300662336
"kallisto","CPM","B20K80","B20K80_4",0.817608533695037,1.08144080791533,10.941345882157,6.09156234168924,8.82151092424315,"813-1597",0.122591335792979,0.877408664207021
"kallisto","CPM","B20K80","B20K80_5",0.935107213431664,1.28444984792229,10.941345882157,6.09156234168924,8.16963762182738,"1597-2528",0.1572223772191,0.8427776227809
"kallisto","CPM","B20K80","B20K80_5",0.378419402608682,6.719348045574,10.941345882157,6.09156234168924,8.09259891597529,"191-575",0.830307805358992,0.169692194641008
"kallisto","CPM","B20K80","B20K80_5",0.770886074250972,4.95854889662571,10.941345882157,6.09156234168924,8.61798746156121,"575-813",0.575372024935325,0.424627975064675
"kallisto","CPM","B20K80","B20K80_5",0.785060423277241,1.20221642471066,10.941345882157,6.09156234168924,8.82151092424315,"813-1597",0.136282371017276,0.863717628982724
"kallisto","CPM","B80K20","B80K20_1",NA,1.20804838108236,9.58147305098662,9.58147305098662,9.58147305098662,"1597-2528",0.126081696901288,0.873918303098712
"kallisto","CPM","B80K20","B80K20_1",NA,7.57318486840866,9.58147305098662,9.58147305098662,9.58147305098662,"191-575",0.790398806958898,0.209601193041102
"kallisto","CPM","B80K20","B80K20_1",NA,5.81937981375697,9.58147305098662,9.58147305098662,9.58147305098662,"575-813",0.607357530808662,0.392642469191338
"kallisto","CPM","B80K20","B80K20_1",NA,1.43636300773118,9.58147305098662,9.58147305098662,9.58147305098662,"813-1597",0.149910457409603,0.850089542590397
"kallisto","CPM","B80K20","B80K20_2",NA,1.22485966277282,9.58147305098662,9.58147305098662,9.58147305098662,"1597-2528",0.127836258188577,0.872163741811423
"kallisto","CPM","B80K20","B80K20_2",NA,7.07471484030451,9.58147305098662,9.58147305098662,9.58147305098662,"191-575",0.738374444373771,0.261625555626229
"kallisto","CPM","B80K20","B80K20_2",NA,5.5049752727462,9.58147305098662,9.58147305098662,9.58147305098662,"575-813",0.574543730744965,0.425456269255035
"kallisto","CPM","B80K20","B80K20_2",NA,1.25046043669226,9.58147305098662,9.58147305098662,9.58147305098662,"813-1597",0.130508161953604,0.869491838046396
"kallisto","CPM","B80K20","B80K20_3",NA,1.14174391896984,9.58147305098662,9.58147305098662,9.58147305098662,"1597-2528",0.119161627120819,0.880838372879181
"kallisto","CPM","B80K20","B80K20_3",NA,7.17543819501803,9.58147305098662,9.58147305098662,9.58147305098662,"191-575",0.748886748085062,0.251113251914938
"kallisto","CPM","B80K20","B80K20_3",NA,5.50074626719553,9.58147305098662,9.58147305098662,9.58147305098662,"575-813",0.574102357531456,0.425897642468544
"kallisto","CPM","B80K20","B80K20_3",NA,1.13226292261218,9.58147305098662,9.58147305098662,9.58147305098662,"813-1597",0.118172113680953,0.881827886319047
"kallisto","CPM","B80K20","B80K20_4",NA,1.26091734161368,9.58147305098662,9.58147305098662,9.58147305098662,"1597-2528",0.131599529102035,0.868400470897965
"kallisto","CPM","B80K20","B80K20_4",NA,7.26953186338583,9.58147305098662,9.58147305098662,9.58147305098662,"191-575",0.758707124124017,0.241292875875983
"kallisto","CPM","B80K20","B80K20_4",NA,5.81170443939253,9.58147305098662,9.58147305098662,9.58147305098662,"575-813",0.606556466679629,0.393443533320371
"kallisto","CPM","B80K20","B80K20_4",NA,1.52427344403058,9.58147305098662,9.58147305098662,9.58147305098662,"813-1597",0.159085501354473,0.840914498645527
"kallisto","CPM","B80K20","B80K20_5",NA,1.18276800311606,9.58147305098662,9.58147305098662,9.58147305098662,"1597-2528",0.12344323224854,0.87655676775146
"kallisto","CPM","B80K20","B80K20_5",NA,7.19606238027012,9.58147305098662,9.58147305098662,9.58147305098662,"191-575",0.75103925481783,0.24896074518217
"kallisto","CPM","B80K20","B80K20_5",NA,5.46742081161115,9.58147305098662,9.58147305098662,9.58147305098662,"575-813",0.570624243528834,0.429375756471166
"kallisto","CPM","B80K20","B80K20_5",NA,1.24127319017727,9.58147305098662,9.58147305098662,9.58147305098662,"813-1597",0.129549306622477,0.870450693377522
"kallisto","CPM","Brain","B31",NA,1.22072036997797,9.58147305098662,9.58147305098662,9.58147305098662,"1597-2528",0.127404248123651,0.872595751876349
"kallisto","CPM","Brain","B31",NA,7.01680758104632,9.58147305098662,9.58147305098662,9.58147305098662,"191-575",0.732330774579988,0.267669225420012
"kallisto","CPM","Brain","B31",NA,5.55133832141164,9.58147305098662,9.58147305098662,9.58147305098662,"575-813",0.579382553378889,0.420617446621111
"kallisto","CPM","Brain","B31",NA,1.11094029045436,9.58147305098662,9.58147305098662,9.58147305098662,"813-1597",0.115946711381708,0.884053288618292
"kallisto","CPM","Brain","B32",NA,1.19715349512887,9.58147305098662,9.58147305098662,9.58147305098662,"1597-2528",0.124944618510991,0.875055381489009
"kallisto","CPM","Brain","B32",NA,6.86535023449888,9.58147305098662,9.58147305098662,9.58147305098662,"191-575",0.716523461263813,0.283476538736187
"kallisto","CPM","Brain","B32",NA,5.34163593041446,9.58147305098662,9.58147305098662,9.58147305098662,"575-813",0.557496316275129,0.442503683724871
"kallisto","CPM","Brain","B32",NA,1.01369695556661,9.58147305098662,9.58147305098662,9.58147305098662,"813-1597",0.105797610677643,0.894202389322357
"kallisto","CPM","Brain","B33",NA,1.2464821915896,9.58147305098662,9.58147305098662,9.58147305098662,"1597-2528",0.130092960128009,0.869907039871991
"kallisto","CPM","Brain","B33",NA,7.04451448417541,9.58147305098662,9.58147305098662,9.58147305098662,"191-575",0.73522249101875,0.26477750898125
"kallisto","CPM","Brain","B33",NA,5.56464155630291,9.58147305098662,9.58147305098662,9.58147305098662,"575-813",0.58077098653739,0.41922901346261
"kallisto","CPM","Brain","B33",NA,1.22715289233113,9.58147305098662,9.58147305098662,9.58147305098662,"813-1597",0.128075598167524,0.871924401832476
"kallisto","CPM","Brain","B34",NA,1.25186992093191,9.58147305098662,9.58147305098662,9.58147305098662,"1597-2528",0.130655267125445,0.869344732874555
"kallisto","CPM","Brain","B34",NA,7.37458179945939,9.58147305098662,9.58147305098662,9.58147305098662,"191-575",0.769670984849247,0.230329015150753
"kallisto","CPM","Brain","B34",NA,5.74221658261835,9.58147305098662,9.58147305098662,9.58147305098662,"575-813",0.599304152092466,0.400695847907534
"kallisto","CPM","Brain","B34",NA,1.39174392640147,9.58147305098662,9.58147305098662,9.58147305098662,"813-1597",0.145253649307938,0.854746350692062
"kallisto","CPM","Brain","B35",NA,1.2679478444219,9.58147305098662,9.58147305098662,9.58147305098662,"1597-2528",0.132333289221258,0.867666710778742
"kallisto","CPM","Brain","B35",NA,7.45275619261893,9.58147305098662,9.58147305098662,9.58147305098662,"191-575",0.777829896609844,0.222170103390156
"kallisto","CPM","Brain","B35",NA,5.63954710178849,9.58147305098662,9.58147305098662,9.58147305098662,"575-813",0.588588734923987,0.411411265076013
"kallisto","CPM","Brain","B35",NA,1.3810369146596,9.58147305098662,9.58147305098662,9.58147305098662,"813-1597",0.14413617898945,0.85586382101055
"kallisto","CPM","Kidney","K31",0.701065474284178,1.26548306973671,10.2745857333318,8.19538565416613,9.41842017762234,"1597-2528",0.134362562496779,0.865637437503221
"kallisto","CPM","Kidney","K31",0.541537075797054,6.98481280817907,10.2745857333318,8.19538565416613,9.31196563930357,"191-575",0.750090053886996,0.249909946113004
"kallisto","CPM","Kidney","K31",0.20161000499405,5.92783606227455,10.2745857333318,8.19538565416613,9.33688359577145,"575-813",0.634883791949509,0.365116208050491
"kallisto","CPM","Kidney","K31",0.652264132772633,1.6319492264892,10.2745857333318,8.19538565416613,9.25533078303635,"813-1597",0.176325326965117,0.823674673034883
"kallisto","CPM","Kidney","K32",0.711244283348195,1.2582242180288,10.2745857333318,8.19538565416613,9.41842017762234,"1597-2528",0.133591854504248,0.866408145495752
"kallisto","CPM","Kidney","K32",0.547534919655388,6.89964676581324,10.2745857333318,8.19538565416613,9.31196563930357,"191-575",0.740944182256374,0.259055817743626
"kallisto","CPM","Kidney","K32",0.227130258790766,5.84205368319574,10.2745857333318,8.19538565416613,9.33688359577145,"575-813",0.625696317542346,0.374303682457654
"kallisto","CPM","Kidney","K32",0.650962208355921,1.6077483214324,10.2745857333318,8.19538565416613,9.25533078303635,"813-1597",0.173710519820552,0.826289480179448
"kallisto","CPM","Kidney","K33",0.758321275269274,1.25460544709823,10.2745857333318,8.19538565416613,9.41842017762234,"1597-2528",0.133207631793611,0.866792368206389
"kallisto","CPM","Kidney","K33",0.524768394929592,6.90919987285322,10.2745857333318,8.19538565416613,9.31196563930357,"191-575",0.741970078120902,0.258029921879098
"kallisto","CPM","Kidney","K33",0.175669832873028,5.87052833646285,10.2745857333318,8.19538565416613,9.33688359577145,"575-813",0.628746013190261,0.371253986809739
"kallisto","CPM","Kidney","K33",0.623621795604973,1.50442354183675,10.2745857333318,8.19538565416613,9.25533078303635,"813-1597",0.162546707092753,0.837453292907247
"kallisto","CPM","Kidney","K34",0.734146603742234,1.17213373460551,10.2745857333318,8.19538565416613,9.41842017762234,"1597-2528",0.124451204395238,0.875548795604762
"kallisto","CPM","Kidney","K34",0.523334148879506,6.95858677583753,10.2745857333318,8.19538565416613,9.31196563930357,"191-575",0.747273674042246,0.252726325957754
"kallisto","CPM","Kidney","K34",0.0995289898071895,5.82891548454191,10.2745857333318,8.19538565416613,9.33688359577145,"575-813",0.624289188651955,0.375710811348045
"kallisto","CPM","Kidney","K34",0.650962208355921,1.22824543559002,10.2745857333318,8.19538565416613,9.25533078303635,"813-1597",0.132706811283418,0.867293188716582
"kallisto","CPM","Kidney","K35",0.734146603742234,1.17363245964551,10.2745857333318,8.19538565416613,9.41842017762234,"1597-2528",0.124610331405048,0.875389668594952
"kallisto","CPM","Kidney","K35",0.523334148879506,6.94395877215739,10.2745857333318,8.19538565416613,9.31196563930357,"191-575",0.745702791561924,0.254297208438076
"kallisto","CPM","Kidney","K35",0.136533357812427,5.78939401367469,10.2745857333318,8.19538565416613,9.33688359577145,"575-813",0.620056355452115,0.379943644547885
"kallisto","CPM","Kidney","K35",0.650962208355921,1.19388918242557,10.2745857333318,8.19538565416613,9.25533078303635,"813-1597",0.128994761009924,0.871005238990076
"kallisto","EDA","B20K80","B20K80_1",0.942761569885402,1.40876601525041,10.941345882157,6.09156234168924,8.16963762182738,"1597-2528",0.172439229310064,0.827560770689936
"kallisto","EDA","B20K80","B20K80_1",0.577915684419182,6.93303745292975,10.941345882157,6.09156234168924,8.09259891597529,"191-575",0.856713340783949,0.143286659216051
"kallisto","EDA","B20K80","B20K80_1",0.760503563142114,4.95167465974649,10.941345882157,6.09156234168924,8.61798746156121,"575-813",0.574574363426779,0.425425636573221
"kallisto","EDA","B20K80","B20K80_1",0.785060423277241,1.36076167734822,10.941345882157,6.09156234168924,8.82151092424315,"813-1597",0.15425494442325,0.84574505557675
"kallisto","EDA","B20K80","B20K80_2",0.942761569885402,1.38994730576152,10.941345882157,6.09156234168924,8.16963762182738,"1597-2528",0.170135735524903,0.829864264475097
"kallisto","EDA","B20K80","B20K80_2",0.346266120034088,6.55590923626908,10.941345882157,6.09156234168924,8.09259891597529,"191-575",0.810111721134149,0.189888278865851
"kallisto","EDA","B20K80","B20K80_2",0.771283362331898,4.99910484965937,10.941345882157,6.09156234168924,8.61798746156121,"575-813",0.580077990593148,0.419922009406852
"kallisto","EDA","B20K80","B20K80_2",0.852760492946257,1.09615449067364,10.941345882157,6.09156234168924,8.82151092424315,"813-1597",0.124259268064976,0.875740731935024
"kallisto","EDA","B20K80","B20K80_3",0.927452856977926,1.36229314975117,10.941345882157,6.09156234168924,8.16963762182738,"1597-2528",0.166750743767562,0.833249256232438
"kallisto","EDA","B20K80","B20K80_3",0.356159437749347,6.59172002842557,10.941345882157,6.09156234168924,8.09259891597529,"191-575",0.814536849888002,0.185463150111998
"kallisto","EDA","B20K80","B20K80_3",0.771283362331898,5.03267578093804,10.941345882157,6.09156234168924,8.61798746156121,"575-813",0.583973439667356,0.416026560332644
"kallisto","EDA","B20K80","B20K80_3",0.851458568529545,1.17144071751113,10.941345882157,6.09156234168924,8.82151092424315,"813-1597",0.13279365945031,0.86720634054969
"kallisto","EDA","B20K80","B20K80_4",0.935107213431664,1.31577175780541,10.941345882157,6.09156234168924,8.16963762182738,"1597-2528",0.161056318372062,0.838943681627938
"kallisto","EDA","B20K80","B20K80_4",0.346266120034088,6.52982742230417,10.941345882157,6.09156234168924,8.09259891597529,"191-575",0.806888799272369,0.193111200727631
"kallisto","EDA","B20K80","B20K80_4",0.72860324589622,4.57667079048919,10.941345882157,6.09156234168924,8.61798746156121,"575-813",0.53106027490786,0.46893972509214
"kallisto","EDA","B20K80","B20K80_4",0.89702592311446,1.03302350609175,10.941345882157,6.09156234168924,8.82151092424315,"813-1597",0.117102786015127,0.882897213984873
"kallisto","EDA","B20K80","B20K80_5",0.935107213431664,1.33928735723152,10.941345882157,6.09156234168924,8.16963762182738,"1597-2528",0.163934732386814,0.836065267613186
"kallisto","EDA","B20K80","B20K80_5",0.378419402608682,6.66379710679526,10.941345882157,6.09156234168924,8.09259891597529,"191-575",0.823443392658509,0.176556607341491
"kallisto","EDA","B20K80","B20K80_5",0.770401697153666,4.93412935247195,10.941345882157,6.09156234168924,8.61798746156121,"575-813",0.572538469622941,0.427461530377059
"kallisto","EDA","B20K80","B20K80_5",0.785060423277241,1.27488310115673,10.941345882157,6.09156234168924,8.82151092424315,"813-1597",0.144519812093993,0.855480187906007
"kallisto","EDA","B80K20","B80K20_1",NA,1.1782356797489,9.58147305098662,9.58147305098662,9.58147305098662,"1597-2528",0.12297020233518,0.87702979766482
"kallisto","EDA","B80K20","B80K20_1",NA,7.44839670520399,9.58147305098662,9.58147305098662,9.58147305098662,"191-575",0.777374905253949,0.222625094746051
"kallisto","EDA","B80K20","B80K20_1",NA,5.62998439475533,9.58147305098662,9.58147305098662,9.58147305098662,"575-813",0.587590693497342,0.412409306502658
"kallisto","EDA","B80K20","B80K20_1",NA,1.2569560711942,9.58147305098662,9.58147305098662,9.58147305098662,"813-1597",0.131186098891628,0.868813901108372
"kallisto","EDA","B80K20","B80K20_2",NA,1.18189476872248,9.58147305098662,9.58147305098662,9.58147305098662,"1597-2528",0.123352094446561,0.876647905553439
"kallisto","EDA","B80K20","B80K20_2",NA,6.99424804348686,9.58147305098662,9.58147305098662,9.58147305098662,"191-575",0.729976278831849,0.270023721168151
"kallisto","EDA","B80K20","B80K20_2",NA,5.37478766178735,9.58147305098662,9.58147305098662,9.58147305098662,"575-813",0.560956299014367,0.439043700985633
"kallisto","EDA","B80K20","B80K20_2",NA,1.06568958197811,9.58147305098662,9.58147305098662,9.58147305098662,"813-1597",0.111223981563918,0.888776018436082
"kallisto","EDA","B80K20","B80K20_3",NA,1.11413802312913,9.58147305098662,9.58147305098662,9.58147305098662,"1597-2528",0.116280452619381,0.883719547380619
"kallisto","EDA","B80K20","B80K20_3",NA,6.87191718358838,9.58147305098662,9.58147305098662,9.58147305098662,"191-575",0.717208841168818,0.282791158831182
"kallisto","EDA","B80K20","B80K20_3",NA,5.20444582589671,9.58147305098662,9.58147305098662,9.58147305098662,"575-813",0.543178047697039,0.456821952302961
"kallisto","EDA","B80K20","B80K20_3",NA,0.96270135661413,9.58147305098662,9.58147305098662,9.58147305098662,"813-1597",0.100475297638603,0.899524702361397
"kallisto","EDA","B80K20","B80K20_4",NA,1.21907741632848,9.58147305098662,9.58147305098662,9.58147305098662,"1597-2528",0.127232776196448,0.872767223803552
"kallisto","EDA","B80K20","B80K20_4",NA,7.03069949526922,9.58147305098662,9.58147305098662,9.58147305098662,"191-575",0.733780647073391,0.266219352926609
"kallisto","EDA","B80K20","B80K20_4",NA,5.50246441793915,9.58147305098662,9.58147305098662,9.58147305098662,"575-813",0.574281677635419,0.425718322364581
"kallisto","EDA","B80K20","B80K20_4",NA,1.23170687695423,9.58147305098662,9.58147305098662,9.58147305098662,"813-1597",0.128550888824699,0.871449111175302
"kallisto","EDA","B80K20","B80K20_5",NA,1.17019736387685,9.58147305098662,9.58147305098662,9.58147305098662,"1597-2528",0.122131258695796,0.877868741304204
"kallisto","EDA","B80K20","B80K20_5",NA,7.06015425281359,9.58147305098662,9.58147305098662,9.58147305098662,"191-575",0.736854783731463,0.263145216268537
"kallisto","EDA","B80K20","B80K20_5",NA,5.32819108608192,9.58147305098662,9.58147305098662,9.58147305098662,"575-813",0.556093103610333,0.443906896389667
"kallisto","EDA","B80K20","B80K20_5",NA,1.14040425880829,9.58147305098662,9.58147305098662,9.58147305098662,"813-1597",0.119021809354342,0.880978190645658
"kallisto","EDA","Brain","B31",NA,1.20634366647673,9.58147305098662,9.58147305098662,9.58147305098662,"1597-2528",0.125903779101326,0.874096220898674
"kallisto","EDA","Brain","B31",NA,7.07627708150917,9.58147305098662,9.58147305098662,9.58147305098662,"191-575",0.738537492497618,0.261462507502382
"kallisto","EDA","Brain","B31",NA,5.58208351925641,9.58147305098662,9.58147305098662,9.58147305098662,"575-813",0.582591370820754,0.417408629179246
"kallisto","EDA","Brain","B31",NA,1.07342359063231,9.58147305098662,9.58147305098662,9.58147305098662,"813-1597",0.112031165241526,0.887968834758474
"kallisto","EDA","Brain","B32",NA,1.17127778285265,9.58147305098662,9.58147305098662,9.58147305098662,"1597-2528",0.122244019955997,0.877755980044003
"kallisto","EDA","Brain","B32",NA,6.87906362667171,9.58147305098662,9.58147305098662,9.58147305098662,"191-575",0.717954701752603,0.282045298247397
"kallisto","EDA","Brain","B32",NA,5.32531627029936,9.58147305098662,9.58147305098662,9.58147305098662,"575-813",0.555793064590523,0.444206935409477
"kallisto","EDA","Brain","B32",NA,0.942343394347835,9.58147305098662,9.58147305098662,9.58147305098662,"813-1597",0.0983505760892163,0.901649423910784
"kallisto","EDA","Brain","B33",NA,1.21570859916392,9.58147305098662,9.58147305098662,9.58147305098662,"1597-2528",0.126881179198091,0.873118820801909
"kallisto","EDA","Brain","B33",NA,7.01411704336228,9.58147305098662,9.58147305098662,9.58147305098662,"191-575",0.732049968312547,0.267950031687453
"kallisto","EDA","Brain","B33",NA,5.48592388517609,9.58147305098662,9.58147305098662,9.58147305098662,"575-813",0.572555373895374,0.427444626104626
"kallisto","EDA","Brain","B33",NA,1.08519209417843,9.58147305098662,9.58147305098662,9.58147305098662,"813-1597",0.113259421427552,0.886740578572447
"kallisto","EDA","Brain","B34",NA,1.20349501507689,9.58147305098662,9.58147305098662,9.58147305098662,"1597-2528",0.125606470808053,0.874393529191947
"kallisto","EDA","Brain","B34",NA,7.09000799383686,9.58147305098662,9.58147305098662,9.58147305098662,"191-575",0.739970561531433,0.260029438468567
"kallisto","EDA","Brain","B34",NA,5.41371864672603,9.58147305098662,9.58147305098662,9.58147305098662,"575-813",0.565019451384729,0.434980548615271
"kallisto","EDA","Brain","B34",NA,1.09153510223149,9.58147305098662,9.58147305098662,9.58147305098662,"813-1597",0.113921429035288,0.886078570964712
"kallisto","EDA","Brain","B35",NA,1.2325280939942,9.58147305098662,9.58147305098662,9.58147305098662,"1597-2528",0.128636597675061,0.871363402324939
"kallisto","EDA","Brain","B35",NA,7.35256663232042,9.58147305098662,9.58147305098662,9.58147305098662,"191-575",0.767373303999776,0.232626696000224
"kallisto","EDA","Brain","B35",NA,5.46814563385955,9.58147305098662,9.58147305098662,9.58147305098662,"575-813",0.570699891839333,0.429300108160667
"kallisto","EDA","Brain","B35",NA,1.16471368676189,9.58147305098662,9.58147305098662,9.58147305098662,"813-1597",0.121558937813007,0.878441062186993
"kallisto","EDA","Kidney","K31",0.701065474284178,1.27416065833324,10.2745857333318,8.19538565416613,9.41842017762234,"1597-2528",0.135283904763622,0.864716095236378
"kallisto","EDA","Kidney","K31",0.541537075797054,7.18342980874278,10.2745857333318,8.19538565416613,9.31196563930357,"191-575",0.771419277840034,0.228580722159966
"kallisto","EDA","Kidney","K31",0.188849878095693,6.13232588486428,10.2745857333318,8.19538565416613,9.33688359577145,"575-813",0.65678508486938,0.34321491513062
"kallisto","EDA","Kidney","K31",0.623621795604973,1.77272536206399,10.2745857333318,8.19538565416613,9.25533078303635,"813-1597",0.191535602953612,0.808464397046388
"kallisto","EDA","Kidney","K32",0.72015074127921,1.2456232606179,10.2745857333318,8.19538565416613,9.41842017762234,"1597-2528",0.132253948871111,0.867746051128889
"kallisto","EDA","Kidney","K32",0.552913905120521,6.81489190385619,10.2745857333318,8.19538565416613,9.31196563930357,"191-575",0.731842466760419,0.268157533239581
"kallisto","EDA","Kidney","K32",0.227130258790766,5.74114692060639,10.2745857333318,8.19538565416613,9.33688359577145,"575-813",0.614888989641735,0.385111010358265
"kallisto","EDA","Kidney","K32",0.650962208355921,1.50327845699671,10.2745857333318,8.19538565416613,9.25533078303635,"813-1597",0.162422985437971,0.837577014562029
"kallisto","EDA","Kidney","K33",0.758321275269274,1.25439023375251,10.2745857333318,8.19538565416613,9.41842017762234,"1597-2528",0.133184781534049,0.866815218465951
"kallisto","EDA","Kidney","K33",0.53926170993236,6.80227332974244,10.2745857333318,8.19538565416613,9.31196563930357,"191-575",0.730487374333908,0.269512625666092
"kallisto","EDA","Kidney","K33",0.197781966924543,5.77256482696705,10.2745857333318,8.19538565416613,9.33688359577145,"575-813",0.618253913927059,0.381746086072941
"kallisto","EDA","Kidney","K33",0.613206400271278,1.45964760925903,10.2745857333318,8.19538565416613,9.25533078303635,"813-1597",0.15770885379206,0.84229114620794
"kallisto","EDA","Kidney","K34",0.707427229949189,1.22350384876665,10.2745857333318,8.19538565416613,9.41842017762234,"1597-2528",0.129905422108224,0.870094577891776
"kallisto","EDA","Kidney","K34",0.523334148879506,6.75724019213706,10.2745857333318,8.19538565416613,9.31196563930357,"191-575",0.725651323670737,0.274348676329263
"kallisto","EDA","Kidney","K34",0.0905969009783391,5.70530464295039,10.2745857333318,8.19538565416613,9.33688359577145,"575-813",0.611050205823948,0.388949794176052
"kallisto","EDA","Kidney","K34",0.640546813022227,1.27866162569691,10.2745857333318,8.19538565416613,9.25533078303635,"813-1597",0.138154070953412,0.861845929046588
"kallisto","EDA","Kidney","K35",0.707427229949189,1.24652222691971,10.2745857333318,8.19538565416613,9.41842017762234,"1597-2528",0.13234939654544,0.86765060345456
"kallisto","EDA","Kidney","K35",0.523334148879506,6.88614914830588,10.2745857333318,8.19538565416613,9.31196563930357,"191-575",0.739494690491672,0.260505309508328
"kallisto","EDA","Kidney","K35",0.15950158622947,5.8325398032823,10.2745857333318,8.19538565416613,9.33688359577145,"575-813",0.62467736086201,0.37532263913799
"kallisto","EDA","Kidney","K35",0.650962208355921,1.39318187248995,10.2745857333318,8.19538565416613,9.25533078303635,"813-1597",0.150527507352135,0.849472492647865
"kallisto","TPM","B20K80","B20K80_1",0.935107213431664,1.27875470473399,10.941345882157,6.09156234168924,8.16963762182738,"1597-2528",0.156525266349324,0.843474733650676
"kallisto","TPM","B20K80","B20K80_1",0.577915684419182,6.74743935686853,10.941345882157,6.09156234168924,8.09259891597529,"191-575",0.833779040197911,0.166220959802089
"kallisto","TPM","B20K80","B20K80_1",0.760503563142114,4.43455020185751,10.941345882157,6.09156234168924,8.61798746156121,"575-813",0.514569117399732,0.485430882600268
"kallisto","TPM","B20K80","B20K80_1",0.863175888279952,0.957093575192147,10.941345882157,6.09156234168924,8.82151092424315,"813-1597",0.108495424810038,0.891504575189962
"kallisto","TPM","B20K80","B20K80_2",0.942761569885402,1.26237865090973,10.941345882157,6.09156234168924,8.16963762182738,"1597-2528",0.154520764487393,0.845479235512607
"kallisto","TPM","B20K80","B20K80_2",0.346266120034088,6.36530843654627,10.941345882157,6.09156234168924,8.09259891597529,"191-575",0.786559237969987,0.213440762030013
"kallisto","TPM","B20K80","B20K80_2",0.771283362331898,4.66983018195899,10.941345882157,6.09156234168924,8.61798746156121,"575-813",0.541870152722758,0.458129847277242
"kallisto","TPM","B20K80","B20K80_2",0.89702592311446,0.783907418227757,10.941345882157,6.09156234168924,8.82151092424315,"813-1597",0.0888631692416131,0.911136830758387
"kallisto","TPM","B20K80","B20K80_3",0.935107213431664,1.27325375788298,10.941345882157,6.09156234168924,8.16963762182738,"1597-2528",0.155851925975412,0.844148074024588
"kallisto","TPM","B20K80","B20K80_3",0.356159437749347,6.52440329643703,10.941345882157,6.09156234168924,8.09259891597529,"191-575",0.806218541679788,0.193781458320212
"kallisto","TPM","B20K80","B20K80_3",0.771283362331898,4.88207591876743,10.941345882157,6.09156234168924,8.61798746156121,"575-813",0.566498378019572,0.433501621980428
"kallisto","TPM","B20K80","B20K80_3",0.868383585946799,0.96520011622235,10.941345882157,6.09156234168924,8.82151092424315,"813-1597",0.109414376347911,0.890585623652089
"kallisto","TPM","B20K80","B20K80_4",0.935107213431664,1.14047158749853,10.941345882157,6.09156234168924,8.16963762182738,"1597-2528",0.139598797436431,0.860401202563569
"kallisto","TPM","B20K80","B20K80_4",0.346266120034088,6.43037923690429,10.941345882157,6.09156234168924,8.09259891597529,"191-575",0.794600017086022,0.205399982913978
"kallisto","TPM","B20K80","B20K80_4",0.72860324589622,4.28919179067532,10.941345882157,6.09156234168924,8.61798746156121,"575-813",0.49770225470928,0.50229774529072
"kallisto","TPM","B20K80","B20K80_4",0.913950940531714,0.791354481554926,10.941345882157,6.09156234168924,8.82151092424315,"813-1597",0.0897073628713804,0.91029263712862
"kallisto","TPM","B20K80","B20K80_5",0.935107213431664,1.14757453538311,10.941345882157,6.09156234168924,8.16963762182738,"1597-2528",0.140468229865796,0.859531770134204
"kallisto","TPM","B20K80","B20K80_5",0.378419402608682,6.4556507781966,10.941345882157,6.09156234168924,8.09259891597529,"191-575",0.797722813798759,0.202277186201241
"kallisto","TPM","B20K80","B20K80_5",0.758845671696361,4.50741547761794,10.941345882157,6.09156234168924,8.61798746156121,"575-813",0.523024139652367,0.476975860347633
"kallisto","TPM","B20K80","B20K80_5",0.913950940531714,0.88899720185862,10.941345882157,6.09156234168924,8.82151092424315,"813-1597",0.100776069937803,0.899223930062197
"kallisto","TPM","B80K20","B80K20_1",NA,1.10515287126809,9.58147305098662,9.58147305098662,9.58147305098662,"1597-2528",0.115342689520406,0.884657310479594
"kallisto","TPM","B80K20","B80K20_1",NA,7.19178706989676,9.58147305098662,9.58147305098662,9.58147305098662,"191-575",0.750593048858621,0.249406951141379
"kallisto","TPM","B80K20","B80K20_1",NA,5.29559154978027,9.58147305098662,9.58147305098662,9.58147305098662,"575-813",0.552690752413584,0.447309247586416
"kallisto","TPM","B80K20","B80K20_1",NA,0.999989520082998,9.58147305098662,9.58147305098662,9.58147305098662,"813-1597",0.104366991877103,0.895633008122897
"kallisto","TPM","B80K20","B80K20_2",NA,1.107837527933,9.58147305098662,9.58147305098662,9.58147305098662,"1597-2528",0.115622881997139,0.884377118002861
"kallisto","TPM","B80K20","B80K20_2",NA,6.70583645731137,9.58147305098662,9.58147305098662,9.58147305098662,"191-575",0.699875313704593,0.300124686295407
"kallisto","TPM","B80K20","B80K20_2",NA,5.05718805580396,9.58147305098662,9.58147305098662,9.58147305098662,"575-813",0.527809036135964,0.472190963864036
"kallisto","TPM","B80K20","B80K20_2",NA,0.812084191925029,9.58147305098662,9.58147305098662,9.58147305098662,"813-1597",0.084755672494576,0.915244327505424
"kallisto","TPM","B80K20","B80K20_3",NA,1.00763841334757,9.58147305098662,9.58147305098662,9.58147305098662,"1597-2528",0.105165292224436,0.894834707775564
"kallisto","TPM","B80K20","B80K20_3",NA,6.79766712771299,9.58147305098662,9.58147305098662,9.58147305098662,"191-575",0.709459504977997,0.290540495022003
"kallisto","TPM","B80K20","B80K20_3",NA,5.0789260650585,9.58147305098662,9.58147305098662,9.58147305098662,"575-813",0.530077790547614,0.469922209452386
"kallisto","TPM","B80K20","B80K20_3",NA,0.851225853303886,9.58147305098662,9.58147305098662,9.58147305098662,"813-1597",0.0888408127616905,0.911159187238309
"kallisto","TPM","B80K20","B80K20_4",NA,1.17315549769969,9.58147305098662,9.58147305098662,9.58147305098662,"1597-2528",0.122439993459971,0.877560006540029
"kallisto","TPM","B80K20","B80K20_4",NA,6.85415373501783,9.58147305098662,9.58147305098662,9.58147305098662,"191-575",0.715354904047039,0.284645095952961
"kallisto","TPM","B80K20","B80K20_4",NA,5.29182047212844,9.58147305098662,9.58147305098662,9.58147305098662,"575-813",0.55229717225824,0.44770282774176
"kallisto","TPM","B80K20","B80K20_4",NA,1.05359765280208,9.58147305098662,9.58147305098662,9.58147305098662,"813-1597",0.109961970064049,0.890038029935951
"kallisto","TPM","B80K20","B80K20_5",NA,1.06243163180119,9.58147305098662,9.58147305098662,9.58147305098662,"1597-2528",0.110883955540823,0.889116044459177
"kallisto","TPM","B80K20","B80K20_5",NA,6.80528234899382,9.58147305098662,9.58147305098662,9.58147305098662,"191-575",0.710254291044848,0.289745708955152
"kallisto","TPM","B80K20","B80K20_5",NA,5.04407341925257,9.58147305098662,9.58147305098662,9.58147305098662,"575-813",0.526440286625153,0.473559713374847
"kallisto","TPM","B80K20","B80K20_5",NA,0.89316516395592,9.58147305098662,9.58147305098662,9.58147305098662,"813-1597",0.0932179383277553,0.906782061672245
"kallisto","TPM","Brain","B31",NA,1.09448626382666,9.58147305098662,9.58147305098662,9.58147305098662,"1597-2528",0.114229436121408,0.885770563878592
"kallisto","TPM","Brain","B31",NA,6.66558365551565,9.58147305098662,9.58147305098662,9.58147305098662,"191-575",0.695674205839287,0.304325794160713
"kallisto","TPM","Brain","B31",NA,5.11462569095681,9.58147305098662,9.58147305098662,9.58147305098662,"575-813",0.533803692160899,0.466196307839101
"kallisto","TPM","Brain","B31",NA,0.705706182812349,9.58147305098662,9.58147305098662,9.58147305098662,"813-1597",0.0736532033286553,0.926346796671345
"kallisto","TPM","Brain","B32",NA,1.05032977361864,9.58147305098662,9.58147305098662,9.58147305098662,"1597-2528",0.10962090776955,0.89037909223045
"kallisto","TPM","Brain","B32",NA,6.57155030837605,9.58147305098662,9.58147305098662,9.58147305098662,"191-575",0.685860125411443,0.314139874588557
"kallisto","TPM","Brain","B32",NA,4.96016524995938,9.58147305098662,9.58147305098662,9.58147305098662,"575-813",0.517682951625964,0.482317048374036
"kallisto","TPM","Brain","B32",NA,0.682654100484533,9.58147305098662,9.58147305098662,9.58147305098662,"813-1597",0.0712473016259477,0.928752698374052
"kallisto","TPM","Brain","B33",NA,1.13657871237086,9.58147305098662,9.58147305098662,9.58147305098662,"1597-2528",0.118622544396117,0.881377455603883
"kallisto","TPM","Brain","B33",NA,6.68216544215794,9.58147305098662,9.58147305098662,9.58147305098662,"191-575",0.697404815167732,0.302595184832268
"kallisto","TPM","Brain","B33",NA,5.10312984451423,9.58147305098662,9.58147305098662,9.58147305098662,"575-813",0.532603892674807,0.467396107325193
"kallisto","TPM","Brain","B33",NA,0.788351355158741,9.58147305098662,9.58147305098662,9.58147305098662,"813-1597",0.0822787217543301,0.91772127824567
"kallisto","TPM","Brain","B34",NA,1.15871757913691,9.58147305098662,9.58147305098662,9.58147305098662,"1597-2528",0.120933135538861,0.879066864461139
"kallisto","TPM","Brain","B34",NA,6.92554082388233,9.58147305098662,9.58147305098662,9.58147305098662,"191-575",0.722805437851667,0.277194562148333
"kallisto","TPM","Brain","B34",NA,5.2349442963169,9.58147305098662,9.58147305098662,9.58147305098662,"575-813",0.546361114669925,0.453638885330075
"kallisto","TPM","Brain","B34",NA,0.936693217612039,9.58147305098662,9.58147305098662,9.58147305098662,"813-1597",0.0977608779597398,0.90223912204026
"kallisto","TPM","Brain","B35",NA,1.174137755098,9.58147305098662,9.58147305098662,9.58147305098662,"1597-2528",0.122542509784244,0.877457490215756
"kallisto","TPM","Brain","B35",NA,7.10211719001581,9.58147305098662,9.58147305098662,9.58147305098662,"191-575",0.741234375155342,0.258765624844658
"kallisto","TPM","Brain","B35",NA,5.15859571668844,9.58147305098662,9.58147305098662,9.58147305098662,"575-813",0.538392759572313,0.461607240427687
"kallisto","TPM","Brain","B35",NA,0.920929859205507,9.58147305098662,9.58147305098662,9.58147305098662,"813-1597",0.0961156864194986,0.903884313580501
"kallisto","TPM","Kidney","K31",0.754504221870268,1.19027420671307,10.2745857333318,8.19538565416613,9.41842017762234,"1597-2528",0.126377267552906,0.873622732447094
"kallisto","TPM","Kidney","K31",0.550638539255828,6.52317657090734,10.2745857333318,8.19538565416613,9.31196563930357,"191-575",0.700515532765131,0.299484467234869
"kallisto","TPM","Kidney","K31",0.215646144582244,5.38248620823887,10.2745857333318,8.19538565416613,9.33688359577145,"575-813",0.576475668035159,0.423524331964841
"kallisto","TPM","Kidney","K31",0.708246882691242,1.07562500876186,10.2745857333318,8.19538565416613,9.25533078303635,"813-1597",0.116216808883084,0.883783191116916
"kallisto","TPM","Kidney","K32",0.751959519604264,1.1777513191707,10.2745857333318,8.19538565416613,9.41842017762234,"1597-2528",0.125047650981741,0.874952349018259
"kallisto","TPM","Kidney","K32",0.552913905120521,6.46270919182243,10.2745857333318,8.19538565416613,9.31196563930357,"191-575",0.694022018782467,0.305977981217533
"kallisto","TPM","Kidney","K32",0.253926525277317,5.31906736810893,10.2745857333318,8.19538565416613,9.33688359577145,"575-813",0.569683375994734,0.430316624005266
"kallisto","TPM","Kidney","K32",0.690019940857277,1.08093543010438,10.2745857333318,8.19538565416613,9.25533078303635,"813-1597",0.116790577824141,0.883209422175859
"kallisto","TPM","Kidney","K33",0.768500084333292,1.16933550388601,10.2745857333318,8.19538565416613,9.41842017762234,"1597-2528",0.124154102475093,0.875845897524907
"kallisto","TPM","Kidney","K33",0.53926170993236,6.47557176438221,10.2745857333318,8.19538565416613,9.31196563930357,"191-575",0.695403313887926,0.304596686112074
"kallisto","TPM","Kidney","K33",0.207990068443229,5.34789175156689,10.2745857333318,8.19538565416613,9.33688359577145,"575-813",0.572770528486494,0.427229471513506
"kallisto","TPM","Kidney","K33",0.679604545523582,0.994427002950908,10.2745857333318,8.19538565416613,9.25533078303635,"813-1597",0.107443702041805,0.892556297958194
"kallisto","TPM","Kidney","K34",0.712516634481197,1.07023266020883,10.2745857333318,8.19538565416613,9.41842017762234,"1597-2528",0.113631866069391,0.886368133930609
"kallisto","TPM","Kidney","K34",0.523334148879506,6.53071364624446,10.2745857333318,8.19538565416613,9.31196563930357,"191-575",0.701324929580913,0.298675070419087
"kallisto","TPM","Kidney","K34",0.0905969009783391,5.35304742384094,10.2745857333318,8.19538565416613,9.33688359577145,"575-813",0.573322711901995,0.426677288098005
"kallisto","TPM","Kidney","K34",0.690019940857277,0.888897766074815,10.2745857333318,8.19538565416613,9.25533078303635,"813-1597",0.0960417068727605,0.90395829312724
"kallisto","TPM","Kidney","K35",0.712516634481197,1.0718471233349,10.2745857333318,8.19538565416613,9.41842017762234,"1597-2528",0.113803281561121,0.886196718438879
"kallisto","TPM","Kidney","K35",0.523334148879506,6.51622823133426,10.2745857333318,8.19538565416613,9.31196563930357,"191-575",0.699769359524999,0.300230640475001
"kallisto","TPM","Kidney","K35",0.15950158622947,5.31567361157493,10.2745857333318,8.19538565416613,9.33688359577145,"575-813",0.569319897485101,0.430680102514899
"kallisto","TPM","Kidney","K35",0.679604545523582,0.847709089111236,10.2745857333318,8.19538565416613,9.25533078303635,"813-1597",0.0915914416224822,0.908408558377518
"kallisto","cqn","B20K80","B20K80_1",0.935107213431664,1.49532298831642,10.941345882157,6.09156234168924,8.16963762182738,"1597-2528",0.183034187994002,0.816965812005998
"kallisto","cqn","B20K80","B20K80_1",0.153587195866811,7.06375573543216,10.941345882157,6.09156234168924,8.09259891597529,"191-575",0.872866159409911,0.127133840590089
"kallisto","cqn","B20K80","B20K80_1",0.775847639802143,5.91802685250789,10.941345882157,6.09156234168924,8.61798746156121,"575-813",0.686706366063313,0.313293633936687
"kallisto","cqn","B20K80","B20K80_1",0.801174582571281,2.65686301493676,10.941345882157,6.09156234168924,8.82151092424315,"813-1597",0.30118004021683,0.69881995978317
"kallisto","cqn","B20K80","B20K80_2",0.942761569885402,1.4216109504276,10.941345882157,6.09156234168924,8.16963762182738,"1597-2528",0.174011506536028,0.825988493463972
"kallisto","cqn","B20K80","B20K80_2",0.124007439625796,6.61472135384518,10.941345882157,6.09156234168924,8.09259891597529,"191-575",0.8173791167121,0.1826208832879
"kallisto","cqn","B20K80","B20K80_2",0.715513882096258,5.38882301982814,10.941345882157,6.09156234168924,8.61798746156121,"575-813",0.625299473208089,0.374700526791911
"kallisto","cqn","B20K80","B20K80_2",0.844417290405822,2.15442435815071,10.941345882157,6.09156234168924,8.82151092424315,"813-1597",0.244223963066231,0.755776036933769
"kallisto","cqn","B20K80","B20K80_3",0.927452856977926,1.45520646810898,10.941345882157,6.09156234168924,8.16963762182738,"1597-2528",0.178123747401109,0.821876252598891
"kallisto","cqn","B20K80","B20K80_3",0.106433503093095,6.74216395766634,10.941345882157,6.09156234168924,8.09259891597529,"191-575",0.833127160714328,0.166872839285672
"kallisto","cqn","B20K80","B20K80_3",0.673636187486685,5.4602611907163,10.941345882157,6.09156234168924,8.61798746156121,"575-813",0.633588899388714,0.366411100611286
"kallisto","cqn","B20K80","B20K80_3",0.887699061680933,2.1837793790877,10.941345882157,6.09156234168924,8.82151092424315,"813-1597",0.247551626681804,0.752448373318196
"kallisto","cqn","B20K80","B20K80_4",0.927452856977926,1.31648236209327,10.941345882157,6.09156234168924,8.16963762182738,"1597-2528",0.161143299499103,0.838856700500897
"kallisto","cqn","B20K80","B20K80_4",0.125000082195393,6.33955002401319,10.941345882157,6.09156234168924,8.09259891597529,"191-575",0.783376278725309,0.216623721274691
"kallisto","cqn","B20K80","B20K80_4",0.714161323142472,5.00377740011837,10.941345882157,6.09156234168924,8.61798746156121,"575-813",0.580620176396949,0.419379823603051
"kallisto","cqn","B20K80","B20K80_4",0.892365185465574,1.8725806313933,10.941345882157,6.09156234168924,8.82151092424315,"813-1597",0.212274365182398,0.787725634817602
"kallisto","cqn","B20K80","B20K80_5",0.935107213431664,1.47018132389105,10.941345882157,6.09156234168924,8.16963762182738,"1597-2528",0.179956736387311,0.820043263612689
"kallisto","cqn","B20K80","B20K80_5",0.150828226308397,6.84673140311112,10.941345882157,6.09156234168924,8.09259891597529,"191-575",0.846048528315824,0.153951471684176
"kallisto","cqn","B20K80","B20K80_5",0.770243669189096,5.5433608220236,10.941345882157,6.09156234168924,8.61798746156121,"575-813",0.643231479129976,0.356768520870024
"kallisto","cqn","B20K80","B20K80_5",0.842075761888227,2.2863470068876,10.941345882157,6.09156234168924,8.82151092424315,"813-1597",0.259178617645226,0.740821382354774
"kallisto","cqn","B80K20","B80K20_1",NA,1.152061483645,9.58147305098662,9.58147305098662,9.58147305098662,"1597-2528",0.120238451594494,0.879761548405506
"kallisto","cqn","B80K20","B80K20_1",NA,7.68640854462947,9.58147305098662,9.58147305098662,9.58147305098662,"191-575",0.802215745295864,0.197784254704136
"kallisto","cqn","B80K20","B80K20_1",NA,6.32412934816918,9.58147305098662,9.58147305098662,9.58147305098662,"575-813",0.660037273445962,0.339962726554038
"kallisto","cqn","B80K20","B80K20_1",NA,1.44708999607948,9.58147305098662,9.58147305098662,9.58147305098662,"813-1597",0.15103001264826,0.84896998735174
"kallisto","cqn","B80K20","B80K20_2",NA,1.19399431325632,9.58147305098662,9.58147305098662,9.58147305098662,"1597-2528",0.124614900746746,0.875385099253254
"kallisto","cqn","B80K20","B80K20_2",NA,7.55273205156097,9.58147305098662,9.58147305098662,9.58147305098662,"191-575",0.788264185618437,0.211735814381563
"kallisto","cqn","B80K20","B80K20_2",NA,6.26082879554711,9.58147305098662,9.58147305098662,9.58147305098662,"575-813",0.653430715948465,0.346569284051535
"kallisto","cqn","B80K20","B80K20_2",NA,1.44997703974979,9.58147305098662,9.58147305098662,9.58147305098662,"813-1597",0.151331327869307,0.848668672130693
"kallisto","cqn","B80K20","B80K20_3",NA,1.06081239202252,9.58147305098662,9.58147305098662,9.58147305098662,"1597-2528",0.110714958584921,0.889285041415079
"kallisto","cqn","B80K20","B80K20_3",NA,7.51841406129041,9.58147305098662,9.58147305098662,9.58147305098662,"191-575",0.784682482670681,0.215317517329319
"kallisto","cqn","B80K20","B80K20_3",NA,5.85618111837212,9.58147305098662,9.58147305098662,9.58147305098662,"575-813",0.611198412520619,0.388801587479381
"kallisto","cqn","B80K20","B80K20_3",NA,1.15487689182123,9.58147305098662,9.58147305098662,9.58147305098662,"813-1597",0.120532290356159,0.879467709643841
"kallisto","cqn","B80K20","B80K20_4",NA,1.19301724168365,9.58147305098662,9.58147305098662,9.58147305098662,"1597-2528",0.124512925657167,0.875487074342833
"kallisto","cqn","B80K20","B80K20_4",NA,7.72407687157572,9.58147305098662,9.58147305098662,9.58147305098662,"191-575",0.806147116468731,0.193852883531269
"kallisto","cqn","B80K20","B80K20_4",NA,6.51196652787806,9.58147305098662,9.58147305098662,9.58147305098662,"575-813",0.679641480305318,0.320358519694682
"kallisto","cqn","B80K20","B80K20_4",NA,1.62290920581606,9.58147305098662,9.58147305098662,9.58147305098662,"813-1597",0.169379926988256,0.830620073011744
"kallisto","cqn","B80K20","B80K20_5",NA,1.13796836131929,9.58147305098662,9.58147305098662,9.58147305098662,"1597-2528",0.118767579396584,0.881232420603416
"kallisto","cqn","B80K20","B80K20_5",NA,7.42905105749427,9.58147305098662,9.58147305098662,9.58147305098662,"191-575",0.775355837036904,0.224644162963096
"kallisto","cqn","B80K20","B80K20_5",NA,5.85467254989499,9.58147305098662,9.58147305098662,9.58147305098662,"575-813",0.611040966116595,0.388959033883405
"kallisto","cqn","B80K20","B80K20_5",NA,1.33906459744099,9.58147305098662,9.58147305098662,9.58147305098662,"813-1597",0.139755608591218,0.860244391408782
"kallisto","cqn","Brain","B31",NA,1.15881917805355,9.58147305098662,9.58147305098662,9.58147305098662,"1597-2528",0.120943739223295,0.879056260776705
"kallisto","cqn","Brain","B31",NA,6.76236070469161,9.58147305098662,9.58147305098662,9.58147305098662,"191-575",0.705774641196249,0.294225358803751
"kallisto","cqn","Brain","B31",NA,5.1861026235859,9.58147305098662,9.58147305098662,9.58147305098662,"575-813",0.541263602787244,0.458736397212756
"kallisto","cqn","Brain","B31",NA,0.990371056733291,9.58147305098662,9.58147305098662,9.58147305098662,"813-1597",0.103363131270438,0.896636868729562
"kallisto","cqn","Brain","B32",NA,1.13656704029133,9.58147305098662,9.58147305098662,9.58147305098662,"1597-2528",0.118621326203521,0.881378673796479
"kallisto","cqn","Brain","B32",NA,6.63113924797413,9.58147305098662,9.58147305098662,9.58147305098662,"191-575",0.692079308962969,0.307920691037031
"kallisto","cqn","Brain","B32",NA,5.02699144239214,9.58147305098662,9.58147305098662,9.58147305098662,"575-813",0.52465747340118,0.47534252659882
"kallisto","cqn","Brain","B32",NA,0.845307892763469,9.58147305098662,9.58147305098662,9.58147305098662,"813-1597",0.0882231665491587,0.911776833450841
"kallisto","cqn","Brain","B33",NA,1.16713010444825,9.58147305098662,9.58147305098662,9.58147305098662,"1597-2528",0.121811134701054,0.878188865298946
"kallisto","cqn","Brain","B33",NA,6.70105857442363,9.58147305098662,9.58147305098662,9.58147305098662,"191-575",0.699376655214159,0.300623344785841
"kallisto","cqn","Brain","B33",NA,5.11485774106063,9.58147305098662,9.58147305098662,9.58147305098662,"575-813",0.533827910786008,0.466172089213992
"kallisto","cqn","Brain","B33",NA,0.93964340976637,9.58147305098662,9.58147305098662,9.58147305098662,"813-1597",0.098068783867175,0.901931216132825
"kallisto","cqn","Brain","B34",NA,1.1134981429418,9.58147305098662,9.58147305098662,9.58147305098662,"1597-2528",0.116213669549187,0.883786330450813
"kallisto","cqn","Brain","B34",NA,6.73414460301672,9.58147305098662,9.58147305098662,9.58147305098662,"191-575",0.702829780680048,0.297170219319952
"kallisto","cqn","Brain","B34",NA,5.044955616502,9.58147305098662,9.58147305098662,9.58147305098662,"575-813",0.526532359863237,0.473467640136763
"kallisto","cqn","Brain","B34",NA,0.853324852107636,9.58147305098662,9.58147305098662,9.58147305098662,"813-1597",0.0890598812486111,0.910940118751389
"kallisto","cqn","Brain","B35",NA,1.15157263835625,9.58147305098662,9.58147305098662,9.58147305098662,"1597-2528",0.12018743174753,0.87981256825247
"kallisto","cqn","Brain","B35",NA,6.76697378017491,9.58147305098662,9.58147305098662,9.58147305098662,"191-575",0.706256099053381,0.293743900946619
"kallisto","cqn","Brain","B35",NA,5.09526278502722,9.58147305098662,9.58147305098662,9.58147305098662,"575-813",0.531782822736484,0.468217177263516
"kallisto","cqn","Brain","B35",NA,0.963677529336179,9.58147305098662,9.58147305098662,9.58147305098662,"813-1597",0.100577178916863,0.899422821083137
"kallisto","cqn","Kidney","K31",0.72015074127921,1.25491049848092,10.2745857333318,8.19538565416613,9.41842017762234,"1597-2528",0.133240020599476,0.866759979400524
"kallisto","cqn","Kidney","K31",0.513095002488385,6.43039454612861,10.2745857333318,8.19538565416613,9.31196563930357,"191-575",0.69055179058946,0.30944820941054
"kallisto","cqn","Kidney","K31",0.199057979614379,5.1957645800543,10.2745857333318,8.19538565416613,9.33688359577145,"575-813",0.5564773863527,0.4435226136473
"kallisto","cqn","Kidney","K31",0.467390865599552,1.24274198527117,10.2745857333318,8.19538565416613,9.25533078303635,"813-1597",0.134273103188158,0.865726896811842
"kallisto","cqn","Kidney","K32",0.75577657300327,1.17295977320431,10.2745857333318,8.19538565416613,9.41842017762234,"1597-2528",0.124538908976603,0.875461091023397
"kallisto","cqn","Kidney","K32",0.547844874347439,6.26244623020104,10.2745857333318,8.19538565416613,9.31196563930357,"191-575",0.672516037190769,0.327483962809231
"kallisto","cqn","Kidney","K32",0.258553012159665,5.00549459002456,10.2745857333318,8.19538565416613,9.33688359577145,"575-813",0.536099067604471,0.463900932395529
"kallisto","cqn","Kidney","K32",0.650962208355921,0.905343794480272,10.2745857333318,8.19538565416613,9.25533078303635,"813-1597",0.0978186318461608,0.902181368153839
"kallisto","cqn","Kidney","K33",0.743053061673249,1.19055529764663,10.2745857333318,8.19538565416613,9.41842017762234,"1597-2528",0.126407112360025,0.873592887639975
"kallisto","cqn","Kidney","K33",0.518783417150119,6.29278025220629,10.2745857333318,8.19538565416613,9.31196563930357,"191-575",0.675773568756093,0.324226431243907
"kallisto","cqn","Kidney","K33",0.262858614106167,5.05424818521197,10.2745857333318,8.19538565416613,9.33688359577145,"575-813",0.541320680864113,0.458679319135887
"kallisto","cqn","Kidney","K33",0.484315883016806,1.030643783872,10.2745857333318,8.19538565416613,9.25533078303635,"813-1597",0.111356774601834,0.888643225398166
"kallisto","cqn","Kidney","K34",0.723967794678217,1.13558947370945,10.2745857333318,8.19538565416613,9.41842017762234,"1597-2528",0.120571120452616,0.879428879547384
"kallisto","cqn","Kidney","K34",0.473276099856249,6.23048100204967,10.2745857333318,8.19538565416613,9.31196563930357,"191-575",0.669083332497738,0.330916667502262
"kallisto","cqn","Kidney","K34",0.158225573539635,4.96314614138192,10.2745857333318,8.19538565416613,9.33688359577145,"575-813",0.531563459099957,0.468436540900043
"kallisto","cqn","Kidney","K34",0.639244888605515,0.727083046285278,10.2745857333318,8.19538565416613,9.25533078303635,"813-1597",0.0785582993552119,0.921441700644788
"kallisto","cqn","Kidney","K35",0.690886665220161,1.1776033380485,10.2745857333318,8.19538565416613,9.41842017762234,"1597-2528",0.125031939098069,0.874968060901931
"kallisto","cqn","Kidney","K35",0.503993539029611,6.2995471354976,10.2745857333318,8.19538565416613,9.31196563930357,"191-575",0.676500255639768,0.323499744360232
"kallisto","cqn","Kidney","K35",0.205438043063558,4.99952643685294,10.2745857333318,8.19538565416613,9.33688359577145,"575-813",0.535459865764757,0.464540134235243
"kallisto","cqn","Kidney","K35",0.571544818936499,0.805411633855402,10.2745857333318,8.19538565416613,9.25533078303635,"813-1597",0.0870213774889172,0.912978622511083
"kallisto","ratio_counts","B20K80","B20K80_1",0.896008367585501,0.559744039285713,10.9180949312313,6.06836418053216,8.21407479297787,"1597-2528",0.0681445023807468,0.931855497619253
"kallisto","ratio_counts","B20K80","B20K80_1",0.577915684419182,6.62203234890734,10.9180949312313,6.06836418053216,8.18120735854307,"191-575",0.809419937509884,0.190580062490116
"kallisto","ratio_counts","B20K80","B20K80_1",0.814096096115216,3.76453117627224,10.9180949312313,6.06836418053216,8.6455040813761,"575-813",0.435432236320573,0.564567763679427
"kallisto","ratio_counts","B20K80","B20K80_1",0.941291353282662,0.326507859785894,10.9180949312313,6.06836418053216,8.89977005200642,"813-1597",0.0366872242628656,0.963312775737134
"kallisto","ratio_counts","B20K80","B20K80_2",0.911216430401662,0.446723370961959,10.9180949312313,6.06836418053216,8.21407479297787,"1597-2528",0.0543851111927856,0.945614888807214
"kallisto","ratio_counts","B20K80","B20K80_2",0.378419402608682,6.31335142112906,10.9180949312313,6.06836418053216,8.18120735854307,"191-575",0.771689451745342,0.228310548254658
"kallisto","ratio_counts","B20K80","B20K80_2",0.858133757754145,4.28736148315073,10.9180949312313,6.06836418053216,8.6455040813761,"575-813",0.495906478418817,0.504093521581183
"kallisto","ratio_counts","B20K80","B20K80_2",0.941291353282662,0.216677079659527,10.9180949312313,6.06836418053216,8.89977005200642,"813-1597",0.0243463683211319,0.975653631678868
"kallisto","ratio_counts","B20K80","B20K80_3",0.926424493217824,0.586786649688166,10.9180949312313,6.06836418053216,8.21407479297787,"1597-2528",0.0714367307916168,0.928563269208383
"kallisto","ratio_counts","B20K80","B20K80_3",0.378419402608682,6.31097257160454,10.9180949312313,6.06836418053216,8.18120735854307,"191-575",0.771398681762347,0.228601318237653
"kallisto","ratio_counts","B20K80","B20K80_3",0.858133757754145,4.29429306556168,10.9180949312313,6.06836418053216,8.6455040813761,"575-813",0.496708234145921,0.503291765854079
"kallisto","ratio_counts","B20K80","B20K80_3",0.941291353282662,0.289624802064722,10.9180949312313,6.06836418053216,8.89977005200642,"813-1597",0.0325429533990519,0.967457046600948
"kallisto","ratio_counts","B20K80","B20K80_4",0.941632556033985,0.342847489952449,10.9180949312313,6.06836418053216,8.21407479297787,"1597-2528",0.0417390270472757,0.958260972952724
"kallisto","ratio_counts","B20K80","B20K80_4",0.378419402608682,6.30806114154421,10.9180949312313,6.06836418053216,8.18120735854307,"191-575",0.771042813742782,0.228957186257218
"kallisto","ratio_counts","B20K80","B20K80_4",0.80388799459653,3.75113147273705,10.9180949312313,6.06836418053216,8.6455040813761,"575-813",0.433882332068714,0.566117667931286
"kallisto","ratio_counts","B20K80","B20K80_4",0.941291353282662,0.322920389233739,10.9180949312313,6.06836418053216,8.89977005200642,"813-1597",0.0362841272692138,0.963715872730786
"kallisto","ratio_counts","B20K80","B20K80_5",0.941632556033985,0.354682480484522,10.9180949312313,6.06836418053216,8.21407479297787,"1597-2528",0.0431798454997922,0.956820154500208
"kallisto","ratio_counts","B20K80","B20K80_5",0.378419402608682,6.30179730821312,10.9180949312313,6.06836418053216,8.18120735854307,"191-575",0.77027717695391,0.22972282304609
"kallisto","ratio_counts","B20K80","B20K80_5",0.844873861211853,4.02931175496161,10.9180949312313,6.06836418053216,8.6455040813761,"575-813",0.466058626198724,0.533941373801276
"kallisto","ratio_counts","B20K80","B20K80_5",0.941291353282662,0.358295861621664,10.9180949312313,6.06836418053216,8.89977005200642,"813-1597",0.0402590021458911,0.959740997854109
"kallisto","ratio_counts","B80K20","B80K20_1",0.537831591218683,0.527077718336143,9.7768967577031,9.4892565973559,9.55693663508465,"1597-2528",0.05515132499688,0.94484867500312
"kallisto","ratio_counts","B80K20","B80K20_1",-0.246400362117539,6.83444406528727,9.7768967577031,9.4892565973559,9.60111665971314,"191-575",0.711838456662547,0.288161543337453
"kallisto","ratio_counts","B80K20","B80K20_1",0.0792295703996426,4.64315300279989,9.7768967577031,9.4892565973559,9.54001662565246,"575-813",0.486702820864563,0.513297179135437
"kallisto","ratio_counts","B80K20","B80K20_1",0.351763235340724,0.411523483850788,9.7768967577031,9.4892565973559,9.59077665394903,"813-1597",0.0429082543259249,0.957091745674075
"kallisto","ratio_counts","B80K20","B80K20_2",0.622752368779528,0.339656558175115,9.7768967577031,9.4892565973559,9.55693663508465,"1597-2528",0.0355403170643818,0.964459682935618
"kallisto","ratio_counts","B80K20","B80K20_2",-0.3447668584142,6.4534353118036,9.7768967577031,9.4892565973559,9.60111665971314,"191-575",0.672154660809674,0.327845339190326
"kallisto","ratio_counts","B80K20","B80K20_2",0.205996883039071,4.65369634082078,9.7768967577031,9.4892565973559,9.54001662565246,"575-813",0.487807990638853,0.512192009361147
"kallisto","ratio_counts","B80K20","B80K20_2",0.82915619758885,0.192474295688885,9.7768967577031,9.4892565973559,9.59077665394903,"813-1597",0.0200686870973722,0.979931312902628
"kallisto","ratio_counts","B80K20","B80K20_3",0.622752368779528,0.167593855959944,9.7768967577031,9.4892565973559,9.55693663508465,"1597-2528",0.0175363573453744,0.982463642654626
"kallisto","ratio_counts","B80K20","B80K20_3",-0.27581348673136,6.45950698613138,9.7768967577031,9.4892565973559,9.60111665971314,"191-575",0.672787053326396,0.327212946673604
"kallisto","ratio_counts","B80K20","B80K20_3",0.269380539358785,4.64521193913516,9.7768967577031,9.4892565973559,9.54001662565246,"575-813",0.486918641907237,0.513081358092763
"kallisto","ratio_counts","B80K20","B80K20_3",0.427141071485165,0.455383784617689,9.7768967577031,9.4892565973559,9.59077665394903,"813-1597",0.0474814294033407,0.952518570596659
"kallisto","ratio_counts","B80K20","B80K20_4",0.594445442925913,0.421785740286533,9.7768967577031,9.4892565973559,9.55693663508465,"1597-2528",0.0441339894143597,0.95586601058564
"kallisto","ratio_counts","B80K20","B80K20_4",-0.229844572276133,6.46447779558352,9.7768967577031,9.4892565973559,9.60111665971314,"191-575",0.673304785755687,0.326695214244313
"kallisto","ratio_counts","B80K20","B80K20_4",0.269380539358785,4.64715543883807,9.7768967577031,9.4892565973559,9.54001662565246,"575-813",0.487122362695069,0.512877637304931
"kallisto","ratio_counts","B80K20","B80K20_4",0.603022689155527,0.223905112310696,9.7768967577031,9.4892565973559,9.59077665394903,"813-1597",0.0233458791075593,0.976654120892441
"kallisto","ratio_counts","B80K20","B80K20_5",0.622752368779528,0.154192463612058,9.7768967577031,9.4892565973559,9.55693663508465,"1597-2528",0.016134088725251,0.983865911274749
"kallisto","ratio_counts","B80K20","B80K20_5",-0.252829029503746,6.45658095939754,9.7768967577031,9.4892565973559,9.60111665971314,"191-575",0.672482294324132,0.327517705675868
"kallisto","ratio_counts","B80K20","B80K20_5",0.237688711198928,4.65228974288458,9.7768967577031,9.4892565973559,9.54001662565246,"575-813",0.487660548764128,0.512339451235872
"kallisto","ratio_counts","B80K20","B80K20_5",0.452267016866645,0.333757634039472,9.7768967577031,9.4892565973559,9.59077665394903,"813-1597",0.0347998547022827,0.965200145297717
"kallisto","ratio_counts","Brain","B31",0.622752368779528,0.284327598790204,9.7768967577031,9.4892565973559,9.55693663508465,"1597-2528",0.0297509138803331,0.970249086119667
"kallisto","ratio_counts","Brain","B31",-0.27581348673136,6.45369309775543,9.7768967577031,9.4892565973559,9.60111665971314,"191-575",0.672181510389881,0.327818489610119
"kallisto","ratio_counts","Brain","B31",0.1109213985595,4.66831558129679,9.7768967577031,9.4892565973559,9.54001662565246,"575-813",0.489340403112506,0.510659596887494
"kallisto","ratio_counts","Brain","B31",0.82915619758885,0.257238118740035,9.7768967577031,9.4892565973559,9.59077665394903,"813-1597",0.0268214064430451,0.973178593556955
"kallisto","ratio_counts","Brain","B32",0.594445442925913,0.323017064191904,9.7768967577031,9.4892565973559,9.55693663508465,"1597-2528",0.0337992263133847,0.966200773686615
"kallisto","ratio_counts","Brain","B32",-0.229844572276133,6.46321155874243,9.7768967577031,9.4892565973559,9.60111665971314,"191-575",0.673172901425357,0.326827098574643
"kallisto","ratio_counts","Brain","B32",0.269380539358785,4.65187819672732,9.7768967577031,9.4892565973559,9.54001662565246,"575-813",0.487617409829112,0.512382590170888
"kallisto","ratio_counts","Brain","B32",0.678400525299968,0.2622161245068,9.7768967577031,9.4892565973559,9.59077665394903,"813-1597",0.0273404473868998,0.9726595526131
"kallisto","ratio_counts","Brain","B33",0.622752368779528,0.292044109477113,9.7768967577031,9.4892565973559,9.55693663508465,"1597-2528",0.0305583389979782,0.969441661002022
"kallisto","ratio_counts","Brain","B33",-0.367751315641813,6.4542057415928,9.7768967577031,9.4892565973559,9.60111665971314,"191-575",0.672234904578864,0.327765095421136
"kallisto","ratio_counts","Brain","B33",0.174305054879214,4.64329728785028,9.7768967577031,9.4892565973559,9.54001662565246,"575-813",0.486717945057325,0.513282054942675
"kallisto","ratio_counts","Brain","B33",0.80403025220737,0.217745103375354,9.7768967577031,9.4892565973559,9.59077665394903,"813-1597",0.022703594425348,0.977296405574652
"kallisto","ratio_counts","Brain","B34",0.622752368779528,0.423368223217975,9.7768967577031,9.4892565973559,9.55693663508465,"1597-2528",0.0442995741610068,0.955700425838993
"kallisto","ratio_counts","Brain","B34",-0.27581348673136,6.46038092384598,9.7768967577031,9.4892565973559,9.60111665971314,"191-575",0.672878077917137,0.327121922082863
"kallisto","ratio_counts","Brain","B34",0.269380539358785,4.64154691853133,9.7768967577031,9.4892565973559,9.54001662565246,"575-813",0.48653446850926,0.51346553149074
"kallisto","ratio_counts","Brain","B34",0.753778361444409,0.300113308456447,9.7768967577031,9.4892565973559,9.59077665394903,"813-1597",0.0312918671015944,0.968708132898406
"kallisto","ratio_counts","Brain","B35",0.651059294633142,0.36306303864373,9.7768967577031,9.4892565973559,9.55693663508465,"1597-2528",0.0379894784810943,0.962010521518906
"kallisto","ratio_counts","Brain","B35",-0.199466959809436,6.83088468201312,9.7768967577031,9.4892565973559,9.60111665971314,"191-575",0.71146773069386,0.28853226930614
"kallisto","ratio_counts","Brain","B35",0.269380539358785,4.64749331254597,9.7768967577031,9.4892565973559,9.54001662565246,"575-813",0.487157779164574,0.512842220835426
"kallisto","ratio_counts","Brain","B35",0.552770798392567,0.223172806576145,9.7768967577031,9.4892565973559,9.59077665394903,"813-1597",0.0232695239007837,0.976730476099216
"kallisto","ratio_counts","Kidney","K31",0.871560526106465,0.508395378330817,10.2274130787615,8.14822466148066,9.4389271292331,"1597-2528",0.0538615640708017,0.946138435929198
"kallisto","ratio_counts","Kidney","K31",0.551776222188174,6.15683098350419,10.2274130787615,8.14822466148066,9.37665041323118,"191-575",0.656613045402271,0.343386954597729
"kallisto","ratio_counts","Kidney","K31",0.289654880592718,4.76458572289084,10.2274130787615,8.14822466148066,9.34047204236471,"575-813",0.510101170613278,0.489898829386722
"kallisto","ratio_counts","Kidney","K31",0.755116161692869,0.203530872176775,10.2274130787615,8.14822466148066,9.3096759207744,"813-1597",0.0218622940163362,0.978137705983664
"kallisto","ratio_counts","Kidney","K32",0.871560526106465,0.403711183591395,10.2274130787615,8.14822466148066,9.4389271292331,"1597-2528",0.0427708761879377,0.957229123812062
"kallisto","ratio_counts","Kidney","K32",0.573392197902763,6.15437599678269,10.2274130787615,8.14822466148066,9.37665041323118,"191-575",0.65635122624369,0.34364877375631
"kallisto","ratio_counts","Kidney","K32",0.349627477014999,4.75477287651265,10.2274130787615,8.14822466148066,9.34047204236471,"575-813",0.509050597758536,0.490949402241464
"kallisto","ratio_counts","Kidney","K32",0.941291353282662,0.16466004707596,10.2274130787615,8.14822466148066,9.3096759207744,"813-1597",0.0176869794907171,0.982313020509283
"kallisto","ratio_counts","Kidney","K33",0.871560526106465,0.349594399853721,10.2274130787615,8.14822466148066,9.4389271292331,"1597-2528",0.0370375144407037,0.962962485559296
"kallisto","ratio_counts","Kidney","K33",0.562015368579295,6.16241121938878,10.2274130787615,8.14822466148066,9.37665041323118,"191-575",0.657208165795872,0.342791834204128
"kallisto","ratio_counts","Kidney","K33",0.329211273977627,4.75678969084827,10.2274130787615,8.14822466148066,9.34047204236471,"575-813",0.509266519858241,0.490733480141759
"kallisto","ratio_counts","Kidney","K33",0.738191144275615,0.198451991442413,10.2274130787615,8.14822466148066,9.3096759207744,"813-1597",0.0213167454088891,0.978683254591111
"kallisto","ratio_counts","Kidney","K34",0.932633380490567,0.202094274433953,10.2274130787615,8.14822466148066,9.4389271292331,"1597-2528",0.0214107251456632,0.978589274854337
"kallisto","ratio_counts","Kidney","K34",0.564290734443989,6.15743115240731,10.2274130787615,8.14822466148066,9.37665041323118,"191-575",0.656677052150595,0.343322947849405
"kallisto","ratio_counts","Kidney","K34",0.261582601416331,4.77111936401573,10.2274130787615,8.14822466148066,9.34047204236471,"575-813",0.51080066857176,0.48919933142824
"kallisto","ratio_counts","Kidney","K34",0.890516301030901,0.491591217609937,10.2274130787615,8.14822466148066,9.3096759207744,"813-1597",0.0528043319438177,0.947195668056182
"kallisto","ratio_counts","Kidney","K35",0.932633380490567,0.209716354707199,10.2274130787615,8.14822466148066,9.4389271292331,"1597-2528",0.0222182406788257,0.977781759321174
"kallisto","ratio_counts","Kidney","K35",0.573392197902763,6.15015478966724,10.2274130787615,8.14822466148066,9.37665041323118,"191-575",0.655901043403398,0.344098956596602
"kallisto","ratio_counts","Kidney","K35",0.298586969421568,4.75910458215612,10.2274130787615,8.14822466148066,9.34047204236471,"575-813",0.509514354367819,0.490485645632181
"kallisto","ratio_counts","Kidney","K35",0.873591283613647,0.508374378232722,10.2274130787615,8.14822466148066,9.3096759207744,"813-1597",0.0546070972350705,0.945392902764929
"oarfish","CPM","B20K80","B20K80_1",0.677826008044708,3.31893494588372,10.941345882157,6.09156234168924,8.16963762182738,"1597-2528",0.406252406718297,0.593747593281703
"oarfish","CPM","B20K80","B20K80_1",0.585937076342958,7.14434913169028,10.941345882157,6.09156234168924,8.09259891597529,"191-575",0.882825061005667,0.117174938994333
"oarfish","CPM","B20K80","B20K80_1",0.862584578328975,4.74538368714121,10.941345882157,6.09156234168924,8.61798746156121,"575-813",0.550637107364919,0.449362892635081
"oarfish","CPM","B20K80","B20K80_1",0.773343103526835,1.38322188828763,10.941345882157,6.09156234168924,8.82151092424315,"813-1597",0.156801017440933,0.843198982559067
"oarfish","CPM","B20K80","B20K80_2",0.67016695710635,3.31582784604176,10.941345882157,6.09156234168924,8.16963762182738,"1597-2528",0.40587208387097,0.59412791612903
"oarfish","CPM","B20K80","B20K80_2",0.326997105766907,6.78095267263839,10.941345882157,6.09156234168924,8.09259891597529,"191-575",0.837920270489666,0.162079729510334
"oarfish","CPM","B20K80","B20K80_2",0.800436707097259,4.69841813770491,10.941345882157,6.09156234168924,8.61798746156121,"575-813",0.545187395393791,0.454812604606209
"oarfish","CPM","B20K80","B20K80_2",0.835835475529003,1.17131553484576,10.941345882157,6.09156234168924,8.82151092424315,"813-1597",0.132779468835296,0.867220531164704
"oarfish","CPM","B20K80","B20K80_3",0.67016695710635,3.30562883202448,10.941345882157,6.09156234168924,8.16963762182738,"1597-2528",0.404623679169393,0.595376320830607
"oarfish","CPM","B20K80","B20K80_3",0.337357410108036,6.96336468269222,10.941345882157,6.09156234168924,8.09259891597529,"191-575",0.860460867391575,0.139539132608425
"oarfish","CPM","B20K80","B20K80_3",0.841550631057311,4.95297258231467,10.941345882157,6.09156234168924,8.61798746156121,"575-813",0.574724969652881,0.425275030347119
"oarfish","CPM","B20K80","B20K80_3",0.795475818610936,1.4014645660568,10.941345882157,6.09156234168924,8.82151092424315,"813-1597",0.158868993995724,0.841131006004275
"oarfish","CPM","B20K80","B20K80_4",0.67016695710635,3.27855014633184,10.941345882157,6.09156234168924,8.16963762182738,"1597-2528",0.401309127539796,0.598690872460204
"oarfish","CPM","B20K80","B20K80_4",0.310161611212571,6.85994806272122,10.941345882157,6.09156234168924,8.09259891597529,"191-575",0.847681706945746,0.152318293054254
"oarfish","CPM","B20K80","B20K80_4",0.800059956527023,4.52265130903144,10.941345882157,6.09156234168924,8.61798746156121,"575-813",0.524792050255795,0.475207949744205
"oarfish","CPM","B20K80","B20K80_4",0.805891213944631,1.08152409862641,10.941345882157,6.09156234168924,8.82151092424315,"813-1597",0.122600777566821,0.877399222433179
"oarfish","CPM","B20K80","B20K80_5",0.67016695710635,3.27607207462218,10.941345882157,6.09156234168924,8.16963762182738,"1597-2528",0.401005800535054,0.598994199464946
"oarfish","CPM","B20K80","B20K80_5",0.343832600321242,6.90451131117374,10.941345882157,6.09156234168924,8.09259891597529,"191-575",0.853188374076443,0.146811625923557
"oarfish","CPM","B20K80","B20K80_5",0.844136305137438,4.37709695463101,10.941345882157,6.09156234168924,8.61798746156121,"575-813",0.507902451025157,0.492097548974843
"oarfish","CPM","B20K80","B20K80_5",0.785060423277241,1.20405549043017,10.941345882157,6.09156234168924,8.82151092424315,"813-1597",0.13649084615666,0.86350915384334
"oarfish","CPM","B80K20","B80K20_1",NA,2.84087551882973,9.58147305098662,9.58147305098662,9.58147305098662,"1597-2528",0.296496739458783,0.703503260541217
"oarfish","CPM","B80K20","B80K20_1",NA,7.79855370924293,9.58147305098662,9.58147305098662,9.58147305098662,"191-575",0.813920121441024,0.186079878558976
"oarfish","CPM","B80K20","B80K20_1",NA,5.16148966950833,9.58147305098662,9.58147305098662,9.58147305098662,"575-813",0.538694795888075,0.461305204111925
"oarfish","CPM","B80K20","B80K20_1",NA,1.43947104274657,9.58147305098662,9.58147305098662,9.58147305098662,"813-1597",0.150234837074279,0.849765162925721
"oarfish","CPM","B80K20","B80K20_2",NA,2.75963095837132,9.58147305098662,9.58147305098662,9.58147305098662,"1597-2528",0.28801740021459,0.71198259978541
"oarfish","CPM","B80K20","B80K20_2",NA,7.5507381651868,9.58147305098662,9.58147305098662,9.58147305098662,"191-575",0.788056087514569,0.211943912485431
"oarfish","CPM","B80K20","B80K20_2",NA,4.78188922645866,9.58147305098662,9.58147305098662,9.58147305098662,"575-813",0.499076624336616,0.500923375663384
"oarfish","CPM","B80K20","B80K20_2",NA,1.24492564300485,9.58147305098662,9.58147305098662,9.58147305098662,"813-1597",0.129930506132004,0.870069493867996
"oarfish","CPM","B80K20","B80K20_3",NA,2.84448049715027,9.58147305098662,9.58147305098662,9.58147305098662,"1597-2528",0.296872984144893,0.703127015855107
"oarfish","CPM","B80K20","B80K20_3",NA,7.6007150778827,9.58147305098662,9.58147305098662,9.58147305098662,"191-575",0.793272082219137,0.206727917780863
"oarfish","CPM","B80K20","B80K20_3",NA,4.73185151416278,9.58147305098662,9.58147305098662,9.58147305098662,"575-813",0.493854284094191,0.506145715905809
"oarfish","CPM","B80K20","B80K20_3",NA,1.13671946176073,9.58147305098662,9.58147305098662,9.58147305098662,"813-1597",0.118637234140493,0.881362765859507
"oarfish","CPM","B80K20","B80K20_4",NA,2.73210387790244,9.58147305098662,9.58147305098662,9.58147305098662,"1597-2528",0.28514445152263,0.71485554847737
"oarfish","CPM","B80K20","B80K20_4",NA,7.67096292695555,9.58147305098662,9.58147305098662,9.58147305098662,"191-575",0.800603715747617,0.199396284252383
"oarfish","CPM","B80K20","B80K20_4",NA,5.53861231185075,9.58147305098662,9.58147305098662,9.58147305098662,"575-813",0.578054364123106,0.421945635876894
"oarfish","CPM","B80K20","B80K20_4",NA,1.52648564707795,9.58147305098662,9.58147305098662,9.58147305098662,"813-1597",0.159316384751587,0.840683615248413
"oarfish","CPM","B80K20","B80K20_5",NA,2.95498197841444,9.58147305098662,9.58147305098662,9.58147305098662,"1597-2528",0.308405812205479,0.691594187794521
"oarfish","CPM","B80K20","B80K20_5",NA,7.62535032972681,9.58147305098662,9.58147305098662,9.58147305098662,"191-575",0.795843216293513,0.204156783706487
"oarfish","CPM","B80K20","B80K20_5",NA,4.69528792465439,9.58147305098662,9.58147305098662,9.58147305098662,"575-813",0.490038212252855,0.509961787747145
"oarfish","CPM","B80K20","B80K20_5",NA,1.24350998172987,9.58147305098662,9.58147305098662,9.58147305098662,"813-1597",0.129782756274812,0.870217243725188
"oarfish","CPM","Brain","B31",NA,2.67834804400487,9.58147305098662,9.58147305098662,9.58147305098662,"1597-2528",0.279534058046437,0.720465941953563
"oarfish","CPM","Brain","B31",NA,7.53840520438304,9.58147305098662,9.58147305098662,9.58147305098662,"191-575",0.786768920005134,0.213231079994866
"oarfish","CPM","Brain","B31",NA,4.80401454629573,9.58147305098662,9.58147305098662,9.58147305098662,"575-813",0.501385801612316,0.498614198387684
"oarfish","CPM","Brain","B31",NA,1.11497074980113,9.58147305098662,9.58147305098662,9.58147305098662,"813-1597",0.116367362708004,0.883632637291996
"oarfish","CPM","Brain","B32",NA,2.62032117312794,9.58147305098662,9.58147305098662,9.58147305098662,"1597-2528",0.273477904616986,0.726522095383014
"oarfish","CPM","Brain","B32",NA,7.44999669459872,9.58147305098662,9.58147305098662,9.58147305098662,"191-575",0.777541893084131,0.222458106915869
"oarfish","CPM","Brain","B32",NA,4.5173923587919,9.58147305098662,9.58147305098662,9.58147305098662,"575-813",0.471471592598878,0.528528407401122
"oarfish","CPM","Brain","B32",NA,1.01719916639497,9.58147305098662,9.58147305098662,9.58147305098662,"813-1597",0.106163129717328,0.893836870282672
"oarfish","CPM","Brain","B33",NA,2.67465627461182,9.58147305098662,9.58147305098662,9.58147305098662,"1597-2528",0.279148755142238,0.720851244857762
"oarfish","CPM","Brain","B33",NA,7.58115880844102,9.58147305098662,9.58147305098662,9.58147305098662,"191-575",0.791231031815131,0.208768968184869
"oarfish","CPM","Brain","B33",NA,4.80086566857278,9.58147305098662,9.58147305098662,9.58147305098662,"575-813",0.501057159272438,0.498942840727562
"oarfish","CPM","Brain","B33",NA,1.22921245723169,9.58147305098662,9.58147305098662,9.58147305098662,"813-1597",0.12829055101346,0.87170944898654
"oarfish","CPM","Brain","B34",NA,2.88673014604251,9.58147305098662,9.58147305098662,9.58147305098662,"1597-2528",0.301282499118991,0.698717500881009
"oarfish","CPM","Brain","B34",NA,7.77171091918595,9.58147305098662,9.58147305098662,9.58147305098662,"191-575",0.81111859082938,0.18888140917062
"oarfish","CPM","Brain","B34",NA,5.04159654900275,9.58147305098662,9.58147305098662,9.58147305098662,"575-813",0.526181780418785,0.473818219581215
"oarfish","CPM","Brain","B34",NA,1.38704800779835,9.58147305098662,9.58147305098662,9.58147305098662,"813-1597",0.144763545272981,0.855236454727019
"oarfish","CPM","Brain","B35",NA,2.7041035875311,9.58147305098662,9.58147305098662,9.58147305098662,"1597-2528",0.282222114819042,0.717777885180958
"oarfish","CPM","Brain","B35",NA,7.69780439893589,9.58147305098662,9.58147305098662,9.58147305098662,"191-575",0.803405108794125,0.196594891205875
"oarfish","CPM","Brain","B35",NA,5.30695921683262,9.58147305098662,9.58147305098662,9.58147305098662,"575-813",0.553877174062098,0.446122825937902
"oarfish","CPM","Brain","B35",NA,1.38312978622825,9.58147305098662,9.58147305098662,9.58147305098662,"813-1597",0.144354607988573,0.855645392011427
"oarfish","CPM","Kidney","K31",0.651443780097095,2.68233260466282,10.2745857333318,8.19538565416613,9.41842017762234,"1597-2528",0.284796447182925,0.715203552817075
"oarfish","CPM","Kidney","K31",0.377779657147205,7.51689849427185,10.2745857333318,8.19538565416613,9.31196563930357,"191-575",0.807230050607664,0.192769949392336
"oarfish","CPM","Kidney","K31",0.30962322956995,5.2294486460647,10.2745857333318,8.19538565416613,9.33688359577145,"575-813",0.560085021134145,0.439914978865855
"oarfish","CPM","Kidney","K31",0.700435336190971,1.64381161538317,10.2745857333318,8.19538565416613,9.25533078303635,"813-1597",0.17760700875176,0.82239299124824
"oarfish","CPM","Kidney","K32",0.674346100491133,2.67270724687182,10.2745857333318,8.19538565416613,9.41842017762234,"1597-2528",0.283774475598576,0.716225524401424
"oarfish","CPM","Kidney","K32",0.380166890367724,7.45660323563717,10.2745857333318,8.19538565416613,9.31196563930357,"191-575",0.800755020418529,0.199244979581471
"oarfish","CPM","Kidney","K32",0.362919031381171,5.15554205185358,10.2745857333318,8.19538565416613,9.33688359577145,"575-813",0.552169468428251,0.447830531571749
"oarfish","CPM","Kidney","K32",0.671792999023311,1.62878996849376,10.2745857333318,8.19538565416613,9.25533078303635,"813-1597",0.175983982277445,0.824016017722555
"oarfish","CPM","Kidney","K33",0.674346100491133,2.6767889338902,10.2745857333318,8.19538565416613,9.41842017762234,"1597-2528",0.284207848387366,0.715792151612634
"oarfish","CPM","Kidney","K33",0.377779657147205,7.42361059135557,10.2745857333318,8.19538565416613,9.31196563930357,"191-575",0.797211982830165,0.202788017169835
"oarfish","CPM","Kidney","K33",0.257596375420901,5.14942708610146,10.2745857333318,8.19538565416613,9.33688359577145,"575-813",0.551514542650351,0.448485457349649
"oarfish","CPM","Kidney","K33",0.671792999023311,1.51437145375445,10.2745857333318,8.19538565416613,9.25533078303635,"813-1597",0.163621537604044,0.836378462395956
"oarfish","CPM","Kidney","K34",0.629813810836058,2.63593957558921,10.2745857333318,8.19538565416613,9.41842017762234,"1597-2528",0.279870671076245,0.720129328923755
"oarfish","CPM","Kidney","K34",0.380166890367724,7.46887618673134,10.2745857333318,8.19538565416613,9.31196563930357,"191-575",0.802072996833988,0.197927003166012
"oarfish","CPM","Kidney","K34",0.21064531192054,5.08374569835065,10.2745857333318,8.19538565416613,9.33688359577145,"575-813",0.544479926969744,0.455520073030256
"oarfish","CPM","Kidney","K34",0.671792999023311,1.23171186268457,10.2745857333318,8.19538565416613,9.25533078303635,"813-1597",0.133081344314794,0.866918655685206
"oarfish","CPM","Kidney","K35",0.629813810836058,2.63696928286428,10.2745857333318,8.19538565416613,9.41842017762234,"1597-2528",0.279980000162827,0.720019999837173
"oarfish","CPM","Kidney","K35",0.392103056470322,7.43361539352245,10.2745857333318,8.19538565416613,9.31196563930357,"191-575",0.798286385652771,0.201713614347229
"oarfish","CPM","Kidney","K35",0.266479009056104,5.02172159602301,10.2745857333318,8.19538565416613,9.33688359577145,"575-813",0.537837014300712,0.462162985699288
"oarfish","CPM","Kidney","K35",0.671792999023311,1.19884060566951,10.2745857333318,8.19538565416613,9.25533078303635,"813-1597",0.129529741699433,0.870470258300567
"oarfish","EDA","B20K80","B20K80_1",0.67016695710635,3.32210712354566,10.941345882157,6.09156234168924,8.16963762182738,"1597-2528",0.406640695380388,0.593359304619612
"oarfish","EDA","B20K80","B20K80_1",0.585937076342958,7.11222662231422,10.941345882157,6.09156234168924,8.09259891597529,"191-575",0.878855692239269,0.121144307760731
"oarfish","EDA","B20K80","B20K80_1",0.862584578328975,4.66686548761756,10.941345882157,6.09156234168924,8.61798746156121,"575-813",0.541526140346939,0.458473859653061
"oarfish","EDA","B20K80","B20K80_1",0.785060423277241,1.37229367617803,10.941345882157,6.09156234168924,8.82151092424315,"813-1597",0.155562203341687,0.844437796658313
"oarfish","EDA","B20K80","B20K80_2",0.67016695710635,3.31084032974242,10.941345882157,6.09156234168924,8.16963762182738,"1597-2528",0.405261589681361,0.594738410318639
"oarfish","EDA","B20K80","B20K80_2",0.326997105766907,6.75284924014443,10.941345882157,6.09156234168924,8.09259891597529,"191-575",0.8344475378378,0.1655524621622
"oarfish","EDA","B20K80","B20K80_2",0.820477807468654,4.62382204576113,10.941345882157,6.09156234168924,8.61798746156121,"575-813",0.536531535510437,0.463468464489563
"oarfish","EDA","B20K80","B20K80_2",0.852760492946257,1.10800398265316,10.941345882157,6.09156234168924,8.82151092424315,"813-1597",0.125602517773703,0.874397482226297
"oarfish","EDA","B20K80","B20K80_3",0.67016695710635,3.30027358724526,10.941345882157,6.09156234168924,8.16963762182738,"1597-2528",0.403968173377446,0.596031826622554
"oarfish","EDA","B20K80","B20K80_3",0.337357410108036,6.79160590855169,10.941345882157,6.09156234168924,8.09259891597529,"191-575",0.839236687628822,0.160763312371178
"oarfish","EDA","B20K80","B20K80_3",0.841021852726085,4.61084127973017,10.941345882157,6.09156234168924,8.61798746156121,"575-813",0.535025294512889,0.464974705487111
"oarfish","EDA","B20K80","B20K80_3",0.829325853445444,1.21713738761701,10.941345882157,6.09156234168924,8.82151092424315,"813-1597",0.13797380041463,0.86202619958537
"oarfish","EDA","B20K80","B20K80_4",0.67016695710635,3.2844289341041,10.941345882157,6.09156234168924,8.16963762182738,"1597-2528",0.402028717323871,0.597971282676129
"oarfish","EDA","B20K80","B20K80_4",0.310161611212571,6.74766558550689,10.941345882157,6.09156234168924,8.09259891597529,"191-575",0.833806995202318,0.166193004797682
"oarfish","EDA","B20K80","B20K80_4",0.820476159564395,4.31475527113425,10.941345882157,6.09156234168924,8.61798746156121,"575-813",0.500668548240449,0.499331451759551
"oarfish","EDA","B20K80","B20K80_4",0.846250870862698,1.05125330865361,10.941345882157,6.09156234168924,8.82151092424315,"813-1597",0.119169303045873,0.880830696954127
"oarfish","EDA","B20K80","B20K80_5",0.67016695710635,3.28885430609682,10.941345882157,6.09156234168924,8.16963762182738,"1597-2528",0.402570402548794,0.597429597451206
"oarfish","EDA","B20K80","B20K80_5",0.343832600321242,6.85353286634269,10.941345882157,6.09156234168924,8.09259891597529,"191-575",0.846888983069876,0.153111016930124
"oarfish","EDA","B20K80","B20K80_5",0.844136305137438,4.33784492815874,10.941345882157,6.09156234168924,8.61798746156121,"575-813",0.503347788275026,0.496652211724974
"oarfish","EDA","B20K80","B20K80_5",0.785060423277241,1.27981466286868,10.941345882157,6.09156234168924,8.82151092424315,"813-1597",0.145078850308002,0.854921149691998
"oarfish","EDA","B80K20","B80K20_1",NA,2.83421756653302,9.58147305098662,9.58147305098662,9.58147305098662,"1597-2528",0.295801861723253,0.704198138276747
"oarfish","EDA","B80K20","B80K20_1",NA,7.65369290158743,9.58147305098662,9.58147305098662,9.58147305098662,"191-575",0.798801276260889,0.201198723739111
"oarfish","EDA","B80K20","B80K20_1",NA,4.85750589186589,9.58147305098662,9.58147305098662,9.58147305098662,"575-813",0.506968590948101,0.493031409051899
"oarfish","EDA","B80K20","B80K20_1",NA,1.27019318583541,9.58147305098662,9.58147305098662,9.58147305098662,"813-1597",0.132567631206207,0.867432368793793
"oarfish","EDA","B80K20","B80K20_2",NA,2.75161357344525,9.58147305098662,9.58147305098662,9.58147305098662,"1597-2528",0.287180641097969,0.712819358902031
"oarfish","EDA","B80K20","B80K20_2",NA,7.46237482146272,9.58147305098662,9.58147305098662,9.58147305098662,"191-575",0.778833774488809,0.221166225511191
"oarfish","EDA","B80K20","B80K20_2",NA,4.53232030094326,9.58147305098662,9.58147305098662,9.58147305098662,"575-813",0.47302959334385,0.52697040665615
"oarfish","EDA","B80K20","B80K20_2",NA,1.04716887641449,9.58147305098662,9.58147305098662,9.58147305098662,"813-1597",0.10929101097943,0.89070898902057
"oarfish","EDA","B80K20","B80K20_3",NA,2.83472479231365,9.58147305098662,9.58147305098662,9.58147305098662,"1597-2528",0.295854799906967,0.704145200093033
"oarfish","EDA","B80K20","B80K20_3",NA,7.38198452025018,9.58147305098662,9.58147305098662,9.58147305098662,"191-575",0.770443592646753,0.229556407353247
"oarfish","EDA","B80K20","B80K20_3",NA,4.30166778945312,9.58147305098662,9.58147305098662,9.58147305098662,"575-813",0.448956832270187,0.551043167729813
"oarfish","EDA","B80K20","B80K20_3",NA,0.984170694615679,9.58147305098662,9.58147305098662,9.58147305098662,"813-1597",0.102716011345911,0.897283988654089
"oarfish","EDA","B80K20","B80K20_4",NA,2.72120770366113,9.58147305098662,9.58147305098662,9.58147305098662,"1597-2528",0.284007238676199,0.715992761323801
"oarfish","EDA","B80K20","B80K20_4",NA,7.48236494716016,9.58147305098662,9.58147305098662,9.58147305098662,"191-575",0.780920105639674,0.219079894360326
"oarfish","EDA","B80K20","B80K20_4",NA,5.15179798526403,9.58147305098662,9.58147305098662,9.58147305098662,"575-813",0.537683293356812,0.462316706643188
"oarfish","EDA","B80K20","B80K20_4",NA,1.25710907288334,9.58147305098662,9.58147305098662,9.58147305098662,"813-1597",0.131202067385024,0.868797932614976
"oarfish","EDA","B80K20","B80K20_5",NA,2.9492736878307,9.58147305098662,9.58147305098662,9.58147305098662,"1597-2528",0.307810048844943,0.692189951155057
"oarfish","EDA","B80K20","B80K20_5",NA,7.49916038335585,9.58147305098662,9.58147305098662,9.58147305098662,"191-575",0.782673013163007,0.217326986836993
"oarfish","EDA","B80K20","B80K20_5",NA,4.46150202578098,9.58147305098662,9.58147305098662,9.58147305098662,"575-813",0.465638425536413,0.534361574463587
"oarfish","EDA","B80K20","B80K20_5",NA,1.15647786663495,9.58147305098662,9.58147305098662,9.58147305098662,"813-1597",0.120699381032634,0.879300618967366
"oarfish","EDA","Brain","B31",NA,2.67531844286131,9.58147305098662,9.58147305098662,9.58147305098662,"1597-2528",0.279217864374814,0.720782135625186
"oarfish","EDA","Brain","B31",NA,7.55149790636434,9.58147305098662,9.58147305098662,9.58147305098662,"191-575",0.788135380246855,0.211864619753145
"oarfish","EDA","Brain","B31",NA,4.79488213605405,9.58147305098662,9.58147305098662,9.58147305098662,"575-813",0.500432669438058,0.499567330561942
"oarfish","EDA","Brain","B31",NA,1.06331639082078,9.58147305098662,9.58147305098662,9.58147305098662,"813-1597",0.110976296145956,0.889023703854045
"oarfish","EDA","Brain","B32",NA,2.61203624693357,9.58147305098662,9.58147305098662,9.58147305098662,"1597-2528",0.272613222730361,0.727386777269639
"oarfish","EDA","Brain","B32",NA,7.4529011210457,9.58147305098662,9.58147305098662,9.58147305098662,"191-575",0.777845022512301,0.222154977487699
"oarfish","EDA","Brain","B32",NA,4.4786874564376,9.58147305098662,9.58147305098662,9.58147305098662,"575-813",0.467432036035046,0.532567963964954
"oarfish","EDA","Brain","B32",NA,0.943341832001487,9.58147305098662,9.58147305098662,9.58147305098662,"813-1597",0.0984547811157648,0.901545218884235
"oarfish","EDA","Brain","B33",NA,2.66706815525668,9.58147305098662,9.58147305098662,9.58147305098662,"1597-2528",0.278356797651489,0.721643202348511
"oarfish","EDA","Brain","B33",NA,7.54699812140242,9.58147305098662,9.58147305098662,9.58147305098662,"191-575",0.787665746304561,0.212334253695439
"oarfish","EDA","Brain","B33",NA,4.67203860599863,9.58147305098662,9.58147305098662,9.58147305098662,"575-813",0.48761172537218,0.51238827462782
"oarfish","EDA","Brain","B33",NA,1.08980379126215,9.58147305098662,9.58147305098662,9.58147305098662,"813-1597",0.11374073542376,0.88625926457624
"oarfish","EDA","Brain","B34",NA,2.87873836057084,9.58147305098662,9.58147305098662,9.58147305098662,"1597-2528",0.300448411768419,0.699551588231581
"oarfish","EDA","Brain","B34",NA,7.57242392940519,9.58147305098662,9.58147305098662,9.58147305098662,"191-575",0.790319389211812,0.209680610788188
"oarfish","EDA","Brain","B34",NA,4.61010536797615,9.58147305098662,9.58147305098662,9.58147305098662,"575-813",0.481147871881917,0.518852128118083
"oarfish","EDA","Brain","B34",NA,1.12637313913137,9.58147305098662,9.58147305098662,9.58147305098662,"813-1597",0.117557408254192,0.882442591745808
"oarfish","EDA","Brain","B35",NA,2.69572143058078,9.58147305098662,9.58147305098662,9.58147305098662,"1597-2528",0.281347285144553,0.718652714855447
"oarfish","EDA","Brain","B35",NA,7.59572187301157,9.58147305098662,9.58147305098662,9.58147305098662,"191-575",0.792750950985498,0.207249049014502
"oarfish","EDA","Brain","B35",NA,5.09841410227516,9.58147305098662,9.58147305098662,9.58147305098662,"575-813",0.532111719684915,0.467888280315085
"oarfish","EDA","Brain","B35",NA,1.19767532018169,9.58147305098662,9.58147305098662,9.58147305098662,"813-1597",0.124999080392797,0.875000919607203
"oarfish","EDA","Kidney","K31",0.651443780097095,2.68637911990847,10.2745857333318,8.19538565416613,9.41842017762234,"1597-2528",0.285226085611594,0.714773914388406
"oarfish","EDA","Kidney","K31",0.377779657147205,7.66396311318134,10.2745857333318,8.19538565416613,9.31196563930357,"191-575",0.823023130673248,0.176976869326752
"oarfish","EDA","Kidney","K31",0.305816386583434,5.50195251806376,10.2745857333318,8.19538565416613,9.33688359577145,"575-813",0.589270762736672,0.410729237263328
"oarfish","EDA","Kidney","K31",0.700435336190971,1.78250706030586,10.2745857333318,8.19538565416613,9.25533078303635,"813-1597",0.192592474768479,0.807407525231521
"oarfish","EDA","Kidney","K32",0.674346100491133,2.66729037227482,10.2745857333318,8.19538565416613,9.41842017762234,"1597-2528",0.283199339376699,0.716800660623301
"oarfish","EDA","Kidney","K32",0.380166890367724,7.40083402380255,10.2745857333318,8.19538565416613,9.31196563930357,"191-575",0.794766036567554,0.205233963432446
"oarfish","EDA","Kidney","K32",0.331195339826872,5.03646627981108,10.2745857333318,8.19538565416613,9.33688359577145,"575-813",0.539416201150031,0.460583798849969
"oarfish","EDA","Kidney","K32",0.671792999023311,1.54775941767235,10.2745857333318,8.19538565416613,9.25533078303635,"813-1597",0.167228968251374,0.832771031748626
"oarfish","EDA","Kidney","K33",0.674346100491133,2.67828606443897,10.2745857333318,8.19538565416613,9.41842017762234,"1597-2528",0.284366806102199,0.715633193897801
"oarfish","EDA","Kidney","K33",0.377779657147205,7.38174873520099,10.2745857333318,8.19538565416613,9.31196563930357,"191-575",0.792716491998681,0.207283508001319
"oarfish","EDA","Kidney","K33",0.27028585204262,5.08793427330901,10.2745857333318,8.19538565416613,9.33688359577145,"575-813",0.544928532215317,0.455071467784683
"oarfish","EDA","Kidney","K33",0.671792999023311,1.50929536074043,10.2745857333318,8.19538565416613,9.25533078303635,"813-1597",0.163073086864355,0.836926913135645
"oarfish","EDA","Kidney","K34",0.625996757437052,2.66424742005577,10.2745857333318,8.19538565416613,9.41842017762234,"1597-2528",0.282876254171149,0.717123745828851
"oarfish","EDA","Kidney","K34",0.380166890367724,7.35629602522066,10.2745857333318,8.19538565416613,9.31196563930357,"191-575",0.789983158246578,0.210016841753422
"oarfish","EDA","Kidney","K34",0.220796893217915,4.98740068938923,10.2745857333318,8.19538565416613,9.33688359577145,"575-813",0.534161172540263,0.465838827459737
"oarfish","EDA","Kidney","K34",0.661377603689616,1.31746952960143,10.2745857333318,8.19538565416613,9.25533078303635,"813-1597",0.142347103575828,0.857652896424172
"oarfish","EDA","Kidney","K35",0.625996757437052,2.67574943217005,10.2745857333318,8.19538565416613,9.41842017762234,"1597-2528",0.28409747937637,0.71590252062363
"oarfish","EDA","Kidney","K35",0.392103056470322,7.41583944406656,10.2745857333318,8.19538565416613,9.31196563930357,"191-575",0.796377449328859,0.203622550671141
"oarfish","EDA","Kidney","K35",0.302009543596918,5.13482652059605,10.2745857333318,8.19538565416613,9.33688359577145,"575-813",0.549950791174214,0.450049208825786
"oarfish","EDA","Kidney","K35",0.671792999023311,1.41819418492096,10.2745857333318,8.19538565416613,9.25533078303635,"813-1597",0.153229983689,0.846770016311
"oarfish","TPM","B20K80","B20K80_1",0.677826008044708,3.28113394384414,10.941345882157,6.09156234168924,8.16963762182738,"1597-2528",0.401625395853264,0.598374604146736
"oarfish","TPM","B20K80","B20K80_1",0.585937076342958,6.97890211196203,10.941345882157,6.09156234168924,8.09259891597529,"191-575",0.862380822826305,0.137619177173695
"oarfish","TPM","B20K80","B20K80_1",0.862584578328975,4.12004641818157,10.941345882157,6.09156234168924,8.61798746156121,"575-813",0.478075239324517,0.521924760675483
"oarfish","TPM","B20K80","B20K80_1",0.863175888279952,0.955670211246145,10.941345882157,6.09156234168924,8.82151092424315,"813-1597",0.108334073318414,0.891665926681586
"oarfish","TPM","B20K80","B20K80_2",0.67016695710635,3.26880246887097,10.941345882157,6.09156234168924,8.16963762182738,"1597-2528",0.400115968441182,0.599884031558818
"oarfish","TPM","B20K80","B20K80_2",0.326997105766907,6.60863329825214,10.941345882157,6.09156234168924,8.09259891597529,"191-575",0.816626817524132,0.183373182475868
"oarfish","TPM","B20K80","B20K80_2",0.820477807468654,4.20281855026167,10.941345882157,6.09156234168924,8.61798746156121,"575-813",0.487679817243584,0.512320182756416
"oarfish","TPM","B20K80","B20K80_2",0.89702592311446,0.78620911298942,10.941345882157,6.09156234168924,8.82151092424315,"813-1597",0.0891240876694684,0.910875912330532
"oarfish","TPM","B20K80","B20K80_3",0.662507906167992,3.27283632929568,10.941345882157,6.09156234168924,8.16963762182738,"1597-2528",0.400609730907944,0.599390269092056
"oarfish","TPM","B20K80","B20K80_3",0.337357410108036,6.7304030134281,10.941345882157,6.09156234168924,8.09259891597529,"191-575",0.831673864392546,0.168326135607454
"oarfish","TPM","B20K80","B20K80_3",0.841021852726085,4.3892820937573,10.941345882157,6.09156234168924,8.61798746156121,"575-813",0.509316370363128,0.490683629636872
"oarfish","TPM","B20K80","B20K80_3",0.868383585946799,0.965991682567957,10.941345882157,6.09156234168924,8.82151092424315,"813-1597",0.109504107727536,0.890495892272464
"oarfish","TPM","B20K80","B20K80_4",0.662507906167992,3.23373173809714,10.941345882157,6.09156234168924,8.16963762182738,"1597-2528",0.39582315492885,0.60417684507115
"oarfish","TPM","B20K80","B20K80_4",0.310161611212571,6.66651514975592,10.941345882157,6.09156234168924,8.09259891597529,"191-575",0.823779260404937,0.176220739595063
"oarfish","TPM","B20K80","B20K80_4",0.820476159564395,3.97272413771472,10.941345882157,6.09156234168924,8.61798746156121,"575-813",0.460980496366959,0.539019503633041
"oarfish","TPM","B20K80","B20K80_4",0.913950940531714,0.790139147843123,10.941345882157,6.09156234168924,8.82151092424315,"813-1597",0.0895695935343314,0.910430406465669
"oarfish","TPM","B20K80","B20K80_5",0.662507906167992,3.2350511963817,10.941345882157,6.09156234168924,8.16963762182738,"1597-2528",0.395984662494501,0.604015337505499
"oarfish","TPM","B20K80","B20K80_5",0.343832600321242,6.69246310052263,10.941345882157,6.09156234168924,8.09259891597529,"191-575",0.826985640831809,0.173014359168191
"oarfish","TPM","B20K80","B20K80_5",0.844136305137438,3.74275137257319,10.941345882157,6.09156234168924,8.61798746156121,"575-813",0.434295291013938,0.565704708986062
"oarfish","TPM","B20K80","B20K80_5",0.913950940531714,0.889863901907803,10.941345882157,6.09156234168924,8.82151092424315,"813-1597",0.100874318418888,0.899125681581112
"oarfish","TPM","B80K20","B80K20_1",NA,2.82287617722243,9.58147305098662,9.58147305098662,9.58147305098662,"1597-2528",0.294618182632341,0.705381817367659
"oarfish","TPM","B80K20","B80K20_1",NA,7.47733080428521,9.58147305098662,9.58147305098662,9.58147305098662,"191-575",0.780394701784947,0.219605298215053
"oarfish","TPM","B80K20","B80K20_1",NA,4.42228777739933,9.58147305098662,9.58147305098662,9.58147305098662,"575-813",0.461545709502775,0.538454290497225
"oarfish","TPM","B80K20","B80K20_1",NA,1.00067665140063,9.58147305098662,9.58147305098662,9.58147305098662,"813-1597",0.104438706457311,0.895561293542689
"oarfish","TPM","B80K20","B80K20_2",NA,2.73249990941255,9.58147305098662,9.58147305098662,9.58147305098662,"1597-2528",0.285185784573195,0.714814215426805
"oarfish","TPM","B80K20","B80K20_2",NA,7.30402970130802,9.58147305098662,9.58147305098662,9.58147305098662,"191-575",0.762307597426881,0.237692402573119
"oarfish","TPM","B80K20","B80K20_2",NA,4.10902887983755,9.58147305098662,9.58147305098662,9.58147305098662,"575-813",0.428851478052682,0.571148521947318
"oarfish","TPM","B80K20","B80K20_2",NA,0.804628490584078,9.58147305098662,9.58147305098662,9.58147305098662,"813-1597",0.0839775352184729,0.916022464781527
"oarfish","TPM","B80K20","B80K20_3",NA,2.82520813609992,9.58147305098662,9.58147305098662,9.58147305098662,"1597-2528",0.294861564716189,0.705138435283811
"oarfish","TPM","B80K20","B80K20_3",NA,7.34607244752104,9.58147305098662,9.58147305098662,9.58147305098662,"191-575",0.766695518364434,0.233304481635566
"oarfish","TPM","B80K20","B80K20_3",NA,4.10477633403142,9.58147305098662,9.58147305098662,9.58147305098662,"575-813",0.428407647987774,0.571592352012225
"oarfish","TPM","B80K20","B80K20_3",NA,0.853853064515316,9.58147305098662,9.58147305098662,9.58147305098662,"813-1597",0.0891150097664151,0.910884990233585
"oarfish","TPM","B80K20","B80K20_4",NA,2.71036210952035,9.58147305098662,9.58147305098662,9.58147305098662,"1597-2528",0.282875304778033,0.717124695221967
"oarfish","TPM","B80K20","B80K20_4",NA,7.38402849098233,9.58147305098662,9.58147305098662,9.58147305098662,"191-575",0.770656917959184,0.229343082040816
"oarfish","TPM","B80K20","B80K20_4",NA,4.90776983740552,9.58147305098662,9.58147305098662,9.58147305098662,"575-813",0.512214542721085,0.487785457278915
"oarfish","TPM","B80K20","B80K20_4",NA,1.05066149958748,9.58147305098662,9.58147305098662,9.58147305098662,"813-1597",0.109655529373878,0.890344470626122
"oarfish","TPM","B80K20","B80K20_5",NA,2.94183696286199,9.58147305098662,9.58147305098662,9.58147305098662,"1597-2528",0.307033892096484,0.692966107903516
"oarfish","TPM","B80K20","B80K20_5",NA,7.35988667361502,9.58147305098662,9.58147305098662,9.58147305098662,"191-575",0.768137282696543,0.231862717303457
"oarfish","TPM","B80K20","B80K20_5",NA,4.05970370339705,9.58147305098662,9.58147305098662,9.58147305098662,"575-813",0.423703503813437,0.576296496186563
"oarfish","TPM","B80K20","B80K20_5",NA,0.892889600302591,9.58147305098662,9.58147305098662,9.58147305098662,"813-1597",0.0931891782767836,0.906810821723216
"oarfish","TPM","Brain","B31",NA,2.64158414656435,9.58147305098662,9.58147305098662,9.58147305098662,"1597-2528",0.275697080449685,0.724302919550315
"oarfish","TPM","Brain","B31",NA,7.29911426052129,9.58147305098662,9.58147305098662,9.58147305098662,"191-575",0.761794582281863,0.238205417718137
"oarfish","TPM","Brain","B31",NA,4.15118241635068,9.58147305098662,9.58147305098662,9.58147305098662,"575-813",0.433250961961765,0.566749038038235
"oarfish","TPM","Brain","B31",NA,0.703957916854086,9.58147305098662,9.58147305098662,9.58147305098662,"813-1597",0.0734707401573914,0.926529259842609
"oarfish","TPM","Brain","B32",NA,2.56939513273976,9.58147305098662,9.58147305098662,9.58147305098662,"1597-2528",0.268162851272141,0.731837148727859
"oarfish","TPM","Brain","B32",NA,7.24809552250905,9.58147305098662,9.58147305098662,9.58147305098662,"191-575",0.756469854263452,0.243530145736548
"oarfish","TPM","Brain","B32",NA,3.92702283556951,9.58147305098662,9.58147305098662,9.58147305098662,"575-813",0.40985585563643,0.59014414436357
"oarfish","TPM","Brain","B32",NA,0.683604297609375,9.58147305098662,9.58147305098662,9.58147305098662,"813-1597",0.0713464718808538,0.928653528119146
"oarfish","TPM","Brain","B33",NA,2.6412881846754,9.58147305098662,9.58147305098662,9.58147305098662,"1597-2528",0.275666191473911,0.724333808526089
"oarfish","TPM","Brain","B33",NA,7.32580802832868,9.58147305098662,9.58147305098662,9.58147305098662,"191-575",0.764580559726599,0.235419440273401
"oarfish","TPM","Brain","B33",NA,4.1205574556293,9.58147305098662,9.58147305098662,9.58147305098662,"575-813",0.430054693438291,0.569945306561709
"oarfish","TPM","Brain","B33",NA,0.784453883297826,9.58147305098662,9.58147305098662,9.58147305098662,"813-1597",0.0818719500773474,0.918128049922653
"oarfish","TPM","Brain","B34",NA,2.87286553520648,9.58147305098662,9.58147305098662,9.58147305098662,"1597-2528",0.299835476227808,0.700164523772193
"oarfish","TPM","Brain","B34",NA,7.45651769601201,9.58147305098662,9.58147305098662,9.58147305098662,"191-575",0.778222477518131,0.221777522481869
"oarfish","TPM","Brain","B34",NA,4.31602457625206,9.58147305098662,9.58147305098662,9.58147305098662,"575-813",0.45045522262442,0.54954477737558
"oarfish","TPM","Brain","B34",NA,0.927814954178519,9.58147305098662,9.58147305098662,9.58147305098662,"813-1597",0.0968342706013227,0.903165729398677
"oarfish","TPM","Brain","B35",NA,2.6772013848523,9.58147305098662,9.58147305098662,9.58147305098662,"1597-2528",0.279414383425795,0.720585616574205
"oarfish","TPM","Brain","B35",NA,7.40420879983662,9.58147305098662,9.58147305098662,9.58147305098662,"191-575",0.772763098162051,0.227236901837949
"oarfish","TPM","Brain","B35",NA,4.72834578660185,9.58147305098662,9.58147305098662,9.58147305098662,"575-813",0.49348839801986,0.50651160198014
"oarfish","TPM","Brain","B35",NA,0.918513803038481,9.58147305098662,9.58147305098662,9.58147305098662,"813-1597",0.0958635272625329,0.904136472737467
"oarfish","TPM","Kidney","K31",0.683252558422148,2.64447922241066,10.2745857333318,8.19538565416613,9.41842017762234,"1597-2528",0.280777367386284,0.719222632613716
"oarfish","TPM","Kidney","K31",0.377779657147205,7.17939054152981,10.2745857333318,8.19538565416613,9.31196563930357,"191-575",0.770985506134958,0.229014493865042
"oarfish","TPM","Kidney","K31",0.345153764110764,4.44989759992995,10.2745857333318,8.19538565416613,9.33688359577145,"575-813",0.476593453724243,0.523406546275757
"oarfish","TPM","Kidney","K31",0.729077673358632,1.08552668596402,10.2745857333318,8.19538565416613,9.25533078303635,"813-1597",0.117286643925642,0.882713356074358
"oarfish","TPM","Kidney","K32",0.674346100491133,2.63298106312093,10.2745857333318,8.19538565416613,9.41842017762234,"1597-2528",0.279556551254397,0.720443448745603
"oarfish","TPM","Kidney","K32",0.389715823249802,7.13817253405074,10.2745857333318,8.19538565416613,9.31196563930357,"191-575",0.766559157383724,0.233440842616276
"oarfish","TPM","Kidney","K32",0.367994822029858,4.39456876229495,10.2745857333318,8.19538565416613,9.33688359577145,"575-813",0.470667618078176,0.529332381921824
"oarfish","TPM","Kidney","K32",0.700435336190971,1.09973682719182,10.2745857333318,8.19538565416613,9.25533078303635,"813-1597",0.118821990588113,0.881178009411887
"oarfish","TPM","Kidney","K33",0.674346100491133,2.63403515376179,10.2745857333318,8.19538565416613,9.41842017762234,"1597-2528",0.279668469242869,0.720331530757131
"oarfish","TPM","Kidney","K33",0.377779657147205,7.11672747360741,10.2745857333318,8.19538565416613,9.31196563930357,"191-575",0.764256199955185,0.235743800044815
"oarfish","TPM","Kidney","K33",0.324850601516013,4.39637006568733,10.2745857333318,8.19538565416613,9.33688359577145,"575-813",0.470860541484997,0.529139458515003
"oarfish","TPM","Kidney","K33",0.690019940857277,1.00179899303277,10.2745857333318,8.19538565416613,9.25533078303635,"813-1597",0.108240214911489,0.891759785088511
"oarfish","TPM","Kidney","K34",0.620907352905044,2.58509795168545,10.2745857333318,8.19538565416613,9.41842017762234,"1597-2528",0.274472565773557,0.725527434226443
"oarfish","TPM","Kidney","K34",0.380166890367724,7.16456823186438,10.2745857333318,8.19538565416613,9.31196563930357,"191-575",0.769393757385064,0.230606242614936
"oarfish","TPM","Kidney","K34",0.220796893217915,4.39617439338779,10.2745857333318,8.19538565416613,9.33688359577145,"575-813",0.470839584567463,0.529160415432537
"oarfish","TPM","Kidney","K34",0.700435336190971,0.892536856723481,10.2745857333318,8.19538565416613,9.25533078303635,"813-1597",0.096434895483084,0.903565104516916
"oarfish","TPM","Kidney","K35",0.620907352905044,2.58608534577741,10.2745857333318,8.19538565416613,9.41842017762234,"1597-2528",0.274577402261348,0.725422597738652
"oarfish","TPM","Kidney","K35",0.392103056470322,7.13419254576963,10.2745857333318,8.19538565416613,9.31196563930357,"191-575",0.766131751566814,0.233868248433186
"oarfish","TPM","Kidney","K35",0.302009543596918,4.33603394522423,10.2745857333318,8.19538565416613,9.33688359577145,"575-813",0.464398415247242,0.535601584752758
"oarfish","TPM","Kidney","K35",0.700435336190971,0.851974433637165,10.2745857333318,8.19538565416613,9.25533078303635,"813-1597",0.0920522943597767,0.907947705640223
"oarfish","cqn","B20K80","B20K80_1",0.664653285399586,2.98238454082745,10.941345882157,6.09156234168924,8.16963762182738,"1597-2528",0.365057139481831,0.634942860518169
"oarfish","cqn","B20K80","B20K80_1",0.143022131405212,6.94370687969553,10.941345882157,6.09156234168924,8.09259891597529,"191-575",0.858031758621847,0.141968241378153
"oarfish","cqn","B20K80","B20K80_1",0.859177056784841,5.28127404420401,10.941345882157,6.09156234168924,8.61798746156121,"575-813",0.612819880251633,0.387180119748367
"oarfish","cqn","B20K80","B20K80_1",0.809178856339428,2.74165264455041,10.941345882157,6.09156234168924,8.82151092424315,"813-1597",0.310791730361727,0.689208269638273
"oarfish","cqn","B20K80","B20K80_2",0.664653285399586,2.84745090553999,10.941345882157,6.09156234168924,8.16963762182738,"1597-2528",0.34854066206465,0.65145933793535
"oarfish","cqn","B20K80","B20K80_2",0.135983861401824,6.75688346862459,10.941345882157,6.09156234168924,8.09259891597529,"191-575",0.834946046230722,0.165053953769278
"oarfish","cqn","B20K80","B20K80_2",0.752809596679643,4.71489437568408,10.941345882157,6.09156234168924,8.61798746156121,"575-813",0.547099238275051,0.452900761724949
"oarfish","cqn","B20K80","B20K80_2",0.84493773254485,2.09051210676263,10.941345882157,6.09156234168924,8.82151092424315,"813-1597",0.236978917184982,0.763021082815018
"oarfish","cqn","B20K80","B20K80_3",0.664653285399586,2.88174831027594,10.941345882157,6.09156234168924,8.16963762182738,"1597-2528",0.352738817028625,0.647261182971375
"oarfish","cqn","B20K80","B20K80_3",0.12994013422841,6.82694598390538,10.941345882157,6.09156234168924,8.09259891597529,"191-575",0.843603650049748,0.156396349950252
"oarfish","cqn","B20K80","B20K80_3",0.759642166115535,4.86220283933723,10.941345882157,6.09156234168924,8.61798746156121,"575-813",0.564192377979673,0.435807622020327
"oarfish","cqn","B20K80","B20K80_3",0.888244834288091,2.08497005994756,10.941345882157,6.09156234168924,8.82151092424315,"813-1597",0.236350674828014,0.763649325171986
"oarfish","cqn","B20K80","B20K80_4",0.664653285399586,2.82636028336202,10.941345882157,6.09156234168924,8.16963762182738,"1597-2528",0.34595907605628,0.65404092394372
"oarfish","cqn","B20K80","B20K80_4",0.135983861401824,6.72968432653908,10.941345882157,6.09156234168924,8.09259891597529,"191-575",0.831585056471076,0.168414943528924
"oarfish","cqn","B20K80","B20K80_4",0.802226220775702,4.49736697578706,10.941345882157,6.09156234168924,8.61798746156121,"575-813",0.521858147954688,0.478141852045312
"oarfish","cqn","B20K80","B20K80_4",0.892913153085814,1.91746905428959,10.941345882157,6.09156234168924,8.82151092424315,"813-1597",0.217362883836603,0.782637116163397
"oarfish","cqn","B20K80","B20K80_5",0.656998928945848,2.91383218873377,10.941345882157,6.09156234168924,8.16963762182738,"1597-2528",0.356666026525911,0.643333973474089
"oarfish","cqn","B20K80","B20K80_5",0.140017464779052,6.89601619424993,10.941345882157,6.09156234168924,8.09259891597529,"191-575",0.852138635047978,0.147861364952022
"oarfish","cqn","B20K80","B20K80_5",0.900727899461155,5.01440921359975,10.941345882157,6.09156234168924,8.61798746156121,"575-813",0.581853853462367,0.418146146537633
"oarfish","cqn","B20K80","B20K80_5",0.826433487673585,2.53569676193039,10.941345882157,6.09156234168924,8.82151092424315,"813-1597",0.287444722758527,0.712555277241473
"oarfish","cqn","B80K20","B80K20_1",NA,2.94761377097624,9.58147305098662,9.58147305098662,9.58147305098662,"1597-2528",0.307636806500512,0.692363193499488
"oarfish","cqn","B80K20","B80K20_1",NA,8.07059930610856,9.58147305098662,9.58147305098662,9.58147305098662,"191-575",0.842312999594307,0.157687000405693
"oarfish","cqn","B80K20","B80K20_1",NA,5.87589577762254,9.58147305098662,9.58147305098662,9.58147305098662,"575-813",0.613255993765748,0.386744006234252
"oarfish","cqn","B80K20","B80K20_1",NA,1.49909983565593,9.58147305098662,9.58147305098662,9.58147305098662,"813-1597",0.156458180039609,0.843541819960391
"oarfish","cqn","B80K20","B80K20_2",NA,2.9201818691165,9.58147305098662,9.58147305098662,9.58147305098662,"1597-2528",0.304773791417782,0.695226208582218
"oarfish","cqn","B80K20","B80K20_2",NA,7.90261413739743,9.58147305098662,9.58147305098662,9.58147305098662,"191-575",0.82478070911901,0.17521929088099
"oarfish","cqn","B80K20","B80K20_2",NA,5.65352572052736,9.58147305098662,9.58147305098662,9.58147305098662,"575-813",0.590047656601738,0.409952343398262
"oarfish","cqn","B80K20","B80K20_2",NA,1.49027130143313,9.58147305098662,9.58147305098662,9.58147305098662,"813-1597",0.155536762823715,0.844463237176285
"oarfish","cqn","B80K20","B80K20_3",NA,2.9158669337699,9.58147305098662,9.58147305098662,9.58147305098662,"1597-2528",0.304323449875972,0.695676550124028
"oarfish","cqn","B80K20","B80K20_3",NA,7.81591802799264,9.58147305098662,9.58147305098662,9.58147305098662,"191-575",0.815732402147477,0.184267597852523
"oarfish","cqn","B80K20","B80K20_3",NA,5.30833062761893,9.58147305098662,9.58147305098662,9.58147305098662,"575-813",0.554020305580499,0.445979694419501
"oarfish","cqn","B80K20","B80K20_3",NA,1.26735792396729,9.58147305098662,9.58147305098662,9.58147305098662,"813-1597",0.132271720352727,0.867728279647273
"oarfish","cqn","B80K20","B80K20_4",NA,2.95341639786757,9.58147305098662,9.58147305098662,9.58147305098662,"1597-2528",0.308242415560878,0.691757584439122
"oarfish","cqn","B80K20","B80K20_4",NA,8.04256614599506,9.58147305098662,9.58147305098662,9.58147305098662,"191-575",0.839387232338654,0.160612767661346
"oarfish","cqn","B80K20","B80K20_4",NA,6.02734538273075,9.58147305098662,9.58147305098662,9.58147305098662,"575-813",0.629062499122731,0.370937500877269
"oarfish","cqn","B80K20","B80K20_4",NA,1.77210748621524,9.58147305098662,9.58147305098662,9.58147305098662,"813-1597",0.18495146589519,0.81504853410481
"oarfish","cqn","B80K20","B80K20_5",NA,2.95799329720104,9.58147305098662,9.58147305098662,9.58147305098662,"1597-2528",0.308720097782506,0.691279902217494
"oarfish","cqn","B80K20","B80K20_5",NA,7.9131168518716,9.58147305098662,9.58147305098662,9.58147305098662,"191-575",0.825876857322766,0.174123142677234
"oarfish","cqn","B80K20","B80K20_5",NA,5.47360486103186,9.58147305098662,9.58147305098662,9.58147305098662,"575-813",0.571269660928414,0.428730339071586
"oarfish","cqn","B80K20","B80K20_5",NA,1.38731268230485,9.58147305098662,9.58147305098662,9.58147305098662,"813-1597",0.144791168844544,0.855208831155456
"oarfish","cqn","Brain","B31",NA,2.65310544737649,9.58147305098662,9.58147305098662,9.58147305098662,"1597-2528",0.2768995365596,0.7231004634404
"oarfish","cqn","Brain","B31",NA,7.35397787948645,9.58147305098662,9.58147305098662,9.58147305098662,"191-575",0.767520593164868,0.232479406835132
"oarfish","cqn","Brain","B31",NA,4.1227011704441,9.58147305098662,9.58147305098662,9.58147305098662,"575-813",0.430278428849683,0.569721571150317
"oarfish","cqn","Brain","B31",NA,0.939141590800064,9.58147305098662,9.58147305098662,9.58147305098662,"813-1597",0.0980164099823209,0.901983590017679
"oarfish","cqn","Brain","B32",NA,2.59631261951816,9.58147305098662,9.58147305098662,9.58147305098662,"1597-2528",0.270972177837604,0.729027822162396
"oarfish","cqn","Brain","B32",NA,7.27849290080838,9.58147305098662,9.58147305098662,9.58147305098662,"191-575",0.759642370445211,0.240357629554789
"oarfish","cqn","Brain","B32",NA,3.89049418264814,9.58147305098662,9.58147305098662,9.58147305098662,"575-813",0.4060434300598,0.5939565699402
"oarfish","cqn","Brain","B32",NA,0.804756649346979,9.58147305098662,9.58147305098662,9.58147305098662,"813-1597",0.0839909109032156,0.916009089096784
"oarfish","cqn","Brain","B33",NA,2.6426140069373,9.58147305098662,9.58147305098662,9.58147305098662,"1597-2528",0.275804565005293,0.724195434994707
"oarfish","cqn","Brain","B33",NA,7.31962830813124,9.58147305098662,9.58147305098662,9.58147305098662,"191-575",0.763935594159764,0.236064405840236
"oarfish","cqn","Brain","B33",NA,3.99162410906974,9.58147305098662,9.58147305098662,9.58147305098662,"575-813",0.416598166881941,0.583401833118059
"oarfish","cqn","Brain","B33",NA,0.90930290294214,9.58147305098662,9.58147305098662,9.58147305098662,"813-1597",0.0949022032524015,0.905097796747599
"oarfish","cqn","Brain","B34",NA,2.72584241456669,9.58147305098662,9.58147305098662,9.58147305098662,"1597-2528",0.284490954580935,0.715509045419065
"oarfish","cqn","Brain","B34",NA,7.34010819260791,9.58147305098662,9.58147305098662,9.58147305098662,"191-575",0.766073040496845,0.233926959503155
"oarfish","cqn","Brain","B34",NA,3.93652706591371,9.58147305098662,9.58147305098662,9.58147305098662,"575-813",0.410847793962991,0.589152206037009
"oarfish","cqn","Brain","B34",NA,0.838424610158114,9.58147305098662,9.58147305098662,9.58147305098662,"813-1597",0.0875047715206775,0.912495228479322
"oarfish","cqn","Brain","B35",NA,2.65748702286356,9.58147305098662,9.58147305098662,9.58147305098662,"1597-2528",0.277356833205299,0.722643166794701
"oarfish","cqn","Brain","B35",NA,7.37981076107,9.58147305098662,9.58147305098662,9.58147305098662,"191-575",0.770216721562462,0.229783278437538
"oarfish","cqn","Brain","B35",NA,4.09320964807894,9.58147305098662,9.58147305098662,9.58147305098662,"575-813",0.427200455117646,0.572799544882354
"oarfish","cqn","Brain","B35",NA,0.940726681124383,9.58147305098662,9.58147305098662,9.58147305098662,"813-1597",0.098181842825046,0.901818157174954
"oarfish","cqn","Kidney","K31",0.615817948373035,2.65015800529949,10.2745857333318,8.19538565416613,9.41842017762234,"1597-2528",0.281380311699846,0.718619688300154
"oarfish","cqn","Kidney","K31",0.377779657147205,7.11994451182678,10.2745857333318,8.19538565416613,9.31196563930357,"191-575",0.764601673547334,0.235398326452666
"oarfish","cqn","Kidney","K31",0.290767454331582,4.04723405452814,10.2745857333318,8.19538565416613,9.33688359577145,"575-813",0.433467335542352,0.566532664457648
"oarfish","cqn","Kidney","K31",0.462183167932704,1.10579538268267,10.2745857333318,8.19538565416613,9.25533078303635,"813-1597",0.119476592312555,0.880523407687445
"oarfish","cqn","Kidney","K32",0.661622589161112,2.61144963756489,10.2745857333318,8.19538565416613,9.41842017762234,"1597-2528",0.277270453888812,0.722729546111188
"oarfish","cqn","Kidney","K32",0.380166890367724,6.96921188962743,10.2745857333318,8.19538565416613,9.31196563930357,"191-575",0.74841469133134,0.25158530866866
"oarfish","cqn","Kidney","K32",0.339860762848916,3.69004574052093,10.2745857333318,8.19538565416613,9.33688359577145,"575-813",0.395211710917345,0.604788289082655
"oarfish","cqn","Kidney","K32",0.660075679272904,0.755385109067381,10.2745857333318,8.19538565416613,9.25533078303635,"813-1597",0.081616219536085,0.918383780463915
"oarfish","cqn","Kidney","K33",0.661622589161112,2.63184693099947,10.2745857333318,8.19538565416613,9.41842017762234,"1597-2528",0.279436134868202,0.720563865131798
"oarfish","cqn","Kidney","K33",0.377779657147205,6.99178431130454,10.2745857333318,8.19538565416613,9.31196563930357,"191-575",0.750838714631194,0.249161285368806
"oarfish","cqn","Kidney","K33",0.305816386583434,3.80911092895305,10.2745857333318,8.19538565416613,9.33688359577145,"575-813",0.407963844668487,0.592036155331513
"oarfish","cqn","Kidney","K33",0.538996708518703,0.930248353488197,10.2745857333318,8.19538565416613,9.25533078303635,"813-1597",0.100509465873786,0.899490534126214
"oarfish","cqn","Kidney","K34",0.638720268767073,2.61025993546778,10.2745857333318,8.19538565416613,9.41842017762234,"1597-2528",0.27714413736495,0.722855862635051
"oarfish","cqn","Kidney","K34",0.327647759516296,6.96448326227031,10.2745857333318,8.19538565416613,9.31196563930357,"191-575",0.747906890127998,0.252093109872002
"oarfish","cqn","Kidney","K34",0.269016904380448,3.6794258843687,10.2745857333318,8.19538565416613,9.33688359577145,"575-813",0.394074301840398,0.605925698159602
"oarfish","cqn","Kidney","K34",0.660075679272904,0.631771942957807,10.2745857333318,8.19538565416613,9.25533078303635,"813-1597",0.0682603310208805,0.93173966897912
"oarfish","cqn","Kidney","K35",0.605639139309018,2.62588664253028,10.2745857333318,8.19538565416613,9.41842017762234,"1597-2528",0.278803301722432,0.721196698277568
"oarfish","cqn","Kidney","K35",0.371811574095906,7.00825018719129,10.2745857333318,8.19538565416613,9.31196563930357,"191-575",0.752606963841356,0.247393036158644
"oarfish","cqn","Kidney","K35",0.273159117803802,3.76154320458238,10.2745857333318,8.19538565416613,9.33688359577145,"575-813",0.402869240683897,0.597130759316103
"oarfish","cqn","Kidney","K35",0.56503519685294,0.741538359773239,10.2745857333318,8.19538565416613,9.25533078303635,"813-1597",0.08012013586077,0.91987986413923
"oarfish","ratio_counts","B20K80","B20K80_1",0.637228208587007,3.14869532325003,10.9180949312313,6.06836418053216,8.21407479297787,"1597-2528",0.383329273546647,0.616670726453353
"oarfish","ratio_counts","B20K80","B20K80_1",0.585937076342958,6.91657175036637,10.9180949312313,6.06836418053216,8.18120735854307,"191-575",0.845421885456047,0.154578114543953
"oarfish","ratio_counts","B20K80","B20K80_1",0.936593314339449,3.31429411042304,10.9180949312313,6.06836418053216,8.6455040813761,"575-813",0.383354640657981,0.616645359342019
"oarfish","ratio_counts","B20K80","B20K80_1",0.941291353282662,0.339954144999013,10.9180949312313,6.06836418053216,8.89977005200642,"813-1597",0.0381980818619433,0.961801918138057
"oarfish","ratio_counts","B20K80","B20K80_2",0.637228208587007,3.13130988108284,10.9180949312313,6.06836418053216,8.21407479297787,"1597-2528",0.381212730587718,0.618787269412282
"oarfish","ratio_counts","B20K80","B20K80_2",0.343832600321242,6.6171820178541,10.9180949312313,6.06836418053216,8.18120735854307,"191-575",0.808827075009195,0.191172924990805
"oarfish","ratio_counts","B20K80","B20K80_2",0.927050042241578,3.62656815094945,10.9180949312313,6.06836418053216,8.6455040813761,"575-813",0.419474459420093,0.580525540579907
"oarfish","ratio_counts","B20K80","B20K80_2",0.941291353282662,0.229188151565214,10.9180949312313,6.06836418053216,8.89977005200642,"813-1597",0.0257521430582967,0.974247856941703
"oarfish","ratio_counts","B20K80","B20K80_3",0.652445598642816,3.15489481732974,10.9180949312313,6.06836418053216,8.21407479297787,"1597-2528",0.3840840139448,0.6159159860552
"oarfish","ratio_counts","B20K80","B20K80_3",0.343832600321242,6.61413076463031,10.9180949312313,6.06836418053216,8.18120735854307,"191-575",0.808454116215943,0.191545883784057
"oarfish","ratio_counts","B20K80","B20K80_3",0.947594087499009,3.61764503064713,10.9180949312313,6.06836418053216,8.6455040813761,"575-813",0.41844234836927,0.581557651630729
"oarfish","ratio_counts","B20K80","B20K80_3",0.941291353282662,0.290820107801195,10.9180949312313,6.06836418053216,8.89977005200642,"813-1597",0.0326772608844687,0.967322739115531
"oarfish","ratio_counts","B20K80","B20K80_4",0.652445598642816,3.1157885743667,10.9180949312313,6.06836418053216,8.21407479297787,"1597-2528",0.379323131684941,0.620676868315059
"oarfish","ratio_counts","B20K80","B20K80_4",0.343832600321242,6.61364401302774,10.9180949312313,6.06836418053216,8.18120735854307,"191-575",0.808394619911639,0.191605380088361
"oarfish","ratio_counts","B20K80","B20K80_4",0.916177111302077,3.30440752050145,10.9180949312313,6.06836418053216,8.6455040813761,"575-813",0.382211087913278,0.617788912086722
"oarfish","ratio_counts","B20K80","B20K80_4",0.941291353282662,0.324460056790742,10.9180949312313,6.06836418053216,8.89977005200642,"813-1597",0.0364571280937302,0.96354287190627
"oarfish","ratio_counts","B20K80","B20K80_5",0.652445598642816,3.11925710695962,10.9180949312313,6.06836418053216,8.21407479297787,"1597-2528",0.379745398669396,0.620254601330604
"oarfish","ratio_counts","B20K80","B20K80_5",0.343832600321242,6.60858104725078,10.9180949312313,6.06836418053216,8.18120735854307,"191-575",0.807775766782135,0.192224233217865
"oarfish","ratio_counts","B20K80","B20K80_5",0.917871102875347,2.97450534438246,10.9180949312313,6.06836418053216,8.6455040813761,"575-813",0.344052274614045,0.655947725385955
"oarfish","ratio_counts","B20K80","B20K80_5",0.941291353282662,0.35707606529567,10.9180949312313,6.06836418053216,8.89977005200642,"813-1597",0.0401219428377442,0.959878057162256
"oarfish","ratio_counts","B80K20","B80K20_1",0.537831591218683,2.64743709770386,9.7768967577031,9.4892565973559,9.55693663508465,"1597-2528",0.277017332937502,0.722982667062498
"oarfish","ratio_counts","B80K20","B80K20_1",-0.446117841075209,7.21110438737341,9.7768967577031,9.4892565973559,9.60111665971314,"191-575",0.751069343593296,0.248930656406704
"oarfish","ratio_counts","B80K20","B80K20_1",0.0472745352460967,3.31947815993243,9.7768967577031,9.4892565973559,9.54001662565246,"575-813",0.347953079138937,0.652046920861063
"oarfish","ratio_counts","B80K20","B80K20_1",0.402015126103685,0.428984192231745,9.7768967577031,9.4892565973559,9.59077665394903,"813-1597",0.0447288272587507,0.955271172741249
"oarfish","ratio_counts","B80K20","B80K20_2",0.707673146340372,2.54190112989107,9.7768967577031,9.4892565973559,9.55693663508465,"1597-2528",0.265974467232465,0.734025532767535
"oarfish","ratio_counts","B80K20","B80K20_2",-0.397888885283295,7.20695669280268,9.7768967577031,9.4892565973559,9.60111665971314,"191-575",0.750637342325347,0.249362657674653
"oarfish","ratio_counts","B80K20","B80K20_2",0.14182360573829,3.32959424814857,9.7768967577031,9.4892565973559,9.54001662565246,"575-813",0.349013463896438,0.650986536103562
"oarfish","ratio_counts","B80K20","B80K20_2",0.82915619758885,0.225571621009293,9.7768967577031,9.4892565973559,9.59077665394903,"813-1597",0.0235196407077641,0.976480359292236
"oarfish","ratio_counts","B80K20","B80K20_3",0.651059294633142,2.66422267434631,9.7768967577031,9.4892565973559,9.55693663508465,"1597-2528",0.278773709199413,0.721226290800587
"oarfish","ratio_counts","B80K20","B80K20_3",-0.373774407387338,7.20438874923692,9.7768967577031,9.4892565973559,9.60111665971314,"191-575",0.750369879314868,0.249630120685132
"oarfish","ratio_counts","B80K20","B80K20_3",0.236372676230484,3.31693072152952,9.7768967577031,9.4892565973559,9.54001662565246,"575-813",0.347686052518034,0.652313947481966
"oarfish","ratio_counts","B80K20","B80K20_3",0.452267016866645,0.471918071954471,9.7768967577031,9.4892565973559,9.59077665394903,"813-1597",0.0492054073389519,0.950794592661048
"oarfish","ratio_counts","B80K20","B80K20_4",0.651059294633142,2.47152248018589,9.7768967577031,9.4892565973559,9.55693663508465,"1597-2528",0.258610324056418,0.741389675943582
"oarfish","ratio_counts","B80K20","B80K20_4",-0.397888885283295,7.20517428342893,9.7768967577031,9.4892565973559,9.60111665971314,"191-575",0.750451696276359,0.249548303723641
"oarfish","ratio_counts","B80K20","B80K20_4",0.252596184210567,4.04019257634128,9.7768967577031,9.4892565973559,9.54001662565246,"575-813",0.423499532011032,0.576500467988968
"oarfish","ratio_counts","B80K20","B80K20_4",0.577896743774047,0.274573973194271,9.7768967577031,9.4892565973559,9.59077665394903,"813-1597",0.0286289612511427,0.971371038748857
"oarfish","ratio_counts","B80K20","B80K20_5",0.651059294633142,2.77288066271889,9.7768967577031,9.4892565973559,9.55693663508465,"1597-2528",0.29014325077131,0.70985674922869
"oarfish","ratio_counts","B80K20","B80K20_5",-0.373774407387338,7.20447370451025,9.7768967577031,9.4892565973559,9.60111665971314,"191-575",0.750378727793263,0.249621272206737
"oarfish","ratio_counts","B80K20","B80K20_5",0.173339962569021,3.32553895117389,9.7768967577031,9.4892565973559,9.54001662565246,"575-813",0.34858838109692,0.65141161890308
"oarfish","ratio_counts","B80K20","B80K20_5",0.452267016866645,0.354937308407244,9.7768967577031,9.4892565973559,9.59077665394903,"813-1597",0.0370081924763723,0.962991807523628
"oarfish","ratio_counts","Brain","B31",0.651059294633142,2.4261507550771,9.7768967577031,9.4892565973559,9.55693663508465,"1597-2528",0.25386280643218,0.74613719356782
"oarfish","ratio_counts","Brain","B31",-0.470232318971167,7.20885247184585,9.7768967577031,9.4892565973559,9.60111665971314,"191-575",0.750834796341411,0.249165203658589
"oarfish","ratio_counts","Brain","B31",0.0472745352460967,3.34194139734063,9.7768967577031,9.4892565973559,9.54001662565246,"575-813",0.350307712080331,0.649692287919669
"oarfish","ratio_counts","Brain","B31",0.80403025220737,0.287793278028857,9.7768967577031,9.4892565973559,9.59077665394903,"813-1597",0.0300072964279027,0.969992703572097
"oarfish","ratio_counts","Brain","B32",0.679366220486757,2.35306094800404,9.7768967577031,9.4892565973559,9.55693663508465,"1597-2528",0.246214978486482,0.753785021513518
"oarfish","ratio_counts","Brain","B32",-0.397888885283295,7.21379870798726,9.7768967577031,9.4892565973559,9.60111665971314,"191-575",0.751349969348544,0.248650030651456
"oarfish","ratio_counts","Brain","B32",0.236372676230484,3.33103026915524,9.7768967577031,9.4892565973559,9.54001662565246,"575-813",0.349163989945083,0.650836010054917
"oarfish","ratio_counts","Brain","B32",0.678400525299968,0.289258764562603,9.7768967577031,9.4892565973559,9.59077665394903,"813-1597",0.0301600980816814,0.969839901918319
"oarfish","ratio_counts","Brain","B33",0.679366220486757,2.40178123408557,9.7768967577031,9.4892565973559,9.55693663508465,"1597-2528",0.251312876269195,0.748687123730805
"oarfish","ratio_counts","Brain","B33",-0.518461274763081,7.2070335931489,9.7768967577031,9.4892565973559,9.60111665971314,"191-575",0.75064535184642,0.24935464815358
"oarfish","ratio_counts","Brain","B33",0.0787908920768279,3.31945132045632,9.7768967577031,9.4892565973559,9.54001662565246,"575-813",0.347950265781565,0.652049734218435
"oarfish","ratio_counts","Brain","B33",0.80403025220737,0.261512518934261,9.7768967577031,9.4892565973559,9.59077665394903,"813-1597",0.0272670846553999,0.9727329153446
"oarfish","ratio_counts","Brain","B34",0.651059294633142,2.66130680067952,9.7768967577031,9.4892565973559,9.55693663508465,"1597-2528",0.278468603727009,0.721531396272991
"oarfish","ratio_counts","Brain","B34",-0.422003363179252,7.20911764459728,9.7768967577031,9.4892565973559,9.60111665971314,"191-575",0.750862415290419,0.249137584709581
"oarfish","ratio_counts","Brain","B34",0.236372676230484,3.31026170340358,9.7768967577031,9.4892565973559,9.54001662565246,"575-813",0.346986995232535,0.653013004767465
"oarfish","ratio_counts","Brain","B34",0.753778361444409,0.327418695064673,9.7768967577031,9.4892565973559,9.59077665394903,"813-1597",0.034138913549807,0.965861086450193
"oarfish","ratio_counts","Brain","B35",0.707673146340372,2.42641378422665,9.7768967577031,9.4892565973559,9.55693663508465,"1597-2528",0.253890328760682,0.746109671239318
"oarfish","ratio_counts","Brain","B35",-0.422003363179252,7.20792817462997,9.7768967577031,9.4892565973559,9.60111665971314,"191-575",0.7507385265794,0.2492614734206
"oarfish","ratio_counts","Brain","B35",0.252596184210567,4.04305959974003,9.7768967577031,9.4892565973559,9.54001662565246,"575-813",0.423800058049009,0.57619994195099
"oarfish","ratio_counts","Brain","B35",0.577896743774047,0.262464941560797,9.7768967577031,9.4892565973559,9.59077665394903,"813-1597",0.0273663907555105,0.972633609244489
"oarfish","ratio_counts","Kidney","K31",0.763410679801283,2.40546642053147,10.2274130787615,8.14822466148066,9.4389271292331,"1597-2528",0.254845321676608,0.745154678323392
"oarfish","ratio_counts","Kidney","K31",0.39926475613188,6.9478241960527,10.2274130787615,8.14822466148066,9.37665041323118,"191-575",0.740970804056935,0.259029195943065
"oarfish","ratio_counts","Kidney","K31",0.605288034856008,3.34913430162503,10.2274130787615,8.14822466148066,9.34047204236471,"575-813",0.358561568027255,0.641438431972745
"oarfish","ratio_counts","Kidney","K31",0.755116161692869,0.177893664551596,10.2274130787615,8.14822466148066,9.3096759207744,"813-1597",0.0191084701621706,0.980891529837829
"oarfish","ratio_counts","Kidney","K32",0.729057199210225,2.39442745695224,10.2274130787615,8.14822466148066,9.4389271292331,"1597-2528",0.25367580702435,0.74632419297565
"oarfish","ratio_counts","Kidney","K32",0.411200922234477,6.94312184668753,10.2274130787615,8.14822466148066,9.37665041323118,"191-575",0.740469308409989,0.259530691590011
"oarfish","ratio_counts","Kidney","K32",0.673811208613292,3.33614117997816,10.2274130787615,8.14822466148066,9.34047204236471,"575-813",0.357170511816398,0.642829488183602
"oarfish","ratio_counts","Kidney","K32",0.941291353282662,0.138955159712051,10.2274130787615,8.14822466148066,9.3096759207744,"813-1597",0.0149258858089759,0.985074114191024
"oarfish","ratio_counts","Kidney","K33",0.753231870737266,2.38035765897144,10.2274130787615,8.14822466148066,9.4389271292331,"1597-2528",0.252185192912368,0.747814807087632
"oarfish","ratio_counts","Kidney","K33",0.411200922234477,6.94369958159344,10.2274130787615,8.14822466148066,9.37665041323118,"191-575",0.740530922619803,0.259469077380197
"oarfish","ratio_counts","Kidney","K33",0.663659627315917,3.33603498814664,10.2274130787615,8.14822466148066,9.34047204236471,"575-813",0.357159142815877,0.642840857184123
"oarfish","ratio_counts","Kidney","K33",0.738191144275615,0.206457213256944,10.2274130787615,8.14822466148066,9.3096759207744,"813-1597",0.022176627308394,0.977823372691606
"oarfish","ratio_counts","Kidney","K34",0.84484115231342,2.33593724301541,10.2274130787615,8.14822466148066,9.4389271292331,"1597-2528",0.24747910552046,0.75252089447954
"oarfish","ratio_counts","Kidney","K34",0.401651989352399,6.94749680029011,10.2274130787615,8.14822466148066,9.37665041323118,"191-575",0.740935887989026,0.259064112010974
"oarfish","ratio_counts","Kidney","K34",0.57356434330171,3.36230335014636,10.2274130787615,8.14822466148066,9.34047204236471,"575-813",0.359971459139996,0.640028540860004
"oarfish","ratio_counts","Kidney","K34",0.873591283613647,0.530312721932004,10.2274130787615,8.14822466148066,9.3096759207744,"813-1597",0.0569636071593663,0.943036392840634
"oarfish","ratio_counts","Kidney","K35",0.810487671722362,2.33659434039658,10.2274130787615,8.14822466148066,9.4389271292331,"1597-2528",0.24754872120582,0.75245127879418
"oarfish","ratio_counts","Kidney","K35",0.411200922234477,6.94191558020124,10.2274130787615,8.14822466148066,9.37665041323118,"191-575",0.740340662632112,0.259659337367888
"oarfish","ratio_counts","Kidney","K35",0.583715924599086,3.34423212606736,10.2274130787615,8.14822466148066,9.34047204236471,"575-813",0.358036736355426,0.641963263644574
"oarfish","ratio_counts","Kidney","K35",0.856666266196393,0.512298801593848,10.2274130787615,8.14822466148066,9.3096759207744,"813-1597",0.055028639659804,0.944971360340196
