"Tool","Normalization","Condition","Sample","Correlation","RMSE","max_observed","min_observed","mean_expected","LengthQuantile","NRMSE","Similarity"
"bambu","CPM","B20K80","B20K80_1",0.39353197150583,4.07057757394028,10.941345882157,6.09156234168924,8.42061003793181,"All",0.483406493781781,0.516593506218219
"bambu","CPM","B20K80","B20K80_2",0.426881335679952,3.9047383616,10.941345882157,6.09156234168924,8.42061003793181,"All",0.463712052215999,0.536287947784001
"bambu","CPM","B20K80","B20K80_3",0.420973254074176,3.95644805104224,10.941345882157,6.09156234168924,8.42061003793181,"All",0.469852900587947,0.530147099412053
"bambu","CPM","Brain","B31",NA,4.34780519937968,9.58147305098662,9.58147305098662,9.58147305098662,"All",0.453772105420886,0.546227894579114
"bambu","CPM","Brain","B32",NA,4.23840305794849,9.58147305098662,9.58147305098662,9.58147305098662,"All",0.442354013354142,0.557645986645858
"bambu","CPM","Brain","B33",NA,3.97128751105643,9.58147305098662,9.58147305098662,9.58147305098662,"All",0.414475675078739,0.585524324921261
"bambu","CPM","Kidney","K31",0.323471409042722,4.09919372741528,10.2745857333318,8.19538565416613,9.33037926038807,"All",0.439338381968922,0.560661618031078
"bambu","CPM","Kidney","K32",0.331851842348019,4.20848012260277,10.2745857333318,8.19538565416613,9.33037926038807,"All",0.451051345840761,0.548948654159239
"bambu","CPM","Kidney","K33",0.321937830808455,4.22111149226883,10.2745857333318,8.19538565416613,9.33037926038807,"All",0.452405135361375,0.547594864638625
"bambu","EDA","B20K80","B20K80_1",0.409979271564431,3.94838084766909,10.941345882157,6.09156234168924,8.42061003793181,"All",0.46889486983521,0.53110513016479
"bambu","EDA","B20K80","B20K80_2",0.441414836999016,3.7845465687794,10.941345882157,6.09156234168924,8.42061003793181,"All",0.449438526630658,0.550561473369342
"bambu","EDA","B20K80","B20K80_3",0.429666765528586,3.8873475052546,10.941345882157,6.09156234168924,8.42061003793181,"All",0.461646779478388,0.538353220521612
"bambu","EDA","Brain","B31",NA,4.03916203276963,9.58147305098662,9.58147305098662,9.58147305098662,"All",0.421559608974083,0.578440391025917
"bambu","EDA","Brain","B32",NA,3.91578924809957,9.58147305098662,9.58147305098662,9.58147305098662,"All",0.408683427617255,0.591316572382745
"bambu","EDA","Brain","B33",NA,3.90102299474453,9.58147305098662,9.58147305098662,9.58147305098662,"All",0.407142302022425,0.592857697977575
"bambu","EDA","Kidney","K31",0.319230402567711,4.23773016448864,10.2745857333318,8.19538565416613,9.33037926038807,"All",0.454186271128317,0.545813728871683
"bambu","EDA","Kidney","K32",0.335259139799541,4.09282233877202,10.2745857333318,8.19538565416613,9.33037926038807,"All",0.438655517053632,0.561344482946368
"bambu","EDA","Kidney","K33",0.329757186496757,4.2051155497301,10.2745857333318,8.19538565416613,9.33037926038807,"All",0.450690741756108,0.549309258243892
"bambu","TPM","B20K80","B20K80_1",0.4728504024336,3.69581593295058,10.941345882157,6.09156234168924,8.42061003793181,"All",0.438901209805734,0.561098790194266
"bambu","TPM","B20K80","B20K80_2",0.491476780264943,3.5562417086597,10.941345882157,6.09156234168924,8.42061003793181,"All",0.422325899506107,0.577674100493893
"bambu","TPM","B20K80","B20K80_3",0.493030557459419,3.63648143343293,10.941345882157,6.09156234168924,8.42061003793181,"All",0.431854867646394,0.568145132353606
"bambu","TPM","Brain","B31",NA,3.87312454545535,9.58147305098662,9.58147305098662,9.58147305098662,"All",0.404230594277622,0.595769405722378
"bambu","TPM","Brain","B32",NA,3.75743782078524,9.58147305098662,9.58147305098662,9.58147305098662,"All",0.392156592289151,0.607843407710849
"bambu","TPM","Brain","B33",NA,3.63929573662797,9.58147305098662,9.58147305098662,9.58147305098662,"All",0.379826329131429,0.620173670868571
"bambu","TPM","Kidney","K31",0.35728586245509,3.755595559471,10.2745857333318,8.19538565416613,9.33037926038807,"All",0.402512636910195,0.597487363089805
"bambu","TPM","Kidney","K32",0.356687254883561,3.77641618098395,10.2745857333318,8.19538565416613,9.33037926038807,"All",0.404744124069709,0.595255875930291
"bambu","TPM","Kidney","K33",0.354142973728073,3.83778689565183,10.2745857333318,8.19538565416613,9.33037926038807,"All",0.411321639619203,0.588678360380797
"bambu","cqn","B20K80","B20K80_1",0.412219940297151,4.23031698177306,10.941345882157,6.09156234168924,8.42061003793181,"All",0.502376545489817,0.497623454510183
"bambu","cqn","B20K80","B20K80_2",0.432409995495146,4.04003820969969,10.941345882157,6.09156234168924,8.42061003793181,"All",0.47977975366402,0.52022024633598
"bambu","cqn","B20K80","B20K80_3",0.422902108338116,4.11855496875878,10.941345882157,6.09156234168924,8.42061003793181,"All",0.489104108871706,0.510895891128294
"bambu","cqn","Brain","B31",NA,3.95719055431552,9.58147305098662,9.58147305098662,9.58147305098662,"All",0.413004402690256,0.586995597309744
"bambu","cqn","Brain","B32",NA,3.88023961548572,9.58147305098662,9.58147305098662,9.58147305098662,"All",0.40497318051593,0.59502681948407
"bambu","cqn","Brain","B33",NA,3.8998896705016,9.58147305098662,9.58147305098662,9.58147305098662,"All",0.407024019140775,0.592975980859225
"bambu","cqn","Kidney","K31",0.308227913350795,4.05570833726839,10.2745857333318,8.19538565416613,9.33037926038807,"All",0.434677757900669,0.565322242099331
"bambu","cqn","Kidney","K32",0.329637099004529,3.82767326894669,10.2745857333318,8.19538565416613,9.33037926038807,"All",0.410237693680577,0.589762306319423
"bambu","cqn","Kidney","K33",0.317332969318475,3.96299926461285,10.2745857333318,8.19538565416613,9.33037926038807,"All",0.424741498069396,0.575258501930604
"bambu","ratio_counts","B20K80","B20K80_1",0.716748677042895,3.0197254209771,10.8731576731801,6.02353248624378,8.55332033556983,"All",0.353047156251038,0.646952843748962
"bambu","ratio_counts","B20K80","B20K80_2",0.729701738560793,3.01784092563593,10.8731576731801,6.02353248624378,8.55332033556983,"All",0.352826833000273,0.647173166999727
"bambu","ratio_counts","B20K80","B20K80_3",0.725390354581113,3.03265556203947,10.8731576731801,6.02353248624378,8.55332033556983,"All",0.354558866388749,0.645441133611251
"bambu","ratio_counts","Brain","B31",0.298418634216526,2.88504179108714,10.0200278840707,9.32699418895022,9.52787352086921,"All",0.302800177265991,0.697199822734009
"bambu","ratio_counts","Brain","B32",0.263121806513496,2.86722269972976,10.0200278840707,9.32699418895022,9.52787352086921,"All",0.300929970727423,0.699070029272577
"bambu","ratio_counts","Brain","B33",0.231078138395921,3.0928164506941,10.0200278840707,9.32699418895022,9.52787352086921,"All",0.324607211034005,0.675392788965995
"bambu","ratio_counts","Kidney","K31",0.673411242425025,3.20137641160315,10.1392668506839,8.06010175503904,9.3959414467369,"All",0.340719067881692,0.659280932118308
"bambu","ratio_counts","Kidney","K32",0.691227076332225,3.00265510405956,10.1392668506839,8.06010175503904,9.3959414467369,"All",0.319569371635702,0.680430628364298
"bambu","ratio_counts","Kidney","K33",0.677955177933966,3.20403173115728,10.1392668506839,8.06010175503904,9.3959414467369,"All",0.341001670702195,0.658998329297805
"flair","CPM","B20K80","B20K80_1",0.487382346042407,3.51213797852557,10.941345882157,6.09156234168924,8.42061003793181,"All",0.417088306275276,0.582911693724724
"flair","CPM","B20K80","B20K80_2",0.519211783637484,3.3216807168167,10.941345882157,6.09156234168924,8.42061003793181,"All",0.394470317691204,0.605529682308796
"flair","CPM","B20K80","B20K80_3",0.51113128334908,3.37525061409096,10.941345882157,6.09156234168924,8.42061003793181,"All",0.400832077353858,0.599167922646142
"flair","CPM","Brain","B31",NA,3.99279877189605,9.58147305098662,9.58147305098662,9.58147305098662,"All",0.416720764192402,0.583279235807598
"flair","CPM","Brain","B32",NA,3.88604852151616,9.58147305098662,9.58147305098662,9.58147305098662,"All",0.405579444918024,0.594420555081976
"flair","CPM","Brain","B33",NA,3.3363947712739,9.58147305098662,9.58147305098662,9.58147305098662,"All",0.348213135237107,0.651786864762893
"flair","CPM","Kidney","K31",0.343471854883113,3.44460810551391,10.2745857333318,8.19538565416613,9.33037926038807,"All",0.369182003151568,0.630817996848432
"flair","CPM","Kidney","K32",0.35753243825381,3.6061761881802,10.2745857333318,8.19538565416613,9.33037926038807,"All",0.386498349910613,0.613501650089387
"flair","CPM","Kidney","K33",0.34315014570774,3.59522897443523,10.2745857333318,8.19538565416613,9.33037926038807,"All",0.385325062797683,0.614674937202317
"flair","EDA","B20K80","B20K80_1",0.502487744693311,3.41549722379973,10.941345882157,6.09156234168924,8.42061003793181,"All",0.405611613459613,0.594388386540387
"flair","EDA","B20K80","B20K80_2",0.537403239501302,3.19637699128135,10.941345882157,6.09156234168924,8.42061003793181,"All",0.379589718189398,0.620410281810602
"flair","EDA","B20K80","B20K80_3",0.51536330677001,3.33991024596106,10.941345882157,6.09156234168924,8.42061003793181,"All",0.396635188058344,0.603364811941656
"flair","EDA","Brain","B31",NA,3.80021131105651,9.58147305098662,9.58147305098662,9.58147305098662,"All",0.396620779585159,0.603379220414841
"flair","EDA","Brain","B32",NA,3.60571406888978,9.58147305098662,9.58147305098662,9.58147305098662,"All",0.376321474756796,0.623678525243204
"flair","EDA","Brain","B33",NA,3.39680201698877,9.58147305098662,9.58147305098662,9.58147305098662,"All",0.354517723831514,0.645482276168486
"flair","EDA","Kidney","K31",0.34226071445818,3.52482312826496,10.2745857333318,8.19538565416613,9.33037926038807,"All",0.377779190952025,0.622220809047975
"flair","EDA","Kidney","K32",0.363531368171052,3.40127239489487,10.2745857333318,8.19538565416613,9.33037926038807,"All",0.364537421253057,0.635462578746943
"flair","EDA","Kidney","K33",0.345156097036534,3.48969557781075,10.2745857333318,8.19538565416613,9.33037926038807,"All",0.374014333225036,0.625985666774964
"flair","TPM","B20K80","B20K80_1",0.564839547514739,2.97905008150619,10.941345882157,6.09156234168924,8.42061003793181,"All",0.353780791188126,0.646219208811874
"flair","TPM","B20K80","B20K80_2",0.592578809929982,2.82075299237013,10.941345882157,6.09156234168924,8.42061003793181,"All",0.334982023827686,0.665017976172314
"flair","TPM","B20K80","B20K80_3",0.582297294918735,2.90272367680781,10.941345882157,6.09156234168924,8.42061003793181,"All",0.344716554232068,0.655283445767932
"flair","TPM","Brain","B31",NA,3.36137100193474,9.58147305098662,9.58147305098662,9.58147305098662,"All",0.350819856617831,0.649180143382169
"flair","TPM","Brain","B32",NA,3.24979888203144,9.58147305098662,9.58147305098662,9.58147305098662,"All",0.33917528805206,0.66082471194794
"flair","TPM","Brain","B33",NA,2.84792661459499,9.58147305098662,9.58147305098662,9.58147305098662,"All",0.297232648825509,0.702767351174491
"flair","TPM","Kidney","K31",0.3788598641741,2.91857059325697,10.2745857333318,8.19538565416613,9.33037926038807,"All",0.312802996727871,0.687197003272129
"flair","TPM","Kidney","K32",0.385577908718646,3.00292845219113,10.2745857333318,8.19538565416613,9.33037926038807,"All",0.321844200368145,0.678155799631855
"flair","TPM","Kidney","K33",0.38147138571536,3.01331264409632,10.2745857333318,8.19538565416613,9.33037926038807,"All",0.32295714461354,0.67704285538646
"flair","cqn","B20K80","B20K80_1",0.474369789275812,3.88493932115443,10.941345882157,6.09156234168924,8.42061003793181,"All",0.461360792585595,0.538639207414405
"flair","cqn","B20K80","B20K80_2",0.492187295031951,3.70719376468324,10.941345882157,6.09156234168924,8.42061003793181,"All",0.440252398339748,0.559747601660252
"flair","cqn","B20K80","B20K80_3",0.478800497402206,3.76873866052687,10.941345882157,6.09156234168924,8.42061003793181,"All",0.447561238859187,0.552438761140813
"flair","cqn","Brain","B31",NA,3.67867063007702,9.58147305098662,9.58147305098662,9.58147305098662,"All",0.383935811383221,0.616064188616779
"flair","cqn","Brain","B32",NA,3.63823528083809,9.58147305098662,9.58147305098662,9.58147305098662,"All",0.379715651390728,0.620284348609272
"flair","cqn","Brain","B33",NA,3.57886782982271,9.58147305098662,9.58147305098662,9.58147305098662,"All",0.373519584178571,0.626480415821429
"flair","cqn","Kidney","K31",0.327083611008249,3.66721190471691,10.2745857333318,8.19538565416613,9.33037926038807,"All",0.393039961439293,0.606960038560707
"flair","cqn","Kidney","K32",0.35230939517129,3.46986946701274,10.2745857333318,8.19538565416613,9.33037926038807,"All",0.371889434521059,0.628110565478941
"flair","cqn","Kidney","K33",0.344190969510416,3.55632868783494,10.2745857333318,8.19538565416613,9.33037926038807,"All",0.381155855360913,0.618844144639087
"flair","ratio_counts","B20K80","B20K80_1",0.838480234780478,1.9562381645693,10.8731576731801,6.02353248624378,8.55332033556983,"All",0.2287109669486,0.7712890330514
"flair","ratio_counts","B20K80","B20K80_2",0.83730869796711,1.97530895320618,10.8731576731801,6.02353248624378,8.55332033556983,"All",0.230940602679367,0.769059397320633
"flair","ratio_counts","B20K80","B20K80_3",0.827048302972613,1.9820379473322,10.8731576731801,6.02353248624378,8.55332033556983,"All",0.2317273140221,0.7682726859779
"flair","ratio_counts","Brain","B31",0.172425863025402,2.08240053684127,10.0200278840707,9.32699418895022,9.52787352086921,"All",0.218558793027649,0.781441206972351
"flair","ratio_counts","Brain","B32",0.123503908578164,2.07288181916522,10.0200278840707,9.32699418895022,9.52787352086921,"All",0.217559753981298,0.782440246018703
"flair","ratio_counts","Brain","B33",0.206909145540042,2.09309647055639,10.0200278840707,9.32699418895022,9.52787352086921,"All",0.219681387034768,0.780318612965232
"flair","ratio_counts","Kidney","K31",0.739722938596473,2.00899569351507,10.1392668506839,8.06010175503904,9.3959414467369,"All",0.213815263207368,0.786184736792632
"flair","ratio_counts","Kidney","K32",0.784099880728754,1.98054241095908,10.1392668506839,8.06010175503904,9.3959414467369,"All",0.210787010773349,0.789212989226651
"flair","ratio_counts","Kidney","K33",0.762980619568999,2.00170225342585,10.1392668506839,8.06010175503904,9.3959414467369,"All",0.213039030178398,0.786960969821602
"isoquant","CPM","B20K80","B20K80_1",0.515819524593335,4.04361064544158,10.941345882157,6.09156234168924,8.42061003793181,"All",0.480204002706048,0.519795997293952
"isoquant","CPM","B20K80","B20K80_2",0.54362361634189,3.87713814215756,10.941345882157,6.09156234168924,8.42061003793181,"All",0.460434353887956,0.539565646112044
"isoquant","CPM","B20K80","B20K80_3",0.534564327822043,3.9305895275001,10.941345882157,6.09156234168924,8.42061003793181,"All",0.466782039519015,0.533217960480985
"isoquant","CPM","Brain","B31",NA,4.78485452125009,9.58147305098662,9.58147305098662,9.58147305098662,"All",0.499386106477373,0.500613893522627
"isoquant","CPM","Brain","B32",NA,4.71128446324225,9.58147305098662,9.58147305098662,9.58147305098662,"All",0.491707740362232,0.508292259637768
"isoquant","CPM","Brain","B33",NA,4.36393431855252,9.58147305098662,9.58147305098662,9.58147305098662,"All",0.455455470712111,0.544544529287889
"isoquant","CPM","Kidney","K31",0.308372932491649,4.18024339372357,10.2745857333318,8.19538565416613,9.33037926038807,"All",0.448025024177818,0.551974975822182
"isoquant","CPM","Kidney","K32",0.318880384763495,4.30682332914616,10.2745857333318,8.19538565416613,9.33037926038807,"All",0.461591453997019,0.538408546002981
"isoquant","CPM","Kidney","K33",0.303504285013436,4.28124090029465,10.2745857333318,8.19538565416613,9.33037926038807,"All",0.458849611662687,0.541150388337313
"isoquant","EDA","B20K80","B20K80_1",0.509903206246408,4.09156148093847,10.941345882157,6.09156234168924,8.42061003793181,"All",0.48589846371076,0.51410153628924
"isoquant","EDA","B20K80","B20K80_2",0.544964977475475,3.88208781105147,10.941345882157,6.09156234168924,8.42061003793181,"All",0.46102215796291,0.53897784203709
"isoquant","EDA","B20K80","B20K80_3",0.537095515571709,3.94205302871567,10.941345882157,6.09156234168924,8.42061003793181,"All",0.468143401838839,0.531856598161161
"isoquant","EDA","Brain","B31",NA,4.57040699908073,9.58147305098662,9.58147305098662,9.58147305098662,"All",0.477004629117034,0.522995370882966
"isoquant","EDA","Brain","B32",NA,4.52876841412277,9.58147305098662,9.58147305098662,9.58147305098662,"All",0.472658889715965,0.527341110284035
"isoquant","EDA","Brain","B33",NA,4.47255681977989,9.58147305098662,9.58147305098662,9.58147305098662,"All",0.466792193223289,0.533207806776711
"isoquant","EDA","Kidney","K31",0.291398970855544,4.49869842011631,10.2745857333318,8.19538565416613,9.33037926038807,"All",0.482156008300267,0.517843991699733
"isoquant","EDA","Kidney","K32",0.320497190803153,4.30335965850122,10.2745857333318,8.19538565416613,9.33037926038807,"All",0.461220228932284,0.538779771067716
"isoquant","EDA","Kidney","K33",0.300795271046959,4.39001816945798,10.2745857333318,8.19538565416613,9.33037926038807,"All",0.470508009046932,0.529491990953068
"isoquant","TPM","B20K80","B20K80_1",0.58656883149201,3.67028207991234,10.941345882157,6.09156234168924,8.42061003793181,"All",0.435868905385601,0.564131094614399
"isoquant","TPM","B20K80","B20K80_2",0.604829775620507,3.5352941633481,10.941345882157,6.09156234168924,8.42061003793181,"All",0.419838247754364,0.580161752245636
"isoquant","TPM","B20K80","B20K80_3",0.596562099981852,3.60515675770286,10.941345882157,6.09156234168924,8.42061003793181,"All",0.428134866887664,0.571865133112336
"isoquant","TPM","Brain","B31",NA,4.36955590400707,9.58147305098662,9.58147305098662,9.58147305098662,"All",0.456042184824298,0.543957815175702
"isoquant","TPM","Brain","B32",NA,4.30211911354368,9.58147305098662,9.58147305098662,9.58147305098662,"All",0.449003936101525,0.550996063898475
"isoquant","TPM","Brain","B33",NA,4.0761728221841,9.58147305098662,9.58147305098662,9.58147305098662,"All",0.425422354213517,0.574577645786483
"isoquant","TPM","Kidney","K31",0.348932365374351,3.85340867231164,10.2745857333318,8.19538565416613,9.33037926038807,"All",0.412995931330595,0.587004068669405
"isoquant","TPM","Kidney","K32",0.347549442160695,3.9173693601283,10.2745857333318,8.19538565416613,9.33037926038807,"All",0.419851031860989,0.580148968139011
"isoquant","TPM","Kidney","K33",0.345920244950087,3.90538798876347,10.2745857333318,8.19538565416613,9.33037926038807,"All",0.418566907064937,0.581433092935063
"isoquant","cqn","B20K80","B20K80_1",0.523180013821967,4.07740256666479,10.941345882157,6.09156234168924,8.42061003793181,"All",0.484217004266623,0.515782995733377
"isoquant","cqn","B20K80","B20K80_2",0.55850314041133,3.74161871603234,10.941345882157,6.09156234168924,8.42061003793181,"All",0.444340576178888,0.555659423821113
"isoquant","cqn","B20K80","B20K80_3",0.549620273724782,3.80046208139799,10.941345882157,6.09156234168924,8.42061003793181,"All",0.451328593092221,0.548671406907779
"isoquant","cqn","Brain","B31",NA,4.27002817491575,9.58147305098662,9.58147305098662,9.58147305098662,"All",0.445654666270346,0.554345333729654
"isoquant","cqn","Brain","B32",NA,4.17339194192522,9.58147305098662,9.58147305098662,9.58147305098662,"All",0.435568927629085,0.564431072370915
"isoquant","cqn","Brain","B33",NA,4.22962985225182,9.58147305098662,9.58147305098662,9.58147305098662,"All",0.441438370670602,0.558561629329398
"isoquant","cqn","Kidney","K31",0.30068453538173,4.11514803637504,10.2745857333318,8.19538565416613,9.33037926038807,"All",0.441048313421279,0.558951686578721
"isoquant","cqn","Kidney","K32",0.318970365038234,3.94356543356316,10.2745857333318,8.19538565416613,9.33037926038807,"All",0.42265864264548,0.57734135735452
"isoquant","cqn","Kidney","K33",0.317626375487912,4.00861035146582,10.2745857333318,8.19538565416613,9.33037926038807,"All",0.429629947464654,0.570370052535346
"isoquant","ratio_counts","B20K80","B20K80_1",0.782084267783734,3.79751832492938,10.8731576731801,6.02353248624378,8.55332033556983,"All",0.44398177268505,0.55601822731495
"isoquant","ratio_counts","B20K80","B20K80_2",0.803543637460029,3.68585418967758,10.8731576731801,6.02353248624378,8.55332033556983,"All",0.430926709753824,0.569073290246176
"isoquant","ratio_counts","B20K80","B20K80_3",0.784771419894875,3.67920813239574,10.8731576731801,6.02353248624378,8.55332033556983,"All",0.430149694861233,0.569850305138767
"isoquant","ratio_counts","Brain","B31",0.134930123922464,3.68955529904735,10.0200278840707,9.32699418895022,9.52787352086921,"All",0.38723806429273,0.61276193570727
"isoquant","ratio_counts","Brain","B32",0.070677683959386,3.6910948515056,10.0200278840707,9.32699418895022,9.52787352086921,"All",0.387399648349747,0.612600351650253
"isoquant","ratio_counts","Brain","B33",0.139749056919695,3.7036159307266,10.0200278840707,9.32699418895022,9.52787352086921,"All",0.388713800893184,0.611286199106816
"isoquant","ratio_counts","Kidney","K31",0.69180260159295,4.67845753123929,10.1392668506839,8.06010175503904,9.3959414467369,"All",0.497923231829426,0.502076768170574
"isoquant","ratio_counts","Kidney","K32",0.711315079813026,4.89605244141234,10.1392668506839,8.06010175503904,9.3959414467369,"All",0.521081625419524,0.478918374580476
"isoquant","ratio_counts","Kidney","K33",0.704229966362241,4.82797754076566,10.1392668506839,8.06010175503904,9.3959414467369,"All",0.51383648654413,0.48616351345587
"kallisto","CPM","B20K80","B20K80_1",0.512181410856711,3.52971159087424,10.941345882157,6.09156234168924,8.42061003793181,"All",0.419175282428964,0.580824717571036
"kallisto","CPM","B20K80","B20K80_2",0.544720872581107,3.33435337760201,10.941345882157,6.09156234168924,8.42061003793181,"All",0.395975275257013,0.604024724742987
"kallisto","CPM","B20K80","B20K80_3",0.530944478742095,3.3932868065331,10.941345882157,6.09156234168924,8.42061003793181,"All",0.402973987780881,0.597026012219119
"kallisto","CPM","Brain","B31",NA,4.03286049195258,9.58147305098662,9.58147305098662,9.58147305098662,"All",0.420901929222386,0.579098070777614
"kallisto","CPM","Brain","B32",NA,3.94304606645958,9.58147305098662,9.58147305098662,9.58147305098662,"All",0.411528169570289,0.588471830429711
"kallisto","CPM","Brain","B33",NA,3.46168019803172,9.58147305098662,9.58147305098662,9.58147305098662,"All",0.36128893538716,0.63871106461284
"kallisto","CPM","Kidney","K31",0.322020148380712,3.44965193438174,10.2745857333318,8.19538565416613,9.33037926038807,"All",0.369722584485624,0.630277415514376
"kallisto","CPM","Kidney","K32",0.327792305840446,3.60971379411212,10.2745857333318,8.19538565416613,9.33037926038807,"All",0.386877499121293,0.613122500878707
"kallisto","CPM","Kidney","K33",0.315683121745791,3.57691019388325,10.2745857333318,8.19538565416613,9.33037926038807,"All",0.383361714895014,0.616638285104986
"kallisto","EDA","B20K80","B20K80_1",0.524812668752201,3.39815417060656,10.941345882157,6.09156234168924,8.42061003793181,"All",0.403552017644695,0.596447982355305
"kallisto","EDA","B20K80","B20K80_2",0.571985777324414,3.17624951278674,10.941345882157,6.09156234168924,8.42061003793181,"All",0.377199454490695,0.622800545509305
"kallisto","EDA","B20K80","B20K80_3",0.550624369669072,3.28563133200508,10.941345882157,6.09156234168924,8.42061003793181,"All",0.390189228239343,0.609810771760657
"kallisto","EDA","Brain","B31",NA,3.71417926948967,9.58147305098662,9.58147305098662,9.58147305098662,"All",0.387641780102613,0.612358219897387
"kallisto","EDA","Brain","B32",NA,3.61501819373726,9.58147305098662,9.58147305098662,9.58147305098662,"All",0.377292528455738,0.622707471544262
"kallisto","EDA","Brain","B33",NA,3.4422167918068,9.58147305098662,9.58147305098662,9.58147305098662,"All",0.359257576939315,0.640742423060685
"kallisto","EDA","Kidney","K31",0.314733982406948,3.61926321601626,10.2745857333318,8.19538565416613,9.33037926038807,"All",0.387900975406409,0.612099024593591
"kallisto","EDA","Kidney","K32",0.337179158627425,3.45267895481177,10.2745857333318,8.19538565416613,9.33037926038807,"All",0.370047010786587,0.629952989213413
"kallisto","EDA","Kidney","K33",0.332277556063257,3.53372128801259,10.2745857333318,8.19538565416613,9.33037926038807,"All",0.37873286705664,0.62126713294336
"kallisto","TPM","B20K80","B20K80_1",0.595846924173466,3.09274176117963,10.941345882157,6.09156234168924,8.42061003793181,"All",0.367282387766201,0.632717612233799
"kallisto","TPM","B20K80","B20K80_2",0.618268827244321,2.92680169454258,10.941345882157,6.09156234168924,8.42061003793181,"All",0.347575969123187,0.652424030876813
"kallisto","TPM","B20K80","B20K80_3",0.611546043806691,3.01044157743671,10.941345882157,6.09156234168924,8.42061003793181,"All",0.357508727262723,0.642491272737277
"kallisto","TPM","Brain","B31",NA,3.5272673115651,9.58147305098662,9.58147305098662,9.58147305098662,"All",0.368134136869684,0.631865863130316
"kallisto","TPM","Brain","B32",NA,3.43965976604306,9.58147305098662,9.58147305098662,9.58147305098662,"All",0.358990705055406,0.641009294944594
"kallisto","TPM","Brain","B33",NA,3.10711490629772,9.58147305098662,9.58147305098662,9.58147305098662,"All",0.324283634652374,0.675716365347626
"kallisto","TPM","Kidney","K31",0.345354804603181,3.00621303579983,10.2745857333318,8.19538565416613,9.33037926038807,"All",0.322196231461098,0.677803768538902
"kallisto","TPM","Kidney","K32",0.360116387614961,3.0935595310602,10.2745857333318,8.19538565416613,9.33037926038807,"All",0.331557747517707,0.668442252482293
"kallisto","TPM","Kidney","K33",0.359889286337857,3.07686152324239,10.2745857333318,8.19538565416613,9.33037926038807,"All",0.329768108816877,0.670231891183123
"kallisto","cqn","B20K80","B20K80_1",0.540112096056547,3.76845318791126,10.941345882157,6.09156234168924,8.42061003793181,"All",0.447527337204281,0.552472662795719
"kallisto","cqn","B20K80","B20K80_2",0.569273055543535,3.5621300064493,10.941345882157,6.09156234168924,8.42061003793181,"All",0.423025171620962,0.576974828379038
"kallisto","cqn","B20K80","B20K80_3",0.562797050254866,3.56692643330622,10.941345882157,6.09156234168924,8.42061003793181,"All",0.423594777247552,0.576405222752448
"kallisto","cqn","Brain","B31",NA,3.52028880903448,9.58147305098662,9.58147305098662,9.58147305098662,"All",0.367405803919888,0.632594196080112
"kallisto","cqn","Brain","B32",NA,3.46655879538179,9.58147305098662,9.58147305098662,9.58147305098662,"All",0.361798105253224,0.638201894746776
"kallisto","cqn","Brain","B33",NA,3.41698363393618,9.58147305098662,9.58147305098662,9.58147305098662,"All",0.356624040557556,0.643375959442444
"kallisto","cqn","Kidney","K31",0.302224487059785,3.45537252547103,10.2745857333318,8.19538565416613,9.33037926038807,"All",0.370335699015016,0.629664300984984
"kallisto","cqn","Kidney","K32",0.335551599474844,3.2315997664386,10.2745857333318,8.19538565416613,9.33037926038807,"All",0.346352455377488,0.653647544622512
"kallisto","cqn","Kidney","K33",0.329722666695833,3.32395325440254,10.2745857333318,8.19538565416613,9.33037926038807,"All",0.356250604786701,0.643749395213299
"kallisto","ratio_counts","B20K80","B20K80_1",0.830552042242542,2.3209582843935,10.8731576731801,6.02353248624378,8.55332033556983,"All",0.2713517316476,0.7286482683524
"kallisto","ratio_counts","B20K80","B20K80_2",0.835635743420372,2.32644595641538,10.8731576731801,6.02353248624378,8.55332033556983,"All",0.271993315477806,0.728006684522194
"kallisto","ratio_counts","B20K80","B20K80_3",0.826866831351551,2.3316707957054,10.8731576731801,6.02353248624378,8.55332033556983,"All",0.272604170570921,0.727395829429079
"kallisto","ratio_counts","Brain","B31",0.272710828253591,2.58178298406335,10.0200278840707,9.32699418895022,9.52787352086921,"All",0.270971584415807,0.729028415584193
"kallisto","ratio_counts","Brain","B32",0.221377025288209,2.58158803247019,10.0200278840707,9.32699418895022,9.52787352086921,"All",0.270951123229717,0.729048876770283
"kallisto","ratio_counts","Brain","B33",0.274315009596259,2.60042608098584,10.0200278840707,9.32699418895022,9.52787352086921,"All",0.272928274634423,0.727071725365577
"kallisto","ratio_counts","Kidney","K31",0.753001597005433,2.28565259831902,10.1392668506839,8.06010175503904,9.3959414467369,"All",0.243259561724153,0.756740438275847
"kallisto","ratio_counts","Kidney","K32",0.775408923013059,2.26957451418377,10.1392668506839,8.06010175503904,9.3959414467369,"All",0.241548388423809,0.758451611576191
"kallisto","ratio_counts","Kidney","K33",0.749860029338823,2.27194145166238,10.1392668506839,8.06010175503904,9.3959414467369,"All",0.241800299048415,0.758199700951585
"oarfish","CPM","B20K80","B20K80_1",0.475182532238322,3.88755938495472,10.941345882157,6.09156234168924,8.42061003793181,"All",0.461671941515243,0.538328058484757
"oarfish","CPM","B20K80","B20K80_2",0.507978636162088,3.70253309255419,10.941345882157,6.09156234168924,8.42061003793181,"All",0.43969891443442,0.56030108556558
"oarfish","CPM","B20K80","B20K80_3",0.496816181250288,3.78136702790106,10.941345882157,6.09156234168924,8.42061003793181,"All",0.449060936305964,0.550939063694036
"oarfish","CPM","Brain","B31",NA,4.2615965397218,9.58147305098662,9.58147305098662,9.58147305098662,"All",0.444774672646288,0.555225327353712
"oarfish","CPM","Brain","B32",NA,4.1647935965746,9.58147305098662,9.58147305098662,9.58147305098662,"All",0.434671534785117,0.565328465214882
"oarfish","CPM","Brain","B33",NA,3.7065510146155,9.58147305098662,9.58147305098662,9.58147305098662,"All",0.386845633744576,0.613154366255424
"oarfish","CPM","Kidney","K31",0.302867223497265,3.6532980958472,10.2745857333318,8.19538565416613,9.33037926038807,"All",0.391548724215016,0.608451275784984
"oarfish","CPM","Kidney","K32",0.304154248319026,3.80502881757887,10.2745857333318,8.19538565416613,9.33037926038807,"All",0.407810734310987,0.592189265689013
"oarfish","CPM","Kidney","K33",0.29247639074511,3.77792358067905,10.2745857333318,8.19538565416613,9.33037926038807,"All",0.404905682314345,0.595094317685655
"oarfish","EDA","B20K80","B20K80_1",0.528622570647041,3.58358517232477,10.941345882157,6.09156234168924,8.42061003793181,"All",0.425573106483024,0.574426893516976
"oarfish","EDA","B20K80","B20K80_2",0.549915233947785,3.4256600614161,10.941345882157,6.09156234168924,8.42061003793181,"All",0.406818513858823,0.593181486141177
"oarfish","EDA","B20K80","B20K80_3",0.537696579295667,3.52900469891534,10.941345882157,6.09156234168924,8.42061003793181,"All",0.419091334596715,0.580908665403285
"oarfish","EDA","Brain","B31",NA,3.79192382507949,9.58147305098662,9.58147305098662,9.58147305098662,"All",0.39575583053892,0.604244169461081
"oarfish","EDA","Brain","B32",NA,3.76082870641069,9.58147305098662,9.58147305098662,9.58147305098662,"All",0.392510492530523,0.607489507469477
"oarfish","EDA","Brain","B33",NA,3.52675202952389,9.58147305098662,9.58147305098662,9.58147305098662,"All",0.368080357869476,0.631919642130524
"oarfish","EDA","Kidney","K31",0.31361766612609,3.6237876693104,10.2745857333318,8.19538565416613,9.33037926038807,"All",0.388385891739161,0.611614108260839
"oarfish","EDA","Kidney","K32",0.316040301084698,3.56154698133385,10.2745857333318,8.19538565416613,9.33037926038807,"All",0.381715135252253,0.618284864747747
"oarfish","EDA","Kidney","K33",0.31448830056434,3.5721236248384,10.2745857333318,8.19538565416613,9.33037926038807,"All",0.382848705840263,0.617151294159737
"oarfish","TPM","B20K80","B20K80_1",0.556204525954766,3.47370516429617,10.941345882157,6.09156234168924,8.42061003793181,"All",0.412524169703666,0.587475830296334
"oarfish","TPM","B20K80","B20K80_2",0.583956974118103,3.31446279414744,10.941345882157,6.09156234168924,8.42061003793181,"All",0.393613144322915,0.606386855677085
"oarfish","TPM","B20K80","B20K80_3",0.575868035301895,3.42727459805247,10.941345882157,6.09156234168924,8.42061003793181,"All",0.407010250161668,0.592989749838332
"oarfish","TPM","Brain","B31",NA,3.77235761981445,9.58147305098662,9.58147305098662,9.58147305098662,"All",0.393713743152052,0.606286256847948
"oarfish","TPM","Brain","B32",NA,3.6751608661058,9.58147305098662,9.58147305098662,9.58147305098662,"All",0.383569504036476,0.616430495963524
"oarfish","TPM","Brain","B33",NA,3.3554459487731,9.58147305098662,9.58147305098662,9.58147305098662,"All",0.350201470162,0.649798529838
"oarfish","TPM","Kidney","K31",0.339414943068145,3.23872603545972,10.2745857333318,8.19538565416613,9.33037926038807,"All",0.347116225940532,0.652883774059468
"oarfish","TPM","Kidney","K32",0.337389771657434,3.32002865603182,10.2745857333318,8.19538565416613,9.33037926038807,"All",0.355829978972766,0.644170021027234
"oarfish","TPM","Kidney","K33",0.335572795438478,3.310943468623,10.2745857333318,8.19538565416613,9.33037926038807,"All",0.35485625784576,0.64514374215424
"oarfish","cqn","B20K80","B20K80_1",0.493736365594031,4.00559850906032,10.941345882157,6.09156234168924,8.42061003793181,"All",0.475689824254602,0.524310175745398
"oarfish","cqn","B20K80","B20K80_2",0.516423392518765,3.86889236619041,10.941345882157,6.09156234168924,8.42061003793181,"All",0.459455116525104,0.540544883474896
"oarfish","cqn","B20K80","B20K80_3",0.512143536020443,3.87996562222861,10.941345882157,6.09156234168924,8.42061003793181,"All",0.460770134794363,0.539229865205637
"oarfish","cqn","Brain","B31",NA,3.65570463328886,9.58147305098662,9.58147305098662,9.58147305098662,"All",0.38153889426349,0.61846110573651
"oarfish","cqn","Brain","B32",NA,3.6228621562371,9.58147305098662,9.58147305098662,9.58147305098662,"All",0.378111187805725,0.621888812194275
"oarfish","cqn","Brain","B33",NA,3.46422870839687,9.58147305098662,9.58147305098662,9.58147305098662,"All",0.361554918535219,0.638445081464781
"oarfish","cqn","Kidney","K31",0.284281070924192,3.40047357874754,10.2745857333318,8.19538565416613,9.33037926038807,"All",0.364451806711028,0.635548193288972
"oarfish","cqn","Kidney","K32",0.307220395688515,3.3127848464774,10.2745857333318,8.19538565416613,9.33037926038807,"All",0.355053610793911,0.644946389206089
"oarfish","cqn","Kidney","K33",0.298249075607418,3.3527808357685,10.2745857333318,8.19538565416613,9.33037926038807,"All",0.359340252116295,0.640659747883705
"oarfish","ratio_counts","B20K80","B20K80_1",0.783790399185687,2.78931638107847,10.8731576731801,6.02353248624378,8.55332033556983,"All",0.326109191711063,0.673890808288937
"oarfish","ratio_counts","B20K80","B20K80_2",0.79067172348148,2.78598635401042,10.8731576731801,6.02353248624378,8.55332033556983,"All",0.325719866053025,0.674280133946975
"oarfish","ratio_counts","B20K80","B20K80_3",0.770954082710841,2.81553665280832,10.8731576731801,6.02353248624378,8.55332033556983,"All",0.329174699689386,0.670825300310614
"oarfish","ratio_counts","Brain","B31",0.263121806513496,2.8745117364809,10.0200278840707,9.32699418895022,9.52787352086921,"All",0.301694993136166,0.698305006863833
"oarfish","ratio_counts","Brain","B32",0.227824978810466,2.86703857362539,10.0200278840707,9.32699418895022,9.52787352086921,"All",0.30091064573282,0.69908935426718
"oarfish","ratio_counts","Brain","B33",0.259913003995039,2.8720603157303,10.0200278840707,9.32699418895022,9.52787352086921,"All",0.301437703747802,0.698562296252198
"oarfish","ratio_counts","Kidney","K31",0.689883158134941,3.0898929203231,10.1392668506839,8.06010175503904,9.3959414467369,"All",0.328853999127057,0.671146000872943
"oarfish","ratio_counts","Kidney","K32",0.704929992448172,3.21047224197363,10.1392668506839,8.06010175503904,9.3959414467369,"All",0.34168712738079,0.65831287261921
"oarfish","ratio_counts","Kidney","K33",0.692589695627761,3.18111174495193,10.1392668506839,8.06010175503904,9.3959414467369,"All",0.338562321081374,0.661437678918626
"bambu","CPM","B20K80","B20K80_1",0.560387226989881,3.45202488873361,10.941345882157,6.09156234168924,8.16963762182738,"1597-2528",0.422543207976643,0.577456792023357
"bambu","CPM","B20K80","B20K80_1",0.353272737020845,6.17790381684165,10.941345882157,6.09156234168924,8.09259891597529,"191-575",0.763401705803817,0.236598294196183
"bambu","CPM","B20K80","B20K80_1",0.549117559057041,3.7792294373553,10.941345882157,6.09156234168924,8.61798746156121,"575-813",0.438528073313148,0.561471926686852
"bambu","CPM","B20K80","B20K80_1",0.941291353282662,0.801532957750665,10.941345882157,6.09156234168924,8.82151092424315,"813-1597",0.0908611874580242,0.909138812541976
"bambu","CPM","B20K80","B20K80_2",0.560387226989881,3.44779042419982,10.941345882157,6.09156234168924,8.16963762182738,"1597-2528",0.422024890674236,0.577975109325764
"bambu","CPM","B20K80","B20K80_2",0.3920330686689,5.96835530369241,10.941345882157,6.09156234168924,8.09259891597529,"191-575",0.73750785942332,0.26249214057668
"bambu","CPM","B20K80","B20K80_2",0.60364886399804,3.4229779904536,10.941345882157,6.09156234168924,8.61798746156121,"575-813",0.397189947852803,0.602810052147197
"bambu","CPM","B20K80","B20K80_2",0.941291353282662,0.751090720465557,10.941345882157,6.09156234168924,8.82151092424315,"813-1597",0.0851430924833318,0.914856907516668
"bambu","CPM","B20K80","B20K80_3",0.560387226989881,3.41725985131664,10.941345882157,6.09156234168924,8.16963762182738,"1597-2528",0.418287812691534,0.581712187308466
"bambu","CPM","B20K80","B20K80_3",0.353272737020845,6.10317383716006,10.941345882157,6.09156234168924,8.09259891597529,"191-575",0.754167344820712,0.245832655179288
"bambu","CPM","B20K80","B20K80_3",0.580821806115761,3.42362110741014,10.941345882157,6.09156234168924,8.61798746156121,"575-813",0.397264572811286,0.602735427188714
"bambu","CPM","B20K80","B20K80_3",0.924366335865408,0.834289308950312,10.941345882157,6.09156234168924,8.82151092424315,"813-1597",0.0945744233742918,0.905425576625708
"bambu","CPM","Brain","B31",NA,2.51344494258647,9.58147305098662,9.58147305098662,9.58147305098662,"1597-2528",0.262323437034315,0.737676562965685
"bambu","CPM","Brain","B31",NA,6.96307177285366,9.58147305098662,9.58147305098662,9.58147305098662,"191-575",0.726722471148282,0.273277528851718
"bambu","CPM","Brain","B31",NA,4.29171055187667,9.58147305098662,9.58147305098662,9.58147305098662,"575-813",0.447917614446011,0.552082385553989
"bambu","CPM","Brain","B31",NA,0.808102946703174,9.58147305098662,9.58147305098662,9.58147305098662,"813-1597",0.0843401575522839,0.915659842447716
"bambu","CPM","Brain","B32",NA,2.53417922696546,9.58147305098662,9.58147305098662,9.58147305098662,"1597-2528",0.264487434602189,0.735512565397811
"bambu","CPM","Brain","B32",NA,6.84676475773161,9.58147305098662,9.58147305098662,9.58147305098662,"191-575",0.714583730632795,0.285416269367205
"bambu","CPM","Brain","B32",NA,4.03834532552512,9.58147305098662,9.58147305098662,9.58147305098662,"575-813",0.421474370802439,0.578525629197561
"bambu","CPM","Brain","B32",NA,0.739544418171886,9.58147305098662,9.58147305098662,9.58147305098662,"813-1597",0.0771848351747682,0.922815164825232
"bambu","CPM","Brain","B33",NA,3.38579681553969,9.58147305098662,9.58147305098662,9.58147305098662,"1597-2528",0.353369132024125,0.646630867975875
"bambu","CPM","Brain","B33",NA,6.30944284789017,9.58147305098662,9.58147305098662,9.58147305098662,"191-575",0.658504471527004,0.341495528472996
"bambu","CPM","Brain","B33",NA,3.13020774961553,9.58147305098662,9.58147305098662,9.58147305098662,"575-813",0.326693790501576,0.673306209498423
"bambu","CPM","Brain","B33",NA,0.774345892142942,9.58147305098662,9.58147305098662,9.58147305098662,"813-1597",0.0808169983907856,0.919183001609214
"bambu","CPM","Kidney","K31",0.712516634481197,2.46467453933393,10.2745857333318,8.19538565416613,9.41842017762234,"1597-2528",0.261686619714617,0.738313380285383
"bambu","CPM","Kidney","K31",0.378743812103852,6.6552944804563,10.2745857333318,8.19538565416613,9.31196563930357,"191-575",0.714703504957739,0.285296495042261
"bambu","CPM","Kidney","K31",0.536435860233552,3.27659477489559,10.2745857333318,8.19538565416613,9.33688359577145,"575-813",0.350930237191723,0.649069762808277
"bambu","CPM","Kidney","K31",0.818910458111749,2.1196428150125,10.2745857333318,8.19538565416613,9.25533078303635,"813-1597",0.229018590982992,0.770981409017008
"bambu","CPM","Kidney","K32",0.690886665220161,2.50808624585518,10.2745857333318,8.19538565416613,9.41842017762234,"1597-2528",0.266295854140619,0.733704145859381
"bambu","CPM","Kidney","K32",0.362554843845485,6.68352631733406,10.2745857333318,8.19538565416613,9.31196563930357,"191-575",0.717735285568978,0.282264714431022
"bambu","CPM","Kidney","K32",0.561799257880529,3.73573576867415,10.2745857333318,8.19538565416613,9.33688359577145,"575-813",0.40010520966182,0.599894790338179
"bambu","CPM","Kidney","K32",0.756418086109581,2.08415445474126,10.2745857333318,8.19538565416613,9.25533078303635,"813-1597",0.225184221244821,0.774815778755179
"bambu","CPM","Kidney","K33",0.690886665220161,2.49996340893015,10.2745857333318,8.19538565416613,9.41842017762234,"1597-2528",0.265433412587594,0.734566587412406
"bambu","CPM","Kidney","K33",0.352165298973758,6.75692136890475,10.2745857333318,8.19538565416613,9.31196563930357,"191-575",0.725617085654334,0.274382914345666
"bambu","CPM","Kidney","K33",0.532631350586506,3.65624068840779,10.2745857333318,8.19538565416613,9.33688359577145,"575-813",0.39159111826816,0.60840888173184
"bambu","CPM","Kidney","K33",0.790268120944089,2.0879866131348,10.2745857333318,8.19538565416613,9.25533078303635,"813-1597",0.225598270022047,0.774401729977953
"bambu","EDA","B20K80","B20K80_1",0.560387226989881,3.46720307357596,10.941345882157,6.09156234168924,8.16963762182738,"1597-2528",0.424401085344643,0.575598914655357
"bambu","EDA","B20K80","B20K80_1",0.377636374056765,5.95313179181356,10.941345882157,6.09156234168924,8.09259891597529,"191-575",0.73562669466563,0.26437330533437
"bambu","EDA","B20K80","B20K80_1",0.602380694115691,3.63281416850034,10.941345882157,6.09156234168924,8.61798746156121,"575-813",0.421538576692501,0.578461423307499
"bambu","EDA","B20K80","B20K80_1",0.941291353282662,0.72978093769257,10.941345882157,6.09156234168924,8.82151092424315,"813-1597",0.0827274311577393,0.917272568842261
"bambu","EDA","B20K80","B20K80_2",0.560387226989881,3.45508650481703,10.941345882157,6.09156234168924,8.16963762182738,"1597-2528",0.422917963409521,0.577082036590479
"bambu","EDA","B20K80","B20K80_2",0.3920330686689,5.75199706254991,10.941345882157,6.09156234168924,8.09259891597529,"191-575",0.710772537014669,0.289227462985331
"bambu","EDA","B20K80","B20K80_2",0.563067427762878,3.26682818273292,10.941345882157,6.09156234168924,8.61798746156121,"575-813",0.379070890657935,0.620929109342065
"bambu","EDA","B20K80","B20K80_2",0.941291353282662,0.701587254600724,10.941345882157,6.09156234168924,8.82151092424315,"813-1597",0.0795314159474237,0.920468584052576
"bambu","EDA","B20K80","B20K80_3",0.560387226989881,3.44652817878563,10.941345882157,6.09156234168924,8.16963762182738,"1597-2528",0.421870386218516,0.578129613781484
"bambu","EDA","B20K80","B20K80_3",0.3920330686689,5.9508321619955,10.941345882157,6.09156234168924,8.09259891597529,"191-575",0.73534253010466,0.26465746989534
"bambu","EDA","B20K80","B20K80_3",0.58208997599811,3.38118327118309,10.941345882157,6.09156234168924,8.61798746156121,"575-813",0.392340240254952,0.607659759745048
"bambu","EDA","B20K80","B20K80_3",0.924366335865408,0.726876721619678,10.941345882157,6.09156234168924,8.82151092424315,"813-1597",0.0823982113565246,0.917601788643475
"bambu","EDA","Brain","B31",NA,2.49255357023579,9.58147305098662,9.58147305098662,9.58147305098662,"1597-2528",0.260143044495556,0.739856955504444
"bambu","EDA","Brain","B31",NA,6.50406098527054,9.58147305098662,9.58147305098662,9.58147305098662,"191-575",0.678816393957378,0.321183606042622
"bambu","EDA","Brain","B31",NA,3.82325696538142,9.58147305098662,9.58147305098662,9.58147305098662,"575-813",0.399026010409509,0.600973989590491
"bambu","EDA","Brain","B31",NA,0.773103236903645,9.58147305098662,9.58147305098662,9.58147305098662,"813-1597",0.0806873048423422,0.919312695157658
"bambu","EDA","Brain","B32",NA,2.50027347030188,9.58147305098662,9.58147305098662,9.58147305098662,"1597-2528",0.260948755686833,0.739051244313167
"bambu","EDA","Brain","B32",NA,6.38883774712926,9.58147305098662,9.58147305098662,9.58147305098662,"191-575",0.666790765170642,0.333209234829358
"bambu","EDA","Brain","B32",NA,3.50203105081996,9.58147305098662,9.58147305098662,9.58147305098662,"575-813",0.365500276646851,0.634499723353149
"bambu","EDA","Brain","B32",NA,0.708332921255942,9.58147305098662,9.58147305098662,9.58147305098662,"813-1597",0.0739273509915058,0.926072649008494
"bambu","EDA","Brain","B33",NA,3.39666506643348,9.58147305098662,9.58147305098662,9.58147305098662,"1597-2528",0.35450343056423,0.64549656943577
"bambu","EDA","Brain","B33",NA,6.16335383395894,9.58147305098662,9.58147305098662,9.58147305098662,"191-575",0.643257440809092,0.356742559190908
"bambu","EDA","Brain","B33",NA,3.07853352900282,9.58147305098662,9.58147305098662,9.58147305098662,"575-813",0.32130065101898,0.67869934898102
"bambu","EDA","Brain","B33",NA,0.728655523734919,9.58147305098662,9.58147305098662,9.58147305098662,"813-1597",0.0760483821075808,0.923951617892419
"bambu","EDA","Kidney","K31",0.653988482363099,2.51839705668263,10.2745857333318,8.19538565416613,9.41842017762234,"1597-2528",0.267390603645631,0.732609396354369
"bambu","EDA","Kidney","K31",0.378743812103852,6.80275148805628,10.2745857333318,8.19538565416613,9.31196563930357,"191-575",0.730538723139559,0.269461276860441
"bambu","EDA","Kidney","K31",0.536435860233552,3.64279765509339,10.2745857333318,8.19538565416613,9.33688359577145,"575-813",0.390151340940264,0.609848659059736
"bambu","EDA","Kidney","K31",0.818910458111749,2.06830215177439,10.2745857333318,8.19538565416613,9.25533078303635,"813-1597",0.223471445835872,0.776528554164128
"bambu","EDA","Kidney","K32",0.699793123151176,2.5214815339958,10.2745857333318,8.19538565416613,9.41842017762234,"1597-2528",0.267718097774689,0.732281902225311
"bambu","EDA","Kidney","K32",0.362554843845485,6.46640307025751,10.2745857333318,8.19538565416613,9.31196563930357,"191-575",0.694418699631405,0.305581300368595
"bambu","EDA","Kidney","K32",0.574480956704017,3.61572219026443,10.2745857333318,8.19538565416613,9.33688359577145,"575-813",0.387251501336264,0.612748498663736
"bambu","EDA","Kidney","K32",0.756418086109581,2.06997335377142,10.2745857333318,8.19538565416613,9.25533078303635,"813-1597",0.223652012261449,0.776347987738551
"bambu","EDA","Kidney","K33",0.653988482363099,2.53028541711642,10.2745857333318,8.19538565416613,9.41842017762234,"1597-2528",0.268652849352404,0.731347150647595
"bambu","EDA","Kidney","K33",0.389818192574725,6.68060517281976,10.2745857333318,8.19538565416613,9.31196563930357,"191-575",0.717421587620827,0.282578412379173
"bambu","EDA","Kidney","K33",0.574480956704017,3.7198580750211,10.2745857333318,8.19538565416613,9.33688359577145,"575-813",0.398404675057293,0.601595324942707
"bambu","EDA","Kidney","K33",0.773343103526835,2.06801036926975,10.2745857333318,8.19538565416613,9.25533078303635,"813-1597",0.223439919949713,0.776560080050287
"bambu","TPM","B20K80","B20K80_1",0.560387226989881,3.37729632625654,10.941345882157,6.09156234168924,8.16963762182738,"1597-2528",0.413396099385508,0.586603900614492
"bambu","TPM","B20K80","B20K80_1",0.377636374056765,5.63944345630574,10.941345882157,6.09156234168924,8.09259891597529,"191-575",0.696864321939041,0.303135678060959
"bambu","TPM","B20K80","B20K80_1",0.613794223056831,3.07635973733696,10.941345882157,6.09156234168924,8.61798746156121,"575-813",0.356969623251187,0.643030376748813
"bambu","TPM","B20K80","B20K80_1",0.941291353282662,0.946292558703433,10.941345882157,6.09156234168924,8.82151092424315,"813-1597",0.107271029512965,0.892728970487035
"bambu","TPM","B20K80","B20K80_2",0.560387226989881,3.37302051665795,10.941345882157,6.09156234168924,8.16963762182738,"1597-2528",0.412872721263183,0.587127278736817
"bambu","TPM","B20K80","B20K80_2",0.3920330686689,5.45581053388993,10.941345882157,6.09156234168924,8.09259891597529,"191-575",0.674172857265893,0.325827142734107
"bambu","TPM","B20K80","B20K80_2",0.563067427762878,2.7591527885804,10.941345882157,6.09156234168924,8.61798746156121,"575-813",0.320162079706781,0.679837920293219
"bambu","TPM","B20K80","B20K80_2",0.941291353282662,0.907942437496541,10.941345882157,6.09156234168924,8.82151092424315,"813-1597",0.102923687936649,0.897076312063351
"bambu","TPM","B20K80","B20K80_3",0.560387226989881,3.34753793333065,10.941345882157,6.09156234168924,8.16963762182738,"1597-2528",0.409753539665799,0.590246460334201
"bambu","TPM","B20K80","B20K80_3",0.36766943163298,5.6393002967686,10.941345882157,6.09156234168924,8.09259891597529,"191-575",0.696846631758343,0.303153368241657
"bambu","TPM","B20K80","B20K80_3",0.60364886399804,2.79951198825664,10.941345882157,6.09156234168924,8.61798746156121,"575-813",0.324845214818808,0.675154785181192
"bambu","TPM","B20K80","B20K80_3",0.900931696364595,0.978875339893722,10.941345882157,6.09156234168924,8.82151092424315,"813-1597",0.110964589660439,0.889035410339561
"bambu","TPM","Brain","B31",NA,2.4473827258736,9.58147305098662,9.58147305098662,9.58147305098662,"1597-2528",0.255428649942462,0.744571350057537
"bambu","TPM","Brain","B31",NA,6.29846903012877,9.58147305098662,9.58147305098662,9.58147305098662,"191-575",0.657359155175019,0.342640844824981
"bambu","TPM","Brain","B31",NA,3.49043088202646,9.58147305098662,9.58147305098662,9.58147305098662,"575-813",0.364289589236703,0.635710410763297
"bambu","TPM","Brain","B31",NA,0.842448148877846,9.58147305098662,9.58147305098662,9.58147305098662,"813-1597",0.0879247005543785,0.912075299445621
"bambu","TPM","Brain","B32",NA,2.4671885905014,9.58147305098662,9.58147305098662,9.58147305098662,"1597-2528",0.25749575011823,0.74250424988177
"bambu","TPM","Brain","B32",NA,6.18017773685901,9.58147305098662,9.58147305098662,9.58147305098662,"191-575",0.645013319347866,0.354986680652134
"bambu","TPM","Brain","B32",NA,3.19551065456834,9.58147305098662,9.58147305098662,9.58147305098662,"575-813",0.333509329678623,0.666490670321377
"bambu","TPM","Brain","B32",NA,0.751132944883021,9.58147305098662,9.58147305098662,9.58147305098662,"813-1597",0.0783943075230666,0.921605692476933
"bambu","TPM","Brain","B33",NA,3.34054160955332,9.58147305098662,9.58147305098662,9.58147305098662,"1597-2528",0.348645932809813,0.651354067190187
"bambu","TPM","Brain","B33",NA,5.78940280202877,9.58147305098662,9.58147305098662,9.58147305098662,"191-575",0.604228887481202,0.395771112518798
"bambu","TPM","Brain","B33",NA,2.50553680337699,9.58147305098662,9.58147305098662,9.58147305098662,"575-813",0.261498079683999,0.738501920316001
"bambu","TPM","Brain","B33",NA,0.911736628689172,9.58147305098662,9.58147305098662,9.58147305098662,"813-1597",0.0951562065496065,0.904843793450393
"bambu","TPM","Kidney","K31",0.726512496944221,2.41192342014088,10.2745857333318,8.19538565416613,9.41842017762234,"1597-2528",0.256085773904151,0.743914226095849
"bambu","TPM","Kidney","K31",0.378743812103852,6.14269082078241,10.2745857333318,8.19538565416613,9.31196563930357,"191-575",0.659655657969311,0.340344342030689
"bambu","TPM","Kidney","K31",0.530095010821808,2.57828360078576,10.2745857333318,8.19538565416613,9.33688359577145,"575-813",0.276139632066681,0.723860367933319
"bambu","TPM","Kidney","K31",0.813702760444902,2.19784650749905,10.2745857333318,8.19538565416613,9.25533078303635,"813-1597",0.237468174722331,0.762531825277669
"bambu","TPM","Kidney","K32",0.694703718619167,2.44792954945986,10.2745857333318,8.19538565416613,9.41842017762234,"1597-2528",0.259908721770134,0.740091278229866
"bambu","TPM","Kidney","K32",0.362554843845485,6.03591750201801,10.2745857333318,8.19538565416613,9.31196563930357,"191-575",0.648189408747584,0.351810591252416
"bambu","TPM","Kidney","K32",0.574480956704017,2.9631557349312,10.2745857333318,8.19538565416613,9.33688359577145,"575-813",0.317360252437245,0.682639747562755
"bambu","TPM","Kidney","K32",0.835835475529003,2.12982399743767,10.2745857333318,8.19538565416613,9.25533078303635,"813-1597",0.230118625402489,0.769881374597511
"bambu","TPM","Kidney","K33",0.694703718619167,2.44024256040181,10.2745857333318,8.19538565416613,9.41842017762234,"1597-2528",0.259092556329106,0.740907443670894
"bambu","TPM","Kidney","K33",0.389818192574725,6.20517005304329,10.2745857333318,8.19538565416613,9.31196563930357,"191-575",0.666365222274098,0.333634777725902
"bambu","TPM","Kidney","K33",0.555458408468785,2.90924603093133,10.2745857333318,8.19538565416613,9.33688359577145,"575-813",0.311586409007914,0.688413590992086
"bambu","TPM","Kidney","K33",0.818910458111749,2.1431847790194,10.2745857333318,8.19538565416613,9.25533078303635,"813-1597",0.231562202287523,0.768437797712477
"bambu","cqn","B20K80","B20K80_1",0.5600437471985,3.43378730896494,10.941345882157,6.09156234168924,8.16963762182738,"1597-2528",0.42031084705528,0.57968915294472
"bambu","cqn","B20K80","B20K80_1",0.366949448013309,6.29769330378266,10.941345882157,6.09156234168924,8.09259891597529,"191-575",0.778204056468266,0.221795943531734
"bambu","cqn","B20K80","B20K80_1",0.602380694115691,4.26277669584877,10.941345882157,6.09156234168924,8.61798746156121,"575-813",0.494637142936449,0.505362857063551
"bambu","cqn","B20K80","B20K80_1",0.929574033532256,0.823960210633634,10.941345882157,6.09156234168924,8.82151092424315,"813-1597",0.0934035243746328,0.906596475625367
"bambu","cqn","B20K80","B20K80_2",0.542183582139778,3.37344785752901,10.941345882157,6.09156234168924,8.16963762182738,"1597-2528",0.412925029687479,0.587074970312521
"bambu","cqn","B20K80","B20K80_2",0.381231911558737,6.03508563999339,10.941345882157,6.09156234168924,8.09259891597529,"191-575",0.745753706893808,0.254246293106192
"bambu","cqn","B20K80","B20K80_2",0.58208997599811,3.96477706512377,10.941345882157,6.09156234168924,8.61798746156121,"575-813",0.460058346894546,0.539941653105454
"bambu","cqn","B20K80","B20K80_2",0.941291353282662,0.763803058014851,10.941345882157,6.09156234168924,8.82151092424315,"813-1597",0.0865841537321887,0.913415846267811
"bambu","cqn","B20K80","B20K80_3",0.542183582139778,3.38263701270917,10.941345882157,6.09156234168924,8.16963762182738,"1597-2528",0.414049823173496,0.585950176826504
"bambu","cqn","B20K80","B20K80_3",0.381231911558737,6.14000619992551,10.941345882157,6.09156234168924,8.09259891597529,"191-575",0.758718708745686,0.241281291254314
"bambu","cqn","B20K80","B20K80_3",0.592235335056901,4.11342910398256,10.941345882157,6.09156234168924,8.61798746156121,"575-813",0.477307390191699,0.522692609808301
"bambu","cqn","B20K80","B20K80_3",0.912649016115002,0.753616382367192,10.941345882157,6.09156234168924,8.82151092424315,"813-1597",0.0854293996616967,0.914570600338303
"bambu","cqn","Brain","B31",NA,2.47847645489307,9.58147305098662,9.58147305098662,9.58147305098662,"1597-2528",0.25867384291582,0.74132615708418
"bambu","cqn","Brain","B31",NA,6.41022278995168,9.58147305098662,9.58147305098662,9.58147305098662,"191-575",0.669022681151475,0.330977318848525
"bambu","cqn","Brain","B31",NA,3.64653269608339,9.58147305098662,9.58147305098662,9.58147305098662,"575-813",0.380581636735689,0.619418363264311
"bambu","cqn","Brain","B31",NA,0.781312648783286,9.58147305098662,9.58147305098662,9.58147305098662,"813-1597",0.0815441054444998,0.9184558945555
"bambu","cqn","Brain","B32",NA,2.4886988006429,9.58147305098662,9.58147305098662,9.58147305098662,"1597-2528",0.25974072957254,0.74025927042746
"bambu","cqn","Brain","B32",NA,6.35879907398043,9.58147305098662,9.58147305098662,9.58147305098662,"191-575",0.663655686358754,0.336344313641246
"bambu","cqn","Brain","B32",NA,3.40254065919361,9.58147305098662,9.58147305098662,9.58147305098662,"575-813",0.355116654932641,0.644883345067359
"bambu","cqn","Brain","B32",NA,0.725933984860806,9.58147305098662,9.58147305098662,9.58147305098662,"813-1597",0.0757643403052786,0.924235659694721
"bambu","cqn","Brain","B33",NA,3.29243257481222,9.58147305098662,9.58147305098662,9.58147305098662,"1597-2528",0.343624884951609,0.656375115048391
"bambu","cqn","Brain","B33",NA,6.14397483910622,9.58147305098662,9.58147305098662,9.58147305098662,"191-575",0.64123489221457,0.35876510778543
"bambu","cqn","Brain","B33",NA,3.22928144510824,9.58147305098662,9.58147305098662,9.58147305098662,"575-813",0.337033922438023,0.662966077561977
"bambu","cqn","Brain","B33",NA,0.702794137112805,9.58147305098662,9.58147305098662,9.58147305098662,"813-1597",0.0733492786936803,0.92665072130632
"bambu","cqn","Kidney","K31",0.689614314087159,2.55848056395087,10.2745857333318,8.19538565416613,9.41842017762234,"1597-2528",0.271646466785341,0.728353533214659
"bambu","cqn","Kidney","K31",0.362554843845485,6.40712544462497,10.2745857333318,8.19538565416613,9.31196563930357,"191-575",0.688052951740074,0.311947048259926
"bambu","cqn","Kidney","K31",0.546581219292343,3.59043711745433,10.2745857333318,8.19538565416613,9.33688359577145,"575-813",0.38454341650788,0.61545658349212
"bambu","cqn","Kidney","K31",0.761625783776428,1.96457563740821,10.2745857333318,8.19538565416613,9.25533078303635,"813-1597",0.212264227336854,0.787735772663146
"bambu","cqn","Kidney","K32",0.699793123151176,2.52827339626307,10.2745857333318,8.19538565416613,9.41842017762234,"1597-2528",0.26843922320116,0.73156077679884
"bambu","cqn","Kidney","K32",0.343877776132233,6.00127858806782,10.2745857333318,8.19538565416613,9.31196563930357,"191-575",0.644469580379235,0.355530419620765
"bambu","cqn","Kidney","K32",0.536435860233552,3.32797131811536,10.2745857333318,8.19538565416613,9.33688359577145,"575-813",0.356432773738611,0.643567226261389
"bambu","cqn","Kidney","K32",0.81240083602819,1.96588533919048,10.2745857333318,8.19538565416613,9.25533078303635,"813-1597",0.212405735167635,0.787594264832365
"bambu","cqn","Kidney","K33",0.655260833496101,2.54624709024426,10.2745857333318,8.19538565416613,9.41842017762234,"1597-2528",0.270347578704761,0.72965242129524
"bambu","cqn","Kidney","K33",0.373541354265045,6.26714986301207,10.2745857333318,8.19538565416613,9.31196563930357,"191-575",0.673021154261989,0.326978845738011
"bambu","cqn","Kidney","K33",0.536435860233552,3.43957084567102,10.2745857333318,8.19538565416613,9.33688359577145,"575-813",0.368385319404513,0.631614680595487
"bambu","cqn","Kidney","K33",0.766833481443275,1.96053225253084,10.2745857333318,8.19538565416613,9.25533078303635,"813-1597",0.211827356416499,0.788172643583501
"bambu","ratio_counts","B20K80","B20K80_1",0.564311547902922,3.26784725056874,10.8731576731801,6.02353248624378,8.26455301653613,"1597-2528",0.395405201470698,0.604594798529302
"bambu","ratio_counts","B20K80","B20K80_1",0.41639670570482,4.91685829192403,10.8731576731801,6.02353248624378,8.29394263123767,"191-575",0.592825211185517,0.407174788814483
"bambu","ratio_counts","B20K80","B20K80_1",0.834455782585526,0.820849728822098,10.8731576731801,6.02353248624378,8.67213139244968,"575-813",0.0946537467751888,0.905346253224811
"bambu","ratio_counts","B20K80","B20K80_1",0.941291353282662,0.247304825122406,10.8731576731801,6.02353248624378,8.99791181407537,"813-1597",0.0274846909185695,0.972515309081431
"bambu","ratio_counts","B20K80","B20K80_2",0.564311547902922,3.26466912799031,10.8731576731801,6.02353248624378,8.26455301653613,"1597-2528",0.395020652836057,0.604979347163943
"bambu","ratio_counts","B20K80","B20K80_2",0.41639670570482,4.90846855199924,10.8731576731801,6.02353248624378,8.29394263123767,"191-575",0.591813660913491,0.408186339086509
"bambu","ratio_counts","B20K80","B20K80_2",0.844601141644316,0.842898366411937,10.8731576731801,6.02353248624378,8.67213139244968,"575-813",0.0971962172005143,0.902803782799486
"bambu","ratio_counts","B20K80","B20K80_2",0.941291353282662,0.293833229830831,10.8731576731801,6.02353248624378,8.99791181407537,"813-1597",0.0326557134480013,0.967344286551999
"bambu","ratio_counts","B20K80","B20K80_3",0.564311547902922,3.26987761592508,10.8731576731801,6.02353248624378,8.26455301653613,"1597-2528",0.395650872997311,0.604349127002689
"bambu","ratio_counts","B20K80","B20K80_3",0.3920330686689,4.96139052593412,10.8731576731801,6.02353248624378,8.29394263123767,"191-575",0.598194459080043,0.401805540919957
"bambu","ratio_counts","B20K80","B20K80_3",0.910545975526455,0.702322948933512,10.8731576731801,6.02353248624378,8.67213139244968,"575-813",0.0809861978734529,0.919013802126547
"bambu","ratio_counts","B20K80","B20K80_3",0.941291353282662,0.283339816099727,10.8731576731801,6.02353248624378,8.99791181407537,"813-1597",0.0314895080052352,0.968510491994765
"bambu","ratio_counts","Brain","B31",0.735980072193987,2.31670492604577,10.0200278840707,9.32699418895022,9.49006094074328,"1597-2528",0.244119077897546,0.755880922102454
"bambu","ratio_counts","Brain","B31",0.29964466523428,5.11593793756125,10.0200278840707,9.32699418895022,9.5965072926082,"191-575",0.533104157749336,0.466895842250664
"bambu","ratio_counts","Brain","B31",0.377964473009227,0.77354907004626,10.0200278840707,9.32699418895022,9.44929425279502,"575-813",0.0818631581736859,0.918136841826314
"bambu","ratio_counts","Brain","B31",0.628148634537008,0.324933280041695,10.0200278840707,9.32699418895022,9.57159431663982,"813-1597",0.033947665278376,0.966052334721624
"bambu","ratio_counts","Brain","B32",0.707673146340372,2.31490867895806,10.0200278840707,9.32699418895022,9.49006094074328,"1597-2528",0.243929801232315,0.756070198767685
"bambu","ratio_counts","Brain","B32",0.0998815550780933,5.10772495863321,10.0200278840707,9.32699418895022,9.5965072926082,"191-575",0.532248327739769,0.467751672260231
"bambu","ratio_counts","Brain","B32",0.28347335475692,0.569016421937892,10.0200278840707,9.32699418895022,9.44929425279502,"575-813",0.0602178751888885,0.939782124811112
"bambu","ratio_counts","Brain","B32",0.80403025220737,0.247741107585226,10.0200278840707,9.32699418895022,9.57159431663982,"813-1597",0.0258829510935851,0.974117048906415
"bambu","ratio_counts","Brain","B33",0.594810021582036,3.23607776104655,10.0200278840707,9.32699418895022,9.49006094074328,"1597-2528",0.340996520596958,0.659003479403042
"bambu","ratio_counts","Brain","B33",0.0998815550780933,5.10236529374832,10.0200278840707,9.32699418895022,9.5965072926082,"191-575",0.53168982611814,0.46831017388186
"bambu","ratio_counts","Brain","B33",0.0944911182523068,0.840715847855888,10.0200278840707,9.32699418895022,9.44929425279502,"575-813",0.0889712845599249,0.911028715440075
"bambu","ratio_counts","Brain","B33",0.778904306825889,0.283157469653972,10.0200278840707,9.32699418895022,9.57159431663982,"813-1597",0.0295831039518375,0.970416896048163
"bambu","ratio_counts","Kidney","K31",0.84484115231342,2.32036034982214,10.1392668506839,8.06010175503904,9.44617080919616,"1597-2528",0.245640312534175,0.754359687465825
"bambu","ratio_counts","Kidney","K31",0.389818192574725,5.49887602726999,10.1392668506839,8.06010175503904,9.44615866451117,"191-575",0.58212827272625,0.41787172727375
"bambu","ratio_counts","Kidney","K31",0.864891859761898,0.559698560405935,10.1392668506839,8.06010175503904,9.32387103812348,"575-813",0.0600285608968032,0.939971439103197
"bambu","ratio_counts","Kidney","K31",0.455673545849145,1.9709028867,10.1392668506839,8.06010175503904,9.36461132113007,"813-1597",0.210462860562392,0.789537139437608
"bambu","ratio_counts","Kidney","K32",0.855019961377437,2.30363991002547,10.1392668506839,8.06010175503904,9.44617080919616,"1597-2528",0.24387023658124,0.75612976341876
"bambu","ratio_counts","Kidney","K32",0.393317073020254,5.05324530527777,10.1392668506839,8.06010175503904,9.44615866451117,"191-575",0.534952406025383,0.465047593974617
"bambu","ratio_counts","Kidney","K32",0.864891859761898,0.645368165575226,10.1392668506839,8.06010175503904,9.32387103812348,"575-813",0.0692167623229067,0.930783237677093
"bambu","ratio_counts","Kidney","K32",0.568940970103075,1.95792726618641,10.1392668506839,8.06010175503904,9.36461132113007,"813-1597",0.209077258953459,0.790922741046541
"bambu","ratio_counts","Kidney","K33",0.834662343249403,2.30171807205555,10.1392668506839,8.06010175503904,9.44617080919616,"1597-2528",0.243666785044237,0.756333214955763
"bambu","ratio_counts","Kidney","K33",0.399785134998511,5.50430094428685,10.1392668506839,8.06010175503904,9.44615866451117,"191-575",0.582702571466037,0.417297428533963
"bambu","ratio_counts","Kidney","K33",0.854746500703107,0.67457346648181,10.1392668506839,8.06010175503904,9.32387103812348,"575-813",0.0723490773010064,0.927650922698994
"bambu","ratio_counts","Kidney","K33",0.518165917851313,1.95823106798692,10.1392668506839,8.06010175503904,9.36461132113007,"813-1597",0.20910970042808,0.79089029957192
"flair","CPM","B20K80","B20K80_1",0.81901614054997,2.26849297557702,10.941345882157,6.09156234168924,8.16963762182738,"1597-2528",0.277673635060157,0.722326364939843
"flair","CPM","B20K80","B20K80_1",0.422616279731805,5.64174344773574,10.941345882157,6.09156234168924,8.09259891597529,"191-575",0.697148531184289,0.302851468815711
"flair","CPM","B20K80","B20K80_1",0.760099649640983,3.20152112279599,10.941345882157,6.09156234168924,8.61798746156121,"575-813",0.371492896349145,0.628507103650855
"flair","CPM","B20K80","B20K80_1",0.893120149864324,0.984210676080957,10.941345882157,6.09156234168924,8.82151092424315,"813-1597",0.111569399452441,0.888430600547559
"flair","CPM","B20K80","B20K80_2",0.81901614054997,2.26083398329697,10.941345882157,6.09156234168924,8.16963762182738,"1597-2528",0.276736140322374,0.723263859677626
"flair","CPM","B20K80","B20K80_2",0.396169488508612,5.39598769142374,10.941345882157,6.09156234168924,8.09259891597529,"191-575",0.666780566719021,0.333219433280979
"flair","CPM","B20K80","B20K80_2",0.755829249879899,2.82028025227061,10.941345882157,6.09156234168924,8.61798746156121,"575-813",0.327255088830182,0.672744911169818
"flair","CPM","B20K80","B20K80_2",0.893120149864324,0.942604904980954,10.941345882157,6.09156234168924,8.82151092424315,"813-1597",0.106852999795137,0.893147000204863
"flair","CPM","B20K80","B20K80_3",0.804983153718117,2.22485168871858,10.941345882157,6.09156234168924,8.16963762182738,"1597-2528",0.272331747343884,0.727668252656116
"flair","CPM","B20K80","B20K80_3",0.391474258032527,5.46879857972992,10.941345882157,6.09156234168924,8.09259891597529,"191-575",0.675777786161399,0.324222213838601
"flair","CPM","B20K80","B20K80_3",0.73300219199762,2.91838536695913,10.941345882157,6.09156234168924,8.61798746156121,"575-813",0.338638850424882,0.661361149575118
"flair","CPM","B20K80","B20K80_3",0.87619513244707,1.05139295189176,10.941345882157,6.09156234168924,8.82151092424315,"813-1597",0.119185132900798,0.880814867099202
"flair","CPM","Brain","B31",NA,2.50863654468072,9.58147305098662,9.58147305098662,9.58147305098662,"1597-2528",0.261821593749867,0.738178406250133
"flair","CPM","Brain","B31",NA,6.36736993400687,9.58147305098662,9.58147305098662,9.58147305098662,"191-575",0.664550210612053,0.335449789387947
"flair","CPM","Brain","B31",NA,3.85317786059126,9.58147305098662,9.58147305098662,9.58147305098662,"575-813",0.402148796963374,0.597851203036626
"flair","CPM","Brain","B31",NA,0.799384856619437,9.58147305098662,9.58147305098662,9.58147305098662,"813-1597",0.0834302671797551,0.916569732820245
"flair","CPM","Brain","B32",NA,2.53005846367002,9.58147305098662,9.58147305098662,9.58147305098662,"1597-2528",0.264057358425643,0.735942641574357
"flair","CPM","Brain","B32",NA,6.21872780829803,9.58147305098662,9.58147305098662,9.58147305098662,"191-575",0.649036716505473,0.350963283494527
"flair","CPM","Brain","B32",NA,3.66345519559868,9.58147305098662,9.58147305098662,9.58147305098662,"575-813",0.382347805614445,0.617652194385555
"flair","CPM","Brain","B32",NA,0.724068900547702,9.58147305098662,9.58147305098662,9.58147305098662,"813-1597",0.0755696850259516,0.924430314974048
"flair","CPM","Brain","B33",NA,2.44623260893546,9.58147305098662,9.58147305098662,9.58147305098662,"1597-2528",0.25530861443936,0.74469138556064
"flair","CPM","Brain","B33",NA,5.48784926408955,9.58147305098662,9.58147305098662,9.58147305098662,"191-575",0.572756322006714,0.427243677993286
"flair","CPM","Brain","B33",NA,2.59191253040339,9.58147305098662,9.58147305098662,9.58147305098662,"575-813",0.270512948960024,0.729487051039976
"flair","CPM","Brain","B33",NA,0.768637671073025,9.58147305098662,9.58147305098662,9.58147305098662,"813-1597",0.0802212422852743,0.919778757714726
"flair","CPM","Kidney","K31",0.823211183052383,2.26841874676035,10.2745857333318,8.19538565416613,9.41842017762234,"1597-2528",0.24084917682373,0.75915082317627
"flair","CPM","Kidney","K31",0.533573449700001,5.68801545566045,10.2745857333318,8.19538565416613,9.31196563930357,"191-575",0.610828655944852,0.389171344055148
"flair","CPM","Kidney","K31",0.508536122821878,2.85564540015213,10.2745857333318,8.19538565416613,9.33688359577145,"575-813",0.305845667974849,0.694154332025151
"flair","CPM","Kidney","K31",0.801985440694495,0.775988392704803,10.2745857333318,8.19538565416613,9.25533078303635,"813-1597",0.0838423186480892,0.916157681351911
"flair","CPM","Kidney","K32",0.792674755860332,2.31643207327784,10.2745857333318,8.19538565416613,9.41842017762234,"1597-2528",0.245946987880362,0.754053012119638
"flair","CPM","Kidney","K32",0.533573449700001,5.83996585553972,10.2745857333318,8.19538565416613,9.31196563930357,"191-575",0.627146413737893,0.372853586262107
"flair","CPM","Kidney","K32",0.552922068704087,3.29938823246362,10.2745857333318,8.19538565416613,9.33688359577145,"575-813",0.353371464752743,0.646628535247257
"flair","CPM","Kidney","K32",0.746002690775886,0.647910507041557,10.2745857333318,8.19538565416613,9.25533078303635,"813-1597",0.0700040357530042,0.929995964246996
"flair","CPM","Kidney","K33",0.792674755860332,2.30712501416471,10.2745857333318,8.19538565416613,9.41842017762234,"1597-2528",0.244958811632371,0.755041188367629
"flair","CPM","Kidney","K33",0.507465880295719,5.86641934196296,10.2745857333318,8.19538565416613,9.31196563930357,"191-575",0.629987219583609,0.370012780416391
"flair","CPM","Kidney","K33",0.504731613174832,3.20298324712541,10.2745857333318,8.19538565416613,9.33688359577145,"575-813",0.343046286726333,0.656953713273667
"flair","CPM","Kidney","K33",0.76292770819314,0.66468883879398,10.2745857333318,8.19538565416613,9.25533078303635,"813-1597",0.0718168647210596,0.92818313527894
"flair","EDA","B20K80","B20K80_1",0.804983153718117,2.23381269291159,10.941345882157,6.09156234168924,8.16963762182738,"1597-2528",0.273428614133797,0.726571385866203
"flair","EDA","B20K80","B20K80_1",0.422616279731805,5.49985662156705,10.941345882157,6.09156234168924,8.09259891597529,"191-575",0.679615618996018,0.320384381003982
"flair","EDA","B20K80","B20K80_1",0.786265327056271,3.04027118754589,10.941345882157,6.09156234168924,8.61798746156121,"575-813",0.352782038858423,0.647217961141577
"flair","EDA","B20K80","B20K80_1",0.893120149864324,1.04297088630553,10.941345882157,6.09156234168924,8.82151092424315,"813-1597",0.118230413730969,0.881769586269031
"flair","EDA","B20K80","B20K80_2",0.804983153718117,2.21657784008355,10.941345882157,6.09156234168924,8.16963762182738,"1597-2528",0.271318991452126,0.728681008547874
"flair","EDA","B20K80","B20K80_2",0.403035602678594,5.20283208742681,10.941345882157,6.09156234168924,8.09259891597529,"191-575",0.642912387163548,0.357087612836452
"flair","EDA","B20K80","B20K80_2",0.755829249879899,2.61603478714991,10.941345882157,6.09156234168924,8.61798746156121,"575-813",0.303555186035974,0.696444813964026
"flair","EDA","B20K80","B20K80_2",0.893120149864324,1.02452667204643,10.941345882157,6.09156234168924,8.82151092424315,"813-1597",0.116139591147684,0.883860408852316
"flair","EDA","B20K80","B20K80_3",0.804983153718117,2.21779812999642,10.941345882157,6.09156234168924,8.16963762182738,"1597-2528",0.271468360367781,0.728531639632219
"flair","EDA","B20K80","B20K80_3",0.393245264151988,5.39451654996324,10.941345882157,6.09156234168924,8.09259891597529,"191-575",0.666598778213774,0.333401221786226
"flair","EDA","B20K80","B20K80_3",0.75456107999755,2.89697147392601,10.941345882157,6.09156234168924,8.61798746156121,"575-813",0.33615405996439,0.66384594003561
"flair","EDA","B20K80","B20K80_3",0.87619513244707,1.07353851567025,10.941345882157,6.09156234168924,8.82151092424315,"813-1597",0.121695537747391,0.878304462252609
"flair","EDA","Brain","B31",NA,2.47706456156134,9.58147305098662,9.58147305098662,9.58147305098662,"1597-2528",0.25852648631165,0.74147351368835
"flair","EDA","Brain","B31",NA,6.08858535273292,9.58147305098662,9.58147305098662,9.58147305098662,"191-575",0.635453997556875,0.364546002443125
"flair","EDA","Brain","B31",NA,3.54492905734142,9.58147305098662,9.58147305098662,9.58147305098662,"575-813",0.369977459465525,0.630022540534475
"flair","EDA","Brain","B31",NA,0.8136635075727,9.58147305098662,9.58147305098662,9.58147305098662,"813-1597",0.0849205026453543,0.915079497354646
"flair","EDA","Brain","B32",NA,2.4827214373324,9.58147305098662,9.58147305098662,9.58147305098662,"1597-2528",0.259116883606613,0.740883116393387
"flair","EDA","Brain","B32",NA,5.81378390856384,9.58147305098662,9.58147305098662,9.58147305098662,"191-575",0.606773496896198,0.393226503103802
"flair","EDA","Brain","B32",NA,3.20462843584687,9.58147305098662,9.58147305098662,9.58147305098662,"575-813",0.334460935056002,0.665539064943998
"flair","EDA","Brain","B32",NA,0.739998679380577,9.58147305098662,9.58147305098662,9.58147305098662,"813-1597",0.0772322455475025,0.922767754452497
"flair","EDA","Brain","B33",NA,2.45041447612664,9.58147305098662,9.58147305098662,9.58147305098662,"1597-2528",0.255745067912529,0.744254932087471
"flair","EDA","Brain","B33",NA,5.57792725009327,9.58147305098662,9.58147305098662,9.58147305098662,"191-575",0.582157588964767,0.417842411035233
"flair","EDA","Brain","B33",NA,2.7010658995843,9.58147305098662,9.58147305098662,9.58147305098662,"575-813",0.281905077143245,0.718094922856755
"flair","EDA","Brain","B33",NA,0.766827345805409,9.58147305098662,9.58147305098662,9.58147305098662,"813-1597",0.0800323021026968,0.919967697897303
"flair","EDA","Kidney","K31",0.823211183052383,2.27189432311293,10.2745857333318,8.19538565416613,9.41842017762234,"1597-2528",0.24121819586164,0.75878180413836
"flair","EDA","Kidney","K31",0.533573449700001,5.80402913648349,10.2745857333318,8.19538565416613,9.31196563930357,"191-575",0.623287215750247,0.376712784249753
"flair","EDA","Kidney","K31",0.521217821645366,3.00080140941434,10.2745857333318,8.19538565416613,9.33688359577145,"575-813",0.321392183873146,0.678607816126854
"flair","EDA","Kidney","K31",0.818910458111749,0.770530468690333,10.2745857333318,8.19538565416613,9.25533078303635,"813-1597",0.0832526126567622,0.916747387343238
"flair","EDA","Kidney","K32",0.783768297929317,2.27958268081018,10.2745857333318,8.19538565416613,9.41842017762234,"1597-2528",0.242034506617823,0.757965493382177
"flair","EDA","Kidney","K32",0.533573449700001,5.53251734219211,10.2745857333318,8.19538565416613,9.31196563930357,"191-575",0.594129913757486,0.405870086242514
"flair","EDA","Kidney","K32",0.552922068704087,2.96666679538209,10.2745857333318,8.19538565416613,9.33688359577145,"575-813",0.317736294444717,0.682263705555283
"flair","EDA","Kidney","K32",0.808495062778054,0.740440989270196,10.2745857333318,8.19538565416613,9.25533078303635,"813-1597",0.0800015695416651,0.919998430458335
"flair","EDA","Kidney","K33",0.783768297929317,2.28488068979943,10.2745857333318,8.19538565416613,9.41842017762234,"1597-2528",0.242597022293418,0.757402977706582
"flair","EDA","Kidney","K33",0.525958741957085,5.69679834039246,10.2745857333318,8.19538565416613,9.31196563930357,"191-575",0.611771838627458,0.388228161372542
"flair","EDA","Kidney","K33",0.504731613174832,3.05149922241184,10.2745857333318,8.19538565416613,9.33688359577145,"575-813",0.326822026976305,0.673177973023695
"flair","EDA","Kidney","K33",0.808495062778054,0.730331230772154,10.2745857333318,8.19538565416613,9.25533078303635,"813-1597",0.0789092521804561,0.921090747819544
"flair","TPM","B20K80","B20K80_1",0.804983153718117,2.16411057702806,10.941345882157,6.09156234168924,8.16963762182738,"1597-2528",0.264896764973523,0.735103235026477
"flair","TPM","B20K80","B20K80_1",0.436757879825791,4.76929345680321,10.941345882157,6.09156234168924,8.09259891597529,"191-575",0.589340149724748,0.410659850275252
"flair","TPM","B20K80","B20K80_1",0.786265327056271,2.45601720870578,10.941345882157,6.09156234168924,8.61798746156121,"575-813",0.284987326758173,0.715012673241827
"flair","TPM","B20K80","B20K80_1",0.903535545198019,1.10518615329599,10.941345882157,6.09156234168924,8.82151092424315,"813-1597",0.125283090707141,0.87471690929286
"flair","TPM","B20K80","B20K80_2",0.804983153718117,2.15632501425074,10.941345882157,6.09156234168924,8.16963762182738,"1597-2528",0.263943777443634,0.736056222556366
"flair","TPM","B20K80","B20K80_2",0.403035602678594,4.56351173212521,10.941345882157,6.09156234168924,8.09259891597529,"191-575",0.563911764256173,0.436088235743827
"flair","TPM","B20K80","B20K80_2",0.768510948703387,2.10955568117926,10.941345882157,6.09156234168924,8.61798746156121,"575-813",0.244785188025453,0.755214811974547
"flair","TPM","B20K80","B20K80_2",0.89702592311446,1.06957383329671,10.941345882157,6.09156234168924,8.82151092424315,"813-1597",0.121246104265123,0.878753895734877
"flair","TPM","B20K80","B20K80_3",0.804983153718117,2.13338970749225,10.941345882157,6.09156234168924,8.16963762182738,"1597-2528",0.261136393833716,0.738863606166284
"flair","TPM","B20K80","B20K80_3",0.393245264151988,4.6732067732181,10.941345882157,6.09156234168924,8.09259891597529,"191-575",0.577466747300784,0.422533252699216
"flair","TPM","B20K80","B20K80_3",0.755829249879899,2.27710252505883,10.941345882157,6.09156234168924,8.61798746156121,"575-813",0.264226715949099,0.735773284050901
"flair","TPM","B20K80","B20K80_3",0.885308603364053,1.15706807726775,10.941345882157,6.09156234168924,8.82151092424315,"813-1597",0.13116438750735,0.86883561249265
"flair","TPM","Brain","B31",NA,2.44118102281937,9.58147305098662,9.58147305098662,9.58147305098662,"1597-2528",0.254781390066948,0.745218609933052
"flair","TPM","Brain","B31",NA,5.35754229293097,9.58147305098662,9.58147305098662,9.58147305098662,"191-575",0.559156432880568,0.440843567119432
"flair","TPM","Brain","B31",NA,2.96693188704282,9.58147305098662,9.58147305098662,9.58147305098662,"575-813",0.309653001292668,0.690346998707332
"flair","TPM","Brain","B31",NA,0.840333370751577,9.58147305098662,9.58147305098662,9.58147305098662,"813-1597",0.0877039852097738,0.912296014790226
"flair","TPM","Brain","B32",NA,2.46077584870125,9.58147305098662,9.58147305098662,9.58147305098662,"1597-2528",0.256826464532806,0.743173535467194
"flair","TPM","Brain","B32",NA,5.19912349172678,9.58147305098662,9.58147305098662,9.58147305098662,"191-575",0.542622565868556,0.457377434131444
"flair","TPM","Brain","B32",NA,2.76331978190882,9.58147305098662,9.58147305098662,9.58147305098662,"575-813",0.288402395665484,0.711597604334516
"flair","TPM","Brain","B32",NA,0.744128072195852,9.58147305098662,9.58147305098662,9.58147305098662,"813-1597",0.077663222370513,0.922336777629487
"flair","TPM","Brain","B33",NA,2.39351398193488,9.58147305098662,9.58147305098662,9.58147305098662,"1597-2528",0.249806472261425,0.750193527738575
"flair","TPM","Brain","B33",NA,4.64101827469889,9.58147305098662,9.58147305098662,9.58147305098662,"191-575",0.484374192778321,0.515625807221679
"flair","TPM","Brain","B33",NA,1.88909294571433,9.58147305098662,9.58147305098662,9.58147305098662,"575-813",0.197161014351525,0.802838985648475
"flair","TPM","Brain","B33",NA,0.903442439621572,9.58147305098662,9.58147305098662,9.58147305098662,"813-1597",0.0942905579146354,0.905709442085365
"flair","TPM","Kidney","K31",0.835934694382405,2.22078662532946,10.2745857333318,8.19538565416613,9.41842017762234,"1597-2528",0.235791840186312,0.764208159813688
"flair","TPM","Kidney","K31",0.533573449700001,4.78487942496063,10.2745857333318,8.19538565416613,9.31196563930357,"191-575",0.513842040477984,0.486157959522016
"flair","TPM","Kidney","K31",0.540240369880599,2.11194291773573,10.2745857333318,8.19538565416613,9.33688359577145,"575-813",0.22619355763332,0.77380644236668
"flair","TPM","Kidney","K31",0.752512312859445,0.969145564954111,10.2745857333318,8.19538565416613,9.25533078303635,"813-1597",0.104712147806798,0.895287852193202
"flair","TPM","Kidney","K32",0.783768297929317,2.25562460322206,10.2745857333318,8.19538565416613,9.41842017762234,"1597-2528",0.239490759669153,0.760509240330847
"flair","TPM","Kidney","K32",0.533573449700001,4.85303389737925,10.2745857333318,8.19538565416613,9.31196563930357,"191-575",0.521161061515923,0.478838938484077
"flair","TPM","Kidney","K32",0.565603767527575,2.43851767635956,10.2745857333318,8.19538565416613,9.33688359577145,"575-813",0.261170405665541,0.738829594334459
"flair","TPM","Kidney","K32",0.818910458111749,0.793225100819635,10.2745857333318,8.19538565416613,9.25533078303635,"813-1597",0.0857046732758054,0.914295326724195
"flair","TPM","Kidney","K33",0.783768297929317,2.24782747387538,10.2745857333318,8.19538565416613,9.41842017762234,"1597-2528",0.238662900091896,0.761337099908104
"flair","TPM","Kidney","K33",0.544451603618451,4.90776206428385,10.2745857333318,8.19538565416613,9.31196563930357,"191-575",0.527038248892303,0.472961751107697
"flair","TPM","Kidney","K33",0.527558671057111,2.36851589739123,10.2745857333318,8.19538565416613,9.33688359577145,"575-813",0.253673066938941,0.746326933061059
"flair","TPM","Kidney","K33",0.801985440694495,0.829926297439573,10.2745857333318,8.19538565416613,9.25533078303635,"813-1597",0.0896700849375049,0.910329915062495
"flair","cqn","B20K80","B20K80_1",0.812637510171855,2.46419818353746,10.941345882157,6.09156234168924,8.16963762182738,"1597-2528",0.301628823407502,0.698371176592498
"flair","cqn","B20K80","B20K80_1",0.370401140923242,6.1591999682631,10.941345882157,6.09156234168924,8.09259891597529,"191-575",0.761090476892962,0.238909523107038
"flair","cqn","B20K80","B20K80_1",0.743147551056411,3.68904008590531,10.941345882157,6.09156234168924,8.61798746156121,"575-813",0.428062828167194,0.571937171832806
"flair","cqn","B20K80","B20K80_1",0.893120149864324,1.18755003579601,10.941345882157,6.09156234168924,8.82151092424315,"813-1597",0.134619799940666,0.865380200059334
"flair","cqn","B20K80","B20K80_2",0.804983153718117,2.41400201122262,10.941345882157,6.09156234168924,8.16963762182738,"1597-2528",0.295484588541965,0.704515411458035
"flair","cqn","B20K80","B20K80_2",0.388894002584608,5.87754993429031,10.941345882157,6.09156234168924,8.09259891597529,"191-575",0.726287067395329,0.273712932604671
"flair","cqn","B20K80","B20K80_2",0.702566114821248,3.48734875014618,10.941345882157,6.09156234168924,8.61798746156121,"575-813",0.404659297278023,0.595340702721977
"flair","cqn","B20K80","B20K80_2",0.881402830113918,1.10221460525146,10.941345882157,6.09156234168924,8.82151092424315,"813-1597",0.124946238203069,0.875053761796932
"flair","cqn","B20K80","B20K80_3",0.797328797264379,2.41050795182227,10.941345882157,6.09156234168924,8.16963762182738,"1597-2528",0.295056900122712,0.704943099877288
"flair","cqn","B20K80","B20K80_3",0.350820463870031,5.93998823589587,10.941345882157,6.09156234168924,8.09259891597529,"191-575",0.734002549436865,0.265997450563135
"flair","cqn","B20K80","B20K80_3",0.702566114821248,3.63944501624915,10.941345882157,6.09156234168924,8.61798746156121,"575-813",0.422307996209342,0.577692003790658
"flair","cqn","B20K80","B20K80_3",0.864477812696664,1.110851674617,10.941345882157,6.09156234168924,8.82151092424315,"813-1597",0.125925330043426,0.874074669956574
"flair","cqn","Brain","B31",NA,2.44818811698039,9.58147305098662,9.58147305098662,9.58147305098662,"1597-2528",0.255512707070475,0.744487292929525
"flair","cqn","Brain","B31",NA,5.91818152164252,9.58147305098662,9.58147305098662,9.58147305098662,"191-575",0.61766927591923,0.38233072408077
"flair","cqn","Brain","B31",NA,3.34179742623826,9.58147305098662,9.58147305098662,9.58147305098662,"575-813",0.348776999993143,0.651223000006857
"flair","cqn","Brain","B31",NA,0.824689342596704,9.58147305098662,9.58147305098662,9.58147305098662,"813-1597",0.0860712479394579,0.913928752060542
"flair","cqn","Brain","B32",NA,2.4482551519952,9.58147305098662,9.58147305098662,9.58147305098662,"1597-2528",0.255519703386641,0.744480296613359
"flair","cqn","Brain","B32",NA,5.88571614896801,9.58147305098662,9.58147305098662,9.58147305098662,"191-575",0.614280927123408,0.385719072876592
"flair","cqn","Brain","B32",NA,3.2262528969983,9.58147305098662,9.58147305098662,9.58147305098662,"575-813",0.336717838669502,0.663282161330498
"flair","cqn","Brain","B32",NA,0.802244675947809,9.58147305098662,9.58147305098662,9.58147305098662,"813-1597",0.0837287410483506,0.916271258951649
"flair","cqn","Brain","B33",NA,2.45789612823855,9.58147305098662,9.58147305098662,9.58147305098662,"1597-2528",0.256525913620918,0.743474086379082
"flair","cqn","Brain","B33",NA,5.80125539905329,9.58147305098662,9.58147305098662,9.58147305098662,"191-575",0.605465920342585,0.394534079657415
"flair","cqn","Brain","B33",NA,3.11256057263151,9.58147305098662,9.58147305098662,9.58147305098662,"575-813",0.324851988422699,0.675148011577301
"flair","cqn","Brain","B33",NA,0.789352734690166,9.58147305098662,9.58147305098662,9.58147305098662,"813-1597",0.0823832338190301,0.91761676618097
"flair","cqn","Kidney","K31",0.7735894888653,2.36905214248878,10.2745857333318,8.19538565416613,9.41842017762234,"1597-2528",0.251533919469585,0.748466080530415
"flair","cqn","Kidney","K31",0.505290249512029,5.73416267477671,10.2745857333318,8.19538565416613,9.31196563930357,"191-575",0.615784346386996,0.384215653613004
"flair","cqn","Kidney","K31",0.505999783057181,3.70665029336527,10.2745857333318,8.19538565416613,9.33688359577145,"575-813",0.396990093680075,0.603009906319925
"flair","cqn","Kidney","K31",0.774645027943547,0.646851810876142,10.2745857333318,8.19538565416613,9.25533078303635,"813-1597",0.069889648035241,0.930110351964759
"flair","cqn","Kidney","K32",0.7735894888653,2.34398673866936,10.2745857333318,8.19538565416613,9.41842017762234,"1597-2528",0.248872602247938,0.751127397752062
"flair","cqn","Kidney","K32",0.505290249512029,5.41522358187923,10.2745857333318,8.19538565416613,9.31196563930357,"191-575",0.581533887863897,0.418466112136103
"flair","cqn","Kidney","K32",0.552922068704087,3.44742987200939,10.2745857333318,8.19538565416613,9.33688359577145,"575-813",0.369227037763509,0.630772962236491
"flair","cqn","Kidney","K32",0.808495062778054,0.662977543266966,10.2745857333318,8.19538565416613,9.25533078303635,"813-1597",0.0716319663563085,0.928368033643691
"flair","cqn","Kidney","K33",0.7735894888653,2.36088997670528,10.2745857333318,8.19538565416613,9.41842017762234,"1597-2528",0.250667302178197,0.749332697821803
"flair","cqn","Kidney","K33",0.497675541769114,5.5220163529173,10.2745857333318,8.19538565416613,9.31196563930357,"191-575",0.593002226040245,0.406997773959755
"flair","cqn","Kidney","K33",0.502195273410134,3.60979882380656,10.2745857333318,8.19538565416613,9.33688359577145,"575-813",0.386617096248409,0.613382903751591
"flair","cqn","Kidney","K33",0.808495062778054,0.665630679551033,10.2745857333318,8.19538565416613,9.25533078303635,"813-1597",0.071918626697928,0.928081373302072
"flair","ratio_counts","B20K80","B20K80_1",0.850384179137017,2.20242179807973,10.8731576731801,6.02353248624378,8.26455301653613,"1597-2528",0.266490128827659,0.733509871172341
"flair","ratio_counts","B20K80","B20K80_1",0.536836895875536,3.11501936560423,10.8731576731801,6.02353248624378,8.29394263123767,"191-575",0.375577635884779,0.624422364115221
"flair","ratio_counts","B20K80","B20K80_1",0.956200091291013,0.511060228890975,10.8731576731801,6.02353248624378,8.67213139244968,"575-813",0.0589313290774083,0.941068670922592
"flair","ratio_counts","B20K80","B20K80_1",0.941291353282662,0.382891464617796,10.8731576731801,6.02353248624378,8.99791181407537,"813-1597",0.0425533693294083,0.957446630670592
"flair","ratio_counts","B20K80","B20K80_2",0.850384179137017,2.20271747245938,10.8731576731801,6.02353248624378,8.26455301653613,"1597-2528",0.266525905037099,0.733474094962901
"flair","ratio_counts","B20K80","B20K80_2",0.493324280201734,3.14290493947142,10.8731576731801,6.02353248624378,8.29394263123767,"191-575",0.378939797296671,0.621060202703329
"flair","ratio_counts","B20K80","B20K80_2",0.966345450349803,0.60909016838138,10.8731576731801,6.02353248624378,8.67213139244968,"575-813",0.0702353482457241,0.929764651754276
"flair","ratio_counts","B20K80","B20K80_2",0.941291353282662,0.393758203255322,10.8731576731801,6.02353248624378,8.99791181407537,"813-1597",0.0437610649439094,0.956238935056091
"flair","ratio_counts","B20K80","B20K80_3",0.850384179137017,2.22659284761715,10.8731576731801,6.02353248624378,8.26455301653613,"1597-2528",0.269414793898965,0.730585206101035
"flair","ratio_counts","B20K80","B20K80_3",0.449811664527931,3.14234821139486,10.8731576731801,6.02353248624378,8.29394263123767,"191-575",0.378872672636987,0.621127327363013
"flair","ratio_counts","B20K80","B20K80_3",0.956200091291013,0.584071167577412,10.8731576731801,6.02353248624378,8.67213139244968,"575-813",0.0673503595766467,0.932649640423353
"flair","ratio_counts","B20K80","B20K80_3",0.941291353282662,0.436958874664862,10.8731576731801,6.02353248624378,8.99791181407537,"813-1597",0.0485622535199034,0.951437746480097
"flair","ratio_counts","Brain","B31",0.367990036096994,2.48590271566943,10.0200278840707,9.32699418895022,9.49006094074328,"1597-2528",0.261948024484944,0.738051975515056
"flair","ratio_counts","Brain","B31",0.164827424459737,3.25316420730476,10.0200278840707,9.32699418895022,9.5965072926082,"191-575",0.338994605861503,0.661005394138497
"flair","ratio_counts","Brain","B31",0.377964473009227,0.33823917754526,10.0200278840707,9.32699418895022,9.44929425279502,"575-813",0.0357951788246209,0.964204821175379
"flair","ratio_counts","Brain","B31",0.603022689155527,0.317679855251761,10.0200278840707,9.32699418895022,9.57159431663982,"813-1597",0.0331898579006309,0.966810142099369
"flair","ratio_counts","Brain","B32",0.283069258536149,2.48552849957586,10.0200278840707,9.32699418895022,9.49006094074328,"1597-2528",0.261908592062338,0.738091407937662
"flair","ratio_counts","Brain","B32",0.0329654848919474,3.23282695204885,10.0200278840707,9.32699418895022,9.5965072926082,"191-575",0.336875370744413,0.663124629255587
"flair","ratio_counts","Brain","B32",0.314970394174356,0.366113559819811,10.0200278840707,9.32699418895022,9.44929425279502,"575-813",0.0387450692110173,0.961254930788983
"flair","ratio_counts","Brain","B32",0.778904306825889,0.249550611441188,10.0200278840707,9.32699418895022,9.57159431663982,"813-1597",0.0260720004615484,0.973927999538452
"flair","ratio_counts","Brain","B33",0.367990036096994,2.47718256091552,10.0200278840707,9.32699418895022,9.49006094074328,"1597-2528",0.261029152118543,0.738970847881457
"flair","ratio_counts","Brain","B33",0.0769194647478772,3.24084206051286,10.0200278840707,9.32699418895022,9.5965072926082,"191-575",0.337710581745626,0.662289418254374
"flair","ratio_counts","Brain","B33",0.0944911182523068,0.657121764663607,10.0200278840707,9.32699418895022,9.44929425279502,"575-813",0.0695418882176556,0.930458111782344
"flair","ratio_counts","Brain","B33",0.80403025220737,0.304620613082854,10.0200278840707,9.32699418895022,9.57159431663982,"813-1597",0.0318254830914934,0.968174516908507
"flair","ratio_counts","Kidney","K31",0.895735197633505,2.33306968801812,10.1392668506839,8.06010175503904,9.44617080919616,"1597-2528",0.246985761230021,0.753014238769979
"flair","ratio_counts","Kidney","K31",0.577086065373803,3.17175128627336,10.1392668506839,8.06010175503904,9.44615866451117,"191-575",0.33577154470097,0.664228455299031
"flair","ratio_counts","Kidney","K31",0.864891859761898,0.466300967374898,10.1392668506839,8.06010175503904,9.32387103812348,"575-813",0.0500115204798827,0.949988479520117
"flair","ratio_counts","Kidney","K31",0.455673545849145,0.263150608263421,10.1392668506839,8.06010175503904,9.36461132113007,"813-1597",0.0281005371434536,0.971899462856546
"flair","ratio_counts","Kidney","K32",0.936450433889574,2.30134025736386,10.1392668506839,8.06010175503904,9.44617080919616,"1597-2528",0.243626788446746,0.756373211553254
"flair","ratio_counts","Kidney","K32",0.607544896345465,3.14769521360017,10.1392668506839,8.06010175503904,9.44615866451117,"191-575",0.333224893355426,0.666775106644574
"flair","ratio_counts","Kidney","K32",0.864891859761898,0.315796393688619,10.1392668506839,8.06010175503904,9.32387103812348,"575-813",0.0338696655495759,0.966130334450424
"flair","ratio_counts","Kidney","K32",0.585865987520329,0.185010653210814,10.1392668506839,8.06010175503904,9.36461132113007,"813-1597",0.0197563622094343,0.980243637790566
"flair","ratio_counts","Kidney","K33",0.905914006697522,2.30200276460881,10.1392668506839,8.06010175503904,9.44617080919616,"1597-2528",0.243696923452595,0.756303076547405
"flair","ratio_counts","Kidney","K33",0.597754557818859,3.19358947702285,10.1392668506839,8.06010175503904,9.44615866451117,"191-575",0.338083404105949,0.661916595894051
"flair","ratio_counts","Kidney","K33",0.854746500703107,0.368047995480229,10.1392668506839,8.06010175503904,9.32387103812348,"575-813",0.0394737329565534,0.960526267043447
"flair","ratio_counts","Kidney","K33",0.518165917851313,0.171203608723051,10.1392668506839,8.06010175503904,9.36461132113007,"813-1597",0.0182819769931883,0.981718023006812
"isoquant","CPM","B20K80","B20K80_1",0.79289592669456,3.29742989859741,10.941345882157,6.09156234168924,8.16963762182738,"1597-2528",0.403620093232464,0.596379906767536
"isoquant","CPM","B20K80","B20K80_1",0.433561995434673,6.13630265847143,10.941345882157,6.09156234168924,8.09259891597529,"191-575",0.758261063248543,0.241738936751457
"isoquant","CPM","B20K80","B20K80_1",0.664521018350783,3.86651338601678,10.941345882157,6.09156234168924,8.61798746156121,"575-813",0.44865618605998,0.55134381394002
"isoquant","CPM","B20K80","B20K80_1",0.924366335865408,0.820259499166249,10.941345882157,6.09156234168924,8.82151092424315,"813-1597",0.0929840144404315,0.907015985559569
"isoquant","CPM","B20K80","B20K80_2",0.79289592669456,3.29437817585783,10.941345882157,6.09156234168924,8.16963762182738,"1597-2528",0.403246548788898,0.596753451211102
"isoquant","CPM","B20K80","B20K80_2",0.449066128093895,5.89564918262729,10.941345882157,6.09156234168924,8.09259891597529,"191-575",0.728523586037226,0.271476413962774
"isoquant","CPM","B20K80","B20K80_2",0.664521018350783,3.57187722027809,10.941345882157,6.09156234168924,8.61798746156121,"575-813",0.414467674292835,0.585532325707165
"isoquant","CPM","B20K80","B20K80_2",0.924366335865408,0.773631593445969,10.941345882157,6.09156234168924,8.82151092424315,"813-1597",0.0876983092907458,0.912301690709254
"isoquant","CPM","B20K80","B20K80_3",0.79289592669456,3.27164351825799,10.941345882157,6.09156234168924,8.16963762182738,"1597-2528",0.400463725528893,0.599536274471107
"isoquant","CPM","B20K80","B20K80_3",0.419165300822538,5.98738102911677,10.941345882157,6.09156234168924,8.09259891597529,"191-575",0.739858862558642,0.260141137441358
"isoquant","CPM","B20K80","B20K80_3",0.621403242350923,3.64766094733665,10.941345882157,6.09156234168924,8.61798746156121,"575-813",0.42326134304631,0.57673865695369
"isoquant","CPM","B20K80","B20K80_3",0.907441318448154,0.860447588386309,10.941345882157,6.09156234168924,8.82151092424315,"813-1597",0.0975397067209472,0.902460293279053
"isoquant","CPM","Brain","B31",NA,4.1363027057208,9.58147305098662,9.58147305098662,9.58147305098662,"1597-2528",0.431697995048359,0.568302004951641
"isoquant","CPM","Brain","B31",NA,6.95367321565858,9.58147305098662,9.58147305098662,9.58147305098662,"191-575",0.725741561725996,0.274258438274004
"isoquant","CPM","Brain","B31",NA,4.30484445045656,9.58147305098662,9.58147305098662,9.58147305098662,"575-813",0.449288374297862,0.550711625702138
"isoquant","CPM","Brain","B31",NA,2.4672862227285,9.58147305098662,9.58147305098662,9.58147305098662,"813-1597",0.257505939806869,0.742494060193131
"isoquant","CPM","Brain","B32",NA,4.14993335980474,9.58147305098662,9.58147305098662,9.58147305098662,"1597-2528",0.433120600321202,0.566879399678798
"isoquant","CPM","Brain","B32",NA,6.85302385617909,9.58147305098662,9.58147305098662,9.58147305098662,"191-575",0.715236980755629,0.284763019244371
"isoquant","CPM","Brain","B32",NA,4.14554273720441,9.58147305098662,9.58147305098662,9.58147305098662,"575-813",0.432662359445611,0.567337640554389
"isoquant","CPM","Brain","B32",NA,2.44058848534215,9.58147305098662,9.58147305098662,9.58147305098662,"813-1597",0.254719548064777,0.745280451935223
"isoquant","CPM","Brain","B33",NA,4.10036122449991,9.58147305098662,9.58147305098662,9.58147305098662,"1597-2528",0.427946851458053,0.572053148541947
"isoquant","CPM","Brain","B33",NA,6.37869646776361,9.58147305098662,9.58147305098662,9.58147305098662,"191-575",0.665732339257248,0.334267660742752
"isoquant","CPM","Brain","B33",NA,3.36425909488555,9.58147305098662,9.58147305098662,9.58147305098662,"575-813",0.351121281350275,0.648878718649725
"isoquant","CPM","Brain","B33",NA,2.46648606005252,9.58147305098662,9.58147305098662,9.58147305098662,"813-1597",0.257422428360172,0.742577571639828
"isoquant","CPM","Kidney","K31",0.676005010994158,3.92788235806904,10.2745857333318,8.19538565416613,9.41842017762234,"1597-2528",0.417042591431786,0.582957408568214
"isoquant","CPM","Kidney","K31",0.518563291803239,6.25199557893781,10.2745857333318,8.19538565416613,9.31196563930357,"191-575",0.671393755207777,0.328606244792223
"isoquant","CPM","Kidney","K31",0.508536122821878,2.84237215652014,10.2745857333318,8.19538565416613,9.33688359577145,"575-813",0.304424075481397,0.695575924518603
"isoquant","CPM","Kidney","K31",0.696529562940836,2.45593109652832,10.2745857333318,8.19538565416613,9.25533078303635,"813-1597",0.265353141243712,0.734646858756288
"isoquant","CPM","Kidney","K32",0.663250199465966,3.95812308125821,10.2745857333318,8.19538565416613,9.41842017762234,"1597-2528",0.420253397768609,0.579746602231391
"isoquant","CPM","Kidney","K32",0.518563291803239,6.37302308374537,10.2745857333318,8.19538565416613,9.31196563930357,"191-575",0.684390743115113,0.315609256884887
"isoquant","CPM","Kidney","K32",0.552922068704087,3.28297717098111,10.2745857333318,8.19538565416613,9.33688359577145,"575-813",0.351613805324501,0.648386194675499
"isoquant","CPM","Kidney","K32",0.623621795604973,2.41594022132297,10.2745857333318,8.19538565416613,9.25533078303635,"813-1597",0.261032293491988,0.738967706508012
"isoquant","CPM","Kidney","K33",0.663250199465966,3.952747021545,10.2745857333318,8.19538565416613,9.41842017762234,"1597-2528",0.419682595063715,0.580317404936285
"isoquant","CPM","Kidney","K33",0.510872734509547,6.35160175118768,10.2745857333318,8.19538565416613,9.31196563930357,"191-575",0.682090333793661,0.317909666206339
"isoquant","CPM","Kidney","K33",0.504731613174832,3.19249656898239,10.2745857333318,8.19538565416613,9.33688359577145,"575-813",0.341923141296121,0.658076858703879
"isoquant","CPM","Kidney","K33",0.635339115355379,2.4211723945238,10.2745857333318,8.19538565416613,9.25533078303635,"813-1597",0.261597608046753,0.738402391953247
"isoquant","EDA","B20K80","B20K80_1",0.800569113081926,3.31358545693429,10.941345882157,6.09156234168924,8.16963762182738,"1597-2528",0.40559760546553,0.59440239453447
"isoquant","EDA","B20K80","B20K80_1",0.46346282270603,6.19425259817657,10.941345882157,6.09156234168924,8.09259891597529,"191-575",0.765421919767794,0.234578080232206
"isoquant","EDA","B20K80","B20K80_1",0.664521018350783,3.96723621224776,10.941345882157,6.09156234168924,8.61798746156121,"575-813",0.460343697405318,0.539656302594682
"isoquant","EDA","B20K80","B20K80_1",0.907441318448154,0.776978505166772,10.941345882157,6.09156234168924,8.82151092424315,"813-1597",0.0880777127454993,0.911922287254501
"isoquant","EDA","B20K80","B20K80_2",0.79289592669456,3.30293310166971,10.941345882157,6.09156234168924,8.16963762182738,"1597-2528",0.404293709777902,0.595706290222098
"isoquant","EDA","B20K80","B20K80_2",0.494471088024474,5.8804026817836,10.941345882157,6.09156234168924,8.09259891597529,"191-575",0.726639580540106,0.273360419459894
"isoquant","EDA","B20K80","B20K80_2",0.675934547291923,3.61767030696578,10.941345882157,6.09156234168924,8.61798746156121,"575-813",0.419781337940171,0.580218662059829
"isoquant","EDA","B20K80","B20K80_2",0.924366335865408,0.747543499047804,10.941345882157,6.09156234168924,8.82151092424315,"813-1597",0.0847409820684364,0.915259017931564
"isoquant","EDA","B20K80","B20K80_3",0.800569113081926,3.30514494352173,10.941345882157,6.09156234168924,8.16963762182738,"1597-2528",0.40456444906334,0.59543555093666
"isoquant","EDA","B20K80","B20K80_3",0.508867782636609,5.93698848684429,10.941345882157,6.09156234168924,8.09259891597529,"191-575",0.733631871353998,0.266368128646002
"isoquant","EDA","B20K80","B20K80_3",0.664521018350783,3.77696829467574,10.941345882157,6.09156234168924,8.61798746156121,"575-813",0.43826569851977,0.56173430148023
"isoquant","EDA","B20K80","B20K80_3",0.907441318448154,0.750017575763039,10.941345882157,6.09156234168924,8.82151092424315,"813-1597",0.0850214415879542,0.914978558412046
"isoquant","EDA","Brain","B31",NA,4.12815115067073,9.58147305098662,9.58147305098662,9.58147305098662,"1597-2528",0.430847232852745,0.569152767147255
"isoquant","EDA","Brain","B31",NA,6.55848347380057,9.58147305098662,9.58147305098662,9.58147305098662,"191-575",0.684496364901348,0.315503635098652
"isoquant","EDA","Brain","B31",NA,4.01739344914492,9.58147305098662,9.58147305098662,9.58147305098662,"575-813",0.419287663573947,0.580712336426053
"isoquant","EDA","Brain","B31",NA,2.46134463590205,9.58147305098662,9.58147305098662,9.58147305098662,"813-1597",0.256885827764093,0.743114172235906
"isoquant","EDA","Brain","B32",NA,4.13311508111818,9.58147305098662,9.58147305098662,9.58147305098662,"1597-2528",0.431365308770824,0.568634691229176
"isoquant","EDA","Brain","B32",NA,6.54372054506827,9.58147305098662,9.58147305098662,9.58147305098662,"191-575",0.682955586291029,0.317044413708971
"isoquant","EDA","Brain","B32",NA,3.85459750435227,9.58147305098662,9.58147305098662,9.58147305098662,"575-813",0.40229696246501,0.59770303753499
"isoquant","EDA","Brain","B32",NA,2.44248811744437,9.58147305098662,9.58147305098662,9.58147305098662,"813-1597",0.254917809030717,0.745082190969283
"isoquant","EDA","Brain","B33",NA,4.12115490755222,9.58147305098662,9.58147305098662,9.58147305098662,"1597-2528",0.430117048351752,0.569882951648248
"isoquant","EDA","Brain","B33",NA,6.54436833572575,9.58147305098662,9.58147305098662,9.58147305098662,"191-575",0.68302319496185,0.31697680503815
"isoquant","EDA","Brain","B33",NA,3.59017996472384,9.58147305098662,9.58147305098662,9.58147305098662,"575-813",0.374700210042771,0.625299789957229
"isoquant","EDA","Brain","B33",NA,2.4434288505371,9.58147305098662,9.58147305098662,9.58147305098662,"813-1597",0.25501599154271,0.74498400845729
"isoquant","EDA","Kidney","K31",0.676005010994158,3.96311279600968,10.2745857333318,8.19538565416613,9.41842017762234,"1597-2528",0.420783180328461,0.579216819671539
"isoquant","EDA","Kidney","K31",0.518563291803239,6.74597777894788,10.2745857333318,8.19538565416613,9.31196563930357,"191-575",0.724441867619735,0.275558132380265
"isoquant","EDA","Kidney","K31",0.489513574586646,3.526897195069,10.2745857333318,8.19538565416613,9.33688359577145,"575-813",0.377738156301561,0.622261843698439
"isoquant","EDA","Kidney","K31",0.623621795604973,2.41105795302779,10.2745857333318,8.19538565416613,9.25533078303635,"813-1597",0.26050478470709,0.73949521529291
"isoquant","EDA","Kidney","K32",0.663250199465966,3.95907862059015,10.2745857333318,8.19538565416613,9.41842017762234,"1597-2528",0.420354852079833,0.579645147920167
"isoquant","EDA","Kidney","K32",0.518563291803239,6.361901293673,10.2745857333318,8.19538565416613,9.31196563930357,"191-575",0.683196388399559,0.316803611600441
"isoquant","EDA","Kidney","K32",0.552922068704087,3.28666961382824,10.2745857333318,8.19538565416613,9.33688359577145,"575-813",0.352009273770611,0.647990726229389
"isoquant","EDA","Kidney","K32",0.623621795604973,2.41533950170824,10.2745857333318,8.19538565416613,9.25533078303635,"813-1597",0.260967388235891,0.739032611764109
"isoquant","EDA","Kidney","K33",0.663250199465966,3.96648903888527,10.2745857333318,8.19538565416613,9.41842017762234,"1597-2528",0.421141652642493,0.578858347357507
"isoquant","EDA","Kidney","K33",0.510872734509547,6.50488025792253,10.2745857333318,8.19538565416613,9.31196563930357,"191-575",0.698550715271864,0.301449284728136
"isoquant","EDA","Kidney","K33",0.492049914351343,3.44557832392254,10.2745857333318,8.19538565416613,9.33688359577145,"575-813",0.369028733043538,0.630971266956462
"isoquant","EDA","Kidney","K33",0.606696778187719,2.41146439026083,10.2745857333318,8.19538565416613,9.25533078303635,"813-1597",0.260548698559828,0.739451301440172
"isoquant","TPM","B20K80","B20K80_1",0.79289592669456,3.23840061281446,10.941345882157,6.09156234168924,8.16963762182738,"1597-2528",0.396394645970857,0.603605354029143
"isoquant","TPM","B20K80","B20K80_1",0.508867782636609,5.5162445284032,10.941345882157,6.09156234168924,8.09259891597529,"191-575",0.681640667686347,0.318359332313653
"isoquant","TPM","B20K80","B20K80_1",0.675934547291923,3.32343990235068,10.941345882157,6.09156234168924,8.61798746156121,"575-813",0.385639909221754,0.614360090778246
"isoquant","TPM","B20K80","B20K80_1",0.924366335865408,0.961721764910623,10.941345882157,6.09156234168924,8.82151092424315,"813-1597",0.109020072997658,0.890979927002342
"isoquant","TPM","B20K80","B20K80_2",0.79289592669456,3.23574204944953,10.941345882157,6.09156234168924,8.16963762182738,"1597-2528",0.396069225984317,0.603930774015683
"isoquant","TPM","B20K80","B20K80_2",0.508867782636609,5.3108458745371,10.941345882157,6.09156234168924,8.09259891597529,"191-575",0.656259618162117,0.343740381837883
"isoquant","TPM","B20K80","B20K80_2",0.656911999056691,3.08828406284094,10.941345882157,6.09156234168924,8.61798746156121,"575-813",0.358353278722626,0.641646721277374
"isoquant","TPM","B20K80","B20K80_2",0.907441318448154,0.925571249486472,10.941345882157,6.09156234168924,8.82151092424315,"813-1597",0.104922077117519,0.895077922882481
"isoquant","TPM","B20K80","B20K80_3",0.79289592669456,3.220352075428,10.941345882157,6.09156234168924,8.16963762182738,"1597-2528",0.39418542467832,0.60581457532168
"isoquant","TPM","B20K80","B20K80_3",0.508867782636609,5.42406737926929,10.941345882157,6.09156234168924,8.09259891597529,"191-575",0.670250365251866,0.329749634748134
"isoquant","TPM","B20K80","B20K80_3",0.644230300233202,3.19951400241442,10.941345882157,6.09156234168924,8.61798746156121,"575-813",0.371259997381663,0.628740002618337
"isoquant","TPM","B20K80","B20K80_3",0.895723998697748,0.997234778382465,10.941345882157,6.09156234168924,8.82151092424315,"813-1597",0.113045802124654,0.886954197875346
"isoquant","TPM","Brain","B31",NA,4.09610557243188,9.58147305098662,9.58147305098662,9.58147305098662,"1597-2528",0.427502697198538,0.572497302801462
"isoquant","TPM","Brain","B31",NA,6.24459852610018,9.58147305098662,9.58147305098662,9.58147305098662,"191-575",0.65173679379677,0.34826320620323
"isoquant","TPM","Brain","B31",NA,3.63686980995239,9.58147305098662,9.58147305098662,9.58147305098662,"575-813",0.379573139808382,0.620426860191618
"isoquant","TPM","Brain","B31",NA,2.49027230573169,9.58147305098662,9.58147305098662,9.58147305098662,"813-1597",0.259904953286412,0.740095046713588
"isoquant","TPM","Brain","B32",NA,4.1084577549518,9.58147305098662,9.58147305098662,9.58147305098662,"1597-2528",0.428791870841691,0.571208129158309
"isoquant","TPM","Brain","B32",NA,6.15125211974487,9.58147305098662,9.58147305098662,9.58147305098662,"191-575",0.641994408063535,0.358005591936465
"isoquant","TPM","Brain","B32",NA,3.48323822323679,9.58147305098662,9.58147305098662,9.58147305098662,"575-813",0.36353890520812,0.63646109479188
"isoquant","TPM","Brain","B32",NA,2.45878009387303,9.58147305098662,9.58147305098662,9.58147305098662,"813-1597",0.256618171421966,0.743381828578034
"isoquant","TPM","Brain","B33",NA,4.07095035788037,9.58147305098662,9.58147305098662,9.58147305098662,"1597-2528",0.424877295611782,0.575122704388218
"isoquant","TPM","Brain","B33",NA,5.82714446549438,9.58147305098662,9.58147305098662,9.58147305098662,"191-575",0.608167912646203,0.391832087353797
"isoquant","TPM","Brain","B33",NA,2.93408636349296,9.58147305098662,9.58147305098662,9.58147305098662,"575-813",0.306224976877729,0.693775023122271
"isoquant","TPM","Brain","B33",NA,2.51069753599474,9.58147305098662,9.58147305098662,9.58147305098662,"813-1597",0.262036695467844,0.737963304532156
"isoquant","TPM","Kidney","K31",0.688759822522349,3.89165074605675,10.2745857333318,8.19538565416613,9.41842017762234,"1597-2528",0.413195702959091,0.586804297040909
"isoquant","TPM","Kidney","K31",0.518563291803239,5.69430395635055,10.2745857333318,8.19538565416613,9.31196563930357,"191-575",0.611503969936944,0.388496030063056
"isoquant","TPM","Kidney","K31",0.521217821645366,2.10121136662854,10.2745857333318,8.19538565416613,9.33688359577145,"575-813",0.225044185790229,0.774955814209771
"isoquant","TPM","Kidney","K31",0.691321865273989,2.52507405763008,10.2745857333318,8.19538565416613,9.25533078303635,"813-1597",0.272823750638731,0.727176249361269
"isoquant","TPM","Kidney","K32",0.676005010994158,3.91711168077384,10.2745857333318,8.19538565416613,9.41842017762234,"1597-2528",0.415899015641783,0.584100984358217
"isoquant","TPM","Kidney","K32",0.518563291803239,5.75030253914286,10.2745857333318,8.19538565416613,9.31196563930357,"191-575",0.617517585639729,0.382482414360271
"isoquant","TPM","Kidney","K32",0.546581219292343,2.42214074374866,10.2745857333318,8.19538565416613,9.33688359577145,"575-813",0.2594164015117,0.7405835984883
"isoquant","TPM","Kidney","K32",0.71345458035809,2.46257128133513,10.2745857333318,8.19538565416613,9.25533078303635,"813-1597",0.26607058559686,0.73392941440314
"isoquant","TPM","Kidney","K33",0.676005010994158,3.91198603179082,10.2745857333318,8.19538565416613,9.41842017762234,"1597-2528",0.415354800275899,0.584645199724101
"isoquant","TPM","Kidney","K33",0.5295498022228,5.74243371701997,10.2745857333318,8.19538565416613,9.31196563930357,"191-575",0.616672562963778,0.383327437036222
"isoquant","TPM","Kidney","K33",0.527558671057111,2.35831622954795,10.2745857333318,8.19538565416613,9.33688359577145,"575-813",0.252580660919453,0.747419339080547
"isoquant","TPM","Kidney","K33",0.696529562940836,2.47483898677649,10.2745857333318,8.19538565416613,9.25533078303635,"813-1597",0.267396060150816,0.732603939849184
"isoquant","cqn","B20K80","B20K80_1",0.785052721181724,3.31523892011317,10.941345882157,6.09156234168924,8.16963762182738,"1597-2528",0.405799996716577,0.594200003283423
"isoquant","cqn","B20K80","B20K80_1",0.485251118019094,6.12472931211205,10.941345882157,6.09156234168924,8.09259891597529,"191-575",0.756830948339904,0.243169051660096
"isoquant","cqn","B20K80","B20K80_1",0.664521018350783,4.00973932302139,10.941345882157,6.09156234168924,8.61798746156121,"575-813",0.46527560418323,0.53472439581677
"isoquant","cqn","B20K80","B20K80_1",0.907441318448154,0.831303968706558,10.941345882157,6.09156234168924,8.82151092424315,"813-1597",0.0942360073966445,0.905763992603355
"isoquant","cqn","B20K80","B20K80_2",0.777393670243366,3.2564040722606,10.941345882157,6.09156234168924,8.16963762182738,"1597-2528",0.398598349522902,0.601401650477098
"isoquant","cqn","B20K80","B20K80_2",0.485251118019094,5.53188425975628,10.941345882157,6.09156234168924,8.09259891597529,"191-575",0.683573264558559,0.316426735441441
"isoquant","cqn","B20K80","B20K80_2",0.645498470115551,3.62928791950228,10.941345882157,6.09156234168924,8.61798746156121,"575-813",0.421129403551581,0.578870596448419
"isoquant","cqn","B20K80","B20K80_2",0.924366335865408,0.802876422217769,10.941345882157,6.09156234168924,8.82151092424315,"813-1597",0.091013481603397,0.908986518396603
"isoquant","cqn","B20K80","B20K80_3",0.777393670243366,3.28360847444828,10.941345882157,6.09156234168924,8.16963762182738,"1597-2528",0.401928289410933,0.598071710589067
"isoquant","cqn","B20K80","B20K80_3",0.513666724029221,5.56695134119804,10.941345882157,6.09156234168924,8.09259891597529,"191-575",0.687906493204369,0.312093506795631
"isoquant","cqn","B20K80","B20K80_3",0.634084941174412,3.80102054977793,10.941345882157,6.09156234168924,8.61798746156121,"575-813",0.44105663494309,0.55894336505691
"isoquant","cqn","B20K80","B20K80_3",0.907441318448154,0.761498863194459,10.941345882157,6.09156234168924,8.82151092424315,"813-1597",0.0863229518995118,0.913677048100488
"isoquant","cqn","Brain","B31",NA,3.95911728957163,9.58147305098662,9.58147305098662,9.58147305098662,"1597-2528",0.413205492360483,0.586794507639517
"isoquant","cqn","Brain","B31",NA,6.19666660723357,9.58147305098662,9.58147305098662,9.58147305098662,"191-575",0.646734231183324,0.353265768816676
"isoquant","cqn","Brain","B31",NA,3.54126969401844,9.58147305098662,9.58147305098662,9.58147305098662,"575-813",0.369595538720822,0.630404461279178
"isoquant","cqn","Brain","B31",NA,2.2654969948423,9.58147305098662,9.58147305098662,9.58147305098662,"813-1597",0.236445584388406,0.763554415611594
"isoquant","cqn","Brain","B32",NA,3.92943709046515,9.58147305098662,9.58147305098662,9.58147305098662,"1597-2528",0.410107826798149,0.589892173201851
"isoquant","cqn","Brain","B32",NA,6.09240068969402,9.58147305098662,9.58147305098662,9.58147305098662,"191-575",0.6358521969716,0.3641478030284
"isoquant","cqn","Brain","B32",NA,3.3621277107592,9.58147305098662,9.58147305098662,9.58147305098662,"575-813",0.350898832869232,0.649101167130768
"isoquant","cqn","Brain","B32",NA,2.15597874269747,9.58147305098662,9.58147305098662,9.58147305098662,"813-1597",0.225015374068757,0.774984625931243
"isoquant","cqn","Brain","B33",NA,3.96477329943737,9.58147305098662,9.58147305098662,9.58147305098662,"1597-2528",0.413795799282565,0.586204200717435
"isoquant","cqn","Brain","B33",NA,6.11668401643521,9.58147305098662,9.58147305098662,9.58147305098662,"191-575",0.638386601296693,0.361613398703307
"isoquant","cqn","Brain","B33",NA,3.46289105497818,9.58147305098662,9.58147305098662,9.58147305098662,"575-813",0.361415310208653,0.638584689791347
"isoquant","cqn","Brain","B33",NA,2.29907281586223,9.58147305098662,9.58147305098662,9.58147305098662,"813-1597",0.239949828552249,0.760050171447751
"isoquant","cqn","Kidney","K31",0.687490997700585,3.91100211148355,10.2745857333318,8.19538565416613,9.41842017762234,"1597-2528",0.415250332616917,0.584749667383083
"isoquant","cqn","Kidney","K31",0.479786578401762,5.97624947086379,10.2745857333318,8.19538565416613,9.31196563930357,"191-575",0.641781735709964,0.358218264290036
"isoquant","cqn","Kidney","K31",0.518681481880669,3.22214041152248,10.2745857333318,8.19538565416613,9.33688359577145,"575-813",0.345098059590433,0.654901940409567
"isoquant","cqn","Kidney","K31",0.606696778187719,2.28895564081219,10.2745857333318,8.19538565416613,9.25533078303635,"813-1597",0.247312137671785,0.752687862328215
"isoquant","cqn","Kidney","K32",0.687490997700585,3.86602032668754,10.2745857333318,8.19538565416613,9.41842017762234,"1597-2528",0.410474395257179,0.589525604742821
"isoquant","cqn","Kidney","K32",0.490715657636426,5.72173376635417,10.2745857333318,8.19538565416613,9.31196563930357,"191-575",0.614449621914852,0.385550378085148
"isoquant","cqn","Kidney","K32",0.521217821645366,2.8743974025046,10.2745857333318,8.19538565416613,9.33688359577145,"575-813",0.307854047126214,0.692145952873786
"isoquant","cqn","Kidney","K32",0.650962208355921,2.29114603119019,10.2745857333318,8.19538565416613,9.25533078303635,"813-1597",0.247548800242723,0.752451199757277
"isoquant","cqn","Kidney","K33",0.674759682928352,3.88659928739176,10.2745857333318,8.19538565416613,9.41842017762234,"1597-2528",0.412659364744218,0.587340635255782
"isoquant","cqn","Kidney","K33",0.50164473687109,5.80098339750023,10.2745857333318,8.19538565416613,9.31196563930357,"191-575",0.622960137762501,0.377039862237499
"isoquant","cqn","Kidney","K33",0.489513574586646,3.04130579952712,10.2745857333318,8.19538565416613,9.33688359577145,"575-813",0.325730289805099,0.6742697101949
"isoquant","cqn","Kidney","K33",0.650962208355921,2.28800406156407,10.2745857333318,8.19538565416613,9.25533078303635,"813-1597",0.247209323491457,0.752790676508543
"isoquant","ratio_counts","B20K80","B20K80_1",0.773707860378198,3.86783863425211,10.8731576731801,6.02353248624378,8.26455301653613,"1597-2528",0.468003366487352,0.531996633512648
"isoquant","ratio_counts","B20K80","B20K80_1",0.5531653045201,5.16710323145641,10.8731576731801,6.02353248624378,8.29394263123767,"191-575",0.622997223539433,0.377002776460567
"isoquant","ratio_counts","B20K80","B20K80_1",0.824310423526735,3.10203794609893,10.8731576731801,6.02353248624378,8.67213139244968,"575-813",0.357701908068378,0.642298091931622
"isoquant","ratio_counts","B20K80","B20K80_1",0.917856713781849,2.38339813055524,10.8731576731801,6.02353248624378,8.99791181407537,"813-1597",0.264883472943901,0.735116527056099
"isoquant","ratio_counts","B20K80","B20K80_2",0.782601054175649,3.86683666858433,10.8731576731801,6.02353248624378,8.26455301653613,"1597-2528",0.467882129964848,0.532117870035152
"isoquant","ratio_counts","B20K80","B20K80_2",0.568669437179322,5.00955331204316,10.8731576731801,6.02353248624378,8.29394263123767,"191-575",0.604001442350898,0.395998557649102
"isoquant","ratio_counts","B20K80","B20K80_2",0.834455782585526,2.84149204707574,10.8731576731801,6.02353248624378,8.67213139244968,"575-813",0.327657863849903,0.672342136150097
"isoquant","ratio_counts","B20K80","B20K80_2",0.917856713781849,2.35433478294953,10.8731576731801,6.02353248624378,8.99791181407537,"813-1597",0.261653462669712,0.738346537330288
"isoquant","ratio_counts","B20K80","B20K80_3",0.782601054175649,3.89477229917169,10.8731576731801,6.02353248624378,8.26455301653613,"1597-2528",0.471262304371311,0.528737695628689
"isoquant","ratio_counts","B20K80","B20K80_3",0.5531653045201,5.04695295654721,10.8731576731801,6.02353248624378,8.29394263123767,"191-575",0.608510714498887,0.391489285501113
"isoquant","ratio_counts","B20K80","B20K80_3",0.834455782585526,2.82686606217634,10.8731576731801,6.02353248624378,8.67213139244968,"575-813",0.325971313653934,0.674028686346066
"isoquant","ratio_counts","B20K80","B20K80_3",0.917856713781849,2.19364182383648,10.8731576731801,6.02353248624378,8.99791181407537,"813-1597",0.24379454579728,0.75620545420272
"isoquant","ratio_counts","Brain","B31",0,4.15608650610691,10.0200278840707,9.32699418895022,9.49006094074328,"1597-2528",0.437940971302277,0.562059028697723
"isoquant","ratio_counts","Brain","B31",0.144273357335024,5.09899341592088,10.0200278840707,9.32699418895022,9.5965072926082,"191-575",0.531338461009499,0.468661538990501
"isoquant","ratio_counts","Brain","B31",0.377964473009227,2.28455152753447,10.0200278840707,9.32699418895022,9.44929425279502,"575-813",0.241769540286961,0.758230459713039
"isoquant","ratio_counts","Brain","B31",0.678400525299968,2.28706505020674,10.0200278840707,9.32699418895022,9.57159431663982,"813-1597",0.238942957102849,0.761057042897151
"isoquant","ratio_counts","Brain","B32",0,4.15401710324734,10.0200278840707,9.32699418895022,9.49006094074328,"1597-2528",0.437722911284275,0.562277088715725
"isoquant","ratio_counts","Brain","B32",-0.0998815550780933,5.10608785406487,10.0200278840707,9.32699418895022,9.5965072926082,"191-575",0.532077733947838,0.467922266052162
"isoquant","ratio_counts","Brain","B32",0.377964473009227,2.29393391752665,10.0200278840707,9.32699418895022,9.44929425279502,"575-813",0.242762459942247,0.757237540057753
"isoquant","ratio_counts","Brain","B32",0.80403025220737,2.27472377595728,10.0200278840707,9.32699418895022,9.57159431663982,"813-1597",0.237653592568457,0.762346407431543
"isoquant","ratio_counts","Brain","B33",0,4.13459320528073,10.0200278840707,9.32699418895022,9.49006094074328,"1597-2528",0.435676149088764,0.564323850911236
"isoquant","ratio_counts","Brain","B33",-0.0776856539496281,5.12133686811581,10.0200278840707,9.32699418895022,9.5965072926082,"191-575",0.533666751033532,0.466333248966468
"isoquant","ratio_counts","Brain","B33",0.0629940788348712,2.37273195640013,10.0200278840707,9.32699418895022,9.44929425279502,"575-813",0.251101499532444,0.748898500467556
"isoquant","ratio_counts","Brain","B33",0.778904306825889,2.27559104447231,10.0200278840707,9.32699418895022,9.57159431663982,"813-1597",0.237744201142781,0.762255798857219
"isoquant","ratio_counts","Kidney","K31",0.784420908983787,5.25136445877287,10.1392668506839,8.06010175503904,9.44617080919616,"1597-2528",0.555925206609697,0.444074793390303
"isoquant","ratio_counts","Kidney","K31",0.572397192859084,5.76738673437827,10.1392668506839,8.06010175503904,9.44615866451117,"191-575",0.610553658816478,0.389446341183522
"isoquant","ratio_counts","Kidney","K31",0.811628724703247,3.01822328457998,10.1392668506839,8.06010175503904,9.32387103812348,"575-813",0.323709248255264,0.676290751744736
"isoquant","ratio_counts","Kidney","K31",0.384067702929994,4.11503393371498,10.1392668506839,8.06010175503904,9.36461132113007,"813-1597",0.439423889855409,0.560576110144591
"isoquant","ratio_counts","Kidney","K32",0.803553126276074,5.21809605542773,10.1392668506839,8.06010175503904,9.44617080919616,"1597-2528",0.552403313557251,0.447596686442749
"isoquant","ratio_counts","Kidney","K32",0.593271562656248,5.92274006561826,10.1392668506839,8.06010175503904,9.44615866451117,"191-575",0.626999849988731,0.373000150011269
"isoquant","ratio_counts","Kidney","K32",0.821774083762038,3.60646790650604,10.1392668506839,8.06010175503904,9.32387103812348,"575-813",0.386799419657339,0.613200580342661
"isoquant","ratio_counts","Kidney","K32",0.412710040097654,4.4629527664442,10.1392668506839,8.06010175503904,9.36461132113007,"813-1597",0.476576401668065,0.523423598331935
"isoquant","ratio_counts","Kidney","K33",0.776768022066872,5.20964843990841,10.1392668506839,8.06010175503904,9.44617080919616,"1597-2528",0.551509023617977,0.448490976382023
"isoquant","ratio_counts","Kidney","K33",0.593271562656248,5.87800733449768,10.1392668506839,8.06010175503904,9.44615866451117,"191-575",0.622264302692808,0.377735697307192
"isoquant","ratio_counts","Kidney","K33",0.811628724703247,3.44709181481149,10.1392668506839,8.06010175503904,9.32387103812348,"575-813",0.369706080309027,0.630293919690973
"isoquant","ratio_counts","Kidney","K33",0.429635057514908,4.35916834900254,10.1392668506839,8.06010175503904,9.36461132113007,"813-1597",0.465493782872399,0.534506217127601
"kallisto","CPM","B20K80","B20K80_1",0.935107213431664,0.982992629523864,10.941345882157,6.09156234168924,8.16963762182738,"1597-2528",0.120322672195097,0.879677327804903
"kallisto","CPM","B20K80","B20K80_1",0.417487395943286,6.01133726783663,10.941345882157,6.09156234168924,8.09259891597529,"191-575",0.742819127730386,0.257180872269614
"kallisto","CPM","B20K80","B20K80_1",0.77611996799748,3.27766955048556,10.941345882157,6.09156234168924,8.61798746156121,"575-813",0.380328883640751,0.619671116359249
"kallisto","CPM","B20K80","B20K80_1",0.924366335865408,0.772725481948011,10.941345882157,6.09156234168924,8.82151092424315,"813-1597",0.0875955931567706,0.912404406843229
"kallisto","CPM","B20K80","B20K80_2",0.935107213431664,0.967449256766968,10.941345882157,6.09156234168924,8.16963762182738,"1597-2528",0.118420094201262,0.881579905798738
"kallisto","CPM","B20K80","B20K80_2",0.403204932397858,5.76967100051476,10.941345882157,6.09156234168924,8.09259891597529,"191-575",0.71295650018254,0.28704349981746
"kallisto","CPM","B20K80","B20K80_2",0.787533496938619,2.90187352399717,10.941345882157,6.09156234168924,8.61798746156121,"575-813",0.33672287607059,0.66327712392941
"kallisto","CPM","B20K80","B20K80_2",0.924366335865408,0.722170764229096,10.941345882157,6.09156234168924,8.82151092424315,"813-1597",0.0818647474827058,0.918135252517294
"kallisto","CPM","B20K80","B20K80_3",0.935107213431664,0.857456978128695,10.941345882157,6.09156234168924,8.16963762182738,"1597-2528",0.104956549827592,0.895043450172408
"kallisto","CPM","B20K80","B20K80_3",0.389332941229315,5.86629511391233,10.941345882157,6.09156234168924,8.09259891597529,"191-575",0.724896312645855,0.275103687354145
"kallisto","CPM","B20K80","B20K80_3",0.692845423545871,2.986568736104,10.941345882157,6.09156234168924,8.61798746156121,"575-813",0.34655060121925,0.653449398780749
"kallisto","CPM","B20K80","B20K80_3",0.924366335865408,0.801458921957415,10.941345882157,6.09156234168924,8.82151092424315,"813-1597",0.090852794814872,0.909147205185128
"kallisto","CPM","Brain","B31",NA,0.930022390785314,9.58147305098662,9.58147305098662,9.58147305098662,"1597-2528",0.0970646565341587,0.902935343465841
"kallisto","CPM","Brain","B31",NA,6.83977362471742,9.58147305098662,9.58147305098662,9.58147305098662,"191-575",0.713854079463607,0.286145920536393
"kallisto","CPM","Brain","B31",NA,3.87289388888639,9.58147305098662,9.58147305098662,9.58147305098662,"575-813",0.404206521093079,0.595793478906921
"kallisto","CPM","Brain","B31",NA,0.783514406764941,9.58147305098662,9.58147305098662,9.58147305098662,"813-1597",0.0817738987101009,0.918226101289899
"kallisto","CPM","Brain","B32",NA,0.984863772431083,9.58147305098662,9.58147305098662,9.58147305098662,"1597-2528",0.102788346550708,0.897211653449292
"kallisto","CPM","Brain","B32",NA,6.73798470814473,9.58147305098662,9.58147305098662,9.58147305098662,"191-575",0.703230565100937,0.296769434899063
"kallisto","CPM","Brain","B32",NA,3.68229647897463,9.58147305098662,9.58147305098662,9.58147305098662,"575-813",0.384314234291507,0.615685765708493
"kallisto","CPM","Brain","B32",NA,0.710421441842727,9.58147305098662,9.58147305098662,9.58147305098662,"813-1597",0.0741453258869807,0.925854674113019
"kallisto","CPM","Brain","B33",NA,0.741796776414811,9.58147305098662,9.58147305098662,9.58147305098662,"1597-2528",0.0774199094927712,0.922580090507229
"kallisto","CPM","Brain","B33",NA,6.19683061880215,9.58147305098662,9.58147305098662,9.58147305098662,"191-575",0.64675134875676,0.35324865124324
"kallisto","CPM","Brain","B33",NA,2.6214552590096,9.58147305098662,9.58147305098662,9.58147305098662,"575-813",0.273596266989412,0.726403733010588
"kallisto","CPM","Brain","B33",NA,0.745620490486592,9.58147305098662,9.58147305098662,9.58147305098662,"813-1597",0.0778189832105006,0.922181016789499
"kallisto","CPM","Kidney","K31",0.806670618323356,0.809102382146864,10.2745857333318,8.19538565416613,9.41842017762234,"1597-2528",0.0859063799329369,0.914093620067063
"kallisto","CPM","Kidney","K31",0.528967434957751,6.03556573170221,10.2745857333318,8.19538565416613,9.31196563930357,"191-575",0.648151632586308,0.351848367413692
"kallisto","CPM","Kidney","K31",0.508536122821878,2.91921553722409,10.2745857333318,8.19538565416613,9.33688359577145,"575-813",0.312654164238073,0.687345835761927
"kallisto","CPM","Kidney","K31",0.7915700453608,0.74367550597896,10.2745857333318,8.19538565416613,9.25533078303635,"813-1597",0.0803510456203258,0.919648954379674
"kallisto","CPM","Kidney","K32",0.788857702461326,0.934241449212308,10.2745857333318,8.19538565416613,9.41842017762234,"1597-2528",0.0991930102494276,0.900806989750572
"kallisto","CPM","Kidney","K32",0.528967434957751,6.1708111058331,10.2745857333318,8.19538565416613,9.31196563930357,"191-575",0.662675459173473,0.337324540826527
"kallisto","CPM","Kidney","K32",0.565603767527575,3.36173572827089,10.2745857333318,8.19538565416613,9.33688359577145,"575-813",0.360049013548094,0.639950986451906
"kallisto","CPM","Kidney","K32",0.752512312859445,0.627445224532335,10.2745857333318,8.19538565416613,9.25533078303635,"813-1597",0.0677928470889824,0.932207152911018
"kallisto","CPM","Kidney","K33",0.788857702461326,0.910857631202747,10.2745857333318,8.19538565416613,9.41842017762234,"1597-2528",0.0967102352650284,0.903289764734972
"kallisto","CPM","Kidney","K33",0.502737644794557,6.14865159833804,10.2745857333318,8.19538565416613,9.31196563930357,"191-575",0.660295778195965,0.339704221804035
"kallisto","CPM","Kidney","K33",0.504731613174832,3.26499262501,10.2745857333318,8.19538565416613,9.33688359577145,"575-813",0.349687622376343,0.650312377623657
"kallisto","CPM","Kidney","K33",0.786362347693953,0.640405221263549,10.2745857333318,8.19538565416613,9.25533078303635,"813-1597",0.0691931208377033,0.930806879162297
"kallisto","EDA","B20K80","B20K80_1",0.935107213431664,1.0302471464092,10.941345882157,6.09156234168924,8.16963762182738,"1597-2528",0.126106835345624,0.873893164654376
"kallisto","EDA","B20K80","B20K80_1",0.417487395943286,5.79421186055853,10.941345882157,6.09156234168924,8.09259891597529,"191-575",0.71598900683443,0.28401099316557
"kallisto","EDA","B20K80","B20K80_1",0.786265327056271,3.12298813379513,10.941345882157,6.09156234168924,8.61798746156121,"575-813",0.362380213213884,0.637619786786116
"kallisto","EDA","B20K80","B20K80_1",0.924366335865408,0.711925445378288,10.941345882157,6.09156234168924,8.82151092424315,"813-1597",0.0807033456617715,0.919296654338228
"kallisto","EDA","B20K80","B20K80_2",0.935107213431664,0.990941133215868,10.941345882157,6.09156234168924,8.16963762182738,"1597-2528",0.121295604418035,0.878704395581965
"kallisto","EDA","B20K80","B20K80_2",0.417487395943286,5.51677998391177,10.941345882157,6.09156234168924,8.09259891597529,"191-575",0.681706833761563,0.318293166238437
"kallisto","EDA","B20K80","B20K80_2",0.768510948703387,2.69917692457203,10.941345882157,6.09156234168924,8.61798746156121,"575-813",0.313202698032594,0.686797301967406
"kallisto","EDA","B20K80","B20K80_2",0.924366335865408,0.674552353790379,10.941345882157,6.09156234168924,8.82151092424315,"813-1597",0.0764667594455485,0.923533240554451
"kallisto","EDA","B20K80","B20K80_3",0.942761569885402,0.972897240252619,10.941345882157,6.09156234168924,8.16963762182738,"1597-2528",0.119086951623566,0.880913048376434
"kallisto","EDA","B20K80","B20K80_3",0.431769859488714,5.66029087022329,10.941345882157,6.09156234168924,8.09259891597529,"191-575",0.699440430570397,0.300559569429603
"kallisto","EDA","B20K80","B20K80_3",0.755829249879899,2.91091805489287,10.941345882157,6.09156234168924,8.61798746156121,"575-813",0.337772370623238,0.662227629376762
"kallisto","EDA","B20K80","B20K80_3",0.924366335865408,0.68775614007659,10.941345882157,6.09156234168924,8.82151092424315,"813-1597",0.0779635309623104,0.92203646903769
"kallisto","EDA","Brain","B31",NA,0.85446474480565,9.58147305098662,9.58147305098662,9.58147305098662,"1597-2528",0.0891788496673447,0.910821150332655
"kallisto","EDA","Brain","B31",NA,6.40596140441029,9.58147305098662,9.58147305098662,9.58147305098662,"191-575",0.668577928500321,0.331422071499679
"kallisto","EDA","Brain","B31",NA,3.35179807637819,9.58147305098662,9.58147305098662,9.58147305098662,"575-813",0.349820748703462,0.650179251296538
"kallisto","EDA","Brain","B31",NA,0.759660699704753,9.58147305098662,9.58147305098662,9.58147305098662,"813-1597",0.0792843329686691,0.920715667031331
"kallisto","EDA","Brain","B32",NA,0.880191216544304,9.58147305098662,9.58147305098662,9.58147305098662,"1597-2528",0.0918638722731333,0.908136127726867
"kallisto","EDA","Brain","B32",NA,6.30470718032234,9.58147305098662,9.58147305098662,9.58147305098662,"191-575",0.658010218968693,0.341989781031307
"kallisto","EDA","Brain","B32",NA,3.11534379217342,9.58147305098662,9.58147305098662,9.58147305098662,"575-813",0.32514246771822,0.67485753228178
"kallisto","EDA","Brain","B32",NA,0.688854724744284,9.58147305098662,9.58147305098662,9.58147305098662,"813-1597",0.0718944489097478,0.928105551090252
"kallisto","EDA","Brain","B33",NA,0.791735504987042,9.58147305098662,9.58147305098662,9.58147305098662,"1597-2528",0.082631918993449,0.917368081006551
"kallisto","EDA","Brain","B33",NA,6.14708070057336,9.58147305098662,9.58147305098662,9.58147305098662,"191-575",0.641559045030178,0.358440954969822
"kallisto","EDA","Brain","B33",NA,2.63913646289545,9.58147305098662,9.58147305098662,9.58147305098662,"575-813",0.275441620390895,0.724558379609105
"kallisto","EDA","Brain","B33",NA,0.700848457294429,9.58147305098662,9.58147305098662,9.58147305098662,"813-1597",0.0731462118157564,0.926853788184244
"kallisto","EDA","Kidney","K31",0.796491809259339,0.97554242748598,10.2745857333318,8.19538565416613,9.41842017762234,"1597-2528",0.103578138274593,0.896421861725407
"kallisto","EDA","Kidney","K31",0.528967434957751,6.2167046718655,10.2745857333318,8.19538565416613,9.31196563930357,"191-575",0.667603910137542,0.332396089862458
"kallisto","EDA","Kidney","K31",0.508536122821878,3.31238122349395,10.2745857333318,8.19538565416613,9.33688359577145,"575-813",0.354763041599243,0.645236958400757
"kallisto","EDA","Kidney","K31",0.79807966744436,0.567848017229209,10.2745857333318,8.19538565416613,9.25533078303635,"813-1597",0.0613536166929863,0.938646383307014
"kallisto","EDA","Kidney","K32",0.801581213791347,0.96904415288011,10.2745857333318,8.19538565416613,9.41842017762234,"1597-2528",0.102888184494307,0.897111815505693
"kallisto","EDA","Kidney","K32",0.528967434957751,5.90420523278156,10.2745857333318,8.19538565416613,9.31196563930357,"191-575",0.634044997745838,0.365955002254162
"kallisto","EDA","Kidney","K32",0.565603767527575,3.1944185171945,10.2745857333318,8.19538565416613,9.33688359577145,"575-813",0.342128986018548,0.657871013981452
"kallisto","EDA","Kidney","K32",0.786362347693953,0.575881925483222,10.2745857333318,8.19538565416613,9.25533078303635,"813-1597",0.0622216470683822,0.937778352931618
"kallisto","EDA","Kidney","K33",0.801581213791347,0.989047994889667,10.2745857333318,8.19538565416613,9.41842017762234,"1597-2528",0.105012090800492,0.894987909199508
"kallisto","EDA","Kidney","K33",0.539896514192415,6.02972527367073,10.2745857333318,8.19538565416613,9.31196563930357,"191-575",0.647524433318429,0.352475566681571
"kallisto","EDA","Kidney","K33",0.546581219292343,3.29907735277055,10.2745857333318,8.19538565416613,9.33688359577145,"575-813",0.35333816887946,0.646661831120541
"kallisto","EDA","Kidney","K33",0.769437330276699,0.569990485911207,10.2745857333318,8.19538565416613,9.25533078303635,"813-1597",0.0615851015239688,0.938414898476031
"kallisto","TPM","B20K80","B20K80_1",0.935107213431664,0.706561475218363,10.941345882157,6.09156234168924,8.16963762182738,"1597-2528",0.0864862687826685,0.913513731217332
"kallisto","TPM","B20K80","B20K80_1",0.417487395943286,5.4240101060485,10.941345882157,6.09156234168924,8.09259891597529,"191-575",0.670243288017299,0.329756711982701
"kallisto","TPM","B20K80","B20K80_1",0.79767885599741,2.51738471182676,10.941345882157,6.09156234168924,8.61798746156121,"575-813",0.292108189186286,0.707891810813714
"kallisto","TPM","B20K80","B20K80_1",0.924366335865408,0.914294512604759,10.941345882157,6.09156234168924,8.82151092424315,"813-1597",0.103643754506057,0.896356245493943
"kallisto","TPM","B20K80","B20K80_2",0.935107213431664,0.686793109313366,10.941345882157,6.09156234168924,8.16963762182738,"1597-2528",0.0840665328261825,0.915933467173818
"kallisto","TPM","B20K80","B20K80_2",0.417487395943286,5.21726468552002,10.941345882157,6.09156234168924,8.09259891597529,"191-575",0.644695818944,0.355304181056
"kallisto","TPM","B20K80","B20K80_2",0.768510948703387,2.16972292372885,10.941345882157,6.09156234168924,8.61798746156121,"575-813",0.251766776571265,0.748233223428735
"kallisto","TPM","B20K80","B20K80_2",0.924366335865408,0.876449683548442,10.941345882157,6.09156234168924,8.82151092424315,"813-1597",0.0993536924768517,0.900646307523148
"kallisto","TPM","B20K80","B20K80_3",0.935107213431664,0.5843547209036,10.941345882157,6.09156234168924,8.16963762182738,"1597-2528",0.0715276182314794,0.928472381768521
"kallisto","TPM","B20K80","B20K80_3",0.403204932397858,5.33590454543812,10.941345882157,6.09156234168924,8.09259891597529,"191-575",0.659356110544997,0.340643889455003
"kallisto","TPM","B20K80","B20K80_3",0.767242778821038,2.32326235517253,10.941345882157,6.09156234168924,8.61798746156121,"575-813",0.269582935173087,0.730417064826913
"kallisto","TPM","B20K80","B20K80_3",0.912649016115002,0.947853028500999,10.941345882157,6.09156234168924,8.82151092424315,"813-1597",0.107447923223234,0.892552076776766
"kallisto","TPM","Brain","B31",NA,0.727149311732909,9.58147305098662,9.58147305098662,9.58147305098662,"1597-2528",0.075891181644354,0.924108818355646
"kallisto","TPM","Brain","B31",NA,6.17726682658203,9.58147305098662,9.58147305098662,9.58147305098662,"191-575",0.644709513214771,0.355290486785229
"kallisto","TPM","Brain","B31",NA,2.98135583514037,9.58147305098662,9.58147305098662,9.58147305098662,"575-813",0.311158401143066,0.688841598856934
"kallisto","TPM","Brain","B31",NA,0.823309921035411,9.58147305098662,9.58147305098662,9.58147305098662,"813-1597",0.085927280351807,0.914072719648193
"kallisto","TPM","Brain","B32",NA,0.78712912342175,9.58147305098662,9.58147305098662,9.58147305098662,"1597-2528",0.0821511597677246,0.917848840232275
"kallisto","TPM","Brain","B32",NA,6.08090567357173,9.58147305098662,9.58147305098662,9.58147305098662,"191-575",0.634652484144446,0.365347515855554
"kallisto","TPM","Brain","B32",NA,2.7783833497069,9.58147305098662,9.58147305098662,9.58147305098662,"575-813",0.289974551399568,0.710025448600432
"kallisto","TPM","Brain","B32",NA,0.72763422108581,9.58147305098662,9.58147305098662,9.58147305098662,"813-1597",0.0759417907052282,0.924058209294772
"kallisto","TPM","Brain","B33",NA,0.548932836092254,9.58147305098662,9.58147305098662,9.58147305098662,"1597-2528",0.0572910692511659,0.942708930748834
"kallisto","TPM","Brain","B33",NA,5.70385930253446,9.58147305098662,9.58147305098662,9.58147305098662,"191-575",0.595300876199523,0.404699123800477
"kallisto","TPM","Brain","B33",NA,1.91119622769218,9.58147305098662,9.58147305098662,9.58147305098662,"575-813",0.199467891578047,0.800532108421953
"kallisto","TPM","Brain","B33",NA,0.884742637915592,9.58147305098662,9.58147305098662,9.58147305098662,"813-1597",0.0923388954086228,0.907661104591377
"kallisto","TPM","Kidney","K31",0.799036511525343,0.616626478085081,10.2745857333318,8.19538565416613,9.41842017762234,"1597-2528",0.0654702663988332,0.934529733601167
"kallisto","TPM","Kidney","K31",0.528967434957751,5.38977858218837,10.2745857333318,8.19538565416613,9.31196563930357,"191-575",0.578801382109853,0.421198617890147
"kallisto","TPM","Kidney","K31",0.521217821645366,2.15517776084672,10.2745857333318,8.19538565416613,9.33688359577145,"575-813",0.230824100861958,0.769175899138042
"kallisto","TPM","Kidney","K31",0.735587295442191,0.947277637184931,10.2745857333318,8.19538565416613,9.25533078303635,"813-1597",0.102349409155765,0.897650590844235
"kallisto","TPM","Kidney","K32",0.799036511525343,0.747098642694046,10.2745857333318,8.19538565416613,9.41842017762234,"1597-2528",0.0793231379153281,0.920676862084672
"kallisto","TPM","Kidney","K32",0.528967434957751,5.45600969687412,10.2745857333318,8.19538565416613,9.31196563930357,"191-575",0.585913856237357,0.414086143762643
"kallisto","TPM","Kidney","K32",0.546581219292343,2.48407562315313,10.2745857333318,8.19538565416613,9.33688359577145,"575-813",0.266049758216771,0.733950241783229
"kallisto","TPM","Kidney","K32",0.808495062778054,0.771685681250693,10.2745857333318,8.19538565416613,9.25533078303635,"813-1597",0.0833774285696065,0.916622571430393
"kallisto","TPM","Kidney","K33",0.799036511525343,0.720536766622643,10.2745857333318,8.19538565416613,9.41842017762234,"1597-2528",0.0765029328734558,0.923497067126544
"kallisto","TPM","Kidney","K33",0.539896514192415,5.44836843018697,10.2745857333318,8.19538565416613,9.31196563930357,"191-575",0.585093270446651,0.414906729553349
"kallisto","TPM","Kidney","K33",0.527558671057111,2.41313648722226,10.2745857333318,8.19538565416613,9.33688359577145,"575-813",0.258452026575027,0.741547973424973
"kallisto","TPM","Kidney","K33",0.818910458111749,0.807412411060843,10.2745857333318,8.19538565416613,9.25533078303635,"813-1597",0.0872375531451247,0.912762446854875
"kallisto","cqn","B20K80","B20K80_1",0.935107213431664,1.00660988275777,10.941345882157,6.09156234168924,8.16963762182738,"1597-2528",0.123213529088284,0.876786470911716
"kallisto","cqn","B20K80","B20K80_1",0.381424865289783,6.37163696696834,10.941345882157,6.09156234168924,8.09259891597529,"191-575",0.787341252559834,0.212658747440166
"kallisto","cqn","B20K80","B20K80_1",0.809092384938549,3.6350944489092,10.941345882157,6.09156234168924,8.61798746156121,"575-813",0.421803172158558,0.578196827841442
"kallisto","cqn","B20K80","B20K80_1",0.907441318448154,0.653673163946834,10.941345882157,6.09156234168924,8.82151092424315,"813-1597",0.074099909818217,0.925900090181783
"kallisto","cqn","B20K80","B20K80_2",0.942761569885402,1.07117337715409,10.941345882157,6.09156234168924,8.16963762182738,"1597-2528",0.131116388111532,0.868883611888468
"kallisto","cqn","B20K80","B20K80_2",0.353009259279656,6.03390100188539,10.941345882157,6.09156234168924,8.09259891597529,"191-575",0.745607321521161,0.254392678478839
"kallisto","cqn","B20K80","B20K80_2",0.755829249879899,3.36523313599358,10.941345882157,6.09156234168924,8.61798746156121,"575-813",0.390489444432766,0.609510555567234
"kallisto","cqn","B20K80","B20K80_2",0.924366335865408,0.692579548487932,10.941345882157,6.09156234168924,8.82151092424315,"813-1597",0.0785103089975885,0.921489691002412
"kallisto","cqn","B20K80","B20K80_3",0.942761569885402,1.01839507831246,10.941345882157,6.09156234168924,8.16963762182738,"1597-2528",0.124656089468588,0.875343910531412
"kallisto","cqn","B20K80","B20K80_3",0.381424865289783,6.02511292845493,10.941345882157,6.09156234168924,8.09259891597529,"191-575",0.74452138194579,0.25547861805421
"kallisto","cqn","B20K80","B20K80_3",0.767242778821038,3.42527456441807,10.941345882157,6.09156234168924,8.61798746156121,"575-813",0.397456433963941,0.602543566036059
"kallisto","cqn","B20K80","B20K80_3",0.924366335865408,0.658206102139583,10.941345882157,6.09156234168924,8.82151092424315,"813-1597",0.074613760362832,0.925386239637168
"kallisto","cqn","Brain","B31",NA,0.807535635046461,9.58147305098662,9.58147305098662,9.58147305098662,"1597-2528",0.0842809483207081,0.915719051679292
"kallisto","cqn","Brain","B31",NA,6.13900086544307,9.58147305098662,9.58147305098662,9.58147305098662,"191-575",0.640715768105294,0.359284231894706
"kallisto","cqn","Brain","B31",NA,3.02776295543392,9.58147305098662,9.58147305098662,9.58147305098662,"575-813",0.316001823448446,0.683998176551554
"kallisto","cqn","Brain","B31",NA,0.758290220347827,9.58147305098662,9.58147305098662,9.58147305098662,"813-1597",0.0791412986617693,0.920858701338231
"kallisto","cqn","Brain","B32",NA,0.840628340921056,9.58147305098662,9.58147305098662,9.58147305098662,"1597-2528",0.0877347706816849,0.912265229318315
"kallisto","cqn","Brain","B32",NA,6.08576136429638,9.58147305098662,9.58147305098662,9.58147305098662,"191-575",0.635159263289867,0.364840736710133
"kallisto","cqn","Brain","B32",NA,2.89196474184199,9.58147305098662,9.58147305098662,9.58147305098662,"575-813",0.301828823861713,0.698171176138287
"kallisto","cqn","Brain","B32",NA,0.699842152979053,9.58147305098662,9.58147305098662,9.58147305098662,"813-1597",0.0730411857607833,0.926958814239217
"kallisto","cqn","Brain","B33",NA,0.851552273489206,9.58147305098662,9.58147305098662,9.58147305098662,"1597-2528",0.0888748806115485,0.911125119388451
"kallisto","cqn","Brain","B33",NA,6.05678344947864,9.58147305098662,9.58147305098662,9.58147305098662,"191-575",0.632134893794328,0.367865106205672
"kallisto","cqn","Brain","B33",NA,2.71838950011313,9.58147305098662,9.58147305098662,9.58147305098662,"575-813",0.283713108166934,0.716286891833066
"kallisto","cqn","Brain","B33",NA,0.657716788996435,9.58147305098662,9.58147305098662,9.58147305098662,"813-1597",0.0686446421647774,0.931355357835223
"kallisto","cqn","Kidney","K31",0.754504221870268,1.07087062418932,10.2745857333318,8.19538565416613,9.41842017762234,"1597-2528",0.11369960184338,0.88630039815662
"kallisto","cqn","Kidney","K31",0.528967434957751,5.84719397895667,10.2745857333318,8.19538565416613,9.31196563930357,"191-575",0.627922632604771,0.372077367395229
"kallisto","cqn","Kidney","K31",0.537704030115901,3.28938257839215,10.2745857333318,8.19538565416613,9.33688359577145,"575-813",0.352299838018958,0.647700161981042
"kallisto","cqn","Kidney","K31",0.695227638524124,0.54137783944351,10.2745857333318,8.19538565416613,9.25533078303635,"813-1597",0.0584936240675239,0.941506375932476
"kallisto","cqn","Kidney","K32",0.768500084333292,0.996825592632117,10.2745857333318,8.19538565416613,9.41842017762234,"1597-2528",0.105837876611252,0.894162123388748
"kallisto","cqn","Kidney","K32",0.510388000258822,5.54721399480364,10.2745857333318,8.19538565416613,9.31196563930357,"191-575",0.595708168358158,0.404291831641842
"kallisto","cqn","Kidney","K32",0.527558671057111,2.9157495317496,10.2745857333318,8.19538565416613,9.33688359577145,"575-813",0.312282947713958,0.687717052286043
"kallisto","cqn","Kidney","K32",0.825420080195308,0.557066819719094,10.2745857333318,8.19538565416613,9.25533078303635,"813-1597",0.0601887531389062,0.939811246861094
"kallisto","cqn","Kidney","K33",0.759593626402277,1.04141644322319,10.2745857333318,8.19538565416613,9.41842017762234,"1597-2528",0.110572306563423,0.889427693436577
"kallisto","cqn","Kidney","K33",0.539896514192415,5.64709721156623,10.2745857333318,8.19538565416613,9.31196563930357,"191-575",0.606434498397544,0.393565501602456
"kallisto","cqn","Kidney","K33",0.489513574586646,3.11471610584503,10.2745857333318,8.19538565416613,9.33688359577145,"575-813",0.333592689026951,0.666407310973049
"kallisto","cqn","Kidney","K33",0.786362347693953,0.541300079906036,10.2745857333318,8.19538565416613,9.25533078303635,"813-1597",0.0584852224728865,0.941514777527113
"kallisto","ratio_counts","B20K80","B20K80_1",0.941632556033985,0.34067807053968,10.8731576731801,6.02353248624378,8.26455301653613,"1597-2528",0.0412215966015384,0.958778403398462
"kallisto","ratio_counts","B20K80","B20K80_1",0.446052323034142,4.49820829628783,10.8731576731801,6.02353248624378,8.29394263123767,"191-575",0.542348614680082,0.457651385319918
"kallisto","ratio_counts","B20K80","B20K80_1",0.966345450349803,0.535103394978256,10.8731576731801,6.02353248624378,8.67213139244968,"575-813",0.0617037923853575,0.938296207614642
"kallisto","ratio_counts","B20K80","B20K80_1",0.941291353282662,0.19431836587682,10.8731576731801,6.02353248624378,8.99791181407537,"813-1597",0.0215959402461413,0.978404059753859
"kallisto","ratio_counts","B20K80","B20K80_2",0.947969248874052,0.381423696398792,10.8731576731801,6.02353248624378,8.26455301653613,"1597-2528",0.0461517635177148,0.953848236482285
"kallisto","ratio_counts","B20K80","B20K80_2",0.446052323034142,4.49289901865573,10.8731576731801,6.02353248624378,8.29394263123767,"191-575",0.541708475500424,0.458291524499576
"kallisto","ratio_counts","B20K80","B20K80_2",0.966345450349803,0.602225512982551,10.8731576731801,6.02353248624378,8.67213139244968,"575-813",0.0694437717476091,0.930556228252391
"kallisto","ratio_counts","B20K80","B20K80_2",0.941291353282662,0.293352071956024,10.8731576731801,6.02353248624378,8.99791181407537,"813-1597",0.0326022390547477,0.967397760945252
"kallisto","ratio_counts","B20K80","B20K80_3",0.947969248874052,0.45375128063874,10.8731576731801,6.02353248624378,8.26455301653613,"1597-2528",0.0549033056876581,0.945096694312342
"kallisto","ratio_counts","B20K80","B20K80_3",0.446052323034142,4.49497572852831,10.8731576731801,6.02353248624378,8.29394263123767,"191-575",0.541958864243741,0.458041135756259
"kallisto","ratio_counts","B20K80","B20K80_3",0.966345450349803,0.618353087726474,10.8731576731801,6.02353248624378,8.67213139244968,"575-813",0.0713034731305891,0.928696526869411
"kallisto","ratio_counts","B20K80","B20K80_3",0.941291353282662,0.291520844707858,10.8731576731801,6.02353248624378,8.99791181407537,"813-1597",0.0323987221403786,0.967601277859621
"kallisto","ratio_counts","Brain","B31",0.481217739511453,0.507341562182841,10.0200278840707,9.32699418895022,9.49006094074328,"1597-2528",0.05346030603499,0.94653969396501
"kallisto","ratio_counts","Brain","B31",0.321840566362745,5.00995333507152,10.0200278840707,9.32699418895022,9.5965072926082,"191-575",0.522060076891775,0.477939923108225
"kallisto","ratio_counts","Brain","B31",0.472455591261534,0.353981797876736,10.0200278840707,9.32699418895022,9.44929425279502,"575-813",0.0374611889953614,0.962538811004639
"kallisto","ratio_counts","Brain","B31",0.653274579918488,0.309399198576114,10.0200278840707,9.32699418895022,9.57159431663982,"813-1597",0.0323247296469969,0.967675270353003
"kallisto","ratio_counts","Brain","B32",0.424603887804223,0.504609576969411,10.0200278840707,9.32699418895022,9.49006094074328,"1597-2528",0.0531724274607122,0.946827572539288
"kallisto","ratio_counts","Brain","B32",0.055489752821163,5.01120281500992,10.0200278840707,9.32699418895022,9.5965072926082,"191-575",0.522190278422426,0.477809721577574
"kallisto","ratio_counts","Brain","B32",0.28347335475692,0.379372081041796,10.0200278840707,9.32699418895022,9.44929425279502,"575-813",0.0401481921181131,0.959851807881887
"kallisto","ratio_counts","Brain","B32",0.82915619758885,0.250058030143146,10.0200278840707,9.32699418895022,9.57159431663982,"813-1597",0.026125013437775,0.973874986562225
"kallisto","ratio_counts","Brain","B33",0.651059294633142,0.552524426166181,10.0200278840707,9.32699418895022,9.49006094074328,"1597-2528",0.0582213780940068,0.941778621905993
"kallisto","ratio_counts","Brain","B33",0.166469258463489,5.01362994669702,10.0200278840707,9.32699418895022,9.5965072926082,"191-575",0.522443196657477,0.477556803342523
"kallisto","ratio_counts","Brain","B33",0.157485197087178,0.657387163618445,10.0200278840707,9.32699418895022,9.44929425279502,"575-813",0.0695699748607147,0.930430025139285
"kallisto","ratio_counts","Brain","B33",0.778904306825889,0.306753101140219,10.0200278840707,9.32699418895022,9.57159431663982,"813-1597",0.0320482764931796,0.96795172350682
"kallisto","ratio_counts","Kidney","K31",0.902096953298516,0.489734018068254,10.1392668506839,8.06010175503904,9.44617080919616,"1597-2528",0.0518447133722674,0.948155286627733
"kallisto","ratio_counts","Kidney","K31",0.583612831131073,4.42369352817837,10.1392668506839,8.06010175503904,9.44615866451117,"191-575",0.468306079252936,0.531693920747064
"kallisto","ratio_counts","Kidney","K31",0.854746500703107,0.383240274496289,10.1392668506839,8.06010175503904,9.32387103812348,"575-813",0.0411031290468621,0.958896870953138
"kallisto","ratio_counts","Kidney","K31",0.387973476180129,0.311831937379112,10.1392668506839,8.06010175503904,9.36461132113007,"813-1597",0.033298972769484,0.966701027230516
"kallisto","ratio_counts","Kidney","K32",0.92245457142655,0.238811462030828,10.1392668506839,8.06010175503904,9.44617080919616,"1597-2528",0.0252812983011419,0.974718701698858
"kallisto","ratio_counts","Kidney","K32",0.603285173753468,4.41891159582751,10.1392668506839,8.06010175503904,9.44615866451117,"191-575",0.467799848887694,0.532200151112306
"kallisto","ratio_counts","Kidney","K32",0.854746500703107,0.308606130961456,10.1392668506839,8.06010175503904,9.32387103812348,"575-813",0.0330984984347838,0.966901501565216
"kallisto","ratio_counts","Kidney","K32",0.602791004937583,0.281406463370085,10.1392668506839,8.06010175503904,9.36461132113007,"813-1597",0.0300499885921722,0.969950011407828
"kallisto","ratio_counts","Kidney","K33",0.92245457142655,0.268093358869723,10.1392668506839,8.06010175503904,9.44617080919616,"1597-2528",0.0283811678070362,0.971618832192964
"kallisto","ratio_counts","Kidney","K33",0.573776659819875,4.42095218736556,10.1392668506839,8.06010175503904,9.44615866451117,"191-575",0.468015872311662,0.531984127688338
"kallisto","ratio_counts","Kidney","K33",0.824310423526735,0.336623493482471,10.1392668506839,8.06010175503904,9.32387103812348,"575-813",0.0361034051314185,0.963896594868581
"kallisto","ratio_counts","Kidney","K33",0.518165917851313,0.26608165697703,10.1392668506839,8.06010175503904,9.36461132113007,"813-1597",0.0284135291740993,0.971586470825901
"oarfish","CPM","B20K80","B20K80_1",0.677826008044708,3.18780542324474,10.941345882157,6.09156234168924,8.16963762182738,"1597-2528",0.390201569617685,0.609798430382315
"oarfish","CPM","B20K80","B20K80_1",0.375738656348957,6.09679536385047,10.941345882157,6.09156234168924,8.09259891597529,"191-575",0.753379158803363,0.246620841196637
"oarfish","CPM","B20K80","B20K80_1",0.786265327056271,3.34660609289166,10.941345882157,6.09156234168924,8.61798746156121,"575-813",0.388328029927929,0.611671970072071
"oarfish","CPM","B20K80","B20K80_1",0.924366335865408,0.78877438078345,10.941345882157,6.09156234168924,8.82151092424315,"813-1597",0.0894148845427093,0.910585115457291
"oarfish","CPM","B20K80","B20K80_2",0.677826008044708,3.18173575686969,10.941345882157,6.09156234168924,8.16963762182738,"1597-2528",0.389458615443215,0.610541384556785
"oarfish","CPM","B20K80","B20K80_2",0.39990897927199,5.83083633150907,10.941345882157,6.09156234168924,8.09259891597529,"191-575",0.720514681630723,0.279485318369277
"oarfish","CPM","B20K80","B20K80_2",0.787533496938619,2.99541933751832,10.941345882157,6.09156234168924,8.61798746156121,"575-813",0.347577592898433,0.652422407101567
"oarfish","CPM","B20K80","B20K80_2",0.924366335865408,0.739492973094844,10.941345882157,6.09156234168924,8.82151092424315,"813-1597",0.0838283803585824,0.916171619641418
"oarfish","CPM","B20K80","B20K80_3",0.677826008044708,3.15195824715298,10.941345882157,6.09156234168924,8.16963762182738,"1597-2528",0.385813715743239,0.614186284256761
"oarfish","CPM","B20K80","B20K80_3",0.375738656348957,5.97314558370971,10.941345882157,6.09156234168924,8.09259891597529,"191-575",0.738099792875977,0.261900207124023
"oarfish","CPM","B20K80","B20K80_3",0.75456107999755,3.10650327202236,10.941345882157,6.09156234168924,8.61798746156121,"575-813",0.360467369658901,0.639532630341099
"oarfish","CPM","B20K80","B20K80_3",0.907441318448154,0.820757939478689,10.941345882157,6.09156234168924,8.82151092424315,"813-1597",0.0930405172682034,0.906959482731797
"oarfish","CPM","Brain","B31",NA,2.51401869461674,9.58147305098662,9.58147305098662,9.58147305098662,"1597-2528",0.262383318435349,0.737616681564651
"oarfish","CPM","Brain","B31",NA,6.99491720309764,9.58147305098662,9.58147305098662,9.58147305098662,"191-575",0.730046117739418,0.269953882260582
"oarfish","CPM","Brain","B31",NA,3.86655943587416,9.58147305098662,9.58147305098662,9.58147305098662,"575-813",0.403545406358578,0.596454593641422
"oarfish","CPM","Brain","B31",NA,0.797194628405531,9.58147305098662,9.58147305098662,9.58147305098662,"813-1597",0.0832016772539419,0.916798322746058
"oarfish","CPM","Brain","B32",NA,2.53502046053251,9.58147305098662,9.58147305098662,9.58147305098662,"1597-2528",0.264575232539163,0.735424767460837
"oarfish","CPM","Brain","B32",NA,6.86895227149241,9.58147305098662,9.58147305098662,9.58147305098662,"191-575",0.716899398969253,0.283100601030747
"oarfish","CPM","Brain","B32",NA,3.67324464638252,9.58147305098662,9.58147305098662,9.58147305098662,"575-813",0.38336951185228,0.61663048814772
"oarfish","CPM","Brain","B32",NA,0.724806807954615,9.58147305098662,9.58147305098662,9.58147305098662,"813-1597",0.0756466990093951,0.924353300990605
"oarfish","CPM","Brain","B33",NA,2.45080716106242,9.58147305098662,9.58147305098662,9.58147305098662,"1597-2528",0.255786051687538,0.744213948312462
"oarfish","CPM","Brain","B33",NA,6.32570050953951,9.58147305098662,9.58147305098662,9.58147305098662,"191-575",0.660201252550425,0.339798747449575
"oarfish","CPM","Brain","B33",NA,2.61062481899182,9.58147305098662,9.58147305098662,9.58147305098662,"575-813",0.272465914698053,0.727534085301947
"oarfish","CPM","Brain","B33",NA,0.756394066728563,9.58147305098662,9.58147305098662,9.58147305098662,"813-1597",0.0789434007384361,0.921056599261564
"oarfish","CPM","Kidney","K31",0.7735894888653,0.82020894699931,10.2745857333318,8.19538565416613,9.41842017762234,"1597-2528",0.0870856185571421,0.912914381442858
"oarfish","CPM","Kidney","K31",0.352666984467881,6.47559940027049,10.2745857333318,8.19538565416613,9.31196563930357,"191-575",0.695406281670385,0.304593718329615
"oarfish","CPM","Kidney","K31",0.508536122821878,2.92327599155264,10.2745857333318,8.19538565416613,9.33688359577145,"575-813",0.31308904749295,0.68691095250705
"oarfish","CPM","Kidney","K31",0.818910458111749,0.743705969701787,10.2745857333318,8.19538565416613,9.25533078303635,"813-1597",0.0803543370988846,0.919645662901115
"oarfish","CPM","Kidney","K32",0.7137889856142,0.938874431112139,10.2745857333318,8.19538565416613,9.41842017762234,"1597-2528",0.0996849167276328,0.900315083272367
"oarfish","CPM","Kidney","K32",0.352666984467881,6.60302465375777,10.2745857333318,8.19538565416613,9.31196563930357,"191-575",0.709090315570752,0.290909684429248
"oarfish","CPM","Kidney","K32",0.552922068704087,3.36366087473252,10.2745857333318,8.19538565416613,9.33688359577145,"575-813",0.360255200809816,0.639744799190184
"oarfish","CPM","Kidney","K32",0.746002690775886,0.635847741400605,10.2745857333318,8.19538565416613,9.25533078303635,"813-1597",0.0687007040921778,0.931299295907822
"oarfish","CPM","Kidney","K33",0.7137889856142,0.917452304228689,10.2745857333318,8.19538565416613,9.41842017762234,"1597-2528",0.0974104241397625,0.902589575860237
"oarfish","CPM","Kidney","K33",0.326299359460937,6.58891890258157,10.2745857333318,8.19538565416613,9.31196563930357,"191-575",0.707575517114381,0.292424482885619
"oarfish","CPM","Kidney","K33",0.504731613174832,3.27140978638092,10.2745857333318,8.19538565416613,9.33688359577145,"575-813",0.350374913944787,0.649625086055213
"oarfish","CPM","Kidney","K33",0.790268120944089,0.647262124253644,10.2745857333318,8.19538565416613,9.25533078303635,"813-1597",0.0699339806892671,0.930066019310733
"oarfish","EDA","B20K80","B20K80_1",0.677826008044708,3.18347120016179,10.941345882157,6.09156234168924,8.16963762182738,"1597-2528",0.389671041424933,0.610328958575067
"oarfish","EDA","B20K80","B20K80_1",0.43836176574045,5.57771814483586,10.941345882157,6.09156234168924,8.09259891597529,"191-575",0.689236943872889,0.310763056127111
"oarfish","EDA","B20K80","B20K80_1",0.79767885599741,2.91488300281451,10.941345882157,6.09156234168924,8.61798746156121,"575-813",0.338232448795703,0.661767551204297
"oarfish","EDA","B20K80","B20K80_1",0.924366335865408,0.742778968227088,10.941345882157,6.09156234168924,8.82151092424315,"813-1597",0.0842008783535929,0.915799121646407
"oarfish","EDA","B20K80","B20K80_2",0.677826008044708,3.1713391990094,10.941345882157,6.09156234168924,8.16963762182738,"1597-2528",0.388186030496178,0.611813969503822
"oarfish","EDA","B20K80","B20K80_2",0.39990897927199,5.35420800759643,10.941345882157,6.09156234168924,8.09259891597529,"191-575",0.66161786382702,0.33838213617298
"oarfish","EDA","B20K80","B20K80_2",0.778656307762178,2.58922684230957,10.941345882157,6.09156234168924,8.61798746156121,"575-813",0.300444489372755,0.699555510627245
"oarfish","EDA","B20K80","B20K80_2",0.924366335865408,0.718006097035794,10.941345882157,6.09156234168924,8.82151092424315,"813-1597",0.081392643868136,0.918607356131864
"oarfish","EDA","B20K80","B20K80_3",0.677826008044708,3.15636973396425,10.941345882157,6.09156234168924,8.16963762182738,"1597-2528",0.386353701360164,0.613646298639836
"oarfish","EDA","B20K80","B20K80_3",0.414191442817418,5.5250012852331,10.941345882157,6.09156234168924,8.09259891597529,"191-575",0.682722737478859,0.317277262521141
"oarfish","EDA","B20K80","B20K80_3",0.757097419762248,2.77269254316916,10.941345882157,6.09156234168924,8.61798746156121,"575-813",0.321733183708633,0.678266816291367
"oarfish","EDA","B20K80","B20K80_3",0.907441318448154,0.759156518406469,10.941345882157,6.09156234168924,8.82151092424315,"813-1597",0.0860574254145246,0.913942574585475
"oarfish","EDA","Brain","B31",NA,2.48045447395165,9.58147305098662,9.58147305098662,9.58147305098662,"1597-2528",0.258880284978334,0.741119715021666
"oarfish","EDA","Brain","B31",NA,6.29959024621555,9.58147305098662,9.58147305098662,9.58147305098662,"191-575",0.657476174351591,0.342523825648409
"oarfish","EDA","Brain","B31",NA,3.10062370455272,9.58147305098662,9.58147305098662,9.58147305098662,"575-813",0.323606160352708,0.676393839647292
"oarfish","EDA","Brain","B31",NA,0.758148428640231,9.58147305098662,9.58147305098662,9.58147305098662,"813-1597",0.0791265001326871,0.920873499867313
"oarfish","EDA","Brain","B32",NA,2.49272199350955,9.58147305098662,9.58147305098662,9.58147305098662,"1597-2528",0.260160622510218,0.739839377489782
"oarfish","EDA","Brain","B32",NA,6.28869009099631,9.58147305098662,9.58147305098662,9.58147305098662,"191-575",0.656338546018115,0.343661453981885
"oarfish","EDA","Brain","B32",NA,2.97339483756209,9.58147305098662,9.58147305098662,9.58147305098662,"575-813",0.310327527065988,0.689672472934012
"oarfish","EDA","Brain","B32",NA,0.691828562973075,9.58147305098662,9.58147305098662,9.58147305098662,"813-1597",0.0722048227127076,0.927795177287292
"oarfish","EDA","Brain","B33",NA,2.45034035633385,9.58147305098662,9.58147305098662,9.58147305098662,"1597-2528",0.255737332171647,0.744262667828353
"oarfish","EDA","Brain","B33",NA,6.02225270754875,9.58147305098662,9.58147305098662,9.58147305098662,"191-575",0.62853098636317,0.37146901363683
"oarfish","EDA","Brain","B33",NA,2.35418394775012,9.58147305098662,9.58147305098662,9.58147305098662,"575-813",0.24570167188517,0.75429832811483
"oarfish","EDA","Brain","B33",NA,0.732327665779377,9.58147305098662,9.58147305098662,9.58147305098662,"813-1597",0.0764316365429811,0.923568363457019
"oarfish","EDA","Kidney","K31",0.7735894888653,0.922717063468325,10.2745857333318,8.19538565416613,9.41842017762234,"1597-2528",0.0979694095258832,0.902030590474117
"oarfish","EDA","Kidney","K31",0.352666984467881,6.37524102303573,10.2745857333318,8.19538565416613,9.31196563930357,"191-575",0.684628924759705,0.315371075240295
"oarfish","EDA","Kidney","K31",0.508536122821878,3.00482715454674,10.2745857333318,8.19538565416613,9.33688359577145,"575-813",0.321823349699635,0.678176650300365
"oarfish","EDA","Kidney","K31",0.818910458111749,0.620413098528207,10.2745857333318,8.19538565416613,9.25533078303635,"813-1597",0.0670330551194705,0.93296694488053
"oarfish","EDA","Kidney","K32",0.731601901476229,0.953529977885835,10.2745857333318,8.19538565416613,9.41842017762234,"1597-2528",0.10124096822006,0.89875903177994
"oarfish","EDA","Kidney","K32",0.352666984467881,6.21947961791978,10.2745857333318,8.19538565416613,9.31196563930357,"191-575",0.667901908021315,0.332098091978685
"oarfish","EDA","Kidney","K32",0.565603767527575,3.0441739312654,10.2745857333318,8.19538565416613,9.33688359577145,"575-813",0.326037472786323,0.673962527213677
"oarfish","EDA","Kidney","K32",0.790268120944089,0.592514153481532,10.2745857333318,8.19538565416613,9.25533078303635,"813-1597",0.0640186901334226,0.935981309866577
"oarfish","EDA","Kidney","K33",0.721423092412212,0.962349889867494,10.2745857333318,8.19538565416613,9.41842017762234,"1597-2528",0.102177421660799,0.897822578339201
"oarfish","EDA","Kidney","K33",0.363653494887441,6.24342327274256,10.2745857333318,8.19538565416613,9.31196563930357,"191-575",0.670473186283095,0.329526813716905
"oarfish","EDA","Kidney","K33",0.546581219292343,3.04097029179271,10.2745857333318,8.19538565416613,9.33688359577145,"575-813",0.32569435621645,0.67430564378355
"oarfish","EDA","Kidney","K33",0.807193138361343,0.586471082335034,10.2745857333318,8.19538565416613,9.25533078303635,"813-1597",0.0633657614279922,0.936634238572008
"oarfish","TPM","B20K80","B20K80_1",0.677826008044708,3.11842665146219,10.941345882157,6.09156234168924,8.16963762182738,"1597-2528",0.381709299214261,0.618290700785739
"oarfish","TPM","B20K80","B20K80_1",0.414191442817418,5.47376412633723,10.941345882157,6.09156234168924,8.09259891597529,"191-575",0.676391377253565,0.323608622746435
"oarfish","TPM","B20K80","B20K80_1",0.79767885599741,2.57992897178929,10.941345882157,6.09156234168924,8.61798746156121,"575-813",0.299365598209158,0.700634401790842
"oarfish","TPM","B20K80","B20K80_1",0.924366335865408,0.933340133106832,10.941345882157,6.09156234168924,8.82151092424315,"813-1597",0.105802752059382,0.894197247940618
"oarfish","TPM","B20K80","B20K80_2",0.677826008044708,3.11310160416486,10.941345882157,6.09156234168924,8.16963762182738,"1597-2528",0.381057489728476,0.618942510271524
"oarfish","TPM","B20K80","B20K80_2",0.39990897927199,5.22982733291463,10.941345882157,6.09156234168924,8.09259891597529,"191-575",0.646248181482296,0.353751818517704
"oarfish","TPM","B20K80","B20K80_2",0.778656307762178,2.26598475459769,10.941345882157,6.09156234168924,8.61798746156121,"575-813",0.262936650198744,0.737063349801256
"oarfish","TPM","B20K80","B20K80_2",0.924366335865408,0.895990873536747,10.941345882157,6.09156234168924,8.82151092424315,"813-1597",0.101568867423198,0.898431132576802
"oarfish","TPM","B20K80","B20K80_3",0.677826008044708,3.09030436535045,10.941345882157,6.09156234168924,8.16963762182738,"1597-2528",0.37826700624932,0.62173299375068
"oarfish","TPM","B20K80","B20K80_3",0.390021119894386,5.42926112060989,10.941345882157,6.09156234168924,8.09259891597529,"191-575",0.670892154298195,0.329107845701805
"oarfish","TPM","B20K80","B20K80_3",0.755829249879899,2.44495624102418,10.941345882157,6.09156234168924,8.61798746156121,"575-813",0.283703852196283,0.716296147803717
"oarfish","TPM","B20K80","B20K80_3",0.895723998697748,0.96808882462526,10.941345882157,6.09156234168924,8.82151092424315,"813-1597",0.109741838211045,0.890258161788955
"oarfish","TPM","Brain","B31",NA,2.44254409122189,9.58147305098662,9.58147305098662,9.58147305098662,"1597-2528",0.254923650906723,0.745076349093277
"oarfish","TPM","Brain","B31",NA,6.31939385581003,9.58147305098662,9.58147305098662,9.58147305098662,"191-575",0.659543039173847,0.340456960826153
"oarfish","TPM","Brain","B31",NA,2.96831488105007,9.58147305098662,9.58147305098662,9.58147305098662,"575-813",0.309797341729664,0.690202658270336
"oarfish","TPM","Brain","B31",NA,0.836104740284286,9.58147305098662,9.58147305098662,9.58147305098662,"813-1597",0.0872626511429983,0.912737348857002
"oarfish","TPM","Brain","B32",NA,2.4618275423783,9.58147305098662,9.58147305098662,9.58147305098662,"1597-2528",0.256936227788565,0.743063772211435
"oarfish","TPM","Brain","B32",NA,6.19107170932922,9.58147305098662,9.58147305098662,9.58147305098662,"191-575",0.646150302399662,0.353849697600338
"oarfish","TPM","Brain","B32",NA,2.76175061611717,9.58147305098662,9.58147305098662,9.58147305098662,"575-813",0.288238624835749,0.711761375164251
"oarfish","TPM","Brain","B32",NA,0.74151781191189,9.58147305098662,9.58147305098662,9.58147305098662,"813-1597",0.0773907945016382,0.922609205498362
"oarfish","TPM","Brain","B33",NA,2.39023127926507,9.58147305098662,9.58147305098662,9.58147305098662,"1597-2528",0.249463862868032,0.750536137131968
"oarfish","TPM","Brain","B33",NA,5.7981140303692,9.58147305098662,9.58147305098662,9.58147305098662,"191-575",0.605138061706718,0.394861938293282
"oarfish","TPM","Brain","B33",NA,1.89371830480468,9.58147305098662,9.58147305098662,9.58147305098662,"575-813",0.197643754225211,0.802356245774789
"oarfish","TPM","Brain","B33",NA,0.896285373801965,9.58147305098662,9.58147305098662,9.58147305098662,"813-1597",0.0935435886562007,0.906456411343799
"oarfish","TPM","Kidney","K31",0.785040649062319,0.658779488028668,10.2745857333318,8.19538565416613,9.41842017762234,"1597-2528",0.0699458588175852,0.930054141182415
"oarfish","TPM","Kidney","K31",0.352666984467881,5.87882181280336,10.2745857333318,8.19538565416613,9.31196563930357,"191-575",0.631319104957847,0.368680895042153
"oarfish","TPM","Kidney","K31",0.521217821645366,2.15665722336463,10.2745857333318,8.19538565416613,9.33688359577145,"575-813",0.230982554429761,0.769017445570239
"oarfish","TPM","Kidney","K31",0.769437330276699,0.946427871163138,10.2745857333318,8.19538565416613,9.25533078303635,"813-1597",0.10225759547112,0.89774240452888
"oarfish","TPM","Kidney","K32",0.734146603742234,0.751758336960792,10.2745857333318,8.19538565416613,9.41842017762234,"1597-2528",0.0798178805769283,0.920182119423072
"oarfish","TPM","Kidney","K32",0.352666984467881,5.94375443102099,10.2745857333318,8.19538565416613,9.31196563930357,"191-575",0.638292135221572,0.361707864778428
"oarfish","TPM","Kidney","K32",0.565603767527575,2.48414209138361,10.2745857333318,8.19538565416613,9.33688359577145,"575-813",0.266056877104974,0.733943122895026
"oarfish","TPM","Kidney","K32",0.835835475529003,0.772204060419182,10.2745857333318,8.19538565416613,9.25533078303635,"813-1597",0.0834334372829243,0.916566562717076
"oarfish","TPM","Kidney","K33",0.723967794678217,0.726757778269663,10.2745857333318,8.19538565416613,9.41842017762234,"1597-2528",0.0771634482815282,0.922836551718472
"oarfish","TPM","Kidney","K33",0.363653494887441,5.94879631744746,10.2745857333318,8.19538565416613,9.31196563930357,"191-575",0.638833576913023,0.361166423086977
"oarfish","TPM","Kidney","K33",0.546581219292343,2.41721002383941,10.2745857333318,8.19538565416613,9.33688359577145,"575-813",0.258888310970711,0.741111689029289
"oarfish","TPM","Kidney","K33",0.801985440694495,0.808278558949898,10.2745857333318,8.19538565416613,9.25533078303635,"813-1597",0.0873311368223978,0.912668863177602
"oarfish","cqn","B20K80","B20K80_1",0.672307641853324,3.28991859100871,10.941345882157,6.09156234168924,8.16963762182738,"1597-2528",0.402700675758104,0.597299324241896
"oarfish","cqn","B20K80","B20K80_1",0.385626515726562,6.25828408319726,10.941345882157,6.09156234168924,8.09259891597529,"191-575",0.773334271001992,0.226665728998008
"oarfish","cqn","B20K80","B20K80_1",0.786265327056271,3.41636007839498,10.941345882157,6.09156234168924,8.61798746156121,"575-813",0.396422029346522,0.603577970653478
"oarfish","cqn","B20K80","B20K80_1",0.924366335865408,1.07610454469933,10.941345882157,6.09156234168924,8.82151092424315,"813-1597",0.121986420913677,0.878013579086322
"oarfish","cqn","B20K80","B20K80_2",0.664653285399586,3.20769558767298,10.941345882157,6.09156234168924,8.16963762182738,"1597-2528",0.392636214255423,0.607363785744577
"oarfish","cqn","B20K80","B20K80_2",0.385626515726562,6.06636426750054,10.941345882157,6.09156234168924,8.09259891597529,"191-575",0.749618797432944,0.250381202567056
"oarfish","cqn","B20K80","B20K80_2",0.755829249879899,3.24471859455218,10.941345882157,6.09156234168924,8.61798746156121,"575-813",0.376505374256413,0.623494625743587
"oarfish","cqn","B20K80","B20K80_2",0.924366335865408,0.985274475797754,10.941345882157,6.09156234168924,8.82151092424315,"813-1597",0.1116899910071,0.8883100089929
"oarfish","cqn","B20K80","B20K80_3",0.664653285399586,3.21174228305459,10.941345882157,6.09156234168924,8.16963762182738,"1597-2528",0.393131547778027,0.606868452221973
"oarfish","cqn","B20K80","B20K80_3",0.39990897927199,6.02380785292364,10.941345882157,6.09156234168924,8.09259891597529,"191-575",0.744360114157181,0.255639885842819
"oarfish","cqn","B20K80","B20K80_3",0.765974608938689,3.38363084872242,10.941345882157,6.09156234168924,8.61798746156121,"575-813",0.392624248273094,0.607375751726906
"oarfish","cqn","B20K80","B20K80_3",0.907441318448154,0.957641353180252,10.941345882157,6.09156234168924,8.82151092424315,"813-1597",0.10855752052049,0.89144247947951
"oarfish","cqn","Brain","B31",NA,2.41225823607319,9.58147305098662,9.58147305098662,9.58147305098662,"1597-2528",0.251762774182702,0.748237225817298
"oarfish","cqn","Brain","B31",NA,6.1729642623205,9.58147305098662,9.58147305098662,9.58147305098662,"191-575",0.644260462819426,0.355739537180574
"oarfish","cqn","Brain","B31",NA,2.75983597576208,9.58147305098662,9.58147305098662,9.58147305098662,"575-813",0.288038797487187,0.711961202512813
"oarfish","cqn","Brain","B31",NA,0.678352422428393,9.58147305098662,9.58147305098662,9.58147305098662,"813-1597",0.070798343722163,0.929201656277837
"oarfish","cqn","Brain","B32",NA,2.23473969132704,9.58147305098662,9.58147305098662,9.58147305098662,"1597-2528",0.233235503500886,0.766764496499114
"oarfish","cqn","Brain","B32",NA,6.18738754826892,9.58147305098662,9.58147305098662,9.58147305098662,"191-575",0.645765793562587,0.354234206437413
"oarfish","cqn","Brain","B32",NA,2.7069792581421,9.58147305098662,9.58147305098662,9.58147305098662,"575-813",0.28252224305566,0.71747775694434
"oarfish","cqn","Brain","B32",NA,0.644234641441336,9.58147305098662,9.58147305098662,9.58147305098662,"813-1597",0.0672375362340552,0.932762463765945
"oarfish","cqn","Brain","B33",NA,2.26047021024629,9.58147305098662,9.58147305098662,9.58147305098662,"1597-2528",0.235920948503166,0.764079051496834
"oarfish","cqn","Brain","B33",NA,5.96418311243825,9.58147305098662,9.58147305098662,9.58147305098662,"191-575",0.622470373887249,0.377529626112751
"oarfish","cqn","Brain","B33",NA,2.35803302806502,9.58147305098662,9.58147305098662,9.58147305098662,"575-813",0.246103393029134,0.753896606970865
"oarfish","cqn","Brain","B33",NA,0.612773027097416,9.58147305098662,9.58147305098662,9.58147305098662,"813-1597",0.0639539477736481,0.936046052226352
"oarfish","cqn","Kidney","K31",0.732874252609232,1.05491851034301,10.2745857333318,8.19538565416613,9.41842017762234,"1597-2528",0.112005887446967,0.887994112553033
"oarfish","cqn","Kidney","K31",0.352666984467881,5.96668591945388,10.2745857333318,8.19538565416613,9.31196563930357,"191-575",0.640754718237998,0.359245281762002
"oarfish","cqn","Kidney","K31",0.537704030115901,2.78197179138553,10.2745857333318,8.19538565416613,9.33688359577145,"575-813",0.297955068503312,0.702044931496688
"oarfish","cqn","Kidney","K31",0.716058429191514,0.620736811808692,10.2745857333318,8.19538565416613,9.25533078303635,"813-1597",0.0670680309931667,0.932931969006833
"oarfish","cqn","Kidney","K32",0.718878390146208,1.00650801125508,10.2745857333318,8.19538565416613,9.41842017762234,"1597-2528",0.106865906624817,0.893134093375183
"oarfish","cqn","Kidney","K32",0.352666984467881,5.84842366104491,10.2745857333318,8.19538565416613,9.31196563930357,"191-575",0.628054686580899,0.371945313419101
"oarfish","cqn","Kidney","K32",0.527558671057111,2.62859868192245,10.2745857333318,8.19538565416613,9.33688359577145,"575-813",0.281528483777275,0.718471516222725
"oarfish","cqn","Kidney","K32",0.790268120944089,0.63646124722316,10.2745857333318,8.19538565416613,9.25533078303635,"813-1597",0.0687669908448544,0.931233009155146
"oarfish","cqn","Kidney","K33",0.699793123151176,1.04632460027596,10.2745857333318,8.19538565416613,9.41842017762234,"1597-2528",0.111093429741218,0.888906570258782
"oarfish","cqn","Kidney","K33",0.344976427174189,5.88617504018412,10.2745857333318,8.19538565416613,9.31196563930357,"191-575",0.632108758578316,0.367891241421684
"oarfish","cqn","Kidney","K33",0.527558671057111,2.73363194574268,10.2745857333318,8.19538565416613,9.33688359577145,"575-813",0.292777768695832,0.707222231304168
"oarfish","cqn","Kidney","K33",0.790268120944089,0.610854549113434,10.2745857333318,8.19538565416613,9.25533078303635,"813-1597",0.0660002936073381,0.933999706392662
"oarfish","ratio_counts","B20K80","B20K80_1",0.660054293670721,3.15589392105892,10.8731576731801,6.02353248624378,8.26455301653613,"1597-2528",0.38185899645685,0.61814100354315
"oarfish","ratio_counts","B20K80","B20K80_1",0.452644229285878,4.48624484744101,10.8731576731801,6.02353248624378,8.29394263123767,"191-575",0.540906182609024,0.459093817390976
"oarfish","ratio_counts","B20K80","B20K80_1",0.956200091291013,0.519443269034119,10.8731576731801,6.02353248624378,8.67213139244968,"575-813",0.0598979934144412,0.940102006585559
"oarfish","ratio_counts","B20K80","B20K80_1",0.941291353282662,0.197538166860758,10.8731576731801,6.02353248624378,8.99791181407537,"813-1597",0.0219537789369918,0.978046221063008
"oarfish","ratio_counts","B20K80","B20K80_2",0.660054293670721,3.15741951910769,10.8731576731801,6.02353248624378,8.26455301653613,"1597-2528",0.382043591805893,0.617956408194107
"oarfish","ratio_counts","B20K80","B20K80_2",0.442756369908274,4.45805739455556,10.8731576731801,6.02353248624378,8.29394263123767,"191-575",0.537507623668035,0.462492376331965
"oarfish","ratio_counts","B20K80","B20K80_2",0.966345450349803,0.632234816659115,10.8731576731801,6.02353248624378,8.67213139244968,"575-813",0.0729042017524741,0.927095798247526
"oarfish","ratio_counts","B20K80","B20K80_2",0.941291353282662,0.30179788310072,10.8731576731801,6.02353248624378,8.99791181407537,"813-1597",0.033540880299429,0.966459119700571
"oarfish","ratio_counts","B20K80","B20K80_3",0.660054293670721,3.16540351149904,10.8731576731801,6.02353248624378,8.26455301653613,"1597-2528",0.383009644340782,0.616990355659218
"oarfish","ratio_counts","B20K80","B20K80_3",0.442756369908274,4.52315891281718,10.8731576731801,6.02353248624378,8.29394263123767,"191-575",0.545356908520383,0.454643091479617
"oarfish","ratio_counts","B20K80","B20K80_3",0.956200091291013,0.640142430692237,10.8731576731801,6.02353248624378,8.67213139244968,"575-813",0.0738160437985951,0.926183956201405
"oarfish","ratio_counts","B20K80","B20K80_3",0.941291353282662,0.288614458926193,10.8731576731801,6.02353248624378,8.99791181407537,"813-1597",0.0320757154426337,0.967924284557366
"oarfish","ratio_counts","Brain","B31",0.735980072193987,2.32978144027968,10.0200278840707,9.32699418895022,9.49006094074328,"1597-2528",0.2454969946797,0.7545030053203
"oarfish","ratio_counts","Brain","B31",0.144273357335024,5.13433685411885,10.0200278840707,9.32699418895022,9.5965072926082,"191-575",0.535021409098873,0.464978590901127
"oarfish","ratio_counts","Brain","B31",0.377964473009227,0.337853467913897,10.0200278840707,9.32699418895022,9.44929425279502,"575-813",0.0357543599421685,0.964245640057832
"oarfish","ratio_counts","Brain","B31",0.603022689155527,0.288454624940847,10.0200278840707,9.32699418895022,9.57159431663982,"813-1597",0.0301365285028202,0.96986347149718
"oarfish","ratio_counts","Brain","B32",0.735980072193987,2.32804523421433,10.0200278840707,9.32699418895022,9.49006094074328,"1597-2528",0.245314044741212,0.754685955258788
"oarfish","ratio_counts","Brain","B32",0.0110979505642326,5.11998226363997,10.0200278840707,9.32699418895022,9.5965072926082,"191-575",0.533525595044739,0.466474404955261
"oarfish","ratio_counts","Brain","B32",0.314970394174356,0.354001410981344,10.0200278840707,9.32699418895022,9.44929425279502,"575-813",0.0374632646111781,0.962536735388822
"oarfish","ratio_counts","Brain","B32",0.80403025220737,0.248640345923231,10.0200278840707,9.32699418895022,9.57159431663982,"813-1597",0.0259768997408279,0.974023100259172
"oarfish","ratio_counts","Brain","B33",0.735980072193987,2.3114423505339,10.0200278840707,9.32699418895022,9.49006094074328,"1597-2528",0.243564542416191,0.756435457583809
"oarfish","ratio_counts","Brain","B33",0.0776856539496281,5.10687309663456,10.0200278840707,9.32699418895022,9.5965072926082,"191-575",0.532159559819038,0.467840440180962
"oarfish","ratio_counts","Brain","B33",0.125988157669742,0.659338055143371,10.0200278840707,9.32699418895022,9.44929425279502,"575-813",0.0697764338271447,0.930223566172855
"oarfish","ratio_counts","Brain","B33",0.80403025220737,0.297269902152321,10.0200278840707,9.32699418895022,9.57159431663982,"813-1597",0.0310575116661108,0.968942488333889
"oarfish","ratio_counts","Kidney","K31",0.88682873970249,2.14299350340314,10.1392668506839,8.06010175503904,9.44617080919616,"1597-2528",0.22686372570321,0.77313627429679
"oarfish","ratio_counts","Kidney","K31",0.374640005307001,5.29040074739075,10.1392668506839,8.06010175503904,9.44615866451117,"191-575",0.560058425364648,0.439941574635352
"oarfish","ratio_counts","Kidney","K31",0.864891859761898,1.29472432018279,10.1392668506839,8.06010175503904,9.32387103812348,"575-813",0.138861242813089,0.861138757186911
"oarfish","ratio_counts","Kidney","K31",0.455673545849145,1.6875786848087,10.1392668506839,8.06010175503904,9.36461132113007,"813-1597",0.180208086266313,0.819791913733687
"oarfish","ratio_counts","Kidney","K32",0.876649930638473,2.01583341342452,10.1392668506839,8.06010175503904,9.44617080919616,"1597-2528",0.213402176833606,0.786597823166394
"oarfish","ratio_counts","Kidney","K32",0.40540223448177,5.36562523751082,10.1392668506839,8.06010175503904,9.44615866451117,"191-575",0.568021925956977,0.431978074043023
"oarfish","ratio_counts","Kidney","K32",0.864891859761898,1.81085105759006,10.1392668506839,8.06010175503904,9.32387103812348,"575-813",0.194216656385083,0.805783343614917
"oarfish","ratio_counts","Kidney","K32",0.585865987520329,2.00214992341603,10.1392668506839,8.06010175503904,9.36461132113007,"813-1597",0.213799575311623,0.786200424688377
"oarfish","ratio_counts","Kidney","K33",0.846113503446422,2.02897063797564,10.1392668506839,8.06010175503904,9.44617080919616,"1597-2528",0.214792922863555,0.785207077136445
"oarfish","ratio_counts","Kidney","K33",0.395514375104166,5.35945575184202,10.1392668506839,8.06010175503904,9.44615866451117,"191-575",0.567368804843102,0.432631195156898
"oarfish","ratio_counts","Kidney","K33",0.854746500703107,1.69324849983546,10.1392668506839,8.06010175503904,9.32387103812348,"575-813",0.181603594999556,0.818396405000444
"oarfish","ratio_counts","Kidney","K33",0.552015952685821,1.91727390087505,10.1392668506839,8.06010175503904,9.36461132113007,"813-1597",0.204736089425191,0.795263910574809
