"Tool","Normalization","Condition","Sample","Correlation","RMSE","max_observed","min_observed","mean_expected","LengthQuantile","NRMSE","Similarity"
"bambu","CPM","B20K80","BK20801",0.685269412603008,2.69490531018021,10.941345882157,6.09156234168924,8.42061003793181,"All",0.320036826077996,0.679963173922004
"bambu","CPM","B20K80","BK20802",0.649098943966746,2.96511864325947,10.941345882157,6.09156234168924,8.42061003793181,"All",0.352126345942002,0.647873654057998
"bambu","CPM","B20K80","BK20803",0.646091236342969,2.89653615835573,10.941345882157,6.09156234168924,8.42061003793181,"All",0.343981747795929,0.656018252204071
"bambu","CPM","B20K80","BK20804",0.651030560616432,2.78466171369117,10.941345882157,6.09156234168924,8.42061003793181,"All",0.330695959217595,0.669304040782405
"bambu","CPM","B20K80","BK20805",0.641072132564856,3.04707615142083,10.941345882157,6.09156234168924,8.42061003793181,"All",0.361859311581329,0.638140688418671
"bambu","CPM","B80K20","BK80201",NA,2.90483165279941,9.58147305098662,9.58147305098662,9.58147305098662,"All",0.303171718726516,0.696828281273484
"bambu","CPM","B80K20","BK80202",NA,2.90764570231873,9.58147305098662,9.58147305098662,9.58147305098662,"All",0.303465415687761,0.696534584312239
"bambu","CPM","B80K20","BK80203",NA,2.88825786767608,9.58147305098662,9.58147305098662,9.58147305098662,"All",0.301441944501286,0.698558055498714
"bambu","CPM","B80K20","BK80204",NA,2.88664882223238,9.58147305098662,9.58147305098662,9.58147305098662,"All",0.30127401150861,0.69872598849139
"bambu","CPM","B80K20","BK80205",NA,2.91426836672213,9.58147305098662,9.58147305098662,9.58147305098662,"All",0.304156610493419,0.695843389506581
"bambu","CPM","Brain","B31",NA,2.87968262032264,9.58147305098662,9.58147305098662,9.58147305098662,"All",0.300546962351067,0.699453037648933
"bambu","CPM","Brain","B32",NA,2.83213348616558,9.58147305098662,9.58147305098662,9.58147305098662,"All",0.295584350244971,0.704415649755029
"bambu","CPM","Brain","B33",NA,2.86787807835081,9.58147305098662,9.58147305098662,9.58147305098662,"All",0.299314944903539,0.700685055096461
"bambu","CPM","Brain","B34",NA,2.86250361342997,9.58147305098662,9.58147305098662,9.58147305098662,"All",0.29875402228838,0.70124597771162
"bambu","CPM","Brain","B35",NA,2.86106965368272,9.58147305098662,9.58147305098662,9.58147305098662,"All",0.298604362654666,0.701395637345334
"bambu","CPM","Kidney","K31",0.453884444862387,2.75297335702854,10.2745857333318,8.19538565416613,9.33037926038807,"All",0.295054818266201,0.704945181733799
"bambu","CPM","Kidney","K32",0.460849520368386,2.76057518025157,10.2745857333318,8.19538565416613,9.33037926038807,"All",0.295869557197052,0.704130442802948
"bambu","CPM","Kidney","K33",0.457329128944159,2.7599804291298,10.2745857333318,8.19538565416613,9.33037926038807,"All",0.295805813687257,0.704194186312743
"bambu","CPM","Kidney","K34",0.466054400162271,2.71097805184496,10.2745857333318,8.19538565416613,9.33037926038807,"All",0.290553896705395,0.709446103294605
"bambu","CPM","Kidney","K35",0.472508451106689,2.73843673416148,10.2745857333318,8.19538565416613,9.33037926038807,"All",0.293496829843504,0.706503170156496
"bambu","EDA","B20K80","BK20801",0.691480885751015,2.62272380965012,10.941345882157,6.09156234168924,8.42061003793181,"All",0.311464822362714,0.688535177637286
"bambu","EDA","B20K80","BK20802",0.658491903361294,2.89809532336982,10.941345882157,6.09156234168924,8.42061003793181,"All",0.344166908373021,0.655833091626979
"bambu","EDA","B20K80","BK20803",0.659027266080522,2.81916738913068,10.941345882157,6.09156234168924,8.42061003793181,"All",0.334793723546317,0.665206276453683
"bambu","EDA","B20K80","BK20804",0.661900638625444,2.69121593275496,10.941345882157,6.09156234168924,8.42061003793181,"All",0.319598689481166,0.680401310518834
"bambu","EDA","B20K80","BK20805",0.64181079312088,2.98794610691528,10.941345882157,6.09156234168924,8.42061003793181,"All",0.354837249730799,0.645162750269201
"bambu","EDA","B80K20","BK80201",NA,2.84333943107542,9.58147305098662,9.58147305098662,9.58147305098662,"All",0.296753893263065,0.703246106736935
"bambu","EDA","B80K20","BK80202",NA,2.85759022159022,9.58147305098662,9.58147305098662,9.58147305098662,"All",0.298241220988036,0.701758779011964
"bambu","EDA","B80K20","BK80203",NA,2.83654356012089,9.58147305098662,9.58147305098662,9.58147305098662,"All",0.296044621221244,0.703955378778756
"bambu","EDA","B80K20","BK80204",NA,2.8205843996495,9.58147305098662,9.58147305098662,9.58147305098662,"All",0.294378994194328,0.705621005805672
"bambu","EDA","B80K20","BK80205",NA,2.84755057173895,9.58147305098662,9.58147305098662,9.58147305098662,"All",0.297193401952504,0.702806598047496
"bambu","EDA","Brain","B31",NA,2.8228177092918,9.58147305098662,9.58147305098662,9.58147305098662,"All",0.29461208044635,0.70538791955365
"bambu","EDA","Brain","B32",NA,2.790802965419,9.58147305098662,9.58147305098662,9.58147305098662,"All",0.291270762915899,0.708729237084101
"bambu","EDA","Brain","B33",NA,2.81846961852,9.58147305098662,9.58147305098662,9.58147305098662,"All",0.294158278536282,0.705841721463718
"bambu","EDA","Brain","B34",NA,2.81338469560518,9.58147305098662,9.58147305098662,9.58147305098662,"All",0.293627574866005,0.706372425133995
"bambu","EDA","Brain","B35",NA,2.81034970772557,9.58147305098662,9.58147305098662,9.58147305098662,"All",0.293310818991051,0.706689181008949
"bambu","EDA","Kidney","K31",0.501977534157885,2.67708865207234,10.2745857333318,8.19538565416613,9.33037926038807,"All",0.286921739980909,0.713078260019091
"bambu","EDA","Kidney","K32",0.492230213816609,2.69123544981881,10.2745857333318,8.19538565416613,9.33037926038807,"All",0.288437948202641,0.711562051797359
"bambu","EDA","Kidney","K33",0.501788265801744,2.69269647994548,10.2745857333318,8.19538565416613,9.33037926038807,"All",0.288594536706269,0.711405463293731
"bambu","EDA","Kidney","K34",0.509207585362482,2.65157018419794,10.2745857333318,8.19538565416613,9.33037926038807,"All",0.284186752778113,0.715813247221887
"bambu","EDA","Kidney","K35",0.513825733252329,2.68534470051931,10.2745857333318,8.19538565416613,9.33037926038807,"All",0.287806596664284,0.712193403335716
"bambu","TPM","B20K80","BK20801",0.645197835831108,2.93395657716491,10.941345882157,6.09156234168924,8.42061003793181,"All",0.348425656092432,0.651574343907568
"bambu","TPM","B20K80","BK20802",0.616204648667696,3.17534619192778,10.941345882157,6.09156234168924,8.42061003793181,"All",0.377092179500534,0.622907820499466
"bambu","TPM","B20K80","BK20803",0.611582530366659,3.12662537402476,10.941345882157,6.09156234168924,8.42061003793181,"All",0.37130627827918,0.62869372172082
"bambu","TPM","B20K80","BK20804",0.620920065783104,3.02824994827721,10.941345882157,6.09156234168924,8.42061003793181,"All",0.359623582452582,0.640376417547418
"bambu","TPM","B20K80","BK20805",0.608249087857421,3.22647820928405,10.941345882157,6.09156234168924,8.42061003793181,"All",0.383164425706681,0.616835574293319
"bambu","TPM","B80K20","BK80201",NA,3.15082145643083,9.58147305098662,9.58147305098662,9.58147305098662,"All",0.328845203619957,0.671154796380043
"bambu","TPM","B80K20","BK80202",NA,3.15780026609238,9.58147305098662,9.58147305098662,9.58147305098662,"All",0.329573568624421,0.670426431375579
"bambu","TPM","B80K20","BK80203",NA,3.12314804557828,9.58147305098662,9.58147305098662,9.58147305098662,"All",0.325956982705983,0.674043017294017
"bambu","TPM","B80K20","BK80204",NA,3.13500565014603,9.58147305098662,9.58147305098662,9.58147305098662,"All",0.327194538195065,0.672805461804935
"bambu","TPM","B80K20","BK80205",NA,3.16419290293125,9.58147305098662,9.58147305098662,9.58147305098662,"All",0.330240755893524,0.669759244106476
"bambu","TPM","Brain","B31",NA,3.10601577978441,9.58147305098662,9.58147305098662,9.58147305098662,"All",0.324168920922297,0.675831079077703
"bambu","TPM","Brain","B32",NA,3.06952578830516,9.58147305098662,9.58147305098662,9.58147305098662,"All",0.320360530366371,0.679639469633629
"bambu","TPM","Brain","B33",NA,3.08497790264928,9.58147305098662,9.58147305098662,9.58147305098662,"All",0.321973237959648,0.678026762040352
"bambu","TPM","Brain","B34",NA,3.07665518937884,9.58147305098662,9.58147305098662,9.58147305098662,"All",0.321104612308233,0.678895387691767
"bambu","TPM","Brain","B35",NA,3.08214069897674,9.58147305098662,9.58147305098662,9.58147305098662,"All",0.321677124443759,0.678322875556241
"bambu","TPM","Kidney","K31",0.327623524480544,3.00494200046004,10.2745857333318,8.19538565416613,9.33037926038807,"All",0.322060005986837,0.677939994013163
"bambu","TPM","Kidney","K32",0.321018058851214,3.01242094213423,10.2745857333318,8.19538565416613,9.33037926038807,"All",0.32286157486903,0.67713842513097
"bambu","TPM","Kidney","K33",0.330084013110381,3.00155134394999,10.2745857333318,8.19538565416613,9.33037926038807,"All",0.321696606341932,0.678303393658068
"bambu","TPM","Kidney","K34",0.34723172617678,2.94525290237868,10.2745857333318,8.19538565416613,9.33037926038807,"All",0.315662720687324,0.684337279312676
"bambu","TPM","Kidney","K35",0.358247144504202,2.95062237150493,10.2745857333318,8.19538565416613,9.33037926038807,"All",0.316238203095531,0.683761796904469
"bambu","cqn","B20K80","BK20801",0.691730149700903,2.68986901219585,10.941345882157,6.09156234168924,8.42061003793181,"All",0.319438734257846,0.680561265742154
"bambu","cqn","B20K80","BK20802",0.656206799053118,2.83445070608916,10.941345882157,6.09156234168924,8.42061003793181,"All",0.336608712827335,0.663391287172665
"bambu","cqn","B20K80","BK20803",0.650507156971571,2.84176929801007,10.941345882157,6.09156234168924,8.42061003793181,"All",0.337477841297593,0.662522158702407
"bambu","cqn","B20K80","BK20804",0.659558415825324,2.72467647692754,10.941345882157,6.09156234168924,8.42061003793181,"All",0.323572337948659,0.676427662051341
"bambu","cqn","B20K80","BK20805",0.626250540671031,2.84666627992924,10.941345882157,6.09156234168924,8.42061003793181,"All",0.338059388465448,0.661940611534552
"bambu","cqn","B80K20","BK80201",NA,2.83678353096826,9.58147305098662,9.58147305098662,9.58147305098662,"All",0.296069666519195,0.703930333480805
"bambu","cqn","B80K20","BK80202",NA,2.80242065033036,9.58147305098662,9.58147305098662,9.58147305098662,"All",0.292483278449736,0.707516721550264
"bambu","cqn","B80K20","BK80203",NA,2.81596153629938,9.58147305098662,9.58147305098662,9.58147305098662,"All",0.293896514796273,0.706103485203727
"bambu","cqn","B80K20","BK80204",NA,2.80677992865159,9.58147305098662,9.58147305098662,9.58147305098662,"All",0.292938247982921,0.707061752017079
"bambu","cqn","B80K20","BK80205",NA,2.83262991669659,9.58147305098662,9.58147305098662,9.58147305098662,"All",0.295636161749148,0.704363838250852
"bambu","cqn","Brain","B31",NA,2.70575722063841,9.58147305098662,9.58147305098662,9.58147305098662,"All",0.282394701340812,0.717605298659188
"bambu","cqn","Brain","B32",NA,2.64663356467731,9.58147305098662,9.58147305098662,9.58147305098662,"All",0.276224078551761,0.723775921448239
"bambu","cqn","Brain","B33",NA,2.67264760792676,9.58147305098662,9.58147305098662,9.58147305098662,"All",0.278939114445618,0.721060885554382
"bambu","cqn","Brain","B34",NA,2.68182968303084,9.58147305098662,9.58147305098662,9.58147305098662,"All",0.279897430046488,0.720102569953512
"bambu","cqn","Brain","B35",NA,2.66715678007039,9.58147305098662,9.58147305098662,9.58147305098662,"All",0.278366047253636,0.721633952746364
"bambu","cqn","Kidney","K31",0.457334659322035,2.57049246282441,10.2745857333318,8.19538565416613,9.33037926038807,"All",0.275497103717679,0.724502896282321
"bambu","cqn","Kidney","K32",0.482353650016361,2.5131611446636,10.2745857333318,8.19538565416613,9.33037926038807,"All",0.269352517676658,0.730647482323342
"bambu","cqn","Kidney","K33",0.487255252580529,2.50896677737875,10.2745857333318,8.19538565416613,9.33037926038807,"All",0.268902978899316,0.731097021100684
"bambu","cqn","Kidney","K34",0.491399850887683,2.4774611015374,10.2745857333318,8.19538565416613,9.33037926038807,"All",0.265526302028837,0.734473697971163
"bambu","cqn","Kidney","K35",0.463693495080956,2.53902274602551,10.2745857333318,8.19538565416613,9.33037926038807,"All",0.27212428082156,0.72787571917844
"bambu","ratio_counts","B20K80","BK20801",0.80042780552336,2.62187584552054,10.9180949312313,6.06836418053216,8.48073426379568,"All",0.309156703177619,0.690843296822381
"bambu","ratio_counts","B20K80","BK20802",0.775538458121125,2.87024344031959,10.9180949312313,6.06836418053216,8.48073426379568,"All",0.338442798823762,0.661557201176238
"bambu","ratio_counts","B20K80","BK20803",0.783772252886623,2.80675823605037,10.9180949312313,6.06836418053216,8.48073426379568,"All",0.330956984235721,0.669043015764279
"bambu","ratio_counts","B20K80","BK20804",0.800238820349463,2.58884907570274,10.9180949312313,6.06836418053216,8.48073426379568,"All",0.30526237412656,0.694737625873439
"bambu","ratio_counts","B20K80","BK20805",0.783810055102982,2.88024549425185,10.9180949312313,6.06836418053216,8.48073426379568,"All",0.339622184195493,0.660377815804507
"bambu","ratio_counts","B80K20","BK80201",0.676964526605974,2.57533976156394,9.7768967577031,9.4892565973559,9.57263055687683,"All",0.269031563086267,0.730968436913733
"bambu","ratio_counts","B80K20","BK80202",0.673756163920637,2.57447050619467,9.7768967577031,9.4892565973559,9.57263055687683,"All",0.268940756764629,0.731059243235371
"bambu","ratio_counts","B80K20","BK80203",0.650436104043488,2.56330483972997,9.7768967577031,9.4892565973559,9.57263055687683,"All",0.267774341075822,0.732225658924178
"bambu","ratio_counts","B80K20","BK80204",0.678568707948642,2.57479852947552,9.7768967577031,9.4892565973559,9.57263055687683,"All",0.268975023550432,0.731024976449568
"bambu","ratio_counts","B80K20","BK80205",0.655248208389062,2.55684805591218,9.7768967577031,9.4892565973559,9.57263055687683,"All",0.267099836426403,0.732900163573597
"bambu","ratio_counts","Brain","B31",0.650436104043488,2.55362370120385,9.7768967577031,9.4892565973559,9.57263055687683,"All",0.266763005845804,0.733236994154196
"bambu","ratio_counts","Brain","B32",0.603172184843237,2.59368182847732,9.7768967577031,9.4892565973559,9.57263055687683,"All",0.27094765781116,0.72905234218884
"bambu","ratio_counts","Brain","B33",0.659318531836624,2.57470924544212,9.7768967577031,9.4892565973559,9.57263055687683,"All",0.268965696539129,0.731034303460871
"bambu","ratio_counts","Brain","B34",0.618355408406324,2.55376194452725,9.7768967577031,9.4892565973559,9.57263055687683,"All",0.266777447364525,0.733222552635475
"bambu","ratio_counts","Brain","B35",0.653644173607204,2.55981057201932,9.7768967577031,9.4892565973559,9.57263055687683,"All",0.26740931417022,0.73259068582978
"bambu","ratio_counts","Kidney","K31",0.798579975066874,2.45950715541168,10.2274130787615,8.14822466148066,9.3665794783839,"All",0.262583279316393,0.737416720683607
"bambu","ratio_counts","Kidney","K32",0.810049637449035,2.45988639682413,10.2274130787615,8.14822466148066,9.3665794783839,"All",0.262623768100301,0.737376231899699
"bambu","ratio_counts","Kidney","K33",0.769886892275857,2.46433422182868,10.2274130787615,8.14822466148066,9.3665794783839,"All",0.26309862928253,0.73690137071747
"bambu","ratio_counts","Kidney","K34",0.809671100736753,2.46664601708979,10.2274130787615,8.14822466148066,9.3665794783839,"All",0.263345442461925,0.736654557538075
"bambu","ratio_counts","Kidney","K35",0.785709726849268,2.46631046385521,10.2274130787615,8.14822466148066,9.3665794783839,"All",0.263309617939712,0.736690382060288
"flair","CPM","B20K80","BK20801",0.599257267375929,2.03661225483963,10.941345882157,6.09156234168924,8.42061003793181,"All",0.241860416960937,0.758139583039063
"flair","CPM","B20K80","BK20802",0.624315109505132,2.07398883635489,10.941345882157,6.09156234168924,8.42061003793181,"All",0.246299119305171,0.753700880694829
"flair","CPM","B20K80","BK20803",0.613310124698556,2.06168836919319,10.941345882157,6.09156234168924,8.42061003793181,"All",0.244838362055247,0.755161637944753
"flair","CPM","B20K80","BK20804",0.595581365728012,2.07741225296018,10.941345882157,6.09156234168924,8.42061003793181,"All",0.246705671394613,0.753294328605387
"flair","CPM","B20K80","BK20805",0.605723391323254,2.0592746568363,10.941345882157,6.09156234168924,8.42061003793181,"All",0.244551718647463,0.755448281352537
"flair","CPM","B80K20","BK80201",NA,1.8802928235021,9.58147305098662,9.58147305098662,9.58147305098662,"All",0.196242562442785,0.803757437557215
"flair","CPM","B80K20","BK80202",NA,1.88577304239683,9.58147305098662,9.58147305098662,9.58147305098662,"All",0.196814522397749,0.803185477602251
"flair","CPM","B80K20","BK80203",NA,1.87712755408967,9.58147305098662,9.58147305098662,9.58147305098662,"All",0.195912209333655,0.804087790666345
"flair","CPM","B80K20","BK80204",NA,1.87007192448756,9.58147305098662,9.58147305098662,9.58147305098662,"All",0.195175826779056,0.804824173220944
"flair","CPM","B80K20","BK80205",NA,1.87595459525486,9.58147305098662,9.58147305098662,9.58147305098662,"All",0.195789789865525,0.804210210134475
"flair","CPM","Brain","B31",NA,1.8162651564368,9.58147305098662,9.58147305098662,9.58147305098662,"All",0.189560117402801,0.810439882597199
"flair","CPM","Brain","B32",NA,1.78017561644221,9.58147305098662,9.58147305098662,9.58147305098662,"All",0.185793521201721,0.814206478798279
"flair","CPM","Brain","B33",NA,1.76654520609236,9.58147305098662,9.58147305098662,9.58147305098662,"All",0.184370941366939,0.815629058633061
"flair","CPM","Brain","B34",NA,1.77631164658446,9.58147305098662,9.58147305098662,9.58147305098662,"All",0.185390246064675,0.814609753935325
"flair","CPM","Brain","B35",NA,1.80949577017997,9.58147305098662,9.58147305098662,9.58147305098662,"All",0.188853609518178,0.811146390481822
"flair","CPM","Kidney","K31",0.441140378401233,1.82259584438967,10.2745857333318,8.19538565416613,9.33037926038807,"All",0.195339952806362,0.804660047193638
"flair","CPM","Kidney","K32",0.429089886091602,1.82173955998776,10.2745857333318,8.19538565416613,9.33037926038807,"All",0.195248179001888,0.804751820998112
"flair","CPM","Kidney","K33",0.412681021109517,1.81372851630017,10.2745857333318,8.19538565416613,9.33037926038807,"All",0.19438958113957,0.80561041886043
"flair","CPM","Kidney","K34",0.421728828581834,1.75789832920862,10.2745857333318,8.19538565416613,9.33037926038807,"All",0.188405881492056,0.811594118507944
"flair","CPM","Kidney","K35",0.415142974536793,1.76746181120373,10.2745857333318,8.19538565416613,9.33037926038807,"All",0.189430864692441,0.810569135307559
"flair","EDA","B20K80","BK20801",0.61246234334645,2.00075446165786,10.941345882157,6.09156234168924,8.42061003793181,"All",0.237602080210957,0.762397919789043
"flair","EDA","B20K80","BK20802",0.629313720153521,2.08455332708321,10.941345882157,6.09156234168924,8.42061003793181,"All",0.24755371851838,0.75244628148162
"flair","EDA","B20K80","BK20803",0.622667840086912,2.04210484559085,10.941345882157,6.09156234168924,8.42061003793181,"All",0.242512696395143,0.757487303604857
"flair","EDA","B20K80","BK20804",0.605608187836158,2.04458455916881,10.941345882157,6.09156234168924,8.42061003793181,"All",0.242807177859882,0.757192822140119
"flair","EDA","B20K80","BK20805",0.620528283256352,2.00959981795366,10.941345882157,6.09156234168924,8.42061003793181,"All",0.23865252148017,0.76134747851983
"flair","EDA","B80K20","BK80201",NA,1.86456414451633,9.58147305098662,9.58147305098662,9.58147305098662,"All",0.194600990327299,0.805399009672701
"flair","EDA","B80K20","BK80202",NA,1.89962392686888,9.58147305098662,9.58147305098662,9.58147305098662,"All",0.1982601126946,0.8017398873054
"flair","EDA","B80K20","BK80203",NA,1.88393955611748,9.58147305098662,9.58147305098662,9.58147305098662,"All",0.196623164944714,0.803376835055286
"flair","EDA","B80K20","BK80204",NA,1.84670106570801,9.58147305098662,9.58147305098662,9.58147305098662,"All",0.192736654988332,0.807263345011668
"flair","EDA","B80K20","BK80205",NA,1.84307736648134,9.58147305098662,9.58147305098662,9.58147305098662,"All",0.192358456437088,0.807641543562912
"flair","EDA","Brain","B31",NA,1.81072219533284,9.58147305098662,9.58147305098662,9.58147305098662,"All",0.188981609163571,0.811018390836429
"flair","EDA","Brain","B32",NA,1.82266953640637,9.58147305098662,9.58147305098662,9.58147305098662,"All",0.190228530279975,0.809771469720025
"flair","EDA","Brain","B33",NA,1.78750697746012,9.58147305098662,9.58147305098662,9.58147305098662,"All",0.186558681316341,0.813441318683659
"flair","EDA","Brain","B34",NA,1.77744720381917,9.58147305098662,9.58147305098662,9.58147305098662,"All",0.185508761999402,0.814491238000598
"flair","EDA","Brain","B35",NA,1.81643468941369,9.58147305098662,9.58147305098662,9.58147305098662,"All",0.189577811235053,0.810422188764947
"flair","EDA","Kidney","K31",0.434102284677747,1.78621449210063,10.2745857333318,8.19538565416613,9.33037926038807,"All",0.191440716636671,0.808559283363329
"flair","EDA","Kidney","K32",0.410296675518,1.86538830393755,10.2745857333318,8.19538565416613,9.33037926038807,"All",0.199926310804645,0.800073689195355
"flair","EDA","Kidney","K33",0.422521177518951,1.80969745621586,10.2745857333318,8.19538565416613,9.33037926038807,"All",0.193957545102041,0.806042454897959
"flair","EDA","Kidney","K34",0.420969460546694,1.76618822541535,10.2745857333318,8.19538565416613,9.33037926038807,"All",0.189294365869313,0.810705634130687
"flair","EDA","Kidney","K35",0.423524116537605,1.72139246238793,10.2745857333318,8.19538565416613,9.33037926038807,"All",0.184493300255871,0.815506699744129
"flair","TPM","B20K80","BK20801",0.539622740451165,2.32749706211011,10.941345882157,6.09156234168924,8.42061003793181,"All",0.276404803408017,0.723595196591983
"flair","TPM","B20K80","BK20802",0.551115758116212,2.38268312071182,10.941345882157,6.09156234168924,8.42061003793181,"All",0.282958492315722,0.717041507684278
"flair","TPM","B20K80","BK20803",0.538827506938921,2.37125359336948,10.941345882157,6.09156234168924,8.42061003793181,"All",0.281601164605395,0.718398835394605
"flair","TPM","B20K80","BK20804",0.541535087706799,2.37006676049797,10.941345882157,6.09156234168924,8.42061003793181,"All",0.28146022079418,0.71853977920582
"flair","TPM","B20K80","BK20805",0.53867603388897,2.36248017776912,10.941345882157,6.09156234168924,8.42061003793181,"All",0.280559266742789,0.719440733257211
"flair","TPM","B80K20","BK80201",NA,2.2676693982775,9.58147305098662,9.58147305098662,9.58147305098662,"All",0.236672313976189,0.763327686023811
"flair","TPM","B80K20","BK80202",NA,2.2768149002267,9.58147305098662,9.58147305098662,9.58147305098662,"All",0.237626812506898,0.762373187493102
"flair","TPM","B80K20","BK80203",NA,2.26417218771457,9.58147305098662,9.58147305098662,9.58147305098662,"All",0.236307316804636,0.763692683195364
"flair","TPM","B80K20","BK80204",NA,2.27530471803748,9.58147305098662,9.58147305098662,9.58147305098662,"All",0.237469197682833,0.762530802317167
"flair","TPM","B80K20","BK80205",NA,2.27040208199332,9.58147305098662,9.58147305098662,9.58147305098662,"All",0.236957518944286,0.763042481055714
"flair","TPM","Brain","B31",NA,2.22666957628434,9.58147305098662,9.58147305098662,9.58147305098662,"All",0.232393241042937,0.767606758957063
"flair","TPM","Brain","B32",NA,2.16936288553345,9.58147305098662,9.58147305098662,9.58147305098662,"All",0.226412251434561,0.773587748565439
"flair","TPM","Brain","B33",NA,2.14929916085299,9.58147305098662,9.58147305098662,9.58147305098662,"All",0.224318238898733,0.775681761101267
"flair","TPM","Brain","B34",NA,2.16063132666004,9.58147305098662,9.58147305098662,9.58147305098662,"All",0.225500955350237,0.774499044649763
"flair","TPM","Brain","B35",NA,2.17558236536214,9.58147305098662,9.58147305098662,9.58147305098662,"All",0.227061366637994,0.772938633362006
"flair","TPM","Kidney","K31",0.328471990298009,2.22606720040715,10.2745857333318,8.19538565416613,9.33037926038807,"All",0.238582713337053,0.761417286662947
"flair","TPM","Kidney","K32",0.338482457106838,2.22458256069108,10.2745857333318,8.19538565416613,9.33037926038807,"All",0.238423594433669,0.761576405566331
"flair","TPM","Kidney","K33",0.336817199868318,2.21940664536081,10.2745857333318,8.19538565416613,9.33037926038807,"All",0.237868856497962,0.762131143502038
"flair","TPM","Kidney","K34",0.328717994208245,2.10955100487893,10.2745857333318,8.19538565416613,9.33037926038807,"All",0.226094882748763,0.773905117251237
"flair","TPM","Kidney","K35",0.326125491461913,2.13118530354753,10.2745857333318,8.19538565416613,9.33037926038807,"All",0.228413577205316,0.771586422794684
"flair","cqn","B20K80","BK20801",0.649889184589034,1.96805433586515,10.941345882157,6.09156234168924,8.42061003793181,"All",0.233718736172294,0.766281263827706
"flair","cqn","B20K80","BK20802",0.648166194384,2.054540952798,10.941345882157,6.09156234168924,8.42061003793181,"All",0.243989561747075,0.756010438252925
"flair","cqn","B20K80","BK20803",0.653922117706313,2.03083074046425,10.941345882157,6.09156234168924,8.42061003793181,"All",0.241173826043017,0.758826173956983
"flair","cqn","B20K80","BK20804",0.643035091685491,1.98884191175993,10.941345882157,6.09156234168924,8.42061003793181,"All",0.236187390557324,0.763812609442676
"flair","cqn","B20K80","BK20805",0.648052590634217,1.95316279016779,10.941345882157,6.09156234168924,8.42061003793181,"All",0.231950272173808,0.768049727826192
"flair","cqn","B80K20","BK80201",NA,1.81704332757071,9.58147305098662,9.58147305098662,9.58147305098662,"All",0.189641333634352,0.810358666365648
"flair","cqn","B80K20","BK80202",NA,1.85331956373247,9.58147305098662,9.58147305098662,9.58147305098662,"All",0.193427414956997,0.806572585043003
"flair","cqn","B80K20","BK80203",NA,1.86905394283307,9.58147305098662,9.58147305098662,9.58147305098662,"All",0.195069581982555,0.804930418017445
"flair","cqn","B80K20","BK80204",NA,1.81830325161956,9.58147305098662,9.58147305098662,9.58147305098662,"All",0.189772829495391,0.810227170504609
"flair","cqn","B80K20","BK80205",NA,1.79530075284208,9.58147305098662,9.58147305098662,9.58147305098662,"All",0.187372102732911,0.812627897267089
"flair","cqn","Brain","B31",NA,1.75610533255343,9.58147305098662,9.58147305098662,9.58147305098662,"All",0.183281351751295,0.816718648248705
"flair","cqn","Brain","B32",NA,1.78034173199679,9.58147305098662,9.58147305098662,9.58147305098662,"All",0.185810858364149,0.814189141635851
"flair","cqn","Brain","B33",NA,1.7256073430121,9.58147305098662,9.58147305098662,9.58147305098662,"All",0.180098334966815,0.819901665033186
"flair","cqn","Brain","B34",NA,1.71560749190288,9.58147305098662,9.58147305098662,9.58147305098662,"All",0.179054669649801,0.820945330350199
"flair","cqn","Brain","B35",NA,1.72875648079152,9.58147305098662,9.58147305098662,9.58147305098662,"All",0.180427004448289,0.819572995551711
"flair","cqn","Kidney","K31",0.479802241848487,1.55030797134444,10.2745857333318,8.19538565416613,9.33037926038807,"All",0.166157015495206,0.833842984504795
"flair","cqn","Kidney","K32",0.464777079946388,1.58580201012915,10.2745857333318,8.19538565416613,9.33037926038807,"All",0.169961152261156,0.830038847738844
"flair","cqn","Kidney","K33",0.471494879033599,1.5611092742638,10.2745857333318,8.19538565416613,9.33037926038807,"All",0.167314664355762,0.832685335644238
"flair","cqn","Kidney","K34",0.488790846260951,1.52336246268029,10.2745857333318,8.19538565416613,9.33037926038807,"All",0.163269082656446,0.836730917343554
"flair","cqn","Kidney","K35",0.489528857991658,1.51281084440995,10.2745857333318,8.19538565416613,9.33037926038807,"All",0.162138194192444,0.837861805807556
"flair","ratio_counts","B20K80","BK20801",0.844409257522263,1.583856783459,10.9180949312313,6.06836418053216,8.48073426379568,"All",0.186759393018656,0.813240606981344
"flair","ratio_counts","B20K80","BK20802",0.859336494950771,1.5616798838825,10.9180949312313,6.06836418053216,8.48073426379568,"All",0.184144419021514,0.815855580978486
"flair","ratio_counts","B20K80","BK20803",0.852024038134527,1.57376763273542,10.9180949312313,6.06836418053216,8.48073426379568,"All",0.185569737688144,0.814430262311856
"flair","ratio_counts","B20K80","BK20804",0.852685371438322,1.57110764915569,10.9180949312313,6.06836418053216,8.48073426379568,"All",0.185256087537462,0.814743912462538
"flair","ratio_counts","B20K80","BK20805",0.854707161824209,1.572196514938,10.9180949312313,6.06836418053216,8.48073426379568,"All",0.185384480403981,0.814615519596019
"flair","ratio_counts","B80K20","BK80201",0.708918611455249,1.17693135039632,9.7768967577031,9.4892565973559,9.57263055687683,"All",0.122947537085387,0.877052462914613
"flair","ratio_counts","B80K20","BK80202",0.67684084623103,1.17783685734952,9.7768967577031,9.4892565973559,9.57263055687683,"All",0.123042130410369,0.876957869589631
"flair","ratio_counts","B80K20","BK80203",0.635139751439545,1.18314683843544,9.7768967577031,9.4892565973559,9.57263055687683,"All",0.123596834893569,0.876403165106431
"flair","ratio_counts","B80K20","BK80204",0.721749717544937,1.1739987748486,9.7768967577031,9.4892565973559,9.57263055687683,"All",0.122641187066936,0.877358812933064
"flair","ratio_counts","B80K20","BK80205",0.691275840581928,1.18093219672636,9.7768967577031,9.4892565973559,9.57263055687683,"All",0.123365483469744,0.876634516530256
"flair","ratio_counts","Brain","B31",0.614289204043802,1.16822775905187,9.7768967577031,9.4892565973559,9.57263055687683,"All",0.12203832082631,0.87796167917369
"flair","ratio_counts","Brain","B32",0.655990298835287,1.15734849368691,9.7768967577031,9.4892565973559,9.57263055687683,"All",0.120901823883246,0.879098176116754
"flair","ratio_counts","Brain","B33",0.623912533611068,1.15979126152569,9.7768967577031,9.4892565973559,9.57263055687683,"All",0.121157006387603,0.878842993612397
"flair","ratio_counts","Brain","B34",0.622308645349857,1.1616354537219,9.7768967577031,9.4892565973559,9.57263055687683,"All",0.121349658990799,0.878650341009201
"flair","ratio_counts","Brain","B35",0.59504254490927,1.16369451455152,9.7768967577031,9.4892565973559,9.57263055687683,"All",0.121564757736894,0.878435242263106
"flair","ratio_counts","Kidney","K31",0.842733702957227,1.19514574360078,10.2274130787615,8.14822466148066,9.3665794783839,"All",0.127596818706224,0.872403181293776
"flair","ratio_counts","Kidney","K32",0.848240405870969,1.19425910353314,10.2274130787615,8.14822466148066,9.3665794783839,"All",0.12750215874314,0.87249784125686
"flair","ratio_counts","Kidney","K33",0.831322906197825,1.19472712597332,10.2274130787615,8.14822466148066,9.3665794783839,"All",0.127552126016813,0.872447873983187
"flair","ratio_counts","Kidney","K34",0.834975118095942,1.20148140229226,10.2274130787615,8.14822466148066,9.3665794783839,"All",0.128273229845007,0.871726770154993
"flair","ratio_counts","Kidney","K35",0.812986153196398,1.1969490547724,10.2274130787615,8.14822466148066,9.3665794783839,"All",0.127789344822697,0.872210655177303
"isoquant","CPM","B20K80","BK20801",0.629759033596616,2.51196927439219,10.941345882157,6.09156234168924,8.42061003793181,"All",0.298312030016433,0.701687969983567
"isoquant","CPM","B20K80","BK20802",0.63584878450587,2.58303126100238,10.941345882157,6.09156234168924,8.42061003793181,"All",0.306751084466179,0.693248915533821
"isoquant","CPM","B20K80","BK20803",0.630922308303521,2.64797965105629,10.941345882157,6.09156234168924,8.42061003793181,"All",0.314464111166305,0.685535888833695
"isoquant","CPM","B20K80","BK20804",0.633816912751922,2.55238124215237,10.941345882157,6.09156234168924,8.42061003793181,"All",0.303111203422889,0.696888796577111
"isoquant","CPM","B20K80","BK20805",0.636610526096175,2.62240207820122,10.941345882157,6.09156234168924,8.42061003793181,"All",0.311426614745042,0.688573385254958
"isoquant","CPM","B80K20","BK80201",NA,2.22183091765001,9.58147305098662,9.58147305098662,9.58147305098662,"All",0.231888239504178,0.768111760495823
"isoquant","CPM","B80K20","BK80202",NA,2.21802456037918,9.58147305098662,9.58147305098662,9.58147305098662,"All",0.231490977282536,0.768509022717464
"isoquant","CPM","B80K20","BK80203",NA,2.18193166346148,9.58147305098662,9.58147305098662,9.58147305098662,"All",0.227724030725818,0.772275969274182
"isoquant","CPM","B80K20","BK80204",NA,2.2124802222597,9.58147305098662,9.58147305098662,9.58147305098662,"All",0.230912325326832,0.769087674673168
"isoquant","CPM","B80K20","BK80205",NA,2.21674774860509,9.58147305098662,9.58147305098662,9.58147305098662,"All",0.231357718881944,0.768642281118056
"isoquant","CPM","Brain","B31",NA,2.5004044937757,9.58147305098662,9.58147305098662,9.58147305098662,"All",0.26096243035597,0.73903756964403
"isoquant","CPM","Brain","B32",NA,2.46276668643932,9.58147305098662,9.58147305098662,9.58147305098662,"All",0.25703424445636,0.74296575554364
"isoquant","CPM","Brain","B33",NA,2.4568089931108,9.58147305098662,9.58147305098662,9.58147305098662,"All",0.256412451408796,0.743587548591204
"isoquant","CPM","Brain","B34",NA,2.46968274443185,9.58147305098662,9.58147305098662,9.58147305098662,"All",0.257756060189257,0.742243939810743
"isoquant","CPM","Brain","B35",NA,2.45743703561453,9.58147305098662,9.58147305098662,9.58147305098662,"All",0.256477999002615,0.743522000997385
"isoquant","CPM","Kidney","K31",0.367044539367708,2.19784827320387,10.2745857333318,8.19538565416613,9.33037926038807,"All",0.235558299600402,0.764441700399598
"isoquant","CPM","Kidney","K32",0.355747076488634,2.19342761569322,10.2745857333318,8.19538565416613,9.33037926038807,"All",0.235084507765443,0.764915492234557
"isoquant","CPM","Kidney","K33",0.37442821170074,2.21053765487595,10.2745857333318,8.19538565416613,9.33037926038807,"All",0.236918306660989,0.763081693339011
"isoquant","CPM","Kidney","K34",0.394777256033174,2.14387366161886,10.2745857333318,8.19538565416613,9.33037926038807,"All",0.229773474559671,0.770226525440329
"isoquant","CPM","Kidney","K35",0.377283150806182,2.13808610073094,10.2745857333318,8.19538565416613,9.33037926038807,"All",0.229153182422942,0.770846817577058
"isoquant","EDA","B20K80","BK20801",0.671422692999653,2.35044596991123,10.941345882157,6.09156234168924,8.42061003793181,"All",0.279130129447073,0.720869870552927
"isoquant","EDA","B20K80","BK20802",0.657543594466976,2.45849685748556,10.941345882157,6.09156234168924,8.42061003793181,"All",0.291961846755867,0.708038153244134
"isoquant","EDA","B20K80","BK20803",0.668259364451474,2.50596025675913,10.941345882157,6.09156234168924,8.42061003793181,"All",0.297598421666682,0.702401578333318
"isoquant","EDA","B20K80","BK20804",0.665041715911642,2.38964595865202,10.941345882157,6.09156234168924,8.42061003793181,"All",0.283785372780301,0.716214627219699
"isoquant","EDA","B20K80","BK20805",0.669906769305609,2.45720758757062,10.941345882157,6.09156234168924,8.42061003793181,"All",0.291808737906373,0.708191262093627
"isoquant","EDA","B80K20","BK80201",NA,2.10208918390096,9.58147305098662,9.58147305098662,9.58147305098662,"All",0.219391023980859,0.780608976019141
"isoquant","EDA","B80K20","BK80202",NA,2.13975402340599,9.58147305098662,9.58147305098662,9.58147305098662,"All",0.223322031176162,0.776677968823838
"isoquant","EDA","B80K20","BK80203",NA,2.08948439036507,9.58147305098662,9.58147305098662,9.58147305098662,"All",0.218075485809556,0.781924514190445
"isoquant","EDA","B80K20","BK80204",NA,2.08107066518736,9.58147305098662,9.58147305098662,9.58147305098662,"All",0.217197361419607,0.782802638580393
"isoquant","EDA","B80K20","BK80205",NA,2.08411590819128,9.58147305098662,9.58147305098662,9.58147305098662,"All",0.217515187602253,0.782484812397747
"isoquant","EDA","Brain","B31",NA,2.35940975376054,9.58147305098662,9.58147305098662,9.58147305098662,"All",0.246247079254435,0.753752920745565
"isoquant","EDA","Brain","B32",NA,2.37953297208005,9.58147305098662,9.58147305098662,9.58147305098662,"All",0.248347301027479,0.751652698972521
"isoquant","EDA","Brain","B33",NA,2.3541250372,9.58147305098662,9.58147305098662,9.58147305098662,"All",0.24569552350383,0.75430447649617
"isoquant","EDA","Brain","B34",NA,2.34544154677264,9.58147305098662,9.58147305098662,9.58147305098662,"All",0.244789244231201,0.755210755768799
"isoquant","EDA","Brain","B35",NA,2.34990135615005,9.58147305098662,9.58147305098662,9.58147305098662,"All",0.245254705998268,0.754745294001732
"isoquant","EDA","Kidney","K31",0.45726867574693,1.98417830613061,10.2745857333318,8.19538565416613,9.33037926038807,"All",0.212657840668321,0.787342159331679
"isoquant","EDA","Kidney","K32",0.407386196469124,2.05069907600549,10.2745857333318,8.19538565416613,9.33037926038807,"All",0.219787322548794,0.780212677451206
"isoquant","EDA","Kidney","K33",0.432800524872042,2.03833077493828,10.2745857333318,8.19538565416613,9.33037926038807,"All",0.218461727873375,0.781538272126625
"isoquant","EDA","Kidney","K34",0.43879929039976,2.02848651709122,10.2745857333318,8.19538565416613,9.33037926038807,"All",0.217406652021437,0.782593347978563
"isoquant","EDA","Kidney","K35",0.451288833769772,1.95637137920621,10.2745857333318,8.19538565416613,9.33037926038807,"All",0.209677583794685,0.790322416205315
"isoquant","TPM","B20K80","BK20801",0.504475882955154,2.91593362487864,10.941345882157,6.09156234168924,8.42061003793181,"All",0.346285318016558,0.653714681983442
"isoquant","TPM","B20K80","BK20802",0.506748040968689,2.99222655812447,10.941345882157,6.09156234168924,8.42061003793181,"All",0.355345580028711,0.644654419971289
"isoquant","TPM","B20K80","BK20803",0.497951786772276,3.03336613099039,10.941345882157,6.09156234168924,8.42061003793181,"All",0.360231161082887,0.639768838917113
"isoquant","TPM","B20K80","BK20804",0.509171676183127,2.95745776467222,10.941345882157,6.09156234168924,8.42061003793181,"All",0.351216568793703,0.648783431206297
"isoquant","TPM","B20K80","BK20805",0.504030142613395,2.9937096549765,10.941345882157,6.09156234168924,8.42061003793181,"All",0.355521707036773,0.644478292963227
"isoquant","TPM","B80K20","BK80201",NA,2.65947245090158,9.58147305098662,9.58147305098662,9.58147305098662,"All",0.277564048528815,0.722435951471185
"isoquant","TPM","B80K20","BK80202",NA,2.65882259331309,9.58147305098662,9.58147305098662,9.58147305098662,"All",0.277496224136361,0.722503775863639
"isoquant","TPM","B80K20","BK80203",NA,2.6157360412784,9.58147305098662,9.58147305098662,9.58147305098662,"All",0.272999363183415,0.727000636816585
"isoquant","TPM","B80K20","BK80204",NA,2.65903859180368,9.58147305098662,9.58147305098662,9.58147305098662,"All",0.277518767485327,0.722481232514673
"isoquant","TPM","B80K20","BK80205",NA,2.65639130315066,9.58147305098662,9.58147305098662,9.58147305098662,"All",0.277242475036459,0.722757524963541
"isoquant","TPM","Brain","B31",NA,2.9175685100019,9.58147305098662,9.58147305098662,9.58147305098662,"All",0.304501040129886,0.695498959870114
"isoquant","TPM","Brain","B32",NA,2.85635201278283,9.58147305098662,9.58147305098662,9.58147305098662,"All",0.29811199150518,0.70188800849482
"isoquant","TPM","Brain","B33",NA,2.84556505408234,9.58147305098662,9.58147305098662,9.58147305098662,"All",0.296986177275667,0.703013822724333
"isoquant","TPM","Brain","B34",NA,2.86628797362813,9.58147305098662,9.58147305098662,9.58147305098662,"All",0.299148988717656,0.700851011282344
"isoquant","TPM","Brain","B35",NA,2.83902032285284,9.58147305098662,9.58147305098662,9.58147305098662,"All",0.296303116206177,0.703696883793823
"isoquant","TPM","Kidney","K31",0.258041535444675,2.68770449680365,10.2745857333318,8.19538565416613,9.33037926038807,"All",0.288059512030153,0.711940487969847
"isoquant","TPM","Kidney","K32",0.247955282995862,2.67521645633501,10.2745857333318,8.19538565416613,9.33037926038807,"All",0.286721084071318,0.713278915928682
"isoquant","TPM","Kidney","K33",0.255221926411142,2.69212259970655,10.2745857333318,8.19538565416613,9.33037926038807,"All",0.288533030070482,0.711466969929518
"isoquant","TPM","Kidney","K34",0.272839751983084,2.56820163319953,10.2745857333318,8.19538565416613,9.33037926038807,"All",0.275251579976259,0.724748420023742
"isoquant","TPM","Kidney","K35",0.256319492343658,2.58387833489536,10.2745857333318,8.19538565416613,9.33037926038807,"All",0.276931758376121,0.723068241623879
"isoquant","cqn","B20K80","BK20801",0.687081754578662,2.28609553417065,10.941345882157,6.09156234168924,8.42061003793181,"All",0.271488113553842,0.728511886446158
"isoquant","cqn","B20K80","BK20802",0.684980066010589,2.33252899243413,10.941345882157,6.09156234168924,8.42061003793181,"All",0.277002376541239,0.722997623458761
"isoquant","cqn","B20K80","BK20803",0.682821575048784,2.3131681727303,10.941345882157,6.09156234168924,8.42061003793181,"All",0.27470315835911,0.72529684164089
"isoquant","cqn","B20K80","BK20804",0.686816676741247,2.2428858745659,10.941345882157,6.09156234168924,8.42061003793181,"All",0.266356696778797,0.733643303221203
"isoquant","cqn","B20K80","BK20805",0.681382581074248,2.24195607792771,10.941345882157,6.09156234168924,8.42061003793181,"All",0.266246277624603,0.733753722375397
"isoquant","cqn","B80K20","BK80201",NA,2.06323939331793,9.58147305098662,9.58147305098662,9.58147305098662,"All",0.21533634570996,0.78466365429004
"isoquant","cqn","B80K20","BK80202",NA,2.1175000918027,9.58147305098662,9.58147305098662,9.58147305098662,"All",0.22099943093663,0.77900056906337
"isoquant","cqn","B80K20","BK80203",NA,2.05355477082714,9.58147305098662,9.58147305098662,9.58147305098662,"All",0.214325580200393,0.785674419799607
"isoquant","cqn","B80K20","BK80204",NA,2.04596561515831,9.58147305098662,9.58147305098662,9.58147305098662,"All",0.213533514551569,0.786466485448431
"isoquant","cqn","B80K20","BK80205",NA,2.06399513646931,9.58147305098662,9.58147305098662,9.58147305098662,"All",0.21541522117591,0.78458477882409
"isoquant","cqn","Brain","B31",NA,2.32497147032401,9.58147305098662,9.58147305098662,9.58147305098662,"All",0.242652821539231,0.757347178460769
"isoquant","cqn","Brain","B32",NA,2.36004476320924,9.58147305098662,9.58147305098662,9.58147305098662,"All",0.246313353974963,0.753686646025037
"isoquant","cqn","Brain","B33",NA,2.33079644046926,9.58147305098662,9.58147305098662,9.58147305098662,"All",0.243260762522236,0.756739237477764
"isoquant","cqn","Brain","B34",NA,2.31850279974552,9.58147305098662,9.58147305098662,9.58147305098662,"All",0.24197769877428,0.75802230122572
"isoquant","cqn","Brain","B35",NA,2.29395611998964,9.58147305098662,9.58147305098662,9.58147305098662,"All",0.239415808799193,0.760584191200807
"isoquant","cqn","Kidney","K31",0.46304035866792,1.90704583066722,10.2745857333318,8.19538565416613,9.33037926038807,"All",0.204391030358599,0.795608969641401
"isoquant","cqn","Kidney","K32",0.426536829636476,1.96388919521534,10.2745857333318,8.19538565416613,9.33037926038807,"All",0.2104833191029,0.7895166808971
"isoquant","cqn","Kidney","K33",0.452897335567426,1.9436473098511,10.2745857333318,8.19538565416613,9.33037926038807,"All",0.208313859019945,0.791686140980055
"isoquant","cqn","Kidney","K34",0.447352735253162,1.93550180637305,10.2745857333318,8.19538565416613,9.33037926038807,"All",0.207440850190322,0.792559149809678
"isoquant","cqn","Kidney","K35",0.45514923808414,1.88846578059347,10.2745857333318,8.19538565416613,9.33037926038807,"All",0.202399680430024,0.797600319569976
"isoquant","ratio_counts","B20K80","BK20801",0.829561438394838,1.97820859196705,10.9180949312313,6.06836418053216,8.48073426379568,"All",0.233259117717205,0.766740882282795
"isoquant","ratio_counts","B20K80","BK20802",0.826916032687233,1.98471409711352,10.9180949312313,6.06836418053216,8.48073426379568,"All",0.234026209922209,0.765973790077791
"isoquant","ratio_counts","B20K80","BK20803",0.829521873622165,2.11319700032483,10.9180949312313,6.06836418053216,8.48073426379568,"All",0.249176183876682,0.750823816123318
"isoquant","ratio_counts","B20K80","BK20804",0.829561438394838,1.97419681103458,10.9180949312313,6.06836418053216,8.48073426379568,"All",0.232786071303099,0.767213928696901
"isoquant","ratio_counts","B20K80","BK20805",0.836513686213775,2.11023957259222,10.9180949312313,6.06836418053216,8.48073426379568,"All",0.24882746080146,0.75117253919854
"isoquant","ratio_counts","B80K20","BK80201",0.546128941355156,1.67412857156999,9.7768967577031,9.4892565973559,9.57263055687683,"All",0.174886992830547,0.825113007169453
"isoquant","ratio_counts","B80K20","BK80202",0.546128941355156,1.67546610473826,9.7768967577031,9.4892565973559,9.57263055687683,"All",0.175026717555148,0.824973282444851
"isoquant","ratio_counts","B80K20","BK80203",0.469141601604649,1.67974552543005,9.7768967577031,9.4892565973559,9.57263055687683,"All",0.175473765069033,0.824526234930967
"isoquant","ratio_counts","B80K20","BK80204",0.595849931610691,1.67451502010943,9.7768967577031,9.4892565973559,9.57263055687683,"All",0.174927362981378,0.825072637018622
"isoquant","ratio_counts","B80K20","BK80205",0.509239174391372,1.6771692322034,9.7768967577031,9.4892565973559,9.57263055687683,"All",0.1752046339027,0.8247953660973
"isoquant","ratio_counts","Brain","B31",0.627143224078731,2.01104488235427,9.7768967577031,9.4892565973559,9.57263055687683,"All",0.210082784497472,0.789917215502528
"isoquant","ratio_counts","Brain","B32",0.566193243221975,2.00787693297644,9.7768967577031,9.4892565973559,9.57263055687683,"All",0.20975184627114,0.79024815372886
"isoquant","ratio_counts","Brain","B33",0.603084021108959,2.00736517727352,9.7768967577031,9.4892565973559,9.57263055687683,"All",0.209698385970976,0.790301614029024
"isoquant","ratio_counts","Brain","B34",0.628747170943383,2.00722537843453,9.7768967577031,9.4892565973559,9.57263055687683,"All",0.209683781956107,0.790316218043893
"isoquant","ratio_counts","Brain","B35",0.577420871274535,2.00741360747591,9.7768967577031,9.4892565973559,9.57263055687683,"All",0.209703445207526,0.790296554792474
"isoquant","ratio_counts","Kidney","K31",0.85303581217183,1.61853918842407,10.2274130787615,8.14822466148066,9.3665794783839,"All",0.172799386602048,0.827200613397952
"isoquant","ratio_counts","Kidney","K32",0.856877292935637,1.61903803608492,10.2274130787615,8.14822466148066,9.3665794783839,"All",0.172852644855181,0.827147355144819
"isoquant","ratio_counts","Kidney","K33",0.818557103050372,1.62128457512382,10.2274130787615,8.14822466148066,9.3665794783839,"All",0.173092491113261,0.826907508886739
"isoquant","ratio_counts","Kidney","K34",0.836572323184087,1.63589021876126,10.2274130787615,8.14822466148066,9.3665794783839,"All",0.174651827012898,0.825348172987102
"isoquant","ratio_counts","Kidney","K35",0.833923026105599,1.62468596164677,10.2274130787615,8.14822466148066,9.3665794783839,"All",0.17345563184471,0.82654436815529
"kallisto","CPM","B20K80","BK20801",0.678952161078918,2.77249154235297,10.941345882157,6.09156234168924,8.42061003793181,"All",0.329250675409964,0.670749324590036
"kallisto","CPM","B20K80","BK20802",0.692456391244181,2.78240643968907,10.941345882157,6.09156234168924,8.42061003793181,"All",0.330428131353351,0.669571868646649
"kallisto","CPM","B20K80","BK20803",0.692027729366597,2.9220279065873,10.941345882157,6.09156234168924,8.42061003793181,"All",0.34700905200747,0.65299094799253
"kallisto","CPM","B20K80","BK20804",0.676818749474197,2.87618519489647,10.941345882157,6.09156234168924,8.42061003793181,"All",0.341564943862772,0.658435056137228
"kallisto","CPM","B20K80","BK20805",0.679527691513349,2.87331721424992,10.941345882157,6.09156234168924,8.42061003793181,"All",0.341224353260234,0.658775646739766
"kallisto","CPM","B80K20","BK80201",NA,3.03088291824333,9.58147305098662,9.58147305098662,9.58147305098662,"All",0.316327447994151,0.683672552005849
"kallisto","CPM","B80K20","BK80202",NA,3.03601914601292,9.58147305098662,9.58147305098662,9.58147305098662,"All",0.316863506253904,0.683136493746096
"kallisto","CPM","B80K20","BK80203",NA,3.01702391489075,9.58147305098662,9.58147305098662,9.58147305098662,"All",0.314881010345281,0.685118989654719
"kallisto","CPM","B80K20","BK80204",NA,3.02226364964797,9.58147305098662,9.58147305098662,9.58147305098662,"All",0.315427871431185,0.684572128568815
"kallisto","CPM","B80K20","BK80205",NA,3.04268387343764,9.58147305098662,9.58147305098662,9.58147305098662,"All",0.317559091096575,0.682440908903425
"kallisto","CPM","Brain","B31",NA,3.01950297179831,9.58147305098662,9.58147305098662,9.58147305098662,"All",0.315139744768931,0.684860255231069
"kallisto","CPM","Brain","B32",NA,3.01749874319867,9.58147305098662,9.58147305098662,9.58147305098662,"All",0.314930567266789,0.685069432733211
"kallisto","CPM","Brain","B33",NA,3.01936775785061,9.58147305098662,9.58147305098662,9.58147305098662,"All",0.315125632748056,0.684874367251944
"kallisto","CPM","Brain","B34",NA,3.01572606895773,9.58147305098662,9.58147305098662,9.58147305098662,"All",0.314745556649788,0.685254443350212
"kallisto","CPM","Brain","B35",NA,3.0171149387401,9.58147305098662,9.58147305098662,9.58147305098662,"All",0.314890510330185,0.685109489669815
"kallisto","CPM","Kidney","K31",0.309193314295393,2.98564589622021,10.2745857333318,8.19538565416613,9.33037926038807,"All",0.319991911678843,0.680008088321157
"kallisto","CPM","Kidney","K32",0.295696630501306,3.00802007943788,10.2745857333318,8.19538565416613,9.33037926038807,"All",0.322389904578517,0.677610095421483
"kallisto","CPM","Kidney","K33",0.306145676019309,2.99381915781647,10.2745857333318,8.19538565416613,9.33037926038807,"All",0.320867895534179,0.679132104465821
"kallisto","CPM","Kidney","K34",0.305596722541008,3.01060713343737,10.2745857333318,8.19538565416613,9.33037926038807,"All",0.322667176694396,0.677332823305604
"kallisto","CPM","Kidney","K35",0.310423727263998,2.99246706854621,10.2745857333318,8.19538565416613,9.33037926038807,"All",0.320722982960689,0.679277017039311
"kallisto","EDA","B20K80","BK20801",0.686452406724702,2.75331423710745,10.941345882157,6.09156234168924,8.42061003793181,"All",0.326973250715182,0.673026749284818
"kallisto","EDA","B20K80","BK20802",0.704881040596793,2.7531052859944,10.941345882157,6.09156234168924,8.42061003793181,"All",0.32694843646632,0.67305156353368
"kallisto","EDA","B20K80","BK20803",0.705272732524387,2.90439153424122,10.941345882157,6.09156234168924,8.42061003793181,"All",0.344914622712367,0.655085377287633
"kallisto","EDA","B20K80","BK20804",0.686650504147761,2.84989911930021,10.941345882157,6.09156234168924,8.42061003793181,"All",0.338443308318809,0.661556691681191
"kallisto","EDA","B20K80","BK20805",0.689833037452499,2.84820892845589,10.941345882157,6.09156234168924,8.42061003793181,"All",0.338242587606567,0.661757412393433
"kallisto","EDA","B80K20","BK80201",NA,3.00983907855027,9.58147305098662,9.58147305098662,9.58147305098662,"All",0.314131142730745,0.685868857269255
"kallisto","EDA","B80K20","BK80202",NA,3.01717436807802,9.58147305098662,9.58147305098662,9.58147305098662,"All",0.314896712856416,0.685103287143584
"kallisto","EDA","B80K20","BK80203",NA,3.00073992131018,9.58147305098662,9.58147305098662,9.58147305098662,"All",0.313181481108605,0.686818518891395
"kallisto","EDA","B80K20","BK80204",NA,2.99922185629281,9.58147305098662,9.58147305098662,9.58147305098662,"All",0.313023043568857,0.686976956431143
"kallisto","EDA","B80K20","BK80205",NA,3.02217894077295,9.58147305098662,9.58147305098662,9.58147305098662,"All",0.315419030528062,0.684580969471938
"kallisto","EDA","Brain","B31",NA,3.00469510652551,9.58147305098662,9.58147305098662,9.58147305098662,"All",0.313594276217905,0.686405723782095
"kallisto","EDA","Brain","B32",NA,3.00469113092844,9.58147305098662,9.58147305098662,9.58147305098662,"All",0.31359386129245,0.68640613870755
"kallisto","EDA","Brain","B33",NA,3.00673390966002,9.58147305098662,9.58147305098662,9.58147305098662,"All",0.313807062198062,0.686192937801938
"kallisto","EDA","Brain","B34",NA,3.00375295650691,9.58147305098662,9.58147305098662,9.58147305098662,"All",0.313495945824072,0.686504054175928
"kallisto","EDA","Brain","B35",NA,3.0043237303526,9.58147305098662,9.58147305098662,9.58147305098662,"All",0.313555516397684,0.686444483602316
"kallisto","EDA","Kidney","K31",0.324942600293542,2.97533328003197,10.2745857333318,8.19538565416613,9.33037926038807,"All",0.318886638688278,0.681113361311722
"kallisto","EDA","Kidney","K32",0.31489107281155,2.98833799741287,10.2745857333318,8.19538565416613,9.33037926038807,"All",0.320280442414575,0.679719557585425
"kallisto","EDA","Kidney","K33",0.319812724685972,2.97900698644883,10.2745857333318,8.19538565416613,9.33037926038807,"All",0.319280374710613,0.680719625289387
"kallisto","EDA","Kidney","K34",0.319661289243682,2.99727784382113,10.2745857333318,8.19538565416613,9.33037926038807,"All",0.321238586361223,0.678761413638777
"kallisto","EDA","Kidney","K35",0.329902111028536,2.99249822664129,10.2745857333318,8.19538565416613,9.33037926038807,"All",0.320726322384973,0.679273677615027
"kallisto","TPM","B20K80","BK20801",0.634727227788751,2.92169587646485,10.941345882157,6.09156234168924,8.42061003793181,"All",0.346969621358033,0.653030378641967
"kallisto","TPM","B20K80","BK20802",0.640825912379515,2.95118728424315,10.941345882157,6.09156234168924,8.42061003793181,"All",0.350471910104982,0.649528089895018
"kallisto","TPM","B20K80","BK20803",0.639407738280495,3.05478937439904,10.941345882157,6.09156234168924,8.42061003793181,"All",0.362775304952767,0.637224695047233
"kallisto","TPM","B20K80","BK20804",0.634991168897646,3.02491499873266,10.941345882157,6.09156234168924,8.42061003793181,"All",0.359227536378779,0.640772463621221
"kallisto","TPM","B20K80","BK20805",0.62966800307246,3.02266015958167,10.941345882157,6.09156234168924,8.42061003793181,"All",0.358959760155817,0.641040239844183
"kallisto","TPM","B80K20","BK80201",NA,3.18281348594559,9.58147305098662,9.58147305098662,9.58147305098662,"All",0.332184150496343,0.667815849503657
"kallisto","TPM","B80K20","BK80202",NA,3.18739302191177,9.58147305098662,9.58147305098662,9.58147305098662,"All",0.332662107898279,0.667337892101721
"kallisto","TPM","B80K20","BK80203",NA,3.15964318128483,9.58147305098662,9.58147305098662,9.58147305098662,"All",0.329765910155065,0.670234089844935
"kallisto","TPM","B80K20","BK80204",NA,3.17708660005807,9.58147305098662,9.58147305098662,9.58147305098662,"All",0.331586446379549,0.668413553620451
"kallisto","TPM","B80K20","BK80205",NA,3.19492740639339,9.58147305098662,9.58147305098662,9.58147305098662,"All",0.333448457183147,0.666551542816853
"kallisto","TPM","Brain","B31",NA,3.15663251757677,9.58147305098662,9.58147305098662,9.58147305098662,"All",0.329451692947331,0.670548307052669
"kallisto","TPM","Brain","B32",NA,3.15223342095121,9.58147305098662,9.58147305098662,9.58147305098662,"All",0.32899256765395,0.67100743234605
"kallisto","TPM","Brain","B33",NA,3.15024668369818,9.58147305098662,9.58147305098662,9.58147305098662,"All",0.328785215690169,0.671214784309831
"kallisto","TPM","Brain","B34",NA,3.1469162789265,9.58147305098662,9.58147305098662,9.58147305098662,"All",0.328437627719723,0.671562372280277
"kallisto","TPM","Brain","B35",NA,3.14651433955142,9.58147305098662,9.58147305098662,9.58147305098662,"All",0.3283956780766,0.6716043219234
"kallisto","TPM","Kidney","K31",0.218426696072887,3.11664318083434,10.2745857333318,8.19538565416613,9.33037926038807,"All",0.334031778758017,0.665968221241983
"kallisto","TPM","Kidney","K32",0.211820324902991,3.13900132388035,10.2745857333318,8.19538565416613,9.33037926038807,"All",0.336428052523751,0.663571947476249
"kallisto","TPM","Kidney","K33",0.224995208382211,3.11801177323366,10.2745857333318,8.19538565416613,9.33037926038807,"All",0.33417846008373,0.665821539916269
"kallisto","TPM","Kidney","K34",0.229348977348046,3.11688458011576,10.2745857333318,8.19538565416613,9.33037926038807,"All",0.334057651155557,0.665942348844443
"kallisto","TPM","Kidney","K35",0.231033696643521,3.09338288342928,10.2745857333318,8.19538565416613,9.33037926038807,"All",0.331538814993531,0.668461185006469
"kallisto","cqn","B20K80","BK20801",0.669576854021688,2.89922322867621,10.941345882157,6.09156234168924,8.42061003793181,"All",0.344300854168077,0.655699145831923
"kallisto","cqn","B20K80","BK20802",0.690429809718679,2.88271066597538,10.941345882157,6.09156234168924,8.42061003793181,"All",0.342339884282707,0.657660115717293
"kallisto","cqn","B20K80","BK20803",0.686906967066871,2.90924236966331,10.941345882157,6.09156234168924,8.42061003793181,"All",0.345490689695666,0.654509310304334
"kallisto","cqn","B20K80","BK20804",0.674747477913857,2.91620308511381,10.941345882157,6.09156234168924,8.42061003793181,"All",0.346317318101346,0.653682681898654
"kallisto","cqn","B20K80","BK20805",0.662000848318875,2.934999495819,10.941345882157,6.09156234168924,8.42061003793181,"All",0.348549509192076,0.651450490807924
"kallisto","cqn","B80K20","BK80201",NA,3.06022271697465,9.58147305098662,9.58147305098662,9.58147305098662,"All",0.319389586620978,0.680610413379023
"kallisto","cqn","B80K20","BK80202",NA,3.07394975885554,9.58147305098662,9.58147305098662,9.58147305098662,"All",0.320822251703668,0.679177748296332
"kallisto","cqn","B80K20","BK80203",NA,3.07247234153308,9.58147305098662,9.58147305098662,9.58147305098662,"All",0.320668056486022,0.679331943513978
"kallisto","cqn","B80K20","BK80204",NA,3.07960768131342,9.58147305098662,9.58147305098662,9.58147305098662,"All",0.32141275823933,0.67858724176067
"kallisto","cqn","B80K20","BK80205",NA,3.09309233979728,9.58147305098662,9.58147305098662,9.58147305098662,"All",0.32282012623088,0.67717987376912
"kallisto","cqn","Brain","B31",NA,3.03306737864742,9.58147305098662,9.58147305098662,9.58147305098662,"All",0.316555435944696,0.683444564055304
"kallisto","cqn","Brain","B32",NA,3.02908937225025,9.58147305098662,9.58147305098662,9.58147305098662,"All",0.316140259032336,0.683859740967664
"kallisto","cqn","Brain","B33",NA,3.03916185808399,9.58147305098662,9.58147305098662,9.58147305098662,"All",0.317191505096499,0.682808494903501
"kallisto","cqn","Brain","B34",NA,3.03345699156177,9.58147305098662,9.58147305098662,9.58147305098662,"All",0.316596099098708,0.683403900901292
"kallisto","cqn","Brain","B35",NA,3.03898471904638,9.58147305098662,9.58147305098662,9.58147305098662,"All",0.31717301743425,0.68282698256575
"kallisto","cqn","Kidney","K31",0.269782240439448,3.02033504019252,10.2745857333318,8.19538565416613,9.33037926038807,"All",0.323709782411021,0.676290217588979
"kallisto","cqn","Kidney","K32",0.281859216962067,2.98432852040054,10.2745857333318,8.19538565416613,9.33037926038807,"All",0.319850719581191,0.680149280418809
"kallisto","cqn","Kidney","K33",0.296169866258462,2.98847996101944,10.2745857333318,8.19538565416613,9.33037926038807,"All",0.320295657616724,0.679704342383276
"kallisto","cqn","Kidney","K34",0.285285443843876,2.98193633151162,10.2745857333318,8.19538565416613,9.33037926038807,"All",0.319594332480285,0.680405667519715
"kallisto","cqn","Kidney","K35",0.256171980063644,3.00757343978435,10.2745857333318,8.19538565416613,9.33037926038807,"All",0.322342035178885,0.677657964821115
"kallisto","ratio_counts","B20K80","BK20801",0.793421268612348,2.58590782647543,10.9180949312313,6.06836418053216,8.48073426379568,"All",0.304915558728763,0.695084441271237
"kallisto","ratio_counts","B20K80","BK20802",0.799167205498969,2.58625654534925,10.9180949312313,6.06836418053216,8.48073426379568,"All",0.304956677677073,0.695043322322927
"kallisto","ratio_counts","B20K80","BK20803",0.804025838263122,2.77095030155472,10.9180949312313,6.06836418053216,8.48073426379568,"All",0.326734716047398,0.673265283952602
"kallisto","ratio_counts","B20K80","BK20804",0.808064081591727,2.67275768757876,10.9180949312313,6.06836418053216,8.48073426379568,"All",0.315156400901368,0.684843599098632
"kallisto","ratio_counts","B20K80","BK20805",0.809973460036439,2.67474836238547,10.9180949312313,6.06836418053216,8.48073426379568,"All",0.3153911299643,0.6846088700357
"kallisto","ratio_counts","B80K20","BK80201",0.598441669692281,2.83106097862395,9.7768967577031,9.4892565973559,9.57263055687683,"All",0.295745350434543,0.704254649565457
"kallisto","ratio_counts","B80K20","BK80202",0.559936039470793,2.83102806215949,9.7768967577031,9.4892565973559,9.57263055687683,"All",0.295741911832764,0.704258088167236
"kallisto","ratio_counts","B80K20","BK80203",0.563144841989251,2.83435400830634,9.7768967577031,9.4892565973559,9.57263055687683,"All",0.296089355111504,0.703910644888496
"kallisto","ratio_counts","B80K20","BK80204",0.614485682284567,2.83110399954874,9.7768967577031,9.4892565973559,9.57263055687683,"All",0.295749844593649,0.704250155406351
"kallisto","ratio_counts","B80K20","BK80205",0.590419663396137,2.83085334358973,9.7768967577031,9.4892565973559,9.57263055687683,"All",0.295723659945916,0.704276340054084
"kallisto","ratio_counts","Brain","B31",0.556727236952336,2.83158422700445,9.7768967577031,9.4892565973559,9.57263055687683,"All",0.295800011311445,0.704199988688555
"kallisto","ratio_counts","Brain","B32",0.54068322436005,2.83134396403911,9.7768967577031,9.4892565973559,9.57263055687683,"All",0.295774912362529,0.704225087637471
"kallisto","ratio_counts","Brain","B33",0.569562447026165,2.83131610736797,9.7768967577031,9.4892565973559,9.57263055687683,"All",0.295772002329495,0.704227997670505
"kallisto","ratio_counts","Brain","B34",0.563144841989251,2.83191424229152,9.7768967577031,9.4892565973559,9.57263055687683,"All",0.295834486191167,0.704165513808833
"kallisto","ratio_counts","Brain","B35",0.55191403317465,2.83153923567947,9.7768967577031,9.4892565973559,9.57263055687683,"All",0.295795311315482,0.704204688684518
"kallisto","ratio_counts","Kidney","K31",0.613767847600944,2.81595945961648,10.2274130787615,8.14822466148066,9.3665794783839,"All",0.300639039695881,0.699360960304119
"kallisto","ratio_counts","Kidney","K32",0.599040750838252,2.81995021226044,10.2274130787615,8.14822466148066,9.3665794783839,"All",0.301065102662962,0.698934897337038
"kallisto","ratio_counts","Kidney","K33",0.621869643763454,2.81469250396991,10.2274130787615,8.14822466148066,9.3665794783839,"All",0.300503776268128,0.699496223731872
"kallisto","ratio_counts","Kidney","K34",0.604946733087558,2.8235436666259,10.2274130787615,8.14822466148066,9.3665794783839,"All",0.301448749048897,0.698551250951103
"kallisto","ratio_counts","Kidney","K35",0.619863124153112,2.81862033061135,10.2274130787615,8.14822466148066,9.3665794783839,"All",0.300923121094113,0.699076878905887
"oarfish","CPM","B20K80","BK20801",0.710733505002216,2.87178437892172,10.941345882157,6.09156234168924,8.42061003793181,"All",0.341042319497682,0.658957680502318
"oarfish","CPM","B20K80","BK20802",0.715274360239776,2.91041779610702,10.941345882157,6.09156234168924,8.42061003793181,"All",0.345630278922387,0.654369721077613
"oarfish","CPM","B20K80","BK20803",0.71832428799015,2.84752884683135,10.941345882157,6.09156234168924,8.42061003793181,"All",0.338161823668863,0.661838176331137
"oarfish","CPM","B20K80","BK20804",0.699596776619082,2.83063671694535,10.941345882157,6.09156234168924,8.42061003793181,"All",0.336155777811151,0.663844222188849
"oarfish","CPM","B20K80","BK20805",0.71777492212207,2.95814686736033,10.941345882157,6.09156234168924,8.42061003793181,"All",0.351298404039012,0.648701595960988
"oarfish","CPM","B80K20","BK80201",NA,3.08681836268189,9.58147305098662,9.58147305098662,9.58147305098662,"All",0.322165323249961,0.677834676750039
"oarfish","CPM","B80K20","BK80202",NA,3.08211275085254,9.58147305098662,9.58147305098662,9.58147305098662,"All",0.321674207551538,0.678325792448462
"oarfish","CPM","B80K20","BK80203",NA,3.04100309256194,9.58147305098662,9.58147305098662,9.58147305098662,"All",0.317383671214188,0.682616328785812
"oarfish","CPM","B80K20","BK80204",NA,3.06971811389021,9.58147305098662,9.58147305098662,9.58147305098662,"All",0.320380603019503,0.679619396980497
"oarfish","CPM","B80K20","BK80205",NA,3.0844452151331,9.58147305098662,9.58147305098662,9.58147305098662,"All",0.321917642383338,0.678082357616662
"oarfish","CPM","Brain","B31",NA,3.05543716337085,9.58147305098662,9.58147305098662,9.58147305098662,"All",0.318890127552592,0.681109872447408
"oarfish","CPM","Brain","B32",NA,3.06021980385227,9.58147305098662,9.58147305098662,9.58147305098662,"All",0.319389282583971,0.680610717416029
"oarfish","CPM","Brain","B33",NA,3.04887973615904,9.58147305098662,9.58147305098662,9.58147305098662,"All",0.318205741427732,0.681794258572268
"oarfish","CPM","Brain","B34",NA,3.04544413960042,9.58147305098662,9.58147305098662,9.58147305098662,"All",0.317847174791858,0.682152825208142
"oarfish","CPM","Brain","B35",NA,3.05282636138069,9.58147305098662,9.58147305098662,9.58147305098662,"All",0.318617643146879,0.681382356853121
"oarfish","CPM","Kidney","K31",0.466657780131454,2.95890733135165,10.2745857333318,8.19538565416613,9.33037926038807,"All",0.317126158409619,0.682873841590381
"oarfish","CPM","Kidney","K32",0.459521384913543,2.96448080815825,10.2745857333318,8.19538565416613,9.33037926038807,"All",0.317723505703985,0.682276494296015
"oarfish","CPM","Kidney","K33",0.462417587747337,2.9608931072226,10.2745857333318,8.19538565416613,9.33037926038807,"All",0.31733898747214,0.68266101252786
"oarfish","CPM","Kidney","K34",0.4408758960816,2.96739979039908,10.2745857333318,8.19538565416613,9.33037926038807,"All",0.318036352819773,0.681963647180227
"oarfish","CPM","Kidney","K35",0.459218514028963,2.94224336282059,10.2745857333318,8.19538565416613,9.33037926038807,"All",0.315340167929917,0.684659832070083
"oarfish","EDA","B20K80","BK20801",0.716301869193783,2.80845003273379,10.941345882157,6.09156234168924,8.42061003793181,"All",0.333520970580841,0.666479029419159
"oarfish","EDA","B20K80","BK20802",0.72080590622182,2.83429605003342,10.941345882157,6.09156234168924,8.42061003793181,"All",0.336590346455416,0.663409653544584
"oarfish","EDA","B20K80","BK20803",0.727227803783166,2.78738888807828,10.941345882157,6.09156234168924,8.42061003793181,"All",0.331019828197969,0.668980171802031
"oarfish","EDA","B20K80","BK20804",0.707191722336151,2.75359617029183,10.941345882157,6.09156234168924,8.42061003793181,"All",0.327006732040537,0.672993267959463
"oarfish","EDA","B20K80","BK20805",0.718778935605112,2.89421149725991,10.941345882157,6.09156234168924,8.42061003793181,"All",0.34370567978122,0.65629432021878
"oarfish","EDA","B80K20","BK80201",NA,3.04509291057772,9.58147305098662,9.58147305098662,9.58147305098662,"All",0.317810517691135,0.682189482308865
"oarfish","EDA","B80K20","BK80202",NA,3.04271332699584,9.58147305098662,9.58147305098662,9.58147305098662,"All",0.317562165108059,0.682437834891941
"oarfish","EDA","B80K20","BK80203",NA,3.0003073078157,9.58147305098662,9.58147305098662,9.58147305098662,"All",0.313136330066362,0.686863669933638
"oarfish","EDA","B80K20","BK80204",NA,3.02329226198606,9.58147305098662,9.58147305098662,9.58147305098662,"All",0.315535225731783,0.684464774268217
"oarfish","EDA","B80K20","BK80205",NA,3.03865346578406,9.58147305098662,9.58147305098662,9.58147305098662,"All",0.317138445165398,0.682861554834602
"oarfish","EDA","Brain","B31",NA,3.01796876226819,9.58147305098662,9.58147305098662,9.58147305098662,"All",0.314979622257292,0.685020377742708
"oarfish","EDA","Brain","B32",NA,3.02939370266593,9.58147305098662,9.58147305098662,9.58147305098662,"All",0.316172021415223,0.683827978584777
"oarfish","EDA","Brain","B33",NA,3.01537313606365,9.58147305098662,9.58147305098662,9.58147305098662,"All",0.314708721719272,0.685291278280728
"oarfish","EDA","Brain","B34",NA,3.01146191898359,9.58147305098662,9.58147305098662,9.58147305098662,"All",0.31430051548008,0.68569948451992
"oarfish","EDA","Brain","B35",NA,3.01865309022976,9.58147305098662,9.58147305098662,9.58147305098662,"All",0.315051044256595,0.684948955743405
"oarfish","EDA","Kidney","K31",0.505879559684537,2.89250857775633,10.2745857333318,8.19538565416613,9.33037926038807,"All",0.310009753841027,0.689990246158973
"oarfish","EDA","Kidney","K32",0.503929828365055,2.90225175190267,10.2745857333318,8.19538565416613,9.33037926038807,"All",0.31105399586747,0.68894600413253
"oarfish","EDA","Kidney","K33",0.508491821064038,2.90100449731322,10.2745857333318,8.19538565416613,9.33037926038807,"All",0.310920319137441,0.689079680862559
"oarfish","EDA","Kidney","K34",0.481384876894147,2.91861757892834,10.2745857333318,8.19538565416613,9.33037926038807,"All",0.312808032500809,0.687191967499191
"oarfish","EDA","Kidney","K35",0.507431772968009,2.89832914841155,10.2745857333318,8.19538565416613,9.33037926038807,"All",0.310633583858305,0.689366416141695
"oarfish","TPM","B20K80","BK20801",0.642700973790961,3.10569087572757,10.941345882157,6.09156234168924,8.42061003793181,"All",0.368820175941833,0.631179824058167
"oarfish","TPM","B20K80","BK20802",0.65027869495076,3.1673225778487,10.941345882157,6.09156234168924,8.42061003793181,"All",0.376139325248534,0.623860674751466
"oarfish","TPM","B20K80","BK20803",0.646508908476696,3.07860636653641,10.941345882157,6.09156234168924,8.42061003793181,"All",0.36560372142498,0.63439627857502
"oarfish","TPM","B20K80","BK20804",0.633041566519875,3.08578406237553,10.941345882157,6.09156234168924,8.42061003793181,"All",0.36645611760611,0.63354388239389
"oarfish","TPM","B20K80","BK20805",0.646982499742282,3.18311260396925,10.941345882157,6.09156234168924,8.42061003793181,"All",0.378014489405218,0.621985510594782
"oarfish","TPM","B80K20","BK80201",NA,3.28891319112381,9.58147305098662,9.58147305098662,9.58147305098662,"All",0.343257573613396,0.656742426386604
"oarfish","TPM","B80K20","BK80202",NA,3.29123661337302,9.58147305098662,9.58147305098662,9.58147305098662,"All",0.343500064745693,0.656499935254307
"oarfish","TPM","B80K20","BK80203",NA,3.24792282233008,9.58147305098662,9.58147305098662,9.58147305098662,"All",0.338979487292471,0.661020512707529
"oarfish","TPM","B80K20","BK80204",NA,3.27845945831916,9.58147305098662,9.58147305098662,9.58147305098662,"All",0.34216653753272,0.65783346246728
"oarfish","TPM","B80K20","BK80205",NA,3.29291715321456,9.58147305098662,9.58147305098662,9.58147305098662,"All",0.343675459471806,0.656324540528194
"oarfish","TPM","Brain","B31",NA,3.24555339242938,9.58147305098662,9.58147305098662,9.58147305098662,"All",0.338732194429663,0.661267805570336
"oarfish","TPM","Brain","B32",NA,3.24702147256767,9.58147305098662,9.58147305098662,9.58147305098662,"All",0.338885415143272,0.661114584856728
"oarfish","TPM","Brain","B33",NA,3.23241796531898,9.58147305098662,9.58147305098662,9.58147305098662,"All",0.337361275048008,0.662638724951992
"oarfish","TPM","Brain","B34",NA,3.22952787829202,9.58147305098662,9.58147305098662,9.58147305098662,"All",0.337059642197654,0.662940357802346
"oarfish","TPM","Brain","B35",NA,3.23895171003943,9.58147305098662,9.58147305098662,9.58147305098662,"All",0.338043189476581,0.661956810523419
"oarfish","TPM","Kidney","K31",0.376459044817536,3.19769686412192,10.2745857333318,8.19538565416613,9.33037926038807,"All",0.342718851493816,0.657281148506184
"oarfish","TPM","Kidney","K32",0.370571991998516,3.20782296562339,10.2745857333318,8.19538565416613,9.33037926038807,"All",0.343804134440937,0.656195865559063
"oarfish","TPM","Kidney","K33",0.378711647021598,3.1969370604875,10.2745857333318,8.19538565416613,9.33037926038807,"All",0.342637418187279,0.657362581812721
"oarfish","TPM","Kidney","K34",0.382118944473121,3.18170868375751,10.2745857333318,8.19538565416613,9.33037926038807,"All",0.341005289813394,0.658994710186606
"oarfish","TPM","Kidney","K35",0.391564730185953,3.14692904800187,10.2745857333318,8.19538565416613,9.33037926038807,"All",0.337277720463314,0.662722279536686
"oarfish","cqn","B20K80","BK20801",0.704133025326862,2.75497217845149,10.941345882157,6.09156234168924,8.42061003793181,"All",0.327170141597976,0.672829858402024
"oarfish","cqn","B20K80","BK20802",0.720076874604812,2.73134846040259,10.941345882157,6.09156234168924,8.42061003793181,"All",0.324364677630107,0.675635322369893
"oarfish","cqn","B20K80","BK20803",0.723826140824568,2.67995803256527,10.941345882157,6.09156234168924,8.42061003793181,"All",0.318261743566443,0.681738256433557
"oarfish","cqn","B20K80","BK20804",0.692203541900367,2.70176874474723,10.941345882157,6.09156234168924,8.42061003793181,"All",0.320851901771575,0.679148098228425
"oarfish","cqn","B20K80","BK20805",0.693680525562695,2.7267033928383,10.941345882157,6.09156234168924,8.42061003793181,"All",0.32381304686424,0.67618695313576
"oarfish","cqn","B80K20","BK80201",NA,2.91672133291929,9.58147305098662,9.58147305098662,9.58147305098662,"All",0.304412621879571,0.695587378120429
"oarfish","cqn","B80K20","BK80202",NA,2.91679417103413,9.58147305098662,9.58147305098662,9.58147305098662,"All",0.304420223854179,0.695579776145821
"oarfish","cqn","B80K20","BK80203",NA,2.83517701004453,9.58147305098662,9.58147305098662,9.58147305098662,"All",0.295901997005834,0.704098002994166
"oarfish","cqn","B80K20","BK80204",NA,2.92354244867922,9.58147305098662,9.58147305098662,9.58147305098662,"All",0.305124528673404,0.694875471326596
"oarfish","cqn","B80K20","BK80205",NA,2.92044911946094,9.58147305098662,9.58147305098662,9.58147305098662,"All",0.30480168382462,0.69519831617538
"oarfish","cqn","Brain","B31",NA,2.78040914412311,9.58147305098662,9.58147305098662,9.58147305098662,"All",0.290185979684701,0.709814020315299
"oarfish","cqn","Brain","B32",NA,2.75547666660854,9.58147305098662,9.58147305098662,9.58147305098662,"All",0.287583824736093,0.712416175263907
"oarfish","cqn","Brain","B33",NA,2.76100376282676,9.58147305098662,9.58147305098662,9.58147305098662,"All",0.28816067718757,0.71183932281243
"oarfish","cqn","Brain","B34",NA,2.76240255681543,9.58147305098662,9.58147305098662,9.58147305098662,"All",0.288306666638381,0.711693333361619
"oarfish","cqn","Brain","B35",NA,2.74942439401617,9.58147305098662,9.58147305098662,9.58147305098662,"All",0.28695216063182,0.71304783936818
"oarfish","cqn","Kidney","K31",0.472417969143047,2.64067495729112,10.2745857333318,8.19538565416613,9.33037926038807,"All",0.283019037447068,0.716980962552932
"oarfish","cqn","Kidney","K32",0.483981209168942,2.57832100960654,10.2745857333318,8.19538565416613,9.33037926038807,"All",0.276336142149414,0.723663857850586
"oarfish","cqn","Kidney","K33",0.485514142789396,2.60416477416797,10.2745857333318,8.19538565416613,9.33037926038807,"All",0.279105993603486,0.720894006396514
"oarfish","cqn","Kidney","K34",0.455177197189544,2.56150737426678,10.2745857333318,8.19538565416613,9.33037926038807,"All",0.274534110863167,0.725465889136833
"oarfish","cqn","Kidney","K35",0.45099474866954,2.59796465993197,10.2745857333318,8.19538565416613,9.33037926038807,"All",0.278441485327566,0.721558514672434
"oarfish","ratio_counts","B20K80","BK20801",0.810148749351361,2.68479060948829,10.9180949312313,6.06836418053216,8.48073426379568,"All",0.31657525468634,0.68342474531366
"oarfish","ratio_counts","B20K80","BK20802",0.805852227353793,2.72814057115997,10.9180949312313,6.06836418053216,8.48073426379568,"All",0.32168683586826,0.67831316413174
"oarfish","ratio_counts","B20K80","BK20803",0.814453882723535,2.70744843262521,10.9180949312313,6.06836418053216,8.48073426379568,"All",0.319246936457298,0.680753063542702
"oarfish","ratio_counts","B20K80","BK20804",0.810848090354009,2.61128161318836,10.9180949312313,6.06836418053216,8.48073426379568,"All",0.307907491493507,0.692092508506493
"oarfish","ratio_counts","B20K80","BK20805",0.818612924880333,2.78526832235289,10.9180949312313,6.06836418053216,8.48073426379568,"All",0.328423015710234,0.671576984289766
"oarfish","ratio_counts","B80K20","BK80201",0.692299143357156,2.81633008454184,9.7768967577031,9.4892565973559,9.57263055687683,"All",0.294206495049434,0.705793504950566
"oarfish","ratio_counts","B80K20","BK80202",0.669837525727955,2.81688538109702,9.7768967577031,9.4892565973559,9.57263055687683,"All",0.294264503822663,0.705735496177337
"oarfish","ratio_counts","B80K20","BK80203",0.66341992069104,2.82915634490603,9.7768967577031,9.4892565973559,9.57263055687683,"All",0.295546383838412,0.704453616161588
"oarfish","ratio_counts","B80K20","BK80204",0.676255130764869,2.81770642632801,9.7768967577031,9.4892565973559,9.57263055687683,"All",0.294350273896637,0.705649726103363
"oarfish","ratio_counts","B80K20","BK80205",0.655397914394897,2.81934050636344,9.7768967577031,9.4892565973559,9.57263055687683,"All",0.294520977239435,0.705479022760565
"oarfish","ratio_counts","Brain","B31",0.629727494247239,2.82018340864724,9.7768967577031,9.4892565973559,9.57263055687683,"All",0.294609030599354,0.705390969400646
"oarfish","ratio_counts","Brain","B32",0.631331895506468,2.81838480615325,9.7768967577031,9.4892565973559,9.57263055687683,"All",0.294421140501298,0.705578859498702
"oarfish","ratio_counts","Brain","B33",0.631331895506468,2.82027575726873,9.7768967577031,9.4892565973559,9.57263055687683,"All",0.294618677751299,0.705381322248701
"oarfish","ratio_counts","Brain","B34",0.599243870321895,2.82274762115753,9.7768967577031,9.4892565973559,9.57263055687683,"All",0.294876899759775,0.705123100240225
"oarfish","ratio_counts","Brain","B35",0.647375908098754,2.81825209659686,9.7768967577031,9.4892565973559,9.57263055687683,"All",0.294407277064743,0.705592722935257
"oarfish","ratio_counts","Kidney","K31",0.807311807562573,3.46611536917175,10.2274130787615,8.14822466148066,9.3665794783839,"All",0.370051348752319,0.629948651247681
"oarfish","ratio_counts","Kidney","K32",0.80083794240468,3.46854057486032,10.2274130787615,8.14822466148066,9.3665794783839,"All",0.370310269919236,0.629689730080764
"oarfish","ratio_counts","Kidney","K33",0.774942481773108,3.43865272693554,10.2274130787615,8.14822466148066,9.3665794783839,"All",0.367119366773243,0.632880633226757
"oarfish","ratio_counts","Kidney","K34",0.774791046330818,3.42090304724654,10.2274130787615,8.14822466148066,9.3665794783839,"All",0.365224365537203,0.634775634462797
"oarfish","ratio_counts","Kidney","K35",0.780697028580124,3.3912236919883,10.2274130787615,8.14822466148066,9.3665794783839,"All",0.362055721601951,0.637944278398049
"bambu","CPM","B20K80","BK20801",0.720785232726999,2.83914260980742,10.941345882157,6.09156234168924,8.16963762182738,"1597-2528",0.347523689694864,0.652476310305136
"bambu","CPM","B20K80","BK20801",0.696193685072074,3.24830235699003,10.941345882157,6.09156234168924,8.09259891597529,"191-575",0.401391739627388,0.598608260372612
"bambu","CPM","B20K80","BK20801",0.798947025879759,1.35089668915447,10.941345882157,6.09156234168924,8.61798746156121,"575-813",0.15675315091602,0.843246849083981
"bambu","CPM","B20K80","BK20801",0.440050452848603,2.90163227170122,10.941345882157,6.09156234168924,8.82151092424315,"813-1597",0.328926903409142,0.671073096590858
"bambu","CPM","B20K80","BK20802",0.544735034291024,3.69765383490996,10.941345882157,6.09156234168924,8.16963762182738,"1597-2528",0.45260928404348,0.54739071595652
"bambu","CPM","B20K80","BK20802",0.58070615671896,3.30334063761636,10.941345882157,6.09156234168924,8.09259891597529,"191-575",0.408192803315059,0.591807196684941
"bambu","CPM","B20K80","BK20802",0.81923774399734,1.36124963558443,10.941345882157,6.09156234168924,8.61798746156121,"575-813",0.157954469260487,0.842045530739513
"bambu","CPM","B20K80","BK20802",0.440050452848603,2.9334786306783,10.941345882157,6.09156234168924,8.82151092424315,"813-1597",0.332536983275343,0.667463016724657
"bambu","CPM","B20K80","BK20803",0.65421060098477,3.45521812188514,10.941345882157,6.09156234168924,8.16963762182738,"1597-2528",0.422934073924356,0.577065926075644
"bambu","CPM","B20K80","BK20803",0.58070615671896,3.33556172070276,10.941345882157,6.09156234168924,8.09259891597529,"191-575",0.412174352805025,0.587825647194975
"bambu","CPM","B20K80","BK20803",0.809092384938549,1.30136110935769,10.941345882157,6.09156234168924,8.61798746156121,"575-813",0.151005221945628,0.848994778054373
"bambu","CPM","B20K80","BK20803",0.389275400596841,2.93950637580518,10.941345882157,6.09156234168924,8.82151092424315,"813-1597",0.333220284036249,0.666779715963751
"bambu","CPM","B20K80","BK20804",0.710579424122015,2.96598868395591,10.941345882157,6.09156234168924,8.16963762182738,"1597-2528",0.363050213638787,0.636949786361213
"bambu","CPM","B20K80","BK20804",0.58070615671896,3.36612797485068,10.941345882157,6.09156234168924,8.09259891597529,"191-575",0.415951415583655,0.584048584416345
"bambu","CPM","B20K80","BK20804",0.798947025879759,1.43025870102962,10.941345882157,6.09156234168924,8.61798746156121,"575-813",0.165962030858016,0.834037969141984
"bambu","CPM","B20K80","BK20804",0.440050452848603,2.93827093528098,10.941345882157,6.09156234168924,8.82151092424315,"813-1597",0.333080235405713,0.666919764594287
"bambu","CPM","B20K80","BK20805",0.581449617070366,3.89201899418096,10.941345882157,6.09156234168924,8.16963762182738,"1597-2528",0.476400444467989,0.523599555532011
"bambu","CPM","B20K80","BK20805",0.58070615671896,3.37855111935361,10.941345882157,6.09156234168924,8.09259891597529,"191-575",0.417486539791827,0.582513460208173
"bambu","CPM","B20K80","BK20805",0.81923774399734,1.35870303582916,10.941345882157,6.09156234168924,8.61798746156121,"575-813",0.157658971063648,0.842341028936352
"bambu","CPM","B20K80","BK20805",0.456975470265857,2.93341244343521,10.941345882157,6.09156234168924,8.82151092424315,"813-1597",0.332529480338073,0.667470519661927
"bambu","CPM","B80K20","BK80201",NA,2.8845349767804,9.58147305098662,9.58147305098662,9.58147305098662,"1597-2528",0.301053393505436,0.698946606494564
"bambu","CPM","B80K20","BK80201",NA,4.10880175102794,9.58147305098662,9.58147305098662,9.58147305098662,"191-575",0.428827773053628,0.571172226946372
"bambu","CPM","B80K20","BK80201",NA,1.22227423896032,9.58147305098662,9.58147305098662,9.58147305098662,"575-813",0.127566422454683,0.872433577545317
"bambu","CPM","B80K20","BK80201",NA,2.56100011958033,9.58147305098662,9.58147305098662,9.58147305098662,"813-1597",0.267286679819719,0.732713320180281
"bambu","CPM","B80K20","BK80202",NA,2.89428882723686,9.58147305098662,9.58147305098662,9.58147305098662,"1597-2528",0.302071384205254,0.697928615794746
"bambu","CPM","B80K20","BK80202",NA,4.11080906075479,9.58147305098662,9.58147305098662,9.58147305098662,"191-575",0.429037272127117,0.570962727872883
"bambu","CPM","B80K20","BK80202",NA,1.21594378173795,9.58147305098662,9.58147305098662,9.58147305098662,"575-813",0.12690572475312,0.87309427524688
"bambu","CPM","B80K20","BK80202",NA,2.56255918203226,9.58147305098662,9.58147305098662,9.58147305098662,"813-1597",0.26744939618323,0.73255060381677
"bambu","CPM","B80K20","BK80203",NA,2.805527989406,9.58147305098662,9.58147305098662,9.58147305098662,"1597-2528",0.292807585480513,0.707192414519487
"bambu","CPM","B80K20","BK80203",NA,4.14239366777373,9.58147305098662,9.58147305098662,9.58147305098662,"191-575",0.432333697097565,0.567666302902435
"bambu","CPM","B80K20","BK80203",NA,1.14660512839701,9.58147305098662,9.58147305098662,9.58147305098662,"575-813",0.119668982242656,0.880331017757344
"bambu","CPM","B80K20","BK80203",NA,2.55036233052081,9.58147305098662,9.58147305098662,9.58147305098662,"813-1597",0.266176434140071,0.733823565859929
"bambu","CPM","B80K20","BK80204",NA,2.87459070127313,9.58147305098662,9.58147305098662,9.58147305098662,"1597-2528",0.300015528507605,0.699984471492395
"bambu","CPM","B80K20","BK80204",NA,4.09560516771691,9.58147305098662,9.58147305098662,9.58147305098662,"191-575",0.427450470916388,0.572549529083612
"bambu","CPM","B80K20","BK80204",NA,1.10248572375334,9.58147305098662,9.58147305098662,9.58147305098662,"575-813",0.115064324440157,0.884935675559843
"bambu","CPM","B80K20","BK80204",NA,2.5654812386204,9.58147305098662,9.58147305098662,9.58147305098662,"813-1597",0.267754365635483,0.732245634364517
"bambu","CPM","B80K20","BK80205",NA,2.902016847849,9.58147305098662,9.58147305098662,9.58147305098662,"1597-2528",0.302877942922374,0.697122057077626
"bambu","CPM","B80K20","BK80205",NA,4.09601747525927,9.58147305098662,9.58147305098662,9.58147305098662,"191-575",0.427493502665281,0.572506497334719
"bambu","CPM","B80K20","BK80205",NA,1.28627207625844,9.58147305098662,9.58147305098662,9.58147305098662,"575-813",0.134245754218971,0.865754245781029
"bambu","CPM","B80K20","BK80205",NA,2.57506622541517,9.58147305098662,9.58147305098662,9.58147305098662,"813-1597",0.268754732358195,0.731245267641805
"bambu","CPM","Brain","B31",NA,2.85253168914314,9.58147305098662,9.58147305098662,9.58147305098662,"1597-2528",0.297713271640357,0.702286728359643
"bambu","CPM","Brain","B31",NA,4.11447077382236,9.58147305098662,9.58147305098662,9.58147305098662,"191-575",0.429419438110164,0.570580561889836
"bambu","CPM","Brain","B31",NA,1.13188953897206,9.58147305098662,9.58147305098662,9.58147305098662,"575-813",0.118133144345222,0.881866855654778
"bambu","CPM","Brain","B31",NA,2.51302402406411,9.58147305098662,9.58147305098662,9.58147305098662,"813-1597",0.262279506573923,0.737720493426077
"bambu","CPM","Brain","B32",NA,2.7856988034024,9.58147305098662,9.58147305098662,9.58147305098662,"1597-2528",0.2907380512974,0.7092619487026
"bambu","CPM","Brain","B32",NA,4.01197891187065,9.58147305098662,9.58147305098662,9.58147305098662,"191-575",0.418722558683973,0.581277441316027
"bambu","CPM","Brain","B32",NA,1.14114762892369,9.58147305098662,9.58147305098662,9.58147305098662,"575-813",0.119099393470212,0.880900606529788
"bambu","CPM","Brain","B32",NA,2.53980513459058,9.58147305098662,9.58147305098662,9.58147305098662,"813-1597",0.265074599811044,0.734925400188956
"bambu","CPM","Brain","B33",NA,2.81497317466622,9.58147305098662,9.58147305098662,9.58147305098662,"1597-2528",0.293793361384694,0.706206638615306
"bambu","CPM","Brain","B33",NA,4.10084396876068,9.58147305098662,9.58147305098662,9.58147305098662,"191-575",0.427997234552406,0.572002765447594
"bambu","CPM","Brain","B33",NA,1.13847677146129,9.58147305098662,9.58147305098662,9.58147305098662,"575-813",0.118820641189828,0.881179358810172
"bambu","CPM","Brain","B33",NA,2.52118043212131,9.58147305098662,9.58147305098662,9.58147305098662,"813-1597",0.2631307752686,0.7368692247314
"bambu","CPM","Brain","B34",NA,2.80790153216391,9.58147305098662,9.58147305098662,9.58147305098662,"1597-2528",0.293055307594355,0.706944692405645
"bambu","CPM","Brain","B34",NA,4.1011752039636,9.58147305098662,9.58147305098662,9.58147305098662,"191-575",0.428031804936433,0.571968195063567
"bambu","CPM","Brain","B34",NA,1.14746191052316,9.58147305098662,9.58147305098662,9.58147305098662,"575-813",0.119758402952979,0.880241597047021
"bambu","CPM","Brain","B34",NA,2.499538971889,9.58147305098662,9.58147305098662,9.58147305098662,"813-1597",0.260872097493571,0.739127902506429
"bambu","CPM","Brain","B35",NA,2.78578053247461,9.58147305098662,9.58147305098662,9.58147305098662,"1597-2528",0.290746581204207,0.709253418795793
"bambu","CPM","Brain","B35",NA,4.08591651041449,9.58147305098662,9.58147305098662,9.58147305098662,"191-575",0.426439284301254,0.573560715698746
"bambu","CPM","Brain","B35",NA,1.16855687935209,9.58147305098662,9.58147305098662,9.58147305098662,"575-813",0.121960044466415,0.878039955533585
"bambu","CPM","Brain","B35",NA,2.53407519596101,9.58147305098662,9.58147305098662,9.58147305098662,"813-1597",0.264476577085407,0.735523422914593
"bambu","CPM","Kidney","K31",0.501306346402842,2.8110858262474,10.2745857333318,8.19538565416613,9.41842017762234,"1597-2528",0.298466810062944,0.701533189937056
"bambu","CPM","Kidney","K31",0.48265070811726,3.96910068668446,10.2745857333318,8.19538565416613,9.31196563930357,"191-575",0.426236612164014,0.573763387835986
"bambu","CPM","Kidney","K31",0.627744091762668,1.02275705237276,10.2745857333318,8.19538565416613,9.33688359577145,"575-813",0.109539445563609,0.890460554436391
"bambu","CPM","Kidney","K31",0.454371621432433,2.26551916696932,10.2745857333318,8.19538565416613,9.25533078303635,"813-1597",0.244779924140765,0.755220075859235
"bambu","CPM","Kidney","K32",0.505123399801849,2.83365384848339,10.2745857333318,8.19538565416613,9.41842017762234,"1597-2528",0.300862967997117,0.699137032002883
"bambu","CPM","Kidney","K32",0.464129123381383,3.97737825728063,10.2745857333318,8.19538565416613,9.31196563930357,"191-575",0.427125529812209,0.572874470187791
"bambu","CPM","Kidney","K32",0.640425790586156,1.04770951459379,10.2745857333318,8.19538565416613,9.33688359577145,"575-813",0.112211907093742,0.887788092906258
"bambu","CPM","Kidney","K32",0.516863993434602,2.24810898227215,10.2745857333318,8.19538565416613,9.25533078303635,"813-1597",0.242898826089782,0.757101173910218
"bambu","CPM","Kidney","K33",0.514029857732864,2.77540605960728,10.2745857333318,8.19538565416613,9.41842017762234,"1597-2528",0.294678513727971,0.705321486272029
"bambu","CPM","Kidney","K33",0.464129123381383,4.00467810395355,10.2745857333318,8.19538565416613,9.31196563930357,"191-575",0.430057225195373,0.569942774804627
"bambu","CPM","Kidney","K33",0.640425790586156,1.00949329774944,10.2745857333318,8.19538565416613,9.33688359577145,"575-813",0.108118869363074,0.891881130636926
"bambu","CPM","Kidney","K33",0.455673545849145,2.28369748233322,10.2745857333318,8.19538565416613,9.25533078303635,"813-1597",0.246744015515782,0.753255984484218
"bambu","CPM","Kidney","K34",0.561106849653943,2.73908720249028,10.2745857333318,8.19538565416613,9.41842017762234,"1597-2528",0.290822362013345,0.709177637986655
"bambu","CPM","Kidney","K34",0.465218628365846,3.89339478890401,10.2745857333318,8.19538565416613,9.31196563930357,"191-575",0.418106653279617,0.581893346720383
"bambu","CPM","Kidney","K34",0.559262918115831,1.1248014291189,10.2745857333318,8.19538565416613,9.33688359577145,"575-813",0.120468614348829,0.879531385651171
"bambu","CPM","Kidney","K34",0.472598563266399,2.23873803567081,10.2745857333318,8.19538565416613,9.25533078303635,"813-1597",0.241886334281437,0.758113665718563
"bambu","CPM","Kidney","K35",0.514029857732864,2.72557782567657,10.2745857333318,8.19538565416613,9.41842017762234,"1597-2528",0.289388005023645,0.710611994976355
"bambu","CPM","Kidney","K35",0.464129123381383,4.016531758805,10.2745857333318,8.19538565416613,9.31196563930357,"191-575",0.431330173927208,0.568669826072792
"bambu","CPM","Kidney","K35",0.597308014586296,1.03287545244276,10.2745857333318,8.19538565416613,9.33688359577145,"575-813",0.110623147632529,0.889376852367471
"bambu","CPM","Kidney","K35",0.479108185349958,2.2045763733812,10.2745857333318,8.19538565416613,9.25533078303635,"813-1597",0.238195308742705,0.761804691257295
"bambu","EDA","B20K80","BK20801",0.718233780575753,2.56372255652133,10.941345882157,6.09156234168924,8.16963762182738,"1597-2528",0.313811049546636,0.686188950453364
"bambu","EDA","B20K80","BK20801",0.672224575413881,3.26762546945424,10.941345882157,6.09156234168924,8.09259891597529,"191-575",0.403779490789263,0.596220509210737
"bambu","EDA","B20K80","BK20801",0.798947025879759,1.36378734294243,10.941345882157,6.09156234168924,8.61798746156121,"575-813",0.158248935615806,0.841751064384194
"bambu","EDA","B20K80","BK20801",0.411408115680942,2.86029763261523,10.941345882157,6.09156234168924,8.82151092424315,"813-1597",0.324241239077832,0.675758760922168
"bambu","EDA","B20K80","BK20802",0.552389390744762,3.5183768030666,10.941345882157,6.09156234168924,8.16963762182738,"1597-2528",0.430664977558651,0.569335022441349
"bambu","EDA","B20K80","BK20802",0.595959226501447,3.28090023119795,10.941345882157,6.09156234168924,8.09259891597529,"191-575",0.405419849082258,0.594580150917742
"bambu","EDA","B20K80","BK20802",0.81923774399734,1.38191218667174,10.941345882157,6.09156234168924,8.61798746156121,"575-813",0.160352076727365,0.839647923272635
"bambu","EDA","B20K80","BK20802",0.440050452848603,2.89891787419419,10.941345882157,6.09156234168924,8.82151092424315,"813-1597",0.328619201301154,0.671380798698846
"bambu","EDA","B20K80","BK20803",0.661869651923129,3.21488611895733,10.941345882157,6.09156234168924,8.16963762182738,"1597-2528",0.393516367282669,0.606483632717331
"bambu","EDA","B20K80","BK20803",0.595959226501447,3.34029568182089,10.941345882157,6.09156234168924,8.09259891597529,"191-575",0.412759326948347,0.587240673051653
"bambu","EDA","B20K80","BK20803",0.809092384938549,1.31136650914456,10.941345882157,6.09156234168924,8.61798746156121,"575-813",0.152166212238489,0.847833787761511
"bambu","EDA","B20K80","BK20803",0.423125435431349,2.89642072916753,10.941345882157,6.09156234168924,8.82151092424315,"813-1597",0.328336126774794,0.671663873225206
"bambu","EDA","B20K80","BK20804",0.708027971970769,2.62584919888335,10.941345882157,6.09156234168924,8.16963762182738,"1597-2528",0.321415627036833,0.678584372963167
"bambu","EDA","B20K80","BK20804",0.595959226501447,3.37179684818511,10.941345882157,6.09156234168924,8.09259891597529,"191-575",0.416651916546732,0.583348083453268
"bambu","EDA","B20K80","BK20804",0.798947025879759,1.4495893968599,10.941345882157,6.09156234168924,8.61798746156121,"575-813",0.168205094672683,0.831794905327317
"bambu","EDA","B20K80","BK20804",0.411408115680942,2.89178797168924,10.941345882157,6.09156234168924,8.82151092424315,"813-1597",0.327810960789276,0.672189039210724
"bambu","EDA","B20K80","BK20805",0.567408023683376,3.71588779183805,10.941345882157,6.09156234168924,8.16963762182738,"1597-2528",0.454841201513034,0.545158798486966
"bambu","EDA","B20K80","BK20805",0.58070615671896,3.39400138419793,10.941345882157,6.09156234168924,8.09259891597529,"191-575",0.419395724344865,0.580604275655135
"bambu","EDA","B20K80","BK20805",0.81923774399734,1.38134073159042,10.941345882157,6.09156234168924,8.61798746156121,"575-813",0.160285767152901,0.839714232847099
"bambu","EDA","B20K80","BK20805",0.420521586597925,2.88507909477282,10.941345882157,6.09156234168924,8.82151092424315,"813-1597",0.327050447428919,0.672949552571081
"bambu","EDA","B80K20","BK80201",NA,2.66321412206799,9.58147305098662,9.58147305098662,9.58147305098662,"1597-2528",0.27795455958557,0.72204544041443
"bambu","EDA","B80K20","BK80201",NA,4.09734911793123,9.58147305098662,9.58147305098662,9.58147305098662,"191-575",0.427632483661718,0.572367516338282
"bambu","EDA","B80K20","BK80201",NA,1.24031729514802,9.58147305098662,9.58147305098662,9.58147305098662,"575-813",0.129449541688196,0.870550458311804
"bambu","EDA","B80K20","BK80201",NA,2.53119901036019,9.58147305098662,9.58147305098662,9.58147305098662,"813-1597",0.264176395100287,0.735823604899713
"bambu","EDA","B80K20","BK80202",NA,2.72236426242346,9.58147305098662,9.58147305098662,9.58147305098662,"1597-2528",0.28412794650016,0.71587205349984
"bambu","EDA","B80K20","BK80202",NA,4.09351756741658,9.58147305098662,9.58147305098662,9.58147305098662,"191-575",0.427232592069449,0.572767407930551
"bambu","EDA","B80K20","BK80202",NA,1.2327273933287,9.58147305098662,9.58147305098662,9.58147305098662,"575-813",0.128657398165072,0.871342601834928
"bambu","EDA","B80K20","BK80202",NA,2.54365105746062,9.58147305098662,9.58147305098662,9.58147305098662,"813-1597",0.265475991418532,0.734524008581468
"bambu","EDA","B80K20","BK80203",NA,2.6173516436194,9.58147305098662,9.58147305098662,9.58147305098662,"1597-2528",0.27316798050691,0.72683201949309
"bambu","EDA","B80K20","BK80203",NA,4.13024599906824,9.58147305098662,9.58147305098662,9.58147305098662,"191-575",0.431065868169711,0.568934131830289
"bambu","EDA","B80K20","BK80203",NA,1.16812118798997,9.58147305098662,9.58147305098662,9.58147305098662,"575-813",0.121914572193019,0.878085427806981
"bambu","EDA","B80K20","BK80203",NA,2.525821656389,9.58147305098662,9.58147305098662,9.58147305098662,"813-1597",0.263615170960472,0.736384829039528
"bambu","EDA","B80K20","BK80204",NA,2.63453417253348,9.58147305098662,9.58147305098662,9.58147305098662,"1597-2528",0.274961288156229,0.725038711843771
"bambu","EDA","B80K20","BK80204",NA,4.0909725149824,9.58147305098662,9.58147305098662,9.58147305098662,"191-575",0.426966969819024,0.573033030180976
"bambu","EDA","B80K20","BK80204",NA,1.1120938199512,9.58147305098662,9.58147305098662,9.58147305098662,"575-813",0.11606710304703,0.88393289695297
"bambu","EDA","B80K20","BK80204",NA,2.5283818110543,9.58147305098662,9.58147305098662,9.58147305098662,"813-1597",0.263882369401847,0.736117630598153
"bambu","EDA","B80K20","BK80205",NA,2.65572926381416,9.58147305098662,9.58147305098662,9.58147305098662,"1597-2528",0.277173379258286,0.722826620741714
"bambu","EDA","B80K20","BK80205",NA,4.08737070187364,9.58147305098662,9.58147305098662,9.58147305098662,"191-575",0.426591055480008,0.573408944519991
"bambu","EDA","B80K20","BK80205",NA,1.30923945942184,9.58147305098662,9.58147305098662,9.58147305098662,"575-813",0.136642816032033,0.863357183967967
"bambu","EDA","B80K20","BK80205",NA,2.5406306213587,9.58147305098662,9.58147305098662,9.58147305098662,"813-1597",0.265160754284758,0.734839245715242
"bambu","EDA","Brain","B31",NA,2.64292073458511,9.58147305098662,9.58147305098662,9.58147305098662,"1597-2528",0.275836577582709,0.724163422417291
"bambu","EDA","Brain","B31",NA,4.1035054351298,9.58147305098662,9.58147305098662,9.58147305098662,"191-575",0.428275006702363,0.571724993297637
"bambu","EDA","Brain","B31",NA,1.153614243137,9.58147305098662,9.58147305098662,9.58147305098662,"575-813",0.120400510130142,0.879599489869858
"bambu","EDA","Brain","B31",NA,2.48933625727619,9.58147305098662,9.58147305098662,9.58147305098662,"813-1597",0.259807259701039,0.740192740298961
"bambu","EDA","Brain","B32",NA,2.63752025253062,9.58147305098662,9.58147305098662,9.58147305098662,"1597-2528",0.275272939609116,0.724727060390884
"bambu","EDA","Brain","B32",NA,4.0014230718229,9.58147305098662,9.58147305098662,9.58147305098662,"191-575",0.417620865865804,0.582379134134196
"bambu","EDA","Brain","B32",NA,1.15806884912402,9.58147305098662,9.58147305098662,9.58147305098662,"575-813",0.120865428829315,0.879134571170685
"bambu","EDA","Brain","B32",NA,2.52222266857398,9.58147305098662,9.58147305098662,9.58147305098662,"813-1597",0.263239551491956,0.736760448508044
"bambu","EDA","Brain","B33",NA,2.63437604269005,9.58147305098662,9.58147305098662,9.58147305098662,"1597-2528",0.274944784447187,0.725055215552813
"bambu","EDA","Brain","B33",NA,4.08767264505216,9.58147305098662,9.58147305098662,9.58147305098662,"191-575",0.426622568711524,0.573377431288476
"bambu","EDA","Brain","B33",NA,1.16278174573199,9.58147305098662,9.58147305098662,9.58147305098662,"575-813",0.121357304826136,0.878642695173864
"bambu","EDA","Brain","B33",NA,2.50168185435959,9.58147305098662,9.58147305098662,9.58147305098662,"813-1597",0.26109574603479,0.73890425396521
"bambu","EDA","Brain","B34",NA,2.62494019533763,9.58147305098662,9.58147305098662,9.58147305098662,"1597-2528",0.273959983122568,0.726040016877432
"bambu","EDA","Brain","B34",NA,4.08879865778635,9.58147305098662,9.58147305098662,9.58147305098662,"191-575",0.426740088505005,0.573259911494995
"bambu","EDA","Brain","B34",NA,1.17331250722106,9.58147305098662,9.58147305098662,9.58147305098662,"575-813",0.122456380243144,0.877543619756856
"bambu","EDA","Brain","B34",NA,2.48142181513566,9.58147305098662,9.58147305098662,9.58147305098662,"813-1597",0.258981244525876,0.741018755474124
"bambu","EDA","Brain","B35",NA,2.60348499791383,9.58147305098662,9.58147305098662,9.58147305098662,"1597-2528",0.271720745240289,0.728279254759711
"bambu","EDA","Brain","B35",NA,4.06912157732579,9.58147305098662,9.58147305098662,9.58147305098662,"191-575",0.424686429286234,0.575313570713766
"bambu","EDA","Brain","B35",NA,1.19409115830973,9.58147305098662,9.58147305098662,9.58147305098662,"575-813",0.124625008279575,0.875374991720425
"bambu","EDA","Brain","B35",NA,2.51418584194228,9.58147305098662,9.58147305098662,9.58147305098662,"813-1597",0.262400763281737,0.737599236718263
"bambu","EDA","Kidney","K31",0.514029857732864,2.54726689331045,10.2745857333318,8.19538565416613,9.41842017762234,"1597-2528",0.270455856212767,0.729544143787233
"bambu","EDA","Kidney","K31",0.48265070811726,3.96098729837174,10.2745857333318,8.19538565416613,9.31196563930357,"191-575",0.425365325839838,0.574634674160162
"bambu","EDA","Kidney","K31",0.594771674821598,1.04726995422095,10.2745857333318,8.19538565416613,9.33688359577145,"575-813",0.112164829247228,0.887835170752772
"bambu","EDA","Kidney","K31",0.510354371351042,2.21158785669746,10.2745857333318,8.19538565416613,9.25533078303635,"813-1597",0.238952870355641,0.761047129644359
"bambu","EDA","Kidney","K32",0.473314621476795,2.60877550321641,10.2745857333318,8.19538565416613,9.41842017762234,"1597-2528",0.276986527890816,0.723013472109185
"bambu","EDA","Kidney","K32",0.464129123381383,3.95313931407398,10.2745857333318,8.19538565416613,9.31196563930357,"191-575",0.424522540911097,0.575477459088903
"bambu","EDA","Kidney","K32",0.597308014586296,1.06984041913673,10.2745857333318,8.19538565416613,9.33688359577145,"575-813",0.114582173823099,0.885417826176901
"bambu","EDA","Kidney","K32",0.499938976017348,2.21364063474013,10.2745857333318,8.19538565416613,9.25533078303635,"813-1597",0.23917466448605,0.76082533551395
"bambu","EDA","Kidney","K33",0.526753369062885,2.55563037275375,10.2745857333318,8.19538565416613,9.41842017762234,"1597-2528",0.27134384796569,0.72865615203431
"bambu","EDA","Kidney","K33",0.464129123381383,3.98331980905342,10.2745857333318,8.19538565416613,9.31196563930357,"191-575",0.4277635854068,0.5722364145932
"bambu","EDA","Kidney","K33",0.630280431527365,1.02990612639186,10.2745857333318,8.19538565416613,9.33688359577145,"575-813",0.110305126526188,0.889694873473812
"bambu","EDA","Kidney","K33",0.46608894118284,2.24428848191077,10.2745857333318,8.19538565416613,9.25533078303635,"813-1597",0.242486036914447,0.757513963085553
"bambu","EDA","Kidney","K34",0.530570422461892,2.53160715910913,10.2745857333318,8.19538565416613,9.41842017762234,"1597-2528",0.268793185201495,0.731206814798505
"bambu","EDA","Kidney","K34",0.465218628365846,3.87031569432751,10.2745857333318,8.19538565416613,9.31196563930357,"191-575",0.415628219029485,0.584371780970514
"bambu","EDA","Kidney","K34",0.559262918115831,1.16019012449874,10.2745857333318,8.19538565416613,9.33688359577145,"575-813",0.12425881854457,0.87574118145543
"bambu","EDA","Kidney","K34",0.472598563266399,2.21840445166615,10.2745857333318,8.19538565416613,9.25533078303635,"813-1597",0.239689375093125,0.760310624906875
"bambu","EDA","Kidney","K35",0.516574559998868,2.51371577824015,10.2745857333318,8.19538565416613,9.41842017762234,"1597-2528",0.26689356928592,0.73310643071408
"bambu","EDA","Kidney","K35",0.464129123381383,4.0136404335187,10.2745857333318,8.19538565416613,9.31196563930357,"191-575",0.431019678227557,0.568980321772443
"bambu","EDA","Kidney","K35",0.597308014586296,1.07054211218545,10.2745857333318,8.19538565416613,9.33688359577145,"575-813",0.114657326634155,0.885342673365845
"bambu","EDA","Kidney","K35",0.527279388768296,2.1787019513518,10.2745857333318,8.19538565416613,9.25533078303635,"813-1597",0.235399685049079,0.764600314950921
"bambu","TPM","B20K80","BK20801",0.720785232726999,3.57477339935812,10.941345882157,6.09156234168924,8.16963762182738,"1597-2528",0.437568171910974,0.562431828089026
"bambu","TPM","B20K80","BK20801",0.764832499093265,3.16186394551186,10.941345882157,6.09156234168924,8.09259891597529,"191-575",0.390710571269033,0.609289428730967
"bambu","TPM","B20K80","BK20801",0.807824215056201,1.39190476984994,10.941345882157,6.09156234168924,8.61798746156121,"575-813",0.161511579827454,0.838488420172546
"bambu","TPM","B20K80","BK20801",0.440050452848603,3.10433486222786,10.941345882157,6.09156234168924,8.82151092424315,"813-1597",0.351905120209801,0.648094879790199
"bambu","TPM","B20K80","BK20802",0.544735034291024,4.26993961944893,10.941345882157,6.09156234168924,8.16963762182738,"1597-2528",0.522659610756864,0.477340389243136
"bambu","TPM","B20K80","BK20802",0.663508535538174,3.18748136945916,10.941345882157,6.09156234168924,8.09259891597529,"191-575",0.393876108596816,0.606123891403184
"bambu","TPM","B20K80","BK20802",0.807824215056201,1.40712665713901,10.941345882157,6.09156234168924,8.61798746156121,"575-813",0.163277872405271,0.836722127594729
"bambu","TPM","B20K80","BK20802",0.423125435431349,3.15504746212587,10.941345882157,6.09156234168924,8.82151092424315,"813-1597",0.357653863291742,0.642346136708258
"bambu","TPM","B20K80","BK20803",0.65421060098477,4.11113221109013,10.941345882157,6.09156234168924,8.16963762182738,"1597-2528",0.503220877276874,0.496779122723126
"bambu","TPM","B20K80","BK20803",0.63953942587998,3.21905818426417,10.941345882157,6.09156234168924,8.09259891597529,"191-575",0.397778046050145,0.602221953949855
"bambu","TPM","B20K80","BK20803",0.807824215056201,1.34817459703224,10.941345882157,6.09156234168924,8.61798746156121,"575-813",0.156437289221584,0.843562710778416
"bambu","TPM","B20K80","BK20803",0.423125435431349,3.16027271281807,10.941345882157,6.09156234168924,8.82151092424315,"813-1597",0.358246193872872,0.641753806127128
"bambu","TPM","B20K80","BK20804",0.720785232726999,3.74079931558532,10.941345882157,6.09156234168924,8.16963762182738,"1597-2528",0.457890482876593,0.542109517123407
"bambu","TPM","B20K80","BK20804",0.63953942587998,3.23815000684251,10.941345882157,6.09156234168924,8.09259891597529,"191-575",0.400137216790789,0.599862783209211
"bambu","TPM","B20K80","BK20804",0.777388137879829,1.47306756802412,10.941345882157,6.09156234168924,8.61798746156121,"575-813",0.17092941647855,0.82907058352145
"bambu","TPM","B20K80","BK20804",0.473900487683111,3.1551063881042,10.941345882157,6.09156234168924,8.82151092424315,"813-1597",0.357660543097372,0.642339456902628
"bambu","TPM","B20K80","BK20805",0.581449617070366,4.38052008879928,10.941345882157,6.09156234168924,8.16963762182738,"1597-2528",0.536195152291156,0.463804847708844
"bambu","TPM","B20K80","BK20805",0.648255465755687,3.25159933635158,10.941345882157,6.09156234168924,8.09259891597529,"191-575",0.401799146369744,0.598200853630256
"bambu","TPM","B20K80","BK20805",0.79767885599741,1.40089971195608,10.941345882157,6.09156234168924,8.61798746156121,"575-813",0.162555320276863,0.837444679723137
"bambu","TPM","B20K80","BK20805",0.473900487683111,3.14749095355781,10.941345882157,6.09156234168924,8.82151092424315,"813-1597",0.356797263029843,0.643202736970157
"bambu","TPM","B80K20","BK80201",NA,3.64323473566745,9.58147305098662,9.58147305098662,9.58147305098662,"1597-2528",0.380237434920541,0.619762565079459
"bambu","TPM","B80K20","BK80201",NA,4.07684320443694,9.58147305098662,9.58147305098662,9.58147305098662,"191-575",0.425492320725897,0.574507679274103
"bambu","TPM","B80K20","BK80201",NA,1.28024876149949,9.58147305098662,9.58147305098662,9.58147305098662,"575-813",0.133617112388336,0.866382887611664
"bambu","TPM","B80K20","BK80201",NA,2.7900093665084,9.58147305098662,9.58147305098662,9.58147305098662,"813-1597",0.291187936516829,0.708812063483171
"bambu","TPM","B80K20","BK80202",NA,3.66335508157789,9.58147305098662,9.58147305098662,9.58147305098662,"1597-2528",0.38233735690575,0.61766264309425
"bambu","TPM","B80K20","BK80202",NA,4.07941609153562,9.58147305098662,9.58147305098662,9.58147305098662,"191-575",0.42576084802697,0.57423915197303
"bambu","TPM","B80K20","BK80202",NA,1.27617558567253,9.58147305098662,9.58147305098662,9.58147305098662,"575-813",0.133192002824776,0.866807997175224
"bambu","TPM","B80K20","BK80202",NA,2.79356955302218,9.58147305098662,9.58147305098662,9.58147305098662,"813-1597",0.291559506367815,0.708440493632185
"bambu","TPM","B80K20","BK80203",NA,3.54003689015591,9.58147305098662,9.58147305098662,9.58147305098662,"1597-2528",0.369466873341713,0.630533126658287
"bambu","TPM","B80K20","BK80203",NA,4.10958354369529,9.58147305098662,9.58147305098662,9.58147305098662,"191-575",0.42890936725769,0.57109063274231
"bambu","TPM","B80K20","BK80203",NA,1.20254508473683,9.58147305098662,9.58147305098662,9.58147305098662,"575-813",0.125507328396963,0.874492671603037
"bambu","TPM","B80K20","BK80203",NA,2.78026588195363,9.58147305098662,9.58147305098662,9.58147305098662,"813-1597",0.290171027686327,0.709828972313673
"bambu","TPM","B80K20","BK80204",NA,3.63350102623055,9.58147305098662,9.58147305098662,9.58147305098662,"1597-2528",0.379221546300378,0.620778453699622
"bambu","TPM","B80K20","BK80204",NA,4.06897036410496,9.58147305098662,9.58147305098662,9.58147305098662,"191-575",0.424670647451852,0.575329352548148
"bambu","TPM","B80K20","BK80204",NA,1.16088165046591,9.58147305098662,9.58147305098662,9.58147305098662,"575-813",0.12115899552067,0.87884100447933
"bambu","TPM","B80K20","BK80204",NA,2.79477476789433,9.58147305098662,9.58147305098662,9.58147305098662,"813-1597",0.291685292336813,0.708314707663187
"bambu","TPM","B80K20","BK80205",NA,3.66323909754539,9.58147305098662,9.58147305098662,9.58147305098662,"1597-2528",0.382325251874311,0.617674748125689
"bambu","TPM","B80K20","BK80205",NA,4.0675614838687,9.58147305098662,9.58147305098662,9.58147305098662,"191-575",0.424523605318689,0.575476394681312
"bambu","TPM","B80K20","BK80205",NA,1.34463972742055,9.58147305098662,9.58147305098662,9.58147305098662,"575-813",0.140337474234413,0.859662525765587
"bambu","TPM","B80K20","BK80205",NA,2.8092246670516,9.58147305098662,9.58147305098662,9.58147305098662,"813-1597",0.293193400649635,0.706806599350365
"bambu","TPM","Brain","B31",NA,3.57634657692373,9.58147305098662,9.58147305098662,9.58147305098662,"1597-2528",0.373256445840075,0.626743554159925
"bambu","TPM","Brain","B31",NA,4.08127275055272,9.58147305098662,9.58147305098662,9.58147305098662,"191-575",0.425954623974282,0.574045376025718
"bambu","TPM","Brain","B31",NA,1.18185427997048,9.58147305098662,9.58147305098662,9.58147305098662,"575-813",0.123347868713025,0.876652131286975
"bambu","TPM","Brain","B31",NA,2.70798701556796,9.58147305098662,9.58147305098662,9.58147305098662,"813-1597",0.282627420768993,0.717372579231007
"bambu","TPM","Brain","B32",NA,3.49884233227602,9.58147305098662,9.58147305098662,9.58147305098662,"1597-2528",0.365167476196756,0.634832523803244
"bambu","TPM","Brain","B32",NA,4.01139016029113,9.58147305098662,9.58147305098662,9.58147305098662,"191-575",0.418661111808697,0.581338888191303
"bambu","TPM","Brain","B32",NA,1.19263045198198,9.58147305098662,9.58147305098662,9.58147305098662,"575-813",0.124472557156457,0.875527442843543
"bambu","TPM","Brain","B32",NA,2.74592946468411,9.58147305098662,9.58147305098662,9.58147305098662,"813-1597",0.286587401547966,0.713412598452034
"bambu","TPM","Brain","B33",NA,3.50989569450909,9.58147305098662,9.58147305098662,9.58147305098662,"1597-2528",0.366321094452973,0.633678905547027
"bambu","TPM","Brain","B33",NA,4.07082838372314,9.58147305098662,9.58147305098662,9.58147305098662,"191-575",0.424864565402494,0.575135434597506
"bambu","TPM","Brain","B33",NA,1.18649250315559,9.58147305098662,9.58147305098662,9.58147305098662,"575-813",0.123831951187653,0.876168048812347
"bambu","TPM","Brain","B33",NA,2.71193746896804,9.58147305098662,9.58147305098662,9.58147305098662,"813-1597",0.283039722027793,0.716960277972207
"bambu","TPM","Brain","B34",NA,3.49874214495154,9.58147305098662,9.58147305098662,9.58147305098662,"1597-2528",0.365157019837494,0.634842980162506
"bambu","TPM","Brain","B34",NA,4.07202336364613,9.58147305098662,9.58147305098662,9.58147305098662,"191-575",0.424989283169442,0.575010716830558
"bambu","TPM","Brain","B34",NA,1.19334602202326,9.58147305098662,9.58147305098662,9.58147305098662,"575-813",0.124547239831811,0.875452760168189
"bambu","TPM","Brain","B34",NA,2.68291264232707,9.58147305098662,9.58147305098662,9.58147305098662,"813-1597",0.280010456435068,0.719989543564932
"bambu","TPM","Brain","B35",NA,3.48783222256389,9.58147305098662,9.58147305098662,9.58147305098662,"1597-2528",0.364018372123349,0.635981627876651
"bambu","TPM","Brain","B35",NA,4.05878341175994,9.58147305098662,9.58147305098662,9.58147305098662,"191-575",0.423607454737035,0.576392545262965
"bambu","TPM","Brain","B35",NA,1.21796637842711,9.58147305098662,9.58147305098662,9.58147305098662,"575-813",0.127116819297602,0.872883180702398
"bambu","TPM","Brain","B35",NA,2.73239521824887,9.58147305098662,9.58147305098662,9.58147305098662,"813-1597",0.285174858156858,0.714825141843142
"bambu","TPM","Kidney","K31",0.465680514678783,3.5496527215803,10.2745857333318,8.19538565416613,9.41842017762234,"1597-2528",0.376884090392791,0.623115909607209
"bambu","TPM","Kidney","K31",0.48591922307065,3.9363485067223,10.2745857333318,8.19538565416613,9.31196563930357,"191-575",0.422719397729295,0.577280602270705
"bambu","TPM","Kidney","K31",0.618866902586226,1.07588684694258,10.2745857333318,8.19538565416613,9.33688359577145,"575-813",0.115229759041853,0.884770240958147
"bambu","TPM","Kidney","K31",0.455673545849145,2.54676176207388,10.2745857333318,8.19538565416613,9.25533078303635,"813-1597",0.27516701690897,0.72483298309103
"bambu","TPM","Kidney","K32",0.483493430540813,3.57699616397823,10.2745857333318,8.19538565416613,9.41842017762234,"1597-2528",0.379787278176119,0.620212721823881
"bambu","TPM","Kidney","K32",0.48591922307065,3.93972573271551,10.2745857333318,8.19538565416613,9.31196563930357,"191-575",0.42308207368022,0.57691792631978
"bambu","TPM","Kidney","K32",0.644230300233202,1.1039576691466,10.2745857333318,8.19538565416613,9.33688359577145,"575-813",0.11823620352797,0.88176379647203
"bambu","TPM","Kidney","K32",0.428333133098196,2.52674408603287,10.2745857333318,8.19538565416613,9.25533078303635,"813-1597",0.273004190262331,0.726995809737669
"bambu","TPM","Kidney","K33",0.514029857732864,3.49897155242524,10.2745857333318,8.19538565416613,9.41842017762234,"1597-2528",0.371503021360059,0.628496978639941
"bambu","TPM","Kidney","K33",0.48591922307065,3.96199750734062,10.2745857333318,8.19538565416613,9.31196563930357,"191-575",0.42547381088027,0.57452618911973
"bambu","TPM","Kidney","K33",0.644230300233202,1.05993217197973,10.2745857333318,8.19538565416613,9.33688359577145,"575-813",0.113520979576072,0.886479020423928
"bambu","TPM","Kidney","K33",0.438748528431891,2.5651785594578,10.2745857333318,8.19538565416613,9.25533078303635,"813-1597",0.277156875274452,0.722843124725548
"bambu","TPM","Kidney","K34",0.575102712116967,3.44006515444331,10.2745857333318,8.19538565416613,9.41842017762234,"1597-2528",0.365248639322412,0.634751360677588
"bambu","TPM","Kidney","K34",0.50553031279099,3.86931734895904,10.2745857333318,8.19538565416613,9.31196563930357,"191-575",0.415521008005826,0.584478991994174
"bambu","TPM","Kidney","K34",0.617598732703877,1.17302682173439,10.2745857333318,8.19538565416613,9.33688359577145,"575-813",0.125633655994773,0.874366344005227
"bambu","TPM","Kidney","K34",0.400992720347248,2.47910950297075,10.2745857333318,8.19538565416613,9.25533078303635,"813-1597",0.267857471665366,0.732142528334634
"bambu","TPM","Kidney","K35",0.514029857732864,3.40201845190384,10.2745857333318,8.19538565416613,9.41842017762234,"1597-2528",0.361209033759914,0.638790966240086
"bambu","TPM","Kidney","K35",0.475024173226016,3.96757118466863,10.2745857333318,8.19538565416613,9.31196563930357,"191-575",0.426072360911907,0.573927639088093
"bambu","TPM","Kidney","K35",0.618866902586226,1.07796081489556,10.2745857333318,8.19538565416613,9.33688359577145,"575-813",0.115451885400366,0.884548114599634
"bambu","TPM","Kidney","K35",0.472598563266399,2.43587549371357,10.2745857333318,8.19538565416613,9.25533078303635,"813-1597",0.2631862167669,0.7368137832331
"bambu","cqn","B20K80","BK20801",0.700373615517031,2.66431332338427,10.941345882157,6.09156234168924,8.16963762182738,"1597-2528",0.326123807042046,0.673876192957954
"bambu","cqn","B20K80","BK20801",0.659760035154028,3.24988319746806,10.941345882157,6.09156234168924,8.09259891597529,"191-575",0.401587083607046,0.598412916392954
"bambu","cqn","B20K80","BK20801",0.798947025879759,1.68212557346953,10.941345882157,6.09156234168924,8.61798746156121,"575-813",0.195187748992709,0.804812251007291
"bambu","cqn","B20K80","BK20801",0.384067702929994,2.87333623194246,10.941345882157,6.09156234168924,8.82151092424315,"813-1597",0.325719285122234,0.674280714877766
"bambu","cqn","B20K80","BK20802",0.552389390744762,3.12214814554435,10.941345882157,6.09156234168924,8.16963762182738,"1597-2528",0.382164826650658,0.617835173349342
"bambu","cqn","B20K80","BK20802",0.587964219292254,3.32100296969419,10.941345882157,6.09156234168924,8.09259891597529,"191-575",0.410375332346983,0.589624667653017
"bambu","cqn","B20K80","BK20802",0.81923774399734,1.71769129691856,10.941345882157,6.09156234168924,8.61798746156121,"575-813",0.199314666513496,0.800685333486504
"bambu","cqn","B20K80","BK20802",0.456975470265857,2.86930941819966,10.941345882157,6.09156234168924,8.82151092424315,"813-1597",0.325262808473576,0.674737191526424
"bambu","cqn","B20K80","BK20803",0.641690216038372,3.04352560222725,10.941345882157,6.09156234168924,8.16963762182738,"1597-2528",0.372541077476393,0.627458922523606
"bambu","cqn","B20K80","BK20803",0.573822619198268,3.42313737248217,10.941345882157,6.09156234168924,8.09259891597529,"191-575",0.422996049603384,0.577003950396616
"bambu","cqn","B20K80","BK20803",0.809092384938549,1.63207296686464,10.941345882157,6.09156234168924,8.61798746156121,"575-813",0.189379826107217,0.810620173892783
"bambu","cqn","B20K80","BK20803",0.428333133098196,2.90581885157579,10.941345882157,6.09156234168924,8.82151092424315,"813-1597",0.329401491029168,0.670598508970832
"bambu","cqn","B20K80","BK20804",0.708027971970769,2.65290585597787,10.941345882157,6.09156234168924,8.16963762182738,"1597-2528",0.324727482267993,0.675272517732007
"bambu","cqn","B20K80","BK20804",0.587964219292254,3.37905949775777,10.941345882157,6.09156234168924,8.09259891597529,"191-575",0.417549359957442,0.582450640042558
"bambu","cqn","B20K80","BK20804",0.809092384938549,1.64326989897537,10.941345882157,6.09156234168924,8.61798746156121,"575-813",0.1906790774882,0.8093209225118
"bambu","cqn","B20K80","BK20804",0.384067702929994,2.88170214461917,10.941345882157,6.09156234168924,8.82151092424315,"813-1597",0.326667638839478,0.673332361160522
"bambu","cqn","B20K80","BK20805",0.530702047459171,3.05705853471023,10.941345882157,6.09156234168924,8.16963762182738,"1597-2528",0.374197568634192,0.625802431365808
"bambu","cqn","B20K80","BK20805",0.558593203712437,3.40330825003574,10.941345882157,6.09156234168924,8.09259891597529,"191-575",0.420545770941075,0.579454229058925
"bambu","cqn","B20K80","BK20805",0.820505913879689,1.65134286072352,10.941345882157,6.09156234168924,8.61798746156121,"575-813",0.191615834681705,0.808384165318295
"bambu","cqn","B20K80","BK20805",0.342406121595215,2.92478059261384,10.941345882157,6.09156234168924,8.82151092424315,"813-1597",0.331550980068052,0.668449019931948
"bambu","cqn","B80K20","BK80201",NA,2.59989252351142,9.58147305098662,9.58147305098662,9.58147305098662,"1597-2528",0.271345805564177,0.728654194435823
"bambu","cqn","B80K20","BK80201",NA,4.07765418834249,9.58147305098662,9.58147305098662,9.58147305098662,"191-575",0.425576961563609,0.574423038436392
"bambu","cqn","B80K20","BK80201",NA,1.32750401282508,9.58147305098662,9.58147305098662,9.58147305098662,"575-813",0.138549052505907,0.861450947494093
"bambu","cqn","B80K20","BK80201",NA,2.55649958790025,9.58147305098662,9.58147305098662,9.58147305098662,"813-1597",0.26681696794388,0.733183032056119
"bambu","cqn","B80K20","BK80202",NA,2.63493183403654,9.58147305098662,9.58147305098662,9.58147305098662,"1597-2528",0.275002791326039,0.724997208673961
"bambu","cqn","B80K20","BK80202",NA,3.9728198135661,9.58147305098662,9.58147305098662,9.58147305098662,"191-575",0.414635598558304,0.585364401441696
"bambu","cqn","B80K20","BK80202",NA,1.32995779110185,9.58147305098662,9.58147305098662,9.58147305098662,"575-813",0.138805148647253,0.861194851352747
"bambu","cqn","B80K20","BK80202",NA,2.54024412077317,9.58147305098662,9.58147305098662,9.58147305098662,"813-1597",0.265120415958546,0.734879584041454
"bambu","cqn","B80K20","BK80203",NA,2.57968815869178,9.58147305098662,9.58147305098662,9.58147305098662,"1597-2528",0.269237114686259,0.730762885313741
"bambu","cqn","B80K20","BK80203",NA,4.04454982233251,9.58147305098662,9.58147305098662,9.58147305098662,"191-575",0.422121922256623,0.577878077743377
"bambu","cqn","B80K20","BK80203",NA,1.24873195426743,9.58147305098662,9.58147305098662,9.58147305098662,"575-813",0.130327763551852,0.869672236448148
"bambu","cqn","B80K20","BK80203",NA,2.57880656049199,9.58147305098662,9.58147305098662,9.58147305098662,"813-1597",0.269145103969838,0.730854896030162
"bambu","cqn","B80K20","BK80204",NA,2.60024879325537,9.58147305098662,9.58147305098662,9.58147305098662,"1597-2528",0.271382988755327,0.728617011244673
"bambu","cqn","B80K20","BK80204",NA,4.03374065845273,9.58147305098662,9.58147305098662,9.58147305098662,"191-575",0.420993790515057,0.579006209484943
"bambu","cqn","B80K20","BK80204",NA,1.18071600751379,9.58147305098662,9.58147305098662,9.58147305098662,"575-813",0.123229069395776,0.876770930604224
"bambu","cqn","B80K20","BK80204",NA,2.56746911634104,9.58147305098662,9.58147305098662,9.58147305098662,"813-1597",0.267961836627685,0.732038163372315
"bambu","cqn","B80K20","BK80205",NA,2.60721297821786,9.58147305098662,9.58147305098662,9.58147305098662,"1597-2528",0.272109827407946,0.727890172592054
"bambu","cqn","B80K20","BK80205",NA,4.00089881428845,9.58147305098662,9.58147305098662,9.58147305098662,"191-575",0.417566150110548,0.582433849889452
"bambu","cqn","B80K20","BK80205",NA,1.49325276518071,9.58147305098662,9.58147305098662,9.58147305098662,"575-813",0.155847932487474,0.844152067512526
"bambu","cqn","B80K20","BK80205",NA,2.56729480441022,9.58147305098662,9.58147305098662,9.58147305098662,"813-1597",0.267943644025159,0.732056355974841
"bambu","cqn","Brain","B31",NA,2.59673742819208,9.58147305098662,9.58147305098662,9.58147305098662,"1597-2528",0.271016514305667,0.728983485694333
"bambu","cqn","Brain","B31",NA,3.7948621169585,9.58147305098662,9.58147305098662,9.58147305098662,"191-575",0.396062494437401,0.603937505562599
"bambu","cqn","Brain","B31",NA,1.19455625553774,9.58147305098662,9.58147305098662,9.58147305098662,"575-813",0.124673549586901,0.875326450413099
"bambu","cqn","Brain","B31",NA,2.50938996662252,9.58147305098662,9.58147305098662,9.58147305098662,"813-1597",0.261900226955616,0.738099773044384
"bambu","cqn","Brain","B32",NA,2.57672226596071,9.58147305098662,9.58147305098662,9.58147305098662,"1597-2528",0.268927570139686,0.731072429860314
"bambu","cqn","Brain","B32",NA,3.63799351275905,9.58147305098662,9.58147305098662,9.58147305098662,"191-575",0.379690418519148,0.620309581480852
"bambu","cqn","Brain","B32",NA,1.19823722911297,9.58147305098662,9.58147305098662,9.58147305098662,"575-813",0.125057725752261,0.874942274247739
"bambu","cqn","Brain","B32",NA,2.51831692871492,9.58147305098662,9.58147305098662,9.58147305098662,"813-1597",0.262831916899834,0.737168083100166
"bambu","cqn","Brain","B33",NA,2.58709676567484,9.58147305098662,9.58147305098662,9.58147305098662,"1597-2528",0.270010336814384,0.729989663185616
"bambu","cqn","Brain","B33",NA,3.70623573175259,9.58147305098662,9.58147305098662,9.58147305098662,"191-575",0.386812728275737,0.613187271724263
"bambu","cqn","Brain","B33",NA,1.19851499527518,9.58147305098662,9.58147305098662,9.58147305098662,"575-813",0.125086715674869,0.874913284325131
"bambu","cqn","Brain","B33",NA,2.51369411935261,9.58147305098662,9.58147305098662,9.58147305098662,"813-1597",0.262349443136384,0.737650556863616
"bambu","cqn","Brain","B34",NA,2.58258242970239,9.58147305098662,9.58147305098662,9.58147305098662,"1597-2528",0.269539184210977,0.730460815789023
"bambu","cqn","Brain","B34",NA,3.74474427968043,9.58147305098662,9.58147305098662,9.58147305098662,"191-575",0.390831791703972,0.609168208296028
"bambu","cqn","Brain","B34",NA,1.20328656814363,9.58147305098662,9.58147305098662,9.58147305098662,"575-813",0.125584715600669,0.874415284399331
"bambu","cqn","Brain","B34",NA,2.49525227170694,9.58147305098662,9.58147305098662,9.58147305098662,"813-1597",0.260424702801831,0.739575297198169
"bambu","cqn","Brain","B35",NA,2.56619495766213,9.58147305098662,9.58147305098662,9.58147305098662,"1597-2528",0.267828855125558,0.732171144874442
"bambu","cqn","Brain","B35",NA,3.68272704334078,9.58147305098662,9.58147305098662,9.58147305098662,"191-575",0.384359171470149,0.615640828529851
"bambu","cqn","Brain","B35",NA,1.22296725902766,9.58147305098662,9.58147305098662,9.58147305098662,"575-813",0.127638751632425,0.872361248367575
"bambu","cqn","Brain","B35",NA,2.53615432930288,9.58147305098662,9.58147305098662,9.58147305098662,"813-1597",0.264693572252101,0.735306427747899
"bambu","cqn","Kidney","K31",0.371526530836624,2.51912984351315,10.2745857333318,8.19538565416613,9.41842017762234,"1597-2528",0.267468407228047,0.732531592771953
"bambu","cqn","Kidney","K31",0.416089387380735,3.70207748369557,10.2745857333318,8.19538565416613,9.31196563930357,"191-575",0.397561334211758,0.602438665788242
"bambu","cqn","Kidney","K31",0.528826840939459,1.0403324427512,10.2745857333318,8.19538565416613,9.33688359577145,"575-813",0.111421807081578,0.888578192918422
"bambu","cqn","Kidney","K31",0.481712034183382,2.20873613268911,10.2745857333318,8.19538565416613,9.25533078303635,"813-1597",0.2386447534363,0.7613552465637
"bambu","cqn","Kidney","K32",0.473314621476795,2.527012308861,10.2745857333318,8.19538565416613,9.41842017762234,"1597-2528",0.268305327348322,0.731694672651678
"bambu","cqn","Kidney","K32",0.434582249042101,3.57331864374631,10.2745857333318,8.19538565416613,9.31196563930357,"191-575",0.383734088178353,0.616265911821647
"bambu","cqn","Kidney","K32",0.58208997599811,1.00189629622285,10.2745857333318,8.19538565416613,9.33688359577145,"575-813",0.107305214416145,0.892694785583855
"bambu","cqn","Kidney","K32",0.510354371351042,2.1739723833543,10.2745857333318,8.19538565416613,9.25533078303635,"813-1597",0.234888674896296,0.765111325103704
"bambu","cqn","Kidney","K33",0.526753369062885,2.49817299274975,10.2745857333318,8.19538565416613,9.41842017762234,"1597-2528",0.265243315294562,0.734756684705438
"bambu","cqn","Kidney","K33",0.397596525719369,3.57044909195449,10.2745857333318,8.19538565416613,9.31196563930357,"191-575",0.383425930706239,0.616574069293761
"bambu","cqn","Kidney","K33",0.608721543527435,0.980921531858544,10.2745857333318,8.19538565416613,9.33688359577145,"575-813",0.105058772747557,0.894941227252443
"bambu","cqn","Kidney","K33",0.437446604015179,2.20201624284468,10.2745857333318,8.19538565416613,9.25533078303635,"813-1597",0.237918697285315,0.762081302714686
"bambu","cqn","Kidney","K34",0.489855186205823,2.476145641606,10.2745857333318,8.19538565416613,9.41842017762234,"1597-2528",0.262904563069843,0.737095436930157
"bambu","cqn","Kidney","K34",0.454162926095312,3.48601690038012,10.2745857333318,8.19538565416613,9.31196563930357,"191-575",0.374358866367212,0.625641133632788
"bambu","cqn","Kidney","K34",0.493318084233692,1.06211112183505,10.2745857333318,8.19538565416613,9.33688359577145,"575-813",0.11375434971858,0.88624565028142
"bambu","cqn","Kidney","K34",0.437446604015179,2.18764000666036,10.2745857333318,8.19538565416613,9.25533078303635,"813-1597",0.236365404753548,0.763634595246452
"bambu","cqn","Kidney","K35",0.416058820491699,2.49184603103717,10.2745857333318,8.19538565416613,9.41842017762234,"1597-2528",0.264571550646856,0.735428449353144
"bambu","cqn","Kidney","K35",0.453075110703467,3.63833164862896,10.2745857333318,8.19538565416613,9.31196563930357,"191-575",0.390715751062529,0.609284248937471
"bambu","cqn","Kidney","K35",0.516145142115971,1.07799505143937,10.2745857333318,8.19538565416613,9.33688359577145,"575-813",0.115455552206689,0.884544447793311
"bambu","cqn","Kidney","K35",0.469994714432975,2.18592287617082,10.2745857333318,8.19538565416613,9.25533078303635,"813-1597",0.236179875945362,0.763820124054638
"bambu","ratio_counts","B20K80","BK20801",0.695768873839378,2.62101792981951,10.9180949312313,6.06836418053216,8.21407479297787,"1597-2528",0.319088636989304,0.680911363010696
"bambu","ratio_counts","B20K80","BK20801",0.812770718409652,3.29156228386748,10.9180949312313,6.06836418053216,8.18120735854307,"191-575",0.402332093493551,0.597667906506449
"bambu","ratio_counts","B20K80","BK20801",0.956200091291013,1.19577264365437,10.9180949312313,6.06836418053216,8.6455040813761,"575-813",0.138311500682796,0.861688499317204
"bambu","ratio_counts","B20K80","BK20801",0.609300627021142,2.85131414702303,10.9180949312313,6.06836418053216,8.89977005200642,"813-1597",0.320380653697925,0.679619346302075
"bambu","ratio_counts","B20K80","BK20802",0.551292277085846,3.49531122737677,10.9180949312313,6.06836418053216,8.21407479297787,"1597-2528",0.425527075838764,0.574472924161236
"bambu","ratio_counts","B20K80","BK20802",0.823665768254285,3.26514282364153,10.9180949312313,6.06836418053216,8.18120735854307,"191-575",0.399102807268656,0.600897192731344
"bambu","ratio_counts","B20K80","BK20802",0.956200091291013,1.25614506093256,10.9180949312313,6.06836418053216,8.6455040813761,"575-813",0.145294600419947,0.854705399580053
"bambu","ratio_counts","B20K80","BK20802",0.609300627021142,2.89039958939634,10.9180949312313,6.06836418053216,8.89977005200642,"813-1597",0.324772389905142,0.675227610094858
"bambu","ratio_counts","B20K80","BK20803",0.618206471017246,3.3149161626957,10.9180949312313,6.06836418053216,8.21407479297787,"1597-2528",0.403565373610865,0.596434626389135
"bambu","ratio_counts","B20K80","BK20803",0.823665768254285,3.2732811680952,10.9180949312313,6.06836418053216,8.18120735854307,"191-575",0.400097568078034,0.599902431921966
"bambu","ratio_counts","B20K80","BK20803",0.966345450349803,1.14247854269655,10.9180949312313,6.06836418053216,8.6455040813761,"575-813",0.132147128951988,0.867852871048012
"bambu","ratio_counts","B20K80","BK20803",0.609300627021142,2.88728584574642,10.9180949312313,6.06836418053216,8.89977005200642,"813-1597",0.324422522028588,0.675577477971412
"bambu","ratio_counts","B20K80","BK20804",0.702105566679445,2.63475602957195,10.9180949312313,6.06836418053216,8.21407479297787,"1597-2528",0.320761144252591,0.679238855747409
"bambu","ratio_counts","B20K80","BK20804",0.823665768254285,3.23504923725686,10.9180949312313,6.06836418053216,8.18120735854307,"191-575",0.395424427652321,0.604575572347679
"bambu","ratio_counts","B20K80","BK20804",0.946054732232222,1.11002031045116,10.9180949312313,6.06836418053216,8.6455040813761,"575-813",0.128392780802953,0.871607219197047
"bambu","ratio_counts","B20K80","BK20804",0.609300627021142,2.8191405511118,10.9180949312313,6.06836418053216,8.89977005200642,"813-1597",0.316765549518466,0.683234450481534
"bambu","ratio_counts","B20K80","BK20805",0.594112270095548,3.69719946557075,10.9180949312313,6.06836418053216,8.21407479297787,"1597-2528",0.450105405508537,0.549894594491463
"bambu","ratio_counts","B20K80","BK20805",0.823665768254285,3.23864680090904,10.9180949312313,6.06836418053216,8.18120735854307,"191-575",0.395864162705416,0.604135837294584
"bambu","ratio_counts","B20K80","BK20805",0.956200091291013,1.02042764998171,10.9180949312313,6.06836418053216,8.6455040813761,"575-813",0.118029861576249,0.881970138423751
"bambu","ratio_counts","B20K80","BK20805",0.609300627021142,2.80265333804288,10.9180949312313,6.06836418053216,8.89977005200642,"813-1597",0.314913005804125,0.685086994195875
"bambu","ratio_counts","B80K20","BK80201",0.679366220486757,2.31023432112862,9.7768967577031,9.4892565973559,9.55693663508465,"1597-2528",0.241733769861723,0.758266230138277
"bambu","ratio_counts","B80K20","BK80201",0.605305924940703,3.91513136958153,9.7768967577031,9.4892565973559,9.60111665971314,"191-575",0.407778752028882,0.592221247971118
"bambu","ratio_counts","B80K20","BK80201",0.661437827766148,0.169039575425564,9.7768967577031,9.4892565973559,9.54001662565246,"575-813",0.0177190021840243,0.982280997815976
"bambu","ratio_counts","B80K20","BK80201",0.82915619758885,2.30737223539762,9.7768967577031,9.4892565973559,9.59077665394903,"813-1597",0.240582417738563,0.759417582261437
"bambu","ratio_counts","B80K20","BK80202",0.594445442925913,2.30771915941554,9.7768967577031,9.4892565973559,9.55693663508465,"1597-2528",0.241470593301166,0.758529406698834
"bambu","ratio_counts","B80K20","BK80202",0.627317049484001,3.91547590387314,9.7768967577031,9.4892565973559,9.60111665971314,"191-575",0.407814636843515,0.592185363156485
"bambu","ratio_counts","B80K20","BK80202",0.598443748931276,0.159441083227753,9.7768967577031,9.4892565973559,9.54001662565246,"575-813",0.0167128726798051,0.983287127320195
"bambu","ratio_counts","B80K20","BK80202",0.82915619758885,2.30601572275319,9.7768967577031,9.4892565973559,9.59077665394903,"813-1597",0.240440978448151,0.759559021551849
"bambu","ratio_counts","B80K20","BK80203",0.594445442925913,2.31095252387174,9.7768967577031,9.4892565973559,9.55693663508465,"1597-2528",0.241808919752377,0.758191080247623
"bambu","ratio_counts","B80K20","BK80203",0.571401738127088,3.8857758616841,9.7768967577031,9.4892565973559,9.60111665971314,"191-575",0.404721242268521,0.595278757731479
"bambu","ratio_counts","B80K20","BK80203",0.661437827766148,0.144893598688504,9.7768967577031,9.4892565973559,9.54001662565246,"575-813",0.0151879817797062,0.984812018220294
"bambu","ratio_counts","B80K20","BK80203",0.703526470681448,2.30644477193771,9.7768967577031,9.4892565973559,9.59077665394903,"813-1597",0.240485714051951,0.759514285948049
"bambu","ratio_counts","B80K20","BK80204",0.594445442925913,2.30843814668109,9.7768967577031,9.4892565973559,9.55693663508465,"1597-2528",0.24154582528114,0.75845417471886
"bambu","ratio_counts","B80K20","BK80204",0.627317049484001,3.91532002182943,9.7768967577031,9.4892565973559,9.60111665971314,"191-575",0.40779840101916,0.59220159898084
"bambu","ratio_counts","B80K20","BK80204",0.598443748931276,0.161765059628941,9.7768967577031,9.4892565973559,9.54001662565246,"575-813",0.0169564756516215,0.983043524348378
"bambu","ratio_counts","B80K20","BK80204",0.82915619758885,2.30690078744693,9.7768967577031,9.4892565973559,9.59077665394903,"813-1597",0.240533261349284,0.759466738650716
"bambu","ratio_counts","B80K20","BK80205",0.594445442925913,2.30839910551965,9.7768967577031,9.4892565973559,9.55693663508465,"1597-2528",0.241541740168627,0.758458259831373
"bambu","ratio_counts","B80K20","BK80205",0.615355717983018,3.87023249127984,9.7768967577031,9.4892565973559,9.60111665971314,"191-575",0.403102329494606,0.596897670505394
"bambu","ratio_counts","B80K20","BK80205",0.598443748931276,0.171127571291298,9.7768967577031,9.4892565973559,9.54001662565246,"575-813",0.0179378692937649,0.982062130706235
"bambu","ratio_counts","B80K20","BK80205",0.753778361444409,2.30578717884479,9.7768967577031,9.4892565973559,9.59077665394903,"813-1597",0.240417148896422,0.759582851103578
"bambu","ratio_counts","Brain","B31",0.679366220486757,2.31343012116723,9.7768967577031,9.4892565973559,9.55693663508465,"1597-2528",0.242068165721048,0.757931834278952
"bambu","ratio_counts","Brain","B31",0.593378728055053,3.85695261246335,9.7768967577031,9.4892565973559,9.60111665971314,"191-575",0.401719169671935,0.598280830328065
"bambu","ratio_counts","Brain","B31",0.598443748931276,0.140187327463932,9.7768967577031,9.4892565973559,9.54001662565246,"575-813",0.0146946628045676,0.985305337195432
"bambu","ratio_counts","Brain","B31",0.82915619758885,2.31188349889388,9.7768967577031,9.4892565973559,9.59077665394903,"813-1597",0.241052792939553,0.758947207060447
"bambu","ratio_counts","Brain","B32",0.679366220486757,2.3101179572949,9.7768967577031,9.4892565973559,9.55693663508465,"1597-2528",0.241721594011013,0.758278405988987
"bambu","ratio_counts","Brain","B32",0.495250302224211,3.96140702888328,9.7768967577031,9.4892565973559,9.60111665971314,"191-575",0.41259857257079,0.58740142742921
"bambu","ratio_counts","Brain","B32",0.535449670096405,0.190245271470315,9.7768967577031,9.4892565973559,9.54001662565246,"575-813",0.0199418176021579,0.980058182397842
"bambu","ratio_counts","Brain","B32",0.82915619758885,2.30559578541323,9.7768967577031,9.4892565973559,9.59077665394903,"813-1597",0.240397192907614,0.759602807092386
"bambu","ratio_counts","Brain","B33",0.679366220486757,2.3096542857996,9.7768967577031,9.4892565973559,9.55693663508465,"1597-2528",0.241673077262078,0.758326922737922
"bambu","ratio_counts","Brain","B33",0.627317049484001,3.91420968056801,9.7768967577031,9.4892565973559,9.60111665971314,"191-575",0.407682753923017,0.592317246076983
"bambu","ratio_counts","Brain","B33",0.598443748931276,0.122267639892521,9.7768967577031,9.4892565973559,9.54001662565246,"575-813",0.0128162921187948,0.987183707881205
"bambu","ratio_counts","Brain","B33",0.82915619758885,2.30970393509313,9.7768967577031,9.4892565973559,9.59077665394903,"813-1597",0.240825536703756,0.759174463296244
"bambu","ratio_counts","Brain","B34",0.679366220486757,2.31132538289816,9.7768967577031,9.4892565973559,9.55693663508465,"1597-2528",0.241847934244223,0.758152065755777
"bambu","ratio_counts","Brain","B34",0.615355717983018,3.8558903283727,9.7768967577031,9.4892565973559,9.60111665971314,"191-575",0.401608527948863,0.598391472051137
"bambu","ratio_counts","Brain","B34",0.566946709513841,0.154636126421488,9.7768967577031,9.4892565973559,9.54001662565246,"575-813",0.0162092093220972,0.983790790677903
"bambu","ratio_counts","Brain","B34",0.778904306825889,2.31556047935144,9.7768967577031,9.4892565973559,9.59077665394903,"813-1597",0.241436180082247,0.758563819917753
"bambu","ratio_counts","Brain","B35",0.679366220486757,2.30661366072319,9.7768967577031,9.4892565973559,9.55693663508465,"1597-2528",0.241354918296239,0.758645081703761
"bambu","ratio_counts","Brain","B35",0.593378728055053,3.87877640181125,9.7768967577031,9.4892565973559,9.60111665971314,"191-575",0.403992216664424,0.596007783335576
"bambu","ratio_counts","Brain","B35",0.629940788348712,0.126086189769658,9.7768967577031,9.4892565973559,9.54001662565246,"575-813",0.0132165587039566,0.986783441296043
"bambu","ratio_counts","Brain","B35",0.82915619758885,2.308615237909,9.7768967577031,9.4892565973559,9.59077665394903,"813-1597",0.240712021685796,0.759287978314204
"bambu","ratio_counts","Kidney","K31",0.793947106993334,2.32724456339213,10.2274130787615,8.14822466148066,9.4389271292331,"1597-2528",0.246558166148404,0.753441833851596
"bambu","ratio_counts","Kidney","K31",0.673314080398344,3.77156237690849,10.2274130787615,8.14822466148066,9.37665041323118,"191-575",0.402229176805666,0.597770823194334
"bambu","ratio_counts","Kidney","K31",0.910545975526455,0.337876403827591,10.2274130787615,8.14822466148066,9.34047204236471,"575-813",0.03617337563831,0.96382662436169
"bambu","ratio_counts","Kidney","K31",0.828023929028732,1.99019574666632,10.2274130787615,8.14822466148066,9.3096759207744,"813-1597",0.213777124316994,0.786222875683006
"bambu","ratio_counts","Kidney","K32",0.824483534185386,2.32883472082539,10.2274130787615,8.14822466148066,9.4389271292331,"1597-2528",0.2467266341757,0.7532733658243
"bambu","ratio_counts","Kidney","K32",0.673314080398344,3.77200735584643,10.2274130787615,8.14822466148066,9.37665041323118,"191-575",0.402276632871354,0.597723367128646
"bambu","ratio_counts","Kidney","K32",0.939713882820478,0.334369377019944,10.2274130787615,8.14822466148066,9.34047204236471,"575-813",0.0357979099453835,0.964202090054616
"bambu","ratio_counts","Kidney","K32",0.839741248779139,1.98993741234263,10.2274130787615,8.14822466148066,9.3096759207744,"813-1597",0.2137493753034,0.7862506246966
"bambu","ratio_counts","Kidney","K33",0.783768297929317,2.32882145089458,10.2274130787615,8.14822466148066,9.4389271292331,"1597-2528",0.246725228302911,0.753274771697089
"bambu","ratio_counts","Kidney","K33",0.65261348569354,3.77793235281805,10.2274130787615,8.14822466148066,9.37665041323118,"191-575",0.40290852130811,0.59709147869189
"bambu","ratio_counts","Kidney","K33",0.861087350114851,0.382702247843725,10.2274130787615,8.14822466148066,9.34047204236471,"575-813",0.0409724739935988,0.959027526006401
"bambu","ratio_counts","Kidney","K33",0.772041179110123,1.9916793116676,10.2274130787615,8.14822466148066,9.3096759207744,"813-1597",0.213936481636616,0.786063518363384
"bambu","ratio_counts","Kidney","K34",0.824483534185386,2.33521709831191,10.2274130787615,8.14822466148066,9.4389271292331,"1597-2528",0.247402810334191,0.752597189665809
"bambu","ratio_counts","Kidney","K34",0.658061010615857,3.79117861978583,10.2274130787615,8.14822466148066,9.37665041323118,"191-575",0.404321207756256,0.595678792243744
"bambu","ratio_counts","Kidney","K34",0.946054732232222,0.254784024190059,10.2274130787615,8.14822466148066,9.34047204236471,"575-813",0.0272774248490289,0.972722575150971
"bambu","ratio_counts","Kidney","K34",0.77724887677697,1.9896258467806,10.2274130787615,8.14822466148066,9.3096759207744,"813-1597",0.213715908449701,0.786284091550299
"bambu","ratio_counts","Kidney","K35",0.783768297929317,2.33280852217497,10.2274130787615,8.14822466148066,9.4389271292331,"1597-2528",0.247147635555961,0.752852364444039
"bambu","ratio_counts","Kidney","K35",0.65261348569354,3.78395198812047,10.2274130787615,8.14822466148066,9.37665041323118,"191-575",0.403550502723341,0.596449497276659
"bambu","ratio_counts","Kidney","K35",0.901668786350013,0.349264537408965,10.2274130787615,8.14822466148066,9.34047204236471,"575-813",0.0373926002695409,0.962607399730459
"bambu","ratio_counts","Kidney","K35",0.811098911611478,1.99098665908875,10.2274130787615,8.14822466148066,9.3096759207744,"813-1597",0.213862080273481,0.786137919726519
"flair","CPM","B20K80","BK20801",0.498476565238152,3.27989136477535,10.941345882157,6.09156234168924,8.16963762182738,"1597-2528",0.401473298645737,0.598526701354263
"flair","CPM","B20K80","BK20801",0.718674853482147,1.42177387813371,10.941345882157,6.09156234168924,8.09259891597529,"191-575",0.175688168028078,0.824311831971922
"flair","CPM","B20K80","BK20801",0.779133864573562,1.29701429684492,10.941345882157,6.09156234168924,8.61798746156121,"575-813",0.150500833591367,0.849499166408633
"flair","CPM","B20K80","BK20801",0.540298632935415,1.50162006487403,10.941345882157,6.09156234168924,8.82151092424315,"813-1597",0.170222547789098,0.829777452210902
"flair","CPM","B20K80","BK20802",0.498476565238152,3.34201856907261,10.941345882157,6.09156234168924,8.16963762182738,"1597-2528",0.409077944919309,0.590922055080691
"flair","CPM","B20K80","BK20802",0.733896408623977,1.40160451558714,10.941345882157,6.09156234168924,8.09259891597529,"191-575",0.17319584599952,0.82680415400048
"flair","CPM","B20K80","BK20802",0.758365589644596,1.36112701184692,10.941345882157,6.09156234168924,8.61798746156121,"575-813",0.15794024044685,0.84205975955315
"flair","CPM","B20K80","BK20802",0.62882949327182,1.53523139318313,10.941345882157,6.09156234168924,8.82151092424315,"813-1597",0.174032703282612,0.825967296717388
"flair","CPM","B20K80","BK20803",0.498476565238152,3.32099348887503,10.941345882157,6.09156234168924,8.16963762182738,"1597-2528",0.406504381541,0.593495618459
"flair","CPM","B20K80","BK20803",0.748030709827106,1.38270280144516,10.941345882157,6.09156234168924,8.09259891597529,"191-575",0.170860166900848,0.829139833099152
"flair","CPM","B20K80","BK20803",0.778656307762178,1.31007601426226,10.941345882157,6.09156234168924,8.61798746156121,"575-813",0.152016467894109,0.847983532105891
"flair","CPM","B20K80","BK20803",0.605394853771007,1.57564015076087,10.941345882157,6.09156234168924,8.82151092424315,"813-1597",0.178613410366099,0.821386589633901
"flair","CPM","B20K80","BK20804",0.498476565238152,3.30512644172596,10.941345882157,6.09156234168924,8.16963762182738,"1597-2528",0.404562184361204,0.595437815638796
"flair","CPM","B20K80","BK20804",0.704540552279018,1.52341607946165,10.941345882157,6.09156234168924,8.09259891597529,"191-575",0.188248064098955,0.811751935901045
"flair","CPM","B20K80","BK20804",0.778656307762178,1.30870481448772,10.941345882157,6.09156234168924,8.61798746156121,"575-813",0.151857358846823,0.848142641153177
"flair","CPM","B20K80","BK20804",0.532162304033119,1.55645265492431,10.941345882157,6.09156234168924,8.82151092424315,"813-1597",0.176438329929048,0.823561670070952
"flair","CPM","B20K80","BK20805",0.498476565238152,3.30492608385089,10.941345882157,6.09156234168924,8.16963762182738,"1597-2528",0.404537659665699,0.595462340334301
"flair","CPM","B20K80","BK20805",0.728460138930466,1.41793137318364,10.941345882157,6.09156234168924,8.09259891597529,"191-575",0.175213350853773,0.824786649146227
"flair","CPM","B20K80","BK20805",0.778656307762178,1.33883728600578,10.941345882157,6.09156234168924,8.61798746156121,"575-813",0.155353821524735,0.844646178475265
"flair","CPM","B20K80","BK20805",0.563733272436228,1.53885629908258,10.941345882157,6.09156234168924,8.82151092424315,"813-1597",0.174443619953303,0.825556380046697
"flair","CPM","B80K20","BK80201",NA,2.92651895773611,9.58147305098662,9.58147305098662,9.58147305098662,"1597-2528",0.30543518122558,0.69456481877442
"flair","CPM","B80K20","BK80201",NA,1.66831819792614,9.58147305098662,9.58147305098662,9.58147305098662,"191-575",0.174119176565899,0.825880823434101
"flair","CPM","B80K20","BK80201",NA,1.11137552842613,9.58147305098662,9.58147305098662,9.58147305098662,"575-813",0.115992136335622,0.884007863664378
"flair","CPM","B80K20","BK80201",NA,1.2662140395293,9.58147305098662,9.58147305098662,9.58147305098662,"813-1597",0.132152335323733,0.867847664676267
"flair","CPM","B80K20","BK80202",NA,2.91472905083406,9.58147305098662,9.58147305098662,9.58147305098662,"1597-2528",0.304204691212268,0.695795308787732
"flair","CPM","B80K20","BK80202",NA,1.69562108997709,9.58147305098662,9.58147305098662,9.58147305098662,"191-575",0.176968727141856,0.823031272858144
"flair","CPM","B80K20","BK80202",NA,1.13155159231536,9.58147305098662,9.58147305098662,9.58147305098662,"575-813",0.118097873499612,0.881902126500388
"flair","CPM","B80K20","BK80202",NA,1.27021017990663,9.58147305098662,9.58147305098662,9.58147305098662,"813-1597",0.132569404844888,0.867430595155112
"flair","CPM","B80K20","BK80203",NA,2.91131104586795,9.58147305098662,9.58147305098662,9.58147305098662,"1597-2528",0.303847960577227,0.696152039422773
"flair","CPM","B80K20","BK80203",NA,1.63287051693455,9.58147305098662,9.58147305098662,9.58147305098662,"191-575",0.170419569960217,0.829580430039783
"flair","CPM","B80K20","BK80203",NA,1.14211578192911,9.58147305098662,9.58147305098662,9.58147305098662,"575-813",0.119200437746001,0.880799562253999
"flair","CPM","B80K20","BK80203",NA,1.30324084248408,9.58147305098662,9.58147305098662,9.58147305098662,"813-1597",0.136016751865714,0.863983248134286
"flair","CPM","B80K20","BK80204",NA,2.9495441792006,9.58147305098662,9.58147305098662,9.58147305098662,"1597-2528",0.307838279511403,0.692161720488597
"flair","CPM","B80K20","BK80204",NA,1.57545304150051,9.58147305098662,9.58147305098662,9.58147305098662,"191-575",0.164427017966542,0.835572982033458
"flair","CPM","B80K20","BK80204",NA,1.07003537532877,9.58147305098662,9.58147305098662,9.58147305098662,"575-813",0.111677543696539,0.888322456303461
"flair","CPM","B80K20","BK80204",NA,1.3120784670088,9.58147305098662,9.58147305098662,9.58147305098662,"813-1597",0.136939117819017,0.863060882180983
"flair","CPM","B80K20","BK80205",NA,2.9168301988036,9.58147305098662,9.58147305098662,9.58147305098662,"1597-2528",0.304423984003508,0.695576015996492
"flair","CPM","B80K20","BK80205",NA,1.62113027994998,9.58147305098662,9.58147305098662,9.58147305098662,"191-575",0.169194263901107,0.830805736098893
"flair","CPM","B80K20","BK80205",NA,1.16967635153232,9.58147305098662,9.58147305098662,9.58147305098662,"575-813",0.1220768816348,0.8779231183652
"flair","CPM","B80K20","BK80205",NA,1.27480906262457,9.58147305098662,9.58147305098662,9.58147305098662,"813-1597",0.13304938143027,0.86695061856973
"flair","CPM","Brain","B31",NA,2.95482826040421,9.58147305098662,9.58147305098662,9.58147305098662,"1597-2528",0.308389768951022,0.691610231048978
"flair","CPM","Brain","B31",NA,1.45781889001198,9.58147305098662,9.58147305098662,9.58147305098662,"191-575",0.152149766769094,0.847850233230906
"flair","CPM","Brain","B31",NA,1.02360244250962,9.58147305098662,9.58147305098662,9.58147305098662,"575-813",0.106831427387276,0.893168572612724
"flair","CPM","Brain","B31",NA,1.16632021979338,9.58147305098662,9.58147305098662,9.58147305098662,"813-1597",0.121726608590032,0.878273391409968
"flair","CPM","Brain","B32",NA,2.82460440097025,9.58147305098662,9.58147305098662,9.58147305098662,"1597-2528",0.294798554036469,0.705201445963531
"flair","CPM","Brain","B32",NA,1.45606069323626,9.58147305098662,9.58147305098662,9.58147305098662,"191-575",0.151966267137423,0.848033732862577
"flair","CPM","Brain","B32",NA,1.10549232517127,9.58147305098662,9.58147305098662,9.58147305098662,"575-813",0.115378117674446,0.884621882325554
"flair","CPM","Brain","B32",NA,1.19045604304158,9.58147305098662,9.58147305098662,9.58147305098662,"813-1597",0.124245618257936,0.875754381742064
"flair","CPM","Brain","B33",NA,2.81532400375164,9.58147305098662,9.58147305098662,9.58147305098662,"1597-2528",0.293829976744728,0.706170023255272
"flair","CPM","Brain","B33",NA,1.48151250415847,9.58147305098662,9.58147305098662,9.58147305098662,"191-575",0.154622623919598,0.845377376080402
"flair","CPM","Brain","B33",NA,1.03983213263184,9.58147305098662,9.58147305098662,9.58147305098662,"575-813",0.108525289075959,0.891474710924041
"flair","CPM","Brain","B33",NA,1.15542521646586,9.58147305098662,9.58147305098662,9.58147305098662,"813-1597",0.120589517949632,0.879410482050368
"flair","CPM","Brain","B34",NA,2.85432351048147,9.58147305098662,9.58147305098662,9.58147305098662,"1597-2528",0.297900280603258,0.702099719396742
"flair","CPM","Brain","B34",NA,1.47474340302971,9.58147305098662,9.58147305098662,9.58147305098662,"191-575",0.153916145793245,0.846083854206755
"flair","CPM","Brain","B34",NA,1.03407010937445,9.58147305098662,9.58147305098662,9.58147305098662,"575-813",0.107923917739138,0.892076082260862
"flair","CPM","Brain","B34",NA,1.13466820396651,9.58147305098662,9.58147305098662,9.58147305098662,"813-1597",0.118423148291345,0.881576851708655
"flair","CPM","Brain","B35",NA,2.8183621387307,9.58147305098662,9.58147305098662,9.58147305098662,"1597-2528",0.294147061076427,0.705852938923573
"flair","CPM","Brain","B35",NA,1.62721298716931,9.58147305098662,9.58147305098662,9.58147305098662,"191-575",0.169829104409133,0.830170895590867
"flair","CPM","Brain","B35",NA,1.11125433260323,9.58147305098662,9.58147305098662,9.58147305098662,"575-813",0.115979487359598,0.884020512640402
"flair","CPM","Brain","B35",NA,1.14371171791155,9.58147305098662,9.58147305098662,9.58147305098662,"813-1597",0.119367002529301,0.880632997470699
"flair","CPM","Kidney","K31",0.592642702647449,2.86147295377127,10.2745857333318,8.19538565416613,9.41842017762234,"1597-2528",0.303816659249285,0.696183340750715
"flair","CPM","Kidney","K31",0.56645930206384,1.53477721606377,10.2745857333318,8.19538565416613,9.31196563930357,"191-575",0.164817749067484,0.835182250932516
"flair","CPM","Kidney","K31",0.552922068704087,1.05008232739021,10.2745857333318,8.19538565416613,9.33688359577145,"575-813",0.112466040367664,0.887533959632336
"flair","CPM","Kidney","K31",0.316367633260978,1.30308212154075,10.2745857333318,8.19538565416613,9.25533078303635,"813-1597",0.140792603969282,0.859207396030717
"flair","CPM","Kidney","K32",0.560521833952936,2.87547799474184,10.2745857333318,8.19538565416613,9.41842017762234,"1597-2528",0.305303643340719,0.694696356659281
"flair","CPM","Kidney","K32",0.56645930206384,1.51152072428577,10.2745857333318,8.19538565416613,9.31196563930357,"191-575",0.162320264360299,0.837679735639701
"flair","CPM","Kidney","K32",0.537704030115901,1.08913160093398,10.2745857333318,8.19538565416613,9.33688359577145,"575-813",0.116648300234485,0.883351699765515
"flair","CPM","Kidney","K32",0.321575330927825,1.26352275208238,10.2745857333318,8.19538565416613,9.25533078303635,"813-1597",0.136518378618971,0.863481621381029
"flair","CPM","Kidney","K33",0.596732681378003,2.84811119161308,10.2745857333318,8.19538565416613,9.41842017762234,"1597-2528",0.302397975233685,0.697602024766315
"flair","CPM","Kidney","K33",0.529492668147966,1.44489132243222,10.2745857333318,8.19538565416613,9.31196563930357,"191-575",0.155165018686676,0.844834981313324
"flair","CPM","Kidney","K33",0.535167690351203,1.07187010967742,10.2745857333318,8.19538565416613,9.33688359577145,"575-813",0.114799557977016,0.885200442022984
"flair","CPM","Kidney","K33",0.270800278676063,1.37141923185806,10.2745857333318,8.19538565416613,9.25533078303635,"813-1597",0.148176144538417,0.851823855461583
"flair","CPM","Kidney","K34",0.571415556462986,2.75191694709134,10.2745857333318,8.19538565416613,9.41842017762234,"1597-2528",0.292184559107879,0.707815440892121
"flair","CPM","Kidney","K34",0.547975985105903,1.48779921568785,10.2745857333318,8.19538565416613,9.31196563930357,"191-575",0.159772842095573,0.840227157904427
"flair","CPM","Kidney","K34",0.47429553599846,1.16827462561905,10.2745857333318,8.19538565416613,9.33688359577145,"575-813",0.125124685730059,0.874875314269941
"flair","CPM","Kidney","K34",0.284644953320041,1.12291379438485,10.2745857333318,8.19538565416613,9.25533078303635,"813-1597",0.121326165504855,0.878673834495145
"flair","CPM","Kidney","K35",0.605639139309018,2.79167111410703,10.2745857333318,8.19538565416613,9.41842017762234,"1597-2528",0.296405454572932,0.703594545427068
"flair","CPM","Kidney","K35",0.538190699657583,1.48828229369761,10.2745857333318,8.19538565416613,9.31196563930357,"191-575",0.159824719221034,0.840175280778966
"flair","CPM","Kidney","K35",0.531363180704157,1.08332935366844,10.2745857333318,8.19538565416613,9.33688359577145,"575-813",0.116026867268546,0.883973132731454
"flair","CPM","Kidney","K35",0.209609831090607,1.16924660317382,10.2745857333318,8.19538565416613,9.25533078303635,"813-1597",0.126332232805431,0.873667767194569
"flair","EDA","B20K80","BK20801",0.498476565238152,3.26554391738234,10.941345882157,6.09156234168924,8.16963762182738,"1597-2528",0.399717107238339,0.600282892761661
"flair","EDA","B20K80","BK20801",0.752379725581914,1.26821925653723,10.941345882157,6.09156234168924,8.09259891597529,"191-575",0.156713469888356,0.843286530111644
"flair","EDA","B20K80","BK20801",0.788801666820968,1.29753468397495,10.941345882157,6.09156234168924,8.61798746156121,"575-813",0.150561217426033,0.849438782573967
"flair","EDA","B20K80","BK20801",0.540298632935415,1.48228921829574,10.941345882157,6.09156234168924,8.82151092424315,"813-1597",0.168031217217238,0.831968782782762
"flair","EDA","B20K80","BK20802",0.498476565238152,3.40104396716877,10.941345882157,6.09156234168924,8.16963762182738,"1597-2528",0.416302916310752,0.583697083689248
"flair","EDA","B20K80","BK20802",0.816527707965344,1.20572636263341,10.941345882157,6.09156234168924,8.09259891597529,"191-575",0.148991241893038,0.851008758106962
"flair","EDA","B20K80","BK20802",0.758365589644596,1.37779811162498,10.941345882157,6.09156234168924,8.61798746156121,"575-813",0.159874694384318,0.840125305615682
"flair","EDA","B20K80","BK20802",0.611904475854566,1.62244872137236,10.941345882157,6.09156234168924,8.82151092424315,"813-1597",0.183919595555176,0.816080404444824
"flair","EDA","B20K80","BK20803",0.498476565238152,3.33011647924888,10.941345882157,6.09156234168924,8.16963762182738,"1597-2528",0.407621076160292,0.592378923839708
"flair","EDA","B20K80","BK20803",0.821963977658854,1.21496949540181,10.941345882157,6.09156234168924,8.09259891597529,"191-575",0.15013341301314,0.84986658698686
"flair","EDA","B20K80","BK20803",0.778656307762178,1.31649405230142,10.941345882157,6.09156234168924,8.61798746156121,"575-813",0.152761193744291,0.847238806255709
"flair","EDA","B20K80","BK20803",0.605394853771007,1.59381887014499,10.941345882157,6.09156234168924,8.82151092424315,"813-1597",0.180674136645331,0.819325863354669
"flair","EDA","B20K80","BK20804",0.498476565238152,3.30439779824779,10.941345882157,6.09156234168924,8.16963762182738,"1597-2528",0.404472995156995,0.595527004843005
"flair","EDA","B20K80","BK20804",0.746943455888403,1.31946833485246,10.941345882157,6.09156234168924,8.09259891597529,"191-575",0.163046302992695,0.836953697007305
"flair","EDA","B20K80","BK20804",0.778656307762178,1.31686594820518,10.941345882157,6.09156234168924,8.61798746156121,"575-813",0.152804347195768,0.847195652804232
"flair","EDA","B20K80","BK20804",0.523373615518161,1.57181952457661,10.941345882157,6.09156234168924,8.82151092424315,"813-1597",0.178180306987657,0.821819693012343
"flair","EDA","B20K80","BK20805",0.498476565238152,3.27353969239077,10.941345882157,6.09156234168924,8.16963762182738,"1597-2528",0.400695825680766,0.599304174319234
"flair","EDA","B20K80","BK20805",0.781735581926874,1.23714147772194,10.941345882157,6.09156234168924,8.09259891597529,"191-575",0.152873198161316,0.847126801838684
"flair","EDA","B20K80","BK20805",0.788801666820968,1.34047291841522,10.941345882157,6.09156234168924,8.61798746156121,"575-813",0.155543614375645,0.844456385624355
"flair","EDA","B20K80","BK20805",0.563733272436228,1.50267917484217,10.941345882157,6.09156234168924,8.82151092424315,"813-1597",0.170342607717293,0.829657392282707
"flair","EDA","B80K20","BK80201",NA,2.95534402990928,9.58147305098662,9.58147305098662,9.58147305098662,"1597-2528",0.308443598826901,0.691556401173099
"flair","EDA","B80K20","BK80201",NA,1.51722513721176,9.58147305098662,9.58147305098662,9.58147305098662,"191-575",0.158349883064747,0.841650116935253
"flair","EDA","B80K20","BK80201",NA,1.12712877948461,9.58147305098662,9.58147305098662,9.58147305098662,"575-813",0.117636272991296,0.882363727008704
"flair","EDA","B80K20","BK80201",NA,1.29191477421188,9.58147305098662,9.58147305098662,9.58147305098662,"813-1597",0.134834671802249,0.865165328197751
"flair","EDA","B80K20","BK80202",NA,3.01155423100743,9.58147305098662,9.58147305098662,9.58147305098662,"1597-2528",0.31431014990929,0.68568985009071
"flair","EDA","B80K20","BK80202",NA,1.51070372325327,9.58147305098662,9.58147305098662,9.58147305098662,"191-575",0.157669255574195,0.842330744425805
"flair","EDA","B80K20","BK80202",NA,1.15333825194118,9.58147305098662,9.58147305098662,9.58147305098662,"575-813",0.12037170545738,0.87962829454262
"flair","EDA","B80K20","BK80202",NA,1.35293415145436,9.58147305098662,9.58147305098662,9.58147305098662,"813-1597",0.141203147392356,0.858796852607643
"flair","EDA","B80K20","BK80203",NA,2.98151920134872,9.58147305098662,9.58147305098662,9.58147305098662,"1597-2528",0.31117545136149,0.68882454863851
"flair","EDA","B80K20","BK80203",NA,1.47419977215322,9.58147305098662,9.58147305098662,9.58147305098662,"191-575",0.153859408079368,0.846140591920632
"flair","EDA","B80K20","BK80203",NA,1.16088783137677,9.58147305098662,9.58147305098662,9.58147305098662,"575-813",0.121159640610504,0.878840359389496
"flair","EDA","B80K20","BK80203",NA,1.36655396812221,9.58147305098662,9.58147305098662,9.58147305098662,"813-1597",0.14262462158483,0.85737537841517
"flair","EDA","B80K20","BK80204",NA,2.95944263832838,9.58147305098662,9.58147305098662,9.58147305098662,"1597-2528",0.308871362741415,0.691128637258585
"flair","EDA","B80K20","BK80204",NA,1.42802545577616,9.58147305098662,9.58147305098662,9.58147305098662,"191-575",0.149040283073083,0.850959716926917
"flair","EDA","B80K20","BK80204",NA,1.08364658179626,9.58147305098662,9.58147305098662,9.58147305098662,"575-813",0.113098119258883,0.886901880741117
"flair","EDA","B80K20","BK80204",NA,1.32288391321419,9.58147305098662,9.58147305098662,9.58147305098662,"813-1597",0.138066861554024,0.861933138445976
"flair","EDA","B80K20","BK80205",NA,2.90814865408139,9.58147305098662,9.58147305098662,9.58147305098662,"1597-2528",0.303517907800401,0.696482092199599
"flair","EDA","B80K20","BK80205",NA,1.48420196988498,9.58147305098662,9.58147305098662,9.58147305098662,"191-575",0.154903318308884,0.845096681691116
"flair","EDA","B80K20","BK80205",NA,1.18410824531749,9.58147305098662,9.58147305098662,9.58147305098662,"575-813",0.123583110761404,0.876416889238596
"flair","EDA","B80K20","BK80205",NA,1.26320236703924,9.58147305098662,9.58147305098662,9.58147305098662,"813-1597",0.131838012831353,0.868161987168647
"flair","EDA","Brain","B31",NA,2.97877471284822,9.58147305098662,9.58147305098662,9.58147305098662,"1597-2528",0.310889014350616,0.689110985649384
"flair","EDA","Brain","B31",NA,1.35171313058688,9.58147305098662,9.58147305098662,9.58147305098662,"191-575",0.141075711781885,0.858924288218115
"flair","EDA","Brain","B31",NA,1.03999486797608,9.58147305098662,9.58147305098662,9.58147305098662,"575-813",0.108542273452305,0.891457726547695
"flair","EDA","Brain","B31",NA,1.19097876221075,9.58147305098662,9.58147305098662,9.58147305098662,"813-1597",0.124300173456952,0.875699826543048
"flair","EDA","Brain","B32",NA,2.94602559937943,9.58147305098662,9.58147305098662,9.58147305098662,"1597-2528",0.307471052071275,0.692528947928725
"flair","EDA","Brain","B32",NA,1.33297927683516,9.58147305098662,9.58147305098662,9.58147305098662,"191-575",0.139120495329046,0.860879504670954
"flair","EDA","Brain","B32",NA,1.1232132575616,9.58147305098662,9.58147305098662,9.58147305098662,"575-813",0.117227617463887,0.882772382536113
"flair","EDA","Brain","B32",NA,1.28914226892259,9.58147305098662,9.58147305098662,9.58147305098662,"813-1597",0.134545310732763,0.865454689267237
"flair","EDA","Brain","B33",NA,2.89333145807791,9.58147305098662,9.58147305098662,9.58147305098662,"1597-2528",0.301971465418877,0.698028534581123
"flair","EDA","Brain","B33",NA,1.36803749807694,9.58147305098662,9.58147305098662,9.58147305098662,"191-575",0.142779454766204,0.857220545233796
"flair","EDA","Brain","B33",NA,1.05780705749871,9.58147305098662,9.58147305098662,9.58147305098662,"575-813",0.110401297573945,0.889598702426055
"flair","EDA","Brain","B33",NA,1.22341224439192,9.58147305098662,9.58147305098662,9.58147305098662,"813-1597",0.127685193903033,0.872314806096967
"flair","EDA","Brain","B34",NA,2.89208841707988,9.58147305098662,9.58147305098662,9.58147305098662,"1597-2528",0.301841731609534,0.698158268390466
"flair","EDA","Brain","B34",NA,1.37256093946147,9.58147305098662,9.58147305098662,9.58147305098662,"191-575",0.143251557684038,0.856748442315962
"flair","EDA","Brain","B34",NA,1.04881011390058,9.58147305098662,9.58147305098662,9.58147305098662,"575-813",0.109462303793944,0.890537696206056
"flair","EDA","Brain","B34",NA,1.16798796515372,9.58147305098662,9.58147305098662,9.58147305098662,"813-1597",0.121900667980635,0.878099332019365
"flair","EDA","Brain","B35",NA,2.87829461740807,9.58147305098662,9.58147305098662,9.58147305098662,"1597-2528",0.300402099144002,0.699597900855998
"flair","EDA","Brain","B35",NA,1.50588292268054,9.58147305098662,9.58147305098662,9.58147305098662,"191-575",0.157166117847138,0.842833882152862
"flair","EDA","Brain","B35",NA,1.12979230674422,9.58147305098662,9.58147305098662,9.58147305098662,"575-813",0.117914260232447,0.882085739767553
"flair","EDA","Brain","B35",NA,1.19571621075011,9.58147305098662,9.58147305098662,9.58147305098662,"813-1597",0.124794611891852,0.875205388108148
"flair","EDA","Kidney","K31",0.587826223446988,2.86642604772751,10.2745857333318,8.19538565416613,9.41842017762234,"1597-2528",0.304342553599168,0.695657446400832
"flair","EDA","Kidney","K31",0.567546556002542,1.28437959081718,10.2745857333318,8.19538565416613,9.31196563930357,"191-575",0.137927870502027,0.862072129497973
"flair","EDA","Kidney","K31",0.552922068704087,1.07958065067629,10.2745857333318,8.19538565416613,9.33688359577145,"575-813",0.115625373241798,0.884374626758202
"flair","EDA","Kidney","K31",0.299442615843724,1.34958077262141,10.2745857333318,8.19538565416613,9.25533078303635,"813-1597",0.14581658983977,0.85418341016023
"flair","EDA","Kidney","K32",0.57128565871796,3.0306565638268,10.2745857333318,8.19538565416613,9.41842017762234,"1597-2528",0.321779715352632,0.678220284647368
"flair","EDA","Kidney","K32",0.58602987296048,1.20485898487964,10.2745857333318,8.19538565416613,9.31196563930357,"191-575",0.129388255020425,0.870611744979575
"flair","EDA","Kidney","K32",0.566871937409924,1.13291788550488,10.2745857333318,8.19538565416613,9.33688359577145,"575-813",0.121337904010923,0.878662095989077
"flair","EDA","Kidney","K32",0.31115993559413,1.45530760104957,10.2745857333318,8.19538565416613,9.25533078303635,"813-1597",0.157239933954271,0.842760066045729
"flair","EDA","Kidney","K33",0.596732681378003,2.91224510441075,10.2745857333318,8.19538565416613,9.41842017762234,"1597-2528",0.30920738823376,0.69079261176624
"flair","EDA","Kidney","K33",0.567546556002542,1.15609719982479,10.2745857333318,8.19538565416613,9.31196563930357,"191-575",0.124151789708628,0.875848210291372
"flair","EDA","Kidney","K33",0.557994748233482,1.1048616359102,10.2745857333318,8.19538565416613,9.33688359577145,"575-813",0.118333020282118,0.881666979717882
"flair","EDA","Kidney","K33",0.270800278676063,1.47498953906537,10.2745857333318,8.19538565416613,9.25533078303635,"813-1597",0.159366485503555,0.840633514496445
"flair","EDA","Kidney","K34",0.547110987190919,2.85947546097297,10.2745857333318,8.19538565416613,9.41842017762234,"1597-2528",0.303604575613108,0.696395424386892
"flair","EDA","Kidney","K34",0.558848524492925,1.15758257638114,10.2745857333318,8.19538565416613,9.31196563930357,"191-575",0.124311302384457,0.875688697615543
"flair","EDA","Kidney","K34",0.47429553599846,1.20145283271032,10.2745857333318,8.19538565416613,9.33688359577145,"575-813",0.128678141950323,0.871321858049677
"flair","EDA","Kidney","K34",0.290329144926741,1.27368328652377,10.2745857333318,8.19538565416613,9.25533078303635,"813-1597",0.137616182109692,0.862383817890308
"flair","EDA","Kidney","K35",0.605639139309018,2.78757565283092,10.2745857333318,8.19538565416613,9.41842017762234,"1597-2528",0.295970619303443,0.704029380696557
"flair","EDA","Kidney","K35",0.529492668147966,1.20697163523712,10.2745857333318,8.19538565416613,9.31196563930357,"191-575",0.129615129822084,0.870384870177916
"flair","EDA","Kidney","K35",0.531363180704157,1.11261162610475,10.2745857333318,8.19538565416613,9.33688359577145,"575-813",0.119163060639273,0.880836939360727
"flair","EDA","Kidney","K35",0.204402133423759,1.21495567790523,10.2745857333318,8.19538565416613,9.25533078303635,"813-1597",0.131270908235075,0.868729091764925
"flair","TPM","B20K80","BK20801",0.508688633155963,3.79346905530906,10.941345882157,6.09156234168924,8.16963762182738,"1597-2528",0.464337493400417,0.535662506599583
"flair","TPM","B20K80","BK20801",0.812178692210535,1.26735265023649,10.941345882157,6.09156234168924,8.09259891597529,"191-575",0.156606383609926,0.843393616390074
"flair","TPM","B20K80","BK20801",0.758365589644596,1.35863410721093,10.941345882157,6.09156234168924,8.61798746156121,"575-813",0.157650972836854,0.842349027163146
"flair","TPM","B20K80","BK20801",0.567639045686363,2.01262848927428,10.941345882157,6.09156234168924,8.82151092424315,"813-1597",0.228150087502947,0.771849912497053
"flair","TPM","B20K80","BK20802",0.498476565238152,3.90143202056007,10.941345882157,6.09156234168924,8.16963762182738,"1597-2528",0.47755264078499,0.52244735921501
"flair","TPM","B20K80","BK20802",0.831749263107174,1.18711441013825,10.941345882157,6.09156234168924,8.09259891597529,"191-575",0.146691368553409,0.853308631446591
"flair","TPM","B20K80","BK20802",0.748220230585806,1.42479832432458,10.941345882157,6.09156234168924,8.61798746156121,"575-813",0.165328428554765,0.834671571445235
"flair","TPM","B20K80","BK20802",0.594979458437312,2.07347724997153,10.941345882157,6.09156234168924,8.82151092424315,"813-1597",0.235047858329261,0.764952141670739
"flair","TPM","B20K80","BK20803",0.498476565238152,3.8612231425584,10.941345882157,6.09156234168924,8.16963762182738,"1597-2528",0.47263089518709,0.52736910481291
"flair","TPM","B20K80","BK20803",0.821963977658854,1.2124087098878,10.941345882157,6.09156234168924,8.09259891597529,"191-575",0.149816977521824,0.850183022478176
"flair","TPM","B20K80","BK20803",0.738074871527015,1.37338153848869,10.941345882157,6.09156234168924,8.61798746156121,"575-813",0.159362211260388,0.840637788739612
"flair","TPM","B20K80","BK20803",0.533789010851856,2.11435741492641,10.941345882157,6.09156234168924,8.82151092424315,"813-1597",0.239682003806827,0.760317996193173
"flair","TPM","B20K80","BK20804",0.508688633155963,3.84769625872972,10.941345882157,6.09156234168924,8.16963762182738,"1597-2528",0.470975144411493,0.529024855588507
"flair","TPM","B20K80","BK20804",0.806742422517024,1.31231823106682,10.941345882157,6.09156234168924,8.09259891597529,"191-575",0.162162766830841,0.837837233169159
"flair","TPM","B20K80","BK20804",0.758365589644596,1.37190499245112,10.941345882157,6.09156234168924,8.61798746156121,"575-813",0.159190878214922,0.840809121785078
"flair","TPM","B20K80","BK20804",0.55071402826911,2.07096998801693,10.941345882157,6.09156234168924,8.82151092424315,"813-1597",0.23476363695538,0.76523636304462
"flair","TPM","B20K80","BK20805",0.508688633155963,3.84808649546213,10.941345882157,6.09156234168924,8.16963762182738,"1597-2528",0.471022911124103,0.528977088875897
"flair","TPM","B20K80","BK20805",0.812178692210535,1.2385241094869,10.941345882157,6.09156234168924,8.09259891597529,"191-575",0.153044049550259,0.846955950449741
"flair","TPM","B20K80","BK20805",0.727929512468225,1.40293607048523,10.941345882157,6.09156234168924,8.61798746156121,"575-813",0.162791611932918,0.837208388067082
"flair","TPM","B20K80","BK20805",0.55071402826911,2.06237477727514,10.941345882157,6.09156234168924,8.82151092424315,"813-1597",0.233789290177871,0.766210709822129
"flair","TPM","B80K20","BK80201",NA,3.74793062930765,9.58147305098662,9.58147305098662,9.58147305098662,"1597-2528",0.391164344914764,0.608835655085236
"flair","TPM","B80K20","BK80201",NA,1.33964766650555,9.58147305098662,9.58147305098662,9.58147305098662,"191-575",0.139816462393286,0.860183537606714
"flair","TPM","B80K20","BK80201",NA,1.17938562832567,9.58147305098662,9.58147305098662,9.58147305098662,"575-813",0.123090220266729,0.876909779733271
"flair","TPM","B80K20","BK80201",NA,1.87979502894557,9.58147305098662,9.58147305098662,9.58147305098662,"813-1597",0.196190608577874,0.803809391422126
"flair","TPM","B80K20","BK80202",NA,3.745620554096,9.58147305098662,9.58147305098662,9.58147305098662,"1597-2528",0.390923246787227,0.609076753212773
"flair","TPM","B80K20","BK80202",NA,1.37065036991274,9.58147305098662,9.58147305098662,9.58147305098662,"191-575",0.143052155197744,0.856947844802256
"flair","TPM","B80K20","BK80202",NA,1.2027971280353,9.58147305098662,9.58147305098662,9.58147305098662,"575-813",0.125533633673525,0.874466366326475
"flair","TPM","B80K20","BK80202",NA,1.89073832162827,9.58147305098662,9.58147305098662,9.58147305098662,"813-1597",0.197332739085831,0.802667260914169
"flair","TPM","B80K20","BK80203",NA,3.71285135064592,9.58147305098662,9.58147305098662,9.58147305098662,"1597-2528",0.387503187754998,0.612496812245002
"flair","TPM","B80K20","BK80203",NA,1.32619676790423,9.58147305098662,9.58147305098662,9.58147305098662,"191-575",0.138412617856048,0.861587382143952
"flair","TPM","B80K20","BK80203",NA,1.21044104936748,9.58147305098662,9.58147305098662,9.58147305098662,"575-813",0.126331415109792,0.873668584890208
"flair","TPM","B80K20","BK80203",NA,1.92217869228735,9.58147305098662,9.58147305098662,9.58147305098662,"813-1597",0.20061411038352,0.79938588961648
"flair","TPM","B80K20","BK80204",NA,3.78202171360782,9.58147305098662,9.58147305098662,9.58147305098662,"1597-2528",0.394722366120769,0.605277633879231
"flair","TPM","B80K20","BK80204",NA,1.26853414136869,9.58147305098662,9.58147305098662,9.58147305098662,"191-575",0.132394479911214,0.867605520088786
"flair","TPM","B80K20","BK80204",NA,1.13801233047697,9.58147305098662,9.58147305098662,9.58147305098662,"575-813",0.118772168373399,0.881227831626601
"flair","TPM","B80K20","BK80204",NA,1.92613072678312,9.58147305098662,9.58147305098662,9.58147305098662,"813-1597",0.20102657665825,0.79897342334175
"flair","TPM","B80K20","BK80205",NA,3.73743058360923,9.58147305098662,9.58147305098662,9.58147305098662,"1597-2528",0.390068475246025,0.609931524753975
"flair","TPM","B80K20","BK80205",NA,1.30702504884466,9.58147305098662,9.58147305098662,9.58147305098662,"191-575",0.136411702239257,0.863588297760743
"flair","TPM","B80K20","BK80205",NA,1.2395272511082,9.58147305098662,9.58147305098662,9.58147305098662,"575-813",0.129367086304184,0.870632913695816
"flair","TPM","B80K20","BK80205",NA,1.89960597773179,9.58147305098662,9.58147305098662,9.58147305098662,"813-1597",0.198258239377523,0.801741760622477
"flair","TPM","Brain","B31",NA,3.77371304710762,9.58147305098662,9.58147305098662,9.58147305098662,"1597-2528",0.393855206503872,0.606144793496128
"flair","TPM","Brain","B31",NA,1.1867656858859,9.58147305098662,9.58147305098662,9.58147305098662,"191-575",0.123860462746247,0.876139537253753
"flair","TPM","Brain","B31",NA,1.09039985094002,9.58147305098662,9.58147305098662,9.58147305098662,"575-813",0.11380294503127,0.88619705496873
"flair","TPM","Brain","B31",NA,1.78961935668145,9.58147305098662,9.58147305098662,9.58147305098662,"813-1597",0.186779146291829,0.813220853708171
"flair","TPM","Brain","B32",NA,3.60813952692823,9.58147305098662,9.58147305098662,9.58147305098662,"1597-2528",0.376574615169083,0.623425384830917
"flair","TPM","Brain","B32",NA,1.17646732846571,9.58147305098662,9.58147305098662,9.58147305098662,"191-575",0.122785642897004,0.877214357102996
"flair","TPM","Brain","B32",NA,1.17076682884046,9.58147305098662,9.58147305098662,9.58147305098662,"575-813",0.122190692663891,0.877809307336109
"flair","TPM","Brain","B32",NA,1.80180892985364,9.58147305098662,9.58147305098662,9.58147305098662,"813-1597",0.188051348708652,0.811948651291348
"flair","TPM","Brain","B33",NA,3.59022417896743,9.58147305098662,9.58147305098662,9.58147305098662,"1597-2528",0.374704824598733,0.625295175401267
"flair","TPM","Brain","B33",NA,1.20265555167723,9.58147305098662,9.58147305098662,9.58147305098662,"191-575",0.12551885762006,0.87448114237994
"flair","TPM","Brain","B33",NA,1.10439216864074,9.58147305098662,9.58147305098662,9.58147305098662,"575-813",0.115263296443444,0.884736703556556
"flair","TPM","Brain","B33",NA,1.76318710349443,9.58147305098662,9.58147305098662,9.58147305098662,"813-1597",0.184020462627391,0.81597953737261
"flair","TPM","Brain","B34",NA,3.63112542298438,9.58147305098662,9.58147305098662,9.58147305098662,"1597-2528",0.378973609137321,0.621026390862679
"flair","TPM","Brain","B34",NA,1.19878238024947,9.58147305098662,9.58147305098662,9.58147305098662,"191-575",0.125114622132766,0.874885377867234
"flair","TPM","Brain","B34",NA,1.09616493927009,9.58147305098662,9.58147305098662,9.58147305098662,"575-813",0.114404636263859,0.885595363736141
"flair","TPM","Brain","B34",NA,1.74346085572991,9.58147305098662,9.58147305098662,9.58147305098662,"813-1597",0.181961671911229,0.818038328088771
"flair","TPM","Brain","B35",NA,3.59315493449192,9.58147305098662,9.58147305098662,9.58147305098662,"1597-2528",0.375010701942321,0.624989298057679
"flair","TPM","Brain","B35",NA,1.32464247308067,9.58147305098662,9.58147305098662,9.58147305098662,"191-575",0.138250399080784,0.861749600919216
"flair","TPM","Brain","B35",NA,1.17564376634785,9.58147305098662,9.58147305098662,9.58147305098662,"575-813",0.122699689295352,0.877300310704648
"flair","TPM","Brain","B35",NA,1.7493601531362,9.58147305098662,9.58147305098662,9.58147305098662,"813-1597",0.182577370288179,0.817422629711821
"flair","TPM","Kidney","K31",0.566196254185952,3.67017758781013,10.2745857333318,8.19538565416613,9.41842017762234,"1597-2528",0.389680808309049,0.610319191690951
"flair","TPM","Kidney","K31",0.577331841450862,1.27797841349386,10.2745857333318,8.19538565416613,9.31196563930357,"191-575",0.137240456311374,0.862759543688626
"flair","TPM","Kidney","K31",0.580821806115761,1.10963017867984,10.2745857333318,8.19538565416613,9.33688359577145,"575-813",0.118843741308115,0.881156258691885
"flair","TPM","Kidney","K31",0.221327150841013,1.91890844281389,10.2745857333318,8.19538565416613,9.25533078303635,"813-1597",0.207330076881851,0.792669923118149
"flair","TPM","Kidney","K32",0.561106849653943,3.68648196342662,10.2745857333318,8.19538565416613,9.41842017762234,"1597-2528",0.391411924070398,0.608588075929602
"flair","TPM","Kidney","K32",0.567546556002542,1.24323918014752,10.2745857333318,8.19538565416613,9.31196563930357,"191-575",0.133509854772242,0.866490145227758
"flair","TPM","Kidney","K32",0.574480956704017,1.15014648400421,10.2745857333318,8.19538565416613,9.33688359577145,"575-813",0.123183123384455,0.876816876615545
"flair","TPM","Kidney","K32",0.26168680775908,1.88059144323289,10.2745857333318,8.19538565416613,9.25533078303635,"813-1597",0.203190084430016,0.796809915569984
"flair","TPM","Kidney","K33",0.578919765515973,3.65150140734908,10.2745857333318,8.19538565416613,9.41842017762234,"1597-2528",0.387697866360311,0.612302133639689
"flair","TPM","Kidney","K33",0.549063239044605,1.18840772537059,10.2745857333318,8.19538565416613,9.31196563930357,"191-575",0.127621575444244,0.872378424555756
"flair","TPM","Kidney","K33",0.593503504939249,1.13095772228957,10.2745857333318,8.19538565416613,9.33688359577145,"575-813",0.121127966380749,0.878872033619251
"flair","TPM","Kidney","K33",0.231742546174708,1.97101403160674,10.2745857333318,8.19538565416613,9.25533078303635,"813-1597",0.212959869053985,0.787040130946015
"flair","TPM","Kidney","K34",0.584009170047981,3.49649633733709,10.2745857333318,8.19538565416613,9.41842017762234,"1597-2528",0.371240215598427,0.628759784401573
"flair","TPM","Kidney","K34",0.549063239044605,1.19214322849727,10.2745857333318,8.19538565416613,9.31196563930357,"191-575",0.128022726315218,0.871977273684782
"flair","TPM","Kidney","K34",0.500927103527785,1.22017511037528,10.2745857333318,8.19538565416613,9.33688359577145,"575-813",0.130683337524726,0.869316662475274
"flair","TPM","Kidney","K34",0.269498354259351,1.68626178958827,10.2745857333318,8.19538565416613,9.25533078303635,"813-1597",0.182193573532665,0.817806426467335
"flair","TPM","Kidney","K35",0.596732681378003,3.54500209334796,10.2745857333318,8.19538565416613,9.41842017762234,"1597-2528",0.376390310316659,0.623609689683341
"flair","TPM","Kidney","K35",0.529492668147966,1.21547862999076,10.2745857333318,8.19538565416613,9.31196563930357,"191-575",0.130528685035146,0.869471314964854
"flair","TPM","Kidney","K35",0.568140107292273,1.13505553575124,10.2745857333318,8.19538565416613,9.33688359577145,"575-813",0.121566850877876,0.878433149122124
"flair","TPM","Kidney","K35",0.143211685838303,1.73645972122117,10.2745857333318,8.19538565416613,9.25533078303635,"813-1597",0.187617251282238,0.812382748717762
"flair","cqn","B20K80","BK20801",0.503911799871088,3.07422224429253,10.941345882157,6.09156234168924,8.16963762182738,"1597-2528",0.376298483065995,0.623701516934005
"flair","cqn","B20K80","BK20801",0.796957137068704,1.40004693295209,10.941345882157,6.09156234168924,8.09259891597529,"191-575",0.173003375984482,0.826996624015518
"flair","cqn","B20K80","BK20801",0.777388137879829,1.43658088735832,10.941345882157,6.09156234168924,8.61798746156121,"575-813",0.166695634423455,0.833304365576546
"flair","cqn","B20K80","BK20801",0.546808255018974,1.45970842354453,10.941345882157,6.09156234168924,8.82151092424315,"813-1597",0.165471474907205,0.834528525092795
"flair","cqn","B20K80","BK20802",0.493705991266104,3.21104083969798,10.941345882157,6.09156234168924,8.16963762182738,"1597-2528",0.393045687989737,0.606954312010263
"flair","cqn","B20K80","BK20802",0.831749263107174,1.37789344108759,10.941345882157,6.09156234168924,8.09259891597529,"191-575",0.170265875696316,0.829734124303684
"flair","cqn","B20K80","BK20802",0.726661342585876,1.48114217306076,10.941345882157,6.09156234168924,8.61798746156121,"575-813",0.17186636435329,0.82813363564671
"flair","cqn","B20K80","BK20802",0.645754510689074,1.61802930836972,10.941345882157,6.09156234168924,8.82151092424315,"813-1597",0.18341861414274,0.81658138585726
"flair","cqn","B20K80","BK20803",0.486051634812366,3.135259784098,10.941345882157,6.09156234168924,8.16963762182738,"1597-2528",0.383769749556738,0.616230250443262
"flair","cqn","B20K80","BK20803",0.821963977658854,1.35606773968098,10.941345882157,6.09156234168924,8.09259891597529,"191-575",0.167568880375873,0.832431119624127
"flair","cqn","B20K80","BK20803",0.757097419762248,1.42890770496433,10.941345882157,6.09156234168924,8.61798746156121,"575-813",0.165805266175854,0.834194733824146
"flair","cqn","B20K80","BK20803",0.605394853771007,1.70908621882187,10.941345882157,6.09156234168924,8.82151092424315,"813-1597",0.193740758640901,0.806259241359099
"flair","cqn","B20K80","BK20804",0.503911799871088,3.05364306002801,10.941345882157,6.09156234168924,8.16963762182738,"1597-2528",0.373779499334142,0.626220500665858
"flair","cqn","B20K80","BK20804",0.796957137068704,1.37080902522867,10.941345882157,6.09156234168924,8.09259891597529,"191-575",0.169390456571696,0.830609543428304
"flair","cqn","B20K80","BK20804",0.746952060703457,1.440280737569,10.941345882157,6.09156234168924,8.61798746156121,"575-813",0.167124951619283,0.832875048380717
"flair","cqn","B20K80","BK20804",0.553317877102533,1.63274197817976,10.941345882157,6.09156234168924,8.82151092424315,"813-1597",0.185086431587664,0.814913568412336
"flair","cqn","B20K80","BK20805",0.486051634812366,3.03162829195753,10.941345882157,6.09156234168924,8.16963762182738,"1597-2528",0.371084793756056,0.628915206243944
"flair","cqn","B20K80","BK20805",0.812178692210535,1.36198279852741,10.941345882157,6.09156234168924,8.09259891597529,"191-575",0.168299802408194,0.831700197591806
"flair","cqn","B20K80","BK20805",0.767242778821038,1.47946694342907,10.941345882157,6.09156234168924,8.61798746156121,"575-813",0.171671976784363,0.828328023215637
"flair","cqn","B20K80","BK20805",0.542902481768838,1.46289952493747,10.941345882157,6.09156234168924,8.82151092424315,"813-1597",0.165833215817616,0.834166784182384
"flair","cqn","B80K20","BK80201",NA,2.74053268033606,9.58147305098662,9.58147305098662,9.58147305098662,"1597-2528",0.286024149496915,0.713975850503085
"flair","cqn","B80K20","BK80201",NA,1.80715224569783,9.58147305098662,9.58147305098662,9.58147305098662,"191-575",0.188609020354313,0.811390979645688
"flair","cqn","B80K20","BK80201",NA,1.14218206947309,9.58147305098662,9.58147305098662,9.58147305098662,"575-813",0.119207356050067,0.880792643949933
"flair","cqn","B80K20","BK80201",NA,1.06197739422477,9.58147305098662,9.58147305098662,9.58147305098662,"813-1597",0.110836547634543,0.889163452365457
"flair","cqn","B80K20","BK80202",NA,2.79634467059675,9.58147305098662,9.58147305098662,9.58147305098662,"1597-2528",0.291849140076515,0.708150859923485
"flair","cqn","B80K20","BK80202",NA,1.80474662194883,9.58147305098662,9.58147305098662,9.58147305098662,"191-575",0.188357950008844,0.811642049991156
"flair","cqn","B80K20","BK80202",NA,1.18842888774422,9.58147305098662,9.58147305098662,9.58147305098662,"575-813",0.124034047940243,0.875965952059757
"flair","cqn","B80K20","BK80202",NA,1.12276821165614,9.58147305098662,9.58147305098662,9.58147305098662,"813-1597",0.117181168874709,0.882818831125291
"flair","cqn","B80K20","BK80203",NA,2.85546559706721,9.58147305098662,9.58147305098662,9.58147305098662,"1597-2528",0.298019477993854,0.701980522006146
"flair","cqn","B80K20","BK80203",NA,1.76957035980456,9.58147305098662,9.58147305098662,9.58147305098662,"191-575",0.184686670868666,0.815313329131334
"flair","cqn","B80K20","BK80203",NA,1.18985215288491,9.58147305098662,9.58147305098662,9.58147305098662,"575-813",0.124182591398343,0.875817408601657
"flair","cqn","B80K20","BK80203",NA,1.13751154938891,9.58147305098662,9.58147305098662,9.58147305098662,"813-1597",0.118719902809911,0.881280097190089
"flair","cqn","B80K20","BK80204",NA,2.74742249690863,9.58147305098662,9.58147305098662,9.58147305098662,"1597-2528",0.286743226463046,0.713256773536954
"flair","cqn","B80K20","BK80204",NA,1.76677042509617,9.58147305098662,9.58147305098662,9.58147305098662,"191-575",0.184394447043217,0.815605552956783
"flair","cqn","B80K20","BK80204",NA,1.10110605039974,9.58147305098662,9.58147305098662,9.58147305098662,"575-813",0.114920330573424,0.885079669426576
"flair","cqn","B80K20","BK80204",NA,1.16341385616229,9.58147305098662,9.58147305098662,9.58147305098662,"813-1597",0.121423276981663,0.878576723018337
"flair","cqn","B80K20","BK80205",NA,2.69335564248555,9.58147305098662,9.58147305098662,9.58147305098662,"1597-2528",0.28110037237001,0.71889962762999
"flair","cqn","B80K20","BK80205",NA,1.77786531222413,9.58147305098662,9.58147305098662,9.58147305098662,"191-575",0.185552399173221,0.814447600826779
"flair","cqn","B80K20","BK80205",NA,1.21866389924266,9.58147305098662,9.58147305098662,9.58147305098662,"575-813",0.127189618209819,0.872810381790181
"flair","cqn","B80K20","BK80205",NA,0.997984207127776,9.58147305098662,9.58147305098662,9.58147305098662,"813-1597",0.104157701202845,0.895842298797155
"flair","cqn","Brain","B31",NA,2.85295699889606,9.58147305098662,9.58147305098662,9.58147305098662,"1597-2528",0.297757660405075,0.702242339594925
"flair","cqn","Brain","B31",NA,1.45890718266696,9.58147305098662,9.58147305098662,9.58147305098662,"191-575",0.152263349790117,0.847736650209883
"flair","cqn","Brain","B31",NA,1.04636623378782,9.58147305098662,9.58147305098662,9.58147305098662,"575-813",0.109207240705026,0.890792759294974
"flair","cqn","Brain","B31",NA,1.01448178362293,9.58147305098662,9.58147305098662,9.58147305098662,"813-1597",0.105879521679443,0.894120478320557
"flair","cqn","Brain","B32",NA,2.84416102877668,9.58147305098662,9.58147305098662,9.58147305098662,"1597-2528",0.296839641842317,0.703160358157683
"flair","cqn","Brain","B32",NA,1.44544118926562,9.58147305098662,9.58147305098662,9.58147305098662,"191-575",0.150857929837498,0.849142070162502
"flair","cqn","Brain","B32",NA,1.12799737166185,9.58147305098662,9.58147305098662,9.58147305098662,"575-813",0.117726926294042,0.882273073705958
"flair","cqn","Brain","B32",NA,1.13625899229745,9.58147305098662,9.58147305098662,9.58147305098662,"813-1597",0.118589175824113,0.881410824175887
"flair","cqn","Brain","B33",NA,2.76814788664512,9.58147305098662,9.58147305098662,9.58147305098662,"1597-2528",0.288906295714111,0.711093704285889
"flair","cqn","Brain","B33",NA,1.45080356416073,9.58147305098662,9.58147305098662,9.58147305098662,"191-575",0.151417590639817,0.848582409360183
"flair","cqn","Brain","B33",NA,1.04929823487796,9.58147305098662,9.58147305098662,9.58147305098662,"575-813",0.109513248045916,0.890486751954084
"flair","cqn","Brain","B33",NA,1.04581488483257,9.58147305098662,9.58147305098662,9.58147305098662,"813-1597",0.109149697470044,0.890850302529956
"flair","cqn","Brain","B34",NA,2.76835930906015,9.58147305098662,9.58147305098662,9.58147305098662,"1597-2528",0.28892836146683,0.71107163853317
"flair","cqn","Brain","B34",NA,1.43748709845475,9.58147305098662,9.58147305098662,9.58147305098662,"191-575",0.150027776606514,0.849972223393486
"flair","cqn","Brain","B34",NA,1.05494520069247,9.58147305098662,9.58147305098662,9.58147305098662,"575-813",0.110102611057685,0.889897388942315
"flair","cqn","Brain","B34",NA,0.990822469879792,9.58147305098662,9.58147305098662,9.58147305098662,"813-1597",0.103410244396373,0.896589755603627
"flair","cqn","Brain","B35",NA,2.74634329167807,9.58147305098662,9.58147305098662,9.58147305098662,"1597-2528",0.286630591879113,0.713369408120887
"flair","cqn","Brain","B35",NA,1.47682026632142,9.58147305098662,9.58147305098662,9.58147305098662,"191-575",0.15413290403915,0.84586709596085
"flair","cqn","Brain","B35",NA,1.11770985896572,9.58147305098662,9.58147305098662,9.58147305098662,"575-813",0.116653238287888,0.883346761712112
"flair","cqn","Brain","B35",NA,1.01450821066309,9.58147305098662,9.58147305098662,9.58147305098662,"813-1597",0.105882279819033,0.894117720180967
"flair","cqn","Kidney","K31",0.578919765515973,2.57125028193877,10.2745857333318,8.19538565416613,9.41842017762234,"1597-2528",0.273002290559082,0.726997709440918
"flair","cqn","Kidney","K31",0.614298475366736,1.00955420082656,10.2745857333318,8.19538565416613,9.31196563930357,"191-575",0.108414725733682,0.891585274266318
"flair","cqn","Kidney","K31",0.552922068704087,1.01938640807838,10.2745857333318,8.19538565416613,9.33688359577145,"575-813",0.109178442423771,0.890821557576229
"flair","cqn","Kidney","K31",0.242157941508403,1.01270412765232,10.2745857333318,8.19538565416613,9.25533078303635,"813-1597",0.109418469354813,0.890581530645187
"flair","cqn","Kidney","K32",0.592915627978996,2.64299185799042,10.2745857333318,8.19538565416613,9.41842017762234,"1597-2528",0.280619446589357,0.719380553410643
"flair","cqn","Kidney","K32",0.58602987296048,0.990176018911848,10.2745857333318,8.19538565416613,9.31196563930357,"191-575",0.106333727729036,0.893666272270964
"flair","cqn","Kidney","K32",0.565603767527575,1.0296111574035,10.2745857333318,8.19538565416613,9.33688359577145,"575-813",0.110273534723063,0.889726465276937
"flair","cqn","Kidney","K32",0.259082958925657,1.05989268434375,10.2745857333318,8.19538565416613,9.25533078303635,"813-1597",0.114516996657362,0.885483003342638
"flair","cqn","Kidney","K33",0.587826223446988,2.58466864941981,10.2745857333318,8.19538565416613,9.41842017762234,"1597-2528",0.274426984640252,0.725573015359748
"flair","cqn","Kidney","K33",0.58602987296048,0.961463664339606,10.2745857333318,8.19538565416613,9.31196563930357,"191-575",0.103250344941298,0.896749655058702
"flair","cqn","Kidney","K33",0.535167690351203,1.01856432972944,10.2745857333318,8.19538565416613,9.33688359577145,"575-813",0.109090396092197,0.890909603907803
"flair","cqn","Kidney","K33",0.240856017091691,1.0930829635248,10.2745857333318,8.19538565416613,9.25533078303635,"813-1597",0.118103068291006,0.881896931708994
"flair","cqn","Kidney","K34",0.596732681378003,2.53543912606209,10.2745857333318,8.19538565416613,9.41842017762234,"1597-2528",0.269200043982553,0.730799956017447
"flair","cqn","Kidney","K34",0.57624458751216,0.919695063423982,10.2745857333318,8.19538565416613,9.31196563930357,"191-575",0.0987648686698509,0.901235131330149
"flair","cqn","Kidney","K34",0.537704030115901,1.08657471761095,10.2745857333318,8.19538565416613,9.33688359577145,"575-813",0.116374452617471,0.883625547382529
"flair","cqn","Kidney","K34",0.210911755507319,0.956216597434993,10.2745857333318,8.19538565416613,9.25533078303635,"813-1597",0.1033152266354,0.8966847733646
"flair","cqn","Kidney","K35",0.605639139309018,2.51706933470215,10.2745857333318,8.19538565416613,9.41842017762234,"1597-2528",0.267249632871824,0.732750367128176
"flair","cqn","Kidney","K35",0.558848524492925,0.973628367027871,10.2745857333318,8.19538565416613,9.31196563930357,"191-575",0.104556696699827,0.895443303300173
"flair","cqn","Kidney","K35",0.550385728939389,1.03230248557262,10.2745857333318,8.19538565416613,9.33688359577145,"575-813",0.110561781667723,0.889438218332277
"flair","cqn","Kidney","K35",0.074209691752575,0.94021773426289,10.2745857333318,8.19538565416613,9.25533078303635,"813-1597",0.101586616005791,0.898413383994209
"flair","ratio_counts","B20K80","BK20801",0.567481837497882,3.00523708645241,10.9180949312313,6.06836418053216,8.21407479297787,"1597-2528",0.365864344091626,0.634135655908374
"flair","ratio_counts","B20K80","BK20801",0.949172688487011,0.537938415125316,10.9180949312313,6.06836418053216,8.18120735854307,"191-575",0.0657529373783178,0.934247062621682
"flair","ratio_counts","B20K80","BK20801",0.946054732232222,0.760984523152397,10.9180949312313,6.06836418053216,8.6455040813761,"575-813",0.0880208390383724,0.911979160961628
"flair","ratio_counts","B20K80","BK20801",0.930875957948968,0.514807473903739,10.9180949312313,6.06836418053216,8.89977005200642,"813-1597",0.0578450309272516,0.942154969072748
"flair","ratio_counts","B20K80","BK20802",0.614402123503293,2.98191743796132,10.9180949312313,6.06836418053216,8.21407479297787,"1597-2528",0.363025357464547,0.636974642535453
"flair","ratio_counts","B20K80","BK20802",0.949172688487011,0.452106006554974,10.9180949312313,6.06836418053216,8.18120735854307,"191-575",0.0552615264155199,0.94473847358448
"flair","ratio_counts","B20K80","BK20802",0.935909373173432,0.750363962579574,10.9180949312313,6.06836418053216,8.6455040813761,"575-813",0.0867923900696533,0.913207609930347
"flair","ratio_counts","B20K80","BK20802",0.941291353282662,0.477007976645557,10.9180949312313,6.06836418053216,8.89977005200642,"813-1597",0.0535977866684339,0.946402213331566
"flair","ratio_counts","B20K80","BK20803",0.59157603841958,2.99409322394464,10.9180949312313,6.06836418053216,8.21407479297787,"1597-2528",0.364507665124289,0.635492334875711
"flair","ratio_counts","B20K80","BK20803",0.949172688487011,0.513910075629821,10.9180949312313,6.06836418053216,8.18120735854307,"191-575",0.0628159210624554,0.937184078937545
"flair","ratio_counts","B20K80","BK20803",0.925764014114641,0.768447244381938,10.9180949312313,6.06836418053216,8.6455040813761,"575-813",0.0888840300286602,0.91111596997134
"flair","ratio_counts","B20K80","BK20803",0.941291353282662,0.466823985229857,10.9180949312313,6.06836418053216,8.89977005200642,"813-1597",0.0524534884049743,0.947546511595026
"flair","ratio_counts","B20K80","BK20804",0.614402123503293,2.98844370472697,10.9180949312313,6.06836418053216,8.21407479297787,"1597-2528",0.363819879906835,0.636180120093165
"flair","ratio_counts","B20K80","BK20804",0.949172688487011,0.470588874761038,10.9180949312313,6.06836418053216,8.18120735854307,"191-575",0.0575207123028894,0.942479287697111
"flair","ratio_counts","B20K80","BK20804",0.946054732232222,0.73929930709627,10.9180949312313,6.06836418053216,8.6455040813761,"575-813",0.0855125739502972,0.914487426049703
"flair","ratio_counts","B20K80","BK20804",0.930875957948968,0.553963834445496,10.9180949312313,6.06836418053216,8.89977005200642,"813-1597",0.0622447356738849,0.937755264326115
"flair","ratio_counts","B20K80","BK20805",0.629619513559103,2.98238730435119,10.9180949312313,6.06836418053216,8.21407479297787,"1597-2528",0.363082560059084,0.636917439940916
"flair","ratio_counts","B20K80","BK20805",0.949172688487011,0.515716528127232,10.9180949312313,6.06836418053216,8.18120735854307,"191-575",0.0630367261854945,0.936963273814506
"flair","ratio_counts","B20K80","BK20805",0.935909373173432,0.757043080602675,10.9180949312313,6.06836418053216,8.6455040813761,"575-813",0.0875649439844086,0.912435056015591
"flair","ratio_counts","B20K80","BK20805",0.930875957948968,0.532213234167638,10.9180949312313,6.06836418053216,8.89977005200642,"813-1597",0.0598007848582169,0.940199215141783
"flair","ratio_counts","B80K20","BK80201",0.651059294633142,2.34953757279851,9.7768967577031,9.4892565973559,9.55693663508465,"1597-2528",0.245846306459025,0.754153693540975
"flair","ratio_counts","B80K20","BK80201",0.823711761174969,0.27098212551527,9.7768967577031,9.4892565973559,9.60111665971314,"191-575",0.0282240217590864,0.971775978240914
"flair","ratio_counts","B80K20","BK80201",0.629940788348712,0.0933947336996922,9.7768967577031,9.4892565973559,9.54001662565246,"575-813",0.0097897873100724,0.990210212689928
"flair","ratio_counts","B80K20","BK80201",0.703526470681448,0.123894576557185,9.7768967577031,9.4892565973559,9.59077665394903,"813-1597",0.0129180963156066,0.987081903684393
"flair","ratio_counts","B80K20","BK80202",0.594445442925913,2.34429497435602,9.7768967577031,9.4892565973559,9.55693663508465,"1597-2528",0.245297741720902,0.754702258279098
"flair","ratio_counts","B80K20","BK80202",0.845677408139635,0.321663671391867,9.7768967577031,9.4892565973559,9.60111665971314,"191-575",0.0335027354413458,0.966497264558654
"flair","ratio_counts","B80K20","BK80202",0.409461512426663,0.123129844802405,9.7768967577031,9.4892565973559,9.54001662565246,"575-813",0.0129066698344442,0.987093330165556
"flair","ratio_counts","B80K20","BK80202",0.728652416062929,0.101837051715431,9.7768967577031,9.4892565973559,9.59077665394903,"813-1597",0.0106182278443007,0.989381772155699
"flair","ratio_counts","B80K20","BK80203",0.707673146340372,2.35106799321861,9.7768967577031,9.4892565973559,9.55693663508465,"1597-2528",0.246006443590675,0.753993556409325
"flair","ratio_counts","B80K20","BK80203",0.626020938492977,0.336656664732819,9.7768967577031,9.4892565973559,9.60111665971314,"191-575",0.0350643239390528,0.964935676060947
"flair","ratio_counts","B80K20","BK80203",0.661437827766148,0.131465639754846,9.7768967577031,9.4892565973559,9.54001662565246,"575-813",0.0137804413675071,0.986219558632493
"flair","ratio_counts","B80K20","BK80203",0.402015126103685,0.129925086419497,9.7768967577031,9.4892565973559,9.59077665394903,"813-1597",0.0135468785383507,0.986453121461649
"flair","ratio_counts","B80K20","BK80204",0.651059294633142,2.34650306714391,9.7768967577031,9.4892565973559,9.55693663508465,"1597-2528",0.245528787805249,0.754471212194751
"flair","ratio_counts","B80K20","BK80204",0.845677408139635,0.239028057750755,9.7768967577031,9.4892565973559,9.60111665971314,"191-575",0.0248958601611134,0.975104139838887
"flair","ratio_counts","B80K20","BK80204",0.535449670096405,0.127245015099076,9.7768967577031,9.4892565973559,9.54001662565246,"575-813",0.0133380286525836,0.986661971347416
"flair","ratio_counts","B80K20","BK80204",0.753778361444409,0.106790377981564,9.7768967577031,9.4892565973559,9.59077665394903,"813-1597",0.011134695534547,0.988865304465453
"flair","ratio_counts","B80K20","BK80205",0.651059294633142,2.35521557739508,9.7768967577031,9.4892565973559,9.55693663508465,"1597-2528",0.24644043037272,0.75355956962728
"flair","ratio_counts","B80K20","BK80205",0.845677408139635,0.263639711075697,9.7768967577031,9.4892565973559,9.60111665971314,"191-575",0.0274592758758932,0.972540724124107
"flair","ratio_counts","B80K20","BK80205",0.440958551844098,0.137032996482143,9.7768967577031,9.4892565973559,9.54001662565246,"575-813",0.0143640207202229,0.985635979279777
"flair","ratio_counts","B80K20","BK80205",0.603022689155527,0.145002826843247,9.7768967577031,9.4892565973559,9.59077665394903,"813-1597",0.0151189869262091,0.984881013073791
"flair","ratio_counts","Brain","B31",0.452910813657838,2.32814988120966,9.7768967577031,9.4892565973559,9.55693663508465,"1597-2528",0.243608383115437,0.756391616884563
"flair","ratio_counts","Brain","B31",0.691917879386974,0.2236671061211,9.7768967577031,9.4892565973559,9.60111665971314,"191-575",0.0232959471328601,0.97670405286714
"flair","ratio_counts","Brain","B31",0.566946709513841,0.126135267487141,9.7768967577031,9.4892565973559,9.54001662565246,"575-813",0.0132217031098218,0.986778296890178
"flair","ratio_counts","Brain","B31",0.703526470681448,0.223925089821289,9.7768967577031,9.4892565973559,9.59077665394903,"813-1597",0.0233479620995122,0.976652037900488
"flair","ratio_counts","Brain","B32",0.566138517072298,2.30766340518739,9.7768967577031,9.4892565973559,9.55693663508465,"1597-2528",0.241464759399543,0.758535240600457
"flair","ratio_counts","Brain","B32",0.691917879386974,0.238149213460805,9.7768967577031,9.4892565973559,9.60111665971314,"191-575",0.024804324528218,0.975195675471782
"flair","ratio_counts","Brain","B32",0.535449670096405,0.14352396984047,9.7768967577031,9.4892565973559,9.54001662565246,"575-813",0.0150444150647016,0.984955584935298
"flair","ratio_counts","Brain","B32",0.82915619758885,0.175079686849071,9.7768967577031,9.4892565973559,9.59077665394903,"813-1597",0.0182550061550002,0.981744993845
"flair","ratio_counts","Brain","B33",0.396296961950608,2.31024047249171,9.7768967577031,9.4892565973559,9.55693663508465,"1597-2528",0.241734413515995,0.758265586484005
"flair","ratio_counts","Brain","B33",0.691917879386974,0.230266887503783,9.7768967577031,9.4892565973559,9.60111665971314,"191-575",0.0239833444030523,0.976016655596948
"flair","ratio_counts","Brain","B33",0.598443748931276,0.131877844338962,9.7768967577031,9.4892565973559,9.54001662565246,"575-813",0.0138236493198923,0.986176350680108
"flair","ratio_counts","Brain","B33",0.703526470681448,0.221004302487371,9.7768967577031,9.4892565973559,9.59077665394903,"813-1597",0.0230434208262343,0.976956579173766
"flair","ratio_counts","Brain","B34",0.481217739511453,2.3129798237925,9.7768967577031,9.4892565973559,9.55693663508465,"1597-2528",0.242021048387124,0.757978951612876
"flair","ratio_counts","Brain","B34",0.691917879386974,0.231176763644408,9.7768967577031,9.4892565973559,9.60111665971314,"191-575",0.0240781121444383,0.975921887855562
"flair","ratio_counts","Brain","B34",0.598443748931276,0.139901853838419,9.7768967577031,9.4892565973559,9.54001662565246,"575-813",0.0146647389966001,0.9853352610034
"flair","ratio_counts","Brain","B34",0.653274579918488,0.225675477595418,9.7768967577031,9.4892565973559,9.59077665394903,"813-1597",0.0235304695060848,0.976469530493915
"flair","ratio_counts","Brain","B35",0.424603887804223,2.3065829895295,9.7768967577031,9.4892565973559,9.55693663508465,"1597-2528",0.241351708984002,0.758648291015998
"flair","ratio_counts","Brain","B35",0.691917879386974,0.333087244990632,9.7768967577031,9.4892565973559,9.60111665971314,"191-575",0.0346925526265383,0.965307447373462
"flair","ratio_counts","Brain","B35",0.472455591261534,0.135665732172801,9.7768967577031,9.4892565973559,9.54001662565246,"575-813",0.0142207018599951,0.985779298140005
"flair","ratio_counts","Brain","B35",0.703526470681448,0.200484257357269,9.7768967577031,9.4892565973559,9.59077665394903,"813-1597",0.0209038605100577,0.979096139489942
"flair","ratio_counts","Kidney","K31",0.70233782541718,2.34898172707476,10.2274130787615,8.14822466148066,9.4389271292331,"1597-2528",0.248861093524049,0.751138906475951
"flair","ratio_counts","Kidney","K31",0.949172688487011,0.306775483266418,10.2274130787615,8.14822466148066,9.37665041323118,"191-575",0.0327169585882751,0.967283041411725
"flair","ratio_counts","Kidney","K31",0.902936956232362,0.300900333430764,10.2274130787615,8.14822466148066,9.34047204236471,"575-813",0.0322146816634104,0.96778531833659
"flair","ratio_counts","Kidney","K31",0.6926237896907,0.299352702954011,10.2274130787615,8.14822466148066,9.3096759207744,"813-1597",0.0321550079188052,0.967844992081195
"flair","ratio_counts","Kidney","K32",0.726512496944221,2.35187289202122,10.2274130787615,8.14822466148066,9.4389271292331,"1597-2528",0.249167395808924,0.750832604191076
"flair","ratio_counts","Kidney","K32",0.949172688487011,0.254132686574955,10.2274130787615,8.14822466148066,9.37665041323118,"191-575",0.0271027152954699,0.97289728470453
"flair","ratio_counts","Kidney","K32",0.902936956232362,0.328856986938571,10.2274130787615,8.14822466148066,9.34047204236471,"575-813",0.0352077481145498,0.96479225188545
"flair","ratio_counts","Kidney","K32",0.772041179110123,0.284747434973197,10.2274130787615,8.14822466148066,9.3096759207744,"813-1597",0.0305861812372853,0.969413818762715
"flair","ratio_counts","Kidney","K33",0.721423092412212,2.34902931830298,10.2274130787615,8.14822466148066,9.4389271292331,"1597-2528",0.248866135540749,0.751133864459251
"flair","ratio_counts","Kidney","K33",0.949172688487011,0.260014196243407,10.2274130787615,8.14822466148066,9.37665041323118,"191-575",0.0277299659030166,0.972270034096983
"flair","ratio_counts","Kidney","K33",0.880109898350083,0.301766124497685,10.2274130787615,8.14822466148066,9.34047204236471,"575-813",0.0323073740951198,0.96769262590488
"flair","ratio_counts","Kidney","K33",0.704341109441107,0.3359596925357,10.2274130787615,8.14822466148066,9.3096759207744,"813-1597",0.036087152269824,0.963912847730176
"flair","ratio_counts","Kidney","K34",0.716333687880204,2.35956843684765,10.2274130787615,8.14822466148066,9.4389271292331,"1597-2528",0.249982694488643,0.750017305511357
"flair","ratio_counts","Kidney","K34",0.927427609712967,0.319263193454289,10.2274130787615,8.14822466148066,9.37665041323118,"191-575",0.0340487465549301,0.96595125344507
"flair","ratio_counts","Kidney","K34",0.869964539291293,0.314361034581801,10.2274130787615,8.14822466148066,9.34047204236471,"575-813",0.0336557973896804,0.96634420261032
"flair","ratio_counts","Kidney","K34",0.788966196527377,0.291263648840312,10.2274130787615,8.14822466148066,9.3096759207744,"813-1597",0.0312861211624308,0.968713878837569
"flair","ratio_counts","Kidney","K35",0.655260833496101,2.35239817418027,10.2274130787615,8.14822466148066,9.4389271292331,"1597-2528",0.249223046430214,0.750776953569786
"flair","ratio_counts","Kidney","K35",0.949172688487011,0.248891376542801,10.2274130787615,8.14822466148066,9.37665041323118,"191-575",0.0265437406295531,0.973456259370447
"flair","ratio_counts","Kidney","K35",0.902936956232362,0.30900659288639,10.2274130787615,8.14822466148066,9.34047204236471,"575-813",0.0330825456663065,0.966917454333693
"flair","ratio_counts","Kidney","K35",0.6926237896907,0.346656557902661,10.2274130787615,8.14822466148066,9.3096759207744,"813-1597",0.0372361573971767,0.962763842602823
"isoquant","CPM","B20K80","BK20801",0.803416885119689,2.96716442893197,10.941345882157,6.09156234168924,8.16963762182738,"1597-2528",0.363194130055952,0.636805869944048
"isoquant","CPM","B20K80","BK20801",0.88937372185839,1.09411427417016,10.941345882157,6.09156234168924,8.09259891597529,"191-575",0.135199369884785,0.864800630115214
"isoquant","CPM","B20K80","BK20801",0.710175134115341,2.67898382177413,10.941345882157,6.09156234168924,8.61798746156121,"575-813",0.310859563642114,0.689140436357886
"isoquant","CPM","B20K80","BK20801",0.330688801844808,2.89181819382031,10.941345882157,6.09156234168924,8.82151092424315,"813-1597",0.327814386747859,0.672185613252141
"isoquant","CPM","B20K80","BK20802",0.782499704202272,3.15481822785074,10.941345882157,6.09156234168924,8.16963762182738,"1597-2528",0.38616379010763,0.61383620989237
"isoquant","CPM","B20K80","BK20802",0.885024706103581,1.06641335220198,10.941345882157,6.09156234168924,8.09259891597529,"191-575",0.13177637533683,0.86822362466317
"isoquant","CPM","B20K80","BK20802",0.710610690816278,2.70556266816787,10.941345882157,6.09156234168924,8.61798746156121,"575-813",0.313943676552732,0.686056323447268
"isoquant","CPM","B20K80","BK20802",0.341104197178503,2.93318843241012,10.941345882157,6.09156234168924,8.82151092424315,"813-1597",0.332504086612779,0.667495913387221
"isoquant","CPM","B20K80","BK20803",0.800715645483204,3.36551749802739,10.941345882157,6.09156234168924,8.16963762182738,"1597-2528",0.411954318394186,0.588045681605814
"isoquant","CPM","B20K80","BK20803",0.861105119452133,1.03724721873689,10.941345882157,6.09156234168924,8.09259891597529,"191-575",0.128172325047433,0.871827674952567
"isoquant","CPM","B20K80","BK20803",0.710175134115341,2.66380669089118,10.941345882157,6.09156234168924,8.61798746156121,"575-813",0.309098464435293,0.690901535564707
"isoquant","CPM","B20K80","BK20803",0.313763784427554,2.98293487332787,10.941345882157,6.09156234168924,8.82151092424315,"813-1597",0.338143306622249,0.661856693377751
"isoquant","CPM","B20K80","BK20804",0.813135907955705,3.05139477041462,10.941345882157,6.09156234168924,8.16963762182738,"1597-2528",0.373504298680519,0.626495701319481
"isoquant","CPM","B20K80","BK20804",0.845883564310303,1.10707554256696,10.941345882157,6.09156234168924,8.09259891597529,"191-575",0.136800989899737,0.863199010100263
"isoquant","CPM","B20K80","BK20804",0.710175134115341,2.70909725873356,10.941345882157,6.09156234168924,8.61798746156121,"575-813",0.314353817618898,0.685646182381102
"isoquant","CPM","B20K80","BK20804",0.341104197178503,2.91442711253501,10.941345882157,6.09156234168924,8.82151092424315,"813-1597",0.33037731716974,0.66962268283026
"isoquant","CPM","B20K80","BK20805",0.799732568813578,3.30884252018091,10.941345882157,6.09156234168924,8.16963762182738,"1597-2528",0.405017048900732,0.594982951099268
"isoquant","CPM","B20K80","BK20805",0.860017865513431,1.08887667143412,10.941345882157,6.09156234168924,8.09259891597529,"191-575",0.134552160899092,0.865447839100908
"isoquant","CPM","B20K80","BK20805",0.710610690816278,2.67774432337559,10.941345882157,6.09156234168924,8.61798746156121,"575-813",0.310715736744702,0.689284263255298
"isoquant","CPM","B20K80","BK20805",0.303348389093859,2.92204542564424,10.941345882157,6.09156234168924,8.82151092424315,"813-1597",0.331240923549039,0.668759076450961
"isoquant","CPM","B80K20","BK80201",NA,3.18183793999244,9.58147305098662,9.58147305098662,9.58147305098662,"1597-2528",0.332082334632753,0.667917665367247
"isoquant","CPM","B80K20","BK80201",NA,1.07070830164293,9.58147305098662,9.58147305098662,9.58147305098662,"191-575",0.111747775727729,0.888252224272271
"isoquant","CPM","B80K20","BK80201",NA,1.13919994395537,9.58147305098662,9.58147305098662,9.58147305098662,"575-813",0.118896117318627,0.881103882681373
"isoquant","CPM","B80K20","BK80201",NA,2.72043986732914,9.58147305098662,9.58147305098662,9.58147305098662,"813-1597",0.28392710106814,0.71607289893186
"isoquant","CPM","B80K20","BK80202",NA,3.15257648644628,9.58147305098662,9.58147305098662,9.58147305098662,"1597-2528",0.329028372742921,0.670971627257079
"isoquant","CPM","B80K20","BK80202",NA,1.06175129468773,9.58147305098662,9.58147305098662,9.58147305098662,"191-575",0.110812950058697,0.889187049941303
"isoquant","CPM","B80K20","BK80202",NA,1.16104892827862,9.58147305098662,9.58147305098662,9.58147305098662,"575-813",0.121176453985754,0.878823546014246
"isoquant","CPM","B80K20","BK80202",NA,2.73633337735088,9.58147305098662,9.58147305098662,9.58147305098662,"813-1597",0.285585876283305,0.714414123716695
"isoquant","CPM","B80K20","BK80203",NA,3.05778618543717,9.58147305098662,9.58147305098662,9.58147305098662,"1597-2528",0.319135290488794,0.680864709511206
"isoquant","CPM","B80K20","BK80203",NA,1.01507333580812,9.58147305098662,9.58147305098662,9.58147305098662,"191-575",0.10594126084857,0.89405873915143
"isoquant","CPM","B80K20","BK80203",NA,1.18459830197147,9.58147305098662,9.58147305098662,9.58147305098662,"575-813",0.123634257036238,0.876365742963762
"isoquant","CPM","B80K20","BK80203",NA,2.73478301032785,9.58147305098662,9.58147305098662,9.58147305098662,"813-1597",0.285424067445062,0.714575932554938
"isoquant","CPM","B80K20","BK80204",NA,3.1677187543197,9.58147305098662,9.58147305098662,9.58147305098662,"1597-2528",0.330608742253209,0.669391257746791
"isoquant","CPM","B80K20","BK80204",NA,1.03318307975704,9.58147305098662,9.58147305098662,9.58147305098662,"191-575",0.107831340156058,0.892168659843942
"isoquant","CPM","B80K20","BK80204",NA,1.10373718099418,9.58147305098662,9.58147305098662,9.58147305098662,"575-813",0.115194936636651,0.884805063363349
"isoquant","CPM","B80K20","BK80204",NA,2.73592449000418,9.58147305098662,9.58147305098662,9.58147305098662,"813-1597",0.285543201493685,0.714456798506315
"isoquant","CPM","B80K20","BK80205",NA,3.14612158796266,9.58147305098662,9.58147305098662,9.58147305098662,"1597-2528",0.328354687345147,0.671645312654853
"isoquant","CPM","B80K20","BK80205",NA,1.03408154138274,9.58147305098662,9.58147305098662,9.58147305098662,"191-575",0.107925110875959,0.892074889124042
"isoquant","CPM","B80K20","BK80205",NA,1.21375378242714,9.58147305098662,9.58147305098662,9.58147305098662,"575-813",0.126677158717485,0.873322841282515
"isoquant","CPM","B80K20","BK80205",NA,2.72789919954496,9.58147305098662,9.58147305098662,9.58147305098662,"813-1597",0.284705617291702,0.715294382708298
"isoquant","CPM","Brain","B31",NA,3.21751900206448,9.58147305098662,9.58147305098662,9.58147305098662,"1597-2528",0.335806298775027,0.664193701224973
"isoquant","CPM","Brain","B31",NA,0.987489147180502,9.58147305098662,9.58147305098662,9.58147305098662,"191-575",0.103062351887408,0.896937648112592
"isoquant","CPM","Brain","B31",NA,2.53925262564083,9.58147305098662,9.58147305098662,9.58147305098662,"575-813",0.265016935509656,0.734983064490344
"isoquant","CPM","Brain","B31",NA,2.74647564241768,9.58147305098662,9.58147305098662,9.58147305098662,"813-1597",0.28664440507244,0.71335559492756
"isoquant","CPM","Brain","B32",NA,3.06395708882861,9.58147305098662,9.58147305098662,9.58147305098662,"1597-2528",0.319779335862465,0.680220664137535
"isoquant","CPM","Brain","B32",NA,1.00851063473525,9.58147305098662,9.58147305098662,9.58147305098662,"191-575",0.105256324300928,0.894743675699072
"isoquant","CPM","Brain","B32",NA,2.56450502214931,9.58147305098662,9.58147305098662,9.58147305098662,"575-813",0.267652479791219,0.732347520208781
"isoquant","CPM","Brain","B32",NA,2.75249247908464,9.58147305098662,9.58147305098662,9.58147305098662,"813-1597",0.287272370797015,0.712727629202985
"isoquant","CPM","Brain","B33",NA,3.06491138927246,9.58147305098662,9.58147305098662,9.58147305098662,"1597-2528",0.319878934372921,0.680121065627079
"isoquant","CPM","Brain","B33",NA,1.0147766939714,9.58147305098662,9.58147305098662,9.58147305098662,"191-575",0.10591030090795,0.89408969909205
"isoquant","CPM","Brain","B33",NA,2.54431275451391,9.58147305098662,9.58147305098662,9.58147305098662,"575-813",0.265545051473261,0.734454948526739
"isoquant","CPM","Brain","B33",NA,2.74611352742187,9.58147305098662,9.58147305098662,9.58147305098662,"813-1597",0.286606611823544,0.713393388176456
"isoquant","CPM","Brain","B34",NA,3.11117769056454,9.58147305098662,9.58147305098662,9.58147305098662,"1597-2528",0.324707659668696,0.675292340331304
"isoquant","CPM","Brain","B34",NA,1.00275486443009,9.58147305098662,9.58147305098662,9.58147305098662,"191-575",0.10465560557276,0.89534439442724
"isoquant","CPM","Brain","B34",NA,2.54675119946775,9.58147305098662,9.58147305098662,9.58147305098662,"575-813",0.265799547305047,0.734200452694953
"isoquant","CPM","Brain","B34",NA,2.74337055980747,9.58147305098662,9.58147305098662,9.58147305098662,"813-1597",0.28632033354464,0.71367966645536
"isoquant","CPM","Brain","B35",NA,3.03862976478253,9.58147305098662,9.58147305098662,9.58147305098662,"1597-2528",0.317135971537241,0.682864028462759
"isoquant","CPM","Brain","B35",NA,1.04190385808452,9.58147305098662,9.58147305098662,9.58147305098662,"191-575",0.10874151109544,0.89125848890456
"isoquant","CPM","Brain","B35",NA,2.55710922839548,9.58147305098662,9.58147305098662,9.58147305098662,"575-813",0.266880594955299,0.733119405044701
"isoquant","CPM","Brain","B35",NA,2.75494527220747,9.58147305098662,9.58147305098662,9.58147305098662,"813-1597",0.287528364119731,0.712471635880269
"isoquant","CPM","Kidney","K31",0.592915627978996,3.09039649505106,10.2745857333318,8.19538565416613,9.41842017762234,"1597-2528",0.328122597714814,0.671877402285186
"isoquant","CPM","Kidney","K31",0.71541309166604,0.978883475202804,10.2745857333318,8.19538565416613,9.31196563930357,"191-575",0.105121036000302,0.894878963999698
"isoquant","CPM","Kidney","K31",0.626475921880319,1.02927195916361,10.2745857333318,8.19538565416613,9.33688359577145,"575-813",0.110237205873462,0.889762794126538
"isoquant","CPM","Kidney","K31",-0.0677000696690158,2.82520225514434,10.2745857333318,8.19538565416613,9.25533078303635,"813-1597",0.305251354205785,0.694748645794215
"isoquant","CPM","Kidney","K32",0.572558009850962,3.08871531293085,10.2745857333318,8.19538565416613,9.41842017762234,"1597-2528",0.327944098339281,0.672055901660719
"isoquant","CPM","Kidney","K32",0.694755266830698,1.00850183404409,10.2745857333318,8.19538565416613,9.31196563930357,"191-575",0.10830171341993,0.89169828658007
"isoquant","CPM","Kidney","K32",0.636621280939109,1.03716760811178,10.2745857333318,8.19538565416613,9.33688359577145,"575-813",0.111082846591501,0.888917153408499
"isoquant","CPM","Kidney","K32",-0.0572846743353211,2.79905756975659,10.2745857333318,8.19538565416613,9.25533078303635,"813-1597",0.302426529680263,0.697573470319737
"isoquant","CPM","Kidney","K33",0.695129786563925,3.0606307021531,10.2745857333318,8.19538565416613,9.41842017762234,"1597-2528",0.324962217063218,0.675037782936782
"isoquant","CPM","Kidney","K33",0.676271949872761,1.02433615499821,10.2745857333318,8.19538565416613,9.31196563930357,"191-575",0.110002140759061,0.889997859240939
"isoquant","CPM","Kidney","K33",0.611632773166868,1.02893210687986,10.2745857333318,8.19538565416613,9.33688359577145,"575-813",0.11020080697438,0.88979919302562
"isoquant","CPM","Kidney","K33",-0.0677000696690158,2.88031233084002,10.2745857333318,8.19538565416613,9.25533078303635,"813-1597",0.311205768692698,0.688794231307302
"isoquant","CPM","Kidney","K34",0.582736818914979,2.94181169068709,10.2745857333318,8.19538565416613,9.41842017762234,"1597-2528",0.31234661813843,0.68765338186157
"isoquant","CPM","Kidney","K34",0.65561412503742,1.06366069516474,10.2745857333318,8.19538565416613,9.31196563930357,"191-575",0.114225152493614,0.885774847506386
"isoquant","CPM","Kidney","K34",0.558971445186733,1.16612780098905,10.2745857333318,8.19538565416613,9.33688359577145,"575-813",0.124894756267195,0.875105243732805
"isoquant","CPM","Kidney","K34",-0.066398145252304,2.72820562181114,10.2745857333318,8.19538565416613,9.25533078303635,"813-1597",0.294771271364124,0.705228728635876
"isoquant","CPM","Kidney","K35",0.633382909918595,2.946551635352,10.2745857333318,8.19538565416613,9.41842017762234,"1597-2528",0.31284988137956,0.68715011862044
"isoquant","CPM","Kidney","K35",0.695842520769401,1.00178842581283,10.2745857333318,8.19538565416613,9.31196563930357,"191-575",0.107580769154101,0.892419230845899
"isoquant","CPM","Kidney","K35",0.597308014586296,1.05166327180663,10.2745857333318,8.19538565416613,9.33688359577145,"575-813",0.112635362861642,0.887364637138358
"isoquant","CPM","Kidney","K35",-0.0964014944882517,2.77556822061452,10.2745857333318,8.19538565416613,9.25533078303635,"813-1597",0.299888603193062,0.700111396806938
"isoquant","EDA","B20K80","BK20801",0.802431701566871,2.51864938821982,10.941345882157,6.09156234168924,8.16963762182738,"1597-2528",0.308293893169823,0.691706106830177
"isoquant","EDA","B20K80","BK20801",0.88937372185839,1.04783626468335,10.941345882157,6.09156234168924,8.09259891597529,"191-575",0.129480810251804,0.870519189748196
"isoquant","EDA","B20K80","BK20801",0.710175134115341,2.67888030669606,10.941345882157,6.09156234168924,8.61798746156121,"575-813",0.310847552127996,0.689152447872004
"isoquant","EDA","B20K80","BK20801",0.313763784427554,2.78223292927371,10.941345882157,6.09156234168924,8.82151092424315,"813-1597",0.315391881636469,0.684608118363532
"isoquant","EDA","B20K80","BK20802",0.792225892961887,2.8129386239323,10.941345882157,6.09156234168924,8.16963762182738,"1597-2528",0.344316205215367,0.655683794784633
"isoquant","EDA","B20K80","BK20802",0.89915900730671,0.984698483999194,10.941345882157,6.09156234168924,8.09259891597529,"191-575",0.121678893792121,0.878321106207879
"isoquant","EDA","B20K80","BK20802",0.710175134115341,2.71295968171895,10.941345882157,6.09156234168924,8.61798746156121,"575-813",0.314801999169709,0.685198000830291
"isoquant","EDA","B20K80","BK20802",0.330688801844808,2.86930768733737,10.941345882157,6.09156234168924,8.82151092424315,"813-1597",0.325262612264298,0.674737387735702
"isoquant","EDA","B20K80","BK20803",0.799732568813578,3.01440498596814,10.941345882157,6.09156234168924,8.16963762182738,"1597-2528",0.368976584458819,0.631023415541181
"isoquant","EDA","B20K80","BK20803",0.875239420655262,0.981387321010005,10.941345882157,6.09156234168924,8.09259891597529,"191-575",0.121269734383189,0.878730265616811
"isoquant","EDA","B20K80","BK20803",0.710175134115341,2.66446834408236,10.941345882157,6.09156234168924,8.61798746156121,"575-813",0.309175240271198,0.690824759728802
"isoquant","EDA","B20K80","BK20803",0.313763784427554,2.87801062686164,10.941345882157,6.09156234168924,8.82151092424315,"813-1597",0.326249171097475,0.673750828902525
"isoquant","EDA","B20K80","BK20804",0.812637510171855,2.59534831654063,10.941345882157,6.09156234168924,8.16963762182738,"1597-2528",0.317682183308407,0.682317816691593
"isoquant","EDA","B20K80","BK20804",0.861105119452133,1.04176323613793,10.941345882157,6.09156234168924,8.09259891597529,"191-575",0.128730367951564,0.871269632048436
"isoquant","EDA","B20K80","BK20804",0.710175134115341,2.71358463440517,10.941345882157,6.09156234168924,8.61798746156121,"575-813",0.314874516412163,0.685125483587837
"isoquant","EDA","B20K80","BK20804",0.330688801844808,2.81585742369832,10.941345882157,6.09156234168924,8.82151092424315,"813-1597",0.319203529631168,0.680796470368832
"isoquant","EDA","B20K80","BK20805",0.799732568813578,2.89280173162049,10.941345882157,6.09156234168924,8.16963762182738,"1597-2528",0.354091804989195,0.645908195010805
"isoquant","EDA","B20K80","BK20805",0.875239420655262,1.01947878592116,10.941345882157,6.09156234168924,8.09259891597529,"191-575",0.125976685179424,0.874023314820576
"isoquant","EDA","B20K80","BK20805",0.710175134115341,2.68116611693865,10.941345882157,6.09156234168924,8.61798746156121,"575-813",0.311112789255896,0.688887210744104
"isoquant","EDA","B20K80","BK20805",0.303348389093859,2.80164544787481,10.941345882157,6.09156234168924,8.82151092424315,"813-1597",0.317592470488855,0.682407529511145
"isoquant","EDA","B80K20","BK80201",NA,2.87458829081692,9.58147305098662,9.58147305098662,9.58147305098662,"1597-2528",0.300015276932905,0.699984723067095
"isoquant","EDA","B80K20","BK80201",NA,1.05081214944501,9.58147305098662,9.58147305098662,9.58147305098662,"191-575",0.109671252411111,0.890328747588889
"isoquant","EDA","B80K20","BK80201",NA,1.15697261726353,9.58147305098662,9.58147305098662,9.58147305098662,"575-813",0.120751017208611,0.879248982791389
"isoquant","EDA","B80K20","BK80201",NA,2.67657261521579,9.58147305098662,9.58147305098662,9.58147305098662,"813-1597",0.27934875994252,0.72065124005748
"isoquant","EDA","B80K20","BK80202",NA,2.95236199580118,9.58147305098662,9.58147305098662,9.58147305098662,"1597-2528",0.308132369635708,0.691867630364292
"isoquant","EDA","B80K20","BK80202",NA,1.01698504030134,9.58147305098662,9.58147305098662,9.58147305098662,"191-575",0.106140781786848,0.893859218213152
"isoquant","EDA","B80K20","BK80202",NA,1.17686739723801,9.58147305098662,9.58147305098662,9.58147305098662,"575-813",0.122827397308896,0.877172602691104
"isoquant","EDA","B80K20","BK80202",NA,2.7178962262541,9.58147305098662,9.58147305098662,9.58147305098662,"813-1597",0.283661626118568,0.716338373881432
"isoquant","EDA","B80K20","BK80203",NA,2.81915928306606,9.58147305098662,9.58147305098662,9.58147305098662,"1597-2528",0.294230257504692,0.705769742495308
"isoquant","EDA","B80K20","BK80203",NA,0.987779820452087,9.58147305098662,9.58147305098662,9.58147305098662,"191-575",0.103092688900312,0.896907311099688
"isoquant","EDA","B80K20","BK80203",NA,1.20303906184165,9.58147305098662,9.58147305098662,9.58147305098662,"575-813",0.125558883841746,0.874441116158254
"isoquant","EDA","B80K20","BK80203",NA,2.70046934784509,9.58147305098662,9.58147305098662,9.58147305098662,"813-1597",0.281842816180234,0.718157183819766
"isoquant","EDA","B80K20","BK80204",NA,2.8364881112112,9.58147305098662,9.58147305098662,9.58147305098662,"1597-2528",0.296038834124688,0.703961165875312
"isoquant","EDA","B80K20","BK80204",NA,1.0163454652733,9.58147305098662,9.58147305098662,9.58147305098662,"191-575",0.106074030565545,0.893925969434455
"isoquant","EDA","B80K20","BK80204",NA,1.11400135720885,9.58147305098662,9.58147305098662,9.58147305098662,"575-813",0.116266189058909,0.883733810941091
"isoquant","EDA","B80K20","BK80204",NA,2.68287019104834,9.58147305098662,9.58147305098662,9.58147305098662,"813-1597",0.280006025876374,0.719993974123626
"isoquant","EDA","B80K20","BK80205",NA,2.81374636191151,9.58147305098662,9.58147305098662,9.58147305098662,"1597-2528",0.293665321286039,0.706334678713961
"isoquant","EDA","B80K20","BK80205",NA,1.01231068003125,9.58147305098662,9.58147305098662,9.58147305098662,"191-575",0.10565292775384,0.89434707224616
"isoquant","EDA","B80K20","BK80205",NA,1.22968092636396,9.58147305098662,9.58147305098662,9.58147305098662,"575-813",0.128339444239979,0.871660555760021
"isoquant","EDA","B80K20","BK80205",NA,2.66745596662566,9.58147305098662,9.58147305098662,9.58147305098662,"813-1597",0.278397272781661,0.721602727218339
"isoquant","EDA","Brain","B31",NA,2.83186230253549,9.58147305098662,9.58147305098662,9.58147305098662,"1597-2528",0.29555604732864,0.70444395267136
"isoquant","EDA","Brain","B31",NA,0.993363166149756,9.58147305098662,9.58147305098662,9.58147305098662,"191-575",0.103675412002277,0.896324587997723
"isoquant","EDA","Brain","B31",NA,2.53956104397422,9.58147305098662,9.58147305098662,9.58147305098662,"575-813",0.26504912454069,0.73495087545931
"isoquant","EDA","Brain","B31",NA,2.66103121391235,9.58147305098662,9.58147305098662,9.58147305098662,"813-1597",0.277726733640224,0.722273266359776
"isoquant","EDA","Brain","B32",NA,2.83762009393748,9.58147305098662,9.58147305098662,9.58147305098662,"1597-2528",0.296156976994814,0.703843023005186
"isoquant","EDA","Brain","B32",NA,0.986315153717457,9.58147305098662,9.58147305098662,9.58147305098662,"191-575",0.102939824437109,0.897060175562891
"isoquant","EDA","Brain","B32",NA,2.56631953664865,9.58147305098662,9.58147305098662,9.58147305098662,"575-813",0.267841857195892,0.732158142804108
"isoquant","EDA","Brain","B32",NA,2.70437645272409,9.58147305098662,9.58147305098662,9.58147305098662,"813-1597",0.282250593236873,0.717749406763127
"isoquant","EDA","Brain","B33",NA,2.78217103827801,9.58147305098662,9.58147305098662,9.58147305098662,"1597-2528",0.290369865204758,0.709630134795242
"isoquant","EDA","Brain","B33",NA,1.00227046334815,9.58147305098662,9.58147305098662,9.58147305098662,"191-575",0.104605049559153,0.895394950440846
"isoquant","EDA","Brain","B33",NA,2.54595567817955,9.58147305098662,9.58147305098662,9.58147305098662,"575-813",0.265716520271107,0.734283479728893
"isoquant","EDA","Brain","B33",NA,2.6846992620203,9.58147305098662,9.58147305098662,9.58147305098662,"813-1597",0.280196922512228,0.719803077487772
"isoquant","EDA","Brain","B34",NA,2.77141572269773,9.58147305098662,9.58147305098662,9.58147305098662,"1597-2528",0.289247353507126,0.710752646492874
"isoquant","EDA","Brain","B34",NA,0.988510281930303,9.58147305098662,9.58147305098662,9.58147305098662,"191-575",0.103168925766431,0.896831074233569
"isoquant","EDA","Brain","B34",NA,2.54896777167006,9.58147305098662,9.58147305098662,9.58147305098662,"575-813",0.266030886702498,0.733969113297502
"isoquant","EDA","Brain","B34",NA,2.66746398901117,9.58147305098662,9.58147305098662,9.58147305098662,"813-1597",0.27839811006268,0.72160188993732
"isoquant","EDA","Brain","B35",NA,2.74981538400622,9.58147305098662,9.58147305098662,9.58147305098662,"1597-2528",0.286992967508589,0.713007032491411
"isoquant","EDA","Brain","B35",NA,1.00550778791574,9.58147305098662,9.58147305098662,9.58147305098662,"191-575",0.104942922926888,0.895057077073112
"isoquant","EDA","Brain","B35",NA,2.55944265281649,9.58147305098662,9.58147305098662,9.58147305098662,"575-813",0.26712412999512,0.73287587000488
"isoquant","EDA","Brain","B35",NA,2.68890696464586,9.58147305098662,9.58147305098662,9.58147305098662,"813-1597",0.280636072380225,0.719363927619775
"isoquant","EDA","Kidney","K31",0.615817948373035,2.59387913827399,10.2745857333318,8.19538565416613,9.41842017762234,"1597-2528",0.275404907548817,0.724595092451183
"isoquant","EDA","Kidney","K31",0.733896408623977,0.908997825848924,10.2745857333318,8.19538565416613,9.31196563930357,"191-575",0.0976161061003342,0.902383893899666
"isoquant","EDA","Kidney","K31",0.568140107292273,1.03018136909235,10.2745857333318,8.19538565416613,9.33688359577145,"575-813",0.11033460560212,0.88966539439788
"isoquant","EDA","Kidney","K31",-0.101550104503524,2.70463973136691,10.2745857333318,8.19538565416613,9.25533078303635,"813-1597",0.292225074907545,0.707774925092455
"isoquant","EDA","Kidney","K32",0.572558009850962,2.75770929094106,10.2745857333318,8.19538565416613,9.41842017762234,"1597-2528",0.292799560747271,0.707200439252729
"isoquant","EDA","Kidney","K32",0.733896408623977,0.890274391023821,10.2745857333318,8.19538565416613,9.31196563930357,"191-575",0.0956054205425959,0.904394579457404
"isoquant","EDA","Kidney","K32",0.626475921880319,1.05089503696088,10.2745857333318,8.19538565416613,9.33688359577145,"575-813",0.11255308328325,0.88744691671675
"isoquant","EDA","Kidney","K32",-0.091134709169829,2.74231454383128,10.2745857333318,8.19538565416613,9.25533078303635,"813-1597",0.296295681712159,0.703704318287841
"isoquant","EDA","Kidney","K33",0.675618451624135,2.65882968423875,10.2745857333318,8.19538565416613,9.41842017762234,"1597-2528",0.282301026509306,0.717698973490694
"isoquant","EDA","Kidney","K33",0.694755266830698,0.937450861452165,10.2745857333318,8.19538565416613,9.31196563930357,"191-575",0.100671640957889,0.899328359042111
"isoquant","EDA","Kidney","K33",0.601112524233342,1.03489302017624,10.2745857333318,8.19538565416613,9.33688359577145,"575-813",0.110839233408128,0.889160766591872
"isoquant","EDA","Kidney","K33",-0.091134709169829,2.79153739423198,10.2745857333318,8.19538565416613,9.25533078303635,"813-1597",0.301614005989765,0.698385994010235
"isoquant","EDA","Kidney","K34",0.582736818914979,2.65219118877352,10.2745857333318,8.19538565416613,9.41842017762234,"1597-2528",0.281596184790628,0.718403815209372
"isoquant","EDA","Kidney","K34",0.694755266830698,0.945702529051601,10.2745857333318,8.19538565416613,9.31196563930357,"191-575",0.101557776916618,0.898442223083382
"isoquant","EDA","Kidney","K34",0.574480956704017,1.19152039209874,10.2745857333318,8.19538565416613,9.33688359577145,"575-813",0.12761435653309,0.87238564346691
"isoquant","EDA","Kidney","K34",-0.105455877753659,2.70190183495149,10.2745857333318,8.19538565416613,9.25533078303635,"813-1597",0.291929256586234,0.708070743413766
"isoquant","EDA","Kidney","K35",0.598005032511005,2.50448854583289,10.2745857333318,8.19538565416613,9.41842017762234,"1597-2528",0.265913868631963,0.734086131368037
"isoquant","EDA","Kidney","K35",0.734983662562679,0.898556866963667,10.2745857333318,8.19538565416613,9.31196563930357,"191-575",0.096494864969333,0.903505135030667
"isoquant","EDA","Kidney","K35",0.549117559057041,1.06718310644443,10.2745857333318,8.19538565416613,9.33688359577145,"575-813",0.114297570008021,0.885702429991979
"isoquant","EDA","Kidney","K35",-0.157532854422133,2.69600722185395,10.2745857333318,8.19538565416613,9.25533078303635,"813-1597",0.291292368155586,0.708707631844414
"isoquant","TPM","B20K80","BK20801",0.802431701566871,3.92314192849908,10.941345882157,6.09156234168924,8.16963762182738,"1597-2528",0.480210030126349,0.519789969873651
"isoquant","TPM","B20K80","BK20801",0.928514863651669,1.07864533757749,10.941345882157,6.09156234168924,8.09259891597529,"191-575",0.133287878069451,0.866712121930549
"isoquant","TPM","B20K80","BK20801",0.710175134115341,2.71576496138516,10.941345882157,6.09156234168924,8.61798746156121,"575-813",0.315127513644952,0.684872486355048
"isoquant","TPM","B20K80","BK20801",0.307254162343995,3.24229782429578,10.941345882157,6.09156234168924,8.82151092424315,"813-1597",0.367544500272095,0.632455499727905
"isoquant","TPM","B20K80","BK20802",0.771814275751919,4.11063441863116,10.941345882157,6.09156234168924,8.16963762182738,"1597-2528",0.503159945264708,0.496840054735292
"isoquant","TPM","B20K80","BK20802",0.928514863651669,0.97432520457906,10.941345882157,6.09156234168924,8.09259891597529,"191-575",0.120397070792139,0.879602929207861
"isoquant","TPM","B20K80","BK20802",0.720320493174132,2.74486022031217,10.941345882157,6.09156234168924,8.61798746156121,"575-813",0.318503621936683,0.681496378063317
"isoquant","TPM","B20K80","BK20802",0.307254162343995,3.30206398388451,10.941345882157,6.09156234168924,8.82151092424315,"813-1597",0.374319548231792,0.625680451768208
"isoquant","TPM","B20K80","BK20803",0.799732568813578,4.20432730348794,10.941345882157,6.09156234168924,8.16963762182738,"1597-2528",0.514628371306819,0.485371628693181
"isoquant","TPM","B20K80","BK20803",0.928514863651669,1.02454757263475,10.941345882157,6.09156234168924,8.09259891597529,"191-575",0.126603033620291,0.873396966379709
"isoquant","TPM","B20K80","BK20803",0.700029775056551,2.70134993198151,10.941345882157,6.09156234168924,8.61798746156121,"575-813",0.313454845928976,0.686545154071024
"isoquant","TPM","B20K80","BK20803",0.279913749593046,3.35579941135869,10.941345882157,6.09156234168924,8.82151092424315,"813-1597",0.380410956827853,0.619589043172147
"isoquant","TPM","B20K80","BK20804",0.802431701566871,4.00944483067815,10.941345882157,6.09156234168924,8.16963762182738,"1597-2528",0.490773889403104,0.509226110596896
"isoquant","TPM","B20K80","BK20804",0.928514863651669,1.05855693669433,10.941345882157,6.09156234168924,8.09259891597529,"191-575",0.13080556044915,0.86919443955085
"isoquant","TPM","B20K80","BK20804",0.720320493174132,2.74635856847821,10.941345882157,6.09156234168924,8.61798746156121,"575-813",0.31867748482204,0.68132251517796
"isoquant","TPM","B20K80","BK20804",0.307254162343995,3.27049518145066,10.941345882157,6.09156234168924,8.82151092424315,"813-1597",0.370740931971499,0.629259068028501
"isoquant","TPM","B20K80","BK20805",0.799732568813578,4.13752931315068,10.941345882157,6.09156234168924,8.16963762182738,"1597-2528",0.506452000036839,0.493547999963161
"isoquant","TPM","B20K80","BK20805",0.928514863651669,1.05378925980645,10.941345882157,6.09156234168924,8.09259891597529,"191-575",0.130216420058358,0.869783579941642
"isoquant","TPM","B20K80","BK20805",0.700029775056551,2.71374082022892,10.941345882157,6.09156234168924,8.61798746156121,"575-813",0.314892639648527,0.685107360351473
"isoquant","TPM","B20K80","BK20805",0.307254162343995,3.27369091885849,10.941345882157,6.09156234168924,8.82151092424315,"813-1597",0.371103198417153,0.628896801582847
"isoquant","TPM","B80K20","BK80201",NA,4.12047051998753,9.58147305098662,9.58147305098662,9.58147305098662,"1597-2528",0.430045620131785,0.569954379868215
"isoquant","TPM","B80K20","BK80201",NA,0.959034403028042,9.58147305098662,9.58147305098662,9.58147305098662,"191-575",0.10009258471267,0.89990741528733
"isoquant","TPM","B80K20","BK80201",NA,1.22647668319571,9.58147305098662,9.58147305098662,9.58147305098662,"575-813",0.128005023514565,0.871994976485435
"isoquant","TPM","B80K20","BK80201",NA,3.04152091018051,9.58147305098662,9.58147305098662,9.58147305098662,"813-1597",0.317437714847752,0.682562285152248
"isoquant","TPM","B80K20","BK80202",NA,4.09749402461398,9.58147305098662,9.58147305098662,9.58147305098662,"1597-2528",0.427647607294794,0.572352392705206
"isoquant","TPM","B80K20","BK80202",NA,0.956798744263612,9.58147305098662,9.58147305098662,9.58147305098662,"191-575",0.0998592532872687,0.900140746712731
"isoquant","TPM","B80K20","BK80202",NA,1.25199263192941,9.58147305098662,9.58147305098662,9.58147305098662,"575-813",0.130668074237342,0.869331925762658
"isoquant","TPM","B80K20","BK80202",NA,3.06054508788011,9.58147305098662,9.58147305098662,9.58147305098662,"813-1597",0.319423231855248,0.680576768144752
"isoquant","TPM","B80K20","BK80203",NA,3.97476424702762,9.58147305098662,9.58147305098662,9.58147305098662,"1597-2528",0.414838535356349,0.585161464643651
"isoquant","TPM","B80K20","BK80203",NA,0.95160454879767,9.58147305098662,9.58147305098662,9.58147305098662,"191-575",0.0993171450500173,0.900682854949983
"isoquant","TPM","B80K20","BK80203",NA,1.2746816206441,9.58147305098662,9.58147305098662,9.58147305098662,"575-813",0.133036080554738,0.866963919445262
"isoquant","TPM","B80K20","BK80203",NA,3.06404832915079,9.58147305098662,9.58147305098662,9.58147305098662,"813-1597",0.319788858440225,0.680211141559775
"isoquant","TPM","B80K20","BK80204",NA,4.11742826152862,9.58147305098662,9.58147305098662,9.58147305098662,"1597-2528",0.429728105440388,0.570271894559612
"isoquant","TPM","B80K20","BK80204",NA,0.946829462323952,9.58147305098662,9.58147305098662,9.58147305098662,"191-575",0.0988187784159613,0.901181221584039
"isoquant","TPM","B80K20","BK80204",NA,1.1919677641359,9.58147305098662,9.58147305098662,9.58147305098662,"575-813",0.12440339369458,0.87559660630542
"isoquant","TPM","B80K20","BK80204",NA,3.06180220507076,9.58147305098662,9.58147305098662,9.58147305098662,"813-1597",0.319554434769868,0.680445565230132
"isoquant","TPM","B80K20","BK80205",NA,4.0813739394616,9.58147305098662,9.58147305098662,9.58147305098662,"1597-2528",0.42596518486699,0.57403481513301
"isoquant","TPM","B80K20","BK80205",NA,0.94770328846894,9.58147305098662,9.58147305098662,9.58147305098662,"191-575",0.0989099779779012,0.901090022022099
"isoquant","TPM","B80K20","BK80205",NA,1.30437529604448,9.58147305098662,9.58147305098662,9.58147305098662,"575-813",0.136135152612067,0.863864847387933
"isoquant","TPM","B80K20","BK80205",NA,3.05462939140119,9.58147305098662,9.58147305098662,9.58147305098662,"813-1597",0.318805821938481,0.681194178061519
"isoquant","TPM","Brain","B31",NA,4.17390349861008,9.58147305098662,9.58147305098662,9.58147305098662,"1597-2528",0.435622317820984,0.564377682179016
"isoquant","TPM","Brain","B31",NA,0.957379019852788,9.58147305098662,9.58147305098662,9.58147305098662,"191-575",0.099919815539658,0.900080184460342
"isoquant","TPM","Brain","B31",NA,2.57437873550312,9.58147305098662,9.58147305098662,9.58147305098662,"575-813",0.268682980352174,0.731317019647826
"isoquant","TPM","Brain","B31",NA,3.08709491487553,9.58147305098662,9.58147305098662,9.58147305098662,"813-1597",0.322194186472991,0.677805813527009
"isoquant","TPM","Brain","B32",NA,3.98059497266823,9.58147305098662,9.58147305098662,9.58147305098662,"1597-2528",0.415447077029387,0.584552922970613
"isoquant","TPM","Brain","B32",NA,0.9551083532263,9.58147305098662,9.58147305098662,9.58147305098662,"191-575",0.0996828304107113,0.900317169589289
"isoquant","TPM","Brain","B32",NA,2.59937290818614,9.58147305098662,9.58147305098662,9.58147305098662,"575-813",0.271291574307405,0.728708425692595
"isoquant","TPM","Brain","B32",NA,3.08984547263223,9.58147305098662,9.58147305098662,9.58147305098662,"813-1597",0.322481256920517,0.677518743079483
"isoquant","TPM","Brain","B33",NA,3.97193230718285,9.58147305098662,9.58147305098662,9.58147305098662,"1597-2528",0.414542971216085,0.585457028783914
"isoquant","TPM","Brain","B33",NA,0.963930155422554,9.58147305098662,9.58147305098662,9.58147305098662,"191-575",0.100603545017882,0.899396454982118
"isoquant","TPM","Brain","B33",NA,2.57785719468208,9.58147305098662,9.58147305098662,9.58147305098662,"575-813",0.269046020477679,0.730953979522321
"isoquant","TPM","Brain","B33",NA,3.07568826576815,9.58147305098662,9.58147305098662,9.58147305098662,"813-1597",0.321003696342019,0.678996303657981
"isoquant","TPM","Brain","B34",NA,4.03346859986922,9.58147305098662,9.58147305098662,9.58147305098662,"1597-2528",0.420965396281513,0.579034603718487
"isoquant","TPM","Brain","B34",NA,0.963326979453783,9.58147305098662,9.58147305098662,9.58147305098662,"191-575",0.100540592696714,0.899459407303286
"isoquant","TPM","Brain","B34",NA,2.57957134511859,9.58147305098662,9.58147305098662,9.58147305098662,"575-813",0.269224923077248,0.730775076922752
"isoquant","TPM","Brain","B34",NA,3.07246703276165,9.58147305098662,9.58147305098662,9.58147305098662,"813-1597",0.320667502419711,0.679332497580289
"isoquant","TPM","Brain","B35",NA,3.93896138557728,9.58147305098662,9.58147305098662,9.58147305098662,"1597-2528",0.411101859246129,0.588898140753871
"isoquant","TPM","Brain","B35",NA,0.968609753200586,9.58147305098662,9.58147305098662,9.58147305098662,"191-575",0.101091945679568,0.898908054320432
"isoquant","TPM","Brain","B35",NA,2.5908014446881,9.58147305098662,9.58147305098662,9.58147305098662,"575-813",0.270396987070931,0.729603012929069
"isoquant","TPM","Brain","B35",NA,3.08110419565091,9.58147305098662,9.58147305098662,9.58147305098662,"813-1597",0.321568946575876,0.678431053424124
"isoquant","TPM","Kidney","K31",0.62472440630405,4.11170444211353,10.2745857333318,8.19538565416613,9.41842017762234,"1597-2528",0.436559886326023,0.563440113673977
"isoquant","TPM","Kidney","K31",0.807829676455726,0.920171038091014,10.2745857333318,8.19538565416613,9.31196563930357,"191-575",0.0988159829764827,0.901184017023517
"isoquant","TPM","Kidney","K31",0.604917033880389,1.12004897417095,10.2745857333318,8.19538565416613,9.33688359577145,"575-813",0.119959616362595,0.880040383637405
"isoquant","TPM","Kidney","K31",-0.0794173894194224,3.20356114783106,10.2745857333318,8.19538565416613,9.25533078303635,"813-1597",0.346131459040093,0.653868540959907
"isoquant","TPM","Kidney","K32",0.620907352905044,4.10297933775358,10.2745857333318,8.19538565416613,9.41842017762234,"1597-2528",0.435633499076845,0.564366500923155
"isoquant","TPM","Kidney","K32",0.748030709827106,0.923138184935053,10.2745857333318,8.19538565416613,9.31196563930357,"191-575",0.0991346210555919,0.900865378944408
"isoquant","TPM","Kidney","K32",0.547849389174692,1.12635274195649,10.2745857333318,8.19538565416613,9.33688359577145,"575-813",0.120634763237982,0.879365236762018
"isoquant","TPM","Kidney","K32",-0.0963424068366764,3.16902146768794,10.2745857333318,8.19538565416613,9.25533078303635,"813-1597",0.34239959024439,0.65760040975561
"isoquant","TPM","Kidney","K33",0.671801398225129,4.07690069199001,10.2745857333318,8.19538565416613,9.41842017762234,"1597-2528",0.432864600973792,0.567135399026208
"isoquant","TPM","Kidney","K33",0.748030709827106,0.929244190802114,10.2745857333318,8.19538565416613,9.31196563930357,"191-575",0.0997903371636163,0.900209662836384
"isoquant","TPM","Kidney","K33",0.566871937409924,1.11463140811726,10.2745857333318,8.19538565416613,9.33688359577145,"575-813",0.119379383568845,0.880620616431155
"isoquant","TPM","Kidney","K33",-0.0624923720021685,3.26168826066502,10.2745857333318,8.19538565416613,9.25533078303635,"813-1597",0.35241185184253,0.64758814815747
"isoquant","TPM","Kidney","K34",0.592915627978996,3.88244669770784,10.2745857333318,8.19538565416613,9.41842017762234,"1597-2528",0.412218463870653,0.587781536129347
"isoquant","TPM","Kidney","K34",0.71541309166604,0.918523816229555,10.2745857333318,8.19538565416613,9.31196563930357,"191-575",0.098639089941729,0.901360910058271
"isoquant","TPM","Kidney","K34",0.592235335056901,1.24005912395418,10.2745857333318,8.19538565416613,9.33688359577145,"575-813",0.132812957474995,0.867187042525005
"isoquant","TPM","Kidney","K34",-0.0598885231687448,3.04403760037872,10.2745857333318,8.19538565416613,9.25533078303635,"813-1597",0.328895603165042,0.671104396834958
"isoquant","TPM","Kidney","K35",0.60691149044202,3.91341248743257,10.2745857333318,8.19538565416613,9.41842017762234,"1597-2528",0.415506254088199,0.584493745911801
"isoquant","TPM","Kidney","K35",0.758903249214128,0.903888087527752,10.2745857333318,8.19538565416613,9.31196563930357,"191-575",0.0970673778812776,0.902932622118722
"isoquant","TPM","Kidney","K35",0.636621280939109,1.12831318049364,10.2745857333318,8.19538565416613,9.33688359577145,"575-813",0.120844730355708,0.879155269644291
"isoquant","TPM","Kidney","K35",-0.135400139338032,3.105717112049,10.2745857333318,8.19538565416613,9.25533078303635,"813-1597",0.335559817888013,0.664440182111987
"isoquant","cqn","B20K80","BK20801",0.792225892961887,2.50870903168542,10.941345882157,6.09156234168924,8.16963762182738,"1597-2528",0.307077149295182,0.692922850704818
"isoquant","cqn","B20K80","BK20801",0.875239420655262,1.15919054557113,10.941345882157,6.09156234168924,8.09259891597529,"191-575",0.143240825055943,0.856759174944057
"isoquant","cqn","B20K80","BK20801",0.710175134115341,2.35476915840282,10.941345882157,6.09156234168924,8.61798746156121,"575-813",0.273238870316972,0.726761129683028
"isoquant","cqn","B20K80","BK20801",0.286423371676605,2.81975754184146,10.941345882157,6.09156234168924,8.82151092424315,"813-1597",0.319645644159692,0.680354355840308
"isoquant","cqn","B20K80","BK20802",0.799880249415625,2.64716897476047,10.941345882157,6.09156234168924,8.16963762182738,"1597-2528",0.324025262477719,0.675974737522281
"isoquant","cqn","B20K80","BK20802",0.928514863651669,1.04218520085176,10.941345882157,6.09156234168924,8.09259891597529,"191-575",0.128782510003606,0.871217489996394
"isoquant","cqn","B20K80","BK20802",0.710175134115341,2.38752014780811,10.941345882157,6.09156234168924,8.61798746156121,"575-813",0.277039176310846,0.722960823689154
"isoquant","cqn","B20K80","BK20802",0.347613819262062,2.8679277314179,10.941345882157,6.09156234168924,8.82151092424315,"813-1597",0.325106181474684,0.674893818525316
"isoquant","cqn","B20K80","BK20803",0.792225892961887,2.57433543553273,10.941345882157,6.09156234168924,8.16963762182738,"1597-2528",0.315110113165204,0.684889886834796
"isoquant","cqn","B20K80","BK20803",0.88937372185839,1.0992790953802,10.941345882157,6.09156234168924,8.09259891597529,"191-575",0.135837585279329,0.864162414720671
"isoquant","cqn","B20K80","BK20803",0.710175134115341,2.27248125103258,10.941345882157,6.09156234168924,8.61798746156121,"575-813",0.263690480076528,0.736309519923472
"isoquant","cqn","B20K80","BK20803",0.303348389093859,2.94055540612493,10.941345882157,6.09156234168924,8.82151092424315,"813-1597",0.333339201342905,0.666660798657095
"isoquant","cqn","B20K80","BK20804",0.820291866625593,2.45634216609612,10.941345882157,6.09156234168924,8.16963762182738,"1597-2528",0.300667211913212,0.699332788086788
"isoquant","cqn","B20K80","BK20804",0.875239420655262,1.08126434009707,10.941345882157,6.09156234168924,8.09259891597529,"191-575",0.133611507418536,0.866388492581464
"isoquant","cqn","B20K80","BK20804",0.710175134115341,2.23695903013691,10.941345882157,6.09156234168924,8.61798746156121,"575-813",0.259568610434212,0.740431389565788
"isoquant","cqn","B20K80","BK20804",0.347613819262062,2.85351616646696,10.941345882157,6.09156234168924,8.82151092424315,"813-1597",0.323472497055461,0.676527502944539
"isoquant","cqn","B20K80","BK20805",0.792225892961887,2.46667902468052,10.941345882157,6.09156234168924,8.16963762182738,"1597-2528",0.301932489403218,0.698067510596782
"isoquant","cqn","B20K80","BK20805",0.88937372185839,1.09580611563269,10.941345882157,6.09156234168924,8.09259891597529,"191-575",0.135408430222521,0.864591569777479
"isoquant","cqn","B20K80","BK20805",0.710175134115341,2.2362146423733,10.941345882157,6.09156234168924,8.61798746156121,"575-813",0.259482234378674,0.740517765621326
"isoquant","cqn","B20K80","BK20805",0.265592581009216,2.83629154423216,10.941345882157,6.09156234168924,8.82151092424315,"813-1597",0.321519926528403,0.678480073471597
"isoquant","cqn","B80K20","BK80201",NA,2.74527898934706,9.58147305098662,9.58147305098662,9.58147305098662,"1597-2528",0.286519512682278,0.713480487317722
"isoquant","cqn","B80K20","BK80201",NA,1.12505318978346,9.58147305098662,9.58147305098662,9.58147305098662,"191-575",0.1174196476676,0.8825803523324
"isoquant","cqn","B80K20","BK80201",NA,1.16999434574467,9.58147305098662,9.58147305098662,9.58147305098662,"575-813",0.12211007008199,0.87788992991801
"isoquant","cqn","B80K20","BK80201",NA,2.651903590267,9.58147305098662,9.58147305098662,9.58147305098662,"813-1597",0.276774101033862,0.723225898966138
"isoquant","cqn","B80K20","BK80202",NA,2.8363736431465,9.58147305098662,9.58147305098662,9.58147305098662,"1597-2528",0.296026887311908,0.703973112688092
"isoquant","cqn","B80K20","BK80202",NA,1.09838317164263,9.58147305098662,9.58147305098662,9.58147305098662,"191-575",0.114636148930098,0.885363851069902
"isoquant","cqn","B80K20","BK80202",NA,1.20539415804952,9.58147305098662,9.58147305098662,9.58147305098662,"575-813",0.125804680724473,0.874195319275527
"isoquant","cqn","B80K20","BK80202",NA,2.72462408187576,9.58147305098662,9.58147305098662,9.58147305098662,"813-1597",0.284363799530303,0.715636200469697
"isoquant","cqn","B80K20","BK80203",NA,2.69027907626099,9.58147305098662,9.58147305098662,9.58147305098662,"1597-2528",0.280779277042789,0.719220722957211
"isoquant","cqn","B80K20","BK80203",NA,1.04535014450561,9.58147305098662,9.58147305098662,9.58147305098662,"191-575",0.109101193411797,0.890898806588203
"isoquant","cqn","B80K20","BK80203",NA,1.20969076442185,9.58147305098662,9.58147305098662,9.58147305098662,"575-813",0.126253109306328,0.873746890693672
"isoquant","cqn","B80K20","BK80203",NA,2.69414601358048,9.58147305098662,9.58147305098662,9.58147305098662,"813-1597",0.281182861888137,0.718817138111863
"isoquant","cqn","B80K20","BK80204",NA,2.70802361417048,9.58147305098662,9.58147305098662,9.58147305098662,"1597-2528",0.282631240495075,0.717368759504925
"isoquant","cqn","B80K20","BK80204",NA,1.04865263482343,9.58147305098662,9.58147305098662,9.58147305098662,"191-575",0.109445868004132,0.890554131995868
"isoquant","cqn","B80K20","BK80204",NA,1.11640351763669,9.58147305098662,9.58147305098662,9.58147305098662,"575-813",0.116516897944177,0.883483102055823
"isoquant","cqn","B80K20","BK80204",NA,2.69184460330983,9.58147305098662,9.58147305098662,9.58147305098662,"813-1597",0.280942668103903,0.719057331896097
"isoquant","cqn","B80K20","BK80205",NA,2.68236617637926,9.58147305098662,9.58147305098662,9.58147305098662,"1597-2528",0.279953422830224,0.720046577169775
"isoquant","cqn","B80K20","BK80205",NA,1.07433983474991,9.58147305098662,9.58147305098662,9.58147305098662,"191-575",0.112126791886064,0.887873208113936
"isoquant","cqn","B80K20","BK80205",NA,1.26467278052766,9.58147305098662,9.58147305098662,9.58147305098662,"575-813",0.131991477072247,0.868008522927753
"isoquant","cqn","B80K20","BK80205",NA,2.697092933698,9.58147305098662,9.58147305098662,9.58147305098662,"813-1597",0.281490426299354,0.718509573700646
"isoquant","cqn","Brain","B31",NA,2.81786161957703,9.58147305098662,9.58147305098662,9.58147305098662,"1597-2528",0.294094822850529,0.705905177149471
"isoquant","cqn","Brain","B31",NA,1.17240022723553,9.58147305098662,9.58147305098662,9.58147305098662,"191-575",0.122361167327481,0.877638832672519
"isoquant","cqn","Brain","B31",NA,2.37389965830878,9.58147305098662,9.58147305098662,9.58147305098662,"575-813",0.247759362853328,0.752240637146672
"isoquant","cqn","Brain","B31",NA,2.62846328653388,9.58147305098662,9.58147305098662,9.58147305098662,"813-1597",0.274327681406277,0.725672318593723
"isoquant","cqn","Brain","B32",NA,2.85939021509825,9.58147305098662,9.58147305098662,9.58147305098662,"1597-2528",0.298429082864645,0.701570917135355
"isoquant","cqn","Brain","B32",NA,1.17533746784763,9.58147305098662,9.58147305098662,9.58147305098662,"191-575",0.122667721507248,0.877332278492752
"isoquant","cqn","Brain","B32",NA,2.40149159439371,9.58147305098662,9.58147305098662,9.58147305098662,"575-813",0.250639080401778,0.749360919598222
"isoquant","cqn","Brain","B32",NA,2.68345463160425,9.58147305098662,9.58147305098662,9.58147305098662,"813-1597",0.280067022818368,0.719932977181632
"isoquant","cqn","Brain","B33",NA,2.79992574356845,9.58147305098662,9.58147305098662,9.58147305098662,"1597-2528",0.29222288980713,0.70777711019287
"isoquant","cqn","Brain","B33",NA,1.21409852354044,9.58147305098662,9.58147305098662,9.58147305098662,"191-575",0.126713138687524,0.873286861312476
"isoquant","cqn","Brain","B33",NA,2.35462438585365,9.58147305098662,9.58147305098662,9.58147305098662,"575-813",0.245747639566881,0.754252360433119
"isoquant","cqn","Brain","B33",NA,2.66560129331444,9.58147305098662,9.58147305098662,9.58147305098662,"813-1597",0.27820370407867,0.72179629592133
"isoquant","cqn","Brain","B34",NA,2.79254114050294,9.58147305098662,9.58147305098662,9.58147305098662,"1597-2528",0.291452172921927,0.708547827078073
"isoquant","cqn","Brain","B34",NA,1.19340033339924,9.58147305098662,9.58147305098662,9.58147305098662,"191-575",0.12455290820615,0.875447091793849
"isoquant","cqn","Brain","B34",NA,2.34675874669958,9.58147305098662,9.58147305098662,9.58147305098662,"575-813",0.24492671786599,0.75507328213401
"isoquant","cqn","Brain","B34",NA,2.64659790287428,9.58147305098662,9.58147305098662,9.58147305098662,"813-1597",0.276220356597648,0.723779643402352
"isoquant","cqn","Brain","B35",NA,2.74644039323061,9.58147305098662,9.58147305098662,9.58147305098662,"1597-2528",0.286640726182265,0.713359273817735
"isoquant","cqn","Brain","B35",NA,1.1832940310759,9.58147305098662,9.58147305098662,9.58147305098662,"191-575",0.123498132779704,0.876501867220296
"isoquant","cqn","Brain","B35",NA,2.31339952632562,9.58147305098662,9.58147305098662,9.58147305098662,"575-813",0.241445079896916,0.758554920103084
"isoquant","cqn","Brain","B35",NA,2.6421924915967,9.58147305098662,9.58147305098662,9.58147305098662,"813-1597",0.275760572256123,0.724239427743877
"isoquant","cqn","Kidney","K31",0.549655689456924,2.48464169705044,10.2745857333318,8.19538565416613,9.41842017762234,"1597-2528",0.263806631068957,0.736193368931043
"isoquant","cqn","Kidney","K31",0.793695375252597,0.804909308144727,10.2745857333318,8.19538565416613,9.31196563930357,"191-575",0.0864381742075376,0.913561825792462
"isoquant","cqn","Kidney","K31",0.494586254116041,1.07572493894388,10.2745857333318,8.19538565416613,9.33688359577145,"575-813",0.115212418352421,0.884787581647579
"isoquant","cqn","Kidney","K31",-0.0104153953336947,2.59703830977463,10.2745857333318,8.19538565416613,9.25533078303635,"813-1597",0.280599188797727,0.719400811202273
"isoquant","cqn","Kidney","K32",0.608183841575022,2.62781921766256,10.2745857333318,8.19538565416613,9.41842017762234,"1597-2528",0.279008492730673,0.720991507269327
"isoquant","cqn","Kidney","K32",0.753466979520617,0.84495467262718,10.2745857333318,8.19538565416613,9.31196563930357,"191-575",0.0907385943372503,0.90926140566275
"isoquant","cqn","Kidney","K32",0.519949651763018,1.06803133290352,10.2745857333318,8.19538565416613,9.33688359577145,"575-813",0.11438841685755,0.88561158314245
"isoquant","cqn","Kidney","K32",-0.00520769766684737,2.61767971973834,10.2745857333318,8.19538565416613,9.25533078303635,"813-1597",0.282829407300726,0.717170592699274
"isoquant","cqn","Kidney","K33",0.651443780097095,2.53708010616718,10.2745857333318,8.19538565416613,9.41842017762234,"1597-2528",0.269374274912384,0.730625725087616
"isoquant","cqn","Kidney","K33",0.727372884991764,0.845818853868434,10.2745857333318,8.19538565416613,9.31196563930357,"191-575",0.0908313976480363,0.909168602351964
"isoquant","cqn","Kidney","K33",0.507267952939529,1.06410421260424,10.2745857333318,8.19538565416613,9.33688359577145,"575-813",0.113967813959484,0.886032186040516
"isoquant","cqn","Kidney","K33",0.00520769766684737,2.64701628920728,10.2745857333318,8.19538565416613,9.25533078303635,"813-1597",0.285999101626802,0.714000898373198
"isoquant","cqn","Kidney","K34",0.57128565871796,2.5218200207974,10.2745857333318,8.19538565416613,9.41842017762234,"1597-2528",0.267754036583451,0.732245963416549
"isoquant","cqn","Kidney","K34",0.70562780621772,0.851547912911158,10.2745857333318,8.19538565416613,9.31196563930357,"191-575",0.0914466339219486,0.908553366078051
"isoquant","cqn","Kidney","K34",0.469222856469065,1.15892120898854,10.2745857333318,8.19538565416613,9.33688359577145,"575-813",0.124122915007037,0.875877084992963
"isoquant","cqn","Kidney","K34",0.00260384883342369,2.5951046959047,10.2745857333318,8.19538565416613,9.25533078303635,"813-1597",0.280390269860602,0.719609730139398
"isoquant","cqn","Kidney","K35",0.547110987190919,2.41832997781026,10.2745857333318,8.19538565416613,9.41842017762234,"1597-2528",0.256765989646127,0.743234010353873
"isoquant","cqn","Kidney","K35",0.783910089804278,0.82177849209607,10.2745857333318,8.19538565416613,9.31196563930357,"191-575",0.0882497341514599,0.91175026584854
"isoquant","cqn","Kidney","K35",0.460345667292623,1.09434376111486,10.2745857333318,8.19538565416613,9.33688359577145,"575-813",0.117206533624396,0.882793466375604
"isoquant","cqn","Kidney","K35",-0.0781154650027106,2.59114681348055,10.2745857333318,8.19538565416613,9.25533078303635,"813-1597",0.27996263712473,0.72003736287527
"isoquant","ratio_counts","B20K80","BK20801",0.804759990688534,2.11866460598749,10.9180949312313,6.06836418053216,8.21407479297787,"1597-2528",0.257931009807545,0.742068990192455
"isoquant","ratio_counts","B20K80","BK20801",0.949172688487011,0.511036548871017,10.9180949312313,6.06836418053216,8.18120735854307,"191-575",0.062464686014513,0.937535313985487
"isoquant","ratio_counts","B20K80","BK20801",0.814165064467945,2.3786444062895,10.9180949312313,6.06836418053216,8.6455040813761,"575-813",0.275130794445347,0.724869205554653
"isoquant","ratio_counts","B20K80","BK20801",0.751210388442733,2.33671180496454,10.9180949312313,6.06836418053216,8.89977005200642,"813-1597",0.262558671888127,0.737441328111873
"isoquant","ratio_counts","B20K80","BK20802",0.795888620712439,2.16553557236488,10.9180949312313,6.06836418053216,8.21407479297787,"1597-2528",0.263637187016628,0.736362812983372
"isoquant","ratio_counts","B20K80","BK20802",0.949172688487011,0.441226523279493,10.9180949312313,6.06836418053216,8.18120735854307,"191-575",0.0539317125141377,0.946068287485862
"isoquant","ratio_counts","B20K80","BK20802",0.834455782585526,2.37136969530604,10.9180949312313,6.06836418053216,8.6455040813761,"575-813",0.274289350046619,0.725710649953381
"isoquant","ratio_counts","B20K80","BK20802",0.768135405859987,2.33858935303632,10.9180949312313,6.06836418053216,8.89977005200642,"813-1597",0.262769637796327,0.737230362203673
"isoquant","ratio_counts","B20K80","BK20803",0.812862252147804,2.60738730260444,10.9180949312313,6.06836418053216,8.21407479297787,"1597-2528",0.317429213675224,0.682570786324777
"isoquant","ratio_counts","B20K80","BK20803",0.949172688487011,0.471793613119492,10.9180949312313,6.06836418053216,8.18120735854307,"191-575",0.0576679690958854,0.942332030904115
"isoquant","ratio_counts","B20K80","BK20803",0.834455782585526,2.36777351253772,10.9180949312313,6.06836418053216,8.6455040813761,"575-813",0.273873390174936,0.726126609825064
"isoquant","ratio_counts","B20K80","BK20803",0.768135405859987,2.34191930787189,10.9180949312313,6.06836418053216,8.89977005200642,"813-1597",0.263143799692209,0.736856200307791
"isoquant","ratio_counts","B20K80","BK20804",0.804759990688534,2.10426875943936,10.9180949312313,6.06836418053216,8.21407479297787,"1597-2528",0.256178426965175,0.743821573034825
"isoquant","ratio_counts","B20K80","BK20804",0.949172688487011,0.465668766212194,10.9180949312313,6.06836418053216,8.18120735854307,"191-575",0.0569193208048843,0.943080679195116
"isoquant","ratio_counts","B20K80","BK20804",0.814165064467945,2.38560465410179,10.9180949312313,6.06836418053216,8.6455040813761,"575-813",0.275935865815018,0.724064134184982
"isoquant","ratio_counts","B20K80","BK20804",0.768135405859987,2.33889171018794,10.9180949312313,6.06836418053216,8.89977005200642,"813-1597",0.262803611387762,0.737196388612238
"isoquant","ratio_counts","B20K80","BK20805",0.812862252147804,2.59301202470565,10.9180949312313,6.06836418053216,8.21407479297787,"1597-2528",0.315679134906635,0.684320865093365
"isoquant","ratio_counts","B20K80","BK20805",0.949172688487011,0.471242323525968,10.9180949312313,6.06836418053216,8.18120735854307,"191-575",0.0576005842259801,0.94239941577402
"isoquant","ratio_counts","B20K80","BK20805",0.834455782585526,2.37239071359912,10.9180949312313,6.06836418053216,8.6455040813761,"575-813",0.274407448226143,0.725592551773858
"isoquant","ratio_counts","B20K80","BK20805",0.768135405859987,2.3425009363161,10.9180949312313,6.06836418053216,8.89977005200642,"813-1597",0.263209152891315,0.736790847108685
"isoquant","ratio_counts","B80K20","BK80201",0.311376184389764,2.38757972477426,9.7768967577031,9.4892565973559,9.55693663508465,"1597-2528",0.24982688657882,0.75017311342118
"isoquant","ratio_counts","B80K20","BK80201",0.757814820280972,0.200894821192663,9.7768967577031,9.4892565973559,9.60111665971314,"191-575",0.0209241100085399,0.97907588999146
"isoquant","ratio_counts","B80K20","BK80201",0.566946709513841,0.327242232794842,9.7768967577031,9.4892565973559,9.54001662565246,"575-813",0.0343020610587732,0.965697938941227
"isoquant","ratio_counts","B80K20","BK80201",0.402015126103685,2.35060285674754,9.7768967577031,9.4892565973559,9.59077665394903,"813-1597",0.245089938131306,0.754910061868694
"isoquant","ratio_counts","B80K20","BK80202",0.226455406828919,2.38734618296555,9.7768967577031,9.4892565973559,9.55693663508465,"1597-2528",0.24980244968888,0.75019755031112
"isoquant","ratio_counts","B80K20","BK80202",0.845677408139635,0.182575994837066,9.7768967577031,9.4892565973559,9.60111665971314,"191-575",0.0190161208646871,0.980983879135313
"isoquant","ratio_counts","B80K20","BK80202",0.50395263067897,0.338345023890721,9.7768967577031,9.4892565973559,9.54001662565246,"575-813",0.035465873610842,0.964534126389158
"isoquant","ratio_counts","B80K20","BK80202",0.452267016866645,2.3547147025641,9.7768967577031,9.4892565973559,9.59077665394903,"813-1597",0.245518667311947,0.754481332688053
"isoquant","ratio_counts","B80K20","BK80203",0.311376184389764,2.38542238356913,9.7768967577031,9.4892565973559,9.55693663508465,"1597-2528",0.249601150939095,0.750398849060905
"isoquant","ratio_counts","B80K20","BK80203",0.735849173316306,0.239448742107444,9.7768967577031,9.4892565973559,9.60111665971314,"191-575",0.0249396763516254,0.975060323648375
"isoquant","ratio_counts","B80K20","BK80203",0.566946709513841,0.3642311373787,9.7768967577031,9.4892565973559,9.54001662565246,"575-813",0.0381792979688638,0.961820702031136
"isoquant","ratio_counts","B80K20","BK80203",0.301511344577764,2.35977556137722,9.7768967577031,9.4892565973559,9.59077665394903,"813-1597",0.246046347081346,0.753953652918654
"isoquant","ratio_counts","B80K20","BK80204",0.367990036096994,2.38823693818451,9.7768967577031,9.4892565973559,9.55693663508465,"1597-2528",0.249895654787226,0.750104345212774
"isoquant","ratio_counts","B80K20","BK80204",0.845677408139635,0.172001332671946,9.7768967577031,9.4892565973559,9.60111665971314,"191-575",0.0179147216691652,0.982085278330835
"isoquant","ratio_counts","B80K20","BK80204",0.535449670096405,0.332926116987209,9.7768967577031,9.4892565973559,9.54001662565246,"575-813",0.0348978550091824,0.965102144990818
"isoquant","ratio_counts","B80K20","BK80204",0.477392962248126,2.3526800093255,9.7768967577031,9.4892565973559,9.59077665394903,"813-1597",0.245306516272254,0.754693483727746
"isoquant","ratio_counts","B80K20","BK80205",0.254762332682534,2.38931879136603,9.7768967577031,9.4892565973559,9.55693663508465,"1597-2528",0.250008855619546,0.749991144380454
"isoquant","ratio_counts","B80K20","BK80205",0.845677408139635,0.165027030262735,9.7768967577031,9.4892565973559,9.60111665971314,"191-575",0.0171883163294118,0.982811683670588
"isoquant","ratio_counts","B80K20","BK80205",0.535449670096405,0.352950580311082,9.7768967577031,9.4892565973559,9.54001662565246,"575-813",0.0369968516996104,0.96300314830039
"isoquant","ratio_counts","B80K20","BK80205",0.251259453814803,2.35686162654463,9.7768967577031,9.4892565973559,9.59077665394903,"813-1597",0.245742520296746,0.754257479703254
"isoquant","ratio_counts","Brain","B31",0.339683110243379,2.39007976871709,9.7768967577031,9.4892565973559,9.55693663508465,"1597-2528",0.250088481275771,0.749911518724229
"isoquant","ratio_counts","Brain","B31",0.823711761174969,0.134610601250214,9.7768967577031,9.4892565973559,9.60111665971314,"191-575",0.0140203068060873,0.985979693193913
"isoquant","ratio_counts","Brain","B31",0.661437827766148,2.30538647170555,9.7768967577031,9.4892565973559,9.54001662565246,"575-813",0.241654345287672,0.758345654712328
"isoquant","ratio_counts","Brain","B31",0.552770798392567,2.31703089811499,9.7768967577031,9.4892565973559,9.59077665394903,"813-1597",0.241589496004054,0.758410503995946
"isoquant","ratio_counts","Brain","B32",0.254762332682534,2.38398995682043,9.7768967577031,9.4892565973559,9.55693663508465,"1597-2528",0.249451267477124,0.750548732522876
"isoquant","ratio_counts","Brain","B32",0.801746114210303,0.124662360987117,9.7768967577031,9.4892565973559,9.60111665971314,"191-575",0.012984152302847,0.987015847697153
"isoquant","ratio_counts","Brain","B32",0.535449670096405,2.30539099885105,9.7768967577031,9.4892565973559,9.54001662565246,"575-813",0.241654819830398,0.758345180169602
"isoquant","ratio_counts","Brain","B32",0.527644853011086,2.31273423466721,9.7768967577031,9.4892565973559,9.59077665394903,"813-1597",0.241141496472544,0.758858503527456
"isoquant","ratio_counts","Brain","B33",0.254762332682534,2.38282591268077,9.7768967577031,9.4892565973559,9.55693663508465,"1597-2528",0.249329466508456,0.750670533491544
"isoquant","ratio_counts","Brain","B33",0.845677408139635,0.113632998899735,9.7768967577031,9.4892565973559,9.60111665971314,"191-575",0.0118353940408355,0.988164605959165
"isoquant","ratio_counts","Brain","B33",0.661437827766148,2.30490711789532,9.7768967577031,9.4892565973559,9.54001662565246,"575-813",0.241604098644606,0.758395901355394
"isoquant","ratio_counts","Brain","B33",0.628148634537008,2.31321463424877,9.7768967577031,9.4892565973559,9.59077665394903,"813-1597",0.24119158622011,0.75880841377989
"isoquant","ratio_counts","Brain","B34",0.367990036096994,2.379415959629,9.7768967577031,9.4892565973559,9.55693663508465,"1597-2528",0.248972662525968,0.751027337474031
"isoquant","ratio_counts","Brain","B34",0.823711761174969,0.123433750223662,9.7768967577031,9.4892565973559,9.60111665971314,"191-575",0.012856186899759,0.987143813100241
"isoquant","ratio_counts","Brain","B34",0.598443748931276,2.30581250724516,9.7768967577031,9.4892565973559,9.54001662565246,"575-813",0.241699003023221,0.758300996976779
"isoquant","ratio_counts","Brain","B34",0.628148634537008,2.31479770388249,9.7768967577031,9.4892565973559,9.59077665394903,"813-1597",0.24135664789247,0.75864335210753
"isoquant","ratio_counts","Brain","B35",0.169841555121689,2.38571949669086,9.7768967577031,9.4892565973559,9.55693663508465,"1597-2528",0.249632239679459,0.750367760320541
"isoquant","ratio_counts","Brain","B35",0.845677408139635,0.127064226943515,9.7768967577031,9.4892565973559,9.60111665971314,"191-575",0.0132343175744009,0.986765682425599
"isoquant","ratio_counts","Brain","B35",0.661437827766148,2.30460740873827,9.7768967577031,9.4892565973559,9.54001662565246,"575-813",0.241572682645158,0.758427317354842
"isoquant","ratio_counts","Brain","B35",0.653274579918488,2.30995918301227,9.7768967577031,9.4892565973559,9.59077665394903,"813-1597",0.24085215059837,0.75914784940163
"isoquant","ratio_counts","Kidney","K31",0.885556388569488,2.23657826865823,10.2274130787615,8.14822466148066,9.4389271292331,"1597-2528",0.236952594085759,0.763047405914241
"isoquant","ratio_counts","Kidney","K31",0.900246261245412,0.235731292935943,10.2274130787615,8.14822466148066,9.37665041323118,"191-575",0.0251402454551689,0.974859754544831
"isoquant","ratio_counts","Kidney","K31",0.882646238114781,0.35053203376424,10.2274130787615,8.14822466148066,9.34047204236471,"575-813",0.0375282996591997,0.9624717003408
"isoquant","ratio_counts","Kidney","K31",0.548110179435686,2.33426252176274,10.2274130787615,8.14822466148066,9.3096759207744,"813-1597",0.250735099871079,0.749264900128922
"isoquant","ratio_counts","Kidney","K32",0.905914006697522,2.23559394001088,10.2274130787615,8.14822466148066,9.4389271292331,"1597-2528",0.236848310131251,0.763151689868749
"isoquant","ratio_counts","Kidney","K32",0.880675690348773,0.238011380587907,10.2274130787615,8.14822466148066,9.37665041323118,"191-575",0.0253834119966822,0.974616588003318
"isoquant","ratio_counts","Kidney","K32",0.892791597173572,0.359970631977527,10.2274130787615,8.14822466148066,9.34047204236471,"575-813",0.0385388051422713,0.961461194857729
"isoquant","ratio_counts","Kidney","K32",0.615810249104702,2.33492804572707,10.2274130787615,8.14822466148066,9.3096759207744,"813-1597",0.250806587210701,0.749193412789299
"isoquant","ratio_counts","Kidney","K33",0.885556388569488,2.23746423950593,10.2274130787615,8.14822466148066,9.4389271292331,"1597-2528",0.23704645759753,0.76295354240247
"isoquant","ratio_counts","Kidney","K33",0.880675690348773,0.231346003909573,10.2274130787615,8.14822466148066,9.37665041323118,"191-575",0.0246725636249727,0.975327436375027
"isoquant","ratio_counts","Kidney","K33",0.882646238114781,0.376642791691412,10.2274130787615,8.14822466148066,9.34047204236471,"575-813",0.0403237427383871,0.959676257261613
"isoquant","ratio_counts","Kidney","K33",0.412710040097654,2.33754161567498,10.2274130787615,8.14822466148066,9.3096759207744,"813-1597",0.251087324152583,0.748912675847417
"isoquant","ratio_counts","Kidney","K34",0.848658205712426,2.26430637413814,10.2274130787615,8.14822466148066,9.4389271292331,"1597-2528",0.239890227261677,0.760109772738323
"isoquant","ratio_counts","Kidney","K34",0.890460975797092,0.360292868823948,10.2274130787615,8.14822466148066,9.37665041323118,"191-575",0.0384244749399579,0.961575525060042
"isoquant","ratio_counts","Kidney","K34",0.8623555199972,0.384435811163955,10.2274130787615,8.14822466148066,9.34047204236471,"575-813",0.0411580709647548,0.958841929035245
"isoquant","ratio_counts","Kidney","K34",0.598885231687448,2.33444766595321,10.2274130787615,8.14822466148066,9.3096759207744,"813-1597",0.250754987157386,0.749245012842614
"isoquant","ratio_counts","Kidney","K35",0.895735197633505,2.23884875892069,10.2274130787615,8.14822466148066,9.4389271292331,"1597-2528",0.237193139460394,0.762806860539606
"isoquant","ratio_counts","Kidney","K35",0.870890404900453,0.286696743058021,10.2274130787615,8.14822466148066,9.37665041323118,"191-575",0.0305756032723017,0.969424396727698
"isoquant","ratio_counts","Kidney","K35",0.882646238114781,0.36238962881273,10.2274130787615,8.14822466148066,9.34047204236471,"575-813",0.0387977852906227,0.961202214709377
"isoquant","ratio_counts","Kidney","K35",0.492127429517077,2.34155689982207,10.2274130787615,8.14822466148066,9.3096759207744,"813-1597",0.251518626399972,0.748481373600028
"kallisto","CPM","B20K80","BK20801",0.56421675245906,3.3712439017489,10.941345882157,6.09156234168924,8.16963762182738,"1597-2528",0.412655255692336,0.587344744307664
"kallisto","CPM","B20K80","BK20801",0.437163169386571,3.95158098880037,10.941345882157,6.09156234168924,8.09259891597529,"191-575",0.488295667415285,0.511704332584715
"kallisto","CPM","B20K80","BK20801",0.820505913879689,1.55772261146896,10.941345882157,6.09156234168924,8.61798746156121,"575-813",0.180752480601401,0.819247519398599
"kallisto","CPM","B20K80","BK20801",0.788966196527377,0.934714038336846,10.941345882157,6.09156234168924,8.82151092424315,"813-1597",0.105958496947284,0.894041503052716
"kallisto","CPM","B20K80","BK20802",0.571875803397419,3.45657170321463,10.941345882157,6.09156234168924,8.16963762182738,"1597-2528",0.423099758302556,0.576900241697444
"kallisto","CPM","B20K80","BK20802",0.519131263646553,3.93490823923557,10.941345882157,6.09156234168924,8.09259891597529,"191-575",0.486235420795144,0.513764579204856
"kallisto","CPM","B20K80","BK20802",0.820505913879689,1.45523458032113,10.941345882157,6.09156234168924,8.61798746156121,"575-813",0.168860141281466,0.831139858718534
"kallisto","CPM","B20K80","BK20802",0.805891213944631,0.981146663542824,10.941345882157,6.09156234168924,8.82151092424315,"813-1597",0.111222065241279,0.888777934758721
"kallisto","CPM","B20K80","BK20803",0.619986341204689,3.91567280832192,10.941345882157,6.09156234168924,8.16963762182738,"1597-2528",0.479295776578896,0.520704223421104
"kallisto","CPM","B20K80","BK20803",0.490715657636426,3.93280065335409,10.941345882157,6.09156234168924,8.09259891597529,"191-575",0.485974987045324,0.514025012954676
"kallisto","CPM","B20K80","BK20803",0.820505913879689,1.41041863665956,10.941345882157,6.09156234168924,8.61798746156121,"575-813",0.163659861765923,0.836340138234077
"kallisto","CPM","B20K80","BK20803",0.805891213944631,0.978122713942306,10.941345882157,6.09156234168924,8.82151092424315,"813-1597",0.110879272535303,0.889120727464697
"kallisto","CPM","B20K80","BK20804",0.598508538214603,3.69036596411201,10.941345882157,6.09156234168924,8.16963762182738,"1597-2528",0.451717216226605,0.548282783773395
"kallisto","CPM","B20K80","BK20804",0.446999340697769,3.96126465706951,10.941345882157,6.09156234168924,8.09259891597529,"191-575",0.48949227537395,0.51050772462605
"kallisto","CPM","B20K80","BK20804",0.820505913879689,1.51907015854734,10.941345882157,6.09156234168924,8.61798746156121,"575-813",0.176267390190906,0.823732609809094
"kallisto","CPM","B20K80","BK20804",0.788966196527377,1.01752158734144,10.941345882157,6.09156234168924,8.82151092424315,"813-1597",0.115345499889945,0.884654500110055
"kallisto","CPM","B20K80","BK20805",0.598508538214603,3.74100920597064,10.941345882157,6.09156234168924,8.16963762182738,"1597-2528",0.457916174393774,0.542083825606226
"kallisto","CPM","B20K80","BK20805",0.446999340697769,3.95238227233124,10.941345882157,6.09156234168924,8.09259891597529,"191-575",0.488394681778803,0.511605318221197
"kallisto","CPM","B20K80","BK20805",0.820505913879689,1.39597367337378,10.941345882157,6.09156234168924,8.61798746156121,"575-813",0.161983720630859,0.838016279369141
"kallisto","CPM","B20K80","BK20805",0.795475818610936,1.01258677117463,10.941345882157,6.09156234168924,8.82151092424315,"813-1597",0.114786092753324,0.885213907246676
"kallisto","CPM","B80K20","BK80201",NA,3.54908701617233,9.58147305098662,9.58147305098662,9.58147305098662,"1597-2528",0.370411417668902,0.629588582331098
"kallisto","CPM","B80K20","BK80201",NA,4.63709850724159,9.58147305098662,9.58147305098662,9.58147305098662,"191-575",0.483965094152626,0.516034905847375
"kallisto","CPM","B80K20","BK80201",NA,1.02821531357178,9.58147305098662,9.58147305098662,9.58147305098662,"575-813",0.107312863909366,0.892687136090634
"kallisto","CPM","B80K20","BK80201",NA,0.92982856063954,9.58147305098662,9.58147305098662,9.58147305098662,"813-1597",0.0970444268529037,0.902955573147096
"kallisto","CPM","B80K20","BK80202",NA,3.54838365524682,9.58147305098662,9.58147305098662,9.58147305098662,"1597-2528",0.370338009235588,0.629661990764412
"kallisto","CPM","B80K20","BK80202",NA,4.64338823946488,9.58147305098662,9.58147305098662,9.58147305098662,"191-575",0.484621541463996,0.515378458536004
"kallisto","CPM","B80K20","BK80202",NA,1.04669228414202,9.58147305098662,9.58147305098662,9.58147305098662,"575-813",0.109241269956319,0.890758730043681
"kallisto","CPM","B80K20","BK80202",NA,0.946523524030446,9.58147305098662,9.58147305098662,9.58147305098662,"813-1597",0.0987868482219423,0.901213151778058
"kallisto","CPM","B80K20","BK80203",NA,3.50303703022724,9.58147305098662,9.58147305098662,9.58147305098662,"1597-2528",0.365605268791788,0.634394731208212
"kallisto","CPM","B80K20","BK80203",NA,4.62098329111784,9.58147305098662,9.58147305098662,9.58147305098662,"191-575",0.482283179896019,0.517716820103981
"kallisto","CPM","B80K20","BK80203",NA,1.08564917266316,9.58147305098662,9.58147305098662,9.58147305098662,"575-813",0.113307125833994,0.886692874166006
"kallisto","CPM","B80K20","BK80203",NA,0.941113107696739,9.58147305098662,9.58147305098662,9.58147305098662,"813-1597",0.0982221734266455,0.901777826573354
"kallisto","CPM","B80K20","BK80204",NA,3.5413731821191,9.58147305098662,9.58147305098662,9.58147305098662,"1597-2528",0.369606339575775,0.630393660424225
"kallisto","CPM","B80K20","BK80204",NA,4.63102945679196,9.58147305098662,9.58147305098662,9.58147305098662,"191-575",0.483331678975509,0.516668321024491
"kallisto","CPM","B80K20","BK80204",NA,1.00110795585714,9.58147305098662,9.58147305098662,9.58147305098662,"575-813",0.104483720877768,0.895516279122232
"kallisto","CPM","B80K20","BK80204",NA,0.906685743385559,9.58147305098662,9.58147305098662,9.58147305098662,"813-1597",0.0946290553196511,0.905370944680349
"kallisto","CPM","B80K20","BK80205",NA,3.55073421711175,9.58147305098662,9.58147305098662,9.58147305098662,"1597-2528",0.370583332877623,0.629416667122377
"kallisto","CPM","B80K20","BK80205",NA,4.63424749162058,9.58147305098662,9.58147305098662,9.58147305098662,"191-575",0.483667539110115,0.516332460889885
"kallisto","CPM","B80K20","BK80205",NA,1.10963306686035,9.58147305098662,9.58147305098662,9.58147305098662,"575-813",0.115810278957691,0.88418972104231
"kallisto","CPM","B80K20","BK80205",NA,0.998862752076129,9.58147305098662,9.58147305098662,9.58147305098662,"813-1597",0.104249393257258,0.895750606742742
"kallisto","CPM","Brain","B31",NA,3.52726638576811,9.58147305098662,9.58147305098662,9.58147305098662,"1597-2528",0.368134040246025,0.631865959753975
"kallisto","CPM","Brain","B31",NA,4.64069023417795,9.58147305098662,9.58147305098662,9.58147305098662,"191-575",0.484339955817137,0.515660044182863
"kallisto","CPM","Brain","B31",NA,1.00808515460432,9.58147305098662,9.58147305098662,9.58147305098662,"575-813",0.105211917754182,0.894788082245818
"kallisto","CPM","Brain","B31",NA,0.863270971117547,9.58147305098662,9.58147305098662,9.58147305098662,"813-1597",0.0900979386492825,0.909902061350717
"kallisto","CPM","Brain","B32",NA,3.50707379793152,9.58147305098662,9.58147305098662,9.58147305098662,"1597-2528",0.366026578509282,0.633973421490718
"kallisto","CPM","Brain","B32",NA,4.63518550878894,9.58147305098662,9.58147305098662,9.58147305098662,"191-575",0.483765438166279,0.516234561833721
"kallisto","CPM","Brain","B32",NA,1.0507631394423,9.58147305098662,9.58147305098662,9.58147305098662,"575-813",0.109666137330951,0.890333862669049
"kallisto","CPM","Brain","B32",NA,0.896864364271253,9.58147305098662,9.58147305098662,9.58147305098662,"813-1597",0.0936040167830875,0.906395983216913
"kallisto","CPM","Brain","B33",NA,3.51482688327593,9.58147305098662,9.58147305098662,9.58147305098662,"1597-2528",0.366835753184527,0.633164246815473
"kallisto","CPM","Brain","B33",NA,4.6399711579593,9.58147305098662,9.58147305098662,9.58147305098662,"191-575",0.484264907208763,0.515735092791237
"kallisto","CPM","Brain","B33",NA,1.01994875615314,9.58147305098662,9.58147305098662,9.58147305098662,"575-813",0.106450099136699,0.893549900863301
"kallisto","CPM","Brain","B33",NA,0.901403900619548,9.58147305098662,9.58147305098662,9.58147305098662,"813-1597",0.0940777995014795,0.905922200498521
"kallisto","CPM","Brain","B34",NA,3.52380204000051,9.58147305098662,9.58147305098662,9.58147305098662,"1597-2528",0.367772473110244,0.632227526889756
"kallisto","CPM","Brain","B34",NA,4.62805609445265,9.58147305098662,9.58147305098662,9.58147305098662,"191-575",0.483021354840224,0.516978645159776
"kallisto","CPM","Brain","B34",NA,1.02487378063298,9.58147305098662,9.58147305098662,9.58147305098662,"575-813",0.106964114513419,0.893035885486581
"kallisto","CPM","Brain","B34",NA,0.875788674093492,9.58147305098662,9.58147305098662,9.58147305098662,"813-1597",0.0914043873455669,0.908595612654433
"kallisto","CPM","Brain","B35",NA,3.49414942448351,9.58147305098662,9.58147305098662,9.58147305098662,"1597-2528",0.364677686394339,0.635322313605661
"kallisto","CPM","Brain","B35",NA,4.6393451385174,9.58147305098662,9.58147305098662,9.58147305098662,"191-575",0.484199570758034,0.515800429241966
"kallisto","CPM","Brain","B35",NA,1.05086180605029,9.58147305098662,9.58147305098662,9.58147305098662,"575-813",0.109676434975944,0.890323565024056
"kallisto","CPM","Brain","B35",NA,0.918910288987924,9.58147305098662,9.58147305098662,9.58147305098662,"813-1597",0.0959049077420619,0.904095092257938
"kallisto","CPM","Kidney","K31",0.254626295444661,3.40759489418049,10.2745857333318,8.19538565416613,9.41842017762234,"1597-2528",0.36180111206726,0.63819888793274
"kallisto","CPM","Kidney","K31",0.309292942340999,4.59872753977943,10.2745857333318,8.19538565416613,9.31196563930357,"191-575",0.493851429215901,0.506148570784099
"kallisto","CPM","Kidney","K31",0.489513574586646,1.0582951769073,10.2745857333318,8.19538565416613,9.33688359577145,"575-813",0.113345653938171,0.886654346061829
"kallisto","CPM","Kidney","K31",0.272102203092775,1.0279491326968,10.2745857333318,8.19538565416613,9.25533078303635,"813-1597",0.111065628748881,0.888934371251119
"kallisto","CPM","Kidney","K32",0.232983060331865,3.43404052018936,10.2745857333318,8.19538565416613,9.41842017762234,"1597-2528",0.364608974268153,0.635391025731847
"kallisto","CPM","Kidney","K32",0.309292942340999,4.62445182178965,10.2745857333318,8.19538565416613,9.31196563930357,"191-575",0.49661392673862,0.50338607326138
"kallisto","CPM","Kidney","K32",0.476831875763158,1.11377584091822,10.2745857333318,8.19538565416613,9.33688359577145,"575-813",0.119287750510528,0.880712249489472
"kallisto","CPM","Kidney","K32",0.289027220510029,1.0238779148809,10.2745857333318,8.19538565416613,9.25533078303635,"813-1597",0.110625750595269,0.889374249404731
"kallisto","CPM","Kidney","K33",0.277542662034681,3.39865189438858,10.2745857333318,8.19538565416613,9.41842017762234,"1597-2528",0.360851589788232,0.639148410211768
"kallisto","CPM","Kidney","K33",0.309292942340999,4.62515382574504,10.2745857333318,8.19538565416613,9.31196563930357,"191-575",0.496689314039495,0.503310685960505
"kallisto","CPM","Kidney","K33",0.448932138351483,1.04856133604126,10.2745857333318,8.19538565416613,9.33688359577145,"575-813",0.112303138974136,0.887696861025864
"kallisto","CPM","Kidney","K33",0.328084953011384,1.03842471612552,10.2745857333318,8.19538565416613,9.25533078303635,"813-1597",0.112197471972455,0.887802528027545
"kallisto","CPM","Kidney","K34",0.226617402945748,3.40581008565194,10.2745857333318,8.19538565416613,9.41842017762234,"1597-2528",0.361611610166211,0.638388389833789
"kallisto","CPM","Kidney","K34",0.309292942340999,4.64734013278762,10.2745857333318,8.19538565416613,9.31196563930357,"191-575",0.499071872985905,0.500928127014096
"kallisto","CPM","Kidney","K34",0.471759196233762,1.12998243857298,10.2745857333318,8.19538565416613,9.33688359577145,"575-813",0.121023511429952,0.878976488570048
"kallisto","CPM","Kidney","K34",0.229138697341284,1.02154455943354,10.2745857333318,8.19538565416613,9.25533078303635,"813-1597",0.11037364124315,0.88962635875685
"kallisto","CPM","Kidney","K35",0.232983060331865,3.37583215506396,10.2745857333318,8.19538565416613,9.41842017762234,"1597-2528",0.358428705812547,0.641571294187453
"kallisto","CPM","Kidney","K35",0.309292942340999,4.64296876813233,10.2745857333318,8.19538565416613,9.31196563930357,"191-575",0.498602437764104,0.501397562235896
"kallisto","CPM","Kidney","K35",0.459077497410274,1.06448808160438,10.2745857333318,8.19538565416613,9.33688359577145,"575-813",0.114008927142078,0.885991072857922
"kallisto","CPM","Kidney","K35",0.210911755507319,0.995785254961208,10.2745857333318,8.19538565416613,9.25533078303635,"813-1597",0.107590455522814,0.892409544477186
"kallisto","EDA","B20K80","BK20801",0.571875803397419,3.27526803942197,10.941345882157,6.09156234168924,8.16963762182738,"1597-2528",0.400907383048571,0.599092616951429
"kallisto","EDA","B20K80","BK20801",0.451370972391635,3.96084558193799,10.941345882157,6.09156234168924,8.09259891597529,"191-575",0.489440490386721,0.510559509613279
"kallisto","EDA","B20K80","BK20801",0.820505913879689,1.58967926756864,10.941345882157,6.09156234168924,8.61798746156121,"575-813",0.184460615040238,0.815539384959762
"kallisto","EDA","B20K80","BK20801",0.788966196527377,0.950412185938368,10.941345882157,6.09156234168924,8.82151092424315,"813-1597",0.107738027430931,0.892261972569069
"kallisto","EDA","B20K80","BK20802",0.579534854335777,3.35902994308805,10.941345882157,6.09156234168924,8.16963762182738,"1597-2528",0.411160212799831,0.588839787200169
"kallisto","EDA","B20K80","BK20802",0.519131263646553,3.92737215436077,10.941345882157,6.09156234168924,8.09259891597529,"191-575",0.485304189066864,0.514695810933136
"kallisto","EDA","B20K80","BK20802",0.820505913879689,1.47702034858062,10.941345882157,6.09156234168924,8.61798746156121,"575-813",0.171388082794106,0.828611917205894
"kallisto","EDA","B20K80","BK20802",0.795475818610936,0.98386013835256,10.941345882157,6.09156234168924,8.82151092424315,"813-1597",0.111529662752979,0.888470337247021
"kallisto","EDA","B20K80","BK20803",0.627688034884251,3.85496010585194,10.941345882157,6.09156234168924,8.16963762182738,"1597-2528",0.471864271623551,0.528135728376449
"kallisto","EDA","B20K80","BK20803",0.490715657636426,3.9329853553044,10.941345882157,6.09156234168924,8.09259891597529,"191-575",0.48599781060945,0.51400218939055
"kallisto","EDA","B20K80","BK20803",0.820505913879689,1.42856281233917,10.941345882157,6.09156234168924,8.61798746156121,"575-813",0.16576524608686,0.83423475391314
"kallisto","EDA","B20K80","BK20803",0.805891213944631,0.978968216347888,10.941345882157,6.09156234168924,8.82151092424315,"813-1597",0.110975118067076,0.889024881932924
"kallisto","EDA","B20K80","BK20804",0.60618172460197,3.58832758561186,10.941345882157,6.09156234168924,8.16963762182738,"1597-2528",0.439227264624894,0.560772735375106
"kallisto","EDA","B20K80","BK20804",0.461207143702833,3.96111535195669,10.941345882157,6.09156234168924,8.09259891597529,"191-575",0.489473825786325,0.510526174213676
"kallisto","EDA","B20K80","BK20804",0.810360554820898,1.55385577888888,10.941345882157,6.09156234168924,8.61798746156121,"575-813",0.18030378737722,0.81969621262278
"kallisto","EDA","B20K80","BK20804",0.788966196527377,1.03028929177295,10.941345882157,6.09156234168924,8.82151092424315,"813-1597",0.11679283748791,0.88320716251209
"kallisto","EDA","B20K80","BK20805",0.598508538214603,3.631638029835,10.941345882157,6.09156234168924,8.16963762182738,"1597-2528",0.444528655730348,0.555471344269652
"kallisto","EDA","B20K80","BK20805",0.461207143702833,3.95954948641199,10.941345882157,6.09156234168924,8.09259891597529,"191-575",0.489280332254648,0.510719667745352
"kallisto","EDA","B20K80","BK20805",0.810360554820898,1.43425067429994,10.941345882157,6.09156234168924,8.61798746156121,"575-813",0.166425244953898,0.833574755046102
"kallisto","EDA","B20K80","BK20805",0.785060423277241,1.0393416545527,10.941345882157,6.09156234168924,8.82151092424315,"813-1597",0.117819006684716,0.882180993315284
"kallisto","EDA","B80K20","BK80201",NA,3.45712129428193,9.58147305098662,9.58147305098662,9.58147305098662,"1597-2528",0.36081313133015,0.63918686866985
"kallisto","EDA","B80K20","BK80201",NA,4.64268412499933,9.58147305098662,9.58147305098662,9.58147305098662,"191-575",0.484548054385151,0.515451945614849
"kallisto","EDA","B80K20","BK80201",NA,1.05471770307445,9.58147305098662,9.58147305098662,9.58147305098662,"575-813",0.110078867566803,0.889921132433197
"kallisto","EDA","B80K20","BK80201",NA,0.939611371859913,9.58147305098662,9.58147305098662,9.58147305098662,"813-1597",0.0980654401322101,0.90193455986779
"kallisto","EDA","B80K20","BK80202",NA,3.47745277198551,9.58147305098662,9.58147305098662,9.58147305098662,"1597-2528",0.362935088736427,0.637064911263573
"kallisto","EDA","B80K20","BK80202",NA,4.63913565676627,9.58147305098662,9.58147305098662,9.58147305098662,"191-575",0.484177707548692,0.515822292451308
"kallisto","EDA","B80K20","BK80202",NA,1.06670244382275,9.58147305098662,9.58147305098662,9.58147305098662,"575-813",0.111329692015666,0.888670307984334
"kallisto","EDA","B80K20","BK80202",NA,0.964763456228549,9.58147305098662,9.58147305098662,9.58147305098662,"813-1597",0.100690515027771,0.899309484972229
"kallisto","EDA","B80K20","BK80203",NA,3.43242659300815,9.58147305098662,9.58147305098662,9.58147305098662,"1597-2528",0.358235792632606,0.641764207367394
"kallisto","EDA","B80K20","BK80203",NA,4.62123182056326,9.58147305098662,9.58147305098662,9.58147305098662,"191-575",0.482309118438464,0.517690881561536
"kallisto","EDA","B80K20","BK80203",NA,1.11102064565637,9.58147305098662,9.58147305098662,9.58147305098662,"575-813",0.115955097900313,0.884044902099687
"kallisto","EDA","B80K20","BK80203",NA,0.958909774168509,9.58147305098662,9.58147305098662,9.58147305098662,"813-1597",0.100079577437184,0.899920422562816
"kallisto","EDA","B80K20","BK80204",NA,3.44299887540899,9.58147305098662,9.58147305098662,9.58147305098662,"1597-2528",0.359339201507691,0.640660798492309
"kallisto","EDA","B80K20","BK80204",NA,4.63735217138847,9.58147305098662,9.58147305098662,9.58147305098662,"191-575",0.483991568594033,0.516008431405967
"kallisto","EDA","B80K20","BK80204",NA,1.02485219776548,9.58147305098662,9.58147305098662,9.58147305098662,"575-813",0.106961861950856,0.893038138049144
"kallisto","EDA","B80K20","BK80204",NA,0.914255774545879,9.58147305098662,9.58147305098662,9.58147305098662,"813-1597",0.0954191249801341,0.904580875019866
"kallisto","EDA","B80K20","BK80205",NA,3.44700801163092,9.58147305098662,9.58147305098662,9.58147305098662,"1597-2528",0.359757627380267,0.640242372619733
"kallisto","EDA","B80K20","BK80205",NA,4.64519130642609,9.58147305098662,9.58147305098662,9.58147305098662,"191-575",0.48480972411103,0.51519027588897
"kallisto","EDA","B80K20","BK80205",NA,1.14938716275628,9.58147305098662,9.58147305098662,9.58147305098662,"575-813",0.119959337842935,0.880040662157065
"kallisto","EDA","B80K20","BK80205",NA,1.01068833962606,9.58147305098662,9.58147305098662,9.58147305098662,"813-1597",0.105483607191483,0.894516392808517
"kallisto","EDA","Brain","B31",NA,3.44074811496369,9.58147305098662,9.58147305098662,9.58147305098662,"1597-2528",0.359104293948767,0.640895706051233
"kallisto","EDA","Brain","B31",NA,4.65349146788404,9.58147305098662,9.58147305098662,9.58147305098662,"191-575",0.485675996072948,0.514324003927052
"kallisto","EDA","Brain","B31",NA,1.04266790002507,9.58147305098662,9.58147305098662,9.58147305098662,"575-813",0.108821252690128,0.891178747309872
"kallisto","EDA","Brain","B31",NA,0.888330787719752,9.58147305098662,9.58147305098662,9.58147305098662,"813-1597",0.0927133837346939,0.907286616265306
"kallisto","EDA","Brain","B32",NA,3.44740013279991,9.58147305098662,9.58147305098662,9.58147305098662,"1597-2528",0.359798552316016,0.640201447683984
"kallisto","EDA","Brain","B32",NA,4.63854450888747,9.58147305098662,9.58147305098662,9.58147305098662,"191-575",0.484116010576248,0.515883989423752
"kallisto","EDA","Brain","B32",NA,1.0722300496571,9.58147305098662,9.58147305098662,9.58147305098662,"575-813",0.111906597654804,0.888093402345196
"kallisto","EDA","Brain","B32",NA,0.909808303509797,9.58147305098662,9.58147305098662,9.58147305098662,"813-1597",0.0949549509421322,0.905045049057868
"kallisto","EDA","Brain","B33",NA,3.43792473663391,9.58147305098662,9.58147305098662,9.58147305098662,"1597-2528",0.358809623357434,0.641190376642566
"kallisto","EDA","Brain","B33",NA,4.64951961580205,9.58147305098662,9.58147305098662,9.58147305098662,"191-575",0.485261461474682,0.514738538525318
"kallisto","EDA","Brain","B33",NA,1.0582483631484,9.58147305098662,9.58147305098662,9.58147305098662,"575-813",0.110447355799788,0.889552644200212
"kallisto","EDA","Brain","B33",NA,0.929886331562013,9.58147305098662,9.58147305098662,9.58147305098662,"813-1597",0.0970504562934883,0.902949543706512
"kallisto","EDA","Brain","B34",NA,3.44376457364055,9.58147305098662,9.58147305098662,9.58147305098662,"1597-2528",0.359419115966301,0.640580884033699
"kallisto","EDA","Brain","B34",NA,4.64021152007418,9.58147305098662,9.58147305098662,9.58147305098662,"191-575",0.484289993342555,0.515710006657445
"kallisto","EDA","Brain","B34",NA,1.06755778426397,9.58147305098662,9.58147305098662,9.58147305098662,"575-813",0.111418962260092,0.888581037739908
"kallisto","EDA","Brain","B34",NA,0.90749375867426,9.58147305098662,9.58147305098662,9.58147305098662,"813-1597",0.0947133863285054,0.905286613671495
"kallisto","EDA","Brain","B35",NA,3.41875473012051,9.58147305098662,9.58147305098662,9.58147305098662,"1597-2528",0.356808886475809,0.643191113524191
"kallisto","EDA","Brain","B35",NA,4.64697185278384,9.58147305098662,9.58147305098662,9.58147305098662,"191-575",0.484995556325792,0.515004443674208
"kallisto","EDA","Brain","B35",NA,1.09170728331166,9.58147305098662,9.58147305098662,9.58147305098662,"575-813",0.113939399245009,0.886060600754991
"kallisto","EDA","Brain","B35",NA,0.943647904008651,9.58147305098662,9.58147305098662,9.58147305098662,"813-1597",0.0984867252652223,0.901513274734778
"kallisto","EDA","Kidney","K31",0.253353163967438,3.34980996870112,10.2745857333318,8.19538565416613,9.41842017762234,"1597-2528",0.355665802281798,0.644334197718202
"kallisto","EDA","Kidney","K31",0.309292942340999,4.58744800058317,10.2745857333318,8.19538565416613,9.31196563930357,"191-575",0.49264013402505,0.50735986597495
"kallisto","EDA","Kidney","K31",0.457809327527925,1.13328516917794,10.2745857333318,8.19538565416613,9.33688359577145,"575-813",0.121377240869875,0.878622759130125
"kallisto","EDA","Kidney","K31",0.236950243841555,1.06911673873846,10.2745857333318,8.19538565416613,9.25533078303635,"813-1597",0.115513617373675,0.884486382626325
"kallisto","EDA","Kidney","K32",0.210066693741845,3.37407284706786,10.2745857333318,8.19538565416613,9.41842017762234,"1597-2528",0.358241911428466,0.641758088571534
"kallisto","EDA","Kidney","K32",0.309292942340999,4.59407178737541,10.2745857333318,8.19538565416613,9.31196563930357,"191-575",0.493351453959939,0.506648546040061
"kallisto","EDA","Kidney","K32",0.464150176939669,1.16775148289594,10.2745857333318,8.19538565416613,9.33688359577145,"575-813",0.125068656036882,0.874931343963118
"kallisto","EDA","Kidney","K32",0.248667563591962,1.07282490646186,10.2745857333318,8.19538565416613,9.25533078303635,"813-1597",0.115914269474646,0.884085730525354
"kallisto","EDA","Kidney","K33",0.231709928854642,3.34391905308331,10.2745857333318,8.19538565416613,9.41842017762234,"1597-2528",0.355040334792907,0.644959665207093
"kallisto","EDA","Kidney","K33",0.309292942340999,4.60179868152227,10.2745857333318,8.19538565416613,9.31196563930357,"191-575",0.49418123517329,0.50581876482671
"kallisto","EDA","Kidney","K33",0.448932138351483,1.10860303714219,10.2745857333318,8.19538565416613,9.33688359577145,"575-813",0.118733732274895,0.881266267725105
"kallisto","EDA","Kidney","K33",0.28251759842647,1.08946453884162,10.2745857333318,8.19538565416613,9.25533078303635,"813-1597",0.117712112552308,0.882287887447692
"kallisto","EDA","Kidney","K34",0.203701036355729,3.3584857946192,10.2745857333318,8.19538565416613,9.41842017762234,"1597-2528",0.356586957396399,0.643413042603601
"kallisto","EDA","Kidney","K34",0.309292942340999,4.6139614724035,10.2745857333318,8.19538565416613,9.31196563930357,"191-575",0.495487381625323,0.504512618374677
"kallisto","EDA","Kidney","K34",0.471759196233762,1.20485213576777,10.2745857333318,8.19538565416613,9.33688359577145,"575-813",0.129042214504359,0.870957785495641
"kallisto","EDA","Kidney","K34",0.246063714758538,1.09139378435773,10.2745857333318,8.19538565416613,9.25533078303635,"813-1597",0.11792055950697,0.88207944049303
"kallisto","EDA","Kidney","K35",0.183330932720156,3.33991787191852,10.2745857333318,8.19538565416613,9.41842017762234,"1597-2528",0.354615509706606,0.645384490293395
"kallisto","EDA","Kidney","K35",0.309292942340999,4.62983394777616,10.2745857333318,8.19538565416613,9.31196563930357,"191-575",0.497191906318333,0.502808093681667
"kallisto","EDA","Kidney","K35",0.459077497410274,1.16211069102683,10.2745857333318,8.19538565416613,9.33688359577145,"575-813",0.124464515285714,0.875535484714286
"kallisto","EDA","Kidney","K35",0.166646325339116,1.07010804744118,10.2745857333318,8.19538565416613,9.25533078303635,"813-1597",0.115620724156346,0.884379275843654
"kallisto","TPM","B20K80","BK20801",0.56421675245906,3.78204580807194,10.941345882157,6.09156234168924,8.16963762182738,"1597-2528",0.462939237104861,0.537060762895139
"kallisto","TPM","B20K80","BK20801",0.561754672661744,3.92631805793683,10.941345882157,6.09156234168924,8.09259891597529,"191-575",0.485173934690627,0.514826065309373
"kallisto","TPM","B20K80","BK20801",0.820505913879689,1.59127183109363,10.941345882157,6.09156234168924,8.61798746156121,"575-813",0.184645410334045,0.815354589665955
"kallisto","TPM","B20K80","BK20801",0.805891213944631,1.22006183245532,10.941345882157,6.09156234168924,8.82151092424315,"813-1597",0.138305313333838,0.861694686666162
"kallisto","TPM","B20K80","BK20802",0.578258345846051,3.89739335710518,10.941345882157,6.09156234168924,8.16963762182738,"1597-2528",0.47705829040596,0.52294170959404
"kallisto","TPM","B20K80","BK20802",0.519131263646553,3.9068097568266,10.941345882157,6.09156234168924,8.09259891597529,"191-575",0.482763299823783,0.517236700176217
"kallisto","TPM","B20K80","BK20802",0.820505913879689,1.49857062445466,10.941345882157,6.09156234168924,8.61798746156121,"575-813",0.173888698624677,0.826111301375323
"kallisto","TPM","B20K80","BK20802",0.839741248779139,1.32437343391712,10.941345882157,6.09156234168924,8.82151092424315,"813-1597",0.150129999870827,0.849870000129173
"kallisto","TPM","B20K80","BK20803",0.619986341204689,4.22633095841126,10.941345882157,6.09156234168924,8.16963762182738,"1597-2528",0.517321716586239,0.482678283413761
"kallisto","TPM","B20K80","BK20803",0.519131263646553,3.91063322087495,10.941345882157,6.09156234168924,8.09259891597529,"191-575",0.483235764119623,0.516764235880377
"kallisto","TPM","B20K80","BK20803",0.820505913879689,1.45551315554748,10.941345882157,6.09156234168924,8.61798746156121,"575-813",0.168892466140094,0.831107533859906
"kallisto","TPM","B20K80","BK20803",0.805891213944631,1.30493020895646,10.941345882157,6.09156234168924,8.82151092424315,"813-1597",0.147925930168071,0.852074069831929
"kallisto","TPM","B20K80","BK20804",0.598508538214603,4.08046047024313,10.941345882157,6.09156234168924,8.16963762182738,"1597-2528",0.499466519707201,0.500533480292799
"kallisto","TPM","B20K80","BK20804",0.519131263646553,3.92658910503918,10.941345882157,6.09156234168924,8.09259891597529,"191-575",0.485207427899071,0.514792572100929
"kallisto","TPM","B20K80","BK20804",0.820505913879689,1.55545780589474,10.941345882157,6.09156234168924,8.61798746156121,"575-813",0.180489680779015,0.819510319220985
"kallisto","TPM","B20K80","BK20804",0.805891213944631,1.32061689964241,10.941345882157,6.09156234168924,8.82151092424315,"813-1597",0.149704161904183,0.850295838095817
"kallisto","TPM","B20K80","BK20805",0.598508538214603,4.12726074031614,10.941345882157,6.09156234168924,8.16963762182738,"1597-2528",0.505195081026489,0.494804918973511
"kallisto","TPM","B20K80","BK20805",0.533339066651617,3.92437592420982,10.941345882157,6.09156234168924,8.09259891597529,"191-575",0.484933945813484,0.515066054186516
"kallisto","TPM","B20K80","BK20805",0.800215195762108,1.43509310237554,10.941345882157,6.09156234168924,8.61798746156121,"575-813",0.166522997251561,0.833477002748439
"kallisto","TPM","B20K80","BK20805",0.81240083602819,1.29727118470285,10.941345882157,6.09156234168924,8.82151092424315,"813-1597",0.147057708803342,0.852942291196658
"kallisto","TPM","B80K20","BK80201",NA,3.99234432711485,9.58147305098662,9.58147305098662,9.58147305098662,"1597-2528",0.416673334660556,0.583326665339444
"kallisto","TPM","B80K20","BK80201",NA,4.61455171281354,9.58147305098662,9.58147305098662,9.58147305098662,"191-575",0.481611928380717,0.518388071619283
"kallisto","TPM","B80K20","BK80201",NA,1.05504257366662,9.58147305098662,9.58147305098662,9.58147305098662,"575-813",0.110112773688591,0.889887226311409
"kallisto","TPM","B80K20","BK80201",NA,1.23227346509747,9.58147305098662,9.58147305098662,9.58147305098662,"813-1597",0.128610022544559,0.871389977455441
"kallisto","TPM","B80K20","BK80202",NA,3.99532389365941,9.58147305098662,9.58147305098662,9.58147305098662,"1597-2528",0.416984306316867,0.583015693683133
"kallisto","TPM","B80K20","BK80202",NA,4.61842626013324,9.58147305098662,9.58147305098662,9.58147305098662,"191-575",0.482016307467219,0.517983692532781
"kallisto","TPM","B80K20","BK80202",NA,1.07352159426771,9.58147305098662,9.58147305098662,9.58147305098662,"575-813",0.112041393693339,0.887958606306661
"kallisto","TPM","B80K20","BK80202",NA,1.2393114122633,9.58147305098662,9.58147305098662,9.58147305098662,"813-1597",0.129344559617134,0.870655440382866
"kallisto","TPM","B80K20","BK80203",NA,3.91396597839642,9.58147305098662,9.58147305098662,9.58147305098662,"1597-2528",0.40849313644872,0.59150686355128
"kallisto","TPM","B80K20","BK80203",NA,4.60396612494836,9.58147305098662,9.58147305098662,9.58147305098662,"191-575",0.480507130839791,0.519492869160209
"kallisto","TPM","B80K20","BK80203",NA,1.10498828854879,9.58147305098662,9.58147305098662,9.58147305098662,"575-813",0.115325512337063,0.884674487662937
"kallisto","TPM","B80K20","BK80203",NA,1.23981839945773,9.58147305098662,9.58147305098662,9.58147305098662,"813-1597",0.129397472900064,0.870602527099936
"kallisto","TPM","B80K20","BK80204",NA,3.98836950934405,9.58147305098662,9.58147305098662,9.58147305098662,"1597-2528",0.416258490539026,0.583741509460974
"kallisto","TPM","B80K20","BK80204",NA,4.61147164759964,9.58147305098662,9.58147305098662,9.58147305098662,"191-575",0.481290467870677,0.518709532129323
"kallisto","TPM","B80K20","BK80204",NA,1.03423294323284,9.58147305098662,9.58147305098662,9.58147305098662,"575-813",0.107940912397217,0.892059087602783
"kallisto","TPM","B80K20","BK80204",NA,1.21488804879021,9.58147305098662,9.58147305098662,9.58147305098662,"813-1597",0.126795539926411,0.873204460073589
"kallisto","TPM","B80K20","BK80205",NA,3.99324358971474,9.58147305098662,9.58147305098662,9.58147305098662,"1597-2528",0.416767188976599,0.583232811023401
"kallisto","TPM","B80K20","BK80205",NA,4.61283081205912,9.58147305098662,9.58147305098662,9.58147305098662,"191-575",0.481432321263392,0.518567678736608
"kallisto","TPM","B80K20","BK80205",NA,1.13235776304018,9.58147305098662,9.58147305098662,9.58147305098662,"575-813",0.118182011994866,0.881817988005134
"kallisto","TPM","B80K20","BK80205",NA,1.29328783723304,9.58147305098662,9.58147305098662,9.58147305098662,"813-1597",0.134977975761239,0.865022024238761
"kallisto","TPM","Brain","B31",NA,3.9451185704579,9.58147305098662,9.58147305098662,9.58147305098662,"1597-2528",0.411744472845087,0.588255527154913
"kallisto","TPM","Brain","B31",NA,4.61667456173363,9.58147305098662,9.58147305098662,9.58147305098662,"191-575",0.481833486058623,0.518166513941377
"kallisto","TPM","Brain","B31",NA,1.02613590683423,9.58147305098662,9.58147305098662,9.58147305098662,"575-813",0.107095840208888,0.892904159791112
"kallisto","TPM","Brain","B31",NA,1.12209929771393,9.58147305098662,9.58147305098662,9.58147305098662,"813-1597",0.117111355607099,0.882888644392901
"kallisto","TPM","Brain","B32",NA,3.91247274180244,9.58147305098662,9.58147305098662,9.58147305098662,"1597-2528",0.40833729020399,0.59166270979601
"kallisto","TPM","Brain","B32",NA,4.61229366761675,9.58147305098662,9.58147305098662,9.58147305098662,"191-575",0.481376260526226,0.518623739473774
"kallisto","TPM","Brain","B32",NA,1.07003765793299,9.58147305098662,9.58147305098662,9.58147305098662,"575-813",0.111677781927572,0.888322218072428
"kallisto","TPM","Brain","B32",NA,1.16351294227938,9.58147305098662,9.58147305098662,9.58147305098662,"813-1597",0.121433618410018,0.878566381589982
"kallisto","TPM","Brain","B33",NA,3.91381252890136,9.58147305098662,9.58147305098662,9.58147305098662,"1597-2528",0.408477121218678,0.591522878781322
"kallisto","TPM","Brain","B33",NA,4.61625172457743,9.58147305098662,9.58147305098662,9.58147305098662,"191-575",0.48178935535409,0.51821064464591
"kallisto","TPM","Brain","B33",NA,1.0363553294764,9.58147305098662,9.58147305098662,9.58147305098662,"575-813",0.108162421786459,0.891837578213541
"kallisto","TPM","Brain","B33",NA,1.15096795358513,9.58147305098662,9.58147305098662,9.58147305098662,"813-1597",0.120124321955548,0.879875678044452
"kallisto","TPM","Brain","B34",NA,3.92098605975207,9.58147305098662,9.58147305098662,9.58147305098662,"1597-2528",0.409225808900889,0.590774191099111
"kallisto","TPM","Brain","B34",NA,4.60926767163688,9.58147305098662,9.58147305098662,9.58147305098662,"191-575",0.481060443118635,0.518939556881365
"kallisto","TPM","Brain","B34",NA,1.03814113481355,9.58147305098662,9.58147305098662,9.58147305098662,"575-813",0.108348802870833,0.891651197129167
"kallisto","TPM","Brain","B34",NA,1.11710293152611,9.58147305098662,9.58147305098662,9.58147305098662,"813-1597",0.11658989443289,0.88341010556711
"kallisto","TPM","Brain","B35",NA,3.88952972747005,9.58147305098662,9.58147305098662,9.58147305098662,"1597-2528",0.405942771719171,0.594057228280829
"kallisto","TPM","Brain","B35",NA,4.61548216019964,9.58147305098662,9.58147305098662,9.58147305098662,"191-575",0.481709037393199,0.518290962606801
"kallisto","TPM","Brain","B35",NA,1.06586360762358,9.58147305098662,9.58147305098662,9.58147305098662,"575-813",0.111242144287389,0.888757855712611
"kallisto","TPM","Brain","B35",NA,1.16803875427255,9.58147305098662,9.58147305098662,9.58147305098662,"813-1597",0.121905968743739,0.878094031256261
"kallisto","TPM","Kidney","K31",0.210066693741845,3.78111075996423,10.2745857333318,8.19538565416613,9.41842017762234,"1597-2528",0.401459128883201,0.598540871116799
"kallisto","TPM","Kidney","K31",0.320222021575663,4.57421448656157,10.2745857333318,8.19538565416613,9.31196563930357,"191-575",0.491219003993626,0.508780996006374
"kallisto","TPM","Kidney","K31",0.564335597645226,1.07076776155502,10.2745857333318,8.19538565416613,9.33688359577145,"575-813",0.114681494159353,0.885318505840647
"kallisto","TPM","Kidney","K31",0.165344400922404,1.35191283598762,10.2745857333318,8.19538565416613,9.25533078303635,"813-1597",0.146068559587894,0.853931440412106
"kallisto","TPM","Kidney","K32",0.188423458629049,3.81918944406478,10.2745857333318,8.19538565416613,9.41842017762234,"1597-2528",0.405502130085358,0.594497869914642
"kallisto","TPM","Kidney","K32",0.320222021575663,4.58944178344822,10.2745857333318,8.19538565416613,9.31196563930357,"191-575",0.49285424379975,0.50714575620025
"kallisto","TPM","Kidney","K32",0.541508539762948,1.12860349125832,10.2745857333318,8.19538565416613,9.33688359577145,"575-813",0.120875823253216,0.879124176746784
"kallisto","TPM","Kidney","K32",0.220025226424301,1.35314320626102,10.2745857333318,8.19538565416613,9.25533078303635,"813-1597",0.146201495979066,0.853798504020934
"kallisto","TPM","Kidney","K33",0.220251745559632,3.76832938599114,10.2745857333318,8.19538565416613,9.41842017762234,"1597-2528",0.400102067536177,0.599897932463823
"kallisto","TPM","Kidney","K33",0.309292942340999,4.58922042410703,10.2745857333318,8.19538565416613,9.31196563930357,"191-575",0.49283047230512,0.50716952769488
"kallisto","TPM","Kidney","K33",0.545313049409994,1.06277729718724,10.2745857333318,8.19538565416613,9.33688359577145,"575-813",0.113825698509143,0.886174301490857
"kallisto","TPM","Kidney","K33",0.231742546174708,1.35286612885602,10.2745857333318,8.19538565416613,9.25533078303635,"813-1597",0.146171558917767,0.853828441082233
"kallisto","TPM","Kidney","K34",0.236802454763535,3.75110451494442,10.2745857333318,8.19538565416613,9.41842017762234,"1597-2528",0.398273218247031,0.601726781752969
"kallisto","TPM","Kidney","K34",0.320222021575663,4.59877247012774,10.2745857333318,8.19538565416613,9.31196563930357,"191-575",0.493856254228154,0.506143745771846
"kallisto","TPM","Kidney","K34",0.507267952939529,1.1361159169759,10.2745857333318,8.19538565416613,9.33688359577145,"575-813",0.121680419951945,0.878319580048055
"kallisto","TPM","Kidney","K34",0.18357134275637,1.29501057323115,10.2745857333318,8.19538565416613,9.25533078303635,"813-1597",0.139920506742418,0.860079493257582
"kallisto","TPM","Kidney","K35",0.232983060331865,3.70668581433752,10.2745857333318,8.19538565416613,9.41842017762234,"1597-2528",0.393557066305494,0.606442933694506
"kallisto","TPM","Kidney","K35",0.309292942340999,4.59754606556347,10.2745857333318,8.19538565416613,9.31196563930357,"191-575",0.493724552221104,0.506275447778896
"kallisto","TPM","Kidney","K35",0.536435860233552,1.07203504535757,10.2745857333318,8.19538565416613,9.33688359577145,"575-813",0.114817222937542,0.885182777062458
"kallisto","TPM","Kidney","K35",0.131494366087896,1.25274384104679,10.2745857333318,8.19538565416613,9.25533078303635,"813-1597",0.135353762108955,0.864646237891045
"kallisto","cqn","B20K80","BK20801",0.55017515907207,3.34008146645065,10.941345882157,6.09156234168924,8.16963762182738,"1597-2528",0.408840834938226,0.591159165061774
"kallisto","cqn","B20K80","BK20801",0.432791537692705,4.21131571529655,10.941345882157,6.09156234168924,8.09259891597529,"191-575",0.520391008997512,0.479608991002488
"kallisto","cqn","B20K80","BK20801",0.820505913879689,1.78816592012847,10.941345882157,6.09156234168924,8.61798746156121,"575-813",0.207492286117173,0.792507713882827
"kallisto","cqn","B20K80","BK20801",0.772041179110123,0.992126363255275,10.941345882157,6.09156234168924,8.82151092424315,"813-1597",0.112466715937372,0.887533284062628
"kallisto","cqn","B20K80","BK20802",0.571875803397419,3.40626500741089,10.941345882157,6.09156234168924,8.16963762182738,"1597-2528",0.416941994870145,0.583058005129855
"kallisto","cqn","B20K80","BK20802",0.519131263646553,4.12258056834859,10.941345882157,6.09156234168924,8.09259891597529,"191-575",0.509426033731927,0.490573966268073
"kallisto","cqn","B20K80","BK20802",0.810360554820898,1.76700202208197,10.941345882157,6.09156234168924,8.61798746156121,"575-813",0.205036504167977,0.794963495832023
"kallisto","cqn","B20K80","BK20802",0.778550801193682,1.00426817712546,10.941345882157,6.09156234168924,8.82151092424315,"813-1597",0.113843103040948,0.886156896959052
"kallisto","cqn","B20K80","BK20803",0.578258345846051,3.47522785918017,10.941345882157,6.09156234168924,8.16963762182738,"1597-2528",0.425383354813091,0.574616645186909
"kallisto","cqn","B20K80","BK20803",0.480879486325228,4.17825648113001,10.941345882157,6.09156234168924,8.09259891597529,"191-575",0.516305889432118,0.483694110567882
"kallisto","cqn","B20K80","BK20803",0.810360554820898,1.66479585047327,10.941345882157,6.09156234168924,8.61798746156121,"575-813",0.19317687080641,0.80682312919359
"kallisto","cqn","B20K80","BK20803",0.772041179110123,1.00951310830237,10.941345882157,6.09156234168924,8.82151092424315,"813-1597",0.114437664587372,0.885562335412628
"kallisto","cqn","B20K80","BK20804",0.578258345846051,3.40820720759508,10.941345882157,6.09156234168924,8.16963762182738,"1597-2528",0.417179728815528,0.582820271184472
"kallisto","cqn","B20K80","BK20804",0.461207143702833,4.21949124831025,10.941345882157,6.09156234168924,8.09259891597529,"191-575",0.52140125713888,0.47859874286112
"kallisto","cqn","B20K80","BK20804",0.820505913879689,1.70226262645993,10.941345882157,6.09156234168924,8.61798746156121,"575-813",0.197524379566869,0.802475620433131
"kallisto","cqn","B20K80","BK20804",0.734285371025479,1.07341976026083,10.941345882157,6.09156234168924,8.82151092424315,"813-1597",0.12168207572139,0.87831792427861
"kallisto","cqn","B20K80","BK20805",0.578258345846051,3.44912489957389,10.941345882157,6.09156234168924,8.16963762182738,"1597-2528",0.42218823639847,0.57781176360153
"kallisto","cqn","B20K80","BK20805",0.432791537692705,4.20836555162442,10.941345882157,6.09156234168924,8.09259891597529,"191-575",0.520026458164984,0.479973541835016
"kallisto","cqn","B20K80","BK20805",0.820505913879689,1.72804473078451,10.941345882157,6.09156234168924,8.61798746156121,"575-813",0.200516041418267,0.799483958581733
"kallisto","cqn","B20K80","BK20805",0.740794993109039,1.15277082835755,10.941345882157,6.09156234168924,8.82151092424315,"813-1597",0.130677254526718,0.869322745473282
"kallisto","cqn","B80K20","BK80201",NA,3.4374614929048,9.58147305098662,9.58147305098662,9.58147305098662,"1597-2528",0.358761275496239,0.641238724503761
"kallisto","cqn","B80K20","BK80201",NA,4.72699409634416,9.58147305098662,9.58147305098662,9.58147305098662,"191-575",0.493347324695279,0.506652675304721
"kallisto","cqn","B80K20","BK80201",NA,1.19409846193671,9.58147305098662,9.58147305098662,9.58147305098662,"575-813",0.12462577054514,0.87537422945486
"kallisto","cqn","B80K20","BK80201",NA,1.0535017211214,9.58147305098662,9.58147305098662,9.58147305098662,"813-1597",0.109951957858184,0.890048042141816
"kallisto","cqn","B80K20","BK80202",NA,3.4445498238035,9.58147305098662,9.58147305098662,9.58147305098662,"1597-2528",0.359501071022561,0.640498928977439
"kallisto","cqn","B80K20","BK80202",NA,4.75317104322905,9.58147305098662,9.58147305098662,9.58147305098662,"191-575",0.496079362529711,0.503920637470289
"kallisto","cqn","B80K20","BK80202",NA,1.19771915937791,9.58147305098662,9.58147305098662,9.58147305098662,"575-813",0.125003655805782,0.874996344194218
"kallisto","cqn","B80K20","BK80202",NA,1.06368871050254,9.58147305098662,9.58147305098662,9.58147305098662,"813-1597",0.111015154438389,0.888984845561611
"kallisto","cqn","B80K20","BK80203",NA,3.41945646568885,9.58147305098662,9.58147305098662,9.58147305098662,"1597-2528",0.356882125273707,0.643117874726293
"kallisto","cqn","B80K20","BK80203",NA,4.72332699040716,9.58147305098662,9.58147305098662,9.58147305098662,"191-575",0.492964595868773,0.507035404131227
"kallisto","cqn","B80K20","BK80203",NA,1.38072018186654,9.58147305098662,9.58147305098662,9.58147305098662,"575-813",0.144103122194177,0.855896877805823
"kallisto","cqn","B80K20","BK80203",NA,1.04614221060963,9.58147305098662,9.58147305098662,9.58147305098662,"813-1597",0.109183859834778,0.890816140165222
"kallisto","cqn","B80K20","BK80204",NA,3.42476010511508,9.58147305098662,9.58147305098662,9.58147305098662,"1597-2528",0.357435655967579,0.642564344032421
"kallisto","cqn","B80K20","BK80204",NA,4.79119859349851,9.58147305098662,9.58147305098662,9.58147305098662,"191-575",0.500048225153141,0.499951774846859
"kallisto","cqn","B80K20","BK80204",NA,1.19819255312617,9.58147305098662,9.58147305098662,9.58147305098662,"575-813",0.125053063005045,0.874946936994955
"kallisto","cqn","B80K20","BK80204",NA,1.01156100220597,9.58147305098662,9.58147305098662,9.58147305098662,"813-1597",0.105574685314364,0.894425314685636
"kallisto","cqn","B80K20","BK80205",NA,3.43373974835575,9.58147305098662,9.58147305098662,9.58147305098662,"1597-2528",0.358372844142391,0.641627155857609
"kallisto","cqn","B80K20","BK80205",NA,4.74211351153719,9.58147305098662,9.58147305098662,9.58147305098662,"191-575",0.494925309115061,0.505074690884939
"kallisto","cqn","B80K20","BK80205",NA,1.39851743156963,9.58147305098662,9.58147305098662,9.58147305098662,"575-813",0.145960587075452,0.854039412924548
"kallisto","cqn","B80K20","BK80205",NA,1.12906861721838,9.58147305098662,9.58147305098662,9.58147305098662,"813-1597",0.117838730142034,0.882161269857966
"kallisto","cqn","Brain","B31",NA,3.41851967816092,9.58147305098662,9.58147305098662,9.58147305098662,"1597-2528",0.356784354552759,0.643215645447241
"kallisto","cqn","Brain","B31",NA,4.70918118680487,9.58147305098662,9.58147305098662,9.58147305098662,"191-575",0.491488225426878,0.508511774573122
"kallisto","cqn","Brain","B31",NA,1.11512360177976,9.58147305098662,9.58147305098662,9.58147305098662,"575-813",0.116383315576402,0.883616684423598
"kallisto","cqn","Brain","B31",NA,0.963576437948637,9.58147305098662,9.58147305098662,9.58147305098662,"813-1597",0.10056662820227,0.89943337179773
"kallisto","cqn","Brain","B32",NA,3.42087315428529,9.58147305098662,9.58147305098662,9.58147305098662,"1597-2528",0.357029982350473,0.642970017649527
"kallisto","cqn","Brain","B32",NA,4.68772315877102,9.58147305098662,9.58147305098662,9.58147305098662,"191-575",0.489248692119247,0.510751307880753
"kallisto","cqn","Brain","B32",NA,1.14802839603709,9.58147305098662,9.58147305098662,9.58147305098662,"575-813",0.119817525961613,0.880182474038387
"kallisto","cqn","Brain","B32",NA,0.976491203013954,9.58147305098662,9.58147305098662,9.58147305098662,"813-1597",0.101914517508704,0.898085482491296
"kallisto","cqn","Brain","B33",NA,3.42776683657059,9.58147305098662,9.58147305098662,9.58147305098662,"1597-2528",0.357749462773642,0.642250537226358
"kallisto","cqn","Brain","B33",NA,4.69894873103848,9.58147305098662,9.58147305098662,9.58147305098662,"191-575",0.490420283607083,0.509579716392917
"kallisto","cqn","Brain","B33",NA,1.14049032395873,9.58147305098662,9.58147305098662,9.58147305098662,"575-813",0.119030791809334,0.880969208190666
"kallisto","cqn","Brain","B33",NA,1.02960654066934,9.58147305098662,9.58147305098662,9.58147305098662,"813-1597",0.107458063618237,0.892541936381763
"kallisto","cqn","Brain","B34",NA,3.43179494925259,9.58147305098662,9.58147305098662,9.58147305098662,"1597-2528",0.358169869183028,0.641830130816972
"kallisto","cqn","Brain","B34",NA,4.69084770348867,9.58147305098662,9.58147305098662,9.58147305098662,"191-575",0.489574794869944,0.510425205130056
"kallisto","cqn","Brain","B34",NA,1.15048097324373,9.58147305098662,9.58147305098662,9.58147305098662,"575-813",0.12007349674957,0.87992650325043
"kallisto","cqn","Brain","B34",NA,0.974422909897066,9.58147305098662,9.58147305098662,9.58147305098662,"813-1597",0.10169865371554,0.89830134628446
"kallisto","cqn","Brain","B35",NA,3.41352240280364,9.58147305098662,9.58147305098662,9.58147305098662,"1597-2528",0.356262798490274,0.643737201509726
"kallisto","cqn","Brain","B35",NA,4.69475007370652,9.58147305098662,9.58147305098662,9.58147305098662,"191-575",0.489982077779062,0.510017922220938
"kallisto","cqn","Brain","B35",NA,1.1893836907875,9.58147305098662,9.58147305098662,9.58147305098662,"575-813",0.124133698906039,0.875866301093961
"kallisto","cqn","Brain","B35",NA,1.03971893784121,9.58147305098662,9.58147305098662,9.58147305098662,"813-1597",0.108513475152356,0.891486524847644
"kallisto","cqn","Kidney","K31",0.221524877036855,3.38067147073205,10.2745857333318,8.19538565416613,9.41842017762234,"1597-2528",0.358942519761896,0.641057480238104
"kallisto","cqn","Kidney","K31",0.308200034417533,4.62602857019488,10.2745857333318,8.19538565416613,9.31196563930357,"191-575",0.496783251719651,0.503216748280349
"kallisto","cqn","Kidney","K31",0.358892076704717,1.27517331697704,10.2745857333318,8.19538565416613,9.33688359577145,"575-813",0.136573761887162,0.863426238112838
"kallisto","cqn","Kidney","K31",0.141909761421591,1.14556950215036,10.2745857333318,8.19538565416613,9.25533078303635,"813-1597",0.12377402050827,0.87622597949173
"kallisto","cqn","Kidney","K32",0.176965275334039,3.37605875920044,10.2745857333318,8.19538565416613,9.41842017762234,"1597-2528",0.358452765488397,0.641547234511603
"kallisto","cqn","Kidney","K32",0.318036205728731,4.59057974200448,10.2745857333318,8.19538565416613,9.31196563930357,"191-575",0.492976447703881,0.507023552296119
"kallisto","cqn","Kidney","K32",0.400741682822228,1.15527503221644,10.2745857333318,8.19538565416613,9.33688359577145,"575-813",0.123732401755512,0.876267598244488
"kallisto","cqn","Kidney","K32",0.141909761421591,1.05037773108175,10.2745857333318,8.19538565416613,9.25533078303635,"813-1597",0.113488945528228,0.886511054471772
"kallisto","cqn","Kidney","K33",0.212612956696292,3.35854350896216,10.2745857333318,8.19538565416613,9.41842017762234,"1597-2528",0.356593085212091,0.643406914787909
"kallisto","cqn","Kidney","K33",0.308200034417533,4.60766145995911,10.2745857333318,8.19538565416613,9.31196563930357,"191-575",0.49481083140076,0.50518916859924
"kallisto","cqn","Kidney","K33",0.400741682822228,1.15569903612535,10.2745857333318,8.19538565416613,9.33688359577145,"575-813",0.123777813471805,0.876222186528195
"kallisto","cqn","Kidney","K33",0.141909761421591,1.07449949021895,10.2745857333318,8.19538565416613,9.25533078303635,"813-1597",0.116095201285334,0.883904798714666
"kallisto","cqn","Kidney","K34",0.120947490336214,3.36963637016545,10.2745857333318,8.19538565416613,9.41842017762234,"1597-2528",0.357770868852456,0.642229131147544
"kallisto","cqn","Kidney","K34",0.327872377039928,4.58680341914586,10.2745857333318,8.19538565416613,9.31196563930357,"191-575",0.492570913254455,0.507429086745546
"kallisto","cqn","Kidney","K34",0.398205343057531,1.17552110561875,10.2745857333318,8.19538565416613,9.33688359577145,"575-813",0.125900799079377,0.874099200920623
"kallisto","cqn","Kidney","K34",0.0989462556701001,1.03836096650117,10.2745857333318,8.19538565416613,9.25533078303635,"813-1597",0.112190584090666,0.887809415909334
"kallisto","cqn","Kidney","K35",0.162960829084583,3.36174503137914,10.2745857333318,8.19538565416613,9.41842017762234,"1597-2528",0.356933006595571,0.643066993404429
"kallisto","cqn","Kidney","K35",0.289620599718603,4.61478383660304,10.2745857333318,8.19538565416613,9.31196563930357,"191-575",0.495575694257842,0.504424305742158
"kallisto","cqn","Kidney","K35",0.338601358587136,1.26132676383613,10.2745857333318,8.19538565416613,9.33688359577145,"575-813",0.135090766731565,0.864909233268435
"kallisto","cqn","Kidney","K35",0.0533789010851856,1.1282091902609,10.2745857333318,8.19538565416613,9.25533078303635,"813-1597",0.121898311006748,0.878101688993252
"kallisto","ratio_counts","B20K80","BK20801",0.629619513559103,3.21163731475303,10.9180949312313,6.06836418053216,8.21407479297787,"1597-2528",0.390991973618091,0.609008026381909
"kallisto","ratio_counts","B20K80","BK20801",0.625143332222797,3.85659238620599,10.9180949312313,6.06836418053216,8.18120735854307,"191-575",0.471396484307272,0.528603515692728
"kallisto","ratio_counts","B20K80","BK20801",0.924495844232292,0.88025187466996,10.9180949312313,6.06836418053216,8.6455040813761,"575-813",0.101816142400091,0.898183857599909
"kallisto","ratio_counts","B20K80","BK20801",0.941291353282662,0.550783641216481,10.9180949312313,6.06836418053216,8.89977005200642,"813-1597",0.0618874013595788,0.938112598640421
"kallisto","ratio_counts","B20K80","BK20802",0.629619513559103,3.24381465897503,10.9180949312313,6.06836418053216,8.21407479297787,"1597-2528",0.394909316110456,0.605090683889544
"kallisto","ratio_counts","B20K80","BK20802",0.625143332222797,3.8540614466888,10.9180949312313,6.06836418053216,8.18120735854307,"191-575",0.471087124159525,0.528912875840475
"kallisto","ratio_counts","B20K80","BK20802",0.944786562349873,0.805148264628412,10.9180949312313,6.06836418053216,8.6455040813761,"575-813",0.0931291289726923,0.906870871027308
"kallisto","ratio_counts","B20K80","BK20802",0.929574033532256,0.500206683914197,10.9180949312313,6.06836418053216,8.89977005200642,"813-1597",0.0562044503387397,0.94379554966126
"kallisto","ratio_counts","B20K80","BK20803",0.657353348813025,3.80347853805073,10.9180949312313,6.06836418053216,8.21407479297787,"1597-2528",0.463044059606358,0.536955940393642
"kallisto","ratio_counts","B20K80","BK20803",0.625143332222797,3.85444171207797,10.9180949312313,6.06836418053216,8.18120735854307,"191-575",0.471133604510468,0.528866395489532
"kallisto","ratio_counts","B20K80","BK20803",0.934641203291083,0.853691992304804,10.9180949312313,6.06836418053216,8.6455040813761,"575-813",0.0987440390137346,0.901255960986265
"kallisto","ratio_counts","B20K80","BK20803",0.929574033532256,0.488297465418818,10.9180949312313,6.06836418053216,8.89977005200642,"813-1597",0.054866301327497,0.945133698672503
"kallisto","ratio_counts","B20K80","BK20804",0.665719078552013,3.50037281126179,10.9180949312313,6.06836418053216,8.21407479297787,"1597-2528",0.42614328448217,0.57385671551783
"kallisto","ratio_counts","B20K80","BK20804",0.625143332222797,3.85340704380608,10.9180949312313,6.06836418053216,8.18120735854307,"191-575",0.471007135613331,0.528992864386669
"kallisto","ratio_counts","B20K80","BK20804",0.924495844232292,0.869197047125951,10.9180949312313,6.06836418053216,8.6455040813761,"575-813",0.100537463049535,0.899462536950465
"kallisto","ratio_counts","B20K80","BK20804",0.941291353282662,0.514231040275099,10.9180949312313,6.06836418053216,8.89977005200642,"813-1597",0.0577802614303689,0.942219738569631
"kallisto","ratio_counts","B20K80","BK20805",0.665719078552013,3.51566572563423,10.9180949312313,6.06836418053216,8.21407479297787,"1597-2528",0.428005078385668,0.571994921614332
"kallisto","ratio_counts","B20K80","BK20805",0.625143332222797,3.85732578929514,10.9180949312313,6.06836418053216,8.18120735854307,"191-575",0.471486129155155,0.528513870844845
"kallisto","ratio_counts","B20K80","BK20805",0.943518392467525,0.78033071325697,10.9180949312313,6.06836418053216,8.6455040813761,"575-813",0.0902585558820031,0.909741444117997
"kallisto","ratio_counts","B20K80","BK20805",0.941291353282662,0.561193641656219,10.9180949312313,6.06836418053216,8.89977005200642,"813-1597",0.0630570945515272,0.936942905448473
"kallisto","ratio_counts","B80K20","BK80201",0.297405010791018,3.30879413737726,9.7768967577031,9.4892565973559,9.55693663508465,"1597-2528",0.346219114316431,0.653780885683569
"kallisto","ratio_counts","B80K20","BK80201",0.596156589040218,4.50959106080039,9.7768967577031,9.4892565973559,9.60111665971314,"191-575",0.469694434577897,0.530305565422103
"kallisto","ratio_counts","B80K20","BK80201",0.661437827766148,0.158947322298367,9.7768967577031,9.4892565973559,9.54001662565246,"575-813",0.0166611158591661,0.983338884140834
"kallisto","ratio_counts","B80K20","BK80201",0.82915619758885,0.158228317902957,9.7768967577031,9.4892565973559,9.59077665394903,"813-1597",0.0164979671211305,0.98350203287887
"kallisto","ratio_counts","B80K20","BK80202",0.240756437307014,3.30840649453451,9.7768967577031,9.4892565973559,9.55693663508465,"1597-2528",0.346178552904595,0.653821447095405
"kallisto","ratio_counts","B80K20","BK80202",0.618236462708374,4.50953246309326,9.7768967577031,9.4892565973559,9.60111665971314,"191-575",0.46968833135999,0.53031166864001
"kallisto","ratio_counts","B80K20","BK80202",0.566946709513841,0.160155598844175,9.7768967577031,9.4892565973559,9.54001662565246,"575-813",0.0167877693644188,0.983212230635581
"kallisto","ratio_counts","B80K20","BK80202",0.82915619758885,0.164374169395694,9.7768967577031,9.4892565973559,9.59077665394903,"813-1597",0.0171387756515019,0.982861224348498
"kallisto","ratio_counts","B80K20","BK80203",0.382377871017023,3.31039994665356,9.7768967577031,9.4892565973559,9.55693663508465,"1597-2528",0.346387139839421,0.653612860160579
"kallisto","ratio_counts","B80K20","BK80203",0.640316336376531,4.51139502759262,9.7768967577031,9.4892565973559,9.60111665971314,"191-575",0.46988232593014,0.53011767406986
"kallisto","ratio_counts","B80K20","BK80203",0.566946709513841,0.230311457998447,9.7768967577031,9.4892565973559,9.54001662565246,"575-813",0.0241416201916415,0.975858379808358
"kallisto","ratio_counts","B80K20","BK80203",0.678400525299968,0.212414797820261,9.7768967577031,9.4892565973559,9.59077665394903,"813-1597",0.0221478202949079,0.977852179705092
"kallisto","ratio_counts","B80K20","BK80204",0.354053584275021,3.30731009090654,9.7768967577031,9.4892565973559,9.55693663508465,"1597-2528",0.346063829571184,0.653936170428816
"kallisto","ratio_counts","B80K20","BK80204",0.640316336376531,4.50994016063945,9.7768967577031,9.4892565973559,9.60111665971314,"191-575",0.469730794915077,0.530269205084923
"kallisto","ratio_counts","B80K20","BK80204",0.566946709513841,0.187086349131155,9.7768967577031,9.4892565973559,9.54001662565246,"575-813",0.0196106942442943,0.980389305755706
"kallisto","ratio_counts","B80K20","BK80204",0.82915619758885,0.150905651394375,9.7768967577031,9.4892565973559,9.59077665394903,"813-1597",0.0157344558047069,0.984265544195293
"kallisto","ratio_counts","B80K20","BK80205",0.354053584275021,3.30781340157068,9.7768967577031,9.4892565973559,9.55693663508465,"1597-2528",0.346116494005758,0.653883505994242
"kallisto","ratio_counts","B80K20","BK80205",0.618236462708374,4.5100678781033,9.7768967577031,9.4892565973559,9.60111665971314,"191-575",0.469744097270249,0.530255902729751
"kallisto","ratio_counts","B80K20","BK80205",0.598443748931276,0.154400118543582,9.7768967577031,9.4892565973559,9.54001662565246,"575-813",0.0161844705939412,0.983815529406059
"kallisto","ratio_counts","B80K20","BK80205",0.80403025220737,0.153703887113449,9.7768967577031,9.4892565973559,9.59077665394903,"813-1597",0.0160262190080467,0.983973780991953
"kallisto","ratio_counts","Brain","B31",0.382377871017023,3.30646494522266,9.7768967577031,9.4892565973559,9.55693663508465,"1597-2528",0.345975396873956,0.654024603126044
"kallisto","ratio_counts","Brain","B31",0.574076715372062,4.50934479735063,9.7768967577031,9.4892565973559,9.60111665971314,"191-575",0.469668785118726,0.530331214881274
"kallisto","ratio_counts","Brain","B31",0.566946709513841,0.157052393429314,9.7768967577031,9.4892565973559,9.54001662565246,"575-813",0.0164624863448362,0.983537513655164
"kallisto","ratio_counts","Brain","B31",0.778904306825889,0.235416784744281,9.7768967577031,9.4892565973559,9.59077665394903,"813-1597",0.0245461648455078,0.975453835154492
"kallisto","ratio_counts","Brain","B32",0.32572929753302,3.30898900935819,9.7768967577031,9.4892565973559,9.55693663508465,"1597-2528",0.34623950494874,0.65376049505126
"kallisto","ratio_counts","Brain","B32",0.618236462708374,4.50878807788682,9.7768967577031,9.4892565973559,9.60111665971314,"191-575",0.469610800252638,0.530389199747362
"kallisto","ratio_counts","Brain","B32",0.50395263067897,0.158685242562639,9.7768967577031,9.4892565973559,9.54001662565246,"575-813",0.01663364423663,0.98336635576337
"kallisto","ratio_counts","Brain","B32",0.728652416062929,0.194938902739731,9.7768967577031,9.4892565973559,9.59077665394903,"813-1597",0.0203256638928678,0.979674336107132
"kallisto","ratio_counts","Brain","B33",0.32572929753302,3.30923484993866,9.7768967577031,9.4892565973559,9.55693663508465,"1597-2528",0.346265228733449,0.653734771266551
"kallisto","ratio_counts","Brain","B33",0.618236462708374,4.50867321170073,9.7768967577031,9.4892565973559,9.60111665971314,"191-575",0.469598836416538,0.530401163583462
"kallisto","ratio_counts","Brain","B33",0.629940788348712,0.148246546392659,9.7768967577031,9.4892565973559,9.54001662565246,"575-813",0.0155394431906999,0.9844605568093
"kallisto","ratio_counts","Brain","B33",0.80403025220737,0.200086471172986,9.7768967577031,9.4892565973559,9.59077665394903,"813-1597",0.0208623846005839,0.979137615399416
"kallisto","ratio_counts","Brain","B34",0.32572929753302,3.30897524186624,9.7768967577031,9.4892565973559,9.55693663508465,"1597-2528",0.346238064372907,0.653761935627093
"kallisto","ratio_counts","Brain","B34",0.640316336376531,4.50929934924442,9.7768967577031,9.4892565973559,9.60111665971314,"191-575",0.469664051491605,0.530335948508395
"kallisto","ratio_counts","Brain","B34",0.598443748931276,0.152991656242086,9.7768967577031,9.4892565973559,9.54001662565246,"575-813",0.0160368332934244,0.983963166706576
"kallisto","ratio_counts","Brain","B34",0.653274579918488,0.219302192037037,9.7768967577031,9.4892565973559,9.59077665394903,"813-1597",0.0228659471437841,0.977134052856216
"kallisto","ratio_counts","Brain","B35",0.269080724049016,3.31108698421249,9.7768967577031,9.4892565973559,9.55693663508465,"1597-2528",0.34645902872863,0.65354097127137
"kallisto","ratio_counts","Brain","B35",0.640316336376531,4.50847744866051,9.7768967577031,9.4892565973559,9.60111665971314,"191-575",0.469578446804875,0.530421553195125
"kallisto","ratio_counts","Brain","B35",0.629940788348712,0.129376921776779,9.7768967577031,9.4892565973559,9.54001662565246,"575-813",0.0135614985647816,0.986438501435218
"kallisto","ratio_counts","Brain","B35",0.728652416062929,0.200022705381085,9.7768967577031,9.4892565973559,9.59077665394903,"813-1597",0.0208557359427951,0.979144264057205
"kallisto","ratio_counts","Kidney","K31",0.532168957479342,3.26938892628377,10.2274130787615,8.14822466148066,9.4389271292331,"1597-2528",0.346372938525843,0.653627061474157
"kallisto","ratio_counts","Kidney","K31",0.44372061692737,4.47059676064184,10.2274130787615,8.14822466148066,9.37665041323118,"191-575",0.476779720222211,0.523220279777789
"kallisto","ratio_counts","Kidney","K31",0.750756570350503,0.511707004124269,10.2274130787615,8.14822466148066,9.34047204236471,"575-813",0.0547838483754747,0.945216151624525
"kallisto","ratio_counts","Kidney","K31",0.74860653960931,0.268914649037097,10.2274130787615,8.14822466148066,9.3096759207744,"813-1597",0.0288855005615199,0.97111449943848
"kallisto","ratio_counts","Kidney","K32",0.502886933503206,3.27316161559254,10.2274130787615,8.14822466148066,9.4389271292331,"1597-2528",0.346772633242956,0.653227366757044
"kallisto","ratio_counts","Kidney","K32",0.453556788238568,4.47278767630919,10.2274130787615,8.14822466148066,9.37665041323118,"191-575",0.477013376759545,0.522986623240455
"kallisto","ratio_counts","Kidney","K32",0.686079906350713,0.55607824618493,10.2274130787615,8.14822466148066,9.34047204236471,"575-813",0.0595342766043063,0.940465723395694
"kallisto","ratio_counts","Kidney","K32",0.731681522192056,0.266074116362531,10.2274130787615,8.14822466148066,9.3096759207744,"813-1597",0.0285803843900507,0.971419615609949
"kallisto","ratio_counts","Kidney","K33",0.669667157019459,3.26139315356446,10.2274130787615,8.14822466148066,9.4389271292331,"1597-2528",0.345525832428949,0.654474167571051
"kallisto","ratio_counts","Kidney","K33",0.453556788238568,4.47321371212427,10.2274130787615,8.14822466148066,9.37665041323118,"191-575",0.477058812581113,0.522941187418887
"kallisto","ratio_counts","Kidney","K33",0.730465852232922,0.50849461575059,10.2274130787615,8.14822466148066,9.34047204236471,"575-813",0.0544399269591792,0.945560073040821
"kallisto","ratio_counts","Kidney","K33",0.714756504774802,0.272165259609427,10.2274130787615,8.14822466148066,9.3096759207744,"813-1597",0.0292346653015165,0.970765334698483
"kallisto","ratio_counts","Kidney","K34",0.543627140774352,3.28850572618805,10.2274130787615,8.14822466148066,9.4389271292331,"1597-2528",0.348398253441675,0.651601746558325
"kallisto","ratio_counts","Kidney","K34",0.452463880315101,4.47757120415029,10.2274130787615,8.14822466148066,9.37665041323118,"191-575",0.47752352991982,0.52247647008018
"kallisto","ratio_counts","Kidney","K34",0.783728987291573,0.480077795164023,10.2274130787615,8.14822466148066,9.34047204236471,"575-813",0.0513975945740835,0.948602405425916
"kallisto","ratio_counts","Kidney","K34",0.704341109441107,0.29298379583344,10.2274130787615,8.14822466148066,9.3096759207744,"813-1597",0.0314708909662098,0.96852910903379
"kallisto","ratio_counts","Kidney","K35",0.679852208837245,3.2689197646354,10.2274130787615,8.14822466148066,9.4389271292331,"1597-2528",0.346323233549636,0.653676766450364
"kallisto","ratio_counts","Kidney","K35",0.44372061692737,4.47824005461913,10.2274130787615,8.14822466148066,9.37665041323118,"191-575",0.477594861412342,0.522405138587658
"kallisto","ratio_counts","Kidney","K35",0.740611211291713,0.493672318195893,10.2274130787615,8.14822466148066,9.34047204236471,"575-813",0.0528530374007641,0.947146962599236
"kallisto","ratio_counts","Kidney","K35",0.755116161692869,0.286261715675233,10.2274130787615,8.14822466148066,9.3096759207744,"813-1597",0.030748837887734,0.969251162112266
"oarfish","CPM","B20K80","BK20801",0.710579424122015,2.81800809027414,10.941345882157,6.09156234168924,8.16963762182738,"1597-2528",0.344936730454859,0.655063269545141
"oarfish","CPM","B20K80","BK20801",0.500984875131943,4.35753521494674,10.941345882157,6.09156234168924,8.09259891597529,"191-575",0.538459308337239,0.461540691662761
"oarfish","CPM","B20K80","BK20801",0.829383103056131,1.97537747219134,10.941345882157,6.09156234168924,8.61798746156121,"575-813",0.229215635437172,0.770784364562828
"oarfish","CPM","B20K80","BK20801",0.703039185024395,1.23505528085196,10.941345882157,6.09156234168924,8.82151092424315,"813-1597",0.14000495963314,0.85999504036686
"oarfish","CPM","B20K80","BK20802",0.682513450458309,2.96809786574801,10.941345882157,6.09156234168924,8.16963762182738,"1597-2528",0.363308386876052,0.636691613123948
"oarfish","CPM","B20K80","BK20802",0.486702411586515,4.34590814480458,10.941345882157,6.09156234168924,8.09259891597529,"191-575",0.537022554797013,0.462977445202987
"oarfish","CPM","B20K80","BK20802",0.839528462114921,2.01145089369999,10.941345882157,6.09156234168924,8.61798746156121,"575-813",0.233401464398928,0.766598535601072
"oarfish","CPM","B20K80","BK20802",0.719964202441649,1.23569461047869,10.941345882157,6.09156234168924,8.82151092424315,"813-1597",0.140077433570112,0.859922566429888
"oarfish","CPM","B20K80","BK20803",0.751225246203975,3.06616349998828,10.941345882157,6.09156234168924,8.16963762182738,"1597-2528",0.375312056901545,0.624687943098455
"oarfish","CPM","B20K80","BK20803",0.486702411586515,4.35609479033565,10.941345882157,6.09156234168924,8.09259891597529,"191-575",0.538281315503781,0.461718684496219
"oarfish","CPM","B20K80","BK20803",0.839528462114921,1.3231424599385,10.941345882157,6.09156234168924,8.61798746156121,"575-813",0.15353265084686,0.84646734915314
"oarfish","CPM","B20K80","BK20803",0.703039185024395,1.29105078466273,10.941345882157,6.09156234168924,8.82151092424315,"813-1597",0.146352568822953,0.853647431177047
"oarfish","CPM","B20K80","BK20804",0.696546437290162,2.89341533054915,10.941345882157,6.09156234168924,8.16963762182738,"1597-2528",0.354166912228593,0.645833087771407
"oarfish","CPM","B20K80","BK20804",0.462532088663483,4.36362901320564,10.941345882157,6.09156234168924,8.09259891597529,"191-575",0.53921231714469,0.46078768285531
"oarfish","CPM","B20K80","BK20804",0.829383103056131,1.49262528898491,10.941345882157,6.09156234168924,8.61798746156121,"575-813",0.17319882346574,0.82680117653426
"oarfish","CPM","B20K80","BK20804",0.686114167607141,1.32673507836169,10.941345882157,6.09156234168924,8.82151092424315,"813-1597",0.15039771415071,0.84960228584929
"oarfish","CPM","B20K80","BK20805",0.747395720734796,3.13395604331811,10.941345882157,6.09156234168924,8.16963762182738,"1597-2528",0.383610165883601,0.616389834116398
"oarfish","CPM","B20K80","BK20805",0.500984875131943,4.35790430850028,10.941345882157,6.09156234168924,8.09259891597529,"191-575",0.538504917115997,0.461495082884003
"oarfish","CPM","B20K80","BK20805",0.839528462114921,1.97955177888668,10.941345882157,6.09156234168924,8.61798746156121,"575-813",0.229700006842209,0.770299993157791
"oarfish","CPM","B20K80","BK20805",0.703039185024395,1.29170504420532,10.941345882157,6.09156234168924,8.82151092424315,"813-1597",0.146426735204223,0.853573264795777
"oarfish","CPM","B80K20","BK80201",NA,3.60680713029959,9.58147305098662,9.58147305098662,9.58147305098662,"1597-2528",0.376435555483631,0.623564444516369
"oarfish","CPM","B80K20","BK80201",NA,4.68516955245721,9.58147305098662,9.58147305098662,9.58147305098662,"191-575",0.488982177116781,0.511017822883219
"oarfish","CPM","B80K20","BK80201",NA,1.12893720786847,9.58147305098662,9.58147305098662,9.58147305098662,"575-813",0.117825015199747,0.882174984800253
"oarfish","CPM","B80K20","BK80201",NA,1.07177066927733,9.58147305098662,9.58147305098662,9.58147305098662,"813-1597",0.111858653003983,0.888141346996017
"oarfish","CPM","B80K20","BK80202",NA,3.61127769502297,9.58147305098662,9.58147305098662,9.58147305098662,"1597-2528",0.376902139765566,0.623097860234434
"oarfish","CPM","B80K20","BK80202",NA,4.65822682252278,9.58147305098662,9.58147305098662,9.58147305098662,"191-575",0.486170215971448,0.513829784028552
"oarfish","CPM","B80K20","BK80202",NA,1.15197387453935,9.58147305098662,9.58147305098662,9.58147305098662,"575-813",0.120229307999852,0.879770692000148
"oarfish","CPM","B80K20","BK80202",NA,1.10118189201826,9.58147305098662,9.58147305098662,9.58147305098662,"813-1597",0.114928246017961,0.885071753982039
"oarfish","CPM","B80K20","BK80203",NA,3.5489207444664,9.58147305098662,9.58147305098662,9.58147305098662,"1597-2528",0.370394064209257,0.629605935790743
"oarfish","CPM","B80K20","BK80203",NA,4.61161099309424,9.58147305098662,9.58147305098662,9.58147305098662,"191-575",0.481305011093192,0.518694988906808
"oarfish","CPM","B80K20","BK80203",NA,1.15450106031482,9.58147305098662,9.58147305098662,9.58147305098662,"575-813",0.120493065541309,0.879506934458691
"oarfish","CPM","B80K20","BK80203",NA,1.04360771761734,9.58147305098662,9.58147305098662,9.58147305098662,"813-1597",0.10891933965309,0.89108066034691
"oarfish","CPM","B80K20","BK80204",NA,3.60505837697117,9.58147305098662,9.58147305098662,9.58147305098662,"1597-2528",0.376253041446476,0.623746958553524
"oarfish","CPM","B80K20","BK80204",NA,4.64486202199134,9.58147305098662,9.58147305098662,9.58147305098662,"191-575",0.484775357324942,0.515224642675058
"oarfish","CPM","B80K20","BK80204",NA,1.09046315765886,9.58147305098662,9.58147305098662,9.58147305098662,"575-813",0.113809552232323,0.886190447767677
"oarfish","CPM","B80K20","BK80204",NA,1.10343995173629,9.58147305098662,9.58147305098662,9.58147305098662,"813-1597",0.115163915388006,0.884836084611994
"oarfish","CPM","B80K20","BK80205",NA,3.61281211589555,9.58147305098662,9.58147305098662,9.58147305098662,"1597-2528",0.377062284334613,0.622937715665387
"oarfish","CPM","B80K20","BK80205",NA,4.64164208601103,9.58147305098662,9.58147305098662,9.58147305098662,"191-575",0.484439298770775,0.515560701229225
"oarfish","CPM","B80K20","BK80205",NA,1.22043552061835,9.58147305098662,9.58147305098662,9.58147305098662,"575-813",0.12737451894129,0.87262548105871
"oarfish","CPM","B80K20","BK80205",NA,1.1228470361441,9.58147305098662,9.58147305098662,9.58147305098662,"813-1597",0.11718939563562,0.88281060436438
"oarfish","CPM","Brain","B31",NA,3.59520968851861,9.58147305098662,9.58147305098662,9.58147305098662,"1597-2528",0.375225152686559,0.624774847313441
"oarfish","CPM","Brain","B31",NA,4.63858952713056,9.58147305098662,9.58147305098662,9.58147305098662,"191-575",0.484120709044098,0.515879290955902
"oarfish","CPM","Brain","B31",NA,1.07354514052372,9.58147305098662,9.58147305098662,9.58147305098662,"575-813",0.112043851171003,0.887956148828997
"oarfish","CPM","Brain","B31",NA,1.01573704409836,9.58147305098662,9.58147305098662,9.58147305098662,"813-1597",0.106010530812249,0.893989469187751
"oarfish","CPM","Brain","B32",NA,3.56321983829639,9.58147305098662,9.58147305098662,9.58147305098662,"1597-2528",0.371886433258765,0.628113566741235
"oarfish","CPM","Brain","B32",NA,4.64850266597141,9.58147305098662,9.58147305098662,9.58147305098662,"191-575",0.48515532436766,0.51484467563234
"oarfish","CPM","Brain","B32",NA,1.13079822794806,9.58147305098662,9.58147305098662,9.58147305098662,"575-813",0.118019246302803,0.881980753697197
"oarfish","CPM","Brain","B32",NA,1.07505817195529,9.58147305098662,9.58147305098662,9.58147305098662,"813-1597",0.112201763365038,0.887798236634962
"oarfish","CPM","Brain","B33",NA,3.57490308075222,9.58147305098662,9.58147305098662,9.58147305098662,"1597-2528",0.373105790908017,0.626894209091983
"oarfish","CPM","Brain","B33",NA,4.63107170376015,9.58147305098662,9.58147305098662,9.58147305098662,"191-575",0.483336088210704,0.516663911789296
"oarfish","CPM","Brain","B33",NA,1.07333852922288,9.58147305098662,9.58147305098662,9.58147305098662,"575-813",0.112022287545062,0.887977712454938
"oarfish","CPM","Brain","B33",NA,1.04359180352781,9.58147305098662,9.58147305098662,9.58147305098662,"813-1597",0.108917678730031,0.891082321269969
"oarfish","CPM","Brain","B34",NA,3.57418877533768,9.58147305098662,9.58147305098662,9.58147305098662,"1597-2528",0.373031240219336,0.626968759780664
"oarfish","CPM","Brain","B34",NA,4.62236096891825,9.58147305098662,9.58147305098662,9.58147305098662,"191-575",0.482426965490685,0.517573034509315
"oarfish","CPM","Brain","B34",NA,1.0838253682046,9.58147305098662,9.58147305098662,9.58147305098662,"575-813",0.113116778854061,0.886883221145939
"oarfish","CPM","Brain","B34",NA,1.03534153808062,9.58147305098662,9.58147305098662,9.58147305098662,"813-1597",0.108056614319236,0.891943385680764
"oarfish","CPM","Brain","B35",NA,3.56050833255621,9.58147305098662,9.58147305098662,9.58147305098662,"1597-2528",0.371603438595444,0.628396561404556
"oarfish","CPM","Brain","B35",NA,4.63813507094397,9.58147305098662,9.58147305098662,9.58147305098662,"191-575",0.484073278321893,0.515926721678107
"oarfish","CPM","Brain","B35",NA,1.10554838717519,9.58147305098662,9.58147305098662,9.58147305098662,"575-813",0.115383968758473,0.884616031241527
"oarfish","CPM","Brain","B35",NA,1.07239577476186,9.58147305098662,9.58147305098662,9.58147305098662,"813-1597",0.111923894066731,0.888076105933269
"oarfish","CPM","Kidney","K31",0.546173403728798,3.59401288456459,10.2745857333318,8.19538565416613,9.41842017762234,"1597-2528",0.381594027106985,0.618405972893015
"oarfish","CPM","Kidney","K31",0.498912467062424,4.38227478878454,10.2745857333318,8.19538565416613,9.31196563930357,"191-575",0.470606846989213,0.529393153010787
"oarfish","CPM","Kidney","K31",0.639157620703807,1.06266705680776,10.2745857333318,8.19538565416613,9.33688359577145,"575-813",0.113813891531113,0.886186108468887
"oarfish","CPM","Kidney","K31",0.384067702929994,1.07487178866459,10.2745857333318,8.19538565416613,9.25533078303635,"813-1597",0.116135426584069,0.883864573415931
"oarfish","CPM","Kidney","K32",0.505433196457652,3.6238269779638,10.2745857333318,8.19538565416613,9.41842017762234,"1597-2528",0.384759536060391,0.615240463939609
"oarfish","CPM","Kidney","K32",0.489076295751227,4.38599913841597,10.2745857333318,8.19538565416613,9.31196563930357,"191-575",0.471006800100692,0.528993199899308
"oarfish","CPM","Kidney","K32",0.639157620703807,1.05309166409476,10.2745857333318,8.19538565416613,9.33688359577145,"575-813",0.112788346699716,0.887211653300284
"oarfish","CPM","Kidney","K32",0.486919731850229,1.02948318238851,10.2745857333318,8.19538565416613,9.25533078303635,"813-1597",0.111231376438258,0.888768623561742
"oarfish","CPM","Kidney","K33",0.585640479522721,3.5816098254953,10.2745857333318,8.19538565416613,9.41842017762234,"1597-2528",0.380277133314248,0.619722866685752
"oarfish","CPM","Kidney","K33",0.470496861052297,4.38560674626781,10.2745857333318,8.19538565416613,9.31196563930357,"191-575",0.470964661613141,0.529035338386859
"oarfish","CPM","Kidney","K33",0.651839319527295,1.04133388889367,10.2745857333318,8.19538565416613,9.33688359577145,"575-813",0.111529064083575,0.888470935916425
"oarfish","CPM","Kidney","K33",0.454371621432433,1.14280988355023,10.2745857333318,8.19538565416613,9.25533078303635,"813-1597",0.123475855195238,0.876524144804762
"oarfish","CPM","Kidney","K34",0.486336224299303,3.58384774155347,10.2745857333318,8.19538565416613,9.41842017762234,"1597-2528",0.38051474387058,0.61948525612942
"oarfish","CPM","Kidney","K34",0.481425940286962,4.39019474629514,10.2745857333318,8.19538565416613,9.31196563930357,"191-575",0.471457361028608,0.528542638971392
"oarfish","CPM","Kidney","K34",0.594771674821598,1.19202955726333,10.2745857333318,8.19538565416613,9.33688359577145,"575-813",0.127668889200159,0.872331110799841
"oarfish","CPM","Kidney","K34",0.377558080846434,1.03312722069948,10.2745857333318,8.19538565416613,9.25533078303635,"813-1597",0.111625099622916,0.888374900377084
"oarfish","CPM","Kidney","K35",0.539807746342682,3.54443241482994,10.2745857333318,8.19538565416613,9.41842017762234,"1597-2528",0.37632982474612,0.62367017525388
"oarfish","CPM","Kidney","K35",0.489076295751227,4.39148469709617,10.2745857333318,8.19538565416613,9.31196563930357,"191-575",0.471595887184201,0.528404112815799
"oarfish","CPM","Kidney","K35",0.651839319527295,1.1033388716011,10.2745857333318,8.19538565416613,9.33688359577145,"575-813",0.118169929000805,0.881830070999195
"oarfish","CPM","Kidney","K35",0.34631189484535,0.967725060016091,10.2745857333318,8.19538565416613,9.25533078303635,"813-1597",0.104558668155847,0.895441331844153
"oarfish","EDA","B20K80","BK20801",0.710579424122015,2.57236100479274,10.941345882157,6.09156234168924,8.16963762182738,"1597-2528",0.314868434056363,0.685131565943637
"oarfish","EDA","B20K80","BK20801",0.476814552208911,4.35906407203663,10.941345882157,6.09156234168924,8.09259891597529,"191-575",0.53864822874535,0.46135177125465
"oarfish","EDA","B20K80","BK20801",0.839528462114921,2.00075410001421,10.941345882157,6.09156234168924,8.61798746156121,"575-813",0.232160247266333,0.767839752733667
"oarfish","EDA","B20K80","BK20801",0.719964202441649,1.12884946930369,10.941345882157,6.09156234168924,8.82151092424315,"813-1597",0.127965546831825,0.872034453168175
"oarfish","EDA","B20K80","BK20802",0.682513450458309,2.69337881201327,10.941345882157,6.09156234168924,8.16963762182738,"1597-2528",0.329681552192375,0.670318447807625
"oarfish","EDA","B20K80","BK20802",0.500984875131943,4.34626497630581,10.941345882157,6.09156234168924,8.09259891597529,"191-575",0.537066648357676,0.462933351642324
"oarfish","EDA","B20K80","BK20802",0.839528462114921,2.02901750503507,10.941345882157,6.09156234168924,8.61798746156121,"575-813",0.235439830248662,0.764560169751338
"oarfish","EDA","B20K80","BK20802",0.719964202441649,1.1104419262803,10.941345882157,6.09156234168924,8.82151092424315,"813-1597",0.125878881272889,0.874121118727111
"oarfish","EDA","B20K80","BK20803",0.751225246203975,2.86936814860156,10.941345882157,6.09156234168924,8.16963762182738,"1597-2528",0.351223430147658,0.648776569852342
"oarfish","EDA","B20K80","BK20803",0.472419948041087,4.35809294467628,10.941345882157,6.09156234168924,8.09259891597529,"191-575",0.538528226831202,0.461471773168798
"oarfish","EDA","B20K80","BK20803",0.839528462114921,1.35746627941634,10.941345882157,6.09156234168924,8.61798746156121,"575-813",0.15751546233631,0.84248453766369
"oarfish","EDA","B20K80","BK20803",0.703039185024395,1.16145713349681,10.941345882157,6.09156234168924,8.82151092424315,"813-1597",0.131661927698226,0.868338072301774
"oarfish","EDA","B20K80","BK20804",0.696546437290162,2.59556161084946,10.941345882157,6.09156234168924,8.16963762182738,"1597-2528",0.317708291480974,0.682291708519026
"oarfish","EDA","B20K80","BK20804",0.428473906362846,4.37008106784825,10.941345882157,6.09156234168924,8.09259891597529,"191-575",0.540009595585102,0.459990404414898
"oarfish","EDA","B20K80","BK20804",0.829383103056131,1.54430199510364,10.941345882157,6.09156234168924,8.61798746156121,"575-813",0.179195200966778,0.820804799033222
"oarfish","EDA","B20K80","BK20804",0.703039185024395,1.1968202204036,10.941345882157,6.09156234168924,8.82151092424315,"813-1597",0.135670661259911,0.864329338740089
"oarfish","EDA","B20K80","BK20805",0.733354127347806,2.90950538951704,10.941345882157,6.09156234168924,8.16963762182738,"1597-2528",0.356136407047421,0.643863592952579
"oarfish","EDA","B20K80","BK20805",0.462532088663483,4.36317220496395,10.941345882157,6.09156234168924,8.09259891597529,"191-575",0.539155869488451,0.460844130511549
"oarfish","EDA","B20K80","BK20805",0.839528462114921,2.0084102765857,10.941345882157,6.09156234168924,8.61798746156121,"575-813",0.233048642219986,0.766951357780014
"oarfish","EDA","B20K80","BK20805",0.703039185024395,1.15867556451745,10.941345882157,6.09156234168924,8.82151092424315,"813-1597",0.131346611081464,0.868653388918536
"oarfish","EDA","B80K20","BK80201",NA,3.46034398068958,9.58147305098662,9.58147305098662,9.58147305098662,"1597-2528",0.361149476941154,0.638850523058846
"oarfish","EDA","B80K20","BK80201",NA,4.70341573395058,9.58147305098662,9.58147305098662,9.58147305098662,"191-575",0.490886496149594,0.509113503850406
"oarfish","EDA","B80K20","BK80201",NA,1.137098620741,9.58147305098662,9.58147305098662,9.58147305098662,"575-813",0.11867680623742,0.88132319376258
"oarfish","EDA","B80K20","BK80201",NA,0.972324740264279,9.58147305098662,9.58147305098662,9.58147305098662,"813-1597",0.101479671767605,0.898520328232395
"oarfish","EDA","B80K20","BK80202",NA,3.48372471824898,9.58147305098662,9.58147305098662,9.58147305098662,"1597-2528",0.36358967976122,0.63641032023878
"oarfish","EDA","B80K20","BK80202",NA,4.66616370883334,9.58147305098662,9.58147305098662,9.58147305098662,"191-575",0.486998573601671,0.513001426398329
"oarfish","EDA","B80K20","BK80202",NA,1.15699106381956,9.58147305098662,9.58147305098662,9.58147305098662,"575-813",0.120752942440351,0.879247057559649
"oarfish","EDA","B80K20","BK80202",NA,1.02381263533835,9.58147305098662,9.58147305098662,9.58147305098662,"813-1597",0.106853364810427,0.893146635189573
"oarfish","EDA","B80K20","BK80203",NA,3.42749361317532,9.58147305098662,9.58147305098662,9.58147305098662,"1597-2528",0.357720946970924,0.642279053029076
"oarfish","EDA","B80K20","BK80203",NA,4.61698986248052,9.58147305098662,9.58147305098662,9.58147305098662,"191-575",0.481866393393978,0.518133606606022
"oarfish","EDA","B80K20","BK80203",NA,1.16359708723854,9.58147305098662,9.58147305098662,9.58147305098662,"575-813",0.121442400458322,0.878557599541678
"oarfish","EDA","B80K20","BK80203",NA,0.929899231766466,9.58147305098662,9.58147305098662,9.58147305098662,"813-1597",0.0970518026631315,0.902948197336868
"oarfish","EDA","B80K20","BK80204",NA,3.45351667123842,9.58147305098662,9.58147305098662,9.58147305098662,"1597-2528",0.360436923723624,0.639563076276376
"oarfish","EDA","B80K20","BK80204",NA,4.65706218380227,9.58147305098662,9.58147305098662,9.58147305098662,"191-575",0.486048664857719,0.513951335142281
"oarfish","EDA","B80K20","BK80204",NA,1.0960448296584,9.58147305098662,9.58147305098662,9.58147305098662,"575-813",0.114392100653619,0.885607899346381
"oarfish","EDA","B80K20","BK80204",NA,1.003369773657,9.58147305098662,9.58147305098662,9.58147305098662,"813-1597",0.104719782471619,0.895280217528381
"oarfish","EDA","B80K20","BK80205",NA,3.45205083826847,9.58147305098662,9.58147305098662,9.58147305098662,"1597-2528",0.360283937542673,0.639716062457327
"oarfish","EDA","B80K20","BK80205",NA,4.66003613639112,9.58147305098662,9.58147305098662,9.58147305098662,"191-575",0.48635905059622,0.51364094940378
"oarfish","EDA","B80K20","BK80205",NA,1.2375031288578,9.58147305098662,9.58147305098662,9.58147305098662,"575-813",0.129155832539796,0.870844167460204
"oarfish","EDA","B80K20","BK80205",NA,1.0175400579544,9.58147305098662,9.58147305098662,9.58147305098662,"813-1597",0.106198707916798,0.893801292083202
"oarfish","EDA","Brain","B31",NA,3.47381757071948,9.58147305098662,9.58147305098662,9.58147305098662,"1597-2528",0.362555689739353,0.637444310260647
"oarfish","EDA","Brain","B31",NA,4.63651623099308,9.58147305098662,9.58147305098662,9.58147305098662,"191-575",0.483904323095252,0.516095676904748
"oarfish","EDA","Brain","B31",NA,1.09762165009397,9.58147305098662,9.58147305098662,9.58147305098662,"575-813",0.114556670383886,0.885443329616113
"oarfish","EDA","Brain","B31",NA,0.966593951594696,9.58147305098662,9.58147305098662,9.58147305098662,"813-1597",0.100881560324919,0.899118439675081
"oarfish","EDA","Brain","B32",NA,3.46482968844501,9.58147305098662,9.58147305098662,9.58147305098662,"1597-2528",0.361617641672355,0.638382358327645
"oarfish","EDA","Brain","B32",NA,4.65119203681413,9.58147305098662,9.58147305098662,9.58147305098662,"191-575",0.485436008854107,0.514563991145893
"oarfish","EDA","Brain","B32",NA,1.1436425496199,9.58147305098662,9.58147305098662,9.58147305098662,"575-813",0.119359783567115,0.880640216432885
"oarfish","EDA","Brain","B32",NA,1.01470551468775,9.58147305098662,9.58147305098662,9.58147305098662,"813-1597",0.105902872062377,0.894097127937623
"oarfish","EDA","Brain","B33",NA,3.46381011208722,9.58147305098662,9.58147305098662,9.58147305098662,"1597-2528",0.361511230439723,0.638488769560277
"oarfish","EDA","Brain","B33",NA,4.63077840588309,9.58147305098662,9.58147305098662,9.58147305098662,"191-575",0.48330547727275,0.51669452272725
"oarfish","EDA","Brain","B33",NA,1.10041472318203,9.58147305098662,9.58147305098662,9.58147305098662,"575-813",0.114848178075157,0.885151821924843
"oarfish","EDA","Brain","B33",NA,0.995154371257092,9.58147305098662,9.58147305098662,9.58147305098662,"813-1597",0.103862356650329,0.896137643349671
"oarfish","EDA","Brain","B34",NA,3.46018681101768,9.58147305098662,9.58147305098662,9.58147305098662,"1597-2528",0.361133073443376,0.638866926556624
"oarfish","EDA","Brain","B34",NA,4.62315027601588,9.58147305098662,9.58147305098662,9.58147305098662,"191-575",0.482509343961452,0.517490656038548
"oarfish","EDA","Brain","B34",NA,1.11172613420137,9.58147305098662,9.58147305098662,9.58147305098662,"575-813",0.1160287283892,0.8839712716108
"oarfish","EDA","Brain","B34",NA,0.984613833920591,9.58147305098662,9.58147305098662,9.58147305098662,"813-1597",0.102762260946839,0.897237739053161
"oarfish","EDA","Brain","B35",NA,3.44107242033372,9.58147305098662,9.58147305098662,9.58147305098662,"1597-2528",0.359138141079402,0.640861858920598
"oarfish","EDA","Brain","B35",NA,4.64614888531535,9.58147305098662,9.58147305098662,9.58147305098662,"191-575",0.484909664786557,0.515090335213443
"oarfish","EDA","Brain","B35",NA,1.12754241004178,9.58147305098662,9.58147305098662,9.58147305098662,"575-813",0.117679442820713,0.882320557179287
"oarfish","EDA","Brain","B35",NA,1.00808977182781,9.58147305098662,9.58147305098662,9.58147305098662,"813-1597",0.105212399644959,0.894787600355041
"oarfish","EDA","Kidney","K31",0.537261483388235,3.40119608373909,10.2745857333318,8.19538565416613,9.41842017762234,"1597-2528",0.361121718886586,0.638878281113413
"oarfish","EDA","Kidney","K31",0.489076295751227,4.37437274467246,10.2745857333318,8.19538565416613,9.31196563930357,"191-575",0.469758256646619,0.530241743353381
"oarfish","EDA","Kidney","K31",0.616330562821528,1.09937705067832,10.2745857333318,8.19538565416613,9.33688359577145,"575-813",0.1177456095925,0.8822543904075
"oarfish","EDA","Kidney","K31",0.338500348345079,0.959728544156799,10.2745857333318,8.19538565416613,9.25533078303635,"813-1597",0.103694677873193,0.896305322126807
"oarfish","EDA","Kidney","K32",0.47360490952707,3.44892085307535,10.2745857333318,8.19538565416613,9.41842017762234,"1597-2528",0.366188892407858,0.633811107592142
"oarfish","EDA","Kidney","K32",0.489076295751227,4.3761730136044,10.2745857333318,8.19538565416613,9.31196563930357,"191-575",0.469951585209209,0.530048414790791
"oarfish","EDA","Kidney","K32",0.639157620703807,1.07916111689114,10.2745857333318,8.19538565416613,9.33688359577145,"575-813",0.115580440285222,0.884419559714778
"oarfish","EDA","Kidney","K32",0.46608894118284,0.922322277455696,10.2745857333318,8.19538565416613,9.25533078303635,"813-1597",0.0996530863214717,0.900346913678528
"oarfish","EDA","Kidney","K33",0.585640479522721,3.41179871153096,10.2745857333318,8.19538565416613,9.41842017762234,"1597-2528",0.362247452034176,0.637752547965824
"oarfish","EDA","Kidney","K33",0.489076295751227,4.37770421422592,10.2745857333318,8.19538565416613,9.31196563930357,"191-575",0.470116018872393,0.529883981127607
"oarfish","EDA","Kidney","K33",0.651839319527295,1.07055644194438,10.2745857333318,8.19538565416613,9.33688359577145,"575-813",0.114658861381673,0.885341138618327
"oarfish","EDA","Kidney","K33",0.365840761096028,1.03936994032787,10.2745857333318,8.19538565416613,9.25533078303635,"813-1597",0.112299599516517,0.887700400483483
"oarfish","EDA","Kidney","K34",0.457054200323167,3.42255189786492,10.2745857333318,8.19538565416613,9.41842017762234,"1597-2528",0.363389170722784,0.636610829277216
"oarfish","EDA","Kidney","K34",0.470496861052297,4.38410320802402,10.2745857333318,8.19538565416613,9.31196563930357,"191-575",0.470803198577084,0.529196801422916
"oarfish","EDA","Kidney","K34",0.571944616939319,1.24262790970022,10.2745857333318,8.19538565416613,9.33688359577145,"575-813",0.133088079866711,0.866911920133289
"oarfish","EDA","Kidney","K34",0.384067702929994,0.982566241169522,10.2745857333318,8.19538565416613,9.25533078303635,"813-1597",0.106162196057911,0.893837803942089
"oarfish","EDA","Kidney","K35",0.507979459412099,3.38994328984217,10.2745857333318,8.19538565416613,9.41842017762234,"1597-2528",0.359926954405421,0.640073045594579
"oarfish","EDA","Kidney","K35",0.489076295751227,4.38972134623561,10.2745857333318,8.19538565416613,9.31196563930357,"191-575",0.471406523205761,0.528593476794239
"oarfish","EDA","Kidney","K35",0.629012261645016,1.1622687372958,10.2745857333318,8.19538565416613,9.33688359577145,"575-813",0.124481442375717,0.875518557624283
"oarfish","EDA","Kidney","K35",0.345009970428638,0.921757423916602,10.2745857333318,8.19538565416613,9.25533078303635,"813-1597",0.0995920562456877,0.900407943754312
"oarfish","TPM","B20K80","BK20801",0.710579424122015,3.49948239053056,10.941345882157,6.09156234168924,8.16963762182738,"1597-2528",0.428352217383639,0.571647782616361
"oarfish","TPM","B20K80","BK20801",0.500984875131943,4.36935743486447,10.941345882157,6.09156234168924,8.09259891597529,"191-575",0.539920176476199,0.460079823523801
"oarfish","TPM","B20K80","BK20801",0.828114933173782,1.99159388257462,10.941345882157,6.09156234168924,8.61798746156121,"575-813",0.231097328866829,0.768902671133171
"oarfish","TPM","B20K80","BK20801",0.730379597775344,1.64970011319944,10.941345882157,6.09156234168924,8.82151092424315,"813-1597",0.18700879331972,0.81299120668028
"oarfish","TPM","B20K80","BK20802",0.674859094004571,3.68951595740034,10.941345882157,6.09156234168924,8.16963762182738,"1597-2528",0.451613171622546,0.548386828377454
"oarfish","TPM","B20K80","BK20802",0.520760593887151,4.35596497964438,10.941345882157,6.09156234168924,8.09259891597529,"191-575",0.53826527483593,0.46173472516407
"oarfish","TPM","B20K80","BK20802",0.838260292232572,2.0325536230914,10.941345882157,6.09156234168924,8.61798746156121,"575-813",0.2358501485593,0.7641498514407
"oarfish","TPM","B20K80","BK20802",0.740794993109039,1.69807737901806,10.941345882157,6.09156234168924,8.82151092424315,"813-1597",0.192492804645452,0.807507195354548
"oarfish","TPM","B20K80","BK20803",0.743566195265617,3.66682470870042,10.941345882157,6.09156234168924,8.16963762182738,"1597-2528",0.448835661805061,0.551164338194939
"oarfish","TPM","B20K80","BK20803",0.510872734509547,4.36637323566734,10.941345882157,6.09156234168924,8.09259891597529,"191-575",0.539551419884143,0.460448580115857
"oarfish","TPM","B20K80","BK20803",0.828114933173782,1.3456552618137,10.941345882157,6.09156234168924,8.61798746156121,"575-813",0.156144954702675,0.843855045297325
"oarfish","TPM","B20K80","BK20803",0.673094923440023,1.7394531573588,10.941345882157,6.09156234168924,8.82151092424315,"813-1597",0.197183132492469,0.802816867507531
"oarfish","TPM","B20K80","BK20804",0.674859094004571,3.61224233217032,10.941345882157,6.09156234168924,8.16963762182738,"1597-2528",0.442154536024859,0.55784546397514
"oarfish","TPM","B20K80","BK20804",0.500984875131943,4.36836187004106,10.941345882157,6.09156234168924,8.09259891597529,"191-575",0.539797154832133,0.460202845167867
"oarfish","TPM","B20K80","BK20804",0.828114933173782,1.51146645316192,10.941345882157,6.09156234168924,8.61798746156121,"575-813",0.175385083803325,0.824614916196674
"oarfish","TPM","B20K80","BK20804",0.669189150189887,1.76364920823038,10.941345882157,6.09156234168924,8.82151092424315,"813-1597",0.19992597905009,0.80007402094991
"oarfish","TPM","B20K80","BK20805",0.715483008491636,3.73435682393875,10.941345882157,6.09156234168924,8.16963762182738,"1597-2528",0.457101893229807,0.542898106770193
"oarfish","TPM","B20K80","BK20805",0.500984875131943,4.36537362638184,10.941345882157,6.09156234168924,8.09259891597529,"191-575",0.53942789846712,0.46057210153288
"oarfish","TPM","B20K80","BK20805",0.838260292232572,2.00119040597721,10.941345882157,6.09156234168924,8.61798746156121,"575-813",0.232210874627413,0.767789125372586
"oarfish","TPM","B20K80","BK20805",0.730379597775344,1.73124084462012,10.941345882157,6.09156234168924,8.82151092424315,"813-1597",0.1962521907514,0.8037478092486
"oarfish","TPM","B80K20","BK80201",NA,4.14291647291124,9.58147305098662,9.58147305098662,9.58147305098662,"1597-2528",0.432388261268932,0.567611738731068
"oarfish","TPM","B80K20","BK80201",NA,4.65812370699155,9.58147305098662,9.58147305098662,9.58147305098662,"191-575",0.486159454000853,0.513840545999147
"oarfish","TPM","B80K20","BK80201",NA,1.18058510393315,9.58147305098662,9.58147305098662,9.58147305098662,"575-813",0.123215407239661,0.876784592760339
"oarfish","TPM","B80K20","BK80201",NA,1.54015477764312,9.58147305098662,9.58147305098662,9.58147305098662,"813-1597",0.160743005741119,0.839256994258881
"oarfish","TPM","B80K20","BK80202",NA,4.15856273035462,9.58147305098662,9.58147305098662,9.58147305098662,"1597-2528",0.434021231205822,0.565978768794178
"oarfish","TPM","B80K20","BK80202",NA,4.63850402932914,9.58147305098662,9.58147305098662,9.58147305098662,"191-575",0.484111785802237,0.515888214197763
"oarfish","TPM","B80K20","BK80202",NA,1.20638941914982,9.58147305098662,9.58147305098662,9.58147305098662,"575-813",0.12590855422023,0.87409144577977
"oarfish","TPM","B80K20","BK80202",NA,1.56069685336227,9.58147305098662,9.58147305098662,9.58147305098662,"813-1597",0.162886942859121,0.837113057140879
"oarfish","TPM","B80K20","BK80203",NA,4.05677480136478,9.58147305098662,9.58147305098662,9.58147305098662,"1597-2528",0.423397819915284,0.576602180084716
"oarfish","TPM","B80K20","BK80203",NA,4.61107721179993,9.58147305098662,9.58147305098662,9.58147305098662,"191-575",0.481249301361351,0.518750698638649
"oarfish","TPM","B80K20","BK80203",NA,1.20516741797565,9.58147305098662,9.58147305098662,9.58147305098662,"575-813",0.125781016297025,0.874218983702975
"oarfish","TPM","B80K20","BK80203",NA,1.54723916486688,9.58147305098662,9.58147305098662,9.58147305098662,"813-1597",0.161482389673638,0.838517610326362
"oarfish","TPM","B80K20","BK80204",NA,4.14302376311811,9.58147305098662,9.58147305098662,9.58147305098662,"1597-2528",0.432399458942432,0.567600541057568
"oarfish","TPM","B80K20","BK80204",NA,4.63079348153243,9.58147305098662,9.58147305098662,9.58147305098662,"191-575",0.483307050689413,0.516692949310587
"oarfish","TPM","B80K20","BK80204",NA,1.14436608631782,9.58147305098662,9.58147305098662,9.58147305098662,"575-813",0.119435297707171,0.880564702292829
"oarfish","TPM","B80K20","BK80204",NA,1.5638235614442,9.58147305098662,9.58147305098662,9.58147305098662,"813-1597",0.163213271396006,0.836786728603994
"oarfish","TPM","B80K20","BK80205",NA,4.14881974543176,9.58147305098662,9.58147305098662,9.58147305098662,"1597-2528",0.433004374520946,0.566995625479054
"oarfish","TPM","B80K20","BK80205",NA,4.62736146907512,9.58147305098662,9.58147305098662,9.58147305098662,"191-575",0.48294885811933,0.51705114188067
"oarfish","TPM","B80K20","BK80205",NA,1.27187933662391,9.58147305098662,9.58147305098662,9.58147305098662,"575-813",0.132743611536114,0.867256388463886
"oarfish","TPM","B80K20","BK80205",NA,1.58386902569724,9.58147305098662,9.58147305098662,9.58147305098662,"813-1597",0.165305378125981,0.834694621874019
"oarfish","TPM","Brain","B31",NA,4.10025111453328,9.58147305098662,9.58147305098662,9.58147305098662,"1597-2528",0.427935359491625,0.572064640508375
"oarfish","TPM","Brain","B31",NA,4.6255773966542,9.58147305098662,9.58147305098662,9.58147305098662,"191-575",0.482762657896105,0.517237342103895
"oarfish","TPM","Brain","B31",NA,1.11643156496798,9.58147305098662,9.58147305098662,9.58147305098662,"575-813",0.116519825190451,0.883480174809549
"oarfish","TPM","Brain","B31",NA,1.42865694530772,9.58147305098662,9.58147305098662,9.58147305098662,"813-1597",0.149106190426597,0.850893809573403
"oarfish","TPM","Brain","B32",NA,4.05730951219557,9.58147305098662,9.58147305098662,9.58147305098662,"1597-2528",0.423453626661068,0.576546373338932
"oarfish","TPM","Brain","B32",NA,4.63210195259953,9.58147305098662,9.58147305098662,9.58147305098662,"191-575",0.483443613309809,0.516556386690191
"oarfish","TPM","Brain","B32",NA,1.17399128479248,9.58147305098662,9.58147305098662,9.58147305098662,"575-813",0.122527222958853,0.877472777041147
"oarfish","TPM","Brain","B32",NA,1.49474249906983,9.58147305098662,9.58147305098662,9.58147305098662,"813-1597",0.156003413161603,0.843996586838397
"oarfish","TPM","Brain","B33",NA,4.05861152760414,9.58147305098662,9.58147305098662,9.58147305098662,"1597-2528",0.423589515516742,0.576410484483258
"oarfish","TPM","Brain","B33",NA,4.62134477051779,9.58147305098662,9.58147305098662,9.58147305098662,"191-575",0.482320906808993,0.517679093191007
"oarfish","TPM","Brain","B33",NA,1.11342671641131,9.58147305098662,9.58147305098662,9.58147305098662,"575-813",0.116206214898935,0.883793785101065
"oarfish","TPM","Brain","B33",NA,1.4434558317143,9.58147305098662,9.58147305098662,9.58147305098662,"813-1597",0.150650721870544,0.849349278129456
"oarfish","TPM","Brain","B34",NA,4.05583380426642,9.58147305098662,9.58147305098662,9.58147305098662,"1597-2528",0.42329960984953,0.57670039015047
"oarfish","TPM","Brain","B34",NA,4.61645962189471,9.58147305098662,9.58147305098662,9.58147305098662,"191-575",0.481811053199106,0.518188946800894
"oarfish","TPM","Brain","B34",NA,1.12190985612603,9.58147305098662,9.58147305098662,9.58147305098662,"575-813",0.117091583951228,0.882908416048772
"oarfish","TPM","Brain","B34",NA,1.43496462708282,9.58147305098662,9.58147305098662,9.58147305098662,"813-1597",0.149764511098329,0.850235488901671
"oarfish","TPM","Brain","B35",NA,4.05139266761406,9.58147305098662,9.58147305098662,9.58147305098662,"1597-2528",0.422836096919031,0.577163903080969
"oarfish","TPM","Brain","B35",NA,4.62602555321976,9.58147305098662,9.58147305098662,9.58147305098662,"191-575",0.482809431138922,0.517190568861078
"oarfish","TPM","Brain","B35",NA,1.14706305691103,9.58147305098662,9.58147305098662,9.58147305098662,"575-813",0.119716775365027,0.880283224634973
"oarfish","TPM","Brain","B35",NA,1.48049326858683,9.58147305098662,9.58147305098662,9.58147305098662,"813-1597",0.154516248254164,0.845483751745836
"oarfish","TPM","Kidney","K31",0.533442088956565,4.16299495757663,10.2745857333318,8.19538565416613,9.41842017762234,"1597-2528",0.442005652653689,0.557994347346311
"oarfish","TPM","Kidney","K31",0.532792612689884,4.39339654858596,10.2745857333318,8.19538565416613,9.31196563930357,"191-575",0.471801198454007,0.528198801545993
"oarfish","TPM","Kidney","K31",0.649302979762598,1.12225487211252,10.2745857333318,8.19538565416613,9.33688359577145,"575-813",0.120195872702191,0.879804127297809
"oarfish","TPM","Kidney","K31",0.476504336516534,1.57328415881726,10.2745857333318,8.19538565416613,9.25533078303635,"813-1597",0.169986810379684,0.830013189620316
"oarfish","TPM","Kidney","K32",0.524530168616002,4.20262680990398,10.2745857333318,8.19538565416613,9.41842017762234,"1597-2528",0.446213561366607,0.553786438633393
"oarfish","TPM","Kidney","K32",0.521863533455219,4.39435954256451,10.2745857333318,8.19538565416613,9.31196563930357,"191-575",0.47190461313742,0.52809538686258
"oarfish","TPM","Kidney","K32",0.649302979762598,1.11444739725188,10.2745857333318,8.19538565416613,9.33688359577145,"575-813",0.119359675615598,0.880640324384402
"oarfish","TPM","Kidney","K32",0.490825505100365,1.5541711116024,10.2745857333318,8.19538565416613,9.25533078303635,"813-1597",0.167921725115537,0.832078274884463
"oarfish","TPM","Kidney","K33",0.592006136908837,4.14287943642444,10.2745857333318,8.19538565416613,9.41842017762234,"1597-2528",0.439869888823573,0.560130111176427
"oarfish","TPM","Kidney","K33",0.532792612689884,4.39411168007328,10.2745857333318,8.19538565416613,9.31196563930357,"191-575",0.471877995503633,0.528122004496367
"oarfish","TPM","Kidney","K33",0.661984678586086,1.09907186462235,10.2745857333318,8.19538565416613,9.33688359577145,"575-813",0.117712923519803,0.882287076480197
"oarfish","TPM","Kidney","K33",0.503844749267483,1.63322463809844,10.2745857333318,8.19538565416613,9.25533078303635,"813-1597",0.176463129885309,0.823536870114691
"oarfish","TPM","Kidney","K34",0.551265929637691,4.11686598010562,10.2745857333318,8.19538565416613,9.41842017762234,"1597-2528",0.437107912204541,0.562892087795459
"oarfish","TPM","Kidney","K34",0.501098282909357,4.39371295139745,10.2745857333318,8.19538565416613,9.31196563930357,"191-575",0.471835176544536,0.528164823455464
"oarfish","TPM","Kidney","K34",0.632816771292063,1.24105949497142,10.2745857333318,8.19538565416613,9.33688359577145,"575-813",0.132920099328804,0.867079900671196
"oarfish","TPM","Kidney","K34",0.432238906348332,1.46951285217435,10.2745857333318,8.19538565416613,9.25533078303635,"813-1597",0.158774752261448,0.841225247738552
"oarfish","TPM","Kidney","K35",0.555085324069361,4.05952496146464,10.2745857333318,8.19538565416613,9.41842017762234,"1597-2528",0.431019734191713,0.568980265808287
"oarfish","TPM","Kidney","K35",0.481425940286962,4.39400050922904,10.2745857333318,8.19538565416613,9.31196563930357,"191-575",0.471866057009813,0.528133942990187
"oarfish","TPM","Kidney","K35",0.661984678586086,1.15211753266323,10.2745857333318,8.19538565416613,9.33688359577145,"575-813",0.123394226868696,0.876605773131304
"oarfish","TPM","Kidney","K35",0.415313888931078,1.39467217453107,10.2745857333318,8.19538565416613,9.25533078303635,"813-1597",0.150688528289805,0.849311471710195
"oarfish","cqn","B20K80","BK20801",0.710579424122015,2.63699746936608,10.941345882157,6.09156234168924,8.16963762182738,"1597-2528",0.322780224953997,0.677219775046003
"oarfish","cqn","B20K80","BK20801",0.381326744562169,4.18375278125578,10.941345882157,6.09156234168924,8.09259891597529,"191-575",0.516985065576003,0.483014934423997
"oarfish","cqn","B20K80","BK20801",0.839528462114921,1.97815864559001,10.941345882157,6.09156234168924,8.61798746156121,"575-813",0.229538352708586,0.770461647291414
"oarfish","cqn","B20K80","BK20801",0.658773754856192,1.18560562298434,10.941345882157,6.09156234168924,8.82151092424315,"813-1597",0.134399382732279,0.865600617267721
"oarfish","cqn","B20K80","BK20802",0.682513450458309,2.79134888462663,10.941345882157,6.09156234168924,8.16963762182738,"1597-2528",0.341673525049483,0.658326474950517
"oarfish","cqn","B20K80","BK20802",0.453234073536749,4.07513140941126,10.941345882157,6.09156234168924,8.09259891597529,"191-575",0.503562755515623,0.496437244484377
"oarfish","cqn","B20K80","BK20802",0.839528462114921,1.91649484230778,10.941345882157,6.09156234168924,8.61798746156121,"575-813",0.222383108684703,0.777616891315297
"oarfish","cqn","B20K80","BK20802",0.703039185024395,1.109844665055,10.941345882157,6.09156234168924,8.82151092424315,"813-1597",0.125811176179009,0.874188823820991
"oarfish","cqn","B20K80","BK20803",0.738645397785721,2.58659726919765,10.941345882157,6.09156234168924,8.16963762182738,"1597-2528",0.316611016171251,0.683388983828749
"oarfish","cqn","B20K80","BK20803",0.415101399080532,4.12733181842797,10.941345882157,6.09156234168924,8.09259891597529,"191-575",0.510013144266963,0.489986855733037
"oarfish","cqn","B20K80","BK20803",0.839528462114921,1.71954891744127,10.941345882157,6.09156234168924,8.61798746156121,"575-813",0.199530218059724,0.800469781940276
"oarfish","cqn","B20K80","BK20803",0.669189150189887,1.21116811539457,10.941345882157,6.09156234168924,8.82151092424315,"813-1597",0.13729712809923,0.86270287190077
"oarfish","cqn","B20K80","BK20804",0.696546437290162,2.59564125807187,10.941345882157,6.09156234168924,8.16963762182738,"1597-2528",0.317718040655428,0.682281959344572
"oarfish","cqn","B20K80","BK20804",0.395490309360192,4.11768839780246,10.941345882157,6.09156234168924,8.09259891597529,"191-575",0.508821509697446,0.491178490302554
"oarfish","cqn","B20K80","BK20804",0.839528462114921,1.78328596957136,10.941345882157,6.09156234168924,8.61798746156121,"575-813",0.20692603435841,0.79307396564159
"oarfish","cqn","B20K80","BK20804",0.597583307270736,1.32567297412207,10.941345882157,6.09156234168924,8.82151092424315,"813-1597",0.150277314794099,0.849722685205901
"oarfish","cqn","B20K80","BK20805",0.713130876273261,2.61472724500928,10.941345882157,6.09156234168924,8.16963762182738,"1597-2528",0.320054250389679,0.679945749610321
"oarfish","cqn","B20K80","BK20805",0.405295854220362,4.1395125537762,10.941345882157,6.09156234168924,8.09259891597529,"191-575",0.511518314049217,0.488481685950783
"oarfish","cqn","B20K80","BK20805",0.839528462114921,1.89225758633991,10.941345882157,6.09156234168924,8.61798746156121,"575-813",0.219570705432091,0.780429294567909
"oarfish","cqn","B20K80","BK20805",0.631433342105244,1.27122673572075,10.941345882157,6.09156234168924,8.82151092424315,"813-1597",0.144105329193346,0.855894670806654
"oarfish","cqn","B80K20","BK80201",NA,3.0303545540243,9.58147305098662,9.58147305098662,9.58147305098662,"1597-2528",0.316272303632087,0.683727696367913
"oarfish","cqn","B80K20","BK80201",NA,4.64799793205304,9.58147305098662,9.58147305098662,9.58147305098662,"191-575",0.48510264625484,0.51489735374516
"oarfish","cqn","B80K20","BK80201",NA,1.22289407033752,9.58147305098662,9.58147305098662,9.58147305098662,"575-813",0.127631113068944,0.872368886931056
"oarfish","cqn","B80K20","BK80201",NA,0.988058921460968,9.58147305098662,9.58147305098662,9.58147305098662,"813-1597",0.103121818138311,0.896878181861689
"oarfish","cqn","B80K20","BK80202",NA,3.05456599119043,9.58147305098662,9.58147305098662,9.58147305098662,"1597-2528",0.318799204979854,0.681200795020146
"oarfish","cqn","B80K20","BK80202",NA,4.60224883832166,9.58147305098662,9.58147305098662,9.58147305098662,"191-575",0.480327900922056,0.519672099077944
"oarfish","cqn","B80K20","BK80202",NA,1.30292346509473,9.58147305098662,9.58147305098662,9.58147305098662,"575-813",0.135983627795161,0.864016372204839
"oarfish","cqn","B80K20","BK80202",NA,1.03759562229782,9.58147305098662,9.58147305098662,9.58147305098662,"813-1597",0.10829186877387,0.89170813122613
"oarfish","cqn","B80K20","BK80203",NA,2.96173515464994,9.58147305098662,9.58147305098662,9.58147305098662,"1597-2528",0.309110628281208,0.690889371718792
"oarfish","cqn","B80K20","BK80203",NA,4.47344501362907,9.58147305098662,9.58147305098662,9.58147305098662,"191-575",0.466884892315011,0.533115107684989
"oarfish","cqn","B80K20","BK80203",NA,1.34948253539095,9.58147305098662,9.58147305098662,9.58147305098662,"575-813",0.140842908831434,0.859157091168566
"oarfish","cqn","B80K20","BK80203",NA,0.918642332911488,9.58147305098662,9.58147305098662,9.58147305098662,"813-1597",0.095876941679327,0.904123058320673
"oarfish","cqn","B80K20","BK80204",NA,3.04613514279,9.58147305098662,9.58147305098662,9.58147305098662,"1597-2528",0.31791929347193,0.68208070652807
"oarfish","cqn","B80K20","BK80204",NA,4.61158448847109,9.58147305098662,9.58147305098662,9.58147305098662,"191-575",0.481302244856413,0.518697755143587
"oarfish","cqn","B80K20","BK80204",NA,1.3158775758682,9.58147305098662,9.58147305098662,9.58147305098662,"575-813",0.137335623537834,0.862664376462166
"oarfish","cqn","B80K20","BK80204",NA,1.07842699585115,9.58147305098662,9.58147305098662,9.58147305098662,"813-1597",0.112553361065928,0.887446638934072
"oarfish","cqn","B80K20","BK80205",NA,3.01854929487845,9.58147305098662,9.58147305098662,9.58147305098662,"1597-2528",0.31504021133448,0.68495978866552
"oarfish","cqn","B80K20","BK80205",NA,4.57673450265382,9.58147305098662,9.58147305098662,9.58147305098662,"191-575",0.477665018551875,0.522334981448125
"oarfish","cqn","B80K20","BK80205",NA,1.46812793000986,9.58147305098662,9.58147305098662,9.58147305098662,"575-813",0.153225701538522,0.846774298461478
"oarfish","cqn","B80K20","BK80205",NA,1.08264228679091,9.58147305098662,9.58147305098662,9.58147305098662,"813-1597",0.112993302911751,0.887006697088249
"oarfish","cqn","Brain","B31",NA,2.84030548678176,9.58147305098662,9.58147305098662,9.58147305098662,"1597-2528",0.296437246305179,0.703562753694821
"oarfish","cqn","Brain","B31",NA,4.46546419790404,9.58147305098662,9.58147305098662,9.58147305098662,"191-575",0.466051949855896,0.533948050144104
"oarfish","cqn","Brain","B31",NA,1.14403460604819,9.58147305098662,9.58147305098662,9.58147305098662,"575-813",0.119400701746,0.880599298254
"oarfish","cqn","Brain","B31",NA,0.942317203520209,9.58147305098662,9.58147305098662,9.58147305098662,"813-1597",0.0983478426026755,0.901652157397325
"oarfish","cqn","Brain","B32",NA,2.79506363602857,9.58147305098662,9.58147305098662,9.58147305098662,"1597-2528",0.291715440950988,0.708284559049012
"oarfish","cqn","Brain","B32",NA,4.42174068102641,9.58147305098662,9.58147305098662,9.58147305098662,"191-575",0.461488610101668,0.538511389898332
"oarfish","cqn","Brain","B32",NA,1.16422893236653,9.58147305098662,9.58147305098662,9.58147305098662,"575-813",0.121508344924755,0.878491655075245
"oarfish","cqn","Brain","B32",NA,0.973410237322929,9.58147305098662,9.58147305098662,9.58147305098662,"813-1597",0.101592963017591,0.898407036982409
"oarfish","cqn","Brain","B33",NA,2.81636726273798,9.58147305098662,9.58147305098662,9.58147305098662,"1597-2528",0.293938859687966,0.706061140312034
"oarfish","cqn","Brain","B33",NA,4.42994703717831,9.58147305098662,9.58147305098662,9.58147305098662,"191-575",0.462345091783372,0.537654908216628
"oarfish","cqn","Brain","B33",NA,1.13678855294035,9.58147305098662,9.58147305098662,9.58147305098662,"575-813",0.118644445054645,0.881355554945355
"oarfish","cqn","Brain","B33",NA,0.96848614523786,9.58147305098662,9.58147305098662,9.58147305098662,"813-1597",0.101079044953128,0.898920955046872
"oarfish","cqn","Brain","B34",NA,2.84002756906445,9.58147305098662,9.58147305098662,9.58147305098662,"1597-2528",0.296408240565057,0.703591759434943
"oarfish","cqn","Brain","B34",NA,4.41261870623519,9.58147305098662,9.58147305098662,9.58147305098662,"191-575",0.460536567055398,0.539463432944602
"oarfish","cqn","Brain","B34",NA,1.15500054354804,9.58147305098662,9.58147305098662,9.58147305098662,"575-813",0.120545195650173,0.879454804349827
"oarfish","cqn","Brain","B34",NA,0.977749711179836,9.58147305098662,9.58147305098662,9.58147305098662,"813-1597",0.102045865596747,0.897954134403253
"oarfish","cqn","Brain","B35",NA,2.78812528309698,9.58147305098662,9.58147305098662,9.58147305098662,"1597-2528",0.290991298337982,0.709008701662018
"oarfish","cqn","Brain","B35",NA,4.40963423207287,9.58147305098662,9.58147305098662,9.58147305098662,"191-575",0.460225083200417,0.539774916799583
"oarfish","cqn","Brain","B35",NA,1.16300320801047,9.58147305098662,9.58147305098662,9.58147305098662,"575-813",0.121380418420183,0.878619581579817
"oarfish","cqn","Brain","B35",NA,0.983410133603172,9.58147305098662,9.58147305098662,9.58147305098662,"813-1597",0.102636633049018,0.897363366950982
"oarfish","cqn","Kidney","K31",0.52929807132889,2.80357797092298,10.2745857333318,8.19538565416613,9.41842017762234,"1597-2528",0.297669664131585,0.702330335868415
"oarfish","cqn","Kidney","K31",0.456502588490139,4.15119512448769,10.2745857333318,8.19538565416613,9.31196563930357,"191-575",0.445791499376511,0.554208500623489
"oarfish","cqn","Kidney","K31",0.565603767527575,1.10291682964265,10.2745857333318,8.19538565416613,9.33688359577145,"575-813",0.11812472741356,0.88187527258644
"oarfish","cqn","Kidney","K31",0.243459865925115,0.990088529599863,10.2745857333318,8.19538565416613,9.25533078303635,"813-1597",0.106974948039086,0.893025051960914
"oarfish","cqn","Kidney","K32",0.524208666796881,2.76765462455776,10.2745857333318,8.19538565416613,9.41842017762234,"1597-2528",0.293855505739016,0.706144494260984
"oarfish","cqn","Kidney","K32",0.475024173226016,4.07604094838002,10.2745857333318,8.19538565416613,9.31196563930357,"191-575",0.437720789172162,0.562279210827838
"oarfish","cqn","Kidney","K32",0.552922068704087,0.987117742689039,10.2745857333318,8.19538565416613,9.33688359577145,"575-813",0.105722400045352,0.894277599954648
"oarfish","cqn","Kidney","K32",0.33199072626152,0.869641563796379,10.2745857333318,8.19538565416613,9.25533078303635,"813-1597",0.0939611542993475,0.906038845700653
"oarfish","cqn","Kidney","K33",0.568740956451956,2.73988915658914,10.2745857333318,8.19538565416613,9.41842017762234,"1597-2528",0.290907509424879,0.709092490575121
"oarfish","cqn","Kidney","K33",0.456502588490139,4.12783667816109,10.2745857333318,8.19538565416613,9.31196563930357,"191-575",0.443283065901627,0.556716934098373
"oarfish","cqn","Kidney","K33",0.565603767527575,1.01007492446678,10.2745857333318,8.19538565416613,9.33688359577145,"575-813",0.108181162815849,0.891818837184151
"oarfish","cqn","Kidney","K33",0.214817528757454,0.978285691869035,10.2745857333318,8.19538565416613,9.25533078303635,"813-1597",0.105699700507959,0.894300299492041
"oarfish","cqn","Kidney","K34",0.421148225023708,2.71129790100849,10.2745857333318,8.19538565416613,9.41842017762234,"1597-2528",0.287871835177877,0.712128164822123
"oarfish","cqn","Kidney","K34",0.475024173226016,4.039652213823,10.2745857333318,8.19538565416613,9.31196563930357,"191-575",0.433813049821897,0.566186950178103
"oarfish","cqn","Kidney","K34",0.559262918115831,1.07068063464744,10.2745857333318,8.19538565416613,9.33688359577145,"575-813",0.114672162683097,0.885327837316903
"oarfish","cqn","Kidney","K34",0.231742546174708,0.924677215713237,10.2745857333318,8.19538565416613,9.25533078303635,"813-1597",0.0999075276064723,0.900092472393528
"oarfish","cqn","Kidney","K35",0.544566284924915,2.73744784101422,10.2745857333318,8.19538565416613,9.41842017762234,"1597-2528",0.29064830294132,0.70935169705868
"oarfish","cqn","Kidney","K35",0.483740213101723,4.08942901875121,10.2745857333318,8.19538565416613,9.31196563930357,"191-575",0.439158516810964,0.560841483189036
"oarfish","cqn","Kidney","K35",0.563067427762878,1.12612529911005,10.2745857333318,8.19538565416613,9.33688359577145,"575-813",0.120610403627614,0.879389596372386
"oarfish","cqn","Kidney","K35",0.160136703255557,0.962167602425416,10.2745857333318,8.19538565416613,9.25533078303635,"813-1597",0.103958207975551,0.896041792024449
"oarfish","ratio_counts","B20K80","BK20801",0.729987015175741,2.53611387481831,10.9180949312313,6.06836418053216,8.21407479297787,"1597-2528",0.308752225751147,0.691247774248853
"oarfish","ratio_counts","B20K80","BK20801",0.564706635565392,4.33487708430784,10.9180949312313,6.06836418053216,8.18120735854307,"191-575",0.529857867467596,0.470142132532404
"oarfish","ratio_counts","B20K80","BK20801",0.956200091291013,1.63047710019773,10.9180949312313,6.06836418053216,8.6455040813761,"575-813",0.18859248516348,0.81140751483652
"oarfish","ratio_counts","B20K80","BK20801",0.941291353282662,0.519189344616199,10.9180949312313,6.06836418053216,8.89977005200642,"813-1597",0.0583373886720982,0.941662611327902
"oarfish","ratio_counts","B20K80","BK20802",0.684362826727257,2.66736781328049,10.9180949312313,6.06836418053216,8.21407479297787,"1597-2528",0.324731376388342,0.675268623611658
"oarfish","ratio_counts","B20K80","BK20802",0.564706635565392,4.34063167712266,10.9180949312313,6.06836418053216,8.18120735854307,"191-575",0.530561259101939,0.469438740898061
"oarfish","ratio_counts","B20K80","BK20802",0.956200091291013,1.65796583377219,10.9180949312313,6.06836418053216,8.6455040813761,"575-813",0.191772026034171,0.808227973965829
"oarfish","ratio_counts","B20K80","BK20802",0.941291353282662,0.629069670457482,10.9180949312313,6.06836418053216,8.89977005200642,"813-1597",0.070683811691928,0.929316188308072
"oarfish","ratio_counts","B20K80","BK20803",0.742481823139687,2.93356958719459,10.9180949312313,6.06836418053216,8.21407479297787,"1597-2528",0.357139381017381,0.642860618982619
"oarfish","ratio_counts","B20K80","BK20803",0.564706635565392,4.34057268604127,10.9180949312313,6.06836418053216,8.18120735854307,"191-575",0.530554048542568,0.469445951457432
"oarfish","ratio_counts","B20K80","BK20803",0.956200091291013,0.899553728673044,10.9180949312313,6.06836418053216,8.6455040813761,"575-813",0.104048731017412,0.895951268982587
"oarfish","ratio_counts","B20K80","BK20803",0.941291353282662,0.623244136579177,10.9180949312313,6.06836418053216,8.89977005200642,"813-1597",0.070029240411517,0.929970759588483
"oarfish","ratio_counts","B20K80","BK20804",0.729987015175741,2.53642840285541,10.9180949312313,6.06836418053216,8.21407479297787,"1597-2528",0.308790517104102,0.691209482895898
"oarfish","ratio_counts","B20K80","BK20804",0.564706635565392,4.33489490052966,10.9180949312313,6.06836418053216,8.18120735854307,"191-575",0.529860045168398,0.470139954831602
"oarfish","ratio_counts","B20K80","BK20804",0.956200091291013,1.03499051223094,10.9180949312313,6.06836418053216,8.6455040813761,"575-813",0.119714304971585,0.880285695028415
"oarfish","ratio_counts","B20K80","BK20804",0.941291353282662,0.524320935771279,10.9180949312313,6.06836418053216,8.89977005200642,"813-1597",0.0589139868454324,0.941086013154568
"oarfish","ratio_counts","B20K80","BK20805",0.742481823139687,2.93763438387632,10.9180949312313,6.06836418053216,8.21407479297787,"1597-2528",0.357634238537452,0.642365761462548
"oarfish","ratio_counts","B20K80","BK20805",0.564706635565392,4.33682632991332,10.9180949312313,6.06836418053216,8.18120735854307,"191-575",0.530096126384655,0.469903873615345
"oarfish","ratio_counts","B20K80","BK20805",0.966345450349803,1.62176807347811,10.9180949312313,6.06836418053216,8.6455040813761,"575-813",0.18758513768696,0.81241486231304
"oarfish","ratio_counts","B20K80","BK20805",0.941291353282662,0.559435662888181,10.9180949312313,6.06836418053216,8.89977005200642,"813-1597",0.0628595637436788,0.937140436256321
"oarfish","ratio_counts","B80K20","BK80201",0.708107168550043,3.26021164951199,9.7768967577031,9.4892565973559,9.55693663508465,"1597-2528",0.341135635193328,0.658864364806672
"oarfish","ratio_counts","B80K20","BK80201",0.596156589040218,4.50900772492446,9.7768967577031,9.4892565973559,9.60111665971314,"191-575",0.469633677491341,0.530366322508659
"oarfish","ratio_counts","B80K20","BK80201",0.661437827766148,0.138962697021329,9.7768967577031,9.4892565973559,9.54001662565246,"575-813",0.0145662950573553,0.985433704942645
"oarfish","ratio_counts","B80K20","BK80201",0.82915619758885,0.134315770758035,9.7768967577031,9.4892565973559,9.59077665394903,"813-1597",0.0140046813312799,0.98599531866872
"oarfish","ratio_counts","B80K20","BK80202",0.623134308324037,3.25884107371678,9.7768967577031,9.4892565973559,9.55693663508465,"1597-2528",0.340992223570175,0.659007776429825
"oarfish","ratio_counts","B80K20","BK80202",0.618236462708374,4.51174864088379,9.7768967577031,9.4892565973559,9.60111665971314,"191-575",0.4699191563639,0.5300808436361
"oarfish","ratio_counts","B80K20","BK80202",0.50395263067897,0.14366885121856,9.7768967577031,9.4892565973559,9.54001662565246,"575-813",0.0150596017654984,0.984940398234502
"oarfish","ratio_counts","B80K20","BK80202",0.82915619758885,0.11028302885556,9.7768967577031,9.4892565973559,9.59077665394903,"813-1597",0.0114988632135595,0.98850113678644
"oarfish","ratio_counts","B80K20","BK80203",0.736431455292044,3.26008187996565,9.7768967577031,9.4892565973559,9.55693663508465,"1597-2528",0.341122056621942,0.658877943378058
"oarfish","ratio_counts","B80K20","BK80203",0.596156589040218,4.53306799642284,9.7768967577031,9.4892565973559,9.60111665971314,"191-575",0.472139664279246,0.527860335720754
"oarfish","ratio_counts","B80K20","BK80203",0.661437827766148,0.172343323625458,9.7768967577031,9.4892565973559,9.54001662565246,"575-813",0.0180653064232654,0.981934693576735
"oarfish","ratio_counts","B80K20","BK80203",0.753778361444409,0.268411045337907,9.7768967577031,9.4892565973559,9.59077665394903,"813-1597",0.0279863722222525,0.972013627777747
"oarfish","ratio_counts","B80K20","BK80204",0.651458595066039,3.25907289450939,9.7768967577031,9.4892565973559,9.55693663508465,"1597-2528",0.341016480379805,0.658983519620195
"oarfish","ratio_counts","B80K20","BK80204",0.618236462708374,4.51336764179931,9.7768967577031,9.4892565973559,9.60111665971314,"191-575",0.470087782678203,0.529912217321797
"oarfish","ratio_counts","B80K20","BK80204",0.629940788348712,0.151820293543009,9.7768967577031,9.4892565973559,9.54001662565246,"575-813",0.0159140491573961,0.984085950842604
"oarfish","ratio_counts","B80K20","BK80204",0.82915619758885,0.10746471837671,9.7768967577031,9.4892565973559,9.59077665394903,"813-1597",0.0112050068784013,0.988794993121599
"oarfish","ratio_counts","B80K20","BK80205",0.651458595066039,3.2601364076208,9.7768967577031,9.4892565973559,9.55693663508465,"1597-2528",0.341127762179824,0.658872237820176
"oarfish","ratio_counts","B80K20","BK80205",0.640316336376531,4.51664091072607,9.7768967577031,9.4892565973559,9.60111665971314,"191-575",0.470428708535348,0.529571291464652
"oarfish","ratio_counts","B80K20","BK80205",0.50395263067897,0.148110871455519,9.7768967577031,9.4892565973559,9.54001662565246,"575-813",0.0155252215239604,0.98447477847604
"oarfish","ratio_counts","B80K20","BK80205",0.778904306825889,0.108715364883112,9.7768967577031,9.4892565973559,9.59077665394903,"813-1597",0.0113354078408602,0.98866459215914
"oarfish","ratio_counts","Brain","B31",0.651458595066039,3.26304008136623,9.7768967577031,9.4892565973559,9.55693663508465,"1597-2528",0.341431591100774,0.658568408899226
"oarfish","ratio_counts","Brain","B31",0.574076715372062,4.51506291634289,9.7768967577031,9.4892565973559,9.60111665971314,"191-575",0.470264353238031,0.529735646761969
"oarfish","ratio_counts","Brain","B31",0.598443748931276,0.0989441464359499,9.7768967577031,9.4892565973559,9.54001662565246,"575-813",0.0103714857445736,0.989628514255426
"oarfish","ratio_counts","Brain","B31",0.728652416062929,0.198516905847866,9.7768967577031,9.4892565973559,9.59077665394903,"813-1597",0.0206987309798447,0.979301269020155
"oarfish","ratio_counts","Brain","B32",0.651458595066039,3.26179086137435,9.7768967577031,9.4892565973559,9.55693663508465,"1597-2528",0.341300877668261,0.658699122331739
"oarfish","ratio_counts","Brain","B32",0.551996841703906,4.51173382599274,9.7768967577031,9.4892565973559,9.60111665971314,"191-575",0.469917613325567,0.530082386674433
"oarfish","ratio_counts","Brain","B32",0.598443748931276,0.118767686082314,9.7768967577031,9.4892565973559,9.54001662565246,"575-813",0.0124494212895768,0.987550578710423
"oarfish","ratio_counts","Brain","B32",0.80403025220737,0.184119766353994,9.7768967577031,9.4892565973559,9.59077665394903,"813-1597",0.0191975867020303,0.98080241329797
"oarfish","ratio_counts","Brain","B33",0.679782881808041,3.26135328976385,9.7768967577031,9.4892565973559,9.55693663508465,"1597-2528",0.341255091907906,0.658744908092094
"oarfish","ratio_counts","Brain","B33",0.596156589040218,4.51723889488698,9.7768967577031,9.4892565973559,9.60111665971314,"191-575",0.470490991307457,0.529509008692543
"oarfish","ratio_counts","Brain","B33",0.629940788348712,0.0972375657458777,9.7768967577031,9.4892565973559,9.54001662565246,"575-813",0.0101925991915373,0.989807400808463
"oarfish","ratio_counts","Brain","B33",0.778904306825889,0.179033601938074,9.7768967577031,9.4892565973559,9.59077665394903,"813-1597",0.0186672683973259,0.981332731602674
"oarfish","ratio_counts","Brain","B34",0.623134308324037,3.26221637180724,9.7768967577031,9.4892565973559,9.55693663508465,"1597-2528",0.341345401394758,0.658654598605242
"oarfish","ratio_counts","Brain","B34",0.596156589040218,4.52166241242063,9.7768967577031,9.4892565973559,9.60111665971314,"191-575",0.470951720792416,0.529048279207584
"oarfish","ratio_counts","Brain","B34",0.629940788348712,0.117012590289167,9.7768967577031,9.4892565973559,9.54001662565246,"575-813",0.0122654493048291,0.987734550695171
"oarfish","ratio_counts","Brain","B34",0.603022689155527,0.190960177320604,9.7768967577031,9.4892565973559,9.59077665394903,"813-1597",0.0199108147557556,0.980089185244244
"oarfish","ratio_counts","Brain","B35",0.679782881808041,3.2592765029786,9.7768967577031,9.4892565973559,9.55693663508465,"1597-2528",0.341037785163649,0.658962214836351
"oarfish","ratio_counts","Brain","B35",0.596156589040218,4.51459136895379,9.7768967577031,9.4892565973559,9.60111665971314,"191-575",0.470215239431188,0.529784760568812
"oarfish","ratio_counts","Brain","B35",0.629940788348712,0.0904181039665422,9.7768967577031,9.4892565973559,9.54001662565246,"575-813",0.00947777215853209,0.990522227841468
"oarfish","ratio_counts","Brain","B35",0.778904306825889,0.16087330492682,9.7768967577031,9.4892565973559,9.59077665394903,"813-1597",0.0167737515668848,0.983226248433115
"oarfish","ratio_counts","Kidney","K31",0.726958073494508,3.90463020170247,10.2274130787615,8.14822466148066,9.4389271292331,"1597-2528",0.413673095283205,0.586326904716795
"oarfish","ratio_counts","Kidney","K31",0.677056458587452,4.75999138774122,10.2274130787615,8.14822466148066,9.37665041323118,"191-575",0.507643047140214,0.492356952859786
"oarfish","ratio_counts","Kidney","K31",0.946054732232222,2.21392454033343,10.2274130787615,8.14822466148066,9.34047204236471,"575-813",0.237024909479086,0.762975090520914
"oarfish","ratio_counts","Kidney","K31",0.941291353282662,2.15049162247619,10.2274130787615,8.14822466148066,9.3096759207744,"813-1597",0.230995325806927,0.769004674193073
"oarfish","ratio_counts","Kidney","K32",0.726958073494508,3.92245245148228,10.2274130787615,8.14822466148066,9.4389271292331,"1597-2528",0.415561260064625,0.584438739935375
"oarfish","ratio_counts","Kidney","K32",0.647547944653859,4.76139278372858,10.2274130787615,8.14822466148066,9.37665041323118,"191-575",0.507792503068034,0.492207496931966
"oarfish","ratio_counts","Kidney","K32",0.935909373173432,2.19080848305259,10.2274130787615,8.14822466148066,9.34047204236471,"575-813",0.234550081956881,0.765449918043119
"oarfish","ratio_counts","Kidney","K32",0.941291353282662,2.15431452950773,10.2274130787615,8.14822466148066,9.3096759207744,"813-1597",0.231405963842459,0.768594036157541
"oarfish","ratio_counts","Kidney","K33",0.716773021676721,3.86756233120649,10.2274130787615,8.14822466148066,9.4389271292331,"1597-2528",0.40974596776241,0.59025403223759
"oarfish","ratio_counts","Kidney","K33",0.647547944653859,4.75230979531915,10.2274130787615,8.14822466148066,9.37665041323118,"191-575",0.506823821501682,0.493176178498318
"oarfish","ratio_counts","Kidney","K33",0.925764014114641,2.14005117195947,10.2274130787615,8.14822466148066,9.34047204236471,"575-813",0.229115954980974,0.770884045019026
"oarfish","ratio_counts","Kidney","K33",0.839741248779139,2.13121479952494,10.2274130787615,8.14822466148066,9.3096759207744,"813-1597",0.228924703465689,0.771075296534311
"oarfish","ratio_counts","Kidney","K34",0.688764129177808,3.83508193968396,10.2274130787615,8.14822466148066,9.4389271292331,"1597-2528",0.40630485723387,0.59369514276613
"oarfish","ratio_counts","Kidney","K34",0.647547944653859,4.78370332300676,10.2274130787615,8.14822466148066,9.37665041323118,"191-575",0.510171875050026,0.489828124949974
"oarfish","ratio_counts","Kidney","K34",0.915618655055851,2.17984361889019,10.2274130787615,8.14822466148066,9.34047204236471,"575-813",0.233376172960347,0.766623827039653
"oarfish","ratio_counts","Kidney","K34",0.907441318448154,1.95171757064135,10.2274130787615,8.14822466148066,9.3096759207744,"813-1597",0.209643986240823,0.790356013759177
"oarfish","ratio_counts","Kidney","K35",0.696402918041148,3.78741567564902,10.2274130787615,8.14822466148066,9.4389271292331,"1597-2528",0.401254890920717,0.598745109079283
"oarfish","ratio_counts","Kidney","K35",0.647547944653859,4.78088607799602,10.2274130787615,8.14822466148066,9.37665041323118,"191-575",0.509871421808561,0.490128578191439
"oarfish","ratio_counts","Kidney","K35",0.946054732232222,2.13545142955577,10.2274130787615,8.14822466148066,9.34047204236471,"575-813",0.228623502096061,0.771376497903939
"oarfish","ratio_counts","Kidney","K35",0.941291353282662,1.88997953981578,10.2274130787615,8.14822466148066,9.3096759207744,"813-1597",0.203012387960608,0.796987612039392
