"Dataset","Platform","Transcript length bin (bp)","Tool","Normalization","Condition","Sample","RMSE"
"Mouse","Iso-Seq","1597-2528","Bambu","CPM","B20K80","B20K80_1",3.59200244268695
"Mouse","Iso-Seq","191-575","Bambu","CPM","B20K80","B20K80_1",7.14272894264422
"Mouse","Iso-Seq","575-813","Bambu","CPM","B20K80","B20K80_1",5.73345870216859
"Mouse","Iso-Seq","813-1597","Bambu","CPM","B20K80","B20K80_1",1.37636720060658
"Mouse","Iso-Seq","1597-2528","Bambu","CPM","B20K80","B20K80_2",3.59589747642566
"Mouse","Iso-Seq","191-575","Bambu","CPM","B20K80","B20K80_2",6.77303514110707
"Mouse","Iso-Seq","575-813","Bambu","CPM","B20K80","B20K80_2",5.78563932757115
"Mouse","Iso-Seq","813-1597","Bambu","CPM","B20K80","B20K80_2",1.15972992673792
"Mouse","Iso-Seq","1597-2528","Bambu","CPM","B20K80","B20K80_3",3.58298257445932
"Mouse","Iso-Seq","191-575","Bambu","CPM","B20K80","B20K80_3",6.94601383334672
"Mouse","Iso-Seq","575-813","Bambu","CPM","B20K80","B20K80_3",5.88608724480367
"Mouse","Iso-Seq","813-1597","Bambu","CPM","B20K80","B20K80_3",1.38872901889585
"Mouse","Iso-Seq","1597-2528","Bambu","CPM","B20K80","B20K80_4",3.55418561145001
"Mouse","Iso-Seq","191-575","Bambu","CPM","B20K80","B20K80_4",6.84827574774971
"Mouse","Iso-Seq","575-813","Bambu","CPM","B20K80","B20K80_4",5.56463164201955
"Mouse","Iso-Seq","813-1597","Bambu","CPM","B20K80","B20K80_4",1.07522331320538
"Mouse","Iso-Seq","1597-2528","Bambu","CPM","B20K80","B20K80_5",3.55342384256883
"Mouse","Iso-Seq","191-575","Bambu","CPM","B20K80","B20K80_5",6.87813730416408
"Mouse","Iso-Seq","575-813","Bambu","CPM","B20K80","B20K80_5",5.44360326792726
"Mouse","Iso-Seq","813-1597","Bambu","CPM","B20K80","B20K80_5",1.1988865712242
"Mouse","Iso-Seq","1597-2528","Bambu","CPM","Brain","B31",2.61971436655985
"Mouse","Iso-Seq","191-575","Bambu","CPM","Brain","B31",7.53307076335397
"Mouse","Iso-Seq","575-813","Bambu","CPM","Brain","B31",5.62036808703994
"Mouse","Iso-Seq","813-1597","Bambu","CPM","Brain","B31",1.1171599736053
"Mouse","Iso-Seq","1597-2528","Bambu","CPM","Brain","B32",2.60845024378085
"Mouse","Iso-Seq","191-575","Bambu","CPM","Brain","B32",7.44582058577977
"Mouse","Iso-Seq","575-813","Bambu","CPM","Brain","B32",5.42788812248052
"Mouse","Iso-Seq","813-1597","Bambu","CPM","Brain","B32",1.02335544565136
"Mouse","Iso-Seq","1597-2528","Bambu","CPM","Brain","B33",2.62954856625527
"Mouse","Iso-Seq","191-575","Bambu","CPM","Brain","B33",7.57726210613595
"Mouse","Iso-Seq","575-813","Bambu","CPM","Brain","B33",5.63954962287198
"Mouse","Iso-Seq","813-1597","Bambu","CPM","Brain","B33",1.23278282269902
"Mouse","Iso-Seq","1597-2528","Bambu","CPM","Brain","B34",2.63622339945035
"Mouse","Iso-Seq","191-575","Bambu","CPM","Brain","B34",7.76841139036572
"Mouse","Iso-Seq","575-813","Bambu","CPM","Brain","B34",5.78379949840219
"Mouse","Iso-Seq","813-1597","Bambu","CPM","Brain","B34",1.38955181391542
"Mouse","Iso-Seq","1597-2528","Bambu","CPM","Brain","B35",2.64125085933985
"Mouse","Iso-Seq","191-575","Bambu","CPM","Brain","B35",7.69716245073545
"Mouse","Iso-Seq","575-813","Bambu","CPM","Brain","B35",6.02092465756846
"Mouse","Iso-Seq","813-1597","Bambu","CPM","Brain","B35",1.3868489753304
"Mouse","Iso-Seq","1597-2528","Bambu","CPM","B80K20","B80K20_1",2.62117268241409
"Mouse","Iso-Seq","191-575","Bambu","CPM","B80K20","B80K20_1",7.77597371005282
"Mouse","Iso-Seq","575-813","Bambu","CPM","B80K20","B80K20_1",5.93037890478618
"Mouse","Iso-Seq","813-1597","Bambu","CPM","B80K20","B80K20_1",1.44103111803071
"Mouse","Iso-Seq","1597-2528","Bambu","CPM","B80K20","B80K20_2",2.6200935925609
"Mouse","Iso-Seq","191-575","Bambu","CPM","B80K20","B80K20_2",7.54370166568099
"Mouse","Iso-Seq","575-813","Bambu","CPM","B80K20","B80K20_2",5.61426309475066
"Mouse","Iso-Seq","813-1597","Bambu","CPM","B80K20","B80K20_2",1.2478096717619
"Mouse","Iso-Seq","1597-2528","Bambu","CPM","B80K20","B80K20_3",2.59321457954658
"Mouse","Iso-Seq","191-575","Bambu","CPM","B80K20","B80K20_3",7.59956524119988
"Mouse","Iso-Seq","575-813","Bambu","CPM","B80K20","B80K20_3",5.55963507103795
"Mouse","Iso-Seq","813-1597","Bambu","CPM","B80K20","B80K20_3",1.13706863637403
"Mouse","Iso-Seq","1597-2528","Bambu","CPM","B80K20","B80K20_4",2.63960841616388
"Mouse","Iso-Seq","191-575","Bambu","CPM","B80K20","B80K20_4",7.66939203497894
"Mouse","Iso-Seq","575-813","Bambu","CPM","B80K20","B80K20_4",5.88362834227746
"Mouse","Iso-Seq","813-1597","Bambu","CPM","B80K20","B80K20_4",1.52818561710058
"Mouse","Iso-Seq","1597-2528","Bambu","CPM","B80K20","B80K20_5",2.60905083270565
"Mouse","Iso-Seq","191-575","Bambu","CPM","B80K20","B80K20_5",7.6233625924457
"Mouse","Iso-Seq","575-813","Bambu","CPM","B80K20","B80K20_5",5.52468971805209
"Mouse","Iso-Seq","813-1597","Bambu","CPM","B80K20","B80K20_5",1.24296986138829
"Mouse","Iso-Seq","1597-2528","Bambu","CPM","Kidney","K31",2.65590386086428
"Mouse","Iso-Seq","191-575","Bambu","CPM","Kidney","K31",7.49996817303267
"Mouse","Iso-Seq","575-813","Bambu","CPM","Kidney","K31",5.85590452591312
"Mouse","Iso-Seq","813-1597","Bambu","CPM","Kidney","K31",1.67565906453073
"Mouse","Iso-Seq","1597-2528","Bambu","CPM","Kidney","K32",2.65197470323186
"Mouse","Iso-Seq","191-575","Bambu","CPM","Kidney","K32",7.45488225545119
"Mouse","Iso-Seq","575-813","Bambu","CPM","Kidney","K32",5.76723001435862
"Mouse","Iso-Seq","813-1597","Bambu","CPM","Kidney","K32",1.64433112910523
"Mouse","Iso-Seq","1597-2528","Bambu","CPM","Kidney","K33",2.65106635283808
"Mouse","Iso-Seq","191-575","Bambu","CPM","Kidney","K33",7.41528085937169
"Mouse","Iso-Seq","575-813","Bambu","CPM","Kidney","K33",5.78662138924961
"Mouse","Iso-Seq","813-1597","Bambu","CPM","Kidney","K33",1.53550017183692
"Mouse","Iso-Seq","1597-2528","Bambu","CPM","Kidney","K34",2.614757679336
"Mouse","Iso-Seq","191-575","Bambu","CPM","Kidney","K34",7.47161634688762
"Mouse","Iso-Seq","575-813","Bambu","CPM","Kidney","K34",5.72383819597935
"Mouse","Iso-Seq","813-1597","Bambu","CPM","Kidney","K34",1.25314905675568
"Mouse","Iso-Seq","1597-2528","Bambu","CPM","Kidney","K35",2.61641633843597
"Mouse","Iso-Seq","191-575","Bambu","CPM","Kidney","K35",7.4333196585994
"Mouse","Iso-Seq","575-813","Bambu","CPM","Kidney","K35",5.67151347253124
"Mouse","Iso-Seq","813-1597","Bambu","CPM","Kidney","K35",1.21492289764087
"Mouse","Iso-Seq","1597-2528","Bambu","CQN","B20K80","B20K80_1",3.3411812756395
"Mouse","Iso-Seq","191-575","Bambu","CQN","B20K80","B20K80_1",6.90075226318663
"Mouse","Iso-Seq","575-813","Bambu","CQN","B20K80","B20K80_1",5.88963363523009
"Mouse","Iso-Seq","813-1597","Bambu","CQN","B20K80","B20K80_1",1.7565339934945
"Mouse","Iso-Seq","1597-2528","Bambu","CQN","B20K80","B20K80_2",3.12524465959032
"Mouse","Iso-Seq","191-575","Bambu","CQN","B20K80","B20K80_2",6.51672640343965
"Mouse","Iso-Seq","575-813","Bambu","CQN","B20K80","B20K80_2",5.61766648558127
"Mouse","Iso-Seq","813-1597","Bambu","CQN","B20K80","B20K80_2",1.65073005105493
"Mouse","Iso-Seq","1597-2528","Bambu","CQN","B20K80","B20K80_3",3.25391117051959
"Mouse","Iso-Seq","191-575","Bambu","CQN","B20K80","B20K80_3",6.62441688638464
"Mouse","Iso-Seq","575-813","Bambu","CQN","B20K80","B20K80_3",5.52774399673776
"Mouse","Iso-Seq","813-1597","Bambu","CQN","B20K80","B20K80_3",1.65740425927785
"Mouse","Iso-Seq","1597-2528","Bambu","CQN","B20K80","B20K80_4",3.21200647830208
"Mouse","Iso-Seq","191-575","Bambu","CQN","B20K80","B20K80_4",6.54208515509108
"Mouse","Iso-Seq","575-813","Bambu","CQN","B20K80","B20K80_4",5.20703092448357
"Mouse","Iso-Seq","813-1597","Bambu","CQN","B20K80","B20K80_4",1.32815859807637
"Mouse","Iso-Seq","1597-2528","Bambu","CQN","B20K80","B20K80_5",3.27488584736851
"Mouse","Iso-Seq","191-575","Bambu","CQN","B20K80","B20K80_5",6.78234345974722
"Mouse","Iso-Seq","575-813","Bambu","CQN","B20K80","B20K80_5",5.62746897293678
"Mouse","Iso-Seq","813-1597","Bambu","CQN","B20K80","B20K80_5",1.74524006838276
"Mouse","Iso-Seq","1597-2528","Bambu","CQN","Brain","B31",2.61547030838349
"Mouse","Iso-Seq","191-575","Bambu","CQN","Brain","B31",7.44721140987834
"Mouse","Iso-Seq","575-813","Bambu","CQN","Brain","B31",5.37518938809655
"Mouse","Iso-Seq","813-1597","Bambu","CQN","Brain","B31",1.10210720030547
"Mouse","Iso-Seq","1597-2528","Bambu","CQN","Brain","B32",2.60564953675639
"Mouse","Iso-Seq","191-575","Bambu","CQN","Brain","B32",7.36566599454929
"Mouse","Iso-Seq","575-813","Bambu","CQN","Brain","B32",5.21008451687426
"Mouse","Iso-Seq","813-1597","Bambu","CQN","Brain","B32",0.97862208342664
"Mouse","Iso-Seq","1597-2528","Bambu","CQN","Brain","B33",2.62513072811133
"Mouse","Iso-Seq","191-575","Bambu","CQN","Brain","B33",7.42524228375213
"Mouse","Iso-Seq","575-813","Bambu","CQN","Brain","B33",5.33176593770626
"Mouse","Iso-Seq","813-1597","Bambu","CQN","Brain","B33",1.09132431875058
"Mouse","Iso-Seq","1597-2528","Bambu","CQN","Brain","B34",2.61047566374243
"Mouse","Iso-Seq","191-575","Bambu","CQN","Brain","B34",7.44974575577789
"Mouse","Iso-Seq","575-813","Bambu","CQN","Brain","B34",5.25426022100366
"Mouse","Iso-Seq","813-1597","Bambu","CQN","Brain","B34",0.961014613152031
"Mouse","Iso-Seq","1597-2528","Bambu","CQN","Brain","B35",2.62177837928213
"Mouse","Iso-Seq","191-575","Bambu","CQN","Brain","B35",7.48028845503637
"Mouse","Iso-Seq","575-813","Bambu","CQN","Brain","B35",5.36885917538659
"Mouse","Iso-Seq","813-1597","Bambu","CQN","Brain","B35",1.08367803896512
"Mouse","Iso-Seq","1597-2528","Bambu","CQN","B80K20","B80K20_1",2.60623231654761
"Mouse","Iso-Seq","191-575","Bambu","CQN","B80K20","B80K20_1",7.92469249723911
"Mouse","Iso-Seq","575-813","Bambu","CQN","B80K20","B80K20_1",6.02127631595072
"Mouse","Iso-Seq","813-1597","Bambu","CQN","B80K20","B80K20_1",1.1760709842538
"Mouse","Iso-Seq","1597-2528","Bambu","CQN","B80K20","B80K20_2",2.61514042116244
"Mouse","Iso-Seq","191-575","Bambu","CQN","B80K20","B80K20_2",7.60630736734862
"Mouse","Iso-Seq","575-813","Bambu","CQN","B80K20","B80K20_2",5.84269118222279
"Mouse","Iso-Seq","813-1597","Bambu","CQN","B80K20","B80K20_2",1.12950158140453
"Mouse","Iso-Seq","1597-2528","Bambu","CQN","B80K20","B80K20_3",2.57119507802365
"Mouse","Iso-Seq","191-575","Bambu","CQN","B80K20","B80K20_3",7.46628162161693
"Mouse","Iso-Seq","575-813","Bambu","CQN","B80K20","B80K20_3",5.36506204800402
"Mouse","Iso-Seq","813-1597","Bambu","CQN","B80K20","B80K20_3",0.875070223703415
"Mouse","Iso-Seq","1597-2528","Bambu","CQN","B80K20","B80K20_4",2.62243275853796
"Mouse","Iso-Seq","191-575","Bambu","CQN","B80K20","B80K20_4",7.71569123491183
"Mouse","Iso-Seq","575-813","Bambu","CQN","B80K20","B80K20_4",5.92824876819441
"Mouse","Iso-Seq","813-1597","Bambu","CQN","B80K20","B80K20_4",1.20268087429321
"Mouse","Iso-Seq","1597-2528","Bambu","CQN","B80K20","B80K20_5",2.59757166432833
"Mouse","Iso-Seq","191-575","Bambu","CQN","B80K20","B80K20_5",7.63212246886372
"Mouse","Iso-Seq","575-813","Bambu","CQN","B80K20","B80K20_5",5.45230718264497
"Mouse","Iso-Seq","813-1597","Bambu","CQN","B80K20","B80K20_5",1.05608635503313
"Mouse","Iso-Seq","1597-2528","Bambu","CQN","Kidney","K31",2.66977203807277
"Mouse","Iso-Seq","191-575","Bambu","CQN","Kidney","K31",7.16520399641211
"Mouse","Iso-Seq","575-813","Bambu","CQN","Kidney","K31",5.16728380055627
"Mouse","Iso-Seq","813-1597","Bambu","CQN","Kidney","K31",1.30754876151282
"Mouse","Iso-Seq","1597-2528","Bambu","CQN","Kidney","K32",2.63658183634539
"Mouse","Iso-Seq","191-575","Bambu","CQN","Kidney","K32",7.03982272565629
"Mouse","Iso-Seq","575-813","Bambu","CQN","Kidney","K32",4.94391932737882
"Mouse","Iso-Seq","813-1597","Bambu","CQN","Kidney","K32",1.00197972814942
"Mouse","Iso-Seq","1597-2528","Bambu","CQN","Kidney","K33",2.64816728690625
"Mouse","Iso-Seq","191-575","Bambu","CQN","Kidney","K33",7.0563805689271
"Mouse","Iso-Seq","575-813","Bambu","CQN","Kidney","K33",5.03028621251928
"Mouse","Iso-Seq","813-1597","Bambu","CQN","Kidney","K33",1.07714468322288
"Mouse","Iso-Seq","1597-2528","Bambu","CQN","Kidney","K34",2.61771285566556
"Mouse","Iso-Seq","191-575","Bambu","CQN","Kidney","K34",7.01895881062508
"Mouse","Iso-Seq","575-813","Bambu","CQN","Kidney","K34",4.87704900194408
"Mouse","Iso-Seq","813-1597","Bambu","CQN","Kidney","K34",0.76735498244018
"Mouse","Iso-Seq","1597-2528","Bambu","CQN","Kidney","K35",2.64316206953556
"Mouse","Iso-Seq","191-575","Bambu","CQN","Kidney","K35",7.06007875508844
"Mouse","Iso-Seq","575-813","Bambu","CQN","Kidney","K35",4.96090059294767
"Mouse","Iso-Seq","813-1597","Bambu","CQN","Kidney","K35",0.906573210845294
"Mouse","Iso-Seq","1597-2528","Bambu","EDASeq","B20K80","B20K80_1",3.59691810276976
"Mouse","Iso-Seq","191-575","Bambu","EDASeq","B20K80","B20K80_1",7.11866391877068
"Mouse","Iso-Seq","575-813","Bambu","EDASeq","B20K80","B20K80_1",5.69144636671079
"Mouse","Iso-Seq","813-1597","Bambu","EDASeq","B20K80","B20K80_1",1.37421925263297
"Mouse","Iso-Seq","1597-2528","Bambu","EDASeq","B20K80","B20K80_2",3.59040999467816
"Mouse","Iso-Seq","191-575","Bambu","EDASeq","B20K80","B20K80_2",6.7463610560164
"Mouse","Iso-Seq","575-813","Bambu","EDASeq","B20K80","B20K80_2",5.72805572058823
"Mouse","Iso-Seq","813-1597","Bambu","EDASeq","B20K80","B20K80_2",1.09519972534257
"Mouse","Iso-Seq","1597-2528","Bambu","EDASeq","B20K80","B20K80_3",3.57925742375846
"Mouse","Iso-Seq","191-575","Bambu","EDASeq","B20K80","B20K80_3",6.78865015817349
"Mouse","Iso-Seq","575-813","Bambu","EDASeq","B20K80","B20K80_3",5.65559729836399
"Mouse","Iso-Seq","813-1597","Bambu","EDASeq","B20K80","B20K80_3",1.20523740070382
"Mouse","Iso-Seq","1597-2528","Bambu","EDASeq","B20K80","B20K80_4",3.5649539224152
"Mouse","Iso-Seq","191-575","Bambu","EDASeq","B20K80","B20K80_4",6.75822238651545
"Mouse","Iso-Seq","575-813","Bambu","EDASeq","B20K80","B20K80_4",5.44528592528171
"Mouse","Iso-Seq","813-1597","Bambu","EDASeq","B20K80","B20K80_4",1.06220623098551
"Mouse","Iso-Seq","1597-2528","Bambu","EDASeq","B20K80","B20K80_5",3.57064881376439
"Mouse","Iso-Seq","191-575","Bambu","EDASeq","B20K80","B20K80_5",6.84649936964375
"Mouse","Iso-Seq","575-813","Bambu","EDASeq","B20K80","B20K80_5",5.43974513083662
"Mouse","Iso-Seq","813-1597","Bambu","EDASeq","B20K80","B20K80_5",1.29677701593607
"Mouse","Iso-Seq","1597-2528","Bambu","EDASeq","Brain","B31",2.614728398888
"Mouse","Iso-Seq","191-575","Bambu","EDASeq","Brain","B31",7.54223967194479
"Mouse","Iso-Seq","575-813","Bambu","EDASeq","Brain","B31",5.61642076010293
"Mouse","Iso-Seq","813-1597","Bambu","EDASeq","Brain","B31",1.07457992064121
"Mouse","Iso-Seq","1597-2528","Bambu","EDASeq","Brain","B32",2.59960092672115
"Mouse","Iso-Seq","191-575","Bambu","EDASeq","Brain","B32",7.42028149411631
"Mouse","Iso-Seq","575-813","Bambu","EDASeq","Brain","B32",5.36953445595075
"Mouse","Iso-Seq","813-1597","Bambu","EDASeq","Brain","B32",0.949612861737253
"Mouse","Iso-Seq","1597-2528","Bambu","EDASeq","Brain","B33",2.61816033483222
"Mouse","Iso-Seq","191-575","Bambu","EDASeq","Brain","B33",7.51927309179043
"Mouse","Iso-Seq","575-813","Bambu","EDASeq","Brain","B33",5.51831315675948
"Mouse","Iso-Seq","813-1597","Bambu","EDASeq","Brain","B33",1.08726223990805
"Mouse","Iso-Seq","1597-2528","Bambu","EDASeq","Brain","B34",2.61966274828332
"Mouse","Iso-Seq","191-575","Bambu","EDASeq","Brain","B34",7.56806752481441
"Mouse","Iso-Seq","575-813","Bambu","EDASeq","Brain","B34",5.46326755688401
"Mouse","Iso-Seq","813-1597","Bambu","EDASeq","Brain","B34",1.12660903491004
"Mouse","Iso-Seq","1597-2528","Bambu","EDASeq","Brain","B35",2.62942093845444
"Mouse","Iso-Seq","191-575","Bambu","EDASeq","Brain","B35",7.59980710078409
"Mouse","Iso-Seq","575-813","Bambu","EDASeq","Brain","B35",5.8734490340818
"Mouse","Iso-Seq","813-1597","Bambu","EDASeq","Brain","B35",1.20078860705147
"Mouse","Iso-Seq","1597-2528","Bambu","EDASeq","B80K20","B80K20_1",2.61097898670094
"Mouse","Iso-Seq","191-575","Bambu","EDASeq","B80K20","B80K20_1",7.6369481252789
"Mouse","Iso-Seq","575-813","Bambu","EDASeq","B80K20","B80K20_1",5.70589828209276
"Mouse","Iso-Seq","813-1597","Bambu","EDASeq","B80K20","B80K20_1",1.27672947323288
"Mouse","Iso-Seq","1597-2528","Bambu","EDASeq","B80K20","B80K20_2",2.60468844318642
"Mouse","Iso-Seq","191-575","Bambu","EDASeq","B80K20","B80K20_2",7.46353017691056
"Mouse","Iso-Seq","575-813","Bambu","EDASeq","B80K20","B80K20_2",5.45120814227023
"Mouse","Iso-Seq","813-1597","Bambu","EDASeq","B80K20","B80K20_2",1.06798897214955
"Mouse","Iso-Seq","1597-2528","Bambu","EDASeq","B80K20","B80K20_3",2.58589595724489
"Mouse","Iso-Seq","191-575","Bambu","EDASeq","B80K20","B80K20_3",7.39669662743075
"Mouse","Iso-Seq","575-813","Bambu","EDASeq","B80K20","B80K20_3",5.26936582207951
"Mouse","Iso-Seq","813-1597","Bambu","EDASeq","B80K20","B80K20_3",0.997736158886902
"Mouse","Iso-Seq","1597-2528","Bambu","EDASeq","B80K20","B80K20_4",2.62520631448016
"Mouse","Iso-Seq","191-575","Bambu","EDASeq","B80K20","B80K20_4",7.49788475750812
"Mouse","Iso-Seq","575-813","Bambu","EDASeq","B80K20","B80K20_4",5.57450525091214
"Mouse","Iso-Seq","813-1597","Bambu","EDASeq","B80K20","B80K20_4",1.27271727377457
"Mouse","Iso-Seq","1597-2528","Bambu","EDASeq","B80K20","B80K20_5",2.60623579006707
"Mouse","Iso-Seq","191-575","Bambu","EDASeq","B80K20","B80K20_5",7.51231470169106
"Mouse","Iso-Seq","575-813","Bambu","EDASeq","B80K20","B80K20_5",5.37314200865165
"Mouse","Iso-Seq","813-1597","Bambu","EDASeq","B80K20","B80K20_5",1.16612872067646
"Mouse","Iso-Seq","1597-2528","Bambu","EDASeq","Kidney","K31",2.65998726272433
"Mouse","Iso-Seq","191-575","Bambu","EDASeq","Kidney","K31",7.63357543961882
"Mouse","Iso-Seq","575-813","Bambu","EDASeq","Kidney","K31",6.06320127234808
"Mouse","Iso-Seq","813-1597","Bambu","EDASeq","Kidney","K31",1.82023336260955
"Mouse","Iso-Seq","1597-2528","Bambu","EDASeq","Kidney","K32",2.64582193781192
"Mouse","Iso-Seq","191-575","Bambu","EDASeq","Kidney","K32",7.38686685976038
"Mouse","Iso-Seq","575-813","Bambu","EDASeq","Kidney","K32",5.65099630507906
"Mouse","Iso-Seq","813-1597","Bambu","EDASeq","Kidney","K32",1.53698652324603
"Mouse","Iso-Seq","1597-2528","Bambu","EDASeq","Kidney","K33",2.65189407084489
"Mouse","Iso-Seq","191-575","Bambu","EDASeq","Kidney","K33",7.35879698303999
"Mouse","Iso-Seq","575-813","Bambu","EDASeq","Kidney","K33",5.71539225765524
"Mouse","Iso-Seq","813-1597","Bambu","EDASeq","Kidney","K33",1.52223986992956
"Mouse","Iso-Seq","1597-2528","Bambu","EDASeq","Kidney","K34",2.63722854807514
"Mouse","Iso-Seq","191-575","Bambu","EDASeq","Kidney","K34",7.37137717587135
"Mouse","Iso-Seq","575-813","Bambu","EDASeq","Kidney","K34",5.65167933809252
"Mouse","Iso-Seq","813-1597","Bambu","EDASeq","Kidney","K34",1.3429897985904
"Mouse","Iso-Seq","1597-2528","Bambu","EDASeq","Kidney","K35",2.64749456349031
"Mouse","Iso-Seq","191-575","Bambu","EDASeq","Kidney","K35",7.43393008972998
"Mouse","Iso-Seq","575-813","Bambu","EDASeq","Kidney","K35",5.77313633997346
"Mouse","Iso-Seq","813-1597","Bambu","EDASeq","Kidney","K35",1.4494720907578
"Mouse","Iso-Seq","1597-2528","Bambu","SMR","B20K80","B20K80_1",3.33369772918712
"Mouse","Iso-Seq","191-575","Bambu","SMR","B20K80","B20K80_1",6.91290221683041
"Mouse","Iso-Seq","575-813","Bambu","SMR","B20K80","B20K80_1",4.8194971646505
"Mouse","Iso-Seq","813-1597","Bambu","SMR","B20K80","B20K80_1",0.381819086637659
"Mouse","Iso-Seq","1597-2528","Bambu","SMR","B20K80","B20K80_2",3.30927959305454
"Mouse","Iso-Seq","191-575","Bambu","SMR","B20K80","B20K80_2",6.68797229150717
"Mouse","Iso-Seq","575-813","Bambu","SMR","B20K80","B20K80_2",5.09216636696797
"Mouse","Iso-Seq","813-1597","Bambu","SMR","B20K80","B20K80_2",0.218848167651011
"Mouse","Iso-Seq","1597-2528","Bambu","SMR","B20K80","B20K80_3",3.33917577064536
"Mouse","Iso-Seq","191-575","Bambu","SMR","B20K80","B20K80_3",6.61603507356908
"Mouse","Iso-Seq","575-813","Bambu","SMR","B20K80","B20K80_3",5.04043365738276
"Mouse","Iso-Seq","813-1597","Bambu","SMR","B20K80","B20K80_3",0.36178718571988
"Mouse","Iso-Seq","1597-2528","Bambu","SMR","B20K80","B20K80_4",3.2920050530173
"Mouse","Iso-Seq","191-575","Bambu","SMR","B20K80","B20K80_4",6.61847252805855
"Mouse","Iso-Seq","575-813","Bambu","SMR","B20K80","B20K80_4",4.81897286746111
"Mouse","Iso-Seq","813-1597","Bambu","SMR","B20K80","B20K80_4",0.437039440743325
"Mouse","Iso-Seq","1597-2528","Bambu","SMR","B20K80","B20K80_5",3.29818044755353
"Mouse","Iso-Seq","191-575","Bambu","SMR","B20K80","B20K80_5",6.61452627800904
"Mouse","Iso-Seq","575-813","Bambu","SMR","B20K80","B20K80_5",4.60299451778194
"Mouse","Iso-Seq","813-1597","Bambu","SMR","B20K80","B20K80_5",0.459459807787571
"Mouse","Iso-Seq","1597-2528","Bambu","SMR","Brain","B31",2.32201728853191
"Mouse","Iso-Seq","191-575","Bambu","SMR","Brain","B31",7.20954996342809
"Mouse","Iso-Seq","575-813","Bambu","SMR","Brain","B31",4.65888557632439
"Mouse","Iso-Seq","813-1597","Bambu","SMR","Brain","B31",0.292633419212486
"Mouse","Iso-Seq","1597-2528","Bambu","SMR","Brain","B32",2.31652390868311
"Mouse","Iso-Seq","191-575","Bambu","SMR","Brain","B32",7.21501637668671
"Mouse","Iso-Seq","575-813","Bambu","SMR","Brain","B32",4.65808988300658
"Mouse","Iso-Seq","813-1597","Bambu","SMR","Brain","B32",0.294574356603133
"Mouse","Iso-Seq","1597-2528","Bambu","SMR","Brain","B33",2.32634951184393
"Mouse","Iso-Seq","191-575","Bambu","SMR","Brain","B33",7.20734426553498
"Mouse","Iso-Seq","575-813","Bambu","SMR","Brain","B33",4.64701793914501
"Mouse","Iso-Seq","813-1597","Bambu","SMR","Brain","B33",0.269934442450207
"Mouse","Iso-Seq","1597-2528","Bambu","SMR","Brain","B34",2.34604703220218
"Mouse","Iso-Seq","191-575","Bambu","SMR","Brain","B34",7.20893920231905
"Mouse","Iso-Seq","575-813","Bambu","SMR","Brain","B34",4.64116685716651
"Mouse","Iso-Seq","813-1597","Bambu","SMR","Brain","B34",0.327659943509669
"Mouse","Iso-Seq","1597-2528","Bambu","SMR","Brain","B35",2.33829182821872
"Mouse","Iso-Seq","191-575","Bambu","SMR","Brain","B35",7.20749132707042
"Mouse","Iso-Seq","575-813","Bambu","SMR","Brain","B35",5.18805974181276
"Mouse","Iso-Seq","813-1597","Bambu","SMR","Brain","B35",0.264739002384273
"Mouse","Iso-Seq","1597-2528","Bambu","SMR","B80K20","B80K20_1",2.37073761926154
"Mouse","Iso-Seq","191-575","Bambu","SMR","B80K20","B80K20_1",7.20848737961741
"Mouse","Iso-Seq","575-813","Bambu","SMR","B80K20","B80K20_1",4.64773278658116
"Mouse","Iso-Seq","813-1597","Bambu","SMR","B80K20","B80K20_1",0.432807132349987
"Mouse","Iso-Seq","1597-2528","Bambu","SMR","B80K20","B80K20_2",2.33083894710574
"Mouse","Iso-Seq","191-575","Bambu","SMR","B80K20","B80K20_2",7.20809988878001
"Mouse","Iso-Seq","575-813","Bambu","SMR","B80K20","B80K20_2",4.65347533845515
"Mouse","Iso-Seq","813-1597","Bambu","SMR","B80K20","B80K20_2",0.229809238093211
"Mouse","Iso-Seq","1597-2528","Bambu","SMR","B80K20","B80K20_3",2.30859374068072
"Mouse","Iso-Seq","191-575","Bambu","SMR","B80K20","B80K20_3",7.20457312683828
"Mouse","Iso-Seq","575-813","Bambu","SMR","B80K20","B80K20_3",4.6461423331014
"Mouse","Iso-Seq","813-1597","Bambu","SMR","B80K20","B80K20_3",0.481989084983622
"Mouse","Iso-Seq","1597-2528","Bambu","SMR","B80K20","B80K20_4",2.35027502250794
"Mouse","Iso-Seq","191-575","Bambu","SMR","B80K20","B80K20_4",7.20494134955695
"Mouse","Iso-Seq","575-813","Bambu","SMR","B80K20","B80K20_4",4.64563160170134
"Mouse","Iso-Seq","813-1597","Bambu","SMR","B80K20","B80K20_4",0.266063254841131
"Mouse","Iso-Seq","1597-2528","Bambu","SMR","B80K20","B80K20_5",2.30983649186314
"Mouse","Iso-Seq","191-575","Bambu","SMR","B80K20","B80K20_5",7.20438745907587
"Mouse","Iso-Seq","575-813","Bambu","SMR","B80K20","B80K20_5",4.65316261319842
"Mouse","Iso-Seq","813-1597","Bambu","SMR","B80K20","B80K20_5",0.361432805483099
"Mouse","Iso-Seq","1597-2528","Bambu","SMR","Kidney","K31",2.39114141404499
"Mouse","Iso-Seq","191-575","Bambu","SMR","Kidney","K31",6.94445075941591
"Mouse","Iso-Seq","575-813","Bambu","SMR","Kidney","K31",4.51835529666123
"Mouse","Iso-Seq","813-1597","Bambu","SMR","Kidney","K31",0.199271657511665
"Mouse","Iso-Seq","1597-2528","Bambu","SMR","Kidney","K32",2.37357752507385
"Mouse","Iso-Seq","191-575","Bambu","SMR","Kidney","K32",6.94235301890627
"Mouse","Iso-Seq","575-813","Bambu","SMR","Kidney","K32",4.51173840323755
"Mouse","Iso-Seq","813-1597","Bambu","SMR","Kidney","K32",0.160063822274984
"Mouse","Iso-Seq","1597-2528","Bambu","SMR","Kidney","K33",2.36467850153797
"Mouse","Iso-Seq","191-575","Bambu","SMR","Kidney","K33",6.94365162322281
"Mouse","Iso-Seq","575-813","Bambu","SMR","Kidney","K33",4.51116706467955
"Mouse","Iso-Seq","813-1597","Bambu","SMR","Kidney","K33",0.224567607297843
"Mouse","Iso-Seq","1597-2528","Bambu","SMR","Kidney","K34",2.32617116588702
"Mouse","Iso-Seq","191-575","Bambu","SMR","Kidney","K34",6.94717361470634
"Mouse","Iso-Seq","575-813","Bambu","SMR","Kidney","K34",4.52892472242587
"Mouse","Iso-Seq","813-1597","Bambu","SMR","Kidney","K34",0.550672578843732
"Mouse","Iso-Seq","1597-2528","Bambu","SMR","Kidney","K35",2.32502621944321
"Mouse","Iso-Seq","191-575","Bambu","SMR","Kidney","K35",6.94125884485222
"Mouse","Iso-Seq","575-813","Bambu","SMR","Kidney","K35",4.51613042589445
"Mouse","Iso-Seq","813-1597","Bambu","SMR","Kidney","K35",0.5331840261448
"Mouse","Iso-Seq","1597-2528","Bambu","TPM","B20K80","B20K80_1",3.55319228763031
"Mouse","Iso-Seq","191-575","Bambu","TPM","B20K80","B20K80_1",6.97716481350711
"Mouse","Iso-Seq","575-813","Bambu","TPM","B20K80","B20K80_1",5.30407579416144
"Mouse","Iso-Seq","813-1597","Bambu","TPM","B20K80","B20K80_1",0.949361846701849
"Mouse","Iso-Seq","1597-2528","Bambu","TPM","B20K80","B20K80_2",3.54788963960952
"Mouse","Iso-Seq","191-575","Bambu","TPM","B20K80","B20K80_2",6.6335301531471
"Mouse","Iso-Seq","575-813","Bambu","TPM","B20K80","B20K80_2",5.43579073184519
"Mouse","Iso-Seq","813-1597","Bambu","TPM","B20K80","B20K80_2",0.774840976581743
"Mouse","Iso-Seq","1597-2528","Bambu","TPM","B20K80","B20K80_3",3.54828001797302
"Mouse","Iso-Seq","191-575","Bambu","TPM","B20K80","B20K80_3",6.71959733529516
"Mouse","Iso-Seq","575-813","Bambu","TPM","B20K80","B20K80_3",5.50140997505712
"Mouse","Iso-Seq","813-1597","Bambu","TPM","B20K80","B20K80_3",0.952959633218496
"Mouse","Iso-Seq","1597-2528","Bambu","TPM","B20K80","B20K80_4",3.50725998112125
"Mouse","Iso-Seq","191-575","Bambu","TPM","B20K80","B20K80_4",6.6610590016871
"Mouse","Iso-Seq","575-813","Bambu","TPM","B20K80","B20K80_4",5.19989704601464
"Mouse","Iso-Seq","813-1597","Bambu","TPM","B20K80","B20K80_4",0.786629526267796
"Mouse","Iso-Seq","1597-2528","Bambu","TPM","B20K80","B20K80_5",3.51023539390885
"Mouse","Iso-Seq","191-575","Bambu","TPM","B20K80","B20K80_5",6.67740211317016
"Mouse","Iso-Seq","575-813","Bambu","TPM","B20K80","B20K80_5",5.02467007849857
"Mouse","Iso-Seq","813-1597","Bambu","TPM","B20K80","B20K80_5",0.886497615450174
"Mouse","Iso-Seq","1597-2528","Bambu","TPM","Brain","B31",2.57017983112246
"Mouse","Iso-Seq","191-575","Bambu","TPM","Brain","B31",7.29688532553809
"Mouse","Iso-Seq","575-813","Bambu","TPM","Brain","B31",5.16077772713881
"Mouse","Iso-Seq","813-1597","Bambu","TPM","Brain","B31",0.710548545105118
"Mouse","Iso-Seq","1597-2528","Bambu","TPM","Brain","B32",2.55224952690882
"Mouse","Iso-Seq","191-575","Bambu","TPM","Brain","B32",7.24655348612627
"Mouse","Iso-Seq","575-813","Bambu","TPM","Brain","B32",5.02437123679124
"Mouse","Iso-Seq","813-1597","Bambu","TPM","Brain","B32",0.692392540740041
"Mouse","Iso-Seq","1597-2528","Bambu","TPM","Brain","B33",2.58611177375177
"Mouse","Iso-Seq","191-575","Bambu","TPM","Brain","B33",7.32449600849682
"Mouse","Iso-Seq","575-813","Bambu","TPM","Brain","B33",5.15945379292461
"Mouse","Iso-Seq","813-1597","Bambu","TPM","Brain","B33",0.791392447059745
"Mouse","Iso-Seq","1597-2528","Bambu","TPM","Brain","B34",2.59876136882352
"Mouse","Iso-Seq","191-575","Bambu","TPM","Brain","B34",7.45544004513237
"Mouse","Iso-Seq","575-813","Bambu","TPM","Brain","B34",5.26311338376634
"Mouse","Iso-Seq","813-1597","Bambu","TPM","Brain","B34",0.934434270353796
"Mouse","Iso-Seq","1597-2528","Bambu","TPM","Brain","B35",2.60361708790374
"Mouse","Iso-Seq","191-575","Bambu","TPM","Brain","B35",7.4048355675438
"Mouse","Iso-Seq","575-813","Bambu","TPM","Brain","B35",5.60884925396156
"Mouse","Iso-Seq","813-1597","Bambu","TPM","Brain","B35",0.926594022476092
"Mouse","Iso-Seq","1597-2528","Bambu","TPM","B80K20","B80K20_1",2.57986242957173
"Mouse","Iso-Seq","191-575","Bambu","TPM","B80K20","B80K20_1",7.46238991442838
"Mouse","Iso-Seq","575-813","Bambu","TPM","B80K20","B80K20_1",5.38627618058919
"Mouse","Iso-Seq","813-1597","Bambu","TPM","B80K20","B80K20_1",1.00566348764202
"Mouse","Iso-Seq","1597-2528","Bambu","TPM","B80K20","B80K20_2",2.57392685152331
"Mouse","Iso-Seq","191-575","Bambu","TPM","B80K20","B80K20_2",7.30075965819978
"Mouse","Iso-Seq","575-813","Bambu","TPM","B80K20","B80K20_2",5.14008274130964
"Mouse","Iso-Seq","813-1597","Bambu","TPM","B80K20","B80K20_2",0.810025391568976
"Mouse","Iso-Seq","1597-2528","Bambu","TPM","B80K20","B80K20_3",2.54239844874808
"Mouse","Iso-Seq","191-575","Bambu","TPM","B80K20","B80K20_3",7.3462029484766
"Mouse","Iso-Seq","575-813","Bambu","TPM","B80K20","B80K20_3",5.12158499218597
"Mouse","Iso-Seq","813-1597","Bambu","TPM","B80K20","B80K20_3",0.855789993934236
"Mouse","Iso-Seq","1597-2528","Bambu","TPM","B80K20","B80K20_4",2.60452203954782
"Mouse","Iso-Seq","191-575","Bambu","TPM","B80K20","B80K20_4",7.38410672587102
"Mouse","Iso-Seq","575-813","Bambu","TPM","B80K20","B80K20_4",5.34516830977636
"Mouse","Iso-Seq","813-1597","Bambu","TPM","B80K20","B80K20_4",1.05633115519175
"Mouse","Iso-Seq","1597-2528","Bambu","TPM","B80K20","B80K20_5",2.56226360360248
"Mouse","Iso-Seq","191-575","Bambu","TPM","B80K20","B80K20_5",7.35945304377767
"Mouse","Iso-Seq","575-813","Bambu","TPM","B80K20","B80K20_5",5.08463142492116
"Mouse","Iso-Seq","813-1597","Bambu","TPM","B80K20","B80K20_5",0.894852950885735
"Mouse","Iso-Seq","1597-2528","Bambu","TPM","Kidney","K31",2.6241254790165
"Mouse","Iso-Seq","191-575","Bambu","TPM","Kidney","K31",7.16709893182317
"Mouse","Iso-Seq","575-813","Bambu","TPM","Kidney","K31",5.26496788176981
"Mouse","Iso-Seq","813-1597","Bambu","TPM","Kidney","K31",1.12818721680108
"Mouse","Iso-Seq","1597-2528","Bambu","TPM","Kidney","K32",2.61849333642007
"Mouse","Iso-Seq","191-575","Bambu","TPM","Kidney","K32",7.13794654367482
"Mouse","Iso-Seq","575-813","Bambu","TPM","Kidney","K32",5.19826766298872
"Mouse","Iso-Seq","813-1597","Bambu","TPM","Kidney","K32",1.12248368240394
"Mouse","Iso-Seq","1597-2528","Bambu","TPM","Kidney","K33",2.6153016804897
"Mouse","Iso-Seq","191-575","Bambu","TPM","Kidney","K33",7.11177129392127
"Mouse","Iso-Seq","575-813","Bambu","TPM","Kidney","K33",5.22006094083622
"Mouse","Iso-Seq","813-1597","Bambu","TPM","Kidney","K33",1.03056661406331
"Mouse","Iso-Seq","1597-2528","Bambu","TPM","Kidney","K34",2.57354376381765
"Mouse","Iso-Seq","191-575","Bambu","TPM","Kidney","K34",7.16734241375185
"Mouse","Iso-Seq","575-813","Bambu","TPM","Kidney","K34",5.20918227289538
"Mouse","Iso-Seq","813-1597","Bambu","TPM","Kidney","K34",0.916436041804438
"Mouse","Iso-Seq","1597-2528","Bambu","TPM","Kidney","K35",2.57489126997615
"Mouse","Iso-Seq","191-575","Bambu","TPM","Kidney","K35",7.13464442728297
"Mouse","Iso-Seq","575-813","Bambu","TPM","Kidney","K35",5.16067659753444
"Mouse","Iso-Seq","813-1597","Bambu","TPM","Kidney","K35",0.869974194996806
"Mouse","Iso-Seq","1597-2528","FLAIR","CPM","B20K80","B20K80_1",2.77425099754791
"Mouse","Iso-Seq","191-575","FLAIR","CPM","B20K80","B20K80_1",6.84432303257462
"Mouse","Iso-Seq","575-813","FLAIR","CPM","B20K80","B20K80_1",5.11475658252276
"Mouse","Iso-Seq","813-1597","FLAIR","CPM","B20K80","B20K80_1",1.37813435326084
"Mouse","Iso-Seq","1597-2528","FLAIR","CPM","B20K80","B20K80_2",2.78454302105068
"Mouse","Iso-Seq","191-575","FLAIR","CPM","B20K80","B20K80_2",6.70034578565236
"Mouse","Iso-Seq","575-813","FLAIR","CPM","B20K80","B20K80_2",5.03640837033341
"Mouse","Iso-Seq","813-1597","FLAIR","CPM","B20K80","B20K80_2",1.15945542838027
"Mouse","Iso-Seq","1597-2528","FLAIR","CPM","B20K80","B20K80_3",2.76665543844586
"Mouse","Iso-Seq","191-575","FLAIR","CPM","B20K80","B20K80_3",6.95830677198269
"Mouse","Iso-Seq","575-813","FLAIR","CPM","B20K80","B20K80_3",5.31924056951959
"Mouse","Iso-Seq","813-1597","FLAIR","CPM","B20K80","B20K80_3",1.40278733774082
"Mouse","Iso-Seq","1597-2528","FLAIR","CPM","B20K80","B20K80_4",2.73556412616261
"Mouse","Iso-Seq","191-575","FLAIR","CPM","B20K80","B20K80_4",6.5648609077454
"Mouse","Iso-Seq","575-813","FLAIR","CPM","B20K80","B20K80_4",4.89618946951375
"Mouse","Iso-Seq","813-1597","FLAIR","CPM","B20K80","B20K80_4",1.1190638114671
"Mouse","Iso-Seq","1597-2528","FLAIR","CPM","B20K80","B20K80_5",2.72654332979105
"Mouse","Iso-Seq","191-575","FLAIR","CPM","B20K80","B20K80_5",6.73187304052985
"Mouse","Iso-Seq","575-813","FLAIR","CPM","B20K80","B20K80_5",4.94994385548016
"Mouse","Iso-Seq","813-1597","FLAIR","CPM","B20K80","B20K80_5",1.23085192279963
"Mouse","Iso-Seq","1597-2528","FLAIR","CPM","Brain","B31",2.61765631147072
"Mouse","Iso-Seq","191-575","FLAIR","CPM","Brain","B31",6.96119672106501
"Mouse","Iso-Seq","575-813","FLAIR","CPM","Brain","B31",5.17069527844474
"Mouse","Iso-Seq","813-1597","FLAIR","CPM","Brain","B31",1.08742005229388
"Mouse","Iso-Seq","1597-2528","FLAIR","CPM","Brain","B32",2.60658342745446
"Mouse","Iso-Seq","191-575","FLAIR","CPM","Brain","B32",6.84773791244727
"Mouse","Iso-Seq","575-813","FLAIR","CPM","Brain","B32",4.95774481415507
"Mouse","Iso-Seq","813-1597","FLAIR","CPM","Brain","B32",1.0020369799774
"Mouse","Iso-Seq","1597-2528","FLAIR","CPM","Brain","B33",2.62783250821575
"Mouse","Iso-Seq","191-575","FLAIR","CPM","Brain","B33",7.01012304346198
"Mouse","Iso-Seq","575-813","FLAIR","CPM","Brain","B33",5.22523887445634
"Mouse","Iso-Seq","813-1597","FLAIR","CPM","Brain","B33",1.21125711991168
"Mouse","Iso-Seq","1597-2528","FLAIR","CPM","Brain","B34",2.63509460924021
"Mouse","Iso-Seq","191-575","FLAIR","CPM","Brain","B34",7.33965181470472
"Mouse","Iso-Seq","575-813","FLAIR","CPM","Brain","B34",5.41483911488425
"Mouse","Iso-Seq","813-1597","FLAIR","CPM","Brain","B34",1.36830710268005
"Mouse","Iso-Seq","1597-2528","FLAIR","CPM","Brain","B35",2.63987974152048
"Mouse","Iso-Seq","191-575","FLAIR","CPM","Brain","B35",7.21543524958746
"Mouse","Iso-Seq","575-813","FLAIR","CPM","Brain","B35",5.63648150921064
"Mouse","Iso-Seq","813-1597","FLAIR","CPM","Brain","B35",1.36509704367659
"Mouse","Iso-Seq","1597-2528","FLAIR","CPM","B80K20","B80K20_1",2.62017351165391
"Mouse","Iso-Seq","191-575","FLAIR","CPM","B80K20","B80K20_1",7.33503255995844
"Mouse","Iso-Seq","575-813","FLAIR","CPM","B80K20","B80K20_1",5.53936927205094
"Mouse","Iso-Seq","813-1597","FLAIR","CPM","B80K20","B80K20_1",1.42411538834817
"Mouse","Iso-Seq","1597-2528","FLAIR","CPM","B80K20","B80K20_2",2.61896394533229
"Mouse","Iso-Seq","191-575","FLAIR","CPM","B80K20","B80K20_2",7.02200427014191
"Mouse","Iso-Seq","575-813","FLAIR","CPM","B80K20","B80K20_2",5.16487816777936
"Mouse","Iso-Seq","813-1597","FLAIR","CPM","B80K20","B80K20_2",1.22646618109102
"Mouse","Iso-Seq","1597-2528","FLAIR","CPM","B80K20","B80K20_3",2.59098124140586
"Mouse","Iso-Seq","191-575","FLAIR","CPM","B80K20","B80K20_3",7.09035502301875
"Mouse","Iso-Seq","575-813","FLAIR","CPM","B80K20","B80K20_3",5.12043932196332
"Mouse","Iso-Seq","813-1597","FLAIR","CPM","B80K20","B80K20_3",1.12065877082365
"Mouse","Iso-Seq","1597-2528","FLAIR","CPM","B80K20","B80K20_4",2.63871686200015
"Mouse","Iso-Seq","191-575","FLAIR","CPM","B80K20","B80K20_4",7.19263451104329
"Mouse","Iso-Seq","575-813","FLAIR","CPM","B80K20","B80K20_4",5.50012073577775
"Mouse","Iso-Seq","813-1597","FLAIR","CPM","B80K20","B80K20_4",1.508922370302
"Mouse","Iso-Seq","1597-2528","FLAIR","CPM","B80K20","B80K20_5",2.60753731122765
"Mouse","Iso-Seq","191-575","FLAIR","CPM","B80K20","B80K20_5",7.11784926726561
"Mouse","Iso-Seq","575-813","FLAIR","CPM","B80K20","B80K20_5",5.09044598430172
"Mouse","Iso-Seq","813-1597","FLAIR","CPM","B80K20","B80K20_5",1.22597361428062
"Mouse","Iso-Seq","1597-2528","FLAIR","CPM","Kidney","K31",2.65641334719427
"Mouse","Iso-Seq","191-575","FLAIR","CPM","Kidney","K31",6.96226544674313
"Mouse","Iso-Seq","575-813","FLAIR","CPM","Kidney","K31",5.55056271648617
"Mouse","Iso-Seq","813-1597","FLAIR","CPM","Kidney","K31",1.6059541319239
"Mouse","Iso-Seq","1597-2528","FLAIR","CPM","Kidney","K32",2.65282501016775
"Mouse","Iso-Seq","191-575","FLAIR","CPM","Kidney","K32",6.88400821780956
"Mouse","Iso-Seq","575-813","FLAIR","CPM","Kidney","K32",5.4655408944716
"Mouse","Iso-Seq","813-1597","FLAIR","CPM","Kidney","K32",1.59028757274182
"Mouse","Iso-Seq","1597-2528","FLAIR","CPM","Kidney","K33",2.65143288493761
"Mouse","Iso-Seq","191-575","FLAIR","CPM","Kidney","K33",6.87412406736444
"Mouse","Iso-Seq","575-813","FLAIR","CPM","Kidney","K33",5.48909636740676
"Mouse","Iso-Seq","813-1597","FLAIR","CPM","Kidney","K33",1.47426054163835
"Mouse","Iso-Seq","1597-2528","FLAIR","CPM","Kidney","K34",2.61313463169594
"Mouse","Iso-Seq","191-575","FLAIR","CPM","Kidney","K34",6.9644233631804
"Mouse","Iso-Seq","575-813","FLAIR","CPM","Kidney","K34",5.40432513702914
"Mouse","Iso-Seq","813-1597","FLAIR","CPM","Kidney","K34",1.20756347259781
"Mouse","Iso-Seq","1597-2528","FLAIR","CPM","Kidney","K35",2.61434389110647
"Mouse","Iso-Seq","191-575","FLAIR","CPM","Kidney","K35",6.94971990890228
"Mouse","Iso-Seq","575-813","FLAIR","CPM","Kidney","K35",5.36661174214595
"Mouse","Iso-Seq","813-1597","FLAIR","CPM","Kidney","K35",1.1755368036032
"Mouse","Iso-Seq","1597-2528","FLAIR","CQN","B20K80","B20K80_1",2.79802540326141
"Mouse","Iso-Seq","191-575","FLAIR","CQN","B20K80","B20K80_1",6.4710892814252
"Mouse","Iso-Seq","575-813","FLAIR","CQN","B20K80","B20K80_1",5.18416483477797
"Mouse","Iso-Seq","813-1597","FLAIR","CQN","B20K80","B20K80_1",1.66329594607039
"Mouse","Iso-Seq","1597-2528","FLAIR","CQN","B20K80","B20K80_2",2.82335580576304
"Mouse","Iso-Seq","191-575","FLAIR","CQN","B20K80","B20K80_2",6.14101957346701
"Mouse","Iso-Seq","575-813","FLAIR","CQN","B20K80","B20K80_2",4.75942567596867
"Mouse","Iso-Seq","813-1597","FLAIR","CQN","B20K80","B20K80_2",1.44816674329387
"Mouse","Iso-Seq","1597-2528","FLAIR","CQN","B20K80","B20K80_3",2.77897676277449
"Mouse","Iso-Seq","191-575","FLAIR","CQN","B20K80","B20K80_3",6.26833326495013
"Mouse","Iso-Seq","575-813","FLAIR","CQN","B20K80","B20K80_3",4.80094321794427
"Mouse","Iso-Seq","813-1597","FLAIR","CQN","B20K80","B20K80_3",1.58797054847039
"Mouse","Iso-Seq","1597-2528","FLAIR","CQN","B20K80","B20K80_4",2.77668184840602
"Mouse","Iso-Seq","191-575","FLAIR","CQN","B20K80","B20K80_4",6.14951132602936
"Mouse","Iso-Seq","575-813","FLAIR","CQN","B20K80","B20K80_4",4.55122146426763
"Mouse","Iso-Seq","813-1597","FLAIR","CQN","B20K80","B20K80_4",1.3752979653035
"Mouse","Iso-Seq","1597-2528","FLAIR","CQN","B20K80","B20K80_5",2.72237963804979
"Mouse","Iso-Seq","191-575","FLAIR","CQN","B20K80","B20K80_5",6.4652551517273
"Mouse","Iso-Seq","575-813","FLAIR","CQN","B20K80","B20K80_5",5.08189686875044
"Mouse","Iso-Seq","813-1597","FLAIR","CQN","B20K80","B20K80_5",1.8650830033756
"Mouse","Iso-Seq","1597-2528","FLAIR","CQN","Brain","B31",2.62722434205182
"Mouse","Iso-Seq","191-575","FLAIR","CQN","Brain","B31",6.87378193858061
"Mouse","Iso-Seq","575-813","FLAIR","CQN","Brain","B31",5.01524721109098
"Mouse","Iso-Seq","813-1597","FLAIR","CQN","Brain","B31",1.12013393285013
"Mouse","Iso-Seq","1597-2528","FLAIR","CQN","Brain","B32",2.62165036387381
"Mouse","Iso-Seq","191-575","FLAIR","CQN","Brain","B32",6.76554444336294
"Mouse","Iso-Seq","575-813","FLAIR","CQN","Brain","B32",4.821897584764
"Mouse","Iso-Seq","813-1597","FLAIR","CQN","Brain","B32",1.03779250223375
"Mouse","Iso-Seq","1597-2528","FLAIR","CQN","Brain","B33",2.63381140785615
"Mouse","Iso-Seq","191-575","FLAIR","CQN","Brain","B33",6.84778871307846
"Mouse","Iso-Seq","575-813","FLAIR","CQN","Brain","B33",4.96833326145433
"Mouse","Iso-Seq","813-1597","FLAIR","CQN","Brain","B33",1.13083623580326
"Mouse","Iso-Seq","1597-2528","FLAIR","CQN","Brain","B34",2.61218147079166
"Mouse","Iso-Seq","191-575","FLAIR","CQN","Brain","B34",6.87705470427127
"Mouse","Iso-Seq","575-813","FLAIR","CQN","Brain","B34",4.82318988307542
"Mouse","Iso-Seq","813-1597","FLAIR","CQN","Brain","B34",0.982755138023294
"Mouse","Iso-Seq","1597-2528","FLAIR","CQN","Brain","B35",2.62713176930774
"Mouse","Iso-Seq","191-575","FLAIR","CQN","Brain","B35",6.90836167976018
"Mouse","Iso-Seq","575-813","FLAIR","CQN","Brain","B35",4.97214527561945
"Mouse","Iso-Seq","813-1597","FLAIR","CQN","Brain","B35",1.11493052302028
"Mouse","Iso-Seq","1597-2528","FLAIR","CQN","B80K20","B80K20_1",2.61266201243222
"Mouse","Iso-Seq","191-575","FLAIR","CQN","B80K20","B80K20_1",7.50546955111197
"Mouse","Iso-Seq","575-813","FLAIR","CQN","B80K20","B80K20_1",5.65551771187498
"Mouse","Iso-Seq","813-1597","FLAIR","CQN","B80K20","B80K20_1",1.22008393764776
"Mouse","Iso-Seq","1597-2528","FLAIR","CQN","B80K20","B80K20_2",2.62575296027439
"Mouse","Iso-Seq","191-575","FLAIR","CQN","B80K20","B80K20_2",7.16691996331147
"Mouse","Iso-Seq","575-813","FLAIR","CQN","B80K20","B80K20_2",5.44115856440957
"Mouse","Iso-Seq","813-1597","FLAIR","CQN","B80K20","B80K20_2",1.16262818868186
"Mouse","Iso-Seq","1597-2528","FLAIR","CQN","B80K20","B80K20_3",2.59473340084345
"Mouse","Iso-Seq","191-575","FLAIR","CQN","B80K20","B80K20_3",7.00846525500596
"Mouse","Iso-Seq","575-813","FLAIR","CQN","B80K20","B80K20_3",4.98039773620957
"Mouse","Iso-Seq","813-1597","FLAIR","CQN","B80K20","B80K20_3",0.940745145928785
"Mouse","Iso-Seq","1597-2528","FLAIR","CQN","B80K20","B80K20_4",2.63401135567303
"Mouse","Iso-Seq","191-575","FLAIR","CQN","B80K20","B80K20_4",7.27766584804499
"Mouse","Iso-Seq","575-813","FLAIR","CQN","B80K20","B80K20_4",5.5924861044245
"Mouse","Iso-Seq","813-1597","FLAIR","CQN","B80K20","B80K20_4",1.25845317667773
"Mouse","Iso-Seq","1597-2528","FLAIR","CQN","B80K20","B80K20_5",2.61344217957734
"Mouse","Iso-Seq","191-575","FLAIR","CQN","B80K20","B80K20_5",7.21006328398946
"Mouse","Iso-Seq","575-813","FLAIR","CQN","B80K20","B80K20_5",5.12315217758561
"Mouse","Iso-Seq","813-1597","FLAIR","CQN","B80K20","B80K20_5",1.10676378652853
"Mouse","Iso-Seq","1597-2528","FLAIR","CQN","Kidney","K31",2.67462782462189
"Mouse","Iso-Seq","191-575","FLAIR","CQN","Kidney","K31",6.60967771771674
"Mouse","Iso-Seq","575-813","FLAIR","CQN","Kidney","K31",4.95219746026006
"Mouse","Iso-Seq","813-1597","FLAIR","CQN","Kidney","K31",1.51580793870189
"Mouse","Iso-Seq","1597-2528","FLAIR","CQN","Kidney","K32",2.64269892789944
"Mouse","Iso-Seq","191-575","FLAIR","CQN","Kidney","K32",6.39306711958965
"Mouse","Iso-Seq","575-813","FLAIR","CQN","Kidney","K32",4.65326197344672
"Mouse","Iso-Seq","813-1597","FLAIR","CQN","Kidney","K32",1.17153488950415
"Mouse","Iso-Seq","1597-2528","FLAIR","CQN","Kidney","K33",2.65092490706945
"Mouse","Iso-Seq","191-575","FLAIR","CQN","Kidney","K33",6.41572607046203
"Mouse","Iso-Seq","575-813","FLAIR","CQN","Kidney","K33",4.75578954248101
"Mouse","Iso-Seq","813-1597","FLAIR","CQN","Kidney","K33",1.23634786643881
"Mouse","Iso-Seq","1597-2528","FLAIR","CQN","Kidney","K34",2.63132555906349
"Mouse","Iso-Seq","191-575","FLAIR","CQN","Kidney","K34",6.39854237776742
"Mouse","Iso-Seq","575-813","FLAIR","CQN","Kidney","K34",4.59620568738141
"Mouse","Iso-Seq","813-1597","FLAIR","CQN","Kidney","K34",0.949846650701582
"Mouse","Iso-Seq","1597-2528","FLAIR","CQN","Kidney","K35",2.65725383734977
"Mouse","Iso-Seq","191-575","FLAIR","CQN","Kidney","K35",6.51480126642608
"Mouse","Iso-Seq","575-813","FLAIR","CQN","Kidney","K35",4.73780739471583
"Mouse","Iso-Seq","813-1597","FLAIR","CQN","Kidney","K35",1.09485506429007
"Mouse","Iso-Seq","1597-2528","FLAIR","EDASeq","B20K80","B20K80_1",2.7850433859237
"Mouse","Iso-Seq","191-575","FLAIR","EDASeq","B20K80","B20K80_1",6.88677082302229
"Mouse","Iso-Seq","575-813","FLAIR","EDASeq","B20K80","B20K80_1",5.21561139346736
"Mouse","Iso-Seq","813-1597","FLAIR","EDASeq","B20K80","B20K80_1",1.48176970889627
"Mouse","Iso-Seq","1597-2528","FLAIR","EDASeq","B20K80","B20K80_2",2.78380796604153
"Mouse","Iso-Seq","191-575","FLAIR","EDASeq","B20K80","B20K80_2",6.70680496695238
"Mouse","Iso-Seq","575-813","FLAIR","EDASeq","B20K80","B20K80_2",5.05410266571394
"Mouse","Iso-Seq","813-1597","FLAIR","EDASeq","B20K80","B20K80_2",1.17854146827012
"Mouse","Iso-Seq","1597-2528","FLAIR","EDASeq","B20K80","B20K80_3",2.76721473777636
"Mouse","Iso-Seq","191-575","FLAIR","EDASeq","B20K80","B20K80_3",6.89008855395437
"Mouse","Iso-Seq","575-813","FLAIR","EDASeq","B20K80","B20K80_3",5.21175496489477
"Mouse","Iso-Seq","813-1597","FLAIR","EDASeq","B20K80","B20K80_3",1.34720975675488
"Mouse","Iso-Seq","1597-2528","FLAIR","EDASeq","B20K80","B20K80_4",2.75614028149133
"Mouse","Iso-Seq","191-575","FLAIR","EDASeq","B20K80","B20K80_4",6.56413706744198
"Mouse","Iso-Seq","575-813","FLAIR","EDASeq","B20K80","B20K80_4",4.94577360763435
"Mouse","Iso-Seq","813-1597","FLAIR","EDASeq","B20K80","B20K80_4",1.21405725882526
"Mouse","Iso-Seq","1597-2528","FLAIR","EDASeq","B20K80","B20K80_5",2.75291111430589
"Mouse","Iso-Seq","191-575","FLAIR","EDASeq","B20K80","B20K80_5",6.79733457116166
"Mouse","Iso-Seq","575-813","FLAIR","EDASeq","B20K80","B20K80_5",5.11672096134336
"Mouse","Iso-Seq","813-1597","FLAIR","EDASeq","B20K80","B20K80_5",1.42338102163562
"Mouse","Iso-Seq","1597-2528","FLAIR","EDASeq","Brain","B31",2.62097120238492
"Mouse","Iso-Seq","191-575","FLAIR","EDASeq","Brain","B31",7.01257416197527
"Mouse","Iso-Seq","575-813","FLAIR","EDASeq","Brain","B31",5.24882190611071
"Mouse","Iso-Seq","813-1597","FLAIR","EDASeq","Brain","B31",1.14274225889169
"Mouse","Iso-Seq","1597-2528","FLAIR","EDASeq","Brain","B32",2.60637984423583
"Mouse","Iso-Seq","191-575","FLAIR","EDASeq","Brain","B32",6.86205104312093
"Mouse","Iso-Seq","575-813","FLAIR","EDASeq","Brain","B32",4.9788071595697
"Mouse","Iso-Seq","813-1597","FLAIR","EDASeq","Brain","B32",1.00905840517082
"Mouse","Iso-Seq","1597-2528","FLAIR","EDASeq","Brain","B33",2.62468643735494
"Mouse","Iso-Seq","191-575","FLAIR","EDASeq","Brain","B33",7.01575332379347
"Mouse","Iso-Seq","575-813","FLAIR","EDASeq","Brain","B33",5.21931644460785
"Mouse","Iso-Seq","813-1597","FLAIR","EDASeq","Brain","B33",1.17877436925373
"Mouse","Iso-Seq","1597-2528","FLAIR","EDASeq","Brain","B34",2.62675222162064
"Mouse","Iso-Seq","191-575","FLAIR","EDASeq","Brain","B34",7.17134043080606
"Mouse","Iso-Seq","575-813","FLAIR","EDASeq","Brain","B34",5.19639699132304
"Mouse","Iso-Seq","813-1597","FLAIR","EDASeq","Brain","B34",1.21953474470124
"Mouse","Iso-Seq","1597-2528","FLAIR","EDASeq","Brain","B35",2.63566649553284
"Mouse","Iso-Seq","191-575","FLAIR","EDASeq","Brain","B35",7.16474891241726
"Mouse","Iso-Seq","575-813","FLAIR","EDASeq","Brain","B35",5.57254732937616
"Mouse","Iso-Seq","813-1597","FLAIR","EDASeq","Brain","B35",1.29550474823607
"Mouse","Iso-Seq","1597-2528","FLAIR","EDASeq","B80K20","B80K20_1",2.61736711378738
"Mouse","Iso-Seq","191-575","FLAIR","EDASeq","B80K20","B80K20_1",7.28962252975303
"Mouse","Iso-Seq","575-813","FLAIR","EDASeq","B80K20","B80K20_1",5.4756882128519
"Mouse","Iso-Seq","813-1597","FLAIR","EDASeq","B80K20","B80K20_1",1.37859904754655
"Mouse","Iso-Seq","1597-2528","FLAIR","EDASeq","B80K20","B80K20_2",2.60958998574479
"Mouse","Iso-Seq","191-575","FLAIR","EDASeq","B80K20","B80K20_2",6.97049076934394
"Mouse","Iso-Seq","575-813","FLAIR","EDASeq","B80K20","B80K20_2",5.072092054875
"Mouse","Iso-Seq","813-1597","FLAIR","EDASeq","B80K20","B80K20_2",1.12078612865392
"Mouse","Iso-Seq","1597-2528","FLAIR","EDASeq","B80K20","B80K20_3",2.59582311229835
"Mouse","Iso-Seq","191-575","FLAIR","EDASeq","B80K20","B80K20_3",6.98920139499643
"Mouse","Iso-Seq","575-813","FLAIR","EDASeq","B80K20","B80K20_3",5.0240628679797
"Mouse","Iso-Seq","813-1597","FLAIR","EDASeq","B80K20","B80K20_3",1.10407803302385
"Mouse","Iso-Seq","1597-2528","FLAIR","EDASeq","B80K20","B80K20_4",2.62935532253631
"Mouse","Iso-Seq","191-575","FLAIR","EDASeq","B80K20","B80K20_4",7.04732981685093
"Mouse","Iso-Seq","575-813","FLAIR","EDASeq","B80K20","B80K20_4",5.283381988867
"Mouse","Iso-Seq","813-1597","FLAIR","EDASeq","B80K20","B80K20_4",1.34363162550027
"Mouse","Iso-Seq","1597-2528","FLAIR","EDASeq","B80K20","B80K20_5",2.61163983870062
"Mouse","Iso-Seq","191-575","FLAIR","EDASeq","B80K20","B80K20_5",7.08593754205185
"Mouse","Iso-Seq","575-813","FLAIR","EDASeq","B80K20","B80K20_5",5.07132780243501
"Mouse","Iso-Seq","813-1597","FLAIR","EDASeq","B80K20","B80K20_5",1.24270175561863
"Mouse","Iso-Seq","1597-2528","FLAIR","EDASeq","Kidney","K31",2.65809566281281
"Mouse","Iso-Seq","191-575","FLAIR","EDASeq","Kidney","K31",7.14893269895882
"Mouse","Iso-Seq","575-813","FLAIR","EDASeq","Kidney","K31",5.79383249173233
"Mouse","Iso-Seq","813-1597","FLAIR","EDASeq","Kidney","K31",1.76127663692512
"Mouse","Iso-Seq","1597-2528","FLAIR","EDASeq","Kidney","K32",2.64649552178459
"Mouse","Iso-Seq","191-575","FLAIR","EDASeq","Kidney","K32",6.86205839816682
"Mouse","Iso-Seq","575-813","FLAIR","EDASeq","Kidney","K32",5.43359178871461
"Mouse","Iso-Seq","813-1597","FLAIR","EDASeq","Kidney","K32",1.54709357081419
"Mouse","Iso-Seq","1597-2528","FLAIR","EDASeq","Kidney","K33",2.65145383599423
"Mouse","Iso-Seq","191-575","FLAIR","EDASeq","Kidney","K33",6.85605768096848
"Mouse","Iso-Seq","575-813","FLAIR","EDASeq","Kidney","K33",5.49054473831448
"Mouse","Iso-Seq","813-1597","FLAIR","EDASeq","Kidney","K33",1.50450224374085
"Mouse","Iso-Seq","1597-2528","FLAIR","EDASeq","Kidney","K34",2.6372511707754702
"Mouse","Iso-Seq","191-575","FLAIR","EDASeq","Kidney","K34",6.93544540639593
"Mouse","Iso-Seq","575-813","FLAIR","EDASeq","Kidney","K34",5.45977871845962
"Mouse","Iso-Seq","813-1597","FLAIR","EDASeq","Kidney","K34",1.35918893635872
"Mouse","Iso-Seq","1597-2528","FLAIR","EDASeq","Kidney","K35",2.64622560570637
"Mouse","Iso-Seq","191-575","FLAIR","EDASeq","Kidney","K35",7.03388441322882
"Mouse","Iso-Seq","575-813","FLAIR","EDASeq","Kidney","K35",5.58134362972601
"Mouse","Iso-Seq","813-1597","FLAIR","EDASeq","Kidney","K35",1.45299243054786
"Mouse","Iso-Seq","1597-2528","FLAIR","SMR","B20K80","B20K80_1",2.40042925736534
"Mouse","Iso-Seq","191-575","FLAIR","SMR","B20K80","B20K80_1",6.47182312763138
"Mouse","Iso-Seq","575-813","FLAIR","SMR","B20K80","B20K80_1",4.03559432178488
"Mouse","Iso-Seq","813-1597","FLAIR","SMR","B20K80","B20K80_1",0.411990730853399
"Mouse","Iso-Seq","1597-2528","FLAIR","SMR","B20K80","B20K80_2",2.37208545341462
"Mouse","Iso-Seq","191-575","FLAIR","SMR","B20K80","B20K80_2",6.46598336687306
"Mouse","Iso-Seq","575-813","FLAIR","SMR","B20K80","B20K80_2",4.28494196365179
"Mouse","Iso-Seq","813-1597","FLAIR","SMR","B20K80","B20K80_2",0.333459453444319
"Mouse","Iso-Seq","1597-2528","FLAIR","SMR","B20K80","B20K80_3",2.42107958589047
"Mouse","Iso-Seq","191-575","FLAIR","SMR","B20K80","B20K80_3",6.61331247513269
"Mouse","Iso-Seq","575-813","FLAIR","SMR","B20K80","B20K80_3",4.29004116593318
"Mouse","Iso-Seq","813-1597","FLAIR","SMR","B20K80","B20K80_3",0.409577967341045
"Mouse","Iso-Seq","1597-2528","FLAIR","SMR","B20K80","B20K80_4",2.36097973402264
"Mouse","Iso-Seq","191-575","FLAIR","SMR","B20K80","B20K80_4",6.147643900813
"Mouse","Iso-Seq","575-813","FLAIR","SMR","B20K80","B20K80_4",4.01833258935366
"Mouse","Iso-Seq","813-1597","FLAIR","SMR","B20K80","B20K80_4",0.434270648914231
"Mouse","Iso-Seq","1597-2528","FLAIR","SMR","B20K80","B20K80_5",2.36616954806821
"Mouse","Iso-Seq","191-575","FLAIR","SMR","B20K80","B20K80_5",6.30401686116581
"Mouse","Iso-Seq","575-813","FLAIR","SMR","B20K80","B20K80_5",4.03222553671738
"Mouse","Iso-Seq","813-1597","FLAIR","SMR","B20K80","B20K80_5",0.467349386314662
"Mouse","Iso-Seq","1597-2528","FLAIR","SMR","Brain","B31",2.31918084676321
"Mouse","Iso-Seq","191-575","FLAIR","SMR","Brain","B31",6.45516704649524
"Mouse","Iso-Seq","575-813","FLAIR","SMR","Brain","B31",4.05046413868085
"Mouse","Iso-Seq","813-1597","FLAIR","SMR","Brain","B31",0.256063954952301
"Mouse","Iso-Seq","1597-2528","FLAIR","SMR","Brain","B32",2.32173028686544
"Mouse","Iso-Seq","191-575","FLAIR","SMR","Brain","B32",6.46061344336139
"Mouse","Iso-Seq","575-813","FLAIR","SMR","Brain","B32",4.04554855679107
"Mouse","Iso-Seq","813-1597","FLAIR","SMR","Brain","B32",0.275405623781009
"Mouse","Iso-Seq","1597-2528","FLAIR","SMR","Brain","B33",2.3198729237071
"Mouse","Iso-Seq","191-575","FLAIR","SMR","Brain","B33",6.45450256737411
"Mouse","Iso-Seq","575-813","FLAIR","SMR","Brain","B33",4.03484068619677
"Mouse","Iso-Seq","813-1597","FLAIR","SMR","Brain","B33",0.226589072099134
"Mouse","Iso-Seq","1597-2528","FLAIR","SMR","Brain","B34",2.3412242102326
"Mouse","Iso-Seq","191-575","FLAIR","SMR","Brain","B34",6.46205478055744
"Mouse","Iso-Seq","575-813","FLAIR","SMR","Brain","B34",4.0313977008697
"Mouse","Iso-Seq","813-1597","FLAIR","SMR","Brain","B34",0.31542006318471
"Mouse","Iso-Seq","1597-2528","FLAIR","SMR","Brain","B35",2.33103322946854
"Mouse","Iso-Seq","191-575","FLAIR","SMR","Brain","B35",6.45598293235921
"Mouse","Iso-Seq","575-813","FLAIR","SMR","Brain","B35",4.64816404701724
"Mouse","Iso-Seq","813-1597","FLAIR","SMR","Brain","B35",0.243468441663305
"Mouse","Iso-Seq","1597-2528","FLAIR","SMR","B80K20","B80K20_1",2.36324101703227
"Mouse","Iso-Seq","191-575","FLAIR","SMR","B80K20","B80K20_1",6.45971955120044
"Mouse","Iso-Seq","575-813","FLAIR","SMR","B80K20","B80K20_1",4.03932338517483
"Mouse","Iso-Seq","813-1597","FLAIR","SMR","B80K20","B80K20_1",0.41893781751515
"Mouse","Iso-Seq","1597-2528","FLAIR","SMR","B80K20","B80K20_2",2.32587674110846
"Mouse","Iso-Seq","191-575","FLAIR","SMR","B80K20","B80K20_2",6.45212666088054
"Mouse","Iso-Seq","575-813","FLAIR","SMR","B80K20","B80K20_2",4.04523928500197
"Mouse","Iso-Seq","813-1597","FLAIR","SMR","B80K20","B80K20_2",0.206156545950003
"Mouse","Iso-Seq","1597-2528","FLAIR","SMR","B80K20","B80K20_3",2.307503591972
"Mouse","Iso-Seq","191-575","FLAIR","SMR","B80K20","B80K20_3",6.45065686702677
"Mouse","Iso-Seq","575-813","FLAIR","SMR","B80K20","B80K20_3",4.03481349582851
"Mouse","Iso-Seq","813-1597","FLAIR","SMR","B80K20","B80K20_3",0.453711563707402
"Mouse","Iso-Seq","1597-2528","FLAIR","SMR","B80K20","B80K20_4",2.34164100917766
"Mouse","Iso-Seq","191-575","FLAIR","SMR","B80K20","B80K20_4",6.45261756240789
"Mouse","Iso-Seq","575-813","FLAIR","SMR","B80K20","B80K20_4",4.03672613050509
"Mouse","Iso-Seq","813-1597","FLAIR","SMR","B80K20","B80K20_4",0.244109731322584
"Mouse","Iso-Seq","1597-2528","FLAIR","SMR","B80K20","B80K20_5",2.30703866728868
"Mouse","Iso-Seq","191-575","FLAIR","SMR","B80K20","B80K20_5",6.45107904724319
"Mouse","Iso-Seq","575-813","FLAIR","SMR","B80K20","B80K20_5",4.04281553419779
"Mouse","Iso-Seq","813-1597","FLAIR","SMR","B80K20","B80K20_5",0.337352121171591
"Mouse","Iso-Seq","1597-2528","FLAIR","SMR","Kidney","K31",2.3762771955219
"Mouse","Iso-Seq","191-575","FLAIR","SMR","Kidney","K31",6.15236711897186
"Mouse","Iso-Seq","575-813","FLAIR","SMR","Kidney","K31",4.06803271027012
"Mouse","Iso-Seq","813-1597","FLAIR","SMR","Kidney","K31",0.188856105079827
"Mouse","Iso-Seq","1597-2528","FLAIR","SMR","Kidney","K32",2.35762487645917
"Mouse","Iso-Seq","191-575","FLAIR","SMR","Kidney","K32",6.14878610227907
"Mouse","Iso-Seq","575-813","FLAIR","SMR","Kidney","K32",4.05728617103344
"Mouse","Iso-Seq","813-1597","FLAIR","SMR","Kidney","K32",0.138950819230495
"Mouse","Iso-Seq","1597-2528","FLAIR","SMR","Kidney","K33",2.34888860547445
"Mouse","Iso-Seq","191-575","FLAIR","SMR","Kidney","K33",6.15263171629616
"Mouse","Iso-Seq","575-813","FLAIR","SMR","Kidney","K33",4.05919001005037
"Mouse","Iso-Seq","813-1597","FLAIR","SMR","Kidney","K33",0.1983054264293
"Mouse","Iso-Seq","1597-2528","FLAIR","SMR","Kidney","K34",2.32181451726337
"Mouse","Iso-Seq","191-575","FLAIR","SMR","Kidney","K34",6.15835539666652
"Mouse","Iso-Seq","575-813","FLAIR","SMR","Kidney","K34",4.07355180405378
"Mouse","Iso-Seq","813-1597","FLAIR","SMR","Kidney","K34",0.5177364137625
"Mouse","Iso-Seq","1597-2528","FLAIR","SMR","Kidney","K35",2.32183790688675
"Mouse","Iso-Seq","191-575","FLAIR","SMR","Kidney","K35",6.15353189578212
"Mouse","Iso-Seq","575-813","FLAIR","SMR","Kidney","K35",4.06335108725376
"Mouse","Iso-Seq","813-1597","FLAIR","SMR","Kidney","K35",0.515044255983285
"Mouse","Iso-Seq","1597-2528","FLAIR","TPM","B20K80","B20K80_1",2.72162709499908
"Mouse","Iso-Seq","191-575","FLAIR","TPM","B20K80","B20K80_1",6.60165838075977
"Mouse","Iso-Seq","575-813","FLAIR","TPM","B20K80","B20K80_1",4.6075294543414
"Mouse","Iso-Seq","813-1597","FLAIR","TPM","B20K80","B20K80_1",0.97843221968716
"Mouse","Iso-Seq","1597-2528","FLAIR","TPM","B20K80","B20K80_2",2.71988591047106
"Mouse","Iso-Seq","191-575","FLAIR","TPM","B20K80","B20K80_2",6.51127790633461
"Mouse","Iso-Seq","575-813","FLAIR","TPM","B20K80","B20K80_2",4.64978865160377
"Mouse","Iso-Seq","813-1597","FLAIR","TPM","B20K80","B20K80_2",0.82062273108495
"Mouse","Iso-Seq","1597-2528","FLAIR","TPM","B20K80","B20K80_3",2.72092833799588
"Mouse","Iso-Seq","191-575","FLAIR","TPM","B20K80","B20K80_3",6.72753406639185
"Mouse","Iso-Seq","575-813","FLAIR","TPM","B20K80","B20K80_3",4.8580272357744
"Mouse","Iso-Seq","813-1597","FLAIR","TPM","B20K80","B20K80_3",0.99843993889873806
"Mouse","Iso-Seq","1597-2528","FLAIR","TPM","B20K80","B20K80_4",2.67204033879564
"Mouse","Iso-Seq","191-575","FLAIR","TPM","B20K80","B20K80_4",6.28691205629582
"Mouse","Iso-Seq","575-813","FLAIR","TPM","B20K80","B20K80_4",4.46038539207265
"Mouse","Iso-Seq","813-1597","FLAIR","TPM","B20K80","B20K80_4",0.865194149706776
"Mouse","Iso-Seq","1597-2528","FLAIR","TPM","B20K80","B20K80_5",2.66859834311809
"Mouse","Iso-Seq","191-575","FLAIR","TPM","B20K80","B20K80_5",6.46539834022213
"Mouse","Iso-Seq","575-813","FLAIR","TPM","B20K80","B20K80_5",4.50153367777485
"Mouse","Iso-Seq","813-1597","FLAIR","TPM","B20K80","B20K80_5",0.94751466376761
"Mouse","Iso-Seq","1597-2528","FLAIR","TPM","Brain","B31",2.56651124143511
"Mouse","Iso-Seq","191-575","FLAIR","TPM","Brain","B31",6.62736529950471
"Mouse","Iso-Seq","575-813","FLAIR","TPM","Brain","B31",4.63950140339992
"Mouse","Iso-Seq","813-1597","FLAIR","TPM","Brain","B31",0.686461422472024
"Mouse","Iso-Seq","1597-2528","FLAIR","TPM","Brain","B32",2.54887076262455
"Mouse","Iso-Seq","191-575","FLAIR","TPM","Brain","B32",6.5597103964438
"Mouse","Iso-Seq","575-813","FLAIR","TPM","Brain","B32",4.48500930342566
"Mouse","Iso-Seq","813-1597","FLAIR","TPM","Brain","B32",0.678127891896228
"Mouse","Iso-Seq","1597-2528","FLAIR","TPM","Brain","B33",2.58324305714497
"Mouse","Iso-Seq","191-575","FLAIR","TPM","Brain","B33",6.65757238180038
"Mouse","Iso-Seq","575-813","FLAIR","TPM","Brain","B33",4.66334184452972
"Mouse","Iso-Seq","813-1597","FLAIR","TPM","Brain","B33",0.774838417027407
"Mouse","Iso-Seq","1597-2528","FLAIR","TPM","Brain","B34",2.59695340044121
"Mouse","Iso-Seq","191-575","FLAIR","TPM","Brain","B34",6.89685379153304
"Mouse","Iso-Seq","575-813","FLAIR","TPM","Brain","B34",4.80766807994749
"Mouse","Iso-Seq","813-1597","FLAIR","TPM","Brain","B34",0.915841743649863
"Mouse","Iso-Seq","1597-2528","FLAIR","TPM","Brain","B35",2.60142177870044
"Mouse","Iso-Seq","191-575","FLAIR","TPM","Brain","B35",6.8034773535586
"Mouse","Iso-Seq","575-813","FLAIR","TPM","Brain","B35",5.15709645326159
"Mouse","Iso-Seq","813-1597","FLAIR","TPM","Brain","B35",0.907773236100156
"Mouse","Iso-Seq","1597-2528","FLAIR","TPM","B80K20","B80K20_1",2.57802175043403
"Mouse","Iso-Seq","191-575","FLAIR","TPM","B80K20","B80K20_1",6.89326228271585
"Mouse","Iso-Seq","575-813","FLAIR","TPM","B80K20","B80K20_1",4.91418626125753
"Mouse","Iso-Seq","813-1597","FLAIR","TPM","B80K20","B80K20_1",0.9914877075182
"Mouse","Iso-Seq","1597-2528","FLAIR","TPM","B80K20","B80K20_2",2.57175519381184
"Mouse","Iso-Seq","191-575","FLAIR","TPM","B80K20","B80K20_2",6.66543146050659
"Mouse","Iso-Seq","575-813","FLAIR","TPM","B80K20","B80K20_2",4.61538080142897
"Mouse","Iso-Seq","813-1597","FLAIR","TPM","B80K20","B80K20_2",0.792519008481769
"Mouse","Iso-Seq","1597-2528","FLAIR","TPM","B80K20","B80K20_3",2.53918755241102
"Mouse","Iso-Seq","191-575","FLAIR","TPM","B80K20","B80K20_3",6.72707080284117
"Mouse","Iso-Seq","575-813","FLAIR","TPM","B80K20","B80K20_3",4.60868971780184
"Mouse","Iso-Seq","813-1597","FLAIR","TPM","B80K20","B80K20_3",0.84442752599775
"Mouse","Iso-Seq","1597-2528","FLAIR","TPM","B80K20","B80K20_4",2.60294991273647
"Mouse","Iso-Seq","191-575","FLAIR","TPM","B80K20","B80K20_4",6.78598918901792
"Mouse","Iso-Seq","575-813","FLAIR","TPM","B80K20","B80K20_4",4.87839719735299
"Mouse","Iso-Seq","813-1597","FLAIR","TPM","B80K20","B80K20_4",1.03926614957588
"Mouse","Iso-Seq","1597-2528","FLAIR","TPM","B80K20","B80K20_5",2.55984089550558
"Mouse","Iso-Seq","191-575","FLAIR","TPM","B80K20","B80K20_5",6.74207952926863
"Mouse","Iso-Seq","575-813","FLAIR","TPM","B80K20","B80K20_5",4.57324722116259
"Mouse","Iso-Seq","813-1597","FLAIR","TPM","B80K20","B80K20_5",0.88152298342811
"Mouse","Iso-Seq","1597-2528","FLAIR","TPM","Kidney","K31",2.623875647311
"Mouse","Iso-Seq","191-575","FLAIR","TPM","Kidney","K31",6.50695959811664
"Mouse","Iso-Seq","575-813","FLAIR","TPM","Kidney","K31",4.89555491661745
"Mouse","Iso-Seq","813-1597","FLAIR","TPM","Kidney","K31",1.05072008917673
"Mouse","Iso-Seq","1597-2528","FLAIR","TPM","Kidney","K32",2.61835000060298
"Mouse","Iso-Seq","191-575","FLAIR","TPM","Kidney","K32",6.45253504229591
"Mouse","Iso-Seq","575-813","FLAIR","TPM","Kidney","K32",4.83221371845263
"Mouse","Iso-Seq","813-1597","FLAIR","TPM","Kidney","K32",1.06565988138161
"Mouse","Iso-Seq","1597-2528","FLAIR","TPM","Kidney","K33",2.61460208862844
"Mouse","Iso-Seq","191-575","FLAIR","TPM","Kidney","K33",6.44933128116492
"Mouse","Iso-Seq","575-813","FLAIR","TPM","Kidney","K33",4.85779106685175
"Mouse","Iso-Seq","813-1597","FLAIR","TPM","Kidney","K33",0.965773513043433
"Mouse","Iso-Seq","1597-2528","FLAIR","TPM","Kidney","K34",2.57093631839875
"Mouse","Iso-Seq","191-575","FLAIR","TPM","Kidney","K34",6.53871554946139
"Mouse","Iso-Seq","575-813","FLAIR","TPM","Kidney","K34",4.83172016470631
"Mouse","Iso-Seq","813-1597","FLAIR","TPM","Kidney","K34",0.875866663315368
"Mouse","Iso-Seq","1597-2528","FLAIR","TPM","Kidney","K35",2.57211375588936
"Mouse","Iso-Seq","191-575","FLAIR","TPM","Kidney","K35",6.52421888406504
"Mouse","Iso-Seq","575-813","FLAIR","TPM","Kidney","K35",4.79519221196624
"Mouse","Iso-Seq","813-1597","FLAIR","TPM","Kidney","K35",0.836180009910416
"Mouse","Iso-Seq","1597-2528","IsoQuant","CPM","B20K80","B20K80_1",4.10825635367976
"Mouse","Iso-Seq","191-575","IsoQuant","CPM","B20K80","B20K80_1",7.30224274252672
"Mouse","Iso-Seq","575-813","IsoQuant","CPM","B20K80","B20K80_1",5.09953164370144
"Mouse","Iso-Seq","813-1597","IsoQuant","CPM","B20K80","B20K80_1",2.68119292327262
"Mouse","Iso-Seq","1597-2528","IsoQuant","CPM","B20K80","B20K80_2",4.11108836701248
"Mouse","Iso-Seq","191-575","IsoQuant","CPM","B20K80","B20K80_2",6.96479553926221
"Mouse","Iso-Seq","575-813","IsoQuant","CPM","B20K80","B20K80_2",5.12073608390672
"Mouse","Iso-Seq","813-1597","IsoQuant","CPM","B20K80","B20K80_2",2.5760502980280102
"Mouse","Iso-Seq","1597-2528","IsoQuant","CPM","B20K80","B20K80_3",4.10277088954892
"Mouse","Iso-Seq","191-575","IsoQuant","CPM","B20K80","B20K80_3",7.12537958963769
"Mouse","Iso-Seq","575-813","IsoQuant","CPM","B20K80","B20K80_3",5.3091832122144
"Mouse","Iso-Seq","813-1597","IsoQuant","CPM","B20K80","B20K80_3",2.68660012079866
"Mouse","Iso-Seq","1597-2528","IsoQuant","CPM","B20K80","B20K80_4",4.08359097805874
"Mouse","Iso-Seq","191-575","IsoQuant","CPM","B20K80","B20K80_4",7.02250327217914
"Mouse","Iso-Seq","575-813","IsoQuant","CPM","B20K80","B20K80_4",4.9712751000135
"Mouse","Iso-Seq","813-1597","IsoQuant","CPM","B20K80","B20K80_4",2.54570631464835
"Mouse","Iso-Seq","1597-2528","IsoQuant","CPM","B20K80","B20K80_5",4.08172246194646
"Mouse","Iso-Seq","191-575","IsoQuant","CPM","B20K80","B20K80_5",7.08846669919437
"Mouse","Iso-Seq","575-813","IsoQuant","CPM","B20K80","B20K80_5",4.80812408970541
"Mouse","Iso-Seq","813-1597","IsoQuant","CPM","B20K80","B20K80_5",2.59901583085843
"Mouse","Iso-Seq","1597-2528","IsoQuant","CPM","Brain","B31",4.80684908758791
"Mouse","Iso-Seq","191-575","IsoQuant","CPM","Brain","B31",7.78180831936417
"Mouse","Iso-Seq","575-813","IsoQuant","CPM","Brain","B31",5.15445154396721
"Mouse","Iso-Seq","813-1597","IsoQuant","CPM","Brain","B31",2.53841437063715
"Mouse","Iso-Seq","1597-2528","IsoQuant","CPM","Brain","B32",4.80075588288955
"Mouse","Iso-Seq","191-575","IsoQuant","CPM","Brain","B32",7.72142581474856
"Mouse","Iso-Seq","575-813","IsoQuant","CPM","Brain","B32",4.93441705707605
"Mouse","Iso-Seq","813-1597","IsoQuant","CPM","Brain","B32",2.50133102293912
"Mouse","Iso-Seq","1597-2528","IsoQuant","CPM","Brain","B33",4.81164735847986
"Mouse","Iso-Seq","191-575","IsoQuant","CPM","Brain","B33",7.8134936214907
"Mouse","Iso-Seq","575-813","IsoQuant","CPM","Brain","B33",5.16500642412567
"Mouse","Iso-Seq","813-1597","IsoQuant","CPM","Brain","B33",2.57941095947535
"Mouse","Iso-Seq","1597-2528","IsoQuant","CPM","Brain","B34",4.81595238320608
"Mouse","Iso-Seq","191-575","IsoQuant","CPM","Brain","B34",7.98076858695333
"Mouse","Iso-Seq","575-813","IsoQuant","CPM","Brain","B34",5.37428360343951
"Mouse","Iso-Seq","813-1597","IsoQuant","CPM","Brain","B34",2.6516318380118
"Mouse","Iso-Seq","1597-2528","IsoQuant","CPM","Brain","B35",4.81819110805931
"Mouse","Iso-Seq","191-575","IsoQuant","CPM","Brain","B35",7.92345804754685
"Mouse","Iso-Seq","575-813","IsoQuant","CPM","Brain","B35",5.64514190031068
"Mouse","Iso-Seq","813-1597","IsoQuant","CPM","Brain","B35",2.64385140454307
"Mouse","Iso-Seq","1597-2528","IsoQuant","CPM","B80K20","B80K20_1",4.8095117308892
"Mouse","Iso-Seq","191-575","IsoQuant","CPM","B80K20","B80K20_1",7.98023107567319
"Mouse","Iso-Seq","575-813","IsoQuant","CPM","B80K20","B80K20_1",5.47383794490241
"Mouse","Iso-Seq","813-1597","IsoQuant","CPM","B80K20","B80K20_1",2.6815723702026
"Mouse","Iso-Seq","1597-2528","IsoQuant","CPM","B80K20","B80K20_2",4.80807777530711
"Mouse","Iso-Seq","191-575","IsoQuant","CPM","B80K20","B80K20_2",7.79451726745776
"Mouse","Iso-Seq","575-813","IsoQuant","CPM","B80K20","B80K20_2",5.1245994880261
"Mouse","Iso-Seq","813-1597","IsoQuant","CPM","B80K20","B80K20_2",2.5870571751425
"Mouse","Iso-Seq","1597-2528","IsoQuant","CPM","B80K20","B80K20_3",4.79283047852446
"Mouse","Iso-Seq","191-575","IsoQuant","CPM","B80K20","B80K20_3",7.8522987539222
"Mouse","Iso-Seq","575-813","IsoQuant","CPM","B80K20","B80K20_3",5.11340483877925
"Mouse","Iso-Seq","813-1597","IsoQuant","CPM","B80K20","B80K20_3",2.56074832136876
"Mouse","Iso-Seq","1597-2528","IsoQuant","CPM","B80K20","B80K20_4",4.81787411068635
"Mouse","Iso-Seq","191-575","IsoQuant","CPM","B80K20","B80K20_4",7.90051637823166
"Mouse","Iso-Seq","575-813","IsoQuant","CPM","B80K20","B80K20_4",5.58779785353992
"Mouse","Iso-Seq","813-1597","IsoQuant","CPM","B80K20","B80K20_4",2.71797163353564
"Mouse","Iso-Seq","1597-2528","IsoQuant","CPM","B80K20","B80K20_5",4.80154187325283
"Mouse","Iso-Seq","191-575","IsoQuant","CPM","B80K20","B80K20_5",7.87182242284671
"Mouse","Iso-Seq","575-813","IsoQuant","CPM","B80K20","B80K20_5",5.08363504545216
"Mouse","Iso-Seq","813-1597","IsoQuant","CPM","B80K20","B80K20_5",2.59695504630301
"Mouse","Iso-Seq","1597-2528","IsoQuant","CPM","Kidney","K31",4.75507203413761
"Mouse","Iso-Seq","191-575","IsoQuant","CPM","Kidney","K31",7.63913549154947
"Mouse","Iso-Seq","575-813","IsoQuant","CPM","Kidney","K31",5.50137397344428
"Mouse","Iso-Seq","813-1597","IsoQuant","CPM","Kidney","K31",2.74553689121043
"Mouse","Iso-Seq","1597-2528","IsoQuant","CPM","Kidney","K32",4.75380387250462
"Mouse","Iso-Seq","191-575","IsoQuant","CPM","Kidney","K32",7.59731454540448
"Mouse","Iso-Seq","575-813","IsoQuant","CPM","Kidney","K32",5.41951858283407
"Mouse","Iso-Seq","813-1597","IsoQuant","CPM","Kidney","K32",2.73803620615914
"Mouse","Iso-Seq","1597-2528","IsoQuant","CPM","Kidney","K33",4.75454909253034
"Mouse","Iso-Seq","191-575","IsoQuant","CPM","Kidney","K33",7.56692091749596
"Mouse","Iso-Seq","575-813","IsoQuant","CPM","Kidney","K33",5.41781154103798
"Mouse","Iso-Seq","813-1597","IsoQuant","CPM","Kidney","K33",2.68538980990779
"Mouse","Iso-Seq","1597-2528","IsoQuant","CPM","Kidney","K34",4.73967219157097
"Mouse","Iso-Seq","191-575","IsoQuant","CPM","Kidney","K34",7.64998974203962
"Mouse","Iso-Seq","575-813","IsoQuant","CPM","Kidney","K34",5.38255880277514
"Mouse","Iso-Seq","813-1597","IsoQuant","CPM","Kidney","K34",2.57778485580079
"Mouse","Iso-Seq","1597-2528","IsoQuant","CPM","Kidney","K35",4.73979528964145
"Mouse","Iso-Seq","191-575","IsoQuant","CPM","Kidney","K35",7.6062059593916
"Mouse","Iso-Seq","575-813","IsoQuant","CPM","Kidney","K35",5.31015918524018
"Mouse","Iso-Seq","813-1597","IsoQuant","CPM","Kidney","K35",2.56412521032128
"Mouse","Iso-Seq","1597-2528","IsoQuant","CQN","B20K80","B20K80_1",4.06821768026679
"Mouse","Iso-Seq","191-575","IsoQuant","CQN","B20K80","B20K80_1",7.13063390549971
"Mouse","Iso-Seq","575-813","IsoQuant","CQN","B20K80","B20K80_1",5.31055517718778
"Mouse","Iso-Seq","813-1597","IsoQuant","CQN","B20K80","B20K80_1",2.92285098636453
"Mouse","Iso-Seq","1597-2528","IsoQuant","CQN","B20K80","B20K80_2",4.09333209643665
"Mouse","Iso-Seq","191-575","IsoQuant","CQN","B20K80","B20K80_2",6.73507566933885
"Mouse","Iso-Seq","575-813","IsoQuant","CQN","B20K80","B20K80_2",4.82375245520333
"Mouse","Iso-Seq","813-1597","IsoQuant","CQN","B20K80","B20K80_2",2.76885275420509
"Mouse","Iso-Seq","1597-2528","IsoQuant","CQN","B20K80","B20K80_3",4.073779079323
"Mouse","Iso-Seq","191-575","IsoQuant","CQN","B20K80","B20K80_3",6.83546114853691
"Mouse","Iso-Seq","575-813","IsoQuant","CQN","B20K80","B20K80_3",4.8455647782297
"Mouse","Iso-Seq","813-1597","IsoQuant","CQN","B20K80","B20K80_3",2.79322280129334
"Mouse","Iso-Seq","1597-2528","IsoQuant","CQN","B20K80","B20K80_4",4.07850639084907
"Mouse","Iso-Seq","191-575","IsoQuant","CQN","B20K80","B20K80_4",6.76004983170535
"Mouse","Iso-Seq","575-813","IsoQuant","CQN","B20K80","B20K80_4",4.61899140679865
"Mouse","Iso-Seq","813-1597","IsoQuant","CQN","B20K80","B20K80_4",2.64444625324721
"Mouse","Iso-Seq","1597-2528","IsoQuant","CQN","B20K80","B20K80_5",4.06388805023735
"Mouse","Iso-Seq","191-575","IsoQuant","CQN","B20K80","B20K80_5",7.01583561503559
"Mouse","Iso-Seq","575-813","IsoQuant","CQN","B20K80","B20K80_5",5.11867657482555
"Mouse","Iso-Seq","813-1597","IsoQuant","CQN","B20K80","B20K80_5",2.92106076199448
"Mouse","Iso-Seq","1597-2528","IsoQuant","CQN","Brain","B31",4.80637564974037
"Mouse","Iso-Seq","191-575","IsoQuant","CQN","Brain","B31",7.75040633544966
"Mouse","Iso-Seq","575-813","IsoQuant","CQN","Brain","B31",4.93755196482497
"Mouse","Iso-Seq","813-1597","IsoQuant","CQN","Brain","B31",2.56053520877215
"Mouse","Iso-Seq","1597-2528","IsoQuant","CQN","Brain","B32",4.80152387887009
"Mouse","Iso-Seq","191-575","IsoQuant","CQN","Brain","B32",7.68521670705435
"Mouse","Iso-Seq","575-813","IsoQuant","CQN","Brain","B32",4.77557538641056
"Mouse","Iso-Seq","813-1597","IsoQuant","CQN","Brain","B32",2.51736731834677
"Mouse","Iso-Seq","1597-2528","IsoQuant","CQN","Brain","B33",4.80668366736204
"Mouse","Iso-Seq","191-575","IsoQuant","CQN","Brain","B33",7.72585933923927
"Mouse","Iso-Seq","575-813","IsoQuant","CQN","Brain","B33",4.86874308395608
"Mouse","Iso-Seq","813-1597","IsoQuant","CQN","Brain","B33",2.53993335995315
"Mouse","Iso-Seq","1597-2528","IsoQuant","CQN","Brain","B34",4.79926795649825
"Mouse","Iso-Seq","191-575","IsoQuant","CQN","Brain","B34",7.72460773747308
"Mouse","Iso-Seq","575-813","IsoQuant","CQN","Brain","B34",4.74756742039
"Mouse","Iso-Seq","813-1597","IsoQuant","CQN","Brain","B34",2.48375096095599
"Mouse","Iso-Seq","1597-2528","IsoQuant","CQN","Brain","B35",4.80583817055799
"Mouse","Iso-Seq","191-575","IsoQuant","CQN","Brain","B35",7.7557508286375
"Mouse","Iso-Seq","575-813","IsoQuant","CQN","Brain","B35",4.87922122155218
"Mouse","Iso-Seq","813-1597","IsoQuant","CQN","Brain","B35",2.52839727712237
"Mouse","Iso-Seq","1597-2528","IsoQuant","CQN","B80K20","B80K20_1",4.80012363315142
"Mouse","Iso-Seq","191-575","IsoQuant","CQN","B80K20","B80K20_1",8.05217931681399
"Mouse","Iso-Seq","575-813","IsoQuant","CQN","B80K20","B80K20_1",5.463223606968
"Mouse","Iso-Seq","813-1597","IsoQuant","CQN","B80K20","B80K20_1",2.56160498875518
"Mouse","Iso-Seq","1597-2528","IsoQuant","CQN","B80K20","B80K20_2",4.80204750186828
"Mouse","Iso-Seq","191-575","IsoQuant","CQN","B80K20","B80K20_2",7.83877060810822
"Mouse","Iso-Seq","575-813","IsoQuant","CQN","B80K20","B80K20_2",5.4583517516964
"Mouse","Iso-Seq","813-1597","IsoQuant","CQN","B80K20","B80K20_2",2.57359473517165
"Mouse","Iso-Seq","1597-2528","IsoQuant","CQN","B80K20","B80K20_3",4.78541162128542
"Mouse","Iso-Seq","191-575","IsoQuant","CQN","B80K20","B80K20_3",7.73133181461561
"Mouse","Iso-Seq","575-813","IsoQuant","CQN","B80K20","B80K20_3",4.91474548900169
"Mouse","Iso-Seq","813-1597","IsoQuant","CQN","B80K20","B80K20_3",2.46320702077562
"Mouse","Iso-Seq","1597-2528","IsoQuant","CQN","B80K20","B80K20_4",4.80293487070429
"Mouse","Iso-Seq","191-575","IsoQuant","CQN","B80K20","B80K20_4",7.92199484442802
"Mouse","Iso-Seq","575-813","IsoQuant","CQN","B80K20","B80K20_4",5.53913486874808
"Mouse","Iso-Seq","813-1597","IsoQuant","CQN","B80K20","B80K20_4",2.58164469789653
"Mouse","Iso-Seq","1597-2528","IsoQuant","CQN","B80K20","B80K20_5",4.794765697569
"Mouse","Iso-Seq","191-575","IsoQuant","CQN","B80K20","B80K20_5",7.85742514566958
"Mouse","Iso-Seq","575-813","IsoQuant","CQN","B80K20","B80K20_5",5.02913932891383
"Mouse","Iso-Seq","813-1597","IsoQuant","CQN","B80K20","B80K20_5",2.53040406467786
"Mouse","Iso-Seq","1597-2528","IsoQuant","CQN","Kidney","K31",4.74259169398701
"Mouse","Iso-Seq","191-575","IsoQuant","CQN","Kidney","K31",7.46894274475553
"Mouse","Iso-Seq","575-813","IsoQuant","CQN","Kidney","K31",4.85399612917165
"Mouse","Iso-Seq","813-1597","IsoQuant","CQN","Kidney","K31",2.72069752653245
"Mouse","Iso-Seq","1597-2528","IsoQuant","CQN","Kidney","K32",4.73726675493777
"Mouse","Iso-Seq","191-575","IsoQuant","CQN","Kidney","K32",7.32647782158129
"Mouse","Iso-Seq","575-813","IsoQuant","CQN","Kidney","K32",4.52750615522214
"Mouse","Iso-Seq","813-1597","IsoQuant","CQN","Kidney","K32",2.52711942311438
"Mouse","Iso-Seq","1597-2528","IsoQuant","CQN","Kidney","K33",4.74027378035825
"Mouse","Iso-Seq","191-575","IsoQuant","CQN","Kidney","K33",7.34140868683875
"Mouse","Iso-Seq","575-813","IsoQuant","CQN","Kidney","K33",4.64451080591164
"Mouse","Iso-Seq","813-1597","IsoQuant","CQN","Kidney","K33",2.57918309015839
"Mouse","Iso-Seq","1597-2528","IsoQuant","CQN","Kidney","K34",4.73398115978552
"Mouse","Iso-Seq","191-575","IsoQuant","CQN","Kidney","K34",7.3457454556269
"Mouse","Iso-Seq","575-813","IsoQuant","CQN","Kidney","K34",4.49055048540116
"Mouse","Iso-Seq","813-1597","IsoQuant","CQN","Kidney","K34",2.43743988017061
"Mouse","Iso-Seq","1597-2528","IsoQuant","CQN","Kidney","K35",4.7360828307647
"Mouse","Iso-Seq","191-575","IsoQuant","CQN","Kidney","K35",7.38053230396948
"Mouse","Iso-Seq","575-813","IsoQuant","CQN","Kidney","K35",4.6482670498618
"Mouse","Iso-Seq","813-1597","IsoQuant","CQN","Kidney","K35",2.48703151240106
"Mouse","Iso-Seq","1597-2528","IsoQuant","EDASeq","B20K80","B20K80_1",4.11273245715592
"Mouse","Iso-Seq","191-575","IsoQuant","EDASeq","B20K80","B20K80_1",7.29995267582815
"Mouse","Iso-Seq","575-813","IsoQuant","EDASeq","B20K80","B20K80_1",5.11411600025363
"Mouse","Iso-Seq","813-1597","IsoQuant","EDASeq","B20K80","B20K80_1",2.70359703341134
"Mouse","Iso-Seq","1597-2528","IsoQuant","EDASeq","B20K80","B20K80_2",4.11055665581048
"Mouse","Iso-Seq","191-575","IsoQuant","EDASeq","B20K80","B20K80_2",6.96543485705343
"Mouse","Iso-Seq","575-813","IsoQuant","EDASeq","B20K80","B20K80_2",5.1216622455678404
"Mouse","Iso-Seq","813-1597","IsoQuant","EDASeq","B20K80","B20K80_2",2.5755288324865
"Mouse","Iso-Seq","1597-2528","IsoQuant","EDASeq","B20K80","B20K80_3",4.10061990616387
"Mouse","Iso-Seq","191-575","IsoQuant","EDASeq","B20K80","B20K80_3",6.98965963449188
"Mouse","Iso-Seq","575-813","IsoQuant","EDASeq","B20K80","B20K80_3",5.04677264325433
"Mouse","Iso-Seq","813-1597","IsoQuant","EDASeq","B20K80","B20K80_3",2.60667730452515
"Mouse","Iso-Seq","1597-2528","IsoQuant","EDASeq","B20K80","B20K80_4",4.09167260388517
"Mouse","Iso-Seq","191-575","IsoQuant","EDASeq","B20K80","B20K80_4",6.94040621332596
"Mouse","Iso-Seq","575-813","IsoQuant","EDASeq","B20K80","B20K80_4",4.83643101450785
"Mouse","Iso-Seq","813-1597","IsoQuant","EDASeq","B20K80","B20K80_4",2.54728589955524
"Mouse","Iso-Seq","1597-2528","IsoQuant","EDASeq","B20K80","B20K80_5",4.09464644445983
"Mouse","Iso-Seq","191-575","IsoQuant","EDASeq","B20K80","B20K80_5",7.06390036181154
"Mouse","Iso-Seq","575-813","IsoQuant","EDASeq","B20K80","B20K80_5",4.8465292963612
"Mouse","Iso-Seq","813-1597","IsoQuant","EDASeq","B20K80","B20K80_5",2.66163768609771
"Mouse","Iso-Seq","1597-2528","IsoQuant","EDASeq","Brain","B31",4.80581168588434
"Mouse","Iso-Seq","191-575","IsoQuant","EDASeq","Brain","B31",7.81198129563617
"Mouse","Iso-Seq","575-813","IsoQuant","EDASeq","Brain","B31",5.19354749503247
"Mouse","Iso-Seq","813-1597","IsoQuant","EDASeq","Brain","B31",2.53643420023663
"Mouse","Iso-Seq","1597-2528","IsoQuant","EDASeq","Brain","B32",4.79730756222524
"Mouse","Iso-Seq","191-575","IsoQuant","EDASeq","Brain","B32",7.72073513640106
"Mouse","Iso-Seq","575-813","IsoQuant","EDASeq","Brain","B32",4.90813030169374
"Mouse","Iso-Seq","813-1597","IsoQuant","EDASeq","Brain","B32",2.48592693527742
"Mouse","Iso-Seq","1597-2528","IsoQuant","EDASeq","Brain","B33",4.80636543058301
"Mouse","Iso-Seq","191-575","IsoQuant","EDASeq","Brain","B33",7.78955544501892
"Mouse","Iso-Seq","575-813","IsoQuant","EDASeq","Brain","B33",5.0688825288385
"Mouse","Iso-Seq","813-1597","IsoQuant","EDASeq","Brain","B33",2.53234309835704
"Mouse","Iso-Seq","1597-2528","IsoQuant","EDASeq","Brain","B34",4.8058218364803
"Mouse","Iso-Seq","191-575","IsoQuant","EDASeq","Brain","B34",7.78500265266137
"Mouse","Iso-Seq","575-813","IsoQuant","EDASeq","Brain","B34",4.95544750006199
"Mouse","Iso-Seq","813-1597","IsoQuant","EDASeq","Brain","B34",2.52825115153799
"Mouse","Iso-Seq","1597-2528","IsoQuant","EDASeq","Brain","B35",4.8115690921648
"Mouse","Iso-Seq","191-575","IsoQuant","EDASeq","Brain","B35",7.83995249853073
"Mouse","Iso-Seq","575-813","IsoQuant","EDASeq","Brain","B35",5.46884010465761
"Mouse","Iso-Seq","813-1597","IsoQuant","EDASeq","Brain","B35",2.56215211127331
"Mouse","Iso-Seq","1597-2528","IsoQuant","EDASeq","B80K20","B80K20_1",4.80574075847438
"Mouse","Iso-Seq","191-575","IsoQuant","EDASeq","B80K20","B80K20_1",7.88336326432592
"Mouse","Iso-Seq","575-813","IsoQuant","EDASeq","B80K20","B80K20_1",5.26882859010422
"Mouse","Iso-Seq","813-1597","IsoQuant","EDASeq","B80K20","B80K20_1",2.62133485113933
"Mouse","Iso-Seq","1597-2528","IsoQuant","EDASeq","B80K20","B80K20_2",4.80162956343656
"Mouse","Iso-Seq","191-575","IsoQuant","EDASeq","B80K20","B80K20_2",7.76568314230685
"Mouse","Iso-Seq","575-813","IsoQuant","EDASeq","B80K20","B80K20_2",5.01410849002917
"Mouse","Iso-Seq","813-1597","IsoQuant","EDASeq","B80K20","B80K20_2",2.5349968159912
"Mouse","Iso-Seq","1597-2528","IsoQuant","EDASeq","B80K20","B80K20_3",4.79069132892445
"Mouse","Iso-Seq","191-575","IsoQuant","EDASeq","B80K20","B80K20_3",7.67138283250033
"Mouse","Iso-Seq","575-813","IsoQuant","EDASeq","B80K20","B80K20_3",4.78202049721966
"Mouse","Iso-Seq","813-1597","IsoQuant","EDASeq","B80K20","B80K20_3",2.50682680667754
"Mouse","Iso-Seq","1597-2528","IsoQuant","EDASeq","B80K20","B80K20_4",4.81118745200808
"Mouse","Iso-Seq","191-575","IsoQuant","EDASeq","B80K20","B80K20_4",7.76631181072068
"Mouse","Iso-Seq","575-813","IsoQuant","EDASeq","B80K20","B80K20_4",5.26605371967448
"Mouse","Iso-Seq","813-1597","IsoQuant","EDASeq","B80K20","B80K20_4",2.61098209984714
"Mouse","Iso-Seq","1597-2528","IsoQuant","EDASeq","B80K20","B80K20_5",4.80233567470701
"Mouse","Iso-Seq","191-575","IsoQuant","EDASeq","B80K20","B80K20_5",7.78827249253099
"Mouse","Iso-Seq","575-813","IsoQuant","EDASeq","B80K20","B80K20_5",4.94604496913472
"Mouse","Iso-Seq","813-1597","IsoQuant","EDASeq","B80K20","B80K20_5",2.57468363219446
"Mouse","Iso-Seq","1597-2528","IsoQuant","EDASeq","Kidney","K31",4.75702621228661
"Mouse","Iso-Seq","191-575","IsoQuant","EDASeq","Kidney","K31",7.811434942886
"Mouse","Iso-Seq","575-813","IsoQuant","EDASeq","Kidney","K31",5.80849117417619
"Mouse","Iso-Seq","813-1597","IsoQuant","EDASeq","Kidney","K31",2.83765329169154
"Mouse","Iso-Seq","1597-2528","IsoQuant","EDASeq","Kidney","K32",4.75111970250097
"Mouse","Iso-Seq","191-575","IsoQuant","EDASeq","Kidney","K32",7.57400196508186
"Mouse","Iso-Seq","575-813","IsoQuant","EDASeq","Kidney","K32",5.35213501495269
"Mouse","Iso-Seq","813-1597","IsoQuant","EDASeq","Kidney","K32",2.69906950204338
"Mouse","Iso-Seq","1597-2528","IsoQuant","EDASeq","Kidney","K33",4.75479593393276
"Mouse","Iso-Seq","191-575","IsoQuant","EDASeq","Kidney","K33",7.54585732712509
"Mouse","Iso-Seq","575-813","IsoQuant","EDASeq","Kidney","K33",5.38940548500159
"Mouse","Iso-Seq","813-1597","IsoQuant","EDASeq","Kidney","K33",2.68533295355816
"Mouse","Iso-Seq","1597-2528","IsoQuant","EDASeq","Kidney","K34",4.75322382632402
"Mouse","Iso-Seq","191-575","IsoQuant","EDASeq","Kidney","K34",7.54165745965354
"Mouse","Iso-Seq","575-813","IsoQuant","EDASeq","Kidney","K34",5.29275285882237
"Mouse","Iso-Seq","813-1597","IsoQuant","EDASeq","Kidney","K34",2.60654796290464
"Mouse","Iso-Seq","1597-2528","IsoQuant","EDASeq","Kidney","K35",4.75886558142737
"Mouse","Iso-Seq","191-575","IsoQuant","EDASeq","Kidney","K35",7.59161390662144
"Mouse","Iso-Seq","575-813","IsoQuant","EDASeq","Kidney","K35",5.42834796221043
"Mouse","Iso-Seq","813-1597","IsoQuant","EDASeq","Kidney","K35",2.66103763367617
"Mouse","Iso-Seq","1597-2528","IsoQuant","SMR","B20K80","B20K80_1",4.02830050609858
"Mouse","Iso-Seq","191-575","IsoQuant","SMR","B20K80","B20K80_1",7.19300075235791
"Mouse","Iso-Seq","575-813","IsoQuant","SMR","B20K80","B20K80_1",4.02362575563293
"Mouse","Iso-Seq","813-1597","IsoQuant","SMR","B20K80","B20K80_1",2.33631530677521
"Mouse","Iso-Seq","1597-2528","IsoQuant","SMR","B20K80","B20K80_2",4.01082599852977
"Mouse","Iso-Seq","191-575","IsoQuant","SMR","B20K80","B20K80_2",6.91023608543931
"Mouse","Iso-Seq","575-813","IsoQuant","SMR","B20K80","B20K80_2",4.29600183924965
"Mouse","Iso-Seq","813-1597","IsoQuant","SMR","B20K80","B20K80_2",2.32004700987916
"Mouse","Iso-Seq","1597-2528","IsoQuant","SMR","B20K80","B20K80_3",4.02863283882442
"Mouse","Iso-Seq","191-575","IsoQuant","SMR","B20K80","B20K80_3",6.9045427355755
"Mouse","Iso-Seq","575-813","IsoQuant","SMR","B20K80","B20K80_3",4.28419325173885
"Mouse","Iso-Seq","813-1597","IsoQuant","SMR","B20K80","B20K80_3",2.33680911078149
"Mouse","Iso-Seq","1597-2528","IsoQuant","SMR","B20K80","B20K80_4",4.00464020248866
"Mouse","Iso-Seq","191-575","IsoQuant","SMR","B20K80","B20K80_4",6.90289691802316
"Mouse","Iso-Seq","575-813","IsoQuant","SMR","B20K80","B20K80_4",4.02950310244285
"Mouse","Iso-Seq","813-1597","IsoQuant","SMR","B20K80","B20K80_4",2.34112655566756
"Mouse","Iso-Seq","1597-2528","IsoQuant","SMR","B20K80","B20K80_5",4.00575269146175
"Mouse","Iso-Seq","191-575","IsoQuant","SMR","B20K80","B20K80_5",6.89956051857663
"Mouse","Iso-Seq","575-813","IsoQuant","SMR","B20K80","B20K80_5",3.76779373088628
"Mouse","Iso-Seq","813-1597","IsoQuant","SMR","B20K80","B20K80_5",2.34575769414093
"Mouse","Iso-Seq","1597-2528","IsoQuant","SMR","Brain","B31",4.68391266795058
"Mouse","Iso-Seq","191-575","IsoQuant","SMR","Brain","B31",7.57076056403951
"Mouse","Iso-Seq","575-813","IsoQuant","SMR","Brain","B31",4.05751528595913
"Mouse","Iso-Seq","813-1597","IsoQuant","SMR","Brain","B31",2.32595719870289
"Mouse","Iso-Seq","1597-2528","IsoQuant","SMR","Brain","B32",4.67940988673608
"Mouse","Iso-Seq","191-575","IsoQuant","SMR","Brain","B32",7.57535567570454
"Mouse","Iso-Seq","575-813","IsoQuant","SMR","Brain","B32",4.0567421298789
"Mouse","Iso-Seq","813-1597","IsoQuant","SMR","Brain","B32",2.32416842220177
"Mouse","Iso-Seq","1597-2528","IsoQuant","SMR","Brain","B33",4.6864417112648
"Mouse","Iso-Seq","191-575","IsoQuant","SMR","Brain","B33",7.56839927580592
"Mouse","Iso-Seq","575-813","IsoQuant","SMR","Brain","B33",4.04452588879001
"Mouse","Iso-Seq","813-1597","IsoQuant","SMR","Brain","B33",2.32369236776083
"Mouse","Iso-Seq","1597-2528","IsoQuant","SMR","Brain","B34",4.69939757191884
"Mouse","Iso-Seq","191-575","IsoQuant","SMR","Brain","B34",7.56639244667458
"Mouse","Iso-Seq","575-813","IsoQuant","SMR","Brain","B34",4.03396163663902
"Mouse","Iso-Seq","813-1597","IsoQuant","SMR","Brain","B34",2.3389375210817
"Mouse","Iso-Seq","1597-2528","IsoQuant","SMR","Brain","B35",4.69552257763529
"Mouse","Iso-Seq","191-575","IsoQuant","SMR","Brain","B35",7.56701065186285
"Mouse","Iso-Seq","575-813","IsoQuant","SMR","Brain","B35",4.65522419520054
"Mouse","Iso-Seq","813-1597","IsoQuant","SMR","Brain","B35",2.32814612152881
"Mouse","Iso-Seq","1597-2528","IsoQuant","SMR","B80K20","B80K20_1",4.71055775292693
"Mouse","Iso-Seq","191-575","IsoQuant","SMR","B80K20","B80K20_1",7.56526382434404
"Mouse","Iso-Seq","575-813","IsoQuant","SMR","B80K20","B80K20_1",4.03501820241245
"Mouse","Iso-Seq","813-1597","IsoQuant","SMR","B80K20","B80K20_1",2.35407774327149
"Mouse","Iso-Seq","1597-2528","IsoQuant","SMR","B80K20","B80K20_2",4.6883881438045
"Mouse","Iso-Seq","191-575","IsoQuant","SMR","B80K20","B80K20_2",7.56898338839858
"Mouse","Iso-Seq","575-813","IsoQuant","SMR","B80K20","B80K20_2",4.0522399899728
"Mouse","Iso-Seq","813-1597","IsoQuant","SMR","B80K20","B80K20_2",2.31784782011389
"Mouse","Iso-Seq","1597-2528","IsoQuant","SMR","B80K20","B80K20_3",4.67691156569563
"Mouse","Iso-Seq","191-575","IsoQuant","SMR","B80K20","B80K20_3",7.56339367760687
"Mouse","Iso-Seq","575-813","IsoQuant","SMR","B80K20","B80K20_3",4.04231464974086
"Mouse","Iso-Seq","813-1597","IsoQuant","SMR","B80K20","B80K20_3",2.36699458313989
"Mouse","Iso-Seq","1597-2528","IsoQuant","SMR","B80K20","B80K20_4",4.70268752927287
"Mouse","Iso-Seq","191-575","IsoQuant","SMR","B80K20","B80K20_4",7.56575544505961
"Mouse","Iso-Seq","575-813","IsoQuant","SMR","B80K20","B80K20_4",4.06770891267565
"Mouse","Iso-Seq","813-1597","IsoQuant","SMR","B80K20","B80K20_4",2.3292977119997
"Mouse","Iso-Seq","1597-2528","IsoQuant","SMR","B80K20","B80K20_5",4.67904202033388
"Mouse","Iso-Seq","191-575","IsoQuant","SMR","B80K20","B80K20_5",7.56326042154587
"Mouse","Iso-Seq","575-813","IsoQuant","SMR","B80K20","B80K20_5",4.05231187297741
"Mouse","Iso-Seq","813-1597","IsoQuant","SMR","B80K20","B80K20_5",2.34244654149743
"Mouse","Iso-Seq","1597-2528","IsoQuant","SMR","Kidney","K31",4.65711949521966
"Mouse","Iso-Seq","191-575","IsoQuant","SMR","Kidney","K31",7.26768975208613
"Mouse","Iso-Seq","575-813","IsoQuant","SMR","Kidney","K31",4.06771681112654
"Mouse","Iso-Seq","813-1597","IsoQuant","SMR","Kidney","K31",2.32472311109594
"Mouse","Iso-Seq","1597-2528","IsoQuant","SMR","Kidney","K32",4.64855310281052
"Mouse","Iso-Seq","191-575","IsoQuant","SMR","Kidney","K32",7.26650713721234
"Mouse","Iso-Seq","575-813","IsoQuant","SMR","Kidney","K32",4.05978727691655
"Mouse","Iso-Seq","813-1597","IsoQuant","SMR","Kidney","K32",2.32131560807043
"Mouse","Iso-Seq","1597-2528","IsoQuant","SMR","Kidney","K33",4.64455841313879
"Mouse","Iso-Seq","191-575","IsoQuant","SMR","Kidney","K33",7.26879712994232
"Mouse","Iso-Seq","575-813","IsoQuant","SMR","Kidney","K33",4.05753370309059
"Mouse","Iso-Seq","813-1597","IsoQuant","SMR","Kidney","K33",2.33196452120404
"Mouse","Iso-Seq","1597-2528","IsoQuant","SMR","Kidney","K34",4.6280306934537
"Mouse","Iso-Seq","191-575","IsoQuant","SMR","Kidney","K34",7.27091369860283
"Mouse","Iso-Seq","575-813","IsoQuant","SMR","Kidney","K34",4.07703074741522
"Mouse","Iso-Seq","813-1597","IsoQuant","SMR","Kidney","K34",2.40139557027219
"Mouse","Iso-Seq","1597-2528","IsoQuant","SMR","Kidney","K35",4.62651327836548
"Mouse","Iso-Seq","191-575","IsoQuant","SMR","Kidney","K35",7.26661402221742
"Mouse","Iso-Seq","575-813","IsoQuant","SMR","Kidney","K35",4.06526887298862
"Mouse","Iso-Seq","813-1597","IsoQuant","SMR","Kidney","K35",2.39449332510797
"Mouse","Iso-Seq","1597-2528","IsoQuant","TPM","B20K80","B20K80_1",4.08258087466371
"Mouse","Iso-Seq","191-575","IsoQuant","TPM","B20K80","B20K80_1",7.1849787309239
"Mouse","Iso-Seq","575-813","IsoQuant","TPM","B20K80","B20K80_1",4.60830061520631
"Mouse","Iso-Seq","813-1597","IsoQuant","TPM","B20K80","B20K80_1",2.49942609729485
"Mouse","Iso-Seq","1597-2528","IsoQuant","TPM","B20K80","B20K80_2",4.07847148245957
"Mouse","Iso-Seq","191-575","IsoQuant","TPM","B20K80","B20K80_2",6.83973977668639
"Mouse","Iso-Seq","575-813","IsoQuant","TPM","B20K80","B20K80_2",4.73410499385905
"Mouse","Iso-Seq","813-1597","IsoQuant","TPM","B20K80","B20K80_2",2.43747201313007
"Mouse","Iso-Seq","1597-2528","IsoQuant","TPM","B20K80","B20K80_3",4.07988904492469
"Mouse","Iso-Seq","191-575","IsoQuant","TPM","B20K80","B20K80_3",6.94436171536213
"Mouse","Iso-Seq","575-813","IsoQuant","TPM","B20K80","B20K80_3",4.86255369550907
"Mouse","Iso-Seq","813-1597","IsoQuant","TPM","B20K80","B20K80_3",2.49967108251957
"Mouse","Iso-Seq","1597-2528","IsoQuant","TPM","B20K80","B20K80_4",4.05228479671574
"Mouse","Iso-Seq","191-575","IsoQuant","TPM","B20K80","B20K80_4",6.87961778012938
"Mouse","Iso-Seq","575-813","IsoQuant","TPM","B20K80","B20K80_4",4.53721399732843
"Mouse","Iso-Seq","813-1597","IsoQuant","TPM","B20K80","B20K80_4",2.44565883404348
"Mouse","Iso-Seq","1597-2528","IsoQuant","TPM","B20K80","B20K80_5",4.05317695935185
"Mouse","Iso-Seq","191-575","IsoQuant","TPM","B20K80","B20K80_5",6.92198870145952
"Mouse","Iso-Seq","575-813","IsoQuant","TPM","B20K80","B20K80_5",4.31313396533536
"Mouse","Iso-Seq","813-1597","IsoQuant","TPM","B20K80","B20K80_5",2.47834847415267
"Mouse","Iso-Seq","1597-2528","IsoQuant","TPM","Brain","B31",4.77960183865069
"Mouse","Iso-Seq","191-575","IsoQuant","TPM","Brain","B31",7.59581397622175
"Mouse","Iso-Seq","575-813","IsoQuant","TPM","Brain","B31",4.64300525859738
"Mouse","Iso-Seq","813-1597","IsoQuant","TPM","Brain","B31",2.41688401795114
"Mouse","Iso-Seq","1597-2528","IsoQuant","TPM","Brain","B32",4.77001538750419
"Mouse","Iso-Seq","191-575","IsoQuant","TPM","Brain","B32",7.56375575352992
"Mouse","Iso-Seq","575-813","IsoQuant","TPM","Brain","B32",4.47968364309923
"Mouse","Iso-Seq","813-1597","IsoQuant","TPM","Brain","B32",2.41269588035515
"Mouse","Iso-Seq","1597-2528","IsoQuant","TPM","Brain","B33",4.78769575328554
"Mouse","Iso-Seq","191-575","IsoQuant","TPM","Brain","B33",7.61411568490835
"Mouse","Iso-Seq","575-813","IsoQuant","TPM","Brain","B33",4.62699163406546
"Mouse","Iso-Seq","813-1597","IsoQuant","TPM","Brain","B33",2.43207015288089
"Mouse","Iso-Seq","1597-2528","IsoQuant","TPM","Brain","B34",4.79467872859353
"Mouse","Iso-Seq","191-575","IsoQuant","TPM","Brain","B34",7.72539233405666
"Mouse","Iso-Seq","575-813","IsoQuant","TPM","Brain","B34",4.78731331797037
"Mouse","Iso-Seq","813-1597","IsoQuant","TPM","Brain","B34",2.47689088345893
"Mouse","Iso-Seq","1597-2528","IsoQuant","TPM","Brain","B35",4.79687248662742
"Mouse","Iso-Seq","191-575","IsoQuant","TPM","Brain","B35",7.68638709642623
"Mouse","Iso-Seq","575-813","IsoQuant","TPM","Brain","B35",5.17912898064063
"Mouse","Iso-Seq","813-1597","IsoQuant","TPM","Brain","B35",2.46830831439537
"Mouse","Iso-Seq","1597-2528","IsoQuant","TPM","B80K20","B80K20_1",4.78574552661004
"Mouse","Iso-Seq","191-575","IsoQuant","TPM","B80K20","B80K20_1",7.72605755987672
"Mouse","Iso-Seq","575-813","IsoQuant","TPM","B80K20","B80K20_1",4.87391883776852
"Mouse","Iso-Seq","813-1597","IsoQuant","TPM","B80K20","B80K20_1",2.50964188400341
"Mouse","Iso-Seq","1597-2528","IsoQuant","TPM","B80K20","B80K20_2",4.78242621511972
"Mouse","Iso-Seq","191-575","IsoQuant","TPM","B80K20","B80K20_2",7.60166243922386
"Mouse","Iso-Seq","575-813","IsoQuant","TPM","B80K20","B80K20_2",4.5992607901952
"Mouse","Iso-Seq","813-1597","IsoQuant","TPM","B80K20","B80K20_2",2.4398111778199
"Mouse","Iso-Seq","1597-2528","IsoQuant","TPM","B80K20","B80K20_3",4.76350985386639
"Mouse","Iso-Seq","191-575","IsoQuant","TPM","B80K20","B80K20_3",7.6463521576808
"Mouse","Iso-Seq","575-813","IsoQuant","TPM","B80K20","B80K20_3",4.62148189668802
"Mouse","Iso-Seq","813-1597","IsoQuant","TPM","B80K20","B80K20_3",2.47368952924237
"Mouse","Iso-Seq","1597-2528","IsoQuant","TPM","B80K20","B80K20_4",4.79771168478323
"Mouse","Iso-Seq","191-575","IsoQuant","TPM","B80K20","B80K20_4",7.66955442225755
"Mouse","Iso-Seq","575-813","IsoQuant","TPM","B80K20","B80K20_4",4.98160118378971
"Mouse","Iso-Seq","813-1597","IsoQuant","TPM","B80K20","B80K20_4",2.5174458114177
"Mouse","Iso-Seq","1597-2528","IsoQuant","TPM","B80K20","B80K20_5",4.77456751969661
"Mouse","Iso-Seq","191-575","IsoQuant","TPM","B80K20","B80K20_5",7.65679705294851
"Mouse","Iso-Seq","575-813","IsoQuant","TPM","B80K20","B80K20_5",4.58551536323316
"Mouse","Iso-Seq","813-1597","IsoQuant","TPM","B80K20","B80K20_5",2.47751583390715
"Mouse","Iso-Seq","1597-2528","IsoQuant","TPM","Kidney","K31",4.7382810507989
"Mouse","Iso-Seq","191-575","IsoQuant","TPM","Kidney","K31",7.37335609534814
"Mouse","Iso-Seq","575-813","IsoQuant","TPM","Kidney","K31",4.86417516054287
"Mouse","Iso-Seq","813-1597","IsoQuant","TPM","Kidney","K31",2.50108183960837
"Mouse","Iso-Seq","1597-2528","IsoQuant","TPM","Kidney","K32",4.73546150344561
"Mouse","Iso-Seq","191-575","IsoQuant","TPM","Kidney","K32",7.34755267224665
"Mouse","Iso-Seq","575-813","IsoQuant","TPM","Kidney","K32",4.80433366707184
"Mouse","Iso-Seq","813-1597","IsoQuant","TPM","Kidney","K32",2.50912221311108
"Mouse","Iso-Seq","1597-2528","IsoQuant","TPM","Kidney","K33",4.73462363919282
"Mouse","Iso-Seq","191-575","IsoQuant","TPM","Kidney","K33",7.3287882423517
"Mouse","Iso-Seq","575-813","IsoQuant","TPM","Kidney","K33",4.81041088567198
"Mouse","Iso-Seq","813-1597","IsoQuant","TPM","Kidney","K33",2.4805736413858
"Mouse","Iso-Seq","1597-2528","IsoQuant","TPM","Kidney","K34",4.71324471559682
"Mouse","Iso-Seq","191-575","IsoQuant","TPM","Kidney","K34",7.40273396505661
"Mouse","Iso-Seq","575-813","IsoQuant","TPM","Kidney","K34",4.83042313850227
"Mouse","Iso-Seq","813-1597","IsoQuant","TPM","Kidney","K34",2.4737342558283
"Mouse","Iso-Seq","1597-2528","IsoQuant","TPM","Kidney","K35",4.71334689053233
"Mouse","Iso-Seq","191-575","IsoQuant","TPM","Kidney","K35",7.36701796753201
"Mouse","Iso-Seq","575-813","IsoQuant","TPM","Kidney","K35",4.76637648934146
"Mouse","Iso-Seq","813-1597","IsoQuant","TPM","Kidney","K35",2.46127149866598
"Mouse","Iso-Seq","1597-2528","Kallisto","CPM","B20K80","B20K80_1",1.39490830614299
"Mouse","Iso-Seq","191-575","Kallisto","CPM","B20K80","B20K80_1",6.96066084556041
"Mouse","Iso-Seq","575-813","Kallisto","CPM","B20K80","B20K80_1",5.0103951034898
"Mouse","Iso-Seq","813-1597","Kallisto","CPM","B20K80","B20K80_1",1.38268777963811
"Mouse","Iso-Seq","1597-2528","Kallisto","CPM","B20K80","B20K80_2",1.40576958096456
"Mouse","Iso-Seq","191-575","Kallisto","CPM","B20K80","B20K80_2",6.58930813340768
"Mouse","Iso-Seq","575-813","Kallisto","CPM","B20K80","B20K80_2",5.05991442552401
"Mouse","Iso-Seq","813-1597","Kallisto","CPM","B20K80","B20K80_2",1.16537051602959
"Mouse","Iso-Seq","1597-2528","Kallisto","CPM","B20K80","B20K80_3",1.37751712712797
"Mouse","Iso-Seq","191-575","Kallisto","CPM","B20K80","B20K80_3",6.81912947357416
"Mouse","Iso-Seq","575-813","Kallisto","CPM","B20K80","B20K80_3",5.34783242536238
"Mouse","Iso-Seq","813-1597","Kallisto","CPM","B20K80","B20K80_3",1.39755402916416
"Mouse","Iso-Seq","1597-2528","Kallisto","CPM","B20K80","B20K80_4",1.28676051988847
"Mouse","Iso-Seq","191-575","Kallisto","CPM","B20K80","B20K80_4",6.67535875329774
"Mouse","Iso-Seq","575-813","Kallisto","CPM","B20K80","B20K80_4",4.79233958444548
"Mouse","Iso-Seq","813-1597","Kallisto","CPM","B20K80","B20K80_4",1.08144080791533
"Mouse","Iso-Seq","1597-2528","Kallisto","CPM","B20K80","B20K80_5",1.2844498479222901
"Mouse","Iso-Seq","191-575","Kallisto","CPM","B20K80","B20K80_5",6.719348045574
"Mouse","Iso-Seq","575-813","Kallisto","CPM","B20K80","B20K80_5",4.95854889662571
"Mouse","Iso-Seq","813-1597","Kallisto","CPM","B20K80","B20K80_5",1.20221642471066
"Mouse","Iso-Seq","1597-2528","Kallisto","CPM","Brain","B31",1.22072036997797
"Mouse","Iso-Seq","191-575","Kallisto","CPM","Brain","B31",7.01680758104632
"Mouse","Iso-Seq","575-813","Kallisto","CPM","Brain","B31",5.55133832141164
"Mouse","Iso-Seq","813-1597","Kallisto","CPM","Brain","B31",1.11094029045436
"Mouse","Iso-Seq","1597-2528","Kallisto","CPM","Brain","B32",1.19715349512887
"Mouse","Iso-Seq","191-575","Kallisto","CPM","Brain","B32",6.86535023449888
"Mouse","Iso-Seq","575-813","Kallisto","CPM","Brain","B32",5.34163593041446
"Mouse","Iso-Seq","813-1597","Kallisto","CPM","Brain","B32",1.01369695556661
"Mouse","Iso-Seq","1597-2528","Kallisto","CPM","Brain","B33",1.2464821915896
"Mouse","Iso-Seq","191-575","Kallisto","CPM","Brain","B33",7.04451448417541
"Mouse","Iso-Seq","575-813","Kallisto","CPM","Brain","B33",5.56464155630291
"Mouse","Iso-Seq","813-1597","Kallisto","CPM","Brain","B33",1.22715289233113
"Mouse","Iso-Seq","1597-2528","Kallisto","CPM","Brain","B34",1.25186992093191
"Mouse","Iso-Seq","191-575","Kallisto","CPM","Brain","B34",7.37458179945939
"Mouse","Iso-Seq","575-813","Kallisto","CPM","Brain","B34",5.74221658261835
"Mouse","Iso-Seq","813-1597","Kallisto","CPM","Brain","B34",1.39174392640147
"Mouse","Iso-Seq","1597-2528","Kallisto","CPM","Brain","B35",1.2679478444219
"Mouse","Iso-Seq","191-575","Kallisto","CPM","Brain","B35",7.45275619261893
"Mouse","Iso-Seq","575-813","Kallisto","CPM","Brain","B35",5.63954710178849
"Mouse","Iso-Seq","813-1597","Kallisto","CPM","Brain","B35",1.3810369146596
"Mouse","Iso-Seq","1597-2528","Kallisto","CPM","B80K20","B80K20_1",1.20804838108236
"Mouse","Iso-Seq","191-575","Kallisto","CPM","B80K20","B80K20_1",7.57318486840866
"Mouse","Iso-Seq","575-813","Kallisto","CPM","B80K20","B80K20_1",5.81937981375697
"Mouse","Iso-Seq","813-1597","Kallisto","CPM","B80K20","B80K20_1",1.43636300773118
"Mouse","Iso-Seq","1597-2528","Kallisto","CPM","B80K20","B80K20_2",1.22485966277282
"Mouse","Iso-Seq","191-575","Kallisto","CPM","B80K20","B80K20_2",7.07471484030451
"Mouse","Iso-Seq","575-813","Kallisto","CPM","B80K20","B80K20_2",5.5049752727462
"Mouse","Iso-Seq","813-1597","Kallisto","CPM","B80K20","B80K20_2",1.25046043669226
"Mouse","Iso-Seq","1597-2528","Kallisto","CPM","B80K20","B80K20_3",1.14174391896984
"Mouse","Iso-Seq","191-575","Kallisto","CPM","B80K20","B80K20_3",7.17543819501803
"Mouse","Iso-Seq","575-813","Kallisto","CPM","B80K20","B80K20_3",5.50074626719553
"Mouse","Iso-Seq","813-1597","Kallisto","CPM","B80K20","B80K20_3",1.13226292261218
"Mouse","Iso-Seq","1597-2528","Kallisto","CPM","B80K20","B80K20_4",1.26091734161368
"Mouse","Iso-Seq","191-575","Kallisto","CPM","B80K20","B80K20_4",7.26953186338583
"Mouse","Iso-Seq","575-813","Kallisto","CPM","B80K20","B80K20_4",5.81170443939253
"Mouse","Iso-Seq","813-1597","Kallisto","CPM","B80K20","B80K20_4",1.52427344403058
"Mouse","Iso-Seq","1597-2528","Kallisto","CPM","B80K20","B80K20_5",1.18276800311606
"Mouse","Iso-Seq","191-575","Kallisto","CPM","B80K20","B80K20_5",7.19606238027012
"Mouse","Iso-Seq","575-813","Kallisto","CPM","B80K20","B80K20_5",5.46742081161115
"Mouse","Iso-Seq","813-1597","Kallisto","CPM","B80K20","B80K20_5",1.24127319017727
"Mouse","Iso-Seq","1597-2528","Kallisto","CPM","Kidney","K31",1.26548306973671
"Mouse","Iso-Seq","191-575","Kallisto","CPM","Kidney","K31",6.98481280817907
"Mouse","Iso-Seq","575-813","Kallisto","CPM","Kidney","K31",5.92783606227455
"Mouse","Iso-Seq","813-1597","Kallisto","CPM","Kidney","K31",1.6319492264892
"Mouse","Iso-Seq","1597-2528","Kallisto","CPM","Kidney","K32",1.2582242180288
"Mouse","Iso-Seq","191-575","Kallisto","CPM","Kidney","K32",6.89964676581324
"Mouse","Iso-Seq","575-813","Kallisto","CPM","Kidney","K32",5.84205368319574
"Mouse","Iso-Seq","813-1597","Kallisto","CPM","Kidney","K32",1.6077483214324
"Mouse","Iso-Seq","1597-2528","Kallisto","CPM","Kidney","K33",1.25460544709823
"Mouse","Iso-Seq","191-575","Kallisto","CPM","Kidney","K33",6.90919987285322
"Mouse","Iso-Seq","575-813","Kallisto","CPM","Kidney","K33",5.87052833646285
"Mouse","Iso-Seq","813-1597","Kallisto","CPM","Kidney","K33",1.50442354183675
"Mouse","Iso-Seq","1597-2528","Kallisto","CPM","Kidney","K34",1.17213373460551
"Mouse","Iso-Seq","191-575","Kallisto","CPM","Kidney","K34",6.95858677583753
"Mouse","Iso-Seq","575-813","Kallisto","CPM","Kidney","K34",5.82891548454191
"Mouse","Iso-Seq","813-1597","Kallisto","CPM","Kidney","K34",1.22824543559002
"Mouse","Iso-Seq","1597-2528","Kallisto","CPM","Kidney","K35",1.17363245964551
"Mouse","Iso-Seq","191-575","Kallisto","CPM","Kidney","K35",6.94395877215739
"Mouse","Iso-Seq","575-813","Kallisto","CPM","Kidney","K35",5.78939401367469
"Mouse","Iso-Seq","813-1597","Kallisto","CPM","Kidney","K35",1.19388918242557
"Mouse","Iso-Seq","1597-2528","Kallisto","CQN","B20K80","B20K80_1",1.37691791451033
"Mouse","Iso-Seq","191-575","Kallisto","CQN","B20K80","B20K80_1",6.70125122768234
"Mouse","Iso-Seq","575-813","Kallisto","CQN","B20K80","B20K80_1",5.51475492270828
"Mouse","Iso-Seq","813-1597","Kallisto","CQN","B20K80","B20K80_1",1.80078109394884
"Mouse","Iso-Seq","1597-2528","Kallisto","CQN","B20K80","B20K80_2",1.35080579114861
"Mouse","Iso-Seq","191-575","Kallisto","CQN","B20K80","B20K80_2",6.2844336373348
"Mouse","Iso-Seq","575-813","Kallisto","CQN","B20K80","B20K80_2",5.14746072812895
"Mouse","Iso-Seq","813-1597","Kallisto","CQN","B20K80","B20K80_2",1.61448349295782
"Mouse","Iso-Seq","1597-2528","Kallisto","CQN","B20K80","B20K80_3",1.30428681192397
"Mouse","Iso-Seq","191-575","Kallisto","CQN","B20K80","B20K80_3",6.35094348718228
"Mouse","Iso-Seq","575-813","Kallisto","CQN","B20K80","B20K80_3",5.14417988627185
"Mouse","Iso-Seq","813-1597","Kallisto","CQN","B20K80","B20K80_3",1.63899650995444
"Mouse","Iso-Seq","1597-2528","Kallisto","CQN","B20K80","B20K80_4",1.25700457348884
"Mouse","Iso-Seq","191-575","Kallisto","CQN","B20K80","B20K80_4",6.24798777437832
"Mouse","Iso-Seq","575-813","Kallisto","CQN","B20K80","B20K80_4",4.75662603765496
"Mouse","Iso-Seq","813-1597","Kallisto","CQN","B20K80","B20K80_4",1.33043974287607
"Mouse","Iso-Seq","1597-2528","Kallisto","CQN","B20K80","B20K80_5",1.27482028883191
"Mouse","Iso-Seq","191-575","Kallisto","CQN","B20K80","B20K80_5",6.59870226814191
"Mouse","Iso-Seq","575-813","Kallisto","CQN","B20K80","B20K80_5",5.29590301294806
"Mouse","Iso-Seq","813-1597","Kallisto","CQN","B20K80","B20K80_5",1.79587816643009
"Mouse","Iso-Seq","1597-2528","Kallisto","CQN","Brain","B31",1.16375634211462
"Mouse","Iso-Seq","191-575","Kallisto","CQN","Brain","B31",6.85393356755138
"Mouse","Iso-Seq","575-813","Kallisto","CQN","Brain","B31",5.32359419733868
"Mouse","Iso-Seq","813-1597","Kallisto","CQN","Brain","B31",1.14108722817737
"Mouse","Iso-Seq","1597-2528","Kallisto","CQN","Brain","B32",1.13859249600495
"Mouse","Iso-Seq","191-575","Kallisto","CQN","Brain","B32",6.71947773005843
"Mouse","Iso-Seq","575-813","Kallisto","CQN","Brain","B32",5.15069352719548
"Mouse","Iso-Seq","813-1597","Kallisto","CQN","Brain","B32",0.977231112831912
"Mouse","Iso-Seq","1597-2528","Kallisto","CQN","Brain","B33",1.16728250959004
"Mouse","Iso-Seq","191-575","Kallisto","CQN","Brain","B33",6.80619648081998
"Mouse","Iso-Seq","575-813","Kallisto","CQN","Brain","B33",5.26353905191148
"Mouse","Iso-Seq","813-1597","Kallisto","CQN","Brain","B33",1.0809606915064
"Mouse","Iso-Seq","1597-2528","Kallisto","CQN","Brain","B34",1.11715321122186
"Mouse","Iso-Seq","191-575","Kallisto","CQN","Brain","B34",6.8581336551832
"Mouse","Iso-Seq","575-813","Kallisto","CQN","Brain","B34",5.1845423266867
"Mouse","Iso-Seq","813-1597","Kallisto","CQN","Brain","B34",0.968046577432474
"Mouse","Iso-Seq","1597-2528","Kallisto","CQN","Brain","B35",1.1606003146078
"Mouse","Iso-Seq","191-575","Kallisto","CQN","Brain","B35",6.91785852840743
"Mouse","Iso-Seq","575-813","Kallisto","CQN","Brain","B35",5.27569769460945
"Mouse","Iso-Seq","813-1597","Kallisto","CQN","Brain","B35",1.11357091029951
"Mouse","Iso-Seq","1597-2528","Kallisto","CQN","B80K20","B80K20_1",1.12448335565976
"Mouse","Iso-Seq","191-575","Kallisto","CQN","B80K20","B80K20_1",7.54804990017195
"Mouse","Iso-Seq","575-813","Kallisto","CQN","B80K20","B80K20_1",5.86189233508568
"Mouse","Iso-Seq","813-1597","Kallisto","CQN","B80K20","B80K20_1",1.21959156593368
"Mouse","Iso-Seq","1597-2528","Kallisto","CQN","B80K20","B80K20_2",1.16538605311864
"Mouse","Iso-Seq","191-575","Kallisto","CQN","B80K20","B80K20_2",7.23878132805847
"Mouse","Iso-Seq","575-813","Kallisto","CQN","B80K20","B80K20_2",5.68396185630254
"Mouse","Iso-Seq","813-1597","Kallisto","CQN","B80K20","B80K20_2",1.13618730316595
"Mouse","Iso-Seq","1597-2528","Kallisto","CQN","B80K20","B80K20_3",1.04684239776389
"Mouse","Iso-Seq","191-575","Kallisto","CQN","B80K20","B80K20_3",7.01808996174326
"Mouse","Iso-Seq","575-813","Kallisto","CQN","B80K20","B80K20_3",5.20760509923253
"Mouse","Iso-Seq","813-1597","Kallisto","CQN","B80K20","B80K20_3",0.874137637404404
"Mouse","Iso-Seq","1597-2528","Kallisto","CQN","B80K20","B80K20_4",1.16602866686833
"Mouse","Iso-Seq","191-575","Kallisto","CQN","B80K20","B80K20_4",7.3215502384914
"Mouse","Iso-Seq","575-813","Kallisto","CQN","B80K20","B80K20_4",5.84082738687542
"Mouse","Iso-Seq","813-1597","Kallisto","CQN","B80K20","B80K20_4",1.20251464320244
"Mouse","Iso-Seq","1597-2528","Kallisto","CQN","B80K20","B80K20_5",1.11190149989787
"Mouse","Iso-Seq","191-575","Kallisto","CQN","B80K20","B80K20_5",7.19455319446299
"Mouse","Iso-Seq","575-813","Kallisto","CQN","B80K20","B80K20_5",5.32857147298106
"Mouse","Iso-Seq","813-1597","Kallisto","CQN","B80K20","B80K20_5",1.08154631800657
"Mouse","Iso-Seq","1597-2528","Kallisto","CQN","Kidney","K31",1.25945864625125
"Mouse","Iso-Seq","191-575","Kallisto","CQN","Kidney","K31",6.56698956112991
"Mouse","Iso-Seq","575-813","Kallisto","CQN","Kidney","K31",5.33256944719612
"Mouse","Iso-Seq","813-1597","Kallisto","CQN","Kidney","K31",1.4674991015907
"Mouse","Iso-Seq","1597-2528","Kallisto","CQN","Kidney","K32",1.18145102700632
"Mouse","Iso-Seq","191-575","Kallisto","CQN","Kidney","K32",6.32485709782348
"Mouse","Iso-Seq","575-813","Kallisto","CQN","Kidney","K32",5.09094615362843
"Mouse","Iso-Seq","813-1597","Kallisto","CQN","Kidney","K32",1.06648084925314
"Mouse","Iso-Seq","1597-2528","Kallisto","CQN","Kidney","K33",1.21655022962552
"Mouse","Iso-Seq","191-575","Kallisto","CQN","Kidney","K33",6.37268382207824
"Mouse","Iso-Seq","575-813","Kallisto","CQN","Kidney","K33",5.19010267452359
"Mouse","Iso-Seq","813-1597","Kallisto","CQN","Kidney","K33",1.19820947561598
"Mouse","Iso-Seq","1597-2528","Kallisto","CQN","Kidney","K34",1.15432893888082
"Mouse","Iso-Seq","191-575","Kallisto","CQN","Kidney","K34",6.31993225651606
"Mouse","Iso-Seq","575-813","Kallisto","CQN","Kidney","K34",5.0647259173584
"Mouse","Iso-Seq","813-1597","Kallisto","CQN","Kidney","K34",0.8946507961692
"Mouse","Iso-Seq","1597-2528","Kallisto","CQN","Kidney","K35",1.21222312491829
"Mouse","Iso-Seq","191-575","Kallisto","CQN","Kidney","K35",6.42223216207897
"Mouse","Iso-Seq","575-813","Kallisto","CQN","Kidney","K35",5.11950718469473
"Mouse","Iso-Seq","813-1597","Kallisto","CQN","Kidney","K35",1.03201721563973
"Mouse","Iso-Seq","1597-2528","Kallisto","EDASeq","B20K80","B20K80_1",1.40876601525041
"Mouse","Iso-Seq","191-575","Kallisto","EDASeq","B20K80","B20K80_1",6.93303745292975
"Mouse","Iso-Seq","575-813","Kallisto","EDASeq","B20K80","B20K80_1",4.95167465974649
"Mouse","Iso-Seq","813-1597","Kallisto","EDASeq","B20K80","B20K80_1",1.36076167734822
"Mouse","Iso-Seq","1597-2528","Kallisto","EDASeq","B20K80","B20K80_2",1.38994730576152
"Mouse","Iso-Seq","191-575","Kallisto","EDASeq","B20K80","B20K80_2",6.55590923626908
"Mouse","Iso-Seq","575-813","Kallisto","EDASeq","B20K80","B20K80_2",4.99910484965937
"Mouse","Iso-Seq","813-1597","Kallisto","EDASeq","B20K80","B20K80_2",1.09615449067364
"Mouse","Iso-Seq","1597-2528","Kallisto","EDASeq","B20K80","B20K80_3",1.36229314975117
"Mouse","Iso-Seq","191-575","Kallisto","EDASeq","B20K80","B20K80_3",6.59172002842557
"Mouse","Iso-Seq","575-813","Kallisto","EDASeq","B20K80","B20K80_3",5.03267578093804
"Mouse","Iso-Seq","813-1597","Kallisto","EDASeq","B20K80","B20K80_3",1.17144071751113
"Mouse","Iso-Seq","1597-2528","Kallisto","EDASeq","B20K80","B20K80_4",1.31577175780541
"Mouse","Iso-Seq","191-575","Kallisto","EDASeq","B20K80","B20K80_4",6.52982742230417
"Mouse","Iso-Seq","575-813","Kallisto","EDASeq","B20K80","B20K80_4",4.57667079048919
"Mouse","Iso-Seq","813-1597","Kallisto","EDASeq","B20K80","B20K80_4",1.03302350609175
"Mouse","Iso-Seq","1597-2528","Kallisto","EDASeq","B20K80","B20K80_5",1.33928735723152
"Mouse","Iso-Seq","191-575","Kallisto","EDASeq","B20K80","B20K80_5",6.66379710679526
"Mouse","Iso-Seq","575-813","Kallisto","EDASeq","B20K80","B20K80_5",4.93412935247195
"Mouse","Iso-Seq","813-1597","Kallisto","EDASeq","B20K80","B20K80_5",1.27488310115673
"Mouse","Iso-Seq","1597-2528","Kallisto","EDASeq","Brain","B31",1.20634366647673
"Mouse","Iso-Seq","191-575","Kallisto","EDASeq","Brain","B31",7.07627708150917
"Mouse","Iso-Seq","575-813","Kallisto","EDASeq","Brain","B31",5.58208351925641
"Mouse","Iso-Seq","813-1597","Kallisto","EDASeq","Brain","B31",1.07342359063231
"Mouse","Iso-Seq","1597-2528","Kallisto","EDASeq","Brain","B32",1.17127778285265
"Mouse","Iso-Seq","191-575","Kallisto","EDASeq","Brain","B32",6.87906362667171
"Mouse","Iso-Seq","575-813","Kallisto","EDASeq","Brain","B32",5.32531627029936
"Mouse","Iso-Seq","813-1597","Kallisto","EDASeq","Brain","B32",0.942343394347835
"Mouse","Iso-Seq","1597-2528","Kallisto","EDASeq","Brain","B33",1.21570859916392
"Mouse","Iso-Seq","191-575","Kallisto","EDASeq","Brain","B33",7.01411704336228
"Mouse","Iso-Seq","575-813","Kallisto","EDASeq","Brain","B33",5.48592388517609
"Mouse","Iso-Seq","813-1597","Kallisto","EDASeq","Brain","B33",1.08519209417843
"Mouse","Iso-Seq","1597-2528","Kallisto","EDASeq","Brain","B34",1.20349501507689
"Mouse","Iso-Seq","191-575","Kallisto","EDASeq","Brain","B34",7.09000799383686
"Mouse","Iso-Seq","575-813","Kallisto","EDASeq","Brain","B34",5.41371864672603
"Mouse","Iso-Seq","813-1597","Kallisto","EDASeq","Brain","B34",1.09153510223149
"Mouse","Iso-Seq","1597-2528","Kallisto","EDASeq","Brain","B35",1.2325280939942
"Mouse","Iso-Seq","191-575","Kallisto","EDASeq","Brain","B35",7.35256663232042
"Mouse","Iso-Seq","575-813","Kallisto","EDASeq","Brain","B35",5.46814563385955
"Mouse","Iso-Seq","813-1597","Kallisto","EDASeq","Brain","B35",1.16471368676189
"Mouse","Iso-Seq","1597-2528","Kallisto","EDASeq","B80K20","B80K20_1",1.1782356797489
"Mouse","Iso-Seq","191-575","Kallisto","EDASeq","B80K20","B80K20_1",7.44839670520399
"Mouse","Iso-Seq","575-813","Kallisto","EDASeq","B80K20","B80K20_1",5.62998439475533
"Mouse","Iso-Seq","813-1597","Kallisto","EDASeq","B80K20","B80K20_1",1.2569560711942
"Mouse","Iso-Seq","1597-2528","Kallisto","EDASeq","B80K20","B80K20_2",1.18189476872248
"Mouse","Iso-Seq","191-575","Kallisto","EDASeq","B80K20","B80K20_2",6.99424804348686
"Mouse","Iso-Seq","575-813","Kallisto","EDASeq","B80K20","B80K20_2",5.37478766178735
"Mouse","Iso-Seq","813-1597","Kallisto","EDASeq","B80K20","B80K20_2",1.06568958197811
"Mouse","Iso-Seq","1597-2528","Kallisto","EDASeq","B80K20","B80K20_3",1.11413802312913
"Mouse","Iso-Seq","191-575","Kallisto","EDASeq","B80K20","B80K20_3",6.87191718358838
"Mouse","Iso-Seq","575-813","Kallisto","EDASeq","B80K20","B80K20_3",5.20444582589671
"Mouse","Iso-Seq","813-1597","Kallisto","EDASeq","B80K20","B80K20_3",0.96270135661413
"Mouse","Iso-Seq","1597-2528","Kallisto","EDASeq","B80K20","B80K20_4",1.21907741632848
"Mouse","Iso-Seq","191-575","Kallisto","EDASeq","B80K20","B80K20_4",7.03069949526922
"Mouse","Iso-Seq","575-813","Kallisto","EDASeq","B80K20","B80K20_4",5.50246441793915
"Mouse","Iso-Seq","813-1597","Kallisto","EDASeq","B80K20","B80K20_4",1.23170687695423
"Mouse","Iso-Seq","1597-2528","Kallisto","EDASeq","B80K20","B80K20_5",1.17019736387685
"Mouse","Iso-Seq","191-575","Kallisto","EDASeq","B80K20","B80K20_5",7.06015425281359
"Mouse","Iso-Seq","575-813","Kallisto","EDASeq","B80K20","B80K20_5",5.32819108608192
"Mouse","Iso-Seq","813-1597","Kallisto","EDASeq","B80K20","B80K20_5",1.14040425880829
"Mouse","Iso-Seq","1597-2528","Kallisto","EDASeq","Kidney","K31",1.27416065833324
"Mouse","Iso-Seq","191-575","Kallisto","EDASeq","Kidney","K31",7.18342980874278
"Mouse","Iso-Seq","575-813","Kallisto","EDASeq","Kidney","K31",6.13232588486428
"Mouse","Iso-Seq","813-1597","Kallisto","EDASeq","Kidney","K31",1.77272536206399
"Mouse","Iso-Seq","1597-2528","Kallisto","EDASeq","Kidney","K32",1.2456232606179
"Mouse","Iso-Seq","191-575","Kallisto","EDASeq","Kidney","K32",6.81489190385619
"Mouse","Iso-Seq","575-813","Kallisto","EDASeq","Kidney","K32",5.74114692060639
"Mouse","Iso-Seq","813-1597","Kallisto","EDASeq","Kidney","K32",1.50327845699671
"Mouse","Iso-Seq","1597-2528","Kallisto","EDASeq","Kidney","K33",1.25439023375251
"Mouse","Iso-Seq","191-575","Kallisto","EDASeq","Kidney","K33",6.80227332974244
"Mouse","Iso-Seq","575-813","Kallisto","EDASeq","Kidney","K33",5.77256482696705
"Mouse","Iso-Seq","813-1597","Kallisto","EDASeq","Kidney","K33",1.45964760925903
"Mouse","Iso-Seq","1597-2528","Kallisto","EDASeq","Kidney","K34",1.22350384876665
"Mouse","Iso-Seq","191-575","Kallisto","EDASeq","Kidney","K34",6.75724019213706
"Mouse","Iso-Seq","575-813","Kallisto","EDASeq","Kidney","K34",5.70530464295039
"Mouse","Iso-Seq","813-1597","Kallisto","EDASeq","Kidney","K34",1.27866162569691
"Mouse","Iso-Seq","1597-2528","Kallisto","EDASeq","Kidney","K35",1.24652222691971
"Mouse","Iso-Seq","191-575","Kallisto","EDASeq","Kidney","K35",6.88614914830588
"Mouse","Iso-Seq","575-813","Kallisto","EDASeq","Kidney","K35",5.8325398032823
"Mouse","Iso-Seq","813-1597","Kallisto","EDASeq","Kidney","K35",1.39318187248995
"Mouse","Iso-Seq","1597-2528","Kallisto","SMR","B20K80","B20K80_1",0.559744039285713
"Mouse","Iso-Seq","191-575","Kallisto","SMR","B20K80","B20K80_1",6.62203234890734
"Mouse","Iso-Seq","575-813","Kallisto","SMR","B20K80","B20K80_1",3.76453117627224
"Mouse","Iso-Seq","813-1597","Kallisto","SMR","B20K80","B20K80_1",0.326507859785894
"Mouse","Iso-Seq","1597-2528","Kallisto","SMR","B20K80","B20K80_2",0.446723370961959
"Mouse","Iso-Seq","191-575","Kallisto","SMR","B20K80","B20K80_2",6.31335142112906
"Mouse","Iso-Seq","575-813","Kallisto","SMR","B20K80","B20K80_2",4.28736148315073
"Mouse","Iso-Seq","813-1597","Kallisto","SMR","B20K80","B20K80_2",0.216677079659527
"Mouse","Iso-Seq","1597-2528","Kallisto","SMR","B20K80","B20K80_3",0.586786649688166
"Mouse","Iso-Seq","191-575","Kallisto","SMR","B20K80","B20K80_3",6.31097257160454
"Mouse","Iso-Seq","575-813","Kallisto","SMR","B20K80","B20K80_3",4.29429306556168
"Mouse","Iso-Seq","813-1597","Kallisto","SMR","B20K80","B20K80_3",0.289624802064722
"Mouse","Iso-Seq","1597-2528","Kallisto","SMR","B20K80","B20K80_4",0.342847489952449
"Mouse","Iso-Seq","191-575","Kallisto","SMR","B20K80","B20K80_4",6.30806114154421
"Mouse","Iso-Seq","575-813","Kallisto","SMR","B20K80","B20K80_4",3.75113147273705
"Mouse","Iso-Seq","813-1597","Kallisto","SMR","B20K80","B20K80_4",0.322920389233739
"Mouse","Iso-Seq","1597-2528","Kallisto","SMR","B20K80","B20K80_5",0.354682480484522
"Mouse","Iso-Seq","191-575","Kallisto","SMR","B20K80","B20K80_5",6.30179730821312
"Mouse","Iso-Seq","575-813","Kallisto","SMR","B20K80","B20K80_5",4.02931175496161
"Mouse","Iso-Seq","813-1597","Kallisto","SMR","B20K80","B20K80_5",0.358295861621664
"Mouse","Iso-Seq","1597-2528","Kallisto","SMR","Brain","B31",0.284327598790204
"Mouse","Iso-Seq","191-575","Kallisto","SMR","Brain","B31",6.45369309775543
"Mouse","Iso-Seq","575-813","Kallisto","SMR","Brain","B31",4.66831558129679
"Mouse","Iso-Seq","813-1597","Kallisto","SMR","Brain","B31",0.257238118740035
"Mouse","Iso-Seq","1597-2528","Kallisto","SMR","Brain","B32",0.323017064191904
"Mouse","Iso-Seq","191-575","Kallisto","SMR","Brain","B32",6.46321155874243
"Mouse","Iso-Seq","575-813","Kallisto","SMR","Brain","B32",4.65187819672732
"Mouse","Iso-Seq","813-1597","Kallisto","SMR","Brain","B32",0.2622161245068
"Mouse","Iso-Seq","1597-2528","Kallisto","SMR","Brain","B33",0.292044109477113
"Mouse","Iso-Seq","191-575","Kallisto","SMR","Brain","B33",6.4542057415928
"Mouse","Iso-Seq","575-813","Kallisto","SMR","Brain","B33",4.64329728785028
"Mouse","Iso-Seq","813-1597","Kallisto","SMR","Brain","B33",0.217745103375354
"Mouse","Iso-Seq","1597-2528","Kallisto","SMR","Brain","B34",0.423368223217975
"Mouse","Iso-Seq","191-575","Kallisto","SMR","Brain","B34",6.46038092384598
"Mouse","Iso-Seq","575-813","Kallisto","SMR","Brain","B34",4.64154691853133
"Mouse","Iso-Seq","813-1597","Kallisto","SMR","Brain","B34",0.300113308456447
"Mouse","Iso-Seq","1597-2528","Kallisto","SMR","Brain","B35",0.36306303864373
"Mouse","Iso-Seq","191-575","Kallisto","SMR","Brain","B35",6.83088468201312
"Mouse","Iso-Seq","575-813","Kallisto","SMR","Brain","B35",4.64749331254597
"Mouse","Iso-Seq","813-1597","Kallisto","SMR","Brain","B35",0.223172806576145
"Mouse","Iso-Seq","1597-2528","Kallisto","SMR","B80K20","B80K20_1",0.527077718336143
"Mouse","Iso-Seq","191-575","Kallisto","SMR","B80K20","B80K20_1",6.83444406528727
"Mouse","Iso-Seq","575-813","Kallisto","SMR","B80K20","B80K20_1",4.64315300279989
"Mouse","Iso-Seq","813-1597","Kallisto","SMR","B80K20","B80K20_1",0.411523483850788
"Mouse","Iso-Seq","1597-2528","Kallisto","SMR","B80K20","B80K20_2",0.339656558175115
"Mouse","Iso-Seq","191-575","Kallisto","SMR","B80K20","B80K20_2",6.4534353118036
"Mouse","Iso-Seq","575-813","Kallisto","SMR","B80K20","B80K20_2",4.65369634082078
"Mouse","Iso-Seq","813-1597","Kallisto","SMR","B80K20","B80K20_2",0.192474295688885
"Mouse","Iso-Seq","1597-2528","Kallisto","SMR","B80K20","B80K20_3",0.167593855959944
"Mouse","Iso-Seq","191-575","Kallisto","SMR","B80K20","B80K20_3",6.45950698613138
"Mouse","Iso-Seq","575-813","Kallisto","SMR","B80K20","B80K20_3",4.64521193913516
"Mouse","Iso-Seq","813-1597","Kallisto","SMR","B80K20","B80K20_3",0.455383784617689
"Mouse","Iso-Seq","1597-2528","Kallisto","SMR","B80K20","B80K20_4",0.421785740286533
"Mouse","Iso-Seq","191-575","Kallisto","SMR","B80K20","B80K20_4",6.46447779558352
"Mouse","Iso-Seq","575-813","Kallisto","SMR","B80K20","B80K20_4",4.64715543883807
"Mouse","Iso-Seq","813-1597","Kallisto","SMR","B80K20","B80K20_4",0.223905112310696
"Mouse","Iso-Seq","1597-2528","Kallisto","SMR","B80K20","B80K20_5",0.154192463612058
"Mouse","Iso-Seq","191-575","Kallisto","SMR","B80K20","B80K20_5",6.45658095939754
"Mouse","Iso-Seq","575-813","Kallisto","SMR","B80K20","B80K20_5",4.65228974288458
"Mouse","Iso-Seq","813-1597","Kallisto","SMR","B80K20","B80K20_5",0.333757634039472
"Mouse","Iso-Seq","1597-2528","Kallisto","SMR","Kidney","K31",0.508395378330817
"Mouse","Iso-Seq","191-575","Kallisto","SMR","Kidney","K31",6.15683098350419
"Mouse","Iso-Seq","575-813","Kallisto","SMR","Kidney","K31",4.76458572289084
"Mouse","Iso-Seq","813-1597","Kallisto","SMR","Kidney","K31",0.203530872176775
"Mouse","Iso-Seq","1597-2528","Kallisto","SMR","Kidney","K32",0.403711183591395
"Mouse","Iso-Seq","191-575","Kallisto","SMR","Kidney","K32",6.15437599678269
"Mouse","Iso-Seq","575-813","Kallisto","SMR","Kidney","K32",4.75477287651265
"Mouse","Iso-Seq","813-1597","Kallisto","SMR","Kidney","K32",0.16466004707596
"Mouse","Iso-Seq","1597-2528","Kallisto","SMR","Kidney","K33",0.349594399853721
"Mouse","Iso-Seq","191-575","Kallisto","SMR","Kidney","K33",6.16241121938878
"Mouse","Iso-Seq","575-813","Kallisto","SMR","Kidney","K33",4.75678969084827
"Mouse","Iso-Seq","813-1597","Kallisto","SMR","Kidney","K33",0.198451991442413
"Mouse","Iso-Seq","1597-2528","Kallisto","SMR","Kidney","K34",0.202094274433953
"Mouse","Iso-Seq","191-575","Kallisto","SMR","Kidney","K34",6.15743115240731
"Mouse","Iso-Seq","575-813","Kallisto","SMR","Kidney","K34",4.77111936401573
"Mouse","Iso-Seq","813-1597","Kallisto","SMR","Kidney","K34",0.491591217609937
"Mouse","Iso-Seq","1597-2528","Kallisto","SMR","Kidney","K35",0.209716354707199
"Mouse","Iso-Seq","191-575","Kallisto","SMR","Kidney","K35",6.15015478966724
"Mouse","Iso-Seq","575-813","Kallisto","SMR","Kidney","K35",4.75910458215612
"Mouse","Iso-Seq","813-1597","Kallisto","SMR","Kidney","K35",0.508374378232722
"Mouse","Iso-Seq","1597-2528","Kallisto","TPM","B20K80","B20K80_1",1.27875470473399
"Mouse","Iso-Seq","191-575","Kallisto","TPM","B20K80","B20K80_1",6.74743935686853
"Mouse","Iso-Seq","575-813","Kallisto","TPM","B20K80","B20K80_1",4.43455020185751
"Mouse","Iso-Seq","813-1597","Kallisto","TPM","B20K80","B20K80_1",0.957093575192147
"Mouse","Iso-Seq","1597-2528","Kallisto","TPM","B20K80","B20K80_2",1.26237865090973
"Mouse","Iso-Seq","191-575","Kallisto","TPM","B20K80","B20K80_2",6.36530843654627
"Mouse","Iso-Seq","575-813","Kallisto","TPM","B20K80","B20K80_2",4.66983018195899
"Mouse","Iso-Seq","813-1597","Kallisto","TPM","B20K80","B20K80_2",0.783907418227757
"Mouse","Iso-Seq","1597-2528","Kallisto","TPM","B20K80","B20K80_3",1.27325375788298
"Mouse","Iso-Seq","191-575","Kallisto","TPM","B20K80","B20K80_3",6.52440329643703
"Mouse","Iso-Seq","575-813","Kallisto","TPM","B20K80","B20K80_3",4.88207591876743
"Mouse","Iso-Seq","813-1597","Kallisto","TPM","B20K80","B20K80_3",0.96520011622235
"Mouse","Iso-Seq","1597-2528","Kallisto","TPM","B20K80","B20K80_4",1.14047158749853
"Mouse","Iso-Seq","191-575","Kallisto","TPM","B20K80","B20K80_4",6.43037923690429
"Mouse","Iso-Seq","575-813","Kallisto","TPM","B20K80","B20K80_4",4.28919179067532
"Mouse","Iso-Seq","813-1597","Kallisto","TPM","B20K80","B20K80_4",0.791354481554926
"Mouse","Iso-Seq","1597-2528","Kallisto","TPM","B20K80","B20K80_5",1.14757453538311
"Mouse","Iso-Seq","191-575","Kallisto","TPM","B20K80","B20K80_5",6.4556507781966
"Mouse","Iso-Seq","575-813","Kallisto","TPM","B20K80","B20K80_5",4.50741547761794
"Mouse","Iso-Seq","813-1597","Kallisto","TPM","B20K80","B20K80_5",0.88899720185862
"Mouse","Iso-Seq","1597-2528","Kallisto","TPM","Brain","B31",1.09448626382666
"Mouse","Iso-Seq","191-575","Kallisto","TPM","Brain","B31",6.66558365551565
"Mouse","Iso-Seq","575-813","Kallisto","TPM","Brain","B31",5.11462569095681
"Mouse","Iso-Seq","813-1597","Kallisto","TPM","Brain","B31",0.705706182812349
"Mouse","Iso-Seq","1597-2528","Kallisto","TPM","Brain","B32",1.05032977361864
"Mouse","Iso-Seq","191-575","Kallisto","TPM","Brain","B32",6.57155030837605
"Mouse","Iso-Seq","575-813","Kallisto","TPM","Brain","B32",4.96016524995938
"Mouse","Iso-Seq","813-1597","Kallisto","TPM","Brain","B32",0.682654100484533
"Mouse","Iso-Seq","1597-2528","Kallisto","TPM","Brain","B33",1.13657871237086
"Mouse","Iso-Seq","191-575","Kallisto","TPM","Brain","B33",6.68216544215794
"Mouse","Iso-Seq","575-813","Kallisto","TPM","Brain","B33",5.10312984451423
"Mouse","Iso-Seq","813-1597","Kallisto","TPM","Brain","B33",0.788351355158741
"Mouse","Iso-Seq","1597-2528","Kallisto","TPM","Brain","B34",1.15871757913691
"Mouse","Iso-Seq","191-575","Kallisto","TPM","Brain","B34",6.92554082388233
"Mouse","Iso-Seq","575-813","Kallisto","TPM","Brain","B34",5.2349442963169
"Mouse","Iso-Seq","813-1597","Kallisto","TPM","Brain","B34",0.936693217612039
"Mouse","Iso-Seq","1597-2528","Kallisto","TPM","Brain","B35",1.174137755098
"Mouse","Iso-Seq","191-575","Kallisto","TPM","Brain","B35",7.10211719001581
"Mouse","Iso-Seq","575-813","Kallisto","TPM","Brain","B35",5.15859571668844
"Mouse","Iso-Seq","813-1597","Kallisto","TPM","Brain","B35",0.920929859205507
"Mouse","Iso-Seq","1597-2528","Kallisto","TPM","B80K20","B80K20_1",1.10515287126809
"Mouse","Iso-Seq","191-575","Kallisto","TPM","B80K20","B80K20_1",7.19178706989676
"Mouse","Iso-Seq","575-813","Kallisto","TPM","B80K20","B80K20_1",5.29559154978027
"Mouse","Iso-Seq","813-1597","Kallisto","TPM","B80K20","B80K20_1",0.999989520082998
"Mouse","Iso-Seq","1597-2528","Kallisto","TPM","B80K20","B80K20_2",1.107837527933
"Mouse","Iso-Seq","191-575","Kallisto","TPM","B80K20","B80K20_2",6.70583645731137
"Mouse","Iso-Seq","575-813","Kallisto","TPM","B80K20","B80K20_2",5.05718805580396
"Mouse","Iso-Seq","813-1597","Kallisto","TPM","B80K20","B80K20_2",0.812084191925029
"Mouse","Iso-Seq","1597-2528","Kallisto","TPM","B80K20","B80K20_3",1.00763841334757
"Mouse","Iso-Seq","191-575","Kallisto","TPM","B80K20","B80K20_3",6.79766712771299
"Mouse","Iso-Seq","575-813","Kallisto","TPM","B80K20","B80K20_3",5.0789260650585
"Mouse","Iso-Seq","813-1597","Kallisto","TPM","B80K20","B80K20_3",0.851225853303886
"Mouse","Iso-Seq","1597-2528","Kallisto","TPM","B80K20","B80K20_4",1.17315549769969
"Mouse","Iso-Seq","191-575","Kallisto","TPM","B80K20","B80K20_4",6.85415373501783
"Mouse","Iso-Seq","575-813","Kallisto","TPM","B80K20","B80K20_4",5.29182047212844
"Mouse","Iso-Seq","813-1597","Kallisto","TPM","B80K20","B80K20_4",1.05359765280208
"Mouse","Iso-Seq","1597-2528","Kallisto","TPM","B80K20","B80K20_5",1.06243163180119
"Mouse","Iso-Seq","191-575","Kallisto","TPM","B80K20","B80K20_5",6.80528234899382
"Mouse","Iso-Seq","575-813","Kallisto","TPM","B80K20","B80K20_5",5.04407341925257
"Mouse","Iso-Seq","813-1597","Kallisto","TPM","B80K20","B80K20_5",0.89316516395592
"Mouse","Iso-Seq","1597-2528","Kallisto","TPM","Kidney","K31",1.19027420671307
"Mouse","Iso-Seq","191-575","Kallisto","TPM","Kidney","K31",6.52317657090734
"Mouse","Iso-Seq","575-813","Kallisto","TPM","Kidney","K31",5.38248620823887
"Mouse","Iso-Seq","813-1597","Kallisto","TPM","Kidney","K31",1.07562500876186
"Mouse","Iso-Seq","1597-2528","Kallisto","TPM","Kidney","K32",1.1777513191707
"Mouse","Iso-Seq","191-575","Kallisto","TPM","Kidney","K32",6.46270919182243
"Mouse","Iso-Seq","575-813","Kallisto","TPM","Kidney","K32",5.31906736810893
"Mouse","Iso-Seq","813-1597","Kallisto","TPM","Kidney","K32",1.08093543010438
"Mouse","Iso-Seq","1597-2528","Kallisto","TPM","Kidney","K33",1.16933550388601
"Mouse","Iso-Seq","191-575","Kallisto","TPM","Kidney","K33",6.47557176438221
"Mouse","Iso-Seq","575-813","Kallisto","TPM","Kidney","K33",5.34789175156689
"Mouse","Iso-Seq","813-1597","Kallisto","TPM","Kidney","K33",0.994427002950908
"Mouse","Iso-Seq","1597-2528","Kallisto","TPM","Kidney","K34",1.07023266020883
"Mouse","Iso-Seq","191-575","Kallisto","TPM","Kidney","K34",6.53071364624446
"Mouse","Iso-Seq","575-813","Kallisto","TPM","Kidney","K34",5.35304742384094
"Mouse","Iso-Seq","813-1597","Kallisto","TPM","Kidney","K34",0.888897766074815
"Mouse","Iso-Seq","1597-2528","Kallisto","TPM","Kidney","K35",1.0718471233349
"Mouse","Iso-Seq","191-575","Kallisto","TPM","Kidney","K35",6.51622823133426
"Mouse","Iso-Seq","575-813","Kallisto","TPM","Kidney","K35",5.31567361157493
"Mouse","Iso-Seq","813-1597","Kallisto","TPM","Kidney","K35",0.847709089111236
"Mouse","Iso-Seq","1597-2528","Oarfish","CPM","B20K80","B20K80_1",3.31893494588372
"Mouse","Iso-Seq","191-575","Oarfish","CPM","B20K80","B20K80_1",7.14434913169028
"Mouse","Iso-Seq","575-813","Oarfish","CPM","B20K80","B20K80_1",4.74538368714121
"Mouse","Iso-Seq","813-1597","Oarfish","CPM","B20K80","B20K80_1",1.38322188828763
"Mouse","Iso-Seq","1597-2528","Oarfish","CPM","B20K80","B20K80_2",3.31582784604176
"Mouse","Iso-Seq","191-575","Oarfish","CPM","B20K80","B20K80_2",6.78095267263839
"Mouse","Iso-Seq","575-813","Oarfish","CPM","B20K80","B20K80_2",4.69841813770491
"Mouse","Iso-Seq","813-1597","Oarfish","CPM","B20K80","B20K80_2",1.17131553484576
"Mouse","Iso-Seq","1597-2528","Oarfish","CPM","B20K80","B20K80_3",3.30562883202448
"Mouse","Iso-Seq","191-575","Oarfish","CPM","B20K80","B20K80_3",6.96336468269222
"Mouse","Iso-Seq","575-813","Oarfish","CPM","B20K80","B20K80_3",4.95297258231467
"Mouse","Iso-Seq","813-1597","Oarfish","CPM","B20K80","B20K80_3",1.4014645660568
"Mouse","Iso-Seq","1597-2528","Oarfish","CPM","B20K80","B20K80_4",3.27855014633184
"Mouse","Iso-Seq","191-575","Oarfish","CPM","B20K80","B20K80_4",6.85994806272122
"Mouse","Iso-Seq","575-813","Oarfish","CPM","B20K80","B20K80_4",4.52265130903144
"Mouse","Iso-Seq","813-1597","Oarfish","CPM","B20K80","B20K80_4",1.08152409862641
"Mouse","Iso-Seq","1597-2528","Oarfish","CPM","B20K80","B20K80_5",3.27607207462218
"Mouse","Iso-Seq","191-575","Oarfish","CPM","B20K80","B20K80_5",6.90451131117374
"Mouse","Iso-Seq","575-813","Oarfish","CPM","B20K80","B20K80_5",4.37709695463101
"Mouse","Iso-Seq","813-1597","Oarfish","CPM","B20K80","B20K80_5",1.20405549043017
"Mouse","Iso-Seq","1597-2528","Oarfish","CPM","Brain","B31",2.67834804400487
"Mouse","Iso-Seq","191-575","Oarfish","CPM","Brain","B31",7.53840520438304
"Mouse","Iso-Seq","575-813","Oarfish","CPM","Brain","B31",4.80401454629573
"Mouse","Iso-Seq","813-1597","Oarfish","CPM","Brain","B31",1.11497074980113
"Mouse","Iso-Seq","1597-2528","Oarfish","CPM","Brain","B32",2.62032117312794
"Mouse","Iso-Seq","191-575","Oarfish","CPM","Brain","B32",7.44999669459872
"Mouse","Iso-Seq","575-813","Oarfish","CPM","Brain","B32",4.5173923587919
"Mouse","Iso-Seq","813-1597","Oarfish","CPM","Brain","B32",1.01719916639497
"Mouse","Iso-Seq","1597-2528","Oarfish","CPM","Brain","B33",2.67465627461182
"Mouse","Iso-Seq","191-575","Oarfish","CPM","Brain","B33",7.58115880844102
"Mouse","Iso-Seq","575-813","Oarfish","CPM","Brain","B33",4.80086566857278
"Mouse","Iso-Seq","813-1597","Oarfish","CPM","Brain","B33",1.22921245723169
"Mouse","Iso-Seq","1597-2528","Oarfish","CPM","Brain","B34",2.88673014604251
"Mouse","Iso-Seq","191-575","Oarfish","CPM","Brain","B34",7.77171091918595
"Mouse","Iso-Seq","575-813","Oarfish","CPM","Brain","B34",5.04159654900275
"Mouse","Iso-Seq","813-1597","Oarfish","CPM","Brain","B34",1.38704800779835
"Mouse","Iso-Seq","1597-2528","Oarfish","CPM","Brain","B35",2.7041035875311
"Mouse","Iso-Seq","191-575","Oarfish","CPM","Brain","B35",7.69780439893589
"Mouse","Iso-Seq","575-813","Oarfish","CPM","Brain","B35",5.30695921683262
"Mouse","Iso-Seq","813-1597","Oarfish","CPM","Brain","B35",1.38312978622825
"Mouse","Iso-Seq","1597-2528","Oarfish","CPM","B80K20","B80K20_1",2.84087551882973
"Mouse","Iso-Seq","191-575","Oarfish","CPM","B80K20","B80K20_1",7.79855370924293
"Mouse","Iso-Seq","575-813","Oarfish","CPM","B80K20","B80K20_1",5.16148966950833
"Mouse","Iso-Seq","813-1597","Oarfish","CPM","B80K20","B80K20_1",1.43947104274657
"Mouse","Iso-Seq","1597-2528","Oarfish","CPM","B80K20","B80K20_2",2.75963095837132
"Mouse","Iso-Seq","191-575","Oarfish","CPM","B80K20","B80K20_2",7.5507381651868
"Mouse","Iso-Seq","575-813","Oarfish","CPM","B80K20","B80K20_2",4.78188922645866
"Mouse","Iso-Seq","813-1597","Oarfish","CPM","B80K20","B80K20_2",1.24492564300485
"Mouse","Iso-Seq","1597-2528","Oarfish","CPM","B80K20","B80K20_3",2.84448049715027
"Mouse","Iso-Seq","191-575","Oarfish","CPM","B80K20","B80K20_3",7.6007150778827
"Mouse","Iso-Seq","575-813","Oarfish","CPM","B80K20","B80K20_3",4.73185151416278
"Mouse","Iso-Seq","813-1597","Oarfish","CPM","B80K20","B80K20_3",1.13671946176073
"Mouse","Iso-Seq","1597-2528","Oarfish","CPM","B80K20","B80K20_4",2.73210387790244
"Mouse","Iso-Seq","191-575","Oarfish","CPM","B80K20","B80K20_4",7.67096292695555
"Mouse","Iso-Seq","575-813","Oarfish","CPM","B80K20","B80K20_4",5.53861231185075
"Mouse","Iso-Seq","813-1597","Oarfish","CPM","B80K20","B80K20_4",1.52648564707795
"Mouse","Iso-Seq","1597-2528","Oarfish","CPM","B80K20","B80K20_5",2.95498197841444
"Mouse","Iso-Seq","191-575","Oarfish","CPM","B80K20","B80K20_5",7.62535032972681
"Mouse","Iso-Seq","575-813","Oarfish","CPM","B80K20","B80K20_5",4.69528792465439
"Mouse","Iso-Seq","813-1597","Oarfish","CPM","B80K20","B80K20_5",1.24350998172987
"Mouse","Iso-Seq","1597-2528","Oarfish","CPM","Kidney","K31",2.68233260466282
"Mouse","Iso-Seq","191-575","Oarfish","CPM","Kidney","K31",7.51689849427185
"Mouse","Iso-Seq","575-813","Oarfish","CPM","Kidney","K31",5.2294486460647
"Mouse","Iso-Seq","813-1597","Oarfish","CPM","Kidney","K31",1.6438116153831701
"Mouse","Iso-Seq","1597-2528","Oarfish","CPM","Kidney","K32",2.67270724687182
"Mouse","Iso-Seq","191-575","Oarfish","CPM","Kidney","K32",7.45660323563717
"Mouse","Iso-Seq","575-813","Oarfish","CPM","Kidney","K32",5.15554205185358
"Mouse","Iso-Seq","813-1597","Oarfish","CPM","Kidney","K32",1.62878996849376
"Mouse","Iso-Seq","1597-2528","Oarfish","CPM","Kidney","K33",2.6767889338902
"Mouse","Iso-Seq","191-575","Oarfish","CPM","Kidney","K33",7.42361059135557
"Mouse","Iso-Seq","575-813","Oarfish","CPM","Kidney","K33",5.14942708610146
"Mouse","Iso-Seq","813-1597","Oarfish","CPM","Kidney","K33",1.51437145375445
"Mouse","Iso-Seq","1597-2528","Oarfish","CPM","Kidney","K34",2.63593957558921
"Mouse","Iso-Seq","191-575","Oarfish","CPM","Kidney","K34",7.46887618673134
"Mouse","Iso-Seq","575-813","Oarfish","CPM","Kidney","K34",5.08374569835065
"Mouse","Iso-Seq","813-1597","Oarfish","CPM","Kidney","K34",1.23171186268457
"Mouse","Iso-Seq","1597-2528","Oarfish","CPM","Kidney","K35",2.63696928286428
"Mouse","Iso-Seq","191-575","Oarfish","CPM","Kidney","K35",7.43361539352245
"Mouse","Iso-Seq","575-813","Oarfish","CPM","Kidney","K35",5.02172159602301
"Mouse","Iso-Seq","813-1597","Oarfish","CPM","Kidney","K35",1.19884060566951
"Mouse","Iso-Seq","1597-2528","Oarfish","CQN","B20K80","B20K80_1",2.99488204464741
"Mouse","Iso-Seq","191-575","Oarfish","CQN","B20K80","B20K80_1",6.94233219539643
"Mouse","Iso-Seq","575-813","Oarfish","CQN","B20K80","B20K80_1",5.10543050314062
"Mouse","Iso-Seq","813-1597","Oarfish","CQN","B20K80","B20K80_1",1.84905694001312
"Mouse","Iso-Seq","1597-2528","Oarfish","CQN","B20K80","B20K80_2",2.92030343061238
"Mouse","Iso-Seq","191-575","Oarfish","CQN","B20K80","B20K80_2",6.54673276608329
"Mouse","Iso-Seq","575-813","Oarfish","CQN","B20K80","B20K80_2",4.58901570591209
"Mouse","Iso-Seq","813-1597","Oarfish","CQN","B20K80","B20K80_2",1.67412462242542
"Mouse","Iso-Seq","1597-2528","Oarfish","CQN","B20K80","B20K80_3",2.97417826926575
"Mouse","Iso-Seq","191-575","Oarfish","CQN","B20K80","B20K80_3",6.72575071135198
"Mouse","Iso-Seq","575-813","Oarfish","CQN","B20K80","B20K80_3",4.71550444712685
"Mouse","Iso-Seq","813-1597","Oarfish","CQN","B20K80","B20K80_3",1.73818887579042
"Mouse","Iso-Seq","1597-2528","Oarfish","CQN","B20K80","B20K80_4",2.96234685081299
"Mouse","Iso-Seq","191-575","Oarfish","CQN","B20K80","B20K80_4",6.57431284779307
"Mouse","Iso-Seq","575-813","Oarfish","CQN","B20K80","B20K80_4",4.19853543468121
"Mouse","Iso-Seq","813-1597","Oarfish","CQN","B20K80","B20K80_4",1.35117327418599
"Mouse","Iso-Seq","1597-2528","Oarfish","CQN","B20K80","B20K80_5",2.93642869639116
"Mouse","Iso-Seq","191-575","Oarfish","CQN","B20K80","B20K80_5",6.79936704407664
"Mouse","Iso-Seq","575-813","Oarfish","CQN","B20K80","B20K80_5",4.76003265895381
"Mouse","Iso-Seq","813-1597","Oarfish","CQN","B20K80","B20K80_5",1.79058514576475
"Mouse","Iso-Seq","1597-2528","Oarfish","CQN","Brain","B31",2.67709439170567
"Mouse","Iso-Seq","191-575","Oarfish","CQN","Brain","B31",7.43534958408385
"Mouse","Iso-Seq","575-813","Oarfish","CQN","Brain","B31",4.42301327306358
"Mouse","Iso-Seq","813-1597","Oarfish","CQN","Brain","B31",1.10437147105011
"Mouse","Iso-Seq","1597-2528","Oarfish","CQN","Brain","B32",2.61295330522322
"Mouse","Iso-Seq","191-575","Oarfish","CQN","Brain","B32",7.36297997155069
"Mouse","Iso-Seq","575-813","Oarfish","CQN","Brain","B32",4.18724294589369
"Mouse","Iso-Seq","813-1597","Oarfish","CQN","Brain","B32",0.974642616197575
"Mouse","Iso-Seq","1597-2528","Oarfish","CQN","Brain","B33",2.6680977895496
"Mouse","Iso-Seq","191-575","Oarfish","CQN","Brain","B33",7.42721118181899
"Mouse","Iso-Seq","575-813","Oarfish","CQN","Brain","B33",4.34252626155742
"Mouse","Iso-Seq","813-1597","Oarfish","CQN","Brain","B33",1.08041988674346
"Mouse","Iso-Seq","1597-2528","Oarfish","CQN","Brain","B34",2.80198614873754
"Mouse","Iso-Seq","191-575","Oarfish","CQN","Brain","B34",7.44478239030859
"Mouse","Iso-Seq","575-813","Oarfish","CQN","Brain","B34",4.25619699853987
"Mouse","Iso-Seq","813-1597","Oarfish","CQN","Brain","B34",0.969546061261183
"Mouse","Iso-Seq","1597-2528","Oarfish","CQN","Brain","B35",2.69023778145338
"Mouse","Iso-Seq","191-575","Oarfish","CQN","Brain","B35",7.48115848429185
"Mouse","Iso-Seq","575-813","Oarfish","CQN","Brain","B35",4.42148956310223
"Mouse","Iso-Seq","813-1597","Oarfish","CQN","Brain","B35",1.08317814387509
"Mouse","Iso-Seq","1597-2528","Oarfish","CQN","B80K20","B80K20_1",2.956525021274
"Mouse","Iso-Seq","191-575","Oarfish","CQN","B80K20","B80K20_1",7.94871002594115
"Mouse","Iso-Seq","575-813","Oarfish","CQN","B80K20","B80K20_1",5.28854777927555
"Mouse","Iso-Seq","813-1597","Oarfish","CQN","B80K20","B80K20_1",1.18141485194835
"Mouse","Iso-Seq","1597-2528","Oarfish","CQN","B80K20","B80K20_2",2.88804520724965
"Mouse","Iso-Seq","191-575","Oarfish","CQN","B80K20","B80K20_2",7.62658800819049
"Mouse","Iso-Seq","575-813","Oarfish","CQN","B80K20","B80K20_2",5.13474851222492
"Mouse","Iso-Seq","813-1597","Oarfish","CQN","B80K20","B80K20_2",1.1375687091227
"Mouse","Iso-Seq","1597-2528","Oarfish","CQN","B80K20","B80K20_3",2.99256735555195
"Mouse","Iso-Seq","191-575","Oarfish","CQN","B80K20","B80K20_3",7.4884441147666
"Mouse","Iso-Seq","575-813","Oarfish","CQN","B80K20","B80K20_3",4.51966721593692
"Mouse","Iso-Seq","813-1597","Oarfish","CQN","B80K20","B80K20_3",0.870218566122424
"Mouse","Iso-Seq","1597-2528","Oarfish","CQN","B80K20","B80K20_4",2.80094932237371
"Mouse","Iso-Seq","191-575","Oarfish","CQN","B80K20","B80K20_4",7.73163562144148
"Mouse","Iso-Seq","575-813","Oarfish","CQN","B80K20","B80K20_4",5.33187450767961
"Mouse","Iso-Seq","813-1597","Oarfish","CQN","B80K20","B80K20_4",1.21517196520694
"Mouse","Iso-Seq","1597-2528","Oarfish","CQN","B80K20","B80K20_5",3.01192499931264
"Mouse","Iso-Seq","191-575","Oarfish","CQN","B80K20","B80K20_5",7.66467106240529
"Mouse","Iso-Seq","575-813","Oarfish","CQN","B80K20","B80K20_5",4.67935856587652
"Mouse","Iso-Seq","813-1597","Oarfish","CQN","B80K20","B80K20_5",1.06582028327142
"Mouse","Iso-Seq","1597-2528","Oarfish","CQN","Kidney","K31",2.69124341865351
"Mouse","Iso-Seq","191-575","Oarfish","CQN","Kidney","K31",7.21360528349701
"Mouse","Iso-Seq","575-813","Oarfish","CQN","Kidney","K31",4.28943937876848
"Mouse","Iso-Seq","813-1597","Oarfish","CQN","Kidney","K31",1.37065571692248
"Mouse","Iso-Seq","1597-2528","Oarfish","CQN","Kidney","K32",2.6543765598494
"Mouse","Iso-Seq","191-575","Oarfish","CQN","Kidney","K32",7.05229318387782
"Mouse","Iso-Seq","575-813","Oarfish","CQN","Kidney","K32",3.96847959812852
"Mouse","Iso-Seq","813-1597","Oarfish","CQN","Kidney","K32",1.04322381797215
"Mouse","Iso-Seq","1597-2528","Oarfish","CQN","Kidney","K33",2.6722613470271
"Mouse","Iso-Seq","191-575","Oarfish","CQN","Kidney","K33",7.06742542831229
"Mouse","Iso-Seq","575-813","Oarfish","CQN","Kidney","K33",4.09039662374883
"Mouse","Iso-Seq","813-1597","Oarfish","CQN","Kidney","K33",1.12182673173076
"Mouse","Iso-Seq","1597-2528","Oarfish","CQN","Kidney","K34",2.64226390764436
"Mouse","Iso-Seq","191-575","Oarfish","CQN","Kidney","K34",7.02611026573713
"Mouse","Iso-Seq","575-813","Oarfish","CQN","Kidney","K34",3.86536006266709
"Mouse","Iso-Seq","813-1597","Oarfish","CQN","Kidney","K34",0.801108326576604
"Mouse","Iso-Seq","1597-2528","Oarfish","CQN","Kidney","K35",2.66484319482511
"Mouse","Iso-Seq","191-575","Oarfish","CQN","Kidney","K35",7.06148199993607
"Mouse","Iso-Seq","575-813","Oarfish","CQN","Kidney","K35",3.98868500913669
"Mouse","Iso-Seq","813-1597","Oarfish","CQN","Kidney","K35",0.958369897771546
"Mouse","Iso-Seq","1597-2528","Oarfish","EDASeq","B20K80","B20K80_1",3.32210712354566
"Mouse","Iso-Seq","191-575","Oarfish","EDASeq","B20K80","B20K80_1",7.11222662231422
"Mouse","Iso-Seq","575-813","Oarfish","EDASeq","B20K80","B20K80_1",4.66686548761756
"Mouse","Iso-Seq","813-1597","Oarfish","EDASeq","B20K80","B20K80_1",1.37229367617803
"Mouse","Iso-Seq","1597-2528","Oarfish","EDASeq","B20K80","B20K80_2",3.31084032974242
"Mouse","Iso-Seq","191-575","Oarfish","EDASeq","B20K80","B20K80_2",6.75284924014443
"Mouse","Iso-Seq","575-813","Oarfish","EDASeq","B20K80","B20K80_2",4.62382204576113
"Mouse","Iso-Seq","813-1597","Oarfish","EDASeq","B20K80","B20K80_2",1.10800398265316
"Mouse","Iso-Seq","1597-2528","Oarfish","EDASeq","B20K80","B20K80_3",3.30027358724526
"Mouse","Iso-Seq","191-575","Oarfish","EDASeq","B20K80","B20K80_3",6.79160590855169
"Mouse","Iso-Seq","575-813","Oarfish","EDASeq","B20K80","B20K80_3",4.61084127973017
"Mouse","Iso-Seq","813-1597","Oarfish","EDASeq","B20K80","B20K80_3",1.21713738761701
"Mouse","Iso-Seq","1597-2528","Oarfish","EDASeq","B20K80","B20K80_4",3.2844289341041
"Mouse","Iso-Seq","191-575","Oarfish","EDASeq","B20K80","B20K80_4",6.74766558550689
"Mouse","Iso-Seq","575-813","Oarfish","EDASeq","B20K80","B20K80_4",4.31475527113425
"Mouse","Iso-Seq","813-1597","Oarfish","EDASeq","B20K80","B20K80_4",1.05125330865361
"Mouse","Iso-Seq","1597-2528","Oarfish","EDASeq","B20K80","B20K80_5",3.28885430609682
"Mouse","Iso-Seq","191-575","Oarfish","EDASeq","B20K80","B20K80_5",6.85353286634269
"Mouse","Iso-Seq","575-813","Oarfish","EDASeq","B20K80","B20K80_5",4.33784492815874
"Mouse","Iso-Seq","813-1597","Oarfish","EDASeq","B20K80","B20K80_5",1.27981466286868
"Mouse","Iso-Seq","1597-2528","Oarfish","EDASeq","Brain","B31",2.67531844286131
"Mouse","Iso-Seq","191-575","Oarfish","EDASeq","Brain","B31",7.55149790636434
"Mouse","Iso-Seq","575-813","Oarfish","EDASeq","Brain","B31",4.79488213605405
"Mouse","Iso-Seq","813-1597","Oarfish","EDASeq","Brain","B31",1.0633163908207801
"Mouse","Iso-Seq","1597-2528","Oarfish","EDASeq","Brain","B32",2.61203624693357
"Mouse","Iso-Seq","191-575","Oarfish","EDASeq","Brain","B32",7.4529011210457
"Mouse","Iso-Seq","575-813","Oarfish","EDASeq","Brain","B32",4.4786874564376
"Mouse","Iso-Seq","813-1597","Oarfish","EDASeq","Brain","B32",0.943341832001487
"Mouse","Iso-Seq","1597-2528","Oarfish","EDASeq","Brain","B33",2.66706815525668
"Mouse","Iso-Seq","191-575","Oarfish","EDASeq","Brain","B33",7.54699812140242
"Mouse","Iso-Seq","575-813","Oarfish","EDASeq","Brain","B33",4.67203860599863
"Mouse","Iso-Seq","813-1597","Oarfish","EDASeq","Brain","B33",1.08980379126215
"Mouse","Iso-Seq","1597-2528","Oarfish","EDASeq","Brain","B34",2.87873836057084
"Mouse","Iso-Seq","191-575","Oarfish","EDASeq","Brain","B34",7.57242392940519
"Mouse","Iso-Seq","575-813","Oarfish","EDASeq","Brain","B34",4.61010536797615
"Mouse","Iso-Seq","813-1597","Oarfish","EDASeq","Brain","B34",1.12637313913137
"Mouse","Iso-Seq","1597-2528","Oarfish","EDASeq","Brain","B35",2.69572143058078
"Mouse","Iso-Seq","191-575","Oarfish","EDASeq","Brain","B35",7.59572187301157
"Mouse","Iso-Seq","575-813","Oarfish","EDASeq","Brain","B35",5.09841410227516
"Mouse","Iso-Seq","813-1597","Oarfish","EDASeq","Brain","B35",1.19767532018169
"Mouse","Iso-Seq","1597-2528","Oarfish","EDASeq","B80K20","B80K20_1",2.83421756653302
"Mouse","Iso-Seq","191-575","Oarfish","EDASeq","B80K20","B80K20_1",7.65369290158743
"Mouse","Iso-Seq","575-813","Oarfish","EDASeq","B80K20","B80K20_1",4.85750589186589
"Mouse","Iso-Seq","813-1597","Oarfish","EDASeq","B80K20","B80K20_1",1.27019318583541
"Mouse","Iso-Seq","1597-2528","Oarfish","EDASeq","B80K20","B80K20_2",2.75161357344525
"Mouse","Iso-Seq","191-575","Oarfish","EDASeq","B80K20","B80K20_2",7.46237482146272
"Mouse","Iso-Seq","575-813","Oarfish","EDASeq","B80K20","B80K20_2",4.53232030094326
"Mouse","Iso-Seq","813-1597","Oarfish","EDASeq","B80K20","B80K20_2",1.04716887641449
"Mouse","Iso-Seq","1597-2528","Oarfish","EDASeq","B80K20","B80K20_3",2.83472479231365
"Mouse","Iso-Seq","191-575","Oarfish","EDASeq","B80K20","B80K20_3",7.38198452025018
"Mouse","Iso-Seq","575-813","Oarfish","EDASeq","B80K20","B80K20_3",4.30166778945312
"Mouse","Iso-Seq","813-1597","Oarfish","EDASeq","B80K20","B80K20_3",0.984170694615679
"Mouse","Iso-Seq","1597-2528","Oarfish","EDASeq","B80K20","B80K20_4",2.72120770366113
"Mouse","Iso-Seq","191-575","Oarfish","EDASeq","B80K20","B80K20_4",7.48236494716016
"Mouse","Iso-Seq","575-813","Oarfish","EDASeq","B80K20","B80K20_4",5.15179798526403
"Mouse","Iso-Seq","813-1597","Oarfish","EDASeq","B80K20","B80K20_4",1.25710907288334
"Mouse","Iso-Seq","1597-2528","Oarfish","EDASeq","B80K20","B80K20_5",2.9492736878307
"Mouse","Iso-Seq","191-575","Oarfish","EDASeq","B80K20","B80K20_5",7.49916038335585
"Mouse","Iso-Seq","575-813","Oarfish","EDASeq","B80K20","B80K20_5",4.46150202578098
"Mouse","Iso-Seq","813-1597","Oarfish","EDASeq","B80K20","B80K20_5",1.15647786663495
"Mouse","Iso-Seq","1597-2528","Oarfish","EDASeq","Kidney","K31",2.68637911990847
"Mouse","Iso-Seq","191-575","Oarfish","EDASeq","Kidney","K31",7.66396311318134
"Mouse","Iso-Seq","575-813","Oarfish","EDASeq","Kidney","K31",5.50195251806376
"Mouse","Iso-Seq","813-1597","Oarfish","EDASeq","Kidney","K31",1.78250706030586
"Mouse","Iso-Seq","1597-2528","Oarfish","EDASeq","Kidney","K32",2.66729037227482
"Mouse","Iso-Seq","191-575","Oarfish","EDASeq","Kidney","K32",7.40083402380255
"Mouse","Iso-Seq","575-813","Oarfish","EDASeq","Kidney","K32",5.03646627981108
"Mouse","Iso-Seq","813-1597","Oarfish","EDASeq","Kidney","K32",1.54775941767235
"Mouse","Iso-Seq","1597-2528","Oarfish","EDASeq","Kidney","K33",2.67828606443897
"Mouse","Iso-Seq","191-575","Oarfish","EDASeq","Kidney","K33",7.38174873520099
"Mouse","Iso-Seq","575-813","Oarfish","EDASeq","Kidney","K33",5.08793427330901
"Mouse","Iso-Seq","813-1597","Oarfish","EDASeq","Kidney","K33",1.50929536074043
"Mouse","Iso-Seq","1597-2528","Oarfish","EDASeq","Kidney","K34",2.66424742005577
"Mouse","Iso-Seq","191-575","Oarfish","EDASeq","Kidney","K34",7.35629602522066
"Mouse","Iso-Seq","575-813","Oarfish","EDASeq","Kidney","K34",4.98740068938923
"Mouse","Iso-Seq","813-1597","Oarfish","EDASeq","Kidney","K34",1.31746952960143
"Mouse","Iso-Seq","1597-2528","Oarfish","EDASeq","Kidney","K35",2.67574943217005
"Mouse","Iso-Seq","191-575","Oarfish","EDASeq","Kidney","K35",7.41583944406656
"Mouse","Iso-Seq","575-813","Oarfish","EDASeq","Kidney","K35",5.13482652059605
"Mouse","Iso-Seq","813-1597","Oarfish","EDASeq","Kidney","K35",1.41819418492096
"Mouse","Iso-Seq","1597-2528","Oarfish","SMR","B20K80","B20K80_1",3.14869532325003
"Mouse","Iso-Seq","191-575","Oarfish","SMR","B20K80","B20K80_1",6.91657175036637
"Mouse","Iso-Seq","575-813","Oarfish","SMR","B20K80","B20K80_1",3.31429411042304
"Mouse","Iso-Seq","813-1597","Oarfish","SMR","B20K80","B20K80_1",0.339954144999013
"Mouse","Iso-Seq","1597-2528","Oarfish","SMR","B20K80","B20K80_2",3.13130988108284
"Mouse","Iso-Seq","191-575","Oarfish","SMR","B20K80","B20K80_2",6.6171820178541
"Mouse","Iso-Seq","575-813","Oarfish","SMR","B20K80","B20K80_2",3.62656815094945
"Mouse","Iso-Seq","813-1597","Oarfish","SMR","B20K80","B20K80_2",0.229188151565214
"Mouse","Iso-Seq","1597-2528","Oarfish","SMR","B20K80","B20K80_3",3.15489481732974
"Mouse","Iso-Seq","191-575","Oarfish","SMR","B20K80","B20K80_3",6.61413076463031
"Mouse","Iso-Seq","575-813","Oarfish","SMR","B20K80","B20K80_3",3.61764503064713
"Mouse","Iso-Seq","813-1597","Oarfish","SMR","B20K80","B20K80_3",0.290820107801195
"Mouse","Iso-Seq","1597-2528","Oarfish","SMR","B20K80","B20K80_4",3.1157885743667
"Mouse","Iso-Seq","191-575","Oarfish","SMR","B20K80","B20K80_4",6.61364401302774
"Mouse","Iso-Seq","575-813","Oarfish","SMR","B20K80","B20K80_4",3.30440752050145
"Mouse","Iso-Seq","813-1597","Oarfish","SMR","B20K80","B20K80_4",0.324460056790742
"Mouse","Iso-Seq","1597-2528","Oarfish","SMR","B20K80","B20K80_5",3.11925710695962
"Mouse","Iso-Seq","191-575","Oarfish","SMR","B20K80","B20K80_5",6.60858104725078
"Mouse","Iso-Seq","575-813","Oarfish","SMR","B20K80","B20K80_5",2.97450534438246
"Mouse","Iso-Seq","813-1597","Oarfish","SMR","B20K80","B20K80_5",0.35707606529567
"Mouse","Iso-Seq","1597-2528","Oarfish","SMR","Brain","B31",2.4261507550771
"Mouse","Iso-Seq","191-575","Oarfish","SMR","Brain","B31",7.20885247184585
"Mouse","Iso-Seq","575-813","Oarfish","SMR","Brain","B31",3.34194139734063
"Mouse","Iso-Seq","813-1597","Oarfish","SMR","Brain","B31",0.287793278028857
"Mouse","Iso-Seq","1597-2528","Oarfish","SMR","Brain","B32",2.35306094800404
"Mouse","Iso-Seq","191-575","Oarfish","SMR","Brain","B32",7.21379870798726
"Mouse","Iso-Seq","575-813","Oarfish","SMR","Brain","B32",3.33103026915524
"Mouse","Iso-Seq","813-1597","Oarfish","SMR","Brain","B32",0.289258764562603
"Mouse","Iso-Seq","1597-2528","Oarfish","SMR","Brain","B33",2.40178123408557
"Mouse","Iso-Seq","191-575","Oarfish","SMR","Brain","B33",7.2070335931489
"Mouse","Iso-Seq","575-813","Oarfish","SMR","Brain","B33",3.31945132045632
"Mouse","Iso-Seq","813-1597","Oarfish","SMR","Brain","B33",0.261512518934261
"Mouse","Iso-Seq","1597-2528","Oarfish","SMR","Brain","B34",2.66130680067952
"Mouse","Iso-Seq","191-575","Oarfish","SMR","Brain","B34",7.20911764459728
"Mouse","Iso-Seq","575-813","Oarfish","SMR","Brain","B34",3.31026170340358
"Mouse","Iso-Seq","813-1597","Oarfish","SMR","Brain","B34",0.327418695064673
"Mouse","Iso-Seq","1597-2528","Oarfish","SMR","Brain","B35",2.42641378422665
"Mouse","Iso-Seq","191-575","Oarfish","SMR","Brain","B35",7.20792817462997
"Mouse","Iso-Seq","575-813","Oarfish","SMR","Brain","B35",4.04305959974003
"Mouse","Iso-Seq","813-1597","Oarfish","SMR","Brain","B35",0.262464941560797
"Mouse","Iso-Seq","1597-2528","Oarfish","SMR","B80K20","B80K20_1",2.64743709770386
"Mouse","Iso-Seq","191-575","Oarfish","SMR","B80K20","B80K20_1",7.21110438737341
"Mouse","Iso-Seq","575-813","Oarfish","SMR","B80K20","B80K20_1",3.31947815993243
"Mouse","Iso-Seq","813-1597","Oarfish","SMR","B80K20","B80K20_1",0.428984192231745
"Mouse","Iso-Seq","1597-2528","Oarfish","SMR","B80K20","B80K20_2",2.54190112989107
"Mouse","Iso-Seq","191-575","Oarfish","SMR","B80K20","B80K20_2",7.20695669280268
"Mouse","Iso-Seq","575-813","Oarfish","SMR","B80K20","B80K20_2",3.32959424814857
"Mouse","Iso-Seq","813-1597","Oarfish","SMR","B80K20","B80K20_2",0.225571621009293
"Mouse","Iso-Seq","1597-2528","Oarfish","SMR","B80K20","B80K20_3",2.66422267434631
"Mouse","Iso-Seq","191-575","Oarfish","SMR","B80K20","B80K20_3",7.20438874923692
"Mouse","Iso-Seq","575-813","Oarfish","SMR","B80K20","B80K20_3",3.31693072152952
"Mouse","Iso-Seq","813-1597","Oarfish","SMR","B80K20","B80K20_3",0.471918071954471
"Mouse","Iso-Seq","1597-2528","Oarfish","SMR","B80K20","B80K20_4",2.47152248018589
"Mouse","Iso-Seq","191-575","Oarfish","SMR","B80K20","B80K20_4",7.20517428342893
"Mouse","Iso-Seq","575-813","Oarfish","SMR","B80K20","B80K20_4",4.04019257634128
"Mouse","Iso-Seq","813-1597","Oarfish","SMR","B80K20","B80K20_4",0.274573973194271
"Mouse","Iso-Seq","1597-2528","Oarfish","SMR","B80K20","B80K20_5",2.7728806627188902
"Mouse","Iso-Seq","191-575","Oarfish","SMR","B80K20","B80K20_5",7.20447370451025
"Mouse","Iso-Seq","575-813","Oarfish","SMR","B80K20","B80K20_5",3.32553895117389
"Mouse","Iso-Seq","813-1597","Oarfish","SMR","B80K20","B80K20_5",0.354937308407244
"Mouse","Iso-Seq","1597-2528","Oarfish","SMR","Kidney","K31",2.40546642053147
"Mouse","Iso-Seq","191-575","Oarfish","SMR","Kidney","K31",6.9478241960527
"Mouse","Iso-Seq","575-813","Oarfish","SMR","Kidney","K31",3.34913430162503
"Mouse","Iso-Seq","813-1597","Oarfish","SMR","Kidney","K31",0.177893664551596
"Mouse","Iso-Seq","1597-2528","Oarfish","SMR","Kidney","K32",2.39442745695224
"Mouse","Iso-Seq","191-575","Oarfish","SMR","Kidney","K32",6.94312184668753
"Mouse","Iso-Seq","575-813","Oarfish","SMR","Kidney","K32",3.33614117997816
"Mouse","Iso-Seq","813-1597","Oarfish","SMR","Kidney","K32",0.138955159712051
"Mouse","Iso-Seq","1597-2528","Oarfish","SMR","Kidney","K33",2.38035765897144
"Mouse","Iso-Seq","191-575","Oarfish","SMR","Kidney","K33",6.94369958159344
"Mouse","Iso-Seq","575-813","Oarfish","SMR","Kidney","K33",3.33603498814664
"Mouse","Iso-Seq","813-1597","Oarfish","SMR","Kidney","K33",0.206457213256944
"Mouse","Iso-Seq","1597-2528","Oarfish","SMR","Kidney","K34",2.33593724301541
"Mouse","Iso-Seq","191-575","Oarfish","SMR","Kidney","K34",6.94749680029011
"Mouse","Iso-Seq","575-813","Oarfish","SMR","Kidney","K34",3.36230335014636
"Mouse","Iso-Seq","813-1597","Oarfish","SMR","Kidney","K34",0.530312721932004
"Mouse","Iso-Seq","1597-2528","Oarfish","SMR","Kidney","K35",2.33659434039658
"Mouse","Iso-Seq","191-575","Oarfish","SMR","Kidney","K35",6.94191558020124
"Mouse","Iso-Seq","575-813","Oarfish","SMR","Kidney","K35",3.34423212606736
"Mouse","Iso-Seq","813-1597","Oarfish","SMR","Kidney","K35",0.512298801593848
"Mouse","Iso-Seq","1597-2528","Oarfish","TPM","B20K80","B20K80_1",3.28113394384414
"Mouse","Iso-Seq","191-575","Oarfish","TPM","B20K80","B20K80_1",6.97890211196203
"Mouse","Iso-Seq","575-813","Oarfish","TPM","B20K80","B20K80_1",4.12004641818157
"Mouse","Iso-Seq","813-1597","Oarfish","TPM","B20K80","B20K80_1",0.955670211246145
"Mouse","Iso-Seq","1597-2528","Oarfish","TPM","B20K80","B20K80_2",3.26880246887097
"Mouse","Iso-Seq","191-575","Oarfish","TPM","B20K80","B20K80_2",6.60863329825214
"Mouse","Iso-Seq","575-813","Oarfish","TPM","B20K80","B20K80_2",4.20281855026167
"Mouse","Iso-Seq","813-1597","Oarfish","TPM","B20K80","B20K80_2",0.78620911298942
"Mouse","Iso-Seq","1597-2528","Oarfish","TPM","B20K80","B20K80_3",3.27283632929568
"Mouse","Iso-Seq","191-575","Oarfish","TPM","B20K80","B20K80_3",6.7304030134281
"Mouse","Iso-Seq","575-813","Oarfish","TPM","B20K80","B20K80_3",4.3892820937573
"Mouse","Iso-Seq","813-1597","Oarfish","TPM","B20K80","B20K80_3",0.965991682567957
"Mouse","Iso-Seq","1597-2528","Oarfish","TPM","B20K80","B20K80_4",3.23373173809714
"Mouse","Iso-Seq","191-575","Oarfish","TPM","B20K80","B20K80_4",6.66651514975592
"Mouse","Iso-Seq","575-813","Oarfish","TPM","B20K80","B20K80_4",3.97272413771472
"Mouse","Iso-Seq","813-1597","Oarfish","TPM","B20K80","B20K80_4",0.790139147843123
"Mouse","Iso-Seq","1597-2528","Oarfish","TPM","B20K80","B20K80_5",3.2350511963817
"Mouse","Iso-Seq","191-575","Oarfish","TPM","B20K80","B20K80_5",6.69246310052263
"Mouse","Iso-Seq","575-813","Oarfish","TPM","B20K80","B20K80_5",3.74275137257319
"Mouse","Iso-Seq","813-1597","Oarfish","TPM","B20K80","B20K80_5",0.889863901907803
"Mouse","Iso-Seq","1597-2528","Oarfish","TPM","Brain","B31",2.64158414656435
"Mouse","Iso-Seq","191-575","Oarfish","TPM","Brain","B31",7.29911426052129
"Mouse","Iso-Seq","575-813","Oarfish","TPM","Brain","B31",4.15118241635068
"Mouse","Iso-Seq","813-1597","Oarfish","TPM","Brain","B31",0.703957916854086
"Mouse","Iso-Seq","1597-2528","Oarfish","TPM","Brain","B32",2.56939513273976
"Mouse","Iso-Seq","191-575","Oarfish","TPM","Brain","B32",7.24809552250905
"Mouse","Iso-Seq","575-813","Oarfish","TPM","Brain","B32",3.92702283556951
"Mouse","Iso-Seq","813-1597","Oarfish","TPM","Brain","B32",0.683604297609375
"Mouse","Iso-Seq","1597-2528","Oarfish","TPM","Brain","B33",2.6412881846754
"Mouse","Iso-Seq","191-575","Oarfish","TPM","Brain","B33",7.32580802832868
"Mouse","Iso-Seq","575-813","Oarfish","TPM","Brain","B33",4.1205574556293
"Mouse","Iso-Seq","813-1597","Oarfish","TPM","Brain","B33",0.784453883297826
"Mouse","Iso-Seq","1597-2528","Oarfish","TPM","Brain","B34",2.87286553520648
"Mouse","Iso-Seq","191-575","Oarfish","TPM","Brain","B34",7.45651769601201
"Mouse","Iso-Seq","575-813","Oarfish","TPM","Brain","B34",4.31602457625206
"Mouse","Iso-Seq","813-1597","Oarfish","TPM","Brain","B34",0.927814954178519
"Mouse","Iso-Seq","1597-2528","Oarfish","TPM","Brain","B35",2.6772013848523
"Mouse","Iso-Seq","191-575","Oarfish","TPM","Brain","B35",7.40420879983662
"Mouse","Iso-Seq","575-813","Oarfish","TPM","Brain","B35",4.72834578660185
"Mouse","Iso-Seq","813-1597","Oarfish","TPM","Brain","B35",0.918513803038481
"Mouse","Iso-Seq","1597-2528","Oarfish","TPM","B80K20","B80K20_1",2.82287617722243
"Mouse","Iso-Seq","191-575","Oarfish","TPM","B80K20","B80K20_1",7.47733080428521
"Mouse","Iso-Seq","575-813","Oarfish","TPM","B80K20","B80K20_1",4.42228777739933
"Mouse","Iso-Seq","813-1597","Oarfish","TPM","B80K20","B80K20_1",1.00067665140063
"Mouse","Iso-Seq","1597-2528","Oarfish","TPM","B80K20","B80K20_2",2.73249990941255
"Mouse","Iso-Seq","191-575","Oarfish","TPM","B80K20","B80K20_2",7.30402970130802
"Mouse","Iso-Seq","575-813","Oarfish","TPM","B80K20","B80K20_2",4.10902887983755
"Mouse","Iso-Seq","813-1597","Oarfish","TPM","B80K20","B80K20_2",0.804628490584078
"Mouse","Iso-Seq","1597-2528","Oarfish","TPM","B80K20","B80K20_3",2.82520813609992
"Mouse","Iso-Seq","191-575","Oarfish","TPM","B80K20","B80K20_3",7.34607244752104
"Mouse","Iso-Seq","575-813","Oarfish","TPM","B80K20","B80K20_3",4.10477633403142
"Mouse","Iso-Seq","813-1597","Oarfish","TPM","B80K20","B80K20_3",0.853853064515316
"Mouse","Iso-Seq","1597-2528","Oarfish","TPM","B80K20","B80K20_4",2.71036210952035
"Mouse","Iso-Seq","191-575","Oarfish","TPM","B80K20","B80K20_4",7.38402849098233
"Mouse","Iso-Seq","575-813","Oarfish","TPM","B80K20","B80K20_4",4.90776983740552
"Mouse","Iso-Seq","813-1597","Oarfish","TPM","B80K20","B80K20_4",1.05066149958748
"Mouse","Iso-Seq","1597-2528","Oarfish","TPM","B80K20","B80K20_5",2.94183696286199
"Mouse","Iso-Seq","191-575","Oarfish","TPM","B80K20","B80K20_5",7.35988667361502
"Mouse","Iso-Seq","575-813","Oarfish","TPM","B80K20","B80K20_5",4.05970370339705
"Mouse","Iso-Seq","813-1597","Oarfish","TPM","B80K20","B80K20_5",0.892889600302591
"Mouse","Iso-Seq","1597-2528","Oarfish","TPM","Kidney","K31",2.64447922241066
"Mouse","Iso-Seq","191-575","Oarfish","TPM","Kidney","K31",7.17939054152981
"Mouse","Iso-Seq","575-813","Oarfish","TPM","Kidney","K31",4.44989759992995
"Mouse","Iso-Seq","813-1597","Oarfish","TPM","Kidney","K31",1.08552668596402
"Mouse","Iso-Seq","1597-2528","Oarfish","TPM","Kidney","K32",2.63298106312093
"Mouse","Iso-Seq","191-575","Oarfish","TPM","Kidney","K32",7.13817253405074
"Mouse","Iso-Seq","575-813","Oarfish","TPM","Kidney","K32",4.39456876229495
"Mouse","Iso-Seq","813-1597","Oarfish","TPM","Kidney","K32",1.09973682719182
"Mouse","Iso-Seq","1597-2528","Oarfish","TPM","Kidney","K33",2.63403515376179
"Mouse","Iso-Seq","191-575","Oarfish","TPM","Kidney","K33",7.11672747360741
"Mouse","Iso-Seq","575-813","Oarfish","TPM","Kidney","K33",4.39637006568733
"Mouse","Iso-Seq","813-1597","Oarfish","TPM","Kidney","K33",1.00179899303277
"Mouse","Iso-Seq","1597-2528","Oarfish","TPM","Kidney","K34",2.58509795168545
"Mouse","Iso-Seq","191-575","Oarfish","TPM","Kidney","K34",7.16456823186438
"Mouse","Iso-Seq","575-813","Oarfish","TPM","Kidney","K34",4.39617439338779
"Mouse","Iso-Seq","813-1597","Oarfish","TPM","Kidney","K34",0.892536856723481
"Mouse","Iso-Seq","1597-2528","Oarfish","TPM","Kidney","K35",2.58608534577741
"Mouse","Iso-Seq","191-575","Oarfish","TPM","Kidney","K35",7.13419254576963
"Mouse","Iso-Seq","575-813","Oarfish","TPM","Kidney","K35",4.33603394522423
"Mouse","Iso-Seq","813-1597","Oarfish","TPM","Kidney","K35",0.851974433637165
"Mouse","Kinnex","1597-2528","Bambu","CPM","B20K80","B20K80_1",3.45202488873361
"Mouse","Kinnex","191-575","Bambu","CPM","B20K80","B20K80_1",6.17790381684165
"Mouse","Kinnex","575-813","Bambu","CPM","B20K80","B20K80_1",3.7792294373553
"Mouse","Kinnex","813-1597","Bambu","CPM","B20K80","B20K80_1",0.801532957750665
"Mouse","Kinnex","1597-2528","Bambu","CPM","B20K80","B20K80_2",3.44779042419982
"Mouse","Kinnex","191-575","Bambu","CPM","B20K80","B20K80_2",5.96835530369241
"Mouse","Kinnex","575-813","Bambu","CPM","B20K80","B20K80_2",3.4229779904536
"Mouse","Kinnex","813-1597","Bambu","CPM","B20K80","B20K80_2",0.751090720465557
"Mouse","Kinnex","1597-2528","Bambu","CPM","B20K80","B20K80_3",3.41725985131664
"Mouse","Kinnex","191-575","Bambu","CPM","B20K80","B20K80_3",6.10317383716006
"Mouse","Kinnex","575-813","Bambu","CPM","B20K80","B20K80_3",3.42362110741014
"Mouse","Kinnex","813-1597","Bambu","CPM","B20K80","B20K80_3",0.834289308950312
"Mouse","Kinnex","1597-2528","Bambu","CPM","Brain","B31",2.51344494258647
"Mouse","Kinnex","191-575","Bambu","CPM","Brain","B31",6.96307177285366
"Mouse","Kinnex","575-813","Bambu","CPM","Brain","B31",4.29171055187667
"Mouse","Kinnex","813-1597","Bambu","CPM","Brain","B31",0.808102946703174
"Mouse","Kinnex","1597-2528","Bambu","CPM","Brain","B32",2.53417922696546
"Mouse","Kinnex","191-575","Bambu","CPM","Brain","B32",6.84676475773161
"Mouse","Kinnex","575-813","Bambu","CPM","Brain","B32",4.03834532552512
"Mouse","Kinnex","813-1597","Bambu","CPM","Brain","B32",0.739544418171886
"Mouse","Kinnex","1597-2528","Bambu","CPM","Brain","B33",3.38579681553969
"Mouse","Kinnex","191-575","Bambu","CPM","Brain","B33",6.30944284789017
"Mouse","Kinnex","575-813","Bambu","CPM","Brain","B33",3.13020774961553
"Mouse","Kinnex","813-1597","Bambu","CPM","Brain","B33",0.774345892142942
"Mouse","Kinnex","1597-2528","Bambu","CPM","Kidney","K31",2.46467453933393
"Mouse","Kinnex","191-575","Bambu","CPM","Kidney","K31",6.6552944804563
"Mouse","Kinnex","575-813","Bambu","CPM","Kidney","K31",3.27659477489559
"Mouse","Kinnex","813-1597","Bambu","CPM","Kidney","K31",2.1196428150125
"Mouse","Kinnex","1597-2528","Bambu","CPM","Kidney","K32",2.50808624585518
"Mouse","Kinnex","191-575","Bambu","CPM","Kidney","K32",6.68352631733406
"Mouse","Kinnex","575-813","Bambu","CPM","Kidney","K32",3.73573576867415
"Mouse","Kinnex","813-1597","Bambu","CPM","Kidney","K32",2.08415445474126
"Mouse","Kinnex","1597-2528","Bambu","CPM","Kidney","K33",2.49996340893015
"Mouse","Kinnex","191-575","Bambu","CPM","Kidney","K33",6.75692136890475
"Mouse","Kinnex","575-813","Bambu","CPM","Kidney","K33",3.65624068840779
"Mouse","Kinnex","813-1597","Bambu","CPM","Kidney","K33",2.0879866131348
"Mouse","Kinnex","1597-2528","Bambu","CQN","B20K80","B20K80_1",3.43378730896494
"Mouse","Kinnex","191-575","Bambu","CQN","B20K80","B20K80_1",6.29769330378266
"Mouse","Kinnex","575-813","Bambu","CQN","B20K80","B20K80_1",4.26277669584877
"Mouse","Kinnex","813-1597","Bambu","CQN","B20K80","B20K80_1",0.823960210633634
"Mouse","Kinnex","1597-2528","Bambu","CQN","B20K80","B20K80_2",3.37344785752901
"Mouse","Kinnex","191-575","Bambu","CQN","B20K80","B20K80_2",6.03508563999339
"Mouse","Kinnex","575-813","Bambu","CQN","B20K80","B20K80_2",3.96477706512377
"Mouse","Kinnex","813-1597","Bambu","CQN","B20K80","B20K80_2",0.763803058014851
"Mouse","Kinnex","1597-2528","Bambu","CQN","B20K80","B20K80_3",3.38263701270917
"Mouse","Kinnex","191-575","Bambu","CQN","B20K80","B20K80_3",6.1400061999255104
"Mouse","Kinnex","575-813","Bambu","CQN","B20K80","B20K80_3",4.11342910398256
"Mouse","Kinnex","813-1597","Bambu","CQN","B20K80","B20K80_3",0.753616382367192
"Mouse","Kinnex","1597-2528","Bambu","CQN","Brain","B31",2.47847645489307
"Mouse","Kinnex","191-575","Bambu","CQN","Brain","B31",6.41022278995168
"Mouse","Kinnex","575-813","Bambu","CQN","Brain","B31",3.64653269608339
"Mouse","Kinnex","813-1597","Bambu","CQN","Brain","B31",0.781312648783286
"Mouse","Kinnex","1597-2528","Bambu","CQN","Brain","B32",2.4886988006429
"Mouse","Kinnex","191-575","Bambu","CQN","Brain","B32",6.35879907398043
"Mouse","Kinnex","575-813","Bambu","CQN","Brain","B32",3.40254065919361
"Mouse","Kinnex","813-1597","Bambu","CQN","Brain","B32",0.725933984860806
"Mouse","Kinnex","1597-2528","Bambu","CQN","Brain","B33",3.29243257481222
"Mouse","Kinnex","191-575","Bambu","CQN","Brain","B33",6.14397483910622
"Mouse","Kinnex","575-813","Bambu","CQN","Brain","B33",3.22928144510824
"Mouse","Kinnex","813-1597","Bambu","CQN","Brain","B33",0.702794137112805
"Mouse","Kinnex","1597-2528","Bambu","CQN","Kidney","K31",2.55848056395087
"Mouse","Kinnex","191-575","Bambu","CQN","Kidney","K31",6.40712544462497
"Mouse","Kinnex","575-813","Bambu","CQN","Kidney","K31",3.59043711745433
"Mouse","Kinnex","813-1597","Bambu","CQN","Kidney","K31",1.96457563740821
"Mouse","Kinnex","1597-2528","Bambu","CQN","Kidney","K32",2.52827339626307
"Mouse","Kinnex","191-575","Bambu","CQN","Kidney","K32",6.00127858806782
"Mouse","Kinnex","575-813","Bambu","CQN","Kidney","K32",3.32797131811536
"Mouse","Kinnex","813-1597","Bambu","CQN","Kidney","K32",1.96588533919048
"Mouse","Kinnex","1597-2528","Bambu","CQN","Kidney","K33",2.54624709024426
"Mouse","Kinnex","191-575","Bambu","CQN","Kidney","K33",6.26714986301207
"Mouse","Kinnex","575-813","Bambu","CQN","Kidney","K33",3.43957084567102
"Mouse","Kinnex","813-1597","Bambu","CQN","Kidney","K33",1.96053225253084
"Mouse","Kinnex","1597-2528","Bambu","EDASeq","B20K80","B20K80_1",3.46720307357596
"Mouse","Kinnex","191-575","Bambu","EDASeq","B20K80","B20K80_1",5.95313179181356
"Mouse","Kinnex","575-813","Bambu","EDASeq","B20K80","B20K80_1",3.63281416850034
"Mouse","Kinnex","813-1597","Bambu","EDASeq","B20K80","B20K80_1",0.72978093769257
"Mouse","Kinnex","1597-2528","Bambu","EDASeq","B20K80","B20K80_2",3.45508650481703
"Mouse","Kinnex","191-575","Bambu","EDASeq","B20K80","B20K80_2",5.75199706254991
"Mouse","Kinnex","575-813","Bambu","EDASeq","B20K80","B20K80_2",3.26682818273292
"Mouse","Kinnex","813-1597","Bambu","EDASeq","B20K80","B20K80_2",0.701587254600724
"Mouse","Kinnex","1597-2528","Bambu","EDASeq","B20K80","B20K80_3",3.44652817878563
"Mouse","Kinnex","191-575","Bambu","EDASeq","B20K80","B20K80_3",5.9508321619955
"Mouse","Kinnex","575-813","Bambu","EDASeq","B20K80","B20K80_3",3.38118327118309
"Mouse","Kinnex","813-1597","Bambu","EDASeq","B20K80","B20K80_3",0.726876721619678
"Mouse","Kinnex","1597-2528","Bambu","EDASeq","Brain","B31",2.49255357023579
"Mouse","Kinnex","191-575","Bambu","EDASeq","Brain","B31",6.50406098527054
"Mouse","Kinnex","575-813","Bambu","EDASeq","Brain","B31",3.82325696538142
"Mouse","Kinnex","813-1597","Bambu","EDASeq","Brain","B31",0.773103236903645
"Mouse","Kinnex","1597-2528","Bambu","EDASeq","Brain","B32",2.50027347030188
"Mouse","Kinnex","191-575","Bambu","EDASeq","Brain","B32",6.38883774712926
"Mouse","Kinnex","575-813","Bambu","EDASeq","Brain","B32",3.50203105081996
"Mouse","Kinnex","813-1597","Bambu","EDASeq","Brain","B32",0.708332921255942
"Mouse","Kinnex","1597-2528","Bambu","EDASeq","Brain","B33",3.39666506643348
"Mouse","Kinnex","191-575","Bambu","EDASeq","Brain","B33",6.16335383395894
"Mouse","Kinnex","575-813","Bambu","EDASeq","Brain","B33",3.07853352900282
"Mouse","Kinnex","813-1597","Bambu","EDASeq","Brain","B33",0.728655523734919
"Mouse","Kinnex","1597-2528","Bambu","EDASeq","Kidney","K31",2.51839705668263
"Mouse","Kinnex","191-575","Bambu","EDASeq","Kidney","K31",6.80275148805628
"Mouse","Kinnex","575-813","Bambu","EDASeq","Kidney","K31",3.64279765509339
"Mouse","Kinnex","813-1597","Bambu","EDASeq","Kidney","K31",2.06830215177439
"Mouse","Kinnex","1597-2528","Bambu","EDASeq","Kidney","K32",2.5214815339958
"Mouse","Kinnex","191-575","Bambu","EDASeq","Kidney","K32",6.46640307025751
"Mouse","Kinnex","575-813","Bambu","EDASeq","Kidney","K32",3.61572219026443
"Mouse","Kinnex","813-1597","Bambu","EDASeq","Kidney","K32",2.0699733537714202
"Mouse","Kinnex","1597-2528","Bambu","EDASeq","Kidney","K33",2.53028541711642
"Mouse","Kinnex","191-575","Bambu","EDASeq","Kidney","K33",6.68060517281976
"Mouse","Kinnex","575-813","Bambu","EDASeq","Kidney","K33",3.7198580750211
"Mouse","Kinnex","813-1597","Bambu","EDASeq","Kidney","K33",2.06801036926975
"Mouse","Kinnex","1597-2528","Bambu","SMR","B20K80","B20K80_1",3.26784725056874
"Mouse","Kinnex","191-575","Bambu","SMR","B20K80","B20K80_1",4.91685829192403
"Mouse","Kinnex","575-813","Bambu","SMR","B20K80","B20K80_1",0.820849728822098
"Mouse","Kinnex","813-1597","Bambu","SMR","B20K80","B20K80_1",0.247304825122406
"Mouse","Kinnex","1597-2528","Bambu","SMR","B20K80","B20K80_2",3.26466912799031
"Mouse","Kinnex","191-575","Bambu","SMR","B20K80","B20K80_2",4.90846855199924
"Mouse","Kinnex","575-813","Bambu","SMR","B20K80","B20K80_2",0.842898366411937
"Mouse","Kinnex","813-1597","Bambu","SMR","B20K80","B20K80_2",0.293833229830831
"Mouse","Kinnex","1597-2528","Bambu","SMR","B20K80","B20K80_3",3.26987761592508
"Mouse","Kinnex","191-575","Bambu","SMR","B20K80","B20K80_3",4.96139052593412
"Mouse","Kinnex","575-813","Bambu","SMR","B20K80","B20K80_3",0.702322948933512
"Mouse","Kinnex","813-1597","Bambu","SMR","B20K80","B20K80_3",0.283339816099727
"Mouse","Kinnex","1597-2528","Bambu","SMR","Brain","B31",2.31670492604577
"Mouse","Kinnex","191-575","Bambu","SMR","Brain","B31",5.11593793756125
"Mouse","Kinnex","575-813","Bambu","SMR","Brain","B31",0.77354907004626
"Mouse","Kinnex","813-1597","Bambu","SMR","Brain","B31",0.324933280041695
"Mouse","Kinnex","1597-2528","Bambu","SMR","Brain","B32",2.31490867895806
"Mouse","Kinnex","191-575","Bambu","SMR","Brain","B32",5.10772495863321
"Mouse","Kinnex","575-813","Bambu","SMR","Brain","B32",0.569016421937892
"Mouse","Kinnex","813-1597","Bambu","SMR","Brain","B32",0.247741107585226
"Mouse","Kinnex","1597-2528","Bambu","SMR","Brain","B33",3.23607776104655
"Mouse","Kinnex","191-575","Bambu","SMR","Brain","B33",5.10236529374832
"Mouse","Kinnex","575-813","Bambu","SMR","Brain","B33",0.840715847855888
"Mouse","Kinnex","813-1597","Bambu","SMR","Brain","B33",0.283157469653972
"Mouse","Kinnex","1597-2528","Bambu","SMR","Kidney","K31",2.32036034982214
"Mouse","Kinnex","191-575","Bambu","SMR","Kidney","K31",5.49887602726999
"Mouse","Kinnex","575-813","Bambu","SMR","Kidney","K31",0.559698560405935
"Mouse","Kinnex","813-1597","Bambu","SMR","Kidney","K31",1.9709028867
"Mouse","Kinnex","1597-2528","Bambu","SMR","Kidney","K32",2.30363991002547
"Mouse","Kinnex","191-575","Bambu","SMR","Kidney","K32",5.05324530527777
"Mouse","Kinnex","575-813","Bambu","SMR","Kidney","K32",0.645368165575226
"Mouse","Kinnex","813-1597","Bambu","SMR","Kidney","K32",1.95792726618641
"Mouse","Kinnex","1597-2528","Bambu","SMR","Kidney","K33",2.30171807205555
"Mouse","Kinnex","191-575","Bambu","SMR","Kidney","K33",5.50430094428685
"Mouse","Kinnex","575-813","Bambu","SMR","Kidney","K33",0.67457346648181
"Mouse","Kinnex","813-1597","Bambu","SMR","Kidney","K33",1.95823106798692
"Mouse","Kinnex","1597-2528","Bambu","TPM","B20K80","B20K80_1",3.37729632625654
"Mouse","Kinnex","191-575","Bambu","TPM","B20K80","B20K80_1",5.63944345630574
"Mouse","Kinnex","575-813","Bambu","TPM","B20K80","B20K80_1",3.07635973733696
"Mouse","Kinnex","813-1597","Bambu","TPM","B20K80","B20K80_1",0.946292558703433
"Mouse","Kinnex","1597-2528","Bambu","TPM","B20K80","B20K80_2",3.37302051665795
"Mouse","Kinnex","191-575","Bambu","TPM","B20K80","B20K80_2",5.45581053388993
"Mouse","Kinnex","575-813","Bambu","TPM","B20K80","B20K80_2",2.7591527885804
"Mouse","Kinnex","813-1597","Bambu","TPM","B20K80","B20K80_2",0.907942437496541
"Mouse","Kinnex","1597-2528","Bambu","TPM","B20K80","B20K80_3",3.34753793333065
"Mouse","Kinnex","191-575","Bambu","TPM","B20K80","B20K80_3",5.6393002967686
"Mouse","Kinnex","575-813","Bambu","TPM","B20K80","B20K80_3",2.79951198825664
"Mouse","Kinnex","813-1597","Bambu","TPM","B20K80","B20K80_3",0.978875339893722
"Mouse","Kinnex","1597-2528","Bambu","TPM","Brain","B31",2.4473827258736
"Mouse","Kinnex","191-575","Bambu","TPM","Brain","B31",6.29846903012877
"Mouse","Kinnex","575-813","Bambu","TPM","Brain","B31",3.49043088202646
"Mouse","Kinnex","813-1597","Bambu","TPM","Brain","B31",0.842448148877846
"Mouse","Kinnex","1597-2528","Bambu","TPM","Brain","B32",2.4671885905014
"Mouse","Kinnex","191-575","Bambu","TPM","Brain","B32",6.18017773685901
"Mouse","Kinnex","575-813","Bambu","TPM","Brain","B32",3.19551065456834
"Mouse","Kinnex","813-1597","Bambu","TPM","Brain","B32",0.751132944883021
"Mouse","Kinnex","1597-2528","Bambu","TPM","Brain","B33",3.34054160955332
"Mouse","Kinnex","191-575","Bambu","TPM","Brain","B33",5.78940280202877
"Mouse","Kinnex","575-813","Bambu","TPM","Brain","B33",2.50553680337699
"Mouse","Kinnex","813-1597","Bambu","TPM","Brain","B33",0.911736628689172
"Mouse","Kinnex","1597-2528","Bambu","TPM","Kidney","K31",2.41192342014088
"Mouse","Kinnex","191-575","Bambu","TPM","Kidney","K31",6.14269082078241
"Mouse","Kinnex","575-813","Bambu","TPM","Kidney","K31",2.57828360078576
"Mouse","Kinnex","813-1597","Bambu","TPM","Kidney","K31",2.19784650749905
"Mouse","Kinnex","1597-2528","Bambu","TPM","Kidney","K32",2.44792954945986
"Mouse","Kinnex","191-575","Bambu","TPM","Kidney","K32",6.03591750201801
"Mouse","Kinnex","575-813","Bambu","TPM","Kidney","K32",2.9631557349312
"Mouse","Kinnex","813-1597","Bambu","TPM","Kidney","K32",2.12982399743767
"Mouse","Kinnex","1597-2528","Bambu","TPM","Kidney","K33",2.44024256040181
"Mouse","Kinnex","191-575","Bambu","TPM","Kidney","K33",6.20517005304329
"Mouse","Kinnex","575-813","Bambu","TPM","Kidney","K33",2.90924603093133
"Mouse","Kinnex","813-1597","Bambu","TPM","Kidney","K33",2.1431847790194
"Mouse","Kinnex","1597-2528","FLAIR","CPM","B20K80","B20K80_1",2.26849297557702
"Mouse","Kinnex","191-575","FLAIR","CPM","B20K80","B20K80_1",5.64174344773574
"Mouse","Kinnex","575-813","FLAIR","CPM","B20K80","B20K80_1",3.20152112279599
"Mouse","Kinnex","813-1597","FLAIR","CPM","B20K80","B20K80_1",0.984210676080957
"Mouse","Kinnex","1597-2528","FLAIR","CPM","B20K80","B20K80_2",2.26083398329697
"Mouse","Kinnex","191-575","FLAIR","CPM","B20K80","B20K80_2",5.39598769142374
"Mouse","Kinnex","575-813","FLAIR","CPM","B20K80","B20K80_2",2.82028025227061
"Mouse","Kinnex","813-1597","FLAIR","CPM","B20K80","B20K80_2",0.942604904980954
"Mouse","Kinnex","1597-2528","FLAIR","CPM","B20K80","B20K80_3",2.22485168871858
"Mouse","Kinnex","191-575","FLAIR","CPM","B20K80","B20K80_3",5.46879857972992
"Mouse","Kinnex","575-813","FLAIR","CPM","B20K80","B20K80_3",2.91838536695913
"Mouse","Kinnex","813-1597","FLAIR","CPM","B20K80","B20K80_3",1.05139295189176
"Mouse","Kinnex","1597-2528","FLAIR","CPM","Brain","B31",2.50863654468072
"Mouse","Kinnex","191-575","FLAIR","CPM","Brain","B31",6.36736993400687
"Mouse","Kinnex","575-813","FLAIR","CPM","Brain","B31",3.85317786059126
"Mouse","Kinnex","813-1597","FLAIR","CPM","Brain","B31",0.799384856619437
"Mouse","Kinnex","1597-2528","FLAIR","CPM","Brain","B32",2.53005846367002
"Mouse","Kinnex","191-575","FLAIR","CPM","Brain","B32",6.21872780829803
"Mouse","Kinnex","575-813","FLAIR","CPM","Brain","B32",3.66345519559868
"Mouse","Kinnex","813-1597","FLAIR","CPM","Brain","B32",0.724068900547702
"Mouse","Kinnex","1597-2528","FLAIR","CPM","Brain","B33",2.44623260893546
"Mouse","Kinnex","191-575","FLAIR","CPM","Brain","B33",5.48784926408955
"Mouse","Kinnex","575-813","FLAIR","CPM","Brain","B33",2.59191253040339
"Mouse","Kinnex","813-1597","FLAIR","CPM","Brain","B33",0.768637671073025
"Mouse","Kinnex","1597-2528","FLAIR","CPM","Kidney","K31",2.26841874676035
"Mouse","Kinnex","191-575","FLAIR","CPM","Kidney","K31",5.68801545566045
"Mouse","Kinnex","575-813","FLAIR","CPM","Kidney","K31",2.85564540015213
"Mouse","Kinnex","813-1597","FLAIR","CPM","Kidney","K31",0.775988392704803
"Mouse","Kinnex","1597-2528","FLAIR","CPM","Kidney","K32",2.31643207327784
"Mouse","Kinnex","191-575","FLAIR","CPM","Kidney","K32",5.83996585553972
"Mouse","Kinnex","575-813","FLAIR","CPM","Kidney","K32",3.29938823246362
"Mouse","Kinnex","813-1597","FLAIR","CPM","Kidney","K32",0.647910507041557
"Mouse","Kinnex","1597-2528","FLAIR","CPM","Kidney","K33",2.30712501416471
"Mouse","Kinnex","191-575","FLAIR","CPM","Kidney","K33",5.86641934196296
"Mouse","Kinnex","575-813","FLAIR","CPM","Kidney","K33",3.20298324712541
"Mouse","Kinnex","813-1597","FLAIR","CPM","Kidney","K33",0.66468883879398
"Mouse","Kinnex","1597-2528","FLAIR","CQN","B20K80","B20K80_1",2.46419818353746
"Mouse","Kinnex","191-575","FLAIR","CQN","B20K80","B20K80_1",6.1591999682631
"Mouse","Kinnex","575-813","FLAIR","CQN","B20K80","B20K80_1",3.68904008590531
"Mouse","Kinnex","813-1597","FLAIR","CQN","B20K80","B20K80_1",1.18755003579601
"Mouse","Kinnex","1597-2528","FLAIR","CQN","B20K80","B20K80_2",2.41400201122262
"Mouse","Kinnex","191-575","FLAIR","CQN","B20K80","B20K80_2",5.87754993429031
"Mouse","Kinnex","575-813","FLAIR","CQN","B20K80","B20K80_2",3.48734875014618
"Mouse","Kinnex","813-1597","FLAIR","CQN","B20K80","B20K80_2",1.10221460525146
"Mouse","Kinnex","1597-2528","FLAIR","CQN","B20K80","B20K80_3",2.41050795182227
"Mouse","Kinnex","191-575","FLAIR","CQN","B20K80","B20K80_3",5.93998823589587
"Mouse","Kinnex","575-813","FLAIR","CQN","B20K80","B20K80_3",3.63944501624915
"Mouse","Kinnex","813-1597","FLAIR","CQN","B20K80","B20K80_3",1.110851674617
"Mouse","Kinnex","1597-2528","FLAIR","CQN","Brain","B31",2.44818811698039
"Mouse","Kinnex","191-575","FLAIR","CQN","Brain","B31",5.91818152164252
"Mouse","Kinnex","575-813","FLAIR","CQN","Brain","B31",3.34179742623826
"Mouse","Kinnex","813-1597","FLAIR","CQN","Brain","B31",0.824689342596704
"Mouse","Kinnex","1597-2528","FLAIR","CQN","Brain","B32",2.4482551519952
"Mouse","Kinnex","191-575","FLAIR","CQN","Brain","B32",5.88571614896801
"Mouse","Kinnex","575-813","FLAIR","CQN","Brain","B32",3.2262528969983
"Mouse","Kinnex","813-1597","FLAIR","CQN","Brain","B32",0.802244675947809
"Mouse","Kinnex","1597-2528","FLAIR","CQN","Brain","B33",2.45789612823855
"Mouse","Kinnex","191-575","FLAIR","CQN","Brain","B33",5.80125539905329
"Mouse","Kinnex","575-813","FLAIR","CQN","Brain","B33",3.11256057263151
"Mouse","Kinnex","813-1597","FLAIR","CQN","Brain","B33",0.789352734690166
"Mouse","Kinnex","1597-2528","FLAIR","CQN","Kidney","K31",2.36905214248878
"Mouse","Kinnex","191-575","FLAIR","CQN","Kidney","K31",5.73416267477671
"Mouse","Kinnex","575-813","FLAIR","CQN","Kidney","K31",3.70665029336527
"Mouse","Kinnex","813-1597","FLAIR","CQN","Kidney","K31",0.646851810876142
"Mouse","Kinnex","1597-2528","FLAIR","CQN","Kidney","K32",2.34398673866936
"Mouse","Kinnex","191-575","FLAIR","CQN","Kidney","K32",5.41522358187923
"Mouse","Kinnex","575-813","FLAIR","CQN","Kidney","K32",3.44742987200939
"Mouse","Kinnex","813-1597","FLAIR","CQN","Kidney","K32",0.662977543266966
"Mouse","Kinnex","1597-2528","FLAIR","CQN","Kidney","K33",2.36088997670528
"Mouse","Kinnex","191-575","FLAIR","CQN","Kidney","K33",5.5220163529173
"Mouse","Kinnex","575-813","FLAIR","CQN","Kidney","K33",3.60979882380656
"Mouse","Kinnex","813-1597","FLAIR","CQN","Kidney","K33",0.66563067955103306
"Mouse","Kinnex","1597-2528","FLAIR","EDASeq","B20K80","B20K80_1",2.23381269291159
"Mouse","Kinnex","191-575","FLAIR","EDASeq","B20K80","B20K80_1",5.49985662156705
"Mouse","Kinnex","575-813","FLAIR","EDASeq","B20K80","B20K80_1",3.04027118754589
"Mouse","Kinnex","813-1597","FLAIR","EDASeq","B20K80","B20K80_1",1.04297088630553
"Mouse","Kinnex","1597-2528","FLAIR","EDASeq","B20K80","B20K80_2",2.21657784008355
"Mouse","Kinnex","191-575","FLAIR","EDASeq","B20K80","B20K80_2",5.20283208742681
"Mouse","Kinnex","575-813","FLAIR","EDASeq","B20K80","B20K80_2",2.61603478714991
"Mouse","Kinnex","813-1597","FLAIR","EDASeq","B20K80","B20K80_2",1.02452667204643
"Mouse","Kinnex","1597-2528","FLAIR","EDASeq","B20K80","B20K80_3",2.21779812999642
"Mouse","Kinnex","191-575","FLAIR","EDASeq","B20K80","B20K80_3",5.39451654996324
"Mouse","Kinnex","575-813","FLAIR","EDASeq","B20K80","B20K80_3",2.89697147392601
"Mouse","Kinnex","813-1597","FLAIR","EDASeq","B20K80","B20K80_3",1.07353851567025
"Mouse","Kinnex","1597-2528","FLAIR","EDASeq","Brain","B31",2.47706456156134
"Mouse","Kinnex","191-575","FLAIR","EDASeq","Brain","B31",6.08858535273292
"Mouse","Kinnex","575-813","FLAIR","EDASeq","Brain","B31",3.54492905734142
"Mouse","Kinnex","813-1597","FLAIR","EDASeq","Brain","B31",0.8136635075727
"Mouse","Kinnex","1597-2528","FLAIR","EDASeq","Brain","B32",2.4827214373324
"Mouse","Kinnex","191-575","FLAIR","EDASeq","Brain","B32",5.81378390856384
"Mouse","Kinnex","575-813","FLAIR","EDASeq","Brain","B32",3.20462843584687
"Mouse","Kinnex","813-1597","FLAIR","EDASeq","Brain","B32",0.739998679380577
"Mouse","Kinnex","1597-2528","FLAIR","EDASeq","Brain","B33",2.45041447612664
"Mouse","Kinnex","191-575","FLAIR","EDASeq","Brain","B33",5.57792725009327
"Mouse","Kinnex","575-813","FLAIR","EDASeq","Brain","B33",2.7010658995843
"Mouse","Kinnex","813-1597","FLAIR","EDASeq","Brain","B33",0.766827345805409
"Mouse","Kinnex","1597-2528","FLAIR","EDASeq","Kidney","K31",2.27189432311293
"Mouse","Kinnex","191-575","FLAIR","EDASeq","Kidney","K31",5.80402913648349
"Mouse","Kinnex","575-813","FLAIR","EDASeq","Kidney","K31",3.00080140941434
"Mouse","Kinnex","813-1597","FLAIR","EDASeq","Kidney","K31",0.770530468690333
"Mouse","Kinnex","1597-2528","FLAIR","EDASeq","Kidney","K32",2.27958268081018
"Mouse","Kinnex","191-575","FLAIR","EDASeq","Kidney","K32",5.53251734219211
"Mouse","Kinnex","575-813","FLAIR","EDASeq","Kidney","K32",2.96666679538209
"Mouse","Kinnex","813-1597","FLAIR","EDASeq","Kidney","K32",0.740440989270196
"Mouse","Kinnex","1597-2528","FLAIR","EDASeq","Kidney","K33",2.28488068979943
"Mouse","Kinnex","191-575","FLAIR","EDASeq","Kidney","K33",5.69679834039246
"Mouse","Kinnex","575-813","FLAIR","EDASeq","Kidney","K33",3.05149922241184
"Mouse","Kinnex","813-1597","FLAIR","EDASeq","Kidney","K33",0.730331230772154
"Mouse","Kinnex","1597-2528","FLAIR","SMR","B20K80","B20K80_1",2.20242179807973
"Mouse","Kinnex","191-575","FLAIR","SMR","B20K80","B20K80_1",3.11501936560423
"Mouse","Kinnex","575-813","FLAIR","SMR","B20K80","B20K80_1",0.511060228890975
"Mouse","Kinnex","813-1597","FLAIR","SMR","B20K80","B20K80_1",0.382891464617796
"Mouse","Kinnex","1597-2528","FLAIR","SMR","B20K80","B20K80_2",2.20271747245938
"Mouse","Kinnex","191-575","FLAIR","SMR","B20K80","B20K80_2",3.14290493947142
"Mouse","Kinnex","575-813","FLAIR","SMR","B20K80","B20K80_2",0.60909016838138
"Mouse","Kinnex","813-1597","FLAIR","SMR","B20K80","B20K80_2",0.393758203255322
"Mouse","Kinnex","1597-2528","FLAIR","SMR","B20K80","B20K80_3",2.22659284761715
"Mouse","Kinnex","191-575","FLAIR","SMR","B20K80","B20K80_3",3.14234821139486
"Mouse","Kinnex","575-813","FLAIR","SMR","B20K80","B20K80_3",0.584071167577412
"Mouse","Kinnex","813-1597","FLAIR","SMR","B20K80","B20K80_3",0.436958874664862
"Mouse","Kinnex","1597-2528","FLAIR","SMR","Brain","B31",2.48590271566943
"Mouse","Kinnex","191-575","FLAIR","SMR","Brain","B31",3.25316420730476
"Mouse","Kinnex","575-813","FLAIR","SMR","Brain","B31",0.33823917754526
"Mouse","Kinnex","813-1597","FLAIR","SMR","Brain","B31",0.317679855251761
"Mouse","Kinnex","1597-2528","FLAIR","SMR","Brain","B32",2.48552849957586
"Mouse","Kinnex","191-575","FLAIR","SMR","Brain","B32",3.23282695204885
"Mouse","Kinnex","575-813","FLAIR","SMR","Brain","B32",0.366113559819811
"Mouse","Kinnex","813-1597","FLAIR","SMR","Brain","B32",0.249550611441188
"Mouse","Kinnex","1597-2528","FLAIR","SMR","Brain","B33",2.47718256091552
"Mouse","Kinnex","191-575","FLAIR","SMR","Brain","B33",3.24084206051286
"Mouse","Kinnex","575-813","FLAIR","SMR","Brain","B33",0.65712176466360706
"Mouse","Kinnex","813-1597","FLAIR","SMR","Brain","B33",0.304620613082854
"Mouse","Kinnex","1597-2528","FLAIR","SMR","Kidney","K31",2.33306968801812
"Mouse","Kinnex","191-575","FLAIR","SMR","Kidney","K31",3.17175128627336
"Mouse","Kinnex","575-813","FLAIR","SMR","Kidney","K31",0.466300967374898
"Mouse","Kinnex","813-1597","FLAIR","SMR","Kidney","K31",0.263150608263421
"Mouse","Kinnex","1597-2528","FLAIR","SMR","Kidney","K32",2.30134025736386
"Mouse","Kinnex","191-575","FLAIR","SMR","Kidney","K32",3.14769521360017
"Mouse","Kinnex","575-813","FLAIR","SMR","Kidney","K32",0.315796393688619
"Mouse","Kinnex","813-1597","FLAIR","SMR","Kidney","K32",0.185010653210814
"Mouse","Kinnex","1597-2528","FLAIR","SMR","Kidney","K33",2.30200276460881
"Mouse","Kinnex","191-575","FLAIR","SMR","Kidney","K33",3.19358947702285
"Mouse","Kinnex","575-813","FLAIR","SMR","Kidney","K33",0.368047995480229
"Mouse","Kinnex","813-1597","FLAIR","SMR","Kidney","K33",0.171203608723051
"Mouse","Kinnex","1597-2528","FLAIR","TPM","B20K80","B20K80_1",2.16411057702806
"Mouse","Kinnex","191-575","FLAIR","TPM","B20K80","B20K80_1",4.76929345680321
"Mouse","Kinnex","575-813","FLAIR","TPM","B20K80","B20K80_1",2.45601720870578
"Mouse","Kinnex","813-1597","FLAIR","TPM","B20K80","B20K80_1",1.10518615329599
"Mouse","Kinnex","1597-2528","FLAIR","TPM","B20K80","B20K80_2",2.15632501425074
"Mouse","Kinnex","191-575","FLAIR","TPM","B20K80","B20K80_2",4.56351173212521
"Mouse","Kinnex","575-813","FLAIR","TPM","B20K80","B20K80_2",2.10955568117926
"Mouse","Kinnex","813-1597","FLAIR","TPM","B20K80","B20K80_2",1.06957383329671
"Mouse","Kinnex","1597-2528","FLAIR","TPM","B20K80","B20K80_3",2.13338970749225
"Mouse","Kinnex","191-575","FLAIR","TPM","B20K80","B20K80_3",4.6732067732181
"Mouse","Kinnex","575-813","FLAIR","TPM","B20K80","B20K80_3",2.27710252505883
"Mouse","Kinnex","813-1597","FLAIR","TPM","B20K80","B20K80_3",1.15706807726775
"Mouse","Kinnex","1597-2528","FLAIR","TPM","Brain","B31",2.44118102281937
"Mouse","Kinnex","191-575","FLAIR","TPM","Brain","B31",5.35754229293097
"Mouse","Kinnex","575-813","FLAIR","TPM","Brain","B31",2.96693188704282
"Mouse","Kinnex","813-1597","FLAIR","TPM","Brain","B31",0.840333370751577
"Mouse","Kinnex","1597-2528","FLAIR","TPM","Brain","B32",2.46077584870125
"Mouse","Kinnex","191-575","FLAIR","TPM","Brain","B32",5.19912349172678
"Mouse","Kinnex","575-813","FLAIR","TPM","Brain","B32",2.76331978190882
"Mouse","Kinnex","813-1597","FLAIR","TPM","Brain","B32",0.744128072195852
"Mouse","Kinnex","1597-2528","FLAIR","TPM","Brain","B33",2.39351398193488
"Mouse","Kinnex","191-575","FLAIR","TPM","Brain","B33",4.64101827469889
"Mouse","Kinnex","575-813","FLAIR","TPM","Brain","B33",1.88909294571433
"Mouse","Kinnex","813-1597","FLAIR","TPM","Brain","B33",0.903442439621572
"Mouse","Kinnex","1597-2528","FLAIR","TPM","Kidney","K31",2.22078662532946
"Mouse","Kinnex","191-575","FLAIR","TPM","Kidney","K31",4.78487942496063
"Mouse","Kinnex","575-813","FLAIR","TPM","Kidney","K31",2.11194291773573
"Mouse","Kinnex","813-1597","FLAIR","TPM","Kidney","K31",0.969145564954111
"Mouse","Kinnex","1597-2528","FLAIR","TPM","Kidney","K32",2.25562460322206
"Mouse","Kinnex","191-575","FLAIR","TPM","Kidney","K32",4.85303389737925
"Mouse","Kinnex","575-813","FLAIR","TPM","Kidney","K32",2.43851767635956
"Mouse","Kinnex","813-1597","FLAIR","TPM","Kidney","K32",0.793225100819635
"Mouse","Kinnex","1597-2528","FLAIR","TPM","Kidney","K33",2.24782747387538
"Mouse","Kinnex","191-575","FLAIR","TPM","Kidney","K33",4.90776206428385
"Mouse","Kinnex","575-813","FLAIR","TPM","Kidney","K33",2.36851589739123
"Mouse","Kinnex","813-1597","FLAIR","TPM","Kidney","K33",0.829926297439573
"Mouse","Kinnex","1597-2528","IsoQuant","CPM","B20K80","B20K80_1",3.29742989859741
"Mouse","Kinnex","191-575","IsoQuant","CPM","B20K80","B20K80_1",6.13630265847143
"Mouse","Kinnex","575-813","IsoQuant","CPM","B20K80","B20K80_1",3.86651338601678
"Mouse","Kinnex","813-1597","IsoQuant","CPM","B20K80","B20K80_1",0.820259499166249
"Mouse","Kinnex","1597-2528","IsoQuant","CPM","B20K80","B20K80_2",3.29437817585783
"Mouse","Kinnex","191-575","IsoQuant","CPM","B20K80","B20K80_2",5.89564918262729
"Mouse","Kinnex","575-813","IsoQuant","CPM","B20K80","B20K80_2",3.57187722027809
"Mouse","Kinnex","813-1597","IsoQuant","CPM","B20K80","B20K80_2",0.773631593445969
"Mouse","Kinnex","1597-2528","IsoQuant","CPM","B20K80","B20K80_3",3.27164351825799
"Mouse","Kinnex","191-575","IsoQuant","CPM","B20K80","B20K80_3",5.98738102911677
"Mouse","Kinnex","575-813","IsoQuant","CPM","B20K80","B20K80_3",3.64766094733665
"Mouse","Kinnex","813-1597","IsoQuant","CPM","B20K80","B20K80_3",0.860447588386309
"Mouse","Kinnex","1597-2528","IsoQuant","CPM","Brain","B31",4.1363027057208
"Mouse","Kinnex","191-575","IsoQuant","CPM","Brain","B31",6.95367321565858
"Mouse","Kinnex","575-813","IsoQuant","CPM","Brain","B31",4.30484445045656
"Mouse","Kinnex","813-1597","IsoQuant","CPM","Brain","B31",2.4672862227285
"Mouse","Kinnex","1597-2528","IsoQuant","CPM","Brain","B32",4.14993335980474
"Mouse","Kinnex","191-575","IsoQuant","CPM","Brain","B32",6.85302385617909
"Mouse","Kinnex","575-813","IsoQuant","CPM","Brain","B32",4.14554273720441
"Mouse","Kinnex","813-1597","IsoQuant","CPM","Brain","B32",2.44058848534215
"Mouse","Kinnex","1597-2528","IsoQuant","CPM","Brain","B33",4.10036122449991
"Mouse","Kinnex","191-575","IsoQuant","CPM","Brain","B33",6.37869646776361
"Mouse","Kinnex","575-813","IsoQuant","CPM","Brain","B33",3.36425909488555
"Mouse","Kinnex","813-1597","IsoQuant","CPM","Brain","B33",2.46648606005252
"Mouse","Kinnex","1597-2528","IsoQuant","CPM","Kidney","K31",3.92788235806904
"Mouse","Kinnex","191-575","IsoQuant","CPM","Kidney","K31",6.25199557893781
"Mouse","Kinnex","575-813","IsoQuant","CPM","Kidney","K31",2.84237215652014
"Mouse","Kinnex","813-1597","IsoQuant","CPM","Kidney","K31",2.45593109652832
"Mouse","Kinnex","1597-2528","IsoQuant","CPM","Kidney","K32",3.95812308125821
"Mouse","Kinnex","191-575","IsoQuant","CPM","Kidney","K32",6.37302308374537
"Mouse","Kinnex","575-813","IsoQuant","CPM","Kidney","K32",3.28297717098111
"Mouse","Kinnex","813-1597","IsoQuant","CPM","Kidney","K32",2.41594022132297
"Mouse","Kinnex","1597-2528","IsoQuant","CPM","Kidney","K33",3.952747021545
"Mouse","Kinnex","191-575","IsoQuant","CPM","Kidney","K33",6.35160175118768
"Mouse","Kinnex","575-813","IsoQuant","CPM","Kidney","K33",3.19249656898239
"Mouse","Kinnex","813-1597","IsoQuant","CPM","Kidney","K33",2.4211723945238
"Mouse","Kinnex","1597-2528","IsoQuant","CQN","B20K80","B20K80_1",3.31523892011317
"Mouse","Kinnex","191-575","IsoQuant","CQN","B20K80","B20K80_1",6.12472931211205
"Mouse","Kinnex","575-813","IsoQuant","CQN","B20K80","B20K80_1",4.00973932302139
"Mouse","Kinnex","813-1597","IsoQuant","CQN","B20K80","B20K80_1",0.831303968706558
"Mouse","Kinnex","1597-2528","IsoQuant","CQN","B20K80","B20K80_2",3.2564040722606
"Mouse","Kinnex","191-575","IsoQuant","CQN","B20K80","B20K80_2",5.53188425975628
"Mouse","Kinnex","575-813","IsoQuant","CQN","B20K80","B20K80_2",3.62928791950228
"Mouse","Kinnex","813-1597","IsoQuant","CQN","B20K80","B20K80_2",0.802876422217769
"Mouse","Kinnex","1597-2528","IsoQuant","CQN","B20K80","B20K80_3",3.28360847444828
"Mouse","Kinnex","191-575","IsoQuant","CQN","B20K80","B20K80_3",5.56695134119804
"Mouse","Kinnex","575-813","IsoQuant","CQN","B20K80","B20K80_3",3.80102054977793
"Mouse","Kinnex","813-1597","IsoQuant","CQN","B20K80","B20K80_3",0.761498863194459
"Mouse","Kinnex","1597-2528","IsoQuant","CQN","Brain","B31",3.95911728957163
"Mouse","Kinnex","191-575","IsoQuant","CQN","Brain","B31",6.19666660723357
"Mouse","Kinnex","575-813","IsoQuant","CQN","Brain","B31",3.54126969401844
"Mouse","Kinnex","813-1597","IsoQuant","CQN","Brain","B31",2.2654969948423
"Mouse","Kinnex","1597-2528","IsoQuant","CQN","Brain","B32",3.92943709046515
"Mouse","Kinnex","191-575","IsoQuant","CQN","Brain","B32",6.09240068969402
"Mouse","Kinnex","575-813","IsoQuant","CQN","Brain","B32",3.3621277107592
"Mouse","Kinnex","813-1597","IsoQuant","CQN","Brain","B32",2.15597874269747
"Mouse","Kinnex","1597-2528","IsoQuant","CQN","Brain","B33",3.96477329943737
"Mouse","Kinnex","191-575","IsoQuant","CQN","Brain","B33",6.11668401643521
"Mouse","Kinnex","575-813","IsoQuant","CQN","Brain","B33",3.46289105497818
"Mouse","Kinnex","813-1597","IsoQuant","CQN","Brain","B33",2.29907281586223
"Mouse","Kinnex","1597-2528","IsoQuant","CQN","Kidney","K31",3.91100211148355
"Mouse","Kinnex","191-575","IsoQuant","CQN","Kidney","K31",5.97624947086379
"Mouse","Kinnex","575-813","IsoQuant","CQN","Kidney","K31",3.22214041152248
"Mouse","Kinnex","813-1597","IsoQuant","CQN","Kidney","K31",2.28895564081219
"Mouse","Kinnex","1597-2528","IsoQuant","CQN","Kidney","K32",3.86602032668754
"Mouse","Kinnex","191-575","IsoQuant","CQN","Kidney","K32",5.72173376635417
"Mouse","Kinnex","575-813","IsoQuant","CQN","Kidney","K32",2.8743974025046
"Mouse","Kinnex","813-1597","IsoQuant","CQN","Kidney","K32",2.29114603119019
"Mouse","Kinnex","1597-2528","IsoQuant","CQN","Kidney","K33",3.88659928739176
"Mouse","Kinnex","191-575","IsoQuant","CQN","Kidney","K33",5.80098339750023
"Mouse","Kinnex","575-813","IsoQuant","CQN","Kidney","K33",3.04130579952712
"Mouse","Kinnex","813-1597","IsoQuant","CQN","Kidney","K33",2.28800406156407
"Mouse","Kinnex","1597-2528","IsoQuant","EDASeq","B20K80","B20K80_1",3.31358545693429
"Mouse","Kinnex","191-575","IsoQuant","EDASeq","B20K80","B20K80_1",6.19425259817657
"Mouse","Kinnex","575-813","IsoQuant","EDASeq","B20K80","B20K80_1",3.96723621224776
"Mouse","Kinnex","813-1597","IsoQuant","EDASeq","B20K80","B20K80_1",0.776978505166772
"Mouse","Kinnex","1597-2528","IsoQuant","EDASeq","B20K80","B20K80_2",3.30293310166971
"Mouse","Kinnex","191-575","IsoQuant","EDASeq","B20K80","B20K80_2",5.8804026817836
"Mouse","Kinnex","575-813","IsoQuant","EDASeq","B20K80","B20K80_2",3.61767030696578
"Mouse","Kinnex","813-1597","IsoQuant","EDASeq","B20K80","B20K80_2",0.747543499047804
"Mouse","Kinnex","1597-2528","IsoQuant","EDASeq","B20K80","B20K80_3",3.30514494352173
"Mouse","Kinnex","191-575","IsoQuant","EDASeq","B20K80","B20K80_3",5.93698848684429
"Mouse","Kinnex","575-813","IsoQuant","EDASeq","B20K80","B20K80_3",3.77696829467574
"Mouse","Kinnex","813-1597","IsoQuant","EDASeq","B20K80","B20K80_3",0.750017575763039
"Mouse","Kinnex","1597-2528","IsoQuant","EDASeq","Brain","B31",4.12815115067073
"Mouse","Kinnex","191-575","IsoQuant","EDASeq","Brain","B31",6.55848347380057
"Mouse","Kinnex","575-813","IsoQuant","EDASeq","Brain","B31",4.01739344914492
"Mouse","Kinnex","813-1597","IsoQuant","EDASeq","Brain","B31",2.46134463590205
"Mouse","Kinnex","1597-2528","IsoQuant","EDASeq","Brain","B32",4.13311508111818
"Mouse","Kinnex","191-575","IsoQuant","EDASeq","Brain","B32",6.54372054506827
"Mouse","Kinnex","575-813","IsoQuant","EDASeq","Brain","B32",3.85459750435227
"Mouse","Kinnex","813-1597","IsoQuant","EDASeq","Brain","B32",2.4424881174443702
"Mouse","Kinnex","1597-2528","IsoQuant","EDASeq","Brain","B33",4.12115490755222
"Mouse","Kinnex","191-575","IsoQuant","EDASeq","Brain","B33",6.54436833572575
"Mouse","Kinnex","575-813","IsoQuant","EDASeq","Brain","B33",3.59017996472384
"Mouse","Kinnex","813-1597","IsoQuant","EDASeq","Brain","B33",2.4434288505371
"Mouse","Kinnex","1597-2528","IsoQuant","EDASeq","Kidney","K31",3.96311279600968
"Mouse","Kinnex","191-575","IsoQuant","EDASeq","Kidney","K31",6.74597777894788
"Mouse","Kinnex","575-813","IsoQuant","EDASeq","Kidney","K31",3.526897195069
"Mouse","Kinnex","813-1597","IsoQuant","EDASeq","Kidney","K31",2.41105795302779
"Mouse","Kinnex","1597-2528","IsoQuant","EDASeq","Kidney","K32",3.95907862059015
"Mouse","Kinnex","191-575","IsoQuant","EDASeq","Kidney","K32",6.361901293673
"Mouse","Kinnex","575-813","IsoQuant","EDASeq","Kidney","K32",3.28666961382824
"Mouse","Kinnex","813-1597","IsoQuant","EDASeq","Kidney","K32",2.41533950170824
"Mouse","Kinnex","1597-2528","IsoQuant","EDASeq","Kidney","K33",3.96648903888527
"Mouse","Kinnex","191-575","IsoQuant","EDASeq","Kidney","K33",6.50488025792253
"Mouse","Kinnex","575-813","IsoQuant","EDASeq","Kidney","K33",3.44557832392254
"Mouse","Kinnex","813-1597","IsoQuant","EDASeq","Kidney","K33",2.41146439026083
"Mouse","Kinnex","1597-2528","IsoQuant","SMR","B20K80","B20K80_1",3.86783863425211
"Mouse","Kinnex","191-575","IsoQuant","SMR","B20K80","B20K80_1",5.16710323145641
"Mouse","Kinnex","575-813","IsoQuant","SMR","B20K80","B20K80_1",3.10203794609893
"Mouse","Kinnex","813-1597","IsoQuant","SMR","B20K80","B20K80_1",2.38339813055524
"Mouse","Kinnex","1597-2528","IsoQuant","SMR","B20K80","B20K80_2",3.86683666858433
"Mouse","Kinnex","191-575","IsoQuant","SMR","B20K80","B20K80_2",5.00955331204316
"Mouse","Kinnex","575-813","IsoQuant","SMR","B20K80","B20K80_2",2.84149204707574
"Mouse","Kinnex","813-1597","IsoQuant","SMR","B20K80","B20K80_2",2.35433478294953
"Mouse","Kinnex","1597-2528","IsoQuant","SMR","B20K80","B20K80_3",3.89477229917169
"Mouse","Kinnex","191-575","IsoQuant","SMR","B20K80","B20K80_3",5.04695295654721
"Mouse","Kinnex","575-813","IsoQuant","SMR","B20K80","B20K80_3",2.82686606217634
"Mouse","Kinnex","813-1597","IsoQuant","SMR","B20K80","B20K80_3",2.19364182383648
"Mouse","Kinnex","1597-2528","IsoQuant","SMR","Brain","B31",4.15608650610691
"Mouse","Kinnex","191-575","IsoQuant","SMR","Brain","B31",5.09899341592088
"Mouse","Kinnex","575-813","IsoQuant","SMR","Brain","B31",2.28455152753447
"Mouse","Kinnex","813-1597","IsoQuant","SMR","Brain","B31",2.28706505020674
"Mouse","Kinnex","1597-2528","IsoQuant","SMR","Brain","B32",4.15401710324734
"Mouse","Kinnex","191-575","IsoQuant","SMR","Brain","B32",5.10608785406487
"Mouse","Kinnex","575-813","IsoQuant","SMR","Brain","B32",2.29393391752665
"Mouse","Kinnex","813-1597","IsoQuant","SMR","Brain","B32",2.27472377595728
"Mouse","Kinnex","1597-2528","IsoQuant","SMR","Brain","B33",4.13459320528073
"Mouse","Kinnex","191-575","IsoQuant","SMR","Brain","B33",5.12133686811581
"Mouse","Kinnex","575-813","IsoQuant","SMR","Brain","B33",2.37273195640013
"Mouse","Kinnex","813-1597","IsoQuant","SMR","Brain","B33",2.27559104447231
"Mouse","Kinnex","1597-2528","IsoQuant","SMR","Kidney","K31",5.25136445877287
"Mouse","Kinnex","191-575","IsoQuant","SMR","Kidney","K31",5.76738673437827
"Mouse","Kinnex","575-813","IsoQuant","SMR","Kidney","K31",3.01822328457998
"Mouse","Kinnex","813-1597","IsoQuant","SMR","Kidney","K31",4.11503393371498
"Mouse","Kinnex","1597-2528","IsoQuant","SMR","Kidney","K32",5.21809605542773
"Mouse","Kinnex","191-575","IsoQuant","SMR","Kidney","K32",5.92274006561826
"Mouse","Kinnex","575-813","IsoQuant","SMR","Kidney","K32",3.60646790650604
"Mouse","Kinnex","813-1597","IsoQuant","SMR","Kidney","K32",4.4629527664442
"Mouse","Kinnex","1597-2528","IsoQuant","SMR","Kidney","K33",5.20964843990841
"Mouse","Kinnex","191-575","IsoQuant","SMR","Kidney","K33",5.87800733449768
"Mouse","Kinnex","575-813","IsoQuant","SMR","Kidney","K33",3.44709181481149
"Mouse","Kinnex","813-1597","IsoQuant","SMR","Kidney","K33",4.35916834900254
"Mouse","Kinnex","1597-2528","IsoQuant","TPM","B20K80","B20K80_1",3.23840061281446
"Mouse","Kinnex","191-575","IsoQuant","TPM","B20K80","B20K80_1",5.5162445284032
"Mouse","Kinnex","575-813","IsoQuant","TPM","B20K80","B20K80_1",3.32343990235068
"Mouse","Kinnex","813-1597","IsoQuant","TPM","B20K80","B20K80_1",0.961721764910623
"Mouse","Kinnex","1597-2528","IsoQuant","TPM","B20K80","B20K80_2",3.23574204944953
"Mouse","Kinnex","191-575","IsoQuant","TPM","B20K80","B20K80_2",5.3108458745371
"Mouse","Kinnex","575-813","IsoQuant","TPM","B20K80","B20K80_2",3.08828406284094
"Mouse","Kinnex","813-1597","IsoQuant","TPM","B20K80","B20K80_2",0.925571249486472
"Mouse","Kinnex","1597-2528","IsoQuant","TPM","B20K80","B20K80_3",3.220352075428
"Mouse","Kinnex","191-575","IsoQuant","TPM","B20K80","B20K80_3",5.42406737926929
"Mouse","Kinnex","575-813","IsoQuant","TPM","B20K80","B20K80_3",3.19951400241442
"Mouse","Kinnex","813-1597","IsoQuant","TPM","B20K80","B20K80_3",0.997234778382465
"Mouse","Kinnex","1597-2528","IsoQuant","TPM","Brain","B31",4.09610557243188
"Mouse","Kinnex","191-575","IsoQuant","TPM","Brain","B31",6.24459852610018
"Mouse","Kinnex","575-813","IsoQuant","TPM","Brain","B31",3.63686980995239
"Mouse","Kinnex","813-1597","IsoQuant","TPM","Brain","B31",2.49027230573169
"Mouse","Kinnex","1597-2528","IsoQuant","TPM","Brain","B32",4.1084577549518
"Mouse","Kinnex","191-575","IsoQuant","TPM","Brain","B32",6.15125211974487
"Mouse","Kinnex","575-813","IsoQuant","TPM","Brain","B32",3.48323822323679
"Mouse","Kinnex","813-1597","IsoQuant","TPM","Brain","B32",2.45878009387303
"Mouse","Kinnex","1597-2528","IsoQuant","TPM","Brain","B33",4.07095035788037
"Mouse","Kinnex","191-575","IsoQuant","TPM","Brain","B33",5.82714446549438
"Mouse","Kinnex","575-813","IsoQuant","TPM","Brain","B33",2.93408636349296
"Mouse","Kinnex","813-1597","IsoQuant","TPM","Brain","B33",2.51069753599474
"Mouse","Kinnex","1597-2528","IsoQuant","TPM","Kidney","K31",3.89165074605675
"Mouse","Kinnex","191-575","IsoQuant","TPM","Kidney","K31",5.69430395635055
"Mouse","Kinnex","575-813","IsoQuant","TPM","Kidney","K31",2.10121136662854
"Mouse","Kinnex","813-1597","IsoQuant","TPM","Kidney","K31",2.52507405763008
"Mouse","Kinnex","1597-2528","IsoQuant","TPM","Kidney","K32",3.91711168077384
"Mouse","Kinnex","191-575","IsoQuant","TPM","Kidney","K32",5.75030253914286
"Mouse","Kinnex","575-813","IsoQuant","TPM","Kidney","K32",2.42214074374866
"Mouse","Kinnex","813-1597","IsoQuant","TPM","Kidney","K32",2.46257128133513
"Mouse","Kinnex","1597-2528","IsoQuant","TPM","Kidney","K33",3.91198603179082
"Mouse","Kinnex","191-575","IsoQuant","TPM","Kidney","K33",5.74243371701997
"Mouse","Kinnex","575-813","IsoQuant","TPM","Kidney","K33",2.35831622954795
"Mouse","Kinnex","813-1597","IsoQuant","TPM","Kidney","K33",2.47483898677649
"Mouse","Kinnex","1597-2528","Kallisto","CPM","B20K80","B20K80_1",0.982992629523864
"Mouse","Kinnex","191-575","Kallisto","CPM","B20K80","B20K80_1",6.01133726783663
"Mouse","Kinnex","575-813","Kallisto","CPM","B20K80","B20K80_1",3.27766955048556
"Mouse","Kinnex","813-1597","Kallisto","CPM","B20K80","B20K80_1",0.772725481948011
"Mouse","Kinnex","1597-2528","Kallisto","CPM","B20K80","B20K80_2",0.967449256766968
"Mouse","Kinnex","191-575","Kallisto","CPM","B20K80","B20K80_2",5.76967100051476
"Mouse","Kinnex","575-813","Kallisto","CPM","B20K80","B20K80_2",2.90187352399717
"Mouse","Kinnex","813-1597","Kallisto","CPM","B20K80","B20K80_2",0.722170764229096
"Mouse","Kinnex","1597-2528","Kallisto","CPM","B20K80","B20K80_3",0.857456978128695
"Mouse","Kinnex","191-575","Kallisto","CPM","B20K80","B20K80_3",5.86629511391233
"Mouse","Kinnex","575-813","Kallisto","CPM","B20K80","B20K80_3",2.986568736104
"Mouse","Kinnex","813-1597","Kallisto","CPM","B20K80","B20K80_3",0.801458921957415
"Mouse","Kinnex","1597-2528","Kallisto","CPM","Brain","B31",0.930022390785314
"Mouse","Kinnex","191-575","Kallisto","CPM","Brain","B31",6.83977362471742
"Mouse","Kinnex","575-813","Kallisto","CPM","Brain","B31",3.87289388888639
"Mouse","Kinnex","813-1597","Kallisto","CPM","Brain","B31",0.783514406764941
"Mouse","Kinnex","1597-2528","Kallisto","CPM","Brain","B32",0.984863772431083
"Mouse","Kinnex","191-575","Kallisto","CPM","Brain","B32",6.73798470814473
"Mouse","Kinnex","575-813","Kallisto","CPM","Brain","B32",3.68229647897463
"Mouse","Kinnex","813-1597","Kallisto","CPM","Brain","B32",0.710421441842727
"Mouse","Kinnex","1597-2528","Kallisto","CPM","Brain","B33",0.741796776414811
"Mouse","Kinnex","191-575","Kallisto","CPM","Brain","B33",6.19683061880215
"Mouse","Kinnex","575-813","Kallisto","CPM","Brain","B33",2.6214552590096
"Mouse","Kinnex","813-1597","Kallisto","CPM","Brain","B33",0.745620490486592
"Mouse","Kinnex","1597-2528","Kallisto","CPM","Kidney","K31",0.809102382146864
"Mouse","Kinnex","191-575","Kallisto","CPM","Kidney","K31",6.03556573170221
"Mouse","Kinnex","575-813","Kallisto","CPM","Kidney","K31",2.91921553722409
"Mouse","Kinnex","813-1597","Kallisto","CPM","Kidney","K31",0.74367550597896
"Mouse","Kinnex","1597-2528","Kallisto","CPM","Kidney","K32",0.934241449212308
"Mouse","Kinnex","191-575","Kallisto","CPM","Kidney","K32",6.1708111058331
"Mouse","Kinnex","575-813","Kallisto","CPM","Kidney","K32",3.36173572827089
"Mouse","Kinnex","813-1597","Kallisto","CPM","Kidney","K32",0.627445224532335
"Mouse","Kinnex","1597-2528","Kallisto","CPM","Kidney","K33",0.910857631202747
"Mouse","Kinnex","191-575","Kallisto","CPM","Kidney","K33",6.14865159833804
"Mouse","Kinnex","575-813","Kallisto","CPM","Kidney","K33",3.26499262501
"Mouse","Kinnex","813-1597","Kallisto","CPM","Kidney","K33",0.640405221263549
"Mouse","Kinnex","1597-2528","Kallisto","CQN","B20K80","B20K80_1",1.00660988275777
"Mouse","Kinnex","191-575","Kallisto","CQN","B20K80","B20K80_1",6.37163696696834
"Mouse","Kinnex","575-813","Kallisto","CQN","B20K80","B20K80_1",3.6350944489092
"Mouse","Kinnex","813-1597","Kallisto","CQN","B20K80","B20K80_1",0.653673163946834
"Mouse","Kinnex","1597-2528","Kallisto","CQN","B20K80","B20K80_2",1.07117337715409
"Mouse","Kinnex","191-575","Kallisto","CQN","B20K80","B20K80_2",6.03390100188539
"Mouse","Kinnex","575-813","Kallisto","CQN","B20K80","B20K80_2",3.36523313599358
"Mouse","Kinnex","813-1597","Kallisto","CQN","B20K80","B20K80_2",0.692579548487932
"Mouse","Kinnex","1597-2528","Kallisto","CQN","B20K80","B20K80_3",1.01839507831246
"Mouse","Kinnex","191-575","Kallisto","CQN","B20K80","B20K80_3",6.02511292845493
"Mouse","Kinnex","575-813","Kallisto","CQN","B20K80","B20K80_3",3.42527456441807
"Mouse","Kinnex","813-1597","Kallisto","CQN","B20K80","B20K80_3",0.658206102139583
"Mouse","Kinnex","1597-2528","Kallisto","CQN","Brain","B31",0.807535635046461
"Mouse","Kinnex","191-575","Kallisto","CQN","Brain","B31",6.13900086544307
"Mouse","Kinnex","575-813","Kallisto","CQN","Brain","B31",3.02776295543392
"Mouse","Kinnex","813-1597","Kallisto","CQN","Brain","B31",0.758290220347827
"Mouse","Kinnex","1597-2528","Kallisto","CQN","Brain","B32",0.840628340921056
"Mouse","Kinnex","191-575","Kallisto","CQN","Brain","B32",6.08576136429638
"Mouse","Kinnex","575-813","Kallisto","CQN","Brain","B32",2.89196474184199
"Mouse","Kinnex","813-1597","Kallisto","CQN","Brain","B32",0.699842152979053
"Mouse","Kinnex","1597-2528","Kallisto","CQN","Brain","B33",0.851552273489206
"Mouse","Kinnex","191-575","Kallisto","CQN","Brain","B33",6.05678344947864
"Mouse","Kinnex","575-813","Kallisto","CQN","Brain","B33",2.71838950011313
"Mouse","Kinnex","813-1597","Kallisto","CQN","Brain","B33",0.657716788996435
"Mouse","Kinnex","1597-2528","Kallisto","CQN","Kidney","K31",1.07087062418932
"Mouse","Kinnex","191-575","Kallisto","CQN","Kidney","K31",5.84719397895667
"Mouse","Kinnex","575-813","Kallisto","CQN","Kidney","K31",3.28938257839215
"Mouse","Kinnex","813-1597","Kallisto","CQN","Kidney","K31",0.54137783944351
"Mouse","Kinnex","1597-2528","Kallisto","CQN","Kidney","K32",0.996825592632117
"Mouse","Kinnex","191-575","Kallisto","CQN","Kidney","K32",5.54721399480364
"Mouse","Kinnex","575-813","Kallisto","CQN","Kidney","K32",2.9157495317496
"Mouse","Kinnex","813-1597","Kallisto","CQN","Kidney","K32",0.557066819719094
"Mouse","Kinnex","1597-2528","Kallisto","CQN","Kidney","K33",1.04141644322319
"Mouse","Kinnex","191-575","Kallisto","CQN","Kidney","K33",5.64709721156623
"Mouse","Kinnex","575-813","Kallisto","CQN","Kidney","K33",3.11471610584503
"Mouse","Kinnex","813-1597","Kallisto","CQN","Kidney","K33",0.541300079906036
"Mouse","Kinnex","1597-2528","Kallisto","EDASeq","B20K80","B20K80_1",1.0302471464092
"Mouse","Kinnex","191-575","Kallisto","EDASeq","B20K80","B20K80_1",5.79421186055853
"Mouse","Kinnex","575-813","Kallisto","EDASeq","B20K80","B20K80_1",3.12298813379513
"Mouse","Kinnex","813-1597","Kallisto","EDASeq","B20K80","B20K80_1",0.711925445378288
"Mouse","Kinnex","1597-2528","Kallisto","EDASeq","B20K80","B20K80_2",0.990941133215868
"Mouse","Kinnex","191-575","Kallisto","EDASeq","B20K80","B20K80_2",5.51677998391177
"Mouse","Kinnex","575-813","Kallisto","EDASeq","B20K80","B20K80_2",2.69917692457203
"Mouse","Kinnex","813-1597","Kallisto","EDASeq","B20K80","B20K80_2",0.674552353790379
"Mouse","Kinnex","1597-2528","Kallisto","EDASeq","B20K80","B20K80_3",0.972897240252619
"Mouse","Kinnex","191-575","Kallisto","EDASeq","B20K80","B20K80_3",5.66029087022329
"Mouse","Kinnex","575-813","Kallisto","EDASeq","B20K80","B20K80_3",2.91091805489287
"Mouse","Kinnex","813-1597","Kallisto","EDASeq","B20K80","B20K80_3",0.68775614007659
"Mouse","Kinnex","1597-2528","Kallisto","EDASeq","Brain","B31",0.85446474480565
"Mouse","Kinnex","191-575","Kallisto","EDASeq","Brain","B31",6.40596140441029
"Mouse","Kinnex","575-813","Kallisto","EDASeq","Brain","B31",3.35179807637819
"Mouse","Kinnex","813-1597","Kallisto","EDASeq","Brain","B31",0.759660699704753
"Mouse","Kinnex","1597-2528","Kallisto","EDASeq","Brain","B32",0.880191216544304
"Mouse","Kinnex","191-575","Kallisto","EDASeq","Brain","B32",6.30470718032234
"Mouse","Kinnex","575-813","Kallisto","EDASeq","Brain","B32",3.11534379217342
"Mouse","Kinnex","813-1597","Kallisto","EDASeq","Brain","B32",0.688854724744284
"Mouse","Kinnex","1597-2528","Kallisto","EDASeq","Brain","B33",0.791735504987042
"Mouse","Kinnex","191-575","Kallisto","EDASeq","Brain","B33",6.14708070057336
"Mouse","Kinnex","575-813","Kallisto","EDASeq","Brain","B33",2.63913646289545
"Mouse","Kinnex","813-1597","Kallisto","EDASeq","Brain","B33",0.700848457294429
"Mouse","Kinnex","1597-2528","Kallisto","EDASeq","Kidney","K31",0.97554242748598
"Mouse","Kinnex","191-575","Kallisto","EDASeq","Kidney","K31",6.2167046718655
"Mouse","Kinnex","575-813","Kallisto","EDASeq","Kidney","K31",3.31238122349395
"Mouse","Kinnex","813-1597","Kallisto","EDASeq","Kidney","K31",0.567848017229209
"Mouse","Kinnex","1597-2528","Kallisto","EDASeq","Kidney","K32",0.96904415288011
"Mouse","Kinnex","191-575","Kallisto","EDASeq","Kidney","K32",5.90420523278156
"Mouse","Kinnex","575-813","Kallisto","EDASeq","Kidney","K32",3.1944185171945
"Mouse","Kinnex","813-1597","Kallisto","EDASeq","Kidney","K32",0.575881925483222
"Mouse","Kinnex","1597-2528","Kallisto","EDASeq","Kidney","K33",0.989047994889667
"Mouse","Kinnex","191-575","Kallisto","EDASeq","Kidney","K33",6.02972527367073
"Mouse","Kinnex","575-813","Kallisto","EDASeq","Kidney","K33",3.29907735277055
"Mouse","Kinnex","813-1597","Kallisto","EDASeq","Kidney","K33",0.569990485911207
"Mouse","Kinnex","1597-2528","Kallisto","SMR","B20K80","B20K80_1",0.34067807053968
"Mouse","Kinnex","191-575","Kallisto","SMR","B20K80","B20K80_1",4.49820829628783
"Mouse","Kinnex","575-813","Kallisto","SMR","B20K80","B20K80_1",0.535103394978256
"Mouse","Kinnex","813-1597","Kallisto","SMR","B20K80","B20K80_1",0.19431836587682
"Mouse","Kinnex","1597-2528","Kallisto","SMR","B20K80","B20K80_2",0.381423696398792
"Mouse","Kinnex","191-575","Kallisto","SMR","B20K80","B20K80_2",4.49289901865573
"Mouse","Kinnex","575-813","Kallisto","SMR","B20K80","B20K80_2",0.602225512982551
"Mouse","Kinnex","813-1597","Kallisto","SMR","B20K80","B20K80_2",0.293352071956024
"Mouse","Kinnex","1597-2528","Kallisto","SMR","B20K80","B20K80_3",0.45375128063874
"Mouse","Kinnex","191-575","Kallisto","SMR","B20K80","B20K80_3",4.49497572852831
"Mouse","Kinnex","575-813","Kallisto","SMR","B20K80","B20K80_3",0.618353087726474
"Mouse","Kinnex","813-1597","Kallisto","SMR","B20K80","B20K80_3",0.291520844707858
"Mouse","Kinnex","1597-2528","Kallisto","SMR","Brain","B31",0.507341562182841
"Mouse","Kinnex","191-575","Kallisto","SMR","Brain","B31",5.00995333507152
"Mouse","Kinnex","575-813","Kallisto","SMR","Brain","B31",0.353981797876736
"Mouse","Kinnex","813-1597","Kallisto","SMR","Brain","B31",0.309399198576114
"Mouse","Kinnex","1597-2528","Kallisto","SMR","Brain","B32",0.504609576969411
"Mouse","Kinnex","191-575","Kallisto","SMR","Brain","B32",5.01120281500992
"Mouse","Kinnex","575-813","Kallisto","SMR","Brain","B32",0.379372081041796
"Mouse","Kinnex","813-1597","Kallisto","SMR","Brain","B32",0.250058030143146
"Mouse","Kinnex","1597-2528","Kallisto","SMR","Brain","B33",0.552524426166181
"Mouse","Kinnex","191-575","Kallisto","SMR","Brain","B33",5.01362994669702
"Mouse","Kinnex","575-813","Kallisto","SMR","Brain","B33",0.657387163618445
"Mouse","Kinnex","813-1597","Kallisto","SMR","Brain","B33",0.306753101140219
"Mouse","Kinnex","1597-2528","Kallisto","SMR","Kidney","K31",0.489734018068254
"Mouse","Kinnex","191-575","Kallisto","SMR","Kidney","K31",4.42369352817837
"Mouse","Kinnex","575-813","Kallisto","SMR","Kidney","K31",0.383240274496289
"Mouse","Kinnex","813-1597","Kallisto","SMR","Kidney","K31",0.311831937379112
"Mouse","Kinnex","1597-2528","Kallisto","SMR","Kidney","K32",0.238811462030828
"Mouse","Kinnex","191-575","Kallisto","SMR","Kidney","K32",4.41891159582751
"Mouse","Kinnex","575-813","Kallisto","SMR","Kidney","K32",0.308606130961456
"Mouse","Kinnex","813-1597","Kallisto","SMR","Kidney","K32",0.281406463370085
"Mouse","Kinnex","1597-2528","Kallisto","SMR","Kidney","K33",0.268093358869723
"Mouse","Kinnex","191-575","Kallisto","SMR","Kidney","K33",4.42095218736556
"Mouse","Kinnex","575-813","Kallisto","SMR","Kidney","K33",0.336623493482471
"Mouse","Kinnex","813-1597","Kallisto","SMR","Kidney","K33",0.26608165697703
"Mouse","Kinnex","1597-2528","Kallisto","TPM","B20K80","B20K80_1",0.706561475218363
"Mouse","Kinnex","191-575","Kallisto","TPM","B20K80","B20K80_1",5.4240101060485
"Mouse","Kinnex","575-813","Kallisto","TPM","B20K80","B20K80_1",2.51738471182676
"Mouse","Kinnex","813-1597","Kallisto","TPM","B20K80","B20K80_1",0.914294512604759
"Mouse","Kinnex","1597-2528","Kallisto","TPM","B20K80","B20K80_2",0.686793109313366
"Mouse","Kinnex","191-575","Kallisto","TPM","B20K80","B20K80_2",5.21726468552002
"Mouse","Kinnex","575-813","Kallisto","TPM","B20K80","B20K80_2",2.16972292372885
"Mouse","Kinnex","813-1597","Kallisto","TPM","B20K80","B20K80_2",0.876449683548442
"Mouse","Kinnex","1597-2528","Kallisto","TPM","B20K80","B20K80_3",0.5843547209036
"Mouse","Kinnex","191-575","Kallisto","TPM","B20K80","B20K80_3",5.33590454543812
"Mouse","Kinnex","575-813","Kallisto","TPM","B20K80","B20K80_3",2.32326235517253
"Mouse","Kinnex","813-1597","Kallisto","TPM","B20K80","B20K80_3",0.947853028500999
"Mouse","Kinnex","1597-2528","Kallisto","TPM","Brain","B31",0.727149311732909
"Mouse","Kinnex","191-575","Kallisto","TPM","Brain","B31",6.17726682658203
"Mouse","Kinnex","575-813","Kallisto","TPM","Brain","B31",2.98135583514037
"Mouse","Kinnex","813-1597","Kallisto","TPM","Brain","B31",0.823309921035411
"Mouse","Kinnex","1597-2528","Kallisto","TPM","Brain","B32",0.78712912342175
"Mouse","Kinnex","191-575","Kallisto","TPM","Brain","B32",6.08090567357173
"Mouse","Kinnex","575-813","Kallisto","TPM","Brain","B32",2.7783833497069
"Mouse","Kinnex","813-1597","Kallisto","TPM","Brain","B32",0.72763422108581
"Mouse","Kinnex","1597-2528","Kallisto","TPM","Brain","B33",0.548932836092254
"Mouse","Kinnex","191-575","Kallisto","TPM","Brain","B33",5.70385930253446
"Mouse","Kinnex","575-813","Kallisto","TPM","Brain","B33",1.91119622769218
"Mouse","Kinnex","813-1597","Kallisto","TPM","Brain","B33",0.884742637915592
"Mouse","Kinnex","1597-2528","Kallisto","TPM","Kidney","K31",0.616626478085081
"Mouse","Kinnex","191-575","Kallisto","TPM","Kidney","K31",5.38977858218837
"Mouse","Kinnex","575-813","Kallisto","TPM","Kidney","K31",2.15517776084672
"Mouse","Kinnex","813-1597","Kallisto","TPM","Kidney","K31",0.947277637184931
"Mouse","Kinnex","1597-2528","Kallisto","TPM","Kidney","K32",0.747098642694046
"Mouse","Kinnex","191-575","Kallisto","TPM","Kidney","K32",5.45600969687412
"Mouse","Kinnex","575-813","Kallisto","TPM","Kidney","K32",2.48407562315313
"Mouse","Kinnex","813-1597","Kallisto","TPM","Kidney","K32",0.771685681250693
"Mouse","Kinnex","1597-2528","Kallisto","TPM","Kidney","K33",0.720536766622643
"Mouse","Kinnex","191-575","Kallisto","TPM","Kidney","K33",5.44836843018697
"Mouse","Kinnex","575-813","Kallisto","TPM","Kidney","K33",2.41313648722226
"Mouse","Kinnex","813-1597","Kallisto","TPM","Kidney","K33",0.807412411060843
"Mouse","Kinnex","1597-2528","Oarfish","CPM","B20K80","B20K80_1",3.18780542324474
"Mouse","Kinnex","191-575","Oarfish","CPM","B20K80","B20K80_1",6.09679536385047
"Mouse","Kinnex","575-813","Oarfish","CPM","B20K80","B20K80_1",3.34660609289166
"Mouse","Kinnex","813-1597","Oarfish","CPM","B20K80","B20K80_1",0.78877438078345
"Mouse","Kinnex","1597-2528","Oarfish","CPM","B20K80","B20K80_2",3.18173575686969
"Mouse","Kinnex","191-575","Oarfish","CPM","B20K80","B20K80_2",5.83083633150907
"Mouse","Kinnex","575-813","Oarfish","CPM","B20K80","B20K80_2",2.99541933751832
"Mouse","Kinnex","813-1597","Oarfish","CPM","B20K80","B20K80_2",0.739492973094844
"Mouse","Kinnex","1597-2528","Oarfish","CPM","B20K80","B20K80_3",3.15195824715298
"Mouse","Kinnex","191-575","Oarfish","CPM","B20K80","B20K80_3",5.97314558370971
"Mouse","Kinnex","575-813","Oarfish","CPM","B20K80","B20K80_3",3.10650327202236
"Mouse","Kinnex","813-1597","Oarfish","CPM","B20K80","B20K80_3",0.820757939478689
"Mouse","Kinnex","1597-2528","Oarfish","CPM","Brain","B31",2.51401869461674
"Mouse","Kinnex","191-575","Oarfish","CPM","Brain","B31",6.99491720309764
"Mouse","Kinnex","575-813","Oarfish","CPM","Brain","B31",3.86655943587416
"Mouse","Kinnex","813-1597","Oarfish","CPM","Brain","B31",0.797194628405531
"Mouse","Kinnex","1597-2528","Oarfish","CPM","Brain","B32",2.53502046053251
"Mouse","Kinnex","191-575","Oarfish","CPM","Brain","B32",6.86895227149241
"Mouse","Kinnex","575-813","Oarfish","CPM","Brain","B32",3.67324464638252
"Mouse","Kinnex","813-1597","Oarfish","CPM","Brain","B32",0.724806807954615
"Mouse","Kinnex","1597-2528","Oarfish","CPM","Brain","B33",2.45080716106242
"Mouse","Kinnex","191-575","Oarfish","CPM","Brain","B33",6.32570050953951
"Mouse","Kinnex","575-813","Oarfish","CPM","Brain","B33",2.61062481899182
"Mouse","Kinnex","813-1597","Oarfish","CPM","Brain","B33",0.756394066728563
"Mouse","Kinnex","1597-2528","Oarfish","CPM","Kidney","K31",0.82020894699931
"Mouse","Kinnex","191-575","Oarfish","CPM","Kidney","K31",6.47559940027049
"Mouse","Kinnex","575-813","Oarfish","CPM","Kidney","K31",2.92327599155264
"Mouse","Kinnex","813-1597","Oarfish","CPM","Kidney","K31",0.743705969701787
"Mouse","Kinnex","1597-2528","Oarfish","CPM","Kidney","K32",0.938874431112139
"Mouse","Kinnex","191-575","Oarfish","CPM","Kidney","K32",6.60302465375777
"Mouse","Kinnex","575-813","Oarfish","CPM","Kidney","K32",3.36366087473252
"Mouse","Kinnex","813-1597","Oarfish","CPM","Kidney","K32",0.635847741400605
"Mouse","Kinnex","1597-2528","Oarfish","CPM","Kidney","K33",0.917452304228689
"Mouse","Kinnex","191-575","Oarfish","CPM","Kidney","K33",6.58891890258157
"Mouse","Kinnex","575-813","Oarfish","CPM","Kidney","K33",3.27140978638092
"Mouse","Kinnex","813-1597","Oarfish","CPM","Kidney","K33",0.647262124253644
"Mouse","Kinnex","1597-2528","Oarfish","CQN","B20K80","B20K80_1",3.28991859100871
"Mouse","Kinnex","191-575","Oarfish","CQN","B20K80","B20K80_1",6.25828408319726
"Mouse","Kinnex","575-813","Oarfish","CQN","B20K80","B20K80_1",3.41636007839498
"Mouse","Kinnex","813-1597","Oarfish","CQN","B20K80","B20K80_1",1.07610454469933
"Mouse","Kinnex","1597-2528","Oarfish","CQN","B20K80","B20K80_2",3.20769558767298
"Mouse","Kinnex","191-575","Oarfish","CQN","B20K80","B20K80_2",6.06636426750054
"Mouse","Kinnex","575-813","Oarfish","CQN","B20K80","B20K80_2",3.24471859455218
"Mouse","Kinnex","813-1597","Oarfish","CQN","B20K80","B20K80_2",0.985274475797754
"Mouse","Kinnex","1597-2528","Oarfish","CQN","B20K80","B20K80_3",3.21174228305459
"Mouse","Kinnex","191-575","Oarfish","CQN","B20K80","B20K80_3",6.02380785292364
"Mouse","Kinnex","575-813","Oarfish","CQN","B20K80","B20K80_3",3.38363084872242
"Mouse","Kinnex","813-1597","Oarfish","CQN","B20K80","B20K80_3",0.957641353180252
"Mouse","Kinnex","1597-2528","Oarfish","CQN","Brain","B31",2.41225823607319
"Mouse","Kinnex","191-575","Oarfish","CQN","Brain","B31",6.1729642623205
"Mouse","Kinnex","575-813","Oarfish","CQN","Brain","B31",2.75983597576208
"Mouse","Kinnex","813-1597","Oarfish","CQN","Brain","B31",0.678352422428393
"Mouse","Kinnex","1597-2528","Oarfish","CQN","Brain","B32",2.23473969132704
"Mouse","Kinnex","191-575","Oarfish","CQN","Brain","B32",6.18738754826892
"Mouse","Kinnex","575-813","Oarfish","CQN","Brain","B32",2.7069792581421
"Mouse","Kinnex","813-1597","Oarfish","CQN","Brain","B32",0.644234641441336
"Mouse","Kinnex","1597-2528","Oarfish","CQN","Brain","B33",2.26047021024629
"Mouse","Kinnex","191-575","Oarfish","CQN","Brain","B33",5.96418311243825
"Mouse","Kinnex","575-813","Oarfish","CQN","Brain","B33",2.35803302806502
"Mouse","Kinnex","813-1597","Oarfish","CQN","Brain","B33",0.612773027097416
"Mouse","Kinnex","1597-2528","Oarfish","CQN","Kidney","K31",1.05491851034301
"Mouse","Kinnex","191-575","Oarfish","CQN","Kidney","K31",5.96668591945388
"Mouse","Kinnex","575-813","Oarfish","CQN","Kidney","K31",2.78197179138553
"Mouse","Kinnex","813-1597","Oarfish","CQN","Kidney","K31",0.620736811808692
"Mouse","Kinnex","1597-2528","Oarfish","CQN","Kidney","K32",1.00650801125508
"Mouse","Kinnex","191-575","Oarfish","CQN","Kidney","K32",5.84842366104491
"Mouse","Kinnex","575-813","Oarfish","CQN","Kidney","K32",2.62859868192245
"Mouse","Kinnex","813-1597","Oarfish","CQN","Kidney","K32",0.63646124722316
"Mouse","Kinnex","1597-2528","Oarfish","CQN","Kidney","K33",1.04632460027596
"Mouse","Kinnex","191-575","Oarfish","CQN","Kidney","K33",5.88617504018412
"Mouse","Kinnex","575-813","Oarfish","CQN","Kidney","K33",2.73363194574268
"Mouse","Kinnex","813-1597","Oarfish","CQN","Kidney","K33",0.610854549113434
"Mouse","Kinnex","1597-2528","Oarfish","EDASeq","B20K80","B20K80_1",3.18347120016179
"Mouse","Kinnex","191-575","Oarfish","EDASeq","B20K80","B20K80_1",5.57771814483586
"Mouse","Kinnex","575-813","Oarfish","EDASeq","B20K80","B20K80_1",2.91488300281451
"Mouse","Kinnex","813-1597","Oarfish","EDASeq","B20K80","B20K80_1",0.742778968227088
"Mouse","Kinnex","1597-2528","Oarfish","EDASeq","B20K80","B20K80_2",3.1713391990094
"Mouse","Kinnex","191-575","Oarfish","EDASeq","B20K80","B20K80_2",5.35420800759643
"Mouse","Kinnex","575-813","Oarfish","EDASeq","B20K80","B20K80_2",2.58922684230957
"Mouse","Kinnex","813-1597","Oarfish","EDASeq","B20K80","B20K80_2",0.718006097035794
"Mouse","Kinnex","1597-2528","Oarfish","EDASeq","B20K80","B20K80_3",3.15636973396425
"Mouse","Kinnex","191-575","Oarfish","EDASeq","B20K80","B20K80_3",5.5250012852331
"Mouse","Kinnex","575-813","Oarfish","EDASeq","B20K80","B20K80_3",2.77269254316916
"Mouse","Kinnex","813-1597","Oarfish","EDASeq","B20K80","B20K80_3",0.759156518406469
"Mouse","Kinnex","1597-2528","Oarfish","EDASeq","Brain","B31",2.48045447395165
"Mouse","Kinnex","191-575","Oarfish","EDASeq","Brain","B31",6.29959024621555
"Mouse","Kinnex","575-813","Oarfish","EDASeq","Brain","B31",3.10062370455272
"Mouse","Kinnex","813-1597","Oarfish","EDASeq","Brain","B31",0.758148428640231
"Mouse","Kinnex","1597-2528","Oarfish","EDASeq","Brain","B32",2.49272199350955
"Mouse","Kinnex","191-575","Oarfish","EDASeq","Brain","B32",6.28869009099631
"Mouse","Kinnex","575-813","Oarfish","EDASeq","Brain","B32",2.97339483756209
"Mouse","Kinnex","813-1597","Oarfish","EDASeq","Brain","B32",0.691828562973075
"Mouse","Kinnex","1597-2528","Oarfish","EDASeq","Brain","B33",2.45034035633385
"Mouse","Kinnex","191-575","Oarfish","EDASeq","Brain","B33",6.02225270754875
"Mouse","Kinnex","575-813","Oarfish","EDASeq","Brain","B33",2.35418394775012
"Mouse","Kinnex","813-1597","Oarfish","EDASeq","Brain","B33",0.732327665779377
"Mouse","Kinnex","1597-2528","Oarfish","EDASeq","Kidney","K31",0.922717063468325
"Mouse","Kinnex","191-575","Oarfish","EDASeq","Kidney","K31",6.37524102303573
"Mouse","Kinnex","575-813","Oarfish","EDASeq","Kidney","K31",3.00482715454674
"Mouse","Kinnex","813-1597","Oarfish","EDASeq","Kidney","K31",0.620413098528207
"Mouse","Kinnex","1597-2528","Oarfish","EDASeq","Kidney","K32",0.953529977885835
"Mouse","Kinnex","191-575","Oarfish","EDASeq","Kidney","K32",6.21947961791978
"Mouse","Kinnex","575-813","Oarfish","EDASeq","Kidney","K32",3.0441739312654
"Mouse","Kinnex","813-1597","Oarfish","EDASeq","Kidney","K32",0.592514153481532
"Mouse","Kinnex","1597-2528","Oarfish","EDASeq","Kidney","K33",0.962349889867494
"Mouse","Kinnex","191-575","Oarfish","EDASeq","Kidney","K33",6.24342327274256
"Mouse","Kinnex","575-813","Oarfish","EDASeq","Kidney","K33",3.04097029179271
"Mouse","Kinnex","813-1597","Oarfish","EDASeq","Kidney","K33",0.586471082335034
"Mouse","Kinnex","1597-2528","Oarfish","SMR","B20K80","B20K80_1",3.15589392105892
"Mouse","Kinnex","191-575","Oarfish","SMR","B20K80","B20K80_1",4.48624484744101
"Mouse","Kinnex","575-813","Oarfish","SMR","B20K80","B20K80_1",0.519443269034119
"Mouse","Kinnex","813-1597","Oarfish","SMR","B20K80","B20K80_1",0.197538166860758
"Mouse","Kinnex","1597-2528","Oarfish","SMR","B20K80","B20K80_2",3.15741951910769
"Mouse","Kinnex","191-575","Oarfish","SMR","B20K80","B20K80_2",4.45805739455556
"Mouse","Kinnex","575-813","Oarfish","SMR","B20K80","B20K80_2",0.632234816659115
"Mouse","Kinnex","813-1597","Oarfish","SMR","B20K80","B20K80_2",0.30179788310072
"Mouse","Kinnex","1597-2528","Oarfish","SMR","B20K80","B20K80_3",3.16540351149904
"Mouse","Kinnex","191-575","Oarfish","SMR","B20K80","B20K80_3",4.52315891281718
"Mouse","Kinnex","575-813","Oarfish","SMR","B20K80","B20K80_3",0.640142430692237
"Mouse","Kinnex","813-1597","Oarfish","SMR","B20K80","B20K80_3",0.288614458926193
"Mouse","Kinnex","1597-2528","Oarfish","SMR","Brain","B31",2.32978144027968
"Mouse","Kinnex","191-575","Oarfish","SMR","Brain","B31",5.13433685411885
"Mouse","Kinnex","575-813","Oarfish","SMR","Brain","B31",0.337853467913897
"Mouse","Kinnex","813-1597","Oarfish","SMR","Brain","B31",0.288454624940847
"Mouse","Kinnex","1597-2528","Oarfish","SMR","Brain","B32",2.32804523421433
"Mouse","Kinnex","191-575","Oarfish","SMR","Brain","B32",5.11998226363997
"Mouse","Kinnex","575-813","Oarfish","SMR","Brain","B32",0.354001410981344
"Mouse","Kinnex","813-1597","Oarfish","SMR","Brain","B32",0.248640345923231
"Mouse","Kinnex","1597-2528","Oarfish","SMR","Brain","B33",2.3114423505339
"Mouse","Kinnex","191-575","Oarfish","SMR","Brain","B33",5.10687309663456
"Mouse","Kinnex","575-813","Oarfish","SMR","Brain","B33",0.659338055143371
"Mouse","Kinnex","813-1597","Oarfish","SMR","Brain","B33",0.297269902152321
"Mouse","Kinnex","1597-2528","Oarfish","SMR","Kidney","K31",2.14299350340314
"Mouse","Kinnex","191-575","Oarfish","SMR","Kidney","K31",5.29040074739075
"Mouse","Kinnex","575-813","Oarfish","SMR","Kidney","K31",1.29472432018279
"Mouse","Kinnex","813-1597","Oarfish","SMR","Kidney","K31",1.6875786848087
"Mouse","Kinnex","1597-2528","Oarfish","SMR","Kidney","K32",2.01583341342452
"Mouse","Kinnex","191-575","Oarfish","SMR","Kidney","K32",5.36562523751082
"Mouse","Kinnex","575-813","Oarfish","SMR","Kidney","K32",1.81085105759006
"Mouse","Kinnex","813-1597","Oarfish","SMR","Kidney","K32",2.00214992341603
"Mouse","Kinnex","1597-2528","Oarfish","SMR","Kidney","K33",2.02897063797564
"Mouse","Kinnex","191-575","Oarfish","SMR","Kidney","K33",5.35945575184202
"Mouse","Kinnex","575-813","Oarfish","SMR","Kidney","K33",1.69324849983546
"Mouse","Kinnex","813-1597","Oarfish","SMR","Kidney","K33",1.91727390087505
"Mouse","Kinnex","1597-2528","Oarfish","TPM","B20K80","B20K80_1",3.11842665146219
"Mouse","Kinnex","191-575","Oarfish","TPM","B20K80","B20K80_1",5.47376412633723
"Mouse","Kinnex","575-813","Oarfish","TPM","B20K80","B20K80_1",2.57992897178929
"Mouse","Kinnex","813-1597","Oarfish","TPM","B20K80","B20K80_1",0.933340133106832
"Mouse","Kinnex","1597-2528","Oarfish","TPM","B20K80","B20K80_2",3.11310160416486
"Mouse","Kinnex","191-575","Oarfish","TPM","B20K80","B20K80_2",5.22982733291463
"Mouse","Kinnex","575-813","Oarfish","TPM","B20K80","B20K80_2",2.26598475459769
"Mouse","Kinnex","813-1597","Oarfish","TPM","B20K80","B20K80_2",0.895990873536747
"Mouse","Kinnex","1597-2528","Oarfish","TPM","B20K80","B20K80_3",3.09030436535045
"Mouse","Kinnex","191-575","Oarfish","TPM","B20K80","B20K80_3",5.42926112060989
"Mouse","Kinnex","575-813","Oarfish","TPM","B20K80","B20K80_3",2.44495624102418
"Mouse","Kinnex","813-1597","Oarfish","TPM","B20K80","B20K80_3",0.96808882462526
"Mouse","Kinnex","1597-2528","Oarfish","TPM","Brain","B31",2.44254409122189
"Mouse","Kinnex","191-575","Oarfish","TPM","Brain","B31",6.31939385581003
"Mouse","Kinnex","575-813","Oarfish","TPM","Brain","B31",2.96831488105007
"Mouse","Kinnex","813-1597","Oarfish","TPM","Brain","B31",0.836104740284286
"Mouse","Kinnex","1597-2528","Oarfish","TPM","Brain","B32",2.4618275423783
"Mouse","Kinnex","191-575","Oarfish","TPM","Brain","B32",6.19107170932922
"Mouse","Kinnex","575-813","Oarfish","TPM","Brain","B32",2.76175061611717
"Mouse","Kinnex","813-1597","Oarfish","TPM","Brain","B32",0.74151781191189
"Mouse","Kinnex","1597-2528","Oarfish","TPM","Brain","B33",2.39023127926507
"Mouse","Kinnex","191-575","Oarfish","TPM","Brain","B33",5.7981140303692
"Mouse","Kinnex","575-813","Oarfish","TPM","Brain","B33",1.89371830480468
"Mouse","Kinnex","813-1597","Oarfish","TPM","Brain","B33",0.896285373801965
"Mouse","Kinnex","1597-2528","Oarfish","TPM","Kidney","K31",0.658779488028668
"Mouse","Kinnex","191-575","Oarfish","TPM","Kidney","K31",5.87882181280336
"Mouse","Kinnex","575-813","Oarfish","TPM","Kidney","K31",2.15665722336463
"Mouse","Kinnex","813-1597","Oarfish","TPM","Kidney","K31",0.946427871163138
"Mouse","Kinnex","1597-2528","Oarfish","TPM","Kidney","K32",0.751758336960792
"Mouse","Kinnex","191-575","Oarfish","TPM","Kidney","K32",5.94375443102099
"Mouse","Kinnex","575-813","Oarfish","TPM","Kidney","K32",2.48414209138361
"Mouse","Kinnex","813-1597","Oarfish","TPM","Kidney","K32",0.772204060419182
"Mouse","Kinnex","1597-2528","Oarfish","TPM","Kidney","K33",0.726757778269663
"Mouse","Kinnex","191-575","Oarfish","TPM","Kidney","K33",5.94879631744746
"Mouse","Kinnex","575-813","Oarfish","TPM","Kidney","K33",2.41721002383941
"Mouse","Kinnex","813-1597","Oarfish","TPM","Kidney","K33",0.808278558949898
"Mouse","ONT cDNA","1597-2528","Bambu","CPM","Brain","B31",2.85253168914314
"Mouse","ONT cDNA","191-575","Bambu","CPM","Brain","B31",4.11447077382236
"Mouse","ONT cDNA","575-813","Bambu","CPM","Brain","B31",1.13188953897206
"Mouse","ONT cDNA","813-1597","Bambu","CPM","Brain","B31",2.51302402406411
"Mouse","ONT cDNA","1597-2528","Bambu","CPM","Brain","B32",2.7856988034024
"Mouse","ONT cDNA","191-575","Bambu","CPM","Brain","B32",4.01197891187065
"Mouse","ONT cDNA","575-813","Bambu","CPM","Brain","B32",1.14114762892369
"Mouse","ONT cDNA","813-1597","Bambu","CPM","Brain","B32",2.53980513459058
"Mouse","ONT cDNA","1597-2528","Bambu","CPM","Brain","B33",2.81497317466622
"Mouse","ONT cDNA","191-575","Bambu","CPM","Brain","B33",4.10084396876068
"Mouse","ONT cDNA","575-813","Bambu","CPM","Brain","B33",1.13847677146129
"Mouse","ONT cDNA","813-1597","Bambu","CPM","Brain","B33",2.52118043212131
"Mouse","ONT cDNA","1597-2528","Bambu","CPM","Brain","B34",2.80790153216391
"Mouse","ONT cDNA","191-575","Bambu","CPM","Brain","B34",4.1011752039636
"Mouse","ONT cDNA","575-813","Bambu","CPM","Brain","B34",1.14746191052316
"Mouse","ONT cDNA","813-1597","Bambu","CPM","Brain","B34",2.499538971889
"Mouse","ONT cDNA","1597-2528","Bambu","CPM","Brain","B35",2.78578053247461
"Mouse","ONT cDNA","191-575","Bambu","CPM","Brain","B35",4.08591651041449
"Mouse","ONT cDNA","575-813","Bambu","CPM","Brain","B35",1.16855687935209
"Mouse","ONT cDNA","813-1597","Bambu","CPM","Brain","B35",2.53407519596101
"Mouse","ONT cDNA","1597-2528","Bambu","CPM","B20K80","BK20801",2.83914260980742
"Mouse","ONT cDNA","191-575","Bambu","CPM","B20K80","BK20801",3.24830235699003
"Mouse","ONT cDNA","575-813","Bambu","CPM","B20K80","BK20801",1.35089668915447
"Mouse","ONT cDNA","813-1597","Bambu","CPM","B20K80","BK20801",2.90163227170122
"Mouse","ONT cDNA","1597-2528","Bambu","CPM","B20K80","BK20802",3.69765383490996
"Mouse","ONT cDNA","191-575","Bambu","CPM","B20K80","BK20802",3.30334063761636
"Mouse","ONT cDNA","575-813","Bambu","CPM","B20K80","BK20802",1.36124963558443
"Mouse","ONT cDNA","813-1597","Bambu","CPM","B20K80","BK20802",2.9334786306783
"Mouse","ONT cDNA","1597-2528","Bambu","CPM","B20K80","BK20803",3.45521812188514
"Mouse","ONT cDNA","191-575","Bambu","CPM","B20K80","BK20803",3.33556172070276
"Mouse","ONT cDNA","575-813","Bambu","CPM","B20K80","BK20803",1.30136110935769
"Mouse","ONT cDNA","813-1597","Bambu","CPM","B20K80","BK20803",2.93950637580518
"Mouse","ONT cDNA","1597-2528","Bambu","CPM","B20K80","BK20804",2.96598868395591
"Mouse","ONT cDNA","191-575","Bambu","CPM","B20K80","BK20804",3.36612797485068
"Mouse","ONT cDNA","575-813","Bambu","CPM","B20K80","BK20804",1.43025870102962
"Mouse","ONT cDNA","813-1597","Bambu","CPM","B20K80","BK20804",2.93827093528098
"Mouse","ONT cDNA","1597-2528","Bambu","CPM","B20K80","BK20805",3.89201899418096
"Mouse","ONT cDNA","191-575","Bambu","CPM","B20K80","BK20805",3.37855111935361
"Mouse","ONT cDNA","575-813","Bambu","CPM","B20K80","BK20805",1.35870303582916
"Mouse","ONT cDNA","813-1597","Bambu","CPM","B20K80","BK20805",2.93341244343521
"Mouse","ONT cDNA","1597-2528","Bambu","CPM","B80K20","BK80201",2.8845349767804
"Mouse","ONT cDNA","191-575","Bambu","CPM","B80K20","BK80201",4.10880175102794
"Mouse","ONT cDNA","575-813","Bambu","CPM","B80K20","BK80201",1.22227423896032
"Mouse","ONT cDNA","813-1597","Bambu","CPM","B80K20","BK80201",2.56100011958033
"Mouse","ONT cDNA","1597-2528","Bambu","CPM","B80K20","BK80202",2.89428882723686
"Mouse","ONT cDNA","191-575","Bambu","CPM","B80K20","BK80202",4.11080906075479
"Mouse","ONT cDNA","575-813","Bambu","CPM","B80K20","BK80202",1.21594378173795
"Mouse","ONT cDNA","813-1597","Bambu","CPM","B80K20","BK80202",2.56255918203226
"Mouse","ONT cDNA","1597-2528","Bambu","CPM","B80K20","BK80203",2.805527989406
"Mouse","ONT cDNA","191-575","Bambu","CPM","B80K20","BK80203",4.14239366777373
"Mouse","ONT cDNA","575-813","Bambu","CPM","B80K20","BK80203",1.14660512839701
"Mouse","ONT cDNA","813-1597","Bambu","CPM","B80K20","BK80203",2.55036233052081
"Mouse","ONT cDNA","1597-2528","Bambu","CPM","B80K20","BK80204",2.87459070127313
"Mouse","ONT cDNA","191-575","Bambu","CPM","B80K20","BK80204",4.09560516771691
"Mouse","ONT cDNA","575-813","Bambu","CPM","B80K20","BK80204",1.10248572375334
"Mouse","ONT cDNA","813-1597","Bambu","CPM","B80K20","BK80204",2.5654812386204
"Mouse","ONT cDNA","1597-2528","Bambu","CPM","B80K20","BK80205",2.902016847849
"Mouse","ONT cDNA","191-575","Bambu","CPM","B80K20","BK80205",4.09601747525927
"Mouse","ONT cDNA","575-813","Bambu","CPM","B80K20","BK80205",1.28627207625844
"Mouse","ONT cDNA","813-1597","Bambu","CPM","B80K20","BK80205",2.57506622541517
"Mouse","ONT cDNA","1597-2528","Bambu","CPM","Kidney","K31",2.8110858262474
"Mouse","ONT cDNA","191-575","Bambu","CPM","Kidney","K31",3.96910068668446
"Mouse","ONT cDNA","575-813","Bambu","CPM","Kidney","K31",1.02275705237276
"Mouse","ONT cDNA","813-1597","Bambu","CPM","Kidney","K31",2.26551916696932
"Mouse","ONT cDNA","1597-2528","Bambu","CPM","Kidney","K32",2.83365384848339
"Mouse","ONT cDNA","191-575","Bambu","CPM","Kidney","K32",3.97737825728063
"Mouse","ONT cDNA","575-813","Bambu","CPM","Kidney","K32",1.04770951459379
"Mouse","ONT cDNA","813-1597","Bambu","CPM","Kidney","K32",2.24810898227215
"Mouse","ONT cDNA","1597-2528","Bambu","CPM","Kidney","K33",2.77540605960728
"Mouse","ONT cDNA","191-575","Bambu","CPM","Kidney","K33",4.00467810395355
"Mouse","ONT cDNA","575-813","Bambu","CPM","Kidney","K33",1.00949329774944
"Mouse","ONT cDNA","813-1597","Bambu","CPM","Kidney","K33",2.28369748233322
"Mouse","ONT cDNA","1597-2528","Bambu","CPM","Kidney","K34",2.73908720249028
"Mouse","ONT cDNA","191-575","Bambu","CPM","Kidney","K34",3.89339478890401
"Mouse","ONT cDNA","575-813","Bambu","CPM","Kidney","K34",1.1248014291189
"Mouse","ONT cDNA","813-1597","Bambu","CPM","Kidney","K34",2.23873803567081
"Mouse","ONT cDNA","1597-2528","Bambu","CPM","Kidney","K35",2.72557782567657
"Mouse","ONT cDNA","191-575","Bambu","CPM","Kidney","K35",4.016531758805
"Mouse","ONT cDNA","575-813","Bambu","CPM","Kidney","K35",1.03287545244276
"Mouse","ONT cDNA","813-1597","Bambu","CPM","Kidney","K35",2.2045763733812
"Mouse","ONT cDNA","1597-2528","Bambu","CQN","Brain","B31",2.59673742819208
"Mouse","ONT cDNA","191-575","Bambu","CQN","Brain","B31",3.7948621169585
"Mouse","ONT cDNA","575-813","Bambu","CQN","Brain","B31",1.19455625553774
"Mouse","ONT cDNA","813-1597","Bambu","CQN","Brain","B31",2.50938996662252
"Mouse","ONT cDNA","1597-2528","Bambu","CQN","Brain","B32",2.57672226596071
"Mouse","ONT cDNA","191-575","Bambu","CQN","Brain","B32",3.63799351275905
"Mouse","ONT cDNA","575-813","Bambu","CQN","Brain","B32",1.19823722911297
"Mouse","ONT cDNA","813-1597","Bambu","CQN","Brain","B32",2.51831692871492
"Mouse","ONT cDNA","1597-2528","Bambu","CQN","Brain","B33",2.58709676567484
"Mouse","ONT cDNA","191-575","Bambu","CQN","Brain","B33",3.70623573175259
"Mouse","ONT cDNA","575-813","Bambu","CQN","Brain","B33",1.19851499527518
"Mouse","ONT cDNA","813-1597","Bambu","CQN","Brain","B33",2.51369411935261
"Mouse","ONT cDNA","1597-2528","Bambu","CQN","Brain","B34",2.58258242970239
"Mouse","ONT cDNA","191-575","Bambu","CQN","Brain","B34",3.7447442796804302
"Mouse","ONT cDNA","575-813","Bambu","CQN","Brain","B34",1.20328656814363
"Mouse","ONT cDNA","813-1597","Bambu","CQN","Brain","B34",2.49525227170694
"Mouse","ONT cDNA","1597-2528","Bambu","CQN","Brain","B35",2.56619495766213
"Mouse","ONT cDNA","191-575","Bambu","CQN","Brain","B35",3.68272704334078
"Mouse","ONT cDNA","575-813","Bambu","CQN","Brain","B35",1.22296725902766
"Mouse","ONT cDNA","813-1597","Bambu","CQN","Brain","B35",2.53615432930288
"Mouse","ONT cDNA","1597-2528","Bambu","CQN","B20K80","BK20801",2.66431332338427
"Mouse","ONT cDNA","191-575","Bambu","CQN","B20K80","BK20801",3.24988319746806
"Mouse","ONT cDNA","575-813","Bambu","CQN","B20K80","BK20801",1.68212557346953
"Mouse","ONT cDNA","813-1597","Bambu","CQN","B20K80","BK20801",2.87333623194246
"Mouse","ONT cDNA","1597-2528","Bambu","CQN","B20K80","BK20802",3.12214814554435
"Mouse","ONT cDNA","191-575","Bambu","CQN","B20K80","BK20802",3.32100296969419
"Mouse","ONT cDNA","575-813","Bambu","CQN","B20K80","BK20802",1.71769129691856
"Mouse","ONT cDNA","813-1597","Bambu","CQN","B20K80","BK20802",2.86930941819966
"Mouse","ONT cDNA","1597-2528","Bambu","CQN","B20K80","BK20803",3.04352560222725
"Mouse","ONT cDNA","191-575","Bambu","CQN","B20K80","BK20803",3.42313737248217
"Mouse","ONT cDNA","575-813","Bambu","CQN","B20K80","BK20803",1.63207296686464
"Mouse","ONT cDNA","813-1597","Bambu","CQN","B20K80","BK20803",2.90581885157579
"Mouse","ONT cDNA","1597-2528","Bambu","CQN","B20K80","BK20804",2.65290585597787
"Mouse","ONT cDNA","191-575","Bambu","CQN","B20K80","BK20804",3.37905949775777
"Mouse","ONT cDNA","575-813","Bambu","CQN","B20K80","BK20804",1.64326989897537
"Mouse","ONT cDNA","813-1597","Bambu","CQN","B20K80","BK20804",2.88170214461917
"Mouse","ONT cDNA","1597-2528","Bambu","CQN","B20K80","BK20805",3.05705853471023
"Mouse","ONT cDNA","191-575","Bambu","CQN","B20K80","BK20805",3.40330825003574
"Mouse","ONT cDNA","575-813","Bambu","CQN","B20K80","BK20805",1.65134286072352
"Mouse","ONT cDNA","813-1597","Bambu","CQN","B20K80","BK20805",2.92478059261384
"Mouse","ONT cDNA","1597-2528","Bambu","CQN","B80K20","BK80201",2.59989252351142
"Mouse","ONT cDNA","191-575","Bambu","CQN","B80K20","BK80201",4.07765418834249
"Mouse","ONT cDNA","575-813","Bambu","CQN","B80K20","BK80201",1.32750401282508
"Mouse","ONT cDNA","813-1597","Bambu","CQN","B80K20","BK80201",2.55649958790025
"Mouse","ONT cDNA","1597-2528","Bambu","CQN","B80K20","BK80202",2.63493183403654
"Mouse","ONT cDNA","191-575","Bambu","CQN","B80K20","BK80202",3.9728198135661
"Mouse","ONT cDNA","575-813","Bambu","CQN","B80K20","BK80202",1.32995779110185
"Mouse","ONT cDNA","813-1597","Bambu","CQN","B80K20","BK80202",2.54024412077317
"Mouse","ONT cDNA","1597-2528","Bambu","CQN","B80K20","BK80203",2.57968815869178
"Mouse","ONT cDNA","191-575","Bambu","CQN","B80K20","BK80203",4.04454982233251
"Mouse","ONT cDNA","575-813","Bambu","CQN","B80K20","BK80203",1.24873195426743
"Mouse","ONT cDNA","813-1597","Bambu","CQN","B80K20","BK80203",2.57880656049199
"Mouse","ONT cDNA","1597-2528","Bambu","CQN","B80K20","BK80204",2.60024879325537
"Mouse","ONT cDNA","191-575","Bambu","CQN","B80K20","BK80204",4.0337406584527304
"Mouse","ONT cDNA","575-813","Bambu","CQN","B80K20","BK80204",1.18071600751379
"Mouse","ONT cDNA","813-1597","Bambu","CQN","B80K20","BK80204",2.56746911634104
"Mouse","ONT cDNA","1597-2528","Bambu","CQN","B80K20","BK80205",2.60721297821786
"Mouse","ONT cDNA","191-575","Bambu","CQN","B80K20","BK80205",4.00089881428845
"Mouse","ONT cDNA","575-813","Bambu","CQN","B80K20","BK80205",1.49325276518071
"Mouse","ONT cDNA","813-1597","Bambu","CQN","B80K20","BK80205",2.56729480441022
"Mouse","ONT cDNA","1597-2528","Bambu","CQN","Kidney","K31",2.51912984351315
"Mouse","ONT cDNA","191-575","Bambu","CQN","Kidney","K31",3.70207748369557
"Mouse","ONT cDNA","575-813","Bambu","CQN","Kidney","K31",1.0403324427512
"Mouse","ONT cDNA","813-1597","Bambu","CQN","Kidney","K31",2.20873613268911
"Mouse","ONT cDNA","1597-2528","Bambu","CQN","Kidney","K32",2.527012308861
"Mouse","ONT cDNA","191-575","Bambu","CQN","Kidney","K32",3.57331864374631
"Mouse","ONT cDNA","575-813","Bambu","CQN","Kidney","K32",1.00189629622285
"Mouse","ONT cDNA","813-1597","Bambu","CQN","Kidney","K32",2.1739723833543
"Mouse","ONT cDNA","1597-2528","Bambu","CQN","Kidney","K33",2.49817299274975
"Mouse","ONT cDNA","191-575","Bambu","CQN","Kidney","K33",3.57044909195449
"Mouse","ONT cDNA","575-813","Bambu","CQN","Kidney","K33",0.980921531858544
"Mouse","ONT cDNA","813-1597","Bambu","CQN","Kidney","K33",2.20201624284468
"Mouse","ONT cDNA","1597-2528","Bambu","CQN","Kidney","K34",2.476145641606
"Mouse","ONT cDNA","191-575","Bambu","CQN","Kidney","K34",3.48601690038012
"Mouse","ONT cDNA","575-813","Bambu","CQN","Kidney","K34",1.06211112183505
"Mouse","ONT cDNA","813-1597","Bambu","CQN","Kidney","K34",2.18764000666036
"Mouse","ONT cDNA","1597-2528","Bambu","CQN","Kidney","K35",2.49184603103717
"Mouse","ONT cDNA","191-575","Bambu","CQN","Kidney","K35",3.63833164862896
"Mouse","ONT cDNA","575-813","Bambu","CQN","Kidney","K35",1.07799505143937
"Mouse","ONT cDNA","813-1597","Bambu","CQN","Kidney","K35",2.18592287617082
"Mouse","ONT cDNA","1597-2528","Bambu","EDASeq","Brain","B31",2.64292073458511
"Mouse","ONT cDNA","191-575","Bambu","EDASeq","Brain","B31",4.1035054351298
"Mouse","ONT cDNA","575-813","Bambu","EDASeq","Brain","B31",1.153614243137
"Mouse","ONT cDNA","813-1597","Bambu","EDASeq","Brain","B31",2.48933625727619
"Mouse","ONT cDNA","1597-2528","Bambu","EDASeq","Brain","B32",2.63752025253062
"Mouse","ONT cDNA","191-575","Bambu","EDASeq","Brain","B32",4.0014230718229
"Mouse","ONT cDNA","575-813","Bambu","EDASeq","Brain","B32",1.15806884912402
"Mouse","ONT cDNA","813-1597","Bambu","EDASeq","Brain","B32",2.52222266857398
"Mouse","ONT cDNA","1597-2528","Bambu","EDASeq","Brain","B33",2.63437604269005
"Mouse","ONT cDNA","191-575","Bambu","EDASeq","Brain","B33",4.08767264505216
"Mouse","ONT cDNA","575-813","Bambu","EDASeq","Brain","B33",1.16278174573199
"Mouse","ONT cDNA","813-1597","Bambu","EDASeq","Brain","B33",2.50168185435959
"Mouse","ONT cDNA","1597-2528","Bambu","EDASeq","Brain","B34",2.62494019533763
"Mouse","ONT cDNA","191-575","Bambu","EDASeq","Brain","B34",4.08879865778635
"Mouse","ONT cDNA","575-813","Bambu","EDASeq","Brain","B34",1.17331250722106
"Mouse","ONT cDNA","813-1597","Bambu","EDASeq","Brain","B34",2.48142181513566
"Mouse","ONT cDNA","1597-2528","Bambu","EDASeq","Brain","B35",2.60348499791383
"Mouse","ONT cDNA","191-575","Bambu","EDASeq","Brain","B35",4.06912157732579
"Mouse","ONT cDNA","575-813","Bambu","EDASeq","Brain","B35",1.19409115830973
"Mouse","ONT cDNA","813-1597","Bambu","EDASeq","Brain","B35",2.51418584194228
"Mouse","ONT cDNA","1597-2528","Bambu","EDASeq","B20K80","BK20801",2.56372255652133
"Mouse","ONT cDNA","191-575","Bambu","EDASeq","B20K80","BK20801",3.26762546945424
"Mouse","ONT cDNA","575-813","Bambu","EDASeq","B20K80","BK20801",1.36378734294243
"Mouse","ONT cDNA","813-1597","Bambu","EDASeq","B20K80","BK20801",2.86029763261523
"Mouse","ONT cDNA","1597-2528","Bambu","EDASeq","B20K80","BK20802",3.5183768030666
"Mouse","ONT cDNA","191-575","Bambu","EDASeq","B20K80","BK20802",3.28090023119795
"Mouse","ONT cDNA","575-813","Bambu","EDASeq","B20K80","BK20802",1.38191218667174
"Mouse","ONT cDNA","813-1597","Bambu","EDASeq","B20K80","BK20802",2.89891787419419
"Mouse","ONT cDNA","1597-2528","Bambu","EDASeq","B20K80","BK20803",3.21488611895733
"Mouse","ONT cDNA","191-575","Bambu","EDASeq","B20K80","BK20803",3.34029568182089
"Mouse","ONT cDNA","575-813","Bambu","EDASeq","B20K80","BK20803",1.31136650914456
"Mouse","ONT cDNA","813-1597","Bambu","EDASeq","B20K80","BK20803",2.89642072916753
"Mouse","ONT cDNA","1597-2528","Bambu","EDASeq","B20K80","BK20804",2.62584919888335
"Mouse","ONT cDNA","191-575","Bambu","EDASeq","B20K80","BK20804",3.37179684818511
"Mouse","ONT cDNA","575-813","Bambu","EDASeq","B20K80","BK20804",1.4495893968599
"Mouse","ONT cDNA","813-1597","Bambu","EDASeq","B20K80","BK20804",2.89178797168924
"Mouse","ONT cDNA","1597-2528","Bambu","EDASeq","B20K80","BK20805",3.71588779183805
"Mouse","ONT cDNA","191-575","Bambu","EDASeq","B20K80","BK20805",3.39400138419793
"Mouse","ONT cDNA","575-813","Bambu","EDASeq","B20K80","BK20805",1.38134073159042
"Mouse","ONT cDNA","813-1597","Bambu","EDASeq","B20K80","BK20805",2.88507909477282
"Mouse","ONT cDNA","1597-2528","Bambu","EDASeq","B80K20","BK80201",2.66321412206799
"Mouse","ONT cDNA","191-575","Bambu","EDASeq","B80K20","BK80201",4.09734911793123
"Mouse","ONT cDNA","575-813","Bambu","EDASeq","B80K20","BK80201",1.24031729514802
"Mouse","ONT cDNA","813-1597","Bambu","EDASeq","B80K20","BK80201",2.53119901036019
"Mouse","ONT cDNA","1597-2528","Bambu","EDASeq","B80K20","BK80202",2.72236426242346
"Mouse","ONT cDNA","191-575","Bambu","EDASeq","B80K20","BK80202",4.09351756741658
"Mouse","ONT cDNA","575-813","Bambu","EDASeq","B80K20","BK80202",1.2327273933287
"Mouse","ONT cDNA","813-1597","Bambu","EDASeq","B80K20","BK80202",2.54365105746062
"Mouse","ONT cDNA","1597-2528","Bambu","EDASeq","B80K20","BK80203",2.6173516436194
"Mouse","ONT cDNA","191-575","Bambu","EDASeq","B80K20","BK80203",4.13024599906824
"Mouse","ONT cDNA","575-813","Bambu","EDASeq","B80K20","BK80203",1.16812118798997
"Mouse","ONT cDNA","813-1597","Bambu","EDASeq","B80K20","BK80203",2.525821656389
"Mouse","ONT cDNA","1597-2528","Bambu","EDASeq","B80K20","BK80204",2.63453417253348
"Mouse","ONT cDNA","191-575","Bambu","EDASeq","B80K20","BK80204",4.0909725149824
"Mouse","ONT cDNA","575-813","Bambu","EDASeq","B80K20","BK80204",1.1120938199512
"Mouse","ONT cDNA","813-1597","Bambu","EDASeq","B80K20","BK80204",2.5283818110543
"Mouse","ONT cDNA","1597-2528","Bambu","EDASeq","B80K20","BK80205",2.65572926381416
"Mouse","ONT cDNA","191-575","Bambu","EDASeq","B80K20","BK80205",4.08737070187364
"Mouse","ONT cDNA","575-813","Bambu","EDASeq","B80K20","BK80205",1.30923945942184
"Mouse","ONT cDNA","813-1597","Bambu","EDASeq","B80K20","BK80205",2.5406306213587
"Mouse","ONT cDNA","1597-2528","Bambu","EDASeq","Kidney","K31",2.54726689331045
"Mouse","ONT cDNA","191-575","Bambu","EDASeq","Kidney","K31",3.96098729837174
"Mouse","ONT cDNA","575-813","Bambu","EDASeq","Kidney","K31",1.04726995422095
"Mouse","ONT cDNA","813-1597","Bambu","EDASeq","Kidney","K31",2.21158785669746
"Mouse","ONT cDNA","1597-2528","Bambu","EDASeq","Kidney","K32",2.60877550321641
"Mouse","ONT cDNA","191-575","Bambu","EDASeq","Kidney","K32",3.95313931407398
"Mouse","ONT cDNA","575-813","Bambu","EDASeq","Kidney","K32",1.06984041913673
"Mouse","ONT cDNA","813-1597","Bambu","EDASeq","Kidney","K32",2.21364063474013
"Mouse","ONT cDNA","1597-2528","Bambu","EDASeq","Kidney","K33",2.55563037275375
"Mouse","ONT cDNA","191-575","Bambu","EDASeq","Kidney","K33",3.98331980905342
"Mouse","ONT cDNA","575-813","Bambu","EDASeq","Kidney","K33",1.02990612639186
"Mouse","ONT cDNA","813-1597","Bambu","EDASeq","Kidney","K33",2.24428848191077
"Mouse","ONT cDNA","1597-2528","Bambu","EDASeq","Kidney","K34",2.53160715910913
"Mouse","ONT cDNA","191-575","Bambu","EDASeq","Kidney","K34",3.87031569432751
"Mouse","ONT cDNA","575-813","Bambu","EDASeq","Kidney","K34",1.16019012449874
"Mouse","ONT cDNA","813-1597","Bambu","EDASeq","Kidney","K34",2.21840445166615
"Mouse","ONT cDNA","1597-2528","Bambu","EDASeq","Kidney","K35",2.51371577824015
"Mouse","ONT cDNA","191-575","Bambu","EDASeq","Kidney","K35",4.0136404335187
"Mouse","ONT cDNA","575-813","Bambu","EDASeq","Kidney","K35",1.07054211218545
"Mouse","ONT cDNA","813-1597","Bambu","EDASeq","Kidney","K35",2.1787019513518
"Mouse","ONT cDNA","1597-2528","Bambu","SMR","Brain","B31",2.31343012116723
"Mouse","ONT cDNA","191-575","Bambu","SMR","Brain","B31",3.85695261246335
"Mouse","ONT cDNA","575-813","Bambu","SMR","Brain","B31",0.140187327463932
"Mouse","ONT cDNA","813-1597","Bambu","SMR","Brain","B31",2.31188349889388
"Mouse","ONT cDNA","1597-2528","Bambu","SMR","Brain","B32",2.3101179572949
"Mouse","ONT cDNA","191-575","Bambu","SMR","Brain","B32",3.96140702888328
"Mouse","ONT cDNA","575-813","Bambu","SMR","Brain","B32",0.190245271470315
"Mouse","ONT cDNA","813-1597","Bambu","SMR","Brain","B32",2.30559578541323
"Mouse","ONT cDNA","1597-2528","Bambu","SMR","Brain","B33",2.3096542857996
"Mouse","ONT cDNA","191-575","Bambu","SMR","Brain","B33",3.91420968056801
"Mouse","ONT cDNA","575-813","Bambu","SMR","Brain","B33",0.122267639892521
"Mouse","ONT cDNA","813-1597","Bambu","SMR","Brain","B33",2.30970393509313
"Mouse","ONT cDNA","1597-2528","Bambu","SMR","Brain","B34",2.31132538289816
"Mouse","ONT cDNA","191-575","Bambu","SMR","Brain","B34",3.8558903283727
"Mouse","ONT cDNA","575-813","Bambu","SMR","Brain","B34",0.154636126421488
"Mouse","ONT cDNA","813-1597","Bambu","SMR","Brain","B34",2.31556047935144
"Mouse","ONT cDNA","1597-2528","Bambu","SMR","Brain","B35",2.30661366072319
"Mouse","ONT cDNA","191-575","Bambu","SMR","Brain","B35",3.87877640181125
"Mouse","ONT cDNA","575-813","Bambu","SMR","Brain","B35",0.126086189769658
"Mouse","ONT cDNA","813-1597","Bambu","SMR","Brain","B35",2.308615237909
"Mouse","ONT cDNA","1597-2528","Bambu","SMR","B20K80","BK20801",2.62101792981951
"Mouse","ONT cDNA","191-575","Bambu","SMR","B20K80","BK20801",3.29156228386748
"Mouse","ONT cDNA","575-813","Bambu","SMR","B20K80","BK20801",1.19577264365437
"Mouse","ONT cDNA","813-1597","Bambu","SMR","B20K80","BK20801",2.85131414702303
"Mouse","ONT cDNA","1597-2528","Bambu","SMR","B20K80","BK20802",3.49531122737677
"Mouse","ONT cDNA","191-575","Bambu","SMR","B20K80","BK20802",3.26514282364153
"Mouse","ONT cDNA","575-813","Bambu","SMR","B20K80","BK20802",1.25614506093256
"Mouse","ONT cDNA","813-1597","Bambu","SMR","B20K80","BK20802",2.89039958939634
"Mouse","ONT cDNA","1597-2528","Bambu","SMR","B20K80","BK20803",3.3149161626957
"Mouse","ONT cDNA","191-575","Bambu","SMR","B20K80","BK20803",3.2732811680952
"Mouse","ONT cDNA","575-813","Bambu","SMR","B20K80","BK20803",1.14247854269655
"Mouse","ONT cDNA","813-1597","Bambu","SMR","B20K80","BK20803",2.88728584574642
"Mouse","ONT cDNA","1597-2528","Bambu","SMR","B20K80","BK20804",2.63475602957195
"Mouse","ONT cDNA","191-575","Bambu","SMR","B20K80","BK20804",3.23504923725686
"Mouse","ONT cDNA","575-813","Bambu","SMR","B20K80","BK20804",1.11002031045116
"Mouse","ONT cDNA","813-1597","Bambu","SMR","B20K80","BK20804",2.8191405511118
"Mouse","ONT cDNA","1597-2528","Bambu","SMR","B20K80","BK20805",3.69719946557075
"Mouse","ONT cDNA","191-575","Bambu","SMR","B20K80","BK20805",3.23864680090904
"Mouse","ONT cDNA","575-813","Bambu","SMR","B20K80","BK20805",1.02042764998171
"Mouse","ONT cDNA","813-1597","Bambu","SMR","B20K80","BK20805",2.80265333804288
"Mouse","ONT cDNA","1597-2528","Bambu","SMR","B80K20","BK80201",2.31023432112862
"Mouse","ONT cDNA","191-575","Bambu","SMR","B80K20","BK80201",3.91513136958153
"Mouse","ONT cDNA","575-813","Bambu","SMR","B80K20","BK80201",0.169039575425564
"Mouse","ONT cDNA","813-1597","Bambu","SMR","B80K20","BK80201",2.30737223539762
"Mouse","ONT cDNA","1597-2528","Bambu","SMR","B80K20","BK80202",2.30771915941554
"Mouse","ONT cDNA","191-575","Bambu","SMR","B80K20","BK80202",3.91547590387314
"Mouse","ONT cDNA","575-813","Bambu","SMR","B80K20","BK80202",0.159441083227753
"Mouse","ONT cDNA","813-1597","Bambu","SMR","B80K20","BK80202",2.30601572275319
"Mouse","ONT cDNA","1597-2528","Bambu","SMR","B80K20","BK80203",2.31095252387174
"Mouse","ONT cDNA","191-575","Bambu","SMR","B80K20","BK80203",3.8857758616841
"Mouse","ONT cDNA","575-813","Bambu","SMR","B80K20","BK80203",0.144893598688504
"Mouse","ONT cDNA","813-1597","Bambu","SMR","B80K20","BK80203",2.30644477193771
"Mouse","ONT cDNA","1597-2528","Bambu","SMR","B80K20","BK80204",2.30843814668109
"Mouse","ONT cDNA","191-575","Bambu","SMR","B80K20","BK80204",3.91532002182943
"Mouse","ONT cDNA","575-813","Bambu","SMR","B80K20","BK80204",0.161765059628941
"Mouse","ONT cDNA","813-1597","Bambu","SMR","B80K20","BK80204",2.30690078744693
"Mouse","ONT cDNA","1597-2528","Bambu","SMR","B80K20","BK80205",2.30839910551965
"Mouse","ONT cDNA","191-575","Bambu","SMR","B80K20","BK80205",3.87023249127984
"Mouse","ONT cDNA","575-813","Bambu","SMR","B80K20","BK80205",0.171127571291298
"Mouse","ONT cDNA","813-1597","Bambu","SMR","B80K20","BK80205",2.30578717884479
"Mouse","ONT cDNA","1597-2528","Bambu","SMR","Kidney","K31",2.32724456339213
"Mouse","ONT cDNA","191-575","Bambu","SMR","Kidney","K31",3.77156237690849
"Mouse","ONT cDNA","575-813","Bambu","SMR","Kidney","K31",0.337876403827591
"Mouse","ONT cDNA","813-1597","Bambu","SMR","Kidney","K31",1.99019574666632
"Mouse","ONT cDNA","1597-2528","Bambu","SMR","Kidney","K32",2.32883472082539
"Mouse","ONT cDNA","191-575","Bambu","SMR","Kidney","K32",3.77200735584643
"Mouse","ONT cDNA","575-813","Bambu","SMR","Kidney","K32",0.334369377019944
"Mouse","ONT cDNA","813-1597","Bambu","SMR","Kidney","K32",1.98993741234263
"Mouse","ONT cDNA","1597-2528","Bambu","SMR","Kidney","K33",2.32882145089458
"Mouse","ONT cDNA","191-575","Bambu","SMR","Kidney","K33",3.77793235281805
"Mouse","ONT cDNA","575-813","Bambu","SMR","Kidney","K33",0.382702247843725
"Mouse","ONT cDNA","813-1597","Bambu","SMR","Kidney","K33",1.9916793116676
"Mouse","ONT cDNA","1597-2528","Bambu","SMR","Kidney","K34",2.33521709831191
"Mouse","ONT cDNA","191-575","Bambu","SMR","Kidney","K34",3.79117861978583
"Mouse","ONT cDNA","575-813","Bambu","SMR","Kidney","K34",0.254784024190059
"Mouse","ONT cDNA","813-1597","Bambu","SMR","Kidney","K34",1.9896258467806
"Mouse","ONT cDNA","1597-2528","Bambu","SMR","Kidney","K35",2.33280852217497
"Mouse","ONT cDNA","191-575","Bambu","SMR","Kidney","K35",3.78395198812047
"Mouse","ONT cDNA","575-813","Bambu","SMR","Kidney","K35",0.349264537408965
"Mouse","ONT cDNA","813-1597","Bambu","SMR","Kidney","K35",1.99098665908875
"Mouse","ONT cDNA","1597-2528","Bambu","TPM","Brain","B31",3.57634657692373
"Mouse","ONT cDNA","191-575","Bambu","TPM","Brain","B31",4.08127275055272
"Mouse","ONT cDNA","575-813","Bambu","TPM","Brain","B31",1.18185427997048
"Mouse","ONT cDNA","813-1597","Bambu","TPM","Brain","B31",2.70798701556796
"Mouse","ONT cDNA","1597-2528","Bambu","TPM","Brain","B32",3.49884233227602
"Mouse","ONT cDNA","191-575","Bambu","TPM","Brain","B32",4.01139016029113
"Mouse","ONT cDNA","575-813","Bambu","TPM","Brain","B32",1.19263045198198
"Mouse","ONT cDNA","813-1597","Bambu","TPM","Brain","B32",2.74592946468411
"Mouse","ONT cDNA","1597-2528","Bambu","TPM","Brain","B33",3.50989569450909
"Mouse","ONT cDNA","191-575","Bambu","TPM","Brain","B33",4.07082838372314
"Mouse","ONT cDNA","575-813","Bambu","TPM","Brain","B33",1.18649250315559
"Mouse","ONT cDNA","813-1597","Bambu","TPM","Brain","B33",2.7119374689680402
"Mouse","ONT cDNA","1597-2528","Bambu","TPM","Brain","B34",3.49874214495154
"Mouse","ONT cDNA","191-575","Bambu","TPM","Brain","B34",4.07202336364613
"Mouse","ONT cDNA","575-813","Bambu","TPM","Brain","B34",1.19334602202326
"Mouse","ONT cDNA","813-1597","Bambu","TPM","Brain","B34",2.68291264232707
"Mouse","ONT cDNA","1597-2528","Bambu","TPM","Brain","B35",3.48783222256389
"Mouse","ONT cDNA","191-575","Bambu","TPM","Brain","B35",4.05878341175994
"Mouse","ONT cDNA","575-813","Bambu","TPM","Brain","B35",1.21796637842711
"Mouse","ONT cDNA","813-1597","Bambu","TPM","Brain","B35",2.73239521824887
"Mouse","ONT cDNA","1597-2528","Bambu","TPM","B20K80","BK20801",3.57477339935812
"Mouse","ONT cDNA","191-575","Bambu","TPM","B20K80","BK20801",3.16186394551186
"Mouse","ONT cDNA","575-813","Bambu","TPM","B20K80","BK20801",1.39190476984994
"Mouse","ONT cDNA","813-1597","Bambu","TPM","B20K80","BK20801",3.10433486222786
"Mouse","ONT cDNA","1597-2528","Bambu","TPM","B20K80","BK20802",4.26993961944893
"Mouse","ONT cDNA","191-575","Bambu","TPM","B20K80","BK20802",3.18748136945916
"Mouse","ONT cDNA","575-813","Bambu","TPM","B20K80","BK20802",1.40712665713901
"Mouse","ONT cDNA","813-1597","Bambu","TPM","B20K80","BK20802",3.15504746212587
"Mouse","ONT cDNA","1597-2528","Bambu","TPM","B20K80","BK20803",4.11113221109013
"Mouse","ONT cDNA","191-575","Bambu","TPM","B20K80","BK20803",3.21905818426417
"Mouse","ONT cDNA","575-813","Bambu","TPM","B20K80","BK20803",1.34817459703224
"Mouse","ONT cDNA","813-1597","Bambu","TPM","B20K80","BK20803",3.16027271281807
"Mouse","ONT cDNA","1597-2528","Bambu","TPM","B20K80","BK20804",3.74079931558532
"Mouse","ONT cDNA","191-575","Bambu","TPM","B20K80","BK20804",3.23815000684251
"Mouse","ONT cDNA","575-813","Bambu","TPM","B20K80","BK20804",1.47306756802412
"Mouse","ONT cDNA","813-1597","Bambu","TPM","B20K80","BK20804",3.1551063881042
"Mouse","ONT cDNA","1597-2528","Bambu","TPM","B20K80","BK20805",4.38052008879928
"Mouse","ONT cDNA","191-575","Bambu","TPM","B20K80","BK20805",3.25159933635158
"Mouse","ONT cDNA","575-813","Bambu","TPM","B20K80","BK20805",1.40089971195608
"Mouse","ONT cDNA","813-1597","Bambu","TPM","B20K80","BK20805",3.14749095355781
"Mouse","ONT cDNA","1597-2528","Bambu","TPM","B80K20","BK80201",3.64323473566745
"Mouse","ONT cDNA","191-575","Bambu","TPM","B80K20","BK80201",4.07684320443694
"Mouse","ONT cDNA","575-813","Bambu","TPM","B80K20","BK80201",1.28024876149949
"Mouse","ONT cDNA","813-1597","Bambu","TPM","B80K20","BK80201",2.7900093665084
"Mouse","ONT cDNA","1597-2528","Bambu","TPM","B80K20","BK80202",3.66335508157789
"Mouse","ONT cDNA","191-575","Bambu","TPM","B80K20","BK80202",4.07941609153562
"Mouse","ONT cDNA","575-813","Bambu","TPM","B80K20","BK80202",1.27617558567253
"Mouse","ONT cDNA","813-1597","Bambu","TPM","B80K20","BK80202",2.79356955302218
"Mouse","ONT cDNA","1597-2528","Bambu","TPM","B80K20","BK80203",3.54003689015591
"Mouse","ONT cDNA","191-575","Bambu","TPM","B80K20","BK80203",4.10958354369529
"Mouse","ONT cDNA","575-813","Bambu","TPM","B80K20","BK80203",1.20254508473683
"Mouse","ONT cDNA","813-1597","Bambu","TPM","B80K20","BK80203",2.78026588195363
"Mouse","ONT cDNA","1597-2528","Bambu","TPM","B80K20","BK80204",3.63350102623055
"Mouse","ONT cDNA","191-575","Bambu","TPM","B80K20","BK80204",4.06897036410496
"Mouse","ONT cDNA","575-813","Bambu","TPM","B80K20","BK80204",1.16088165046591
"Mouse","ONT cDNA","813-1597","Bambu","TPM","B80K20","BK80204",2.79477476789433
"Mouse","ONT cDNA","1597-2528","Bambu","TPM","B80K20","BK80205",3.66323909754539
"Mouse","ONT cDNA","191-575","Bambu","TPM","B80K20","BK80205",4.0675614838687
"Mouse","ONT cDNA","575-813","Bambu","TPM","B80K20","BK80205",1.34463972742055
"Mouse","ONT cDNA","813-1597","Bambu","TPM","B80K20","BK80205",2.8092246670516
"Mouse","ONT cDNA","1597-2528","Bambu","TPM","Kidney","K31",3.5496527215803
"Mouse","ONT cDNA","191-575","Bambu","TPM","Kidney","K31",3.9363485067223
"Mouse","ONT cDNA","575-813","Bambu","TPM","Kidney","K31",1.07588684694258
"Mouse","ONT cDNA","813-1597","Bambu","TPM","Kidney","K31",2.54676176207388
"Mouse","ONT cDNA","1597-2528","Bambu","TPM","Kidney","K32",3.57699616397823
"Mouse","ONT cDNA","191-575","Bambu","TPM","Kidney","K32",3.93972573271551
"Mouse","ONT cDNA","575-813","Bambu","TPM","Kidney","K32",1.1039576691466
"Mouse","ONT cDNA","813-1597","Bambu","TPM","Kidney","K32",2.52674408603287
"Mouse","ONT cDNA","1597-2528","Bambu","TPM","Kidney","K33",3.49897155242524
"Mouse","ONT cDNA","191-575","Bambu","TPM","Kidney","K33",3.96199750734062
"Mouse","ONT cDNA","575-813","Bambu","TPM","Kidney","K33",1.05993217197973
"Mouse","ONT cDNA","813-1597","Bambu","TPM","Kidney","K33",2.5651785594578
"Mouse","ONT cDNA","1597-2528","Bambu","TPM","Kidney","K34",3.44006515444331
"Mouse","ONT cDNA","191-575","Bambu","TPM","Kidney","K34",3.86931734895904
"Mouse","ONT cDNA","575-813","Bambu","TPM","Kidney","K34",1.17302682173439
"Mouse","ONT cDNA","813-1597","Bambu","TPM","Kidney","K34",2.47910950297075
"Mouse","ONT cDNA","1597-2528","Bambu","TPM","Kidney","K35",3.40201845190384
"Mouse","ONT cDNA","191-575","Bambu","TPM","Kidney","K35",3.96757118466863
"Mouse","ONT cDNA","575-813","Bambu","TPM","Kidney","K35",1.07796081489556
"Mouse","ONT cDNA","813-1597","Bambu","TPM","Kidney","K35",2.43587549371357
"Mouse","ONT cDNA","1597-2528","FLAIR","CPM","Brain","B31",2.95482826040421
"Mouse","ONT cDNA","191-575","FLAIR","CPM","Brain","B31",1.45781889001198
"Mouse","ONT cDNA","575-813","FLAIR","CPM","Brain","B31",1.02360244250962
"Mouse","ONT cDNA","813-1597","FLAIR","CPM","Brain","B31",1.16632021979338
"Mouse","ONT cDNA","1597-2528","FLAIR","CPM","Brain","B32",2.82460440097025
"Mouse","ONT cDNA","191-575","FLAIR","CPM","Brain","B32",1.45606069323626
"Mouse","ONT cDNA","575-813","FLAIR","CPM","Brain","B32",1.10549232517127
"Mouse","ONT cDNA","813-1597","FLAIR","CPM","Brain","B32",1.19045604304158
"Mouse","ONT cDNA","1597-2528","FLAIR","CPM","Brain","B33",2.81532400375164
"Mouse","ONT cDNA","191-575","FLAIR","CPM","Brain","B33",1.48151250415847
"Mouse","ONT cDNA","575-813","FLAIR","CPM","Brain","B33",1.03983213263184
"Mouse","ONT cDNA","813-1597","FLAIR","CPM","Brain","B33",1.15542521646586
"Mouse","ONT cDNA","1597-2528","FLAIR","CPM","Brain","B34",2.85432351048147
"Mouse","ONT cDNA","191-575","FLAIR","CPM","Brain","B34",1.47474340302971
"Mouse","ONT cDNA","575-813","FLAIR","CPM","Brain","B34",1.03407010937445
"Mouse","ONT cDNA","813-1597","FLAIR","CPM","Brain","B34",1.13466820396651
"Mouse","ONT cDNA","1597-2528","FLAIR","CPM","Brain","B35",2.8183621387307
"Mouse","ONT cDNA","191-575","FLAIR","CPM","Brain","B35",1.62721298716931
"Mouse","ONT cDNA","575-813","FLAIR","CPM","Brain","B35",1.11125433260323
"Mouse","ONT cDNA","813-1597","FLAIR","CPM","Brain","B35",1.14371171791155
"Mouse","ONT cDNA","1597-2528","FLAIR","CPM","B20K80","BK20801",3.27989136477535
"Mouse","ONT cDNA","191-575","FLAIR","CPM","B20K80","BK20801",1.42177387813371
"Mouse","ONT cDNA","575-813","FLAIR","CPM","B20K80","BK20801",1.29701429684492
"Mouse","ONT cDNA","813-1597","FLAIR","CPM","B20K80","BK20801",1.50162006487403
"Mouse","ONT cDNA","1597-2528","FLAIR","CPM","B20K80","BK20802",3.34201856907261
"Mouse","ONT cDNA","191-575","FLAIR","CPM","B20K80","BK20802",1.40160451558714
"Mouse","ONT cDNA","575-813","FLAIR","CPM","B20K80","BK20802",1.36112701184692
"Mouse","ONT cDNA","813-1597","FLAIR","CPM","B20K80","BK20802",1.53523139318313
"Mouse","ONT cDNA","1597-2528","FLAIR","CPM","B20K80","BK20803",3.32099348887503
"Mouse","ONT cDNA","191-575","FLAIR","CPM","B20K80","BK20803",1.38270280144516
"Mouse","ONT cDNA","575-813","FLAIR","CPM","B20K80","BK20803",1.31007601426226
"Mouse","ONT cDNA","813-1597","FLAIR","CPM","B20K80","BK20803",1.57564015076087
"Mouse","ONT cDNA","1597-2528","FLAIR","CPM","B20K80","BK20804",3.30512644172596
"Mouse","ONT cDNA","191-575","FLAIR","CPM","B20K80","BK20804",1.52341607946165
"Mouse","ONT cDNA","575-813","FLAIR","CPM","B20K80","BK20804",1.30870481448772
"Mouse","ONT cDNA","813-1597","FLAIR","CPM","B20K80","BK20804",1.55645265492431
"Mouse","ONT cDNA","1597-2528","FLAIR","CPM","B20K80","BK20805",3.30492608385089
"Mouse","ONT cDNA","191-575","FLAIR","CPM","B20K80","BK20805",1.41793137318364
"Mouse","ONT cDNA","575-813","FLAIR","CPM","B20K80","BK20805",1.33883728600578
"Mouse","ONT cDNA","813-1597","FLAIR","CPM","B20K80","BK20805",1.53885629908258
"Mouse","ONT cDNA","1597-2528","FLAIR","CPM","B80K20","BK80201",2.92651895773611
"Mouse","ONT cDNA","191-575","FLAIR","CPM","B80K20","BK80201",1.66831819792614
"Mouse","ONT cDNA","575-813","FLAIR","CPM","B80K20","BK80201",1.11137552842613
"Mouse","ONT cDNA","813-1597","FLAIR","CPM","B80K20","BK80201",1.2662140395293
"Mouse","ONT cDNA","1597-2528","FLAIR","CPM","B80K20","BK80202",2.91472905083406
"Mouse","ONT cDNA","191-575","FLAIR","CPM","B80K20","BK80202",1.69562108997709
"Mouse","ONT cDNA","575-813","FLAIR","CPM","B80K20","BK80202",1.13155159231536
"Mouse","ONT cDNA","813-1597","FLAIR","CPM","B80K20","BK80202",1.27021017990663
"Mouse","ONT cDNA","1597-2528","FLAIR","CPM","B80K20","BK80203",2.91131104586795
"Mouse","ONT cDNA","191-575","FLAIR","CPM","B80K20","BK80203",1.63287051693455
"Mouse","ONT cDNA","575-813","FLAIR","CPM","B80K20","BK80203",1.14211578192911
"Mouse","ONT cDNA","813-1597","FLAIR","CPM","B80K20","BK80203",1.30324084248408
"Mouse","ONT cDNA","1597-2528","FLAIR","CPM","B80K20","BK80204",2.9495441792006
"Mouse","ONT cDNA","191-575","FLAIR","CPM","B80K20","BK80204",1.57545304150051
"Mouse","ONT cDNA","575-813","FLAIR","CPM","B80K20","BK80204",1.07003537532877
"Mouse","ONT cDNA","813-1597","FLAIR","CPM","B80K20","BK80204",1.3120784670088
"Mouse","ONT cDNA","1597-2528","FLAIR","CPM","B80K20","BK80205",2.9168301988036
"Mouse","ONT cDNA","191-575","FLAIR","CPM","B80K20","BK80205",1.62113027994998
"Mouse","ONT cDNA","575-813","FLAIR","CPM","B80K20","BK80205",1.16967635153232
"Mouse","ONT cDNA","813-1597","FLAIR","CPM","B80K20","BK80205",1.27480906262457
"Mouse","ONT cDNA","1597-2528","FLAIR","CPM","Kidney","K31",2.86147295377127
"Mouse","ONT cDNA","191-575","FLAIR","CPM","Kidney","K31",1.53477721606377
"Mouse","ONT cDNA","575-813","FLAIR","CPM","Kidney","K31",1.05008232739021
"Mouse","ONT cDNA","813-1597","FLAIR","CPM","Kidney","K31",1.30308212154075
"Mouse","ONT cDNA","1597-2528","FLAIR","CPM","Kidney","K32",2.87547799474184
"Mouse","ONT cDNA","191-575","FLAIR","CPM","Kidney","K32",1.51152072428577
"Mouse","ONT cDNA","575-813","FLAIR","CPM","Kidney","K32",1.08913160093398
"Mouse","ONT cDNA","813-1597","FLAIR","CPM","Kidney","K32",1.26352275208238
"Mouse","ONT cDNA","1597-2528","FLAIR","CPM","Kidney","K33",2.84811119161308
"Mouse","ONT cDNA","191-575","FLAIR","CPM","Kidney","K33",1.44489132243222
"Mouse","ONT cDNA","575-813","FLAIR","CPM","Kidney","K33",1.07187010967742
"Mouse","ONT cDNA","813-1597","FLAIR","CPM","Kidney","K33",1.37141923185806
"Mouse","ONT cDNA","1597-2528","FLAIR","CPM","Kidney","K34",2.75191694709134
"Mouse","ONT cDNA","191-575","FLAIR","CPM","Kidney","K34",1.48779921568785
"Mouse","ONT cDNA","575-813","FLAIR","CPM","Kidney","K34",1.16827462561905
"Mouse","ONT cDNA","813-1597","FLAIR","CPM","Kidney","K34",1.12291379438485
"Mouse","ONT cDNA","1597-2528","FLAIR","CPM","Kidney","K35",2.79167111410703
"Mouse","ONT cDNA","191-575","FLAIR","CPM","Kidney","K35",1.48828229369761
"Mouse","ONT cDNA","575-813","FLAIR","CPM","Kidney","K35",1.08332935366844
"Mouse","ONT cDNA","813-1597","FLAIR","CPM","Kidney","K35",1.16924660317382
"Mouse","ONT cDNA","1597-2528","FLAIR","CQN","Brain","B31",2.85295699889606
"Mouse","ONT cDNA","191-575","FLAIR","CQN","Brain","B31",1.45890718266696
"Mouse","ONT cDNA","575-813","FLAIR","CQN","Brain","B31",1.04636623378782
"Mouse","ONT cDNA","813-1597","FLAIR","CQN","Brain","B31",1.01448178362293
"Mouse","ONT cDNA","1597-2528","FLAIR","CQN","Brain","B32",2.84416102877668
"Mouse","ONT cDNA","191-575","FLAIR","CQN","Brain","B32",1.44544118926562
"Mouse","ONT cDNA","575-813","FLAIR","CQN","Brain","B32",1.12799737166185
"Mouse","ONT cDNA","813-1597","FLAIR","CQN","Brain","B32",1.13625899229745
"Mouse","ONT cDNA","1597-2528","FLAIR","CQN","Brain","B33",2.76814788664512
"Mouse","ONT cDNA","191-575","FLAIR","CQN","Brain","B33",1.45080356416073
"Mouse","ONT cDNA","575-813","FLAIR","CQN","Brain","B33",1.04929823487796
"Mouse","ONT cDNA","813-1597","FLAIR","CQN","Brain","B33",1.04581488483257
"Mouse","ONT cDNA","1597-2528","FLAIR","CQN","Brain","B34",2.76835930906015
"Mouse","ONT cDNA","191-575","FLAIR","CQN","Brain","B34",1.43748709845475
"Mouse","ONT cDNA","575-813","FLAIR","CQN","Brain","B34",1.05494520069247
"Mouse","ONT cDNA","813-1597","FLAIR","CQN","Brain","B34",0.990822469879792
"Mouse","ONT cDNA","1597-2528","FLAIR","CQN","Brain","B35",2.74634329167807
"Mouse","ONT cDNA","191-575","FLAIR","CQN","Brain","B35",1.47682026632142
"Mouse","ONT cDNA","575-813","FLAIR","CQN","Brain","B35",1.11770985896572
"Mouse","ONT cDNA","813-1597","FLAIR","CQN","Brain","B35",1.01450821066309
"Mouse","ONT cDNA","1597-2528","FLAIR","CQN","B20K80","BK20801",3.07422224429253
"Mouse","ONT cDNA","191-575","FLAIR","CQN","B20K80","BK20801",1.40004693295209
"Mouse","ONT cDNA","575-813","FLAIR","CQN","B20K80","BK20801",1.43658088735832
"Mouse","ONT cDNA","813-1597","FLAIR","CQN","B20K80","BK20801",1.45970842354453
"Mouse","ONT cDNA","1597-2528","FLAIR","CQN","B20K80","BK20802",3.21104083969798
"Mouse","ONT cDNA","191-575","FLAIR","CQN","B20K80","BK20802",1.37789344108759
"Mouse","ONT cDNA","575-813","FLAIR","CQN","B20K80","BK20802",1.48114217306076
"Mouse","ONT cDNA","813-1597","FLAIR","CQN","B20K80","BK20802",1.61802930836972
"Mouse","ONT cDNA","1597-2528","FLAIR","CQN","B20K80","BK20803",3.135259784098
"Mouse","ONT cDNA","191-575","FLAIR","CQN","B20K80","BK20803",1.35606773968098
"Mouse","ONT cDNA","575-813","FLAIR","CQN","B20K80","BK20803",1.42890770496433
"Mouse","ONT cDNA","813-1597","FLAIR","CQN","B20K80","BK20803",1.70908621882187
"Mouse","ONT cDNA","1597-2528","FLAIR","CQN","B20K80","BK20804",3.05364306002801
"Mouse","ONT cDNA","191-575","FLAIR","CQN","B20K80","BK20804",1.37080902522867
"Mouse","ONT cDNA","575-813","FLAIR","CQN","B20K80","BK20804",1.440280737569
"Mouse","ONT cDNA","813-1597","FLAIR","CQN","B20K80","BK20804",1.63274197817976
"Mouse","ONT cDNA","1597-2528","FLAIR","CQN","B20K80","BK20805",3.03162829195753
"Mouse","ONT cDNA","191-575","FLAIR","CQN","B20K80","BK20805",1.36198279852741
"Mouse","ONT cDNA","575-813","FLAIR","CQN","B20K80","BK20805",1.47946694342907
"Mouse","ONT cDNA","813-1597","FLAIR","CQN","B20K80","BK20805",1.46289952493747
"Mouse","ONT cDNA","1597-2528","FLAIR","CQN","B80K20","BK80201",2.74053268033606
"Mouse","ONT cDNA","191-575","FLAIR","CQN","B80K20","BK80201",1.80715224569783
"Mouse","ONT cDNA","575-813","FLAIR","CQN","B80K20","BK80201",1.14218206947309
"Mouse","ONT cDNA","813-1597","FLAIR","CQN","B80K20","BK80201",1.06197739422477
"Mouse","ONT cDNA","1597-2528","FLAIR","CQN","B80K20","BK80202",2.79634467059675
"Mouse","ONT cDNA","191-575","FLAIR","CQN","B80K20","BK80202",1.80474662194883
"Mouse","ONT cDNA","575-813","FLAIR","CQN","B80K20","BK80202",1.18842888774422
"Mouse","ONT cDNA","813-1597","FLAIR","CQN","B80K20","BK80202",1.12276821165614
"Mouse","ONT cDNA","1597-2528","FLAIR","CQN","B80K20","BK80203",2.85546559706721
"Mouse","ONT cDNA","191-575","FLAIR","CQN","B80K20","BK80203",1.76957035980456
"Mouse","ONT cDNA","575-813","FLAIR","CQN","B80K20","BK80203",1.18985215288491
"Mouse","ONT cDNA","813-1597","FLAIR","CQN","B80K20","BK80203",1.13751154938891
"Mouse","ONT cDNA","1597-2528","FLAIR","CQN","B80K20","BK80204",2.74742249690863
"Mouse","ONT cDNA","191-575","FLAIR","CQN","B80K20","BK80204",1.76677042509617
"Mouse","ONT cDNA","575-813","FLAIR","CQN","B80K20","BK80204",1.10110605039974
"Mouse","ONT cDNA","813-1597","FLAIR","CQN","B80K20","BK80204",1.16341385616229
"Mouse","ONT cDNA","1597-2528","FLAIR","CQN","B80K20","BK80205",2.69335564248555
"Mouse","ONT cDNA","191-575","FLAIR","CQN","B80K20","BK80205",1.77786531222413
"Mouse","ONT cDNA","575-813","FLAIR","CQN","B80K20","BK80205",1.21866389924266
"Mouse","ONT cDNA","813-1597","FLAIR","CQN","B80K20","BK80205",0.997984207127776
"Mouse","ONT cDNA","1597-2528","FLAIR","CQN","Kidney","K31",2.57125028193877
"Mouse","ONT cDNA","191-575","FLAIR","CQN","Kidney","K31",1.0095542008265601
"Mouse","ONT cDNA","575-813","FLAIR","CQN","Kidney","K31",1.01938640807838
"Mouse","ONT cDNA","813-1597","FLAIR","CQN","Kidney","K31",1.01270412765232
"Mouse","ONT cDNA","1597-2528","FLAIR","CQN","Kidney","K32",2.64299185799042
"Mouse","ONT cDNA","191-575","FLAIR","CQN","Kidney","K32",0.990176018911848
"Mouse","ONT cDNA","575-813","FLAIR","CQN","Kidney","K32",1.0296111574035
"Mouse","ONT cDNA","813-1597","FLAIR","CQN","Kidney","K32",1.05989268434375
"Mouse","ONT cDNA","1597-2528","FLAIR","CQN","Kidney","K33",2.58466864941981
"Mouse","ONT cDNA","191-575","FLAIR","CQN","Kidney","K33",0.961463664339606
"Mouse","ONT cDNA","575-813","FLAIR","CQN","Kidney","K33",1.01856432972944
"Mouse","ONT cDNA","813-1597","FLAIR","CQN","Kidney","K33",1.0930829635248
"Mouse","ONT cDNA","1597-2528","FLAIR","CQN","Kidney","K34",2.53543912606209
"Mouse","ONT cDNA","191-575","FLAIR","CQN","Kidney","K34",0.919695063423982
"Mouse","ONT cDNA","575-813","FLAIR","CQN","Kidney","K34",1.08657471761095
"Mouse","ONT cDNA","813-1597","FLAIR","CQN","Kidney","K34",0.956216597434993
"Mouse","ONT cDNA","1597-2528","FLAIR","CQN","Kidney","K35",2.51706933470215
"Mouse","ONT cDNA","191-575","FLAIR","CQN","Kidney","K35",0.973628367027871
"Mouse","ONT cDNA","575-813","FLAIR","CQN","Kidney","K35",1.03230248557262
"Mouse","ONT cDNA","813-1597","FLAIR","CQN","Kidney","K35",0.94021773426289
"Mouse","ONT cDNA","1597-2528","FLAIR","EDASeq","Brain","B31",2.97877471284822
"Mouse","ONT cDNA","191-575","FLAIR","EDASeq","Brain","B31",1.35171313058688
"Mouse","ONT cDNA","575-813","FLAIR","EDASeq","Brain","B31",1.03999486797608
"Mouse","ONT cDNA","813-1597","FLAIR","EDASeq","Brain","B31",1.19097876221075
"Mouse","ONT cDNA","1597-2528","FLAIR","EDASeq","Brain","B32",2.94602559937943
"Mouse","ONT cDNA","191-575","FLAIR","EDASeq","Brain","B32",1.33297927683516
"Mouse","ONT cDNA","575-813","FLAIR","EDASeq","Brain","B32",1.1232132575616
"Mouse","ONT cDNA","813-1597","FLAIR","EDASeq","Brain","B32",1.28914226892259
"Mouse","ONT cDNA","1597-2528","FLAIR","EDASeq","Brain","B33",2.89333145807791
"Mouse","ONT cDNA","191-575","FLAIR","EDASeq","Brain","B33",1.36803749807694
"Mouse","ONT cDNA","575-813","FLAIR","EDASeq","Brain","B33",1.05780705749871
"Mouse","ONT cDNA","813-1597","FLAIR","EDASeq","Brain","B33",1.22341224439192
"Mouse","ONT cDNA","1597-2528","FLAIR","EDASeq","Brain","B34",2.89208841707988
"Mouse","ONT cDNA","191-575","FLAIR","EDASeq","Brain","B34",1.37256093946147
"Mouse","ONT cDNA","575-813","FLAIR","EDASeq","Brain","B34",1.04881011390058
"Mouse","ONT cDNA","813-1597","FLAIR","EDASeq","Brain","B34",1.16798796515372
"Mouse","ONT cDNA","1597-2528","FLAIR","EDASeq","Brain","B35",2.87829461740807
"Mouse","ONT cDNA","191-575","FLAIR","EDASeq","Brain","B35",1.50588292268054
"Mouse","ONT cDNA","575-813","FLAIR","EDASeq","Brain","B35",1.12979230674422
"Mouse","ONT cDNA","813-1597","FLAIR","EDASeq","Brain","B35",1.19571621075011
"Mouse","ONT cDNA","1597-2528","FLAIR","EDASeq","B20K80","BK20801",3.26554391738234
"Mouse","ONT cDNA","191-575","FLAIR","EDASeq","B20K80","BK20801",1.2682192565372301
"Mouse","ONT cDNA","575-813","FLAIR","EDASeq","B20K80","BK20801",1.29753468397495
"Mouse","ONT cDNA","813-1597","FLAIR","EDASeq","B20K80","BK20801",1.48228921829574
"Mouse","ONT cDNA","1597-2528","FLAIR","EDASeq","B20K80","BK20802",3.40104396716877
"Mouse","ONT cDNA","191-575","FLAIR","EDASeq","B20K80","BK20802",1.20572636263341
"Mouse","ONT cDNA","575-813","FLAIR","EDASeq","B20K80","BK20802",1.37779811162498
"Mouse","ONT cDNA","813-1597","FLAIR","EDASeq","B20K80","BK20802",1.62244872137236
"Mouse","ONT cDNA","1597-2528","FLAIR","EDASeq","B20K80","BK20803",3.33011647924888
"Mouse","ONT cDNA","191-575","FLAIR","EDASeq","B20K80","BK20803",1.21496949540181
"Mouse","ONT cDNA","575-813","FLAIR","EDASeq","B20K80","BK20803",1.31649405230142
"Mouse","ONT cDNA","813-1597","FLAIR","EDASeq","B20K80","BK20803",1.59381887014499
"Mouse","ONT cDNA","1597-2528","FLAIR","EDASeq","B20K80","BK20804",3.30439779824779
"Mouse","ONT cDNA","191-575","FLAIR","EDASeq","B20K80","BK20804",1.31946833485246
"Mouse","ONT cDNA","575-813","FLAIR","EDASeq","B20K80","BK20804",1.31686594820518
"Mouse","ONT cDNA","813-1597","FLAIR","EDASeq","B20K80","BK20804",1.57181952457661
"Mouse","ONT cDNA","1597-2528","FLAIR","EDASeq","B20K80","BK20805",3.27353969239077
"Mouse","ONT cDNA","191-575","FLAIR","EDASeq","B20K80","BK20805",1.23714147772194
"Mouse","ONT cDNA","575-813","FLAIR","EDASeq","B20K80","BK20805",1.34047291841522
"Mouse","ONT cDNA","813-1597","FLAIR","EDASeq","B20K80","BK20805",1.50267917484217
"Mouse","ONT cDNA","1597-2528","FLAIR","EDASeq","B80K20","BK80201",2.95534402990928
"Mouse","ONT cDNA","191-575","FLAIR","EDASeq","B80K20","BK80201",1.51722513721176
"Mouse","ONT cDNA","575-813","FLAIR","EDASeq","B80K20","BK80201",1.12712877948461
"Mouse","ONT cDNA","813-1597","FLAIR","EDASeq","B80K20","BK80201",1.29191477421188
"Mouse","ONT cDNA","1597-2528","FLAIR","EDASeq","B80K20","BK80202",3.01155423100743
"Mouse","ONT cDNA","191-575","FLAIR","EDASeq","B80K20","BK80202",1.51070372325327
"Mouse","ONT cDNA","575-813","FLAIR","EDASeq","B80K20","BK80202",1.15333825194118
"Mouse","ONT cDNA","813-1597","FLAIR","EDASeq","B80K20","BK80202",1.35293415145436
"Mouse","ONT cDNA","1597-2528","FLAIR","EDASeq","B80K20","BK80203",2.98151920134872
"Mouse","ONT cDNA","191-575","FLAIR","EDASeq","B80K20","BK80203",1.47419977215322
"Mouse","ONT cDNA","575-813","FLAIR","EDASeq","B80K20","BK80203",1.16088783137677
"Mouse","ONT cDNA","813-1597","FLAIR","EDASeq","B80K20","BK80203",1.36655396812221
"Mouse","ONT cDNA","1597-2528","FLAIR","EDASeq","B80K20","BK80204",2.95944263832838
"Mouse","ONT cDNA","191-575","FLAIR","EDASeq","B80K20","BK80204",1.42802545577616
"Mouse","ONT cDNA","575-813","FLAIR","EDASeq","B80K20","BK80204",1.08364658179626
"Mouse","ONT cDNA","813-1597","FLAIR","EDASeq","B80K20","BK80204",1.32288391321419
"Mouse","ONT cDNA","1597-2528","FLAIR","EDASeq","B80K20","BK80205",2.90814865408139
"Mouse","ONT cDNA","191-575","FLAIR","EDASeq","B80K20","BK80205",1.48420196988498
"Mouse","ONT cDNA","575-813","FLAIR","EDASeq","B80K20","BK80205",1.18410824531749
"Mouse","ONT cDNA","813-1597","FLAIR","EDASeq","B80K20","BK80205",1.26320236703924
"Mouse","ONT cDNA","1597-2528","FLAIR","EDASeq","Kidney","K31",2.86642604772751
"Mouse","ONT cDNA","191-575","FLAIR","EDASeq","Kidney","K31",1.28437959081718
"Mouse","ONT cDNA","575-813","FLAIR","EDASeq","Kidney","K31",1.07958065067629
"Mouse","ONT cDNA","813-1597","FLAIR","EDASeq","Kidney","K31",1.34958077262141
"Mouse","ONT cDNA","1597-2528","FLAIR","EDASeq","Kidney","K32",3.0306565638268
"Mouse","ONT cDNA","191-575","FLAIR","EDASeq","Kidney","K32",1.20485898487964
"Mouse","ONT cDNA","575-813","FLAIR","EDASeq","Kidney","K32",1.13291788550488
"Mouse","ONT cDNA","813-1597","FLAIR","EDASeq","Kidney","K32",1.45530760104957
"Mouse","ONT cDNA","1597-2528","FLAIR","EDASeq","Kidney","K33",2.91224510441075
"Mouse","ONT cDNA","191-575","FLAIR","EDASeq","Kidney","K33",1.15609719982479
"Mouse","ONT cDNA","575-813","FLAIR","EDASeq","Kidney","K33",1.1048616359102
"Mouse","ONT cDNA","813-1597","FLAIR","EDASeq","Kidney","K33",1.47498953906537
"Mouse","ONT cDNA","1597-2528","FLAIR","EDASeq","Kidney","K34",2.85947546097297
"Mouse","ONT cDNA","191-575","FLAIR","EDASeq","Kidney","K34",1.15758257638114
"Mouse","ONT cDNA","575-813","FLAIR","EDASeq","Kidney","K34",1.20145283271032
"Mouse","ONT cDNA","813-1597","FLAIR","EDASeq","Kidney","K34",1.27368328652377
"Mouse","ONT cDNA","1597-2528","FLAIR","EDASeq","Kidney","K35",2.78757565283092
"Mouse","ONT cDNA","191-575","FLAIR","EDASeq","Kidney","K35",1.20697163523712
"Mouse","ONT cDNA","575-813","FLAIR","EDASeq","Kidney","K35",1.11261162610475
"Mouse","ONT cDNA","813-1597","FLAIR","EDASeq","Kidney","K35",1.21495567790523
"Mouse","ONT cDNA","1597-2528","FLAIR","SMR","Brain","B31",2.32814988120966
"Mouse","ONT cDNA","191-575","FLAIR","SMR","Brain","B31",0.2236671061211
"Mouse","ONT cDNA","575-813","FLAIR","SMR","Brain","B31",0.126135267487141
"Mouse","ONT cDNA","813-1597","FLAIR","SMR","Brain","B31",0.223925089821289
"Mouse","ONT cDNA","1597-2528","FLAIR","SMR","Brain","B32",2.30766340518739
"Mouse","ONT cDNA","191-575","FLAIR","SMR","Brain","B32",0.238149213460805
"Mouse","ONT cDNA","575-813","FLAIR","SMR","Brain","B32",0.14352396984047
"Mouse","ONT cDNA","813-1597","FLAIR","SMR","Brain","B32",0.175079686849071
"Mouse","ONT cDNA","1597-2528","FLAIR","SMR","Brain","B33",2.31024047249171
"Mouse","ONT cDNA","191-575","FLAIR","SMR","Brain","B33",0.230266887503783
"Mouse","ONT cDNA","575-813","FLAIR","SMR","Brain","B33",0.131877844338962
"Mouse","ONT cDNA","813-1597","FLAIR","SMR","Brain","B33",0.221004302487371
"Mouse","ONT cDNA","1597-2528","FLAIR","SMR","Brain","B34",2.3129798237925
"Mouse","ONT cDNA","191-575","FLAIR","SMR","Brain","B34",0.231176763644408
"Mouse","ONT cDNA","575-813","FLAIR","SMR","Brain","B34",0.139901853838419
"Mouse","ONT cDNA","813-1597","FLAIR","SMR","Brain","B34",0.225675477595418
"Mouse","ONT cDNA","1597-2528","FLAIR","SMR","Brain","B35",2.3065829895295
"Mouse","ONT cDNA","191-575","FLAIR","SMR","Brain","B35",0.333087244990632
"Mouse","ONT cDNA","575-813","FLAIR","SMR","Brain","B35",0.135665732172801
"Mouse","ONT cDNA","813-1597","FLAIR","SMR","Brain","B35",0.200484257357269
"Mouse","ONT cDNA","1597-2528","FLAIR","SMR","B20K80","BK20801",3.00523708645241
"Mouse","ONT cDNA","191-575","FLAIR","SMR","B20K80","BK20801",0.537938415125316
"Mouse","ONT cDNA","575-813","FLAIR","SMR","B20K80","BK20801",0.760984523152397
"Mouse","ONT cDNA","813-1597","FLAIR","SMR","B20K80","BK20801",0.514807473903739
"Mouse","ONT cDNA","1597-2528","FLAIR","SMR","B20K80","BK20802",2.98191743796132
"Mouse","ONT cDNA","191-575","FLAIR","SMR","B20K80","BK20802",0.452106006554974
"Mouse","ONT cDNA","575-813","FLAIR","SMR","B20K80","BK20802",0.750363962579574
"Mouse","ONT cDNA","813-1597","FLAIR","SMR","B20K80","BK20802",0.477007976645557
"Mouse","ONT cDNA","1597-2528","FLAIR","SMR","B20K80","BK20803",2.99409322394464
"Mouse","ONT cDNA","191-575","FLAIR","SMR","B20K80","BK20803",0.513910075629821
"Mouse","ONT cDNA","575-813","FLAIR","SMR","B20K80","BK20803",0.768447244381938
"Mouse","ONT cDNA","813-1597","FLAIR","SMR","B20K80","BK20803",0.466823985229857
"Mouse","ONT cDNA","1597-2528","FLAIR","SMR","B20K80","BK20804",2.98844370472697
"Mouse","ONT cDNA","191-575","FLAIR","SMR","B20K80","BK20804",0.470588874761038
"Mouse","ONT cDNA","575-813","FLAIR","SMR","B20K80","BK20804",0.73929930709627
"Mouse","ONT cDNA","813-1597","FLAIR","SMR","B20K80","BK20804",0.553963834445496
"Mouse","ONT cDNA","1597-2528","FLAIR","SMR","B20K80","BK20805",2.98238730435119
"Mouse","ONT cDNA","191-575","FLAIR","SMR","B20K80","BK20805",0.515716528127232
"Mouse","ONT cDNA","575-813","FLAIR","SMR","B20K80","BK20805",0.757043080602675
"Mouse","ONT cDNA","813-1597","FLAIR","SMR","B20K80","BK20805",0.532213234167638
"Mouse","ONT cDNA","1597-2528","FLAIR","SMR","B80K20","BK80201",2.34953757279851
"Mouse","ONT cDNA","191-575","FLAIR","SMR","B80K20","BK80201",0.27098212551527
"Mouse","ONT cDNA","575-813","FLAIR","SMR","B80K20","BK80201",0.0933947336996922
"Mouse","ONT cDNA","813-1597","FLAIR","SMR","B80K20","BK80201",0.123894576557185
"Mouse","ONT cDNA","1597-2528","FLAIR","SMR","B80K20","BK80202",2.34429497435602
"Mouse","ONT cDNA","191-575","FLAIR","SMR","B80K20","BK80202",0.321663671391867
"Mouse","ONT cDNA","575-813","FLAIR","SMR","B80K20","BK80202",0.123129844802405
"Mouse","ONT cDNA","813-1597","FLAIR","SMR","B80K20","BK80202",0.101837051715431
"Mouse","ONT cDNA","1597-2528","FLAIR","SMR","B80K20","BK80203",2.35106799321861
"Mouse","ONT cDNA","191-575","FLAIR","SMR","B80K20","BK80203",0.336656664732819
"Mouse","ONT cDNA","575-813","FLAIR","SMR","B80K20","BK80203",0.131465639754846
"Mouse","ONT cDNA","813-1597","FLAIR","SMR","B80K20","BK80203",0.129925086419497
"Mouse","ONT cDNA","1597-2528","FLAIR","SMR","B80K20","BK80204",2.34650306714391
"Mouse","ONT cDNA","191-575","FLAIR","SMR","B80K20","BK80204",0.239028057750755
"Mouse","ONT cDNA","575-813","FLAIR","SMR","B80K20","BK80204",0.127245015099076
"Mouse","ONT cDNA","813-1597","FLAIR","SMR","B80K20","BK80204",0.106790377981564
"Mouse","ONT cDNA","1597-2528","FLAIR","SMR","B80K20","BK80205",2.35521557739508
"Mouse","ONT cDNA","191-575","FLAIR","SMR","B80K20","BK80205",0.263639711075697
"Mouse","ONT cDNA","575-813","FLAIR","SMR","B80K20","BK80205",0.137032996482143
"Mouse","ONT cDNA","813-1597","FLAIR","SMR","B80K20","BK80205",0.145002826843247
"Mouse","ONT cDNA","1597-2528","FLAIR","SMR","Kidney","K31",2.34898172707476
"Mouse","ONT cDNA","191-575","FLAIR","SMR","Kidney","K31",0.306775483266418
"Mouse","ONT cDNA","575-813","FLAIR","SMR","Kidney","K31",0.300900333430764
"Mouse","ONT cDNA","813-1597","FLAIR","SMR","Kidney","K31",0.299352702954011
"Mouse","ONT cDNA","1597-2528","FLAIR","SMR","Kidney","K32",2.35187289202122
"Mouse","ONT cDNA","191-575","FLAIR","SMR","Kidney","K32",0.254132686574955
"Mouse","ONT cDNA","575-813","FLAIR","SMR","Kidney","K32",0.328856986938571
"Mouse","ONT cDNA","813-1597","FLAIR","SMR","Kidney","K32",0.284747434973197
"Mouse","ONT cDNA","1597-2528","FLAIR","SMR","Kidney","K33",2.34902931830298
"Mouse","ONT cDNA","191-575","FLAIR","SMR","Kidney","K33",0.260014196243407
"Mouse","ONT cDNA","575-813","FLAIR","SMR","Kidney","K33",0.301766124497685
"Mouse","ONT cDNA","813-1597","FLAIR","SMR","Kidney","K33",0.3359596925357
"Mouse","ONT cDNA","1597-2528","FLAIR","SMR","Kidney","K34",2.35956843684765
"Mouse","ONT cDNA","191-575","FLAIR","SMR","Kidney","K34",0.319263193454289
"Mouse","ONT cDNA","575-813","FLAIR","SMR","Kidney","K34",0.314361034581801
"Mouse","ONT cDNA","813-1597","FLAIR","SMR","Kidney","K34",0.291263648840312
"Mouse","ONT cDNA","1597-2528","FLAIR","SMR","Kidney","K35",2.35239817418027
"Mouse","ONT cDNA","191-575","FLAIR","SMR","Kidney","K35",0.248891376542801
"Mouse","ONT cDNA","575-813","FLAIR","SMR","Kidney","K35",0.30900659288639
"Mouse","ONT cDNA","813-1597","FLAIR","SMR","Kidney","K35",0.346656557902661
"Mouse","ONT cDNA","1597-2528","FLAIR","TPM","Brain","B31",3.77371304710762
"Mouse","ONT cDNA","191-575","FLAIR","TPM","Brain","B31",1.1867656858859
"Mouse","ONT cDNA","575-813","FLAIR","TPM","Brain","B31",1.09039985094002
"Mouse","ONT cDNA","813-1597","FLAIR","TPM","Brain","B31",1.78961935668145
"Mouse","ONT cDNA","1597-2528","FLAIR","TPM","Brain","B32",3.60813952692823
"Mouse","ONT cDNA","191-575","FLAIR","TPM","Brain","B32",1.17646732846571
"Mouse","ONT cDNA","575-813","FLAIR","TPM","Brain","B32",1.17076682884046
"Mouse","ONT cDNA","813-1597","FLAIR","TPM","Brain","B32",1.80180892985364
"Mouse","ONT cDNA","1597-2528","FLAIR","TPM","Brain","B33",3.59022417896743
"Mouse","ONT cDNA","191-575","FLAIR","TPM","Brain","B33",1.20265555167723
"Mouse","ONT cDNA","575-813","FLAIR","TPM","Brain","B33",1.10439216864074
"Mouse","ONT cDNA","813-1597","FLAIR","TPM","Brain","B33",1.76318710349443
"Mouse","ONT cDNA","1597-2528","FLAIR","TPM","Brain","B34",3.63112542298438
"Mouse","ONT cDNA","191-575","FLAIR","TPM","Brain","B34",1.19878238024947
"Mouse","ONT cDNA","575-813","FLAIR","TPM","Brain","B34",1.09616493927009
"Mouse","ONT cDNA","813-1597","FLAIR","TPM","Brain","B34",1.74346085572991
"Mouse","ONT cDNA","1597-2528","FLAIR","TPM","Brain","B35",3.59315493449192
"Mouse","ONT cDNA","191-575","FLAIR","TPM","Brain","B35",1.32464247308067
"Mouse","ONT cDNA","575-813","FLAIR","TPM","Brain","B35",1.17564376634785
"Mouse","ONT cDNA","813-1597","FLAIR","TPM","Brain","B35",1.7493601531362
"Mouse","ONT cDNA","1597-2528","FLAIR","TPM","B20K80","BK20801",3.79346905530906
"Mouse","ONT cDNA","191-575","FLAIR","TPM","B20K80","BK20801",1.26735265023649
"Mouse","ONT cDNA","575-813","FLAIR","TPM","B20K80","BK20801",1.35863410721093
"Mouse","ONT cDNA","813-1597","FLAIR","TPM","B20K80","BK20801",2.01262848927428
"Mouse","ONT cDNA","1597-2528","FLAIR","TPM","B20K80","BK20802",3.90143202056007
"Mouse","ONT cDNA","191-575","FLAIR","TPM","B20K80","BK20802",1.18711441013825
"Mouse","ONT cDNA","575-813","FLAIR","TPM","B20K80","BK20802",1.42479832432458
"Mouse","ONT cDNA","813-1597","FLAIR","TPM","B20K80","BK20802",2.07347724997153
"Mouse","ONT cDNA","1597-2528","FLAIR","TPM","B20K80","BK20803",3.8612231425584
"Mouse","ONT cDNA","191-575","FLAIR","TPM","B20K80","BK20803",1.2124087098878
"Mouse","ONT cDNA","575-813","FLAIR","TPM","B20K80","BK20803",1.37338153848869
"Mouse","ONT cDNA","813-1597","FLAIR","TPM","B20K80","BK20803",2.11435741492641
"Mouse","ONT cDNA","1597-2528","FLAIR","TPM","B20K80","BK20804",3.84769625872972
"Mouse","ONT cDNA","191-575","FLAIR","TPM","B20K80","BK20804",1.31231823106682
"Mouse","ONT cDNA","575-813","FLAIR","TPM","B20K80","BK20804",1.37190499245112
"Mouse","ONT cDNA","813-1597","FLAIR","TPM","B20K80","BK20804",2.07096998801693
"Mouse","ONT cDNA","1597-2528","FLAIR","TPM","B20K80","BK20805",3.84808649546213
"Mouse","ONT cDNA","191-575","FLAIR","TPM","B20K80","BK20805",1.2385241094869
"Mouse","ONT cDNA","575-813","FLAIR","TPM","B20K80","BK20805",1.40293607048523
"Mouse","ONT cDNA","813-1597","FLAIR","TPM","B20K80","BK20805",2.06237477727514
"Mouse","ONT cDNA","1597-2528","FLAIR","TPM","B80K20","BK80201",3.74793062930765
"Mouse","ONT cDNA","191-575","FLAIR","TPM","B80K20","BK80201",1.33964766650555
"Mouse","ONT cDNA","575-813","FLAIR","TPM","B80K20","BK80201",1.17938562832567
"Mouse","ONT cDNA","813-1597","FLAIR","TPM","B80K20","BK80201",1.87979502894557
"Mouse","ONT cDNA","1597-2528","FLAIR","TPM","B80K20","BK80202",3.745620554096
"Mouse","ONT cDNA","191-575","FLAIR","TPM","B80K20","BK80202",1.37065036991274
"Mouse","ONT cDNA","575-813","FLAIR","TPM","B80K20","BK80202",1.2027971280353
"Mouse","ONT cDNA","813-1597","FLAIR","TPM","B80K20","BK80202",1.89073832162827
"Mouse","ONT cDNA","1597-2528","FLAIR","TPM","B80K20","BK80203",3.71285135064592
"Mouse","ONT cDNA","191-575","FLAIR","TPM","B80K20","BK80203",1.32619676790423
"Mouse","ONT cDNA","575-813","FLAIR","TPM","B80K20","BK80203",1.21044104936748
"Mouse","ONT cDNA","813-1597","FLAIR","TPM","B80K20","BK80203",1.92217869228735
"Mouse","ONT cDNA","1597-2528","FLAIR","TPM","B80K20","BK80204",3.78202171360782
"Mouse","ONT cDNA","191-575","FLAIR","TPM","B80K20","BK80204",1.26853414136869
"Mouse","ONT cDNA","575-813","FLAIR","TPM","B80K20","BK80204",1.13801233047697
"Mouse","ONT cDNA","813-1597","FLAIR","TPM","B80K20","BK80204",1.92613072678312
"Mouse","ONT cDNA","1597-2528","FLAIR","TPM","B80K20","BK80205",3.73743058360923
"Mouse","ONT cDNA","191-575","FLAIR","TPM","B80K20","BK80205",1.30702504884466
"Mouse","ONT cDNA","575-813","FLAIR","TPM","B80K20","BK80205",1.2395272511082
"Mouse","ONT cDNA","813-1597","FLAIR","TPM","B80K20","BK80205",1.89960597773179
"Mouse","ONT cDNA","1597-2528","FLAIR","TPM","Kidney","K31",3.67017758781013
"Mouse","ONT cDNA","191-575","FLAIR","TPM","Kidney","K31",1.27797841349386
"Mouse","ONT cDNA","575-813","FLAIR","TPM","Kidney","K31",1.10963017867984
"Mouse","ONT cDNA","813-1597","FLAIR","TPM","Kidney","K31",1.91890844281389
"Mouse","ONT cDNA","1597-2528","FLAIR","TPM","Kidney","K32",3.68648196342662
"Mouse","ONT cDNA","191-575","FLAIR","TPM","Kidney","K32",1.24323918014752
"Mouse","ONT cDNA","575-813","FLAIR","TPM","Kidney","K32",1.15014648400421
"Mouse","ONT cDNA","813-1597","FLAIR","TPM","Kidney","K32",1.88059144323289
"Mouse","ONT cDNA","1597-2528","FLAIR","TPM","Kidney","K33",3.65150140734908
"Mouse","ONT cDNA","191-575","FLAIR","TPM","Kidney","K33",1.18840772537059
"Mouse","ONT cDNA","575-813","FLAIR","TPM","Kidney","K33",1.13095772228957
"Mouse","ONT cDNA","813-1597","FLAIR","TPM","Kidney","K33",1.97101403160674
"Mouse","ONT cDNA","1597-2528","FLAIR","TPM","Kidney","K34",3.49649633733709
"Mouse","ONT cDNA","191-575","FLAIR","TPM","Kidney","K34",1.19214322849727
"Mouse","ONT cDNA","575-813","FLAIR","TPM","Kidney","K34",1.22017511037528
"Mouse","ONT cDNA","813-1597","FLAIR","TPM","Kidney","K34",1.68626178958827
"Mouse","ONT cDNA","1597-2528","FLAIR","TPM","Kidney","K35",3.54500209334796
"Mouse","ONT cDNA","191-575","FLAIR","TPM","Kidney","K35",1.21547862999076
"Mouse","ONT cDNA","575-813","FLAIR","TPM","Kidney","K35",1.13505553575124
"Mouse","ONT cDNA","813-1597","FLAIR","TPM","Kidney","K35",1.73645972122117
"Mouse","ONT cDNA","1597-2528","IsoQuant","CPM","Brain","B31",3.21751900206448
"Mouse","ONT cDNA","191-575","IsoQuant","CPM","Brain","B31",0.987489147180502
"Mouse","ONT cDNA","575-813","IsoQuant","CPM","Brain","B31",2.53925262564083
"Mouse","ONT cDNA","813-1597","IsoQuant","CPM","Brain","B31",2.74647564241768
"Mouse","ONT cDNA","1597-2528","IsoQuant","CPM","Brain","B32",3.06395708882861
"Mouse","ONT cDNA","191-575","IsoQuant","CPM","Brain","B32",1.00851063473525
"Mouse","ONT cDNA","575-813","IsoQuant","CPM","Brain","B32",2.56450502214931
"Mouse","ONT cDNA","813-1597","IsoQuant","CPM","Brain","B32",2.75249247908464
"Mouse","ONT cDNA","1597-2528","IsoQuant","CPM","Brain","B33",3.06491138927246
"Mouse","ONT cDNA","191-575","IsoQuant","CPM","Brain","B33",1.0147766939714
"Mouse","ONT cDNA","575-813","IsoQuant","CPM","Brain","B33",2.54431275451391
"Mouse","ONT cDNA","813-1597","IsoQuant","CPM","Brain","B33",2.74611352742187
"Mouse","ONT cDNA","1597-2528","IsoQuant","CPM","Brain","B34",3.11117769056454
"Mouse","ONT cDNA","191-575","IsoQuant","CPM","Brain","B34",1.00275486443009
"Mouse","ONT cDNA","575-813","IsoQuant","CPM","Brain","B34",2.54675119946775
"Mouse","ONT cDNA","813-1597","IsoQuant","CPM","Brain","B34",2.74337055980747
"Mouse","ONT cDNA","1597-2528","IsoQuant","CPM","Brain","B35",3.03862976478253
"Mouse","ONT cDNA","191-575","IsoQuant","CPM","Brain","B35",1.04190385808452
"Mouse","ONT cDNA","575-813","IsoQuant","CPM","Brain","B35",2.55710922839548
"Mouse","ONT cDNA","813-1597","IsoQuant","CPM","Brain","B35",2.75494527220747
"Mouse","ONT cDNA","1597-2528","IsoQuant","CPM","B20K80","BK20801",2.96716442893197
"Mouse","ONT cDNA","191-575","IsoQuant","CPM","B20K80","BK20801",1.09411427417016
"Mouse","ONT cDNA","575-813","IsoQuant","CPM","B20K80","BK20801",2.67898382177413
"Mouse","ONT cDNA","813-1597","IsoQuant","CPM","B20K80","BK20801",2.89181819382031
"Mouse","ONT cDNA","1597-2528","IsoQuant","CPM","B20K80","BK20802",3.15481822785074
"Mouse","ONT cDNA","191-575","IsoQuant","CPM","B20K80","BK20802",1.06641335220198
"Mouse","ONT cDNA","575-813","IsoQuant","CPM","B20K80","BK20802",2.70556266816787
"Mouse","ONT cDNA","813-1597","IsoQuant","CPM","B20K80","BK20802",2.93318843241012
"Mouse","ONT cDNA","1597-2528","IsoQuant","CPM","B20K80","BK20803",3.36551749802739
"Mouse","ONT cDNA","191-575","IsoQuant","CPM","B20K80","BK20803",1.03724721873689
"Mouse","ONT cDNA","575-813","IsoQuant","CPM","B20K80","BK20803",2.66380669089118
"Mouse","ONT cDNA","813-1597","IsoQuant","CPM","B20K80","BK20803",2.98293487332787
"Mouse","ONT cDNA","1597-2528","IsoQuant","CPM","B20K80","BK20804",3.05139477041462
"Mouse","ONT cDNA","191-575","IsoQuant","CPM","B20K80","BK20804",1.10707554256696
"Mouse","ONT cDNA","575-813","IsoQuant","CPM","B20K80","BK20804",2.70909725873356
"Mouse","ONT cDNA","813-1597","IsoQuant","CPM","B20K80","BK20804",2.91442711253501
"Mouse","ONT cDNA","1597-2528","IsoQuant","CPM","B20K80","BK20805",3.30884252018091
"Mouse","ONT cDNA","191-575","IsoQuant","CPM","B20K80","BK20805",1.08887667143412
"Mouse","ONT cDNA","575-813","IsoQuant","CPM","B20K80","BK20805",2.67774432337559
"Mouse","ONT cDNA","813-1597","IsoQuant","CPM","B20K80","BK20805",2.92204542564424
"Mouse","ONT cDNA","1597-2528","IsoQuant","CPM","B80K20","BK80201",3.18183793999244
"Mouse","ONT cDNA","191-575","IsoQuant","CPM","B80K20","BK80201",1.07070830164293
"Mouse","ONT cDNA","575-813","IsoQuant","CPM","B80K20","BK80201",1.13919994395537
"Mouse","ONT cDNA","813-1597","IsoQuant","CPM","B80K20","BK80201",2.72043986732914
"Mouse","ONT cDNA","1597-2528","IsoQuant","CPM","B80K20","BK80202",3.15257648644628
"Mouse","ONT cDNA","191-575","IsoQuant","CPM","B80K20","BK80202",1.06175129468773
"Mouse","ONT cDNA","575-813","IsoQuant","CPM","B80K20","BK80202",1.16104892827862
"Mouse","ONT cDNA","813-1597","IsoQuant","CPM","B80K20","BK80202",2.73633337735088
"Mouse","ONT cDNA","1597-2528","IsoQuant","CPM","B80K20","BK80203",3.05778618543717
"Mouse","ONT cDNA","191-575","IsoQuant","CPM","B80K20","BK80203",1.01507333580812
"Mouse","ONT cDNA","575-813","IsoQuant","CPM","B80K20","BK80203",1.18459830197147
"Mouse","ONT cDNA","813-1597","IsoQuant","CPM","B80K20","BK80203",2.73478301032785
"Mouse","ONT cDNA","1597-2528","IsoQuant","CPM","B80K20","BK80204",3.1677187543197
"Mouse","ONT cDNA","191-575","IsoQuant","CPM","B80K20","BK80204",1.03318307975704
"Mouse","ONT cDNA","575-813","IsoQuant","CPM","B80K20","BK80204",1.10373718099418
"Mouse","ONT cDNA","813-1597","IsoQuant","CPM","B80K20","BK80204",2.73592449000418
"Mouse","ONT cDNA","1597-2528","IsoQuant","CPM","B80K20","BK80205",3.14612158796266
"Mouse","ONT cDNA","191-575","IsoQuant","CPM","B80K20","BK80205",1.03408154138274
"Mouse","ONT cDNA","575-813","IsoQuant","CPM","B80K20","BK80205",1.21375378242714
"Mouse","ONT cDNA","813-1597","IsoQuant","CPM","B80K20","BK80205",2.72789919954496
"Mouse","ONT cDNA","1597-2528","IsoQuant","CPM","Kidney","K31",3.09039649505106
"Mouse","ONT cDNA","191-575","IsoQuant","CPM","Kidney","K31",0.978883475202804
"Mouse","ONT cDNA","575-813","IsoQuant","CPM","Kidney","K31",1.02927195916361
"Mouse","ONT cDNA","813-1597","IsoQuant","CPM","Kidney","K31",2.82520225514434
"Mouse","ONT cDNA","1597-2528","IsoQuant","CPM","Kidney","K32",3.08871531293085
"Mouse","ONT cDNA","191-575","IsoQuant","CPM","Kidney","K32",1.00850183404409
"Mouse","ONT cDNA","575-813","IsoQuant","CPM","Kidney","K32",1.03716760811178
"Mouse","ONT cDNA","813-1597","IsoQuant","CPM","Kidney","K32",2.79905756975659
"Mouse","ONT cDNA","1597-2528","IsoQuant","CPM","Kidney","K33",3.0606307021531
"Mouse","ONT cDNA","191-575","IsoQuant","CPM","Kidney","K33",1.02433615499821
"Mouse","ONT cDNA","575-813","IsoQuant","CPM","Kidney","K33",1.02893210687986
"Mouse","ONT cDNA","813-1597","IsoQuant","CPM","Kidney","K33",2.88031233084002
"Mouse","ONT cDNA","1597-2528","IsoQuant","CPM","Kidney","K34",2.94181169068709
"Mouse","ONT cDNA","191-575","IsoQuant","CPM","Kidney","K34",1.06366069516474
"Mouse","ONT cDNA","575-813","IsoQuant","CPM","Kidney","K34",1.16612780098905
"Mouse","ONT cDNA","813-1597","IsoQuant","CPM","Kidney","K34",2.72820562181114
"Mouse","ONT cDNA","1597-2528","IsoQuant","CPM","Kidney","K35",2.946551635352
"Mouse","ONT cDNA","191-575","IsoQuant","CPM","Kidney","K35",1.00178842581283
"Mouse","ONT cDNA","575-813","IsoQuant","CPM","Kidney","K35",1.05166327180663
"Mouse","ONT cDNA","813-1597","IsoQuant","CPM","Kidney","K35",2.77556822061452
"Mouse","ONT cDNA","1597-2528","IsoQuant","CQN","Brain","B31",2.81786161957703
"Mouse","ONT cDNA","191-575","IsoQuant","CQN","Brain","B31",1.17240022723553
"Mouse","ONT cDNA","575-813","IsoQuant","CQN","Brain","B31",2.37389965830878
"Mouse","ONT cDNA","813-1597","IsoQuant","CQN","Brain","B31",2.62846328653388
"Mouse","ONT cDNA","1597-2528","IsoQuant","CQN","Brain","B32",2.85939021509825
"Mouse","ONT cDNA","191-575","IsoQuant","CQN","Brain","B32",1.17533746784763
"Mouse","ONT cDNA","575-813","IsoQuant","CQN","Brain","B32",2.40149159439371
"Mouse","ONT cDNA","813-1597","IsoQuant","CQN","Brain","B32",2.68345463160425
"Mouse","ONT cDNA","1597-2528","IsoQuant","CQN","Brain","B33",2.79992574356845
"Mouse","ONT cDNA","191-575","IsoQuant","CQN","Brain","B33",1.21409852354044
"Mouse","ONT cDNA","575-813","IsoQuant","CQN","Brain","B33",2.35462438585365
"Mouse","ONT cDNA","813-1597","IsoQuant","CQN","Brain","B33",2.66560129331444
"Mouse","ONT cDNA","1597-2528","IsoQuant","CQN","Brain","B34",2.79254114050294
"Mouse","ONT cDNA","191-575","IsoQuant","CQN","Brain","B34",1.19340033339924
"Mouse","ONT cDNA","575-813","IsoQuant","CQN","Brain","B34",2.34675874669958
"Mouse","ONT cDNA","813-1597","IsoQuant","CQN","Brain","B34",2.64659790287428
"Mouse","ONT cDNA","1597-2528","IsoQuant","CQN","Brain","B35",2.74644039323061
"Mouse","ONT cDNA","191-575","IsoQuant","CQN","Brain","B35",1.1832940310759
"Mouse","ONT cDNA","575-813","IsoQuant","CQN","Brain","B35",2.31339952632562
"Mouse","ONT cDNA","813-1597","IsoQuant","CQN","Brain","B35",2.6421924915967
"Mouse","ONT cDNA","1597-2528","IsoQuant","CQN","B20K80","BK20801",2.50870903168542
"Mouse","ONT cDNA","191-575","IsoQuant","CQN","B20K80","BK20801",1.15919054557113
"Mouse","ONT cDNA","575-813","IsoQuant","CQN","B20K80","BK20801",2.35476915840282
"Mouse","ONT cDNA","813-1597","IsoQuant","CQN","B20K80","BK20801",2.81975754184146
"Mouse","ONT cDNA","1597-2528","IsoQuant","CQN","B20K80","BK20802",2.64716897476047
"Mouse","ONT cDNA","191-575","IsoQuant","CQN","B20K80","BK20802",1.04218520085176
"Mouse","ONT cDNA","575-813","IsoQuant","CQN","B20K80","BK20802",2.38752014780811
"Mouse","ONT cDNA","813-1597","IsoQuant","CQN","B20K80","BK20802",2.8679277314179
"Mouse","ONT cDNA","1597-2528","IsoQuant","CQN","B20K80","BK20803",2.57433543553273
"Mouse","ONT cDNA","191-575","IsoQuant","CQN","B20K80","BK20803",1.0992790953802
"Mouse","ONT cDNA","575-813","IsoQuant","CQN","B20K80","BK20803",2.27248125103258
"Mouse","ONT cDNA","813-1597","IsoQuant","CQN","B20K80","BK20803",2.94055540612493
"Mouse","ONT cDNA","1597-2528","IsoQuant","CQN","B20K80","BK20804",2.45634216609612
"Mouse","ONT cDNA","191-575","IsoQuant","CQN","B20K80","BK20804",1.08126434009707
"Mouse","ONT cDNA","575-813","IsoQuant","CQN","B20K80","BK20804",2.23695903013691
"Mouse","ONT cDNA","813-1597","IsoQuant","CQN","B20K80","BK20804",2.85351616646696
"Mouse","ONT cDNA","1597-2528","IsoQuant","CQN","B20K80","BK20805",2.46667902468052
"Mouse","ONT cDNA","191-575","IsoQuant","CQN","B20K80","BK20805",1.09580611563269
"Mouse","ONT cDNA","575-813","IsoQuant","CQN","B20K80","BK20805",2.2362146423733
"Mouse","ONT cDNA","813-1597","IsoQuant","CQN","B20K80","BK20805",2.83629154423216
"Mouse","ONT cDNA","1597-2528","IsoQuant","CQN","B80K20","BK80201",2.74527898934706
"Mouse","ONT cDNA","191-575","IsoQuant","CQN","B80K20","BK80201",1.12505318978346
"Mouse","ONT cDNA","575-813","IsoQuant","CQN","B80K20","BK80201",1.16999434574467
"Mouse","ONT cDNA","813-1597","IsoQuant","CQN","B80K20","BK80201",2.651903590267
"Mouse","ONT cDNA","1597-2528","IsoQuant","CQN","B80K20","BK80202",2.8363736431465
"Mouse","ONT cDNA","191-575","IsoQuant","CQN","B80K20","BK80202",1.09838317164263
"Mouse","ONT cDNA","575-813","IsoQuant","CQN","B80K20","BK80202",1.20539415804952
"Mouse","ONT cDNA","813-1597","IsoQuant","CQN","B80K20","BK80202",2.72462408187576
"Mouse","ONT cDNA","1597-2528","IsoQuant","CQN","B80K20","BK80203",2.69027907626099
"Mouse","ONT cDNA","191-575","IsoQuant","CQN","B80K20","BK80203",1.04535014450561
"Mouse","ONT cDNA","575-813","IsoQuant","CQN","B80K20","BK80203",1.20969076442185
"Mouse","ONT cDNA","813-1597","IsoQuant","CQN","B80K20","BK80203",2.69414601358048
"Mouse","ONT cDNA","1597-2528","IsoQuant","CQN","B80K20","BK80204",2.70802361417048
"Mouse","ONT cDNA","191-575","IsoQuant","CQN","B80K20","BK80204",1.04865263482343
"Mouse","ONT cDNA","575-813","IsoQuant","CQN","B80K20","BK80204",1.11640351763669
"Mouse","ONT cDNA","813-1597","IsoQuant","CQN","B80K20","BK80204",2.69184460330983
"Mouse","ONT cDNA","1597-2528","IsoQuant","CQN","B80K20","BK80205",2.68236617637926
"Mouse","ONT cDNA","191-575","IsoQuant","CQN","B80K20","BK80205",1.07433983474991
"Mouse","ONT cDNA","575-813","IsoQuant","CQN","B80K20","BK80205",1.26467278052766
"Mouse","ONT cDNA","813-1597","IsoQuant","CQN","B80K20","BK80205",2.697092933698
"Mouse","ONT cDNA","1597-2528","IsoQuant","CQN","Kidney","K31",2.48464169705044
"Mouse","ONT cDNA","191-575","IsoQuant","CQN","Kidney","K31",0.804909308144727
"Mouse","ONT cDNA","575-813","IsoQuant","CQN","Kidney","K31",1.07572493894388
"Mouse","ONT cDNA","813-1597","IsoQuant","CQN","Kidney","K31",2.59703830977463
"Mouse","ONT cDNA","1597-2528","IsoQuant","CQN","Kidney","K32",2.62781921766256
"Mouse","ONT cDNA","191-575","IsoQuant","CQN","Kidney","K32",0.84495467262718
"Mouse","ONT cDNA","575-813","IsoQuant","CQN","Kidney","K32",1.06803133290352
"Mouse","ONT cDNA","813-1597","IsoQuant","CQN","Kidney","K32",2.61767971973834
"Mouse","ONT cDNA","1597-2528","IsoQuant","CQN","Kidney","K33",2.53708010616718
"Mouse","ONT cDNA","191-575","IsoQuant","CQN","Kidney","K33",0.845818853868434
"Mouse","ONT cDNA","575-813","IsoQuant","CQN","Kidney","K33",1.06410421260424
"Mouse","ONT cDNA","813-1597","IsoQuant","CQN","Kidney","K33",2.64701628920728
"Mouse","ONT cDNA","1597-2528","IsoQuant","CQN","Kidney","K34",2.5218200207974
"Mouse","ONT cDNA","191-575","IsoQuant","CQN","Kidney","K34",0.851547912911158
"Mouse","ONT cDNA","575-813","IsoQuant","CQN","Kidney","K34",1.15892120898854
"Mouse","ONT cDNA","813-1597","IsoQuant","CQN","Kidney","K34",2.5951046959047
"Mouse","ONT cDNA","1597-2528","IsoQuant","CQN","Kidney","K35",2.41832997781026
"Mouse","ONT cDNA","191-575","IsoQuant","CQN","Kidney","K35",0.82177849209607
"Mouse","ONT cDNA","575-813","IsoQuant","CQN","Kidney","K35",1.09434376111486
"Mouse","ONT cDNA","813-1597","IsoQuant","CQN","Kidney","K35",2.59114681348055
"Mouse","ONT cDNA","1597-2528","IsoQuant","EDASeq","Brain","B31",2.83186230253549
"Mouse","ONT cDNA","191-575","IsoQuant","EDASeq","Brain","B31",0.993363166149756
"Mouse","ONT cDNA","575-813","IsoQuant","EDASeq","Brain","B31",2.53956104397422
"Mouse","ONT cDNA","813-1597","IsoQuant","EDASeq","Brain","B31",2.66103121391235
"Mouse","ONT cDNA","1597-2528","IsoQuant","EDASeq","Brain","B32",2.83762009393748
"Mouse","ONT cDNA","191-575","IsoQuant","EDASeq","Brain","B32",0.986315153717457
"Mouse","ONT cDNA","575-813","IsoQuant","EDASeq","Brain","B32",2.56631953664865
"Mouse","ONT cDNA","813-1597","IsoQuant","EDASeq","Brain","B32",2.70437645272409
"Mouse","ONT cDNA","1597-2528","IsoQuant","EDASeq","Brain","B33",2.78217103827801
"Mouse","ONT cDNA","191-575","IsoQuant","EDASeq","Brain","B33",1.00227046334815
"Mouse","ONT cDNA","575-813","IsoQuant","EDASeq","Brain","B33",2.54595567817955
"Mouse","ONT cDNA","813-1597","IsoQuant","EDASeq","Brain","B33",2.6846992620203
"Mouse","ONT cDNA","1597-2528","IsoQuant","EDASeq","Brain","B34",2.77141572269773
"Mouse","ONT cDNA","191-575","IsoQuant","EDASeq","Brain","B34",0.988510281930303
"Mouse","ONT cDNA","575-813","IsoQuant","EDASeq","Brain","B34",2.54896777167006
"Mouse","ONT cDNA","813-1597","IsoQuant","EDASeq","Brain","B34",2.66746398901117
"Mouse","ONT cDNA","1597-2528","IsoQuant","EDASeq","Brain","B35",2.74981538400622
"Mouse","ONT cDNA","191-575","IsoQuant","EDASeq","Brain","B35",1.00550778791574
"Mouse","ONT cDNA","575-813","IsoQuant","EDASeq","Brain","B35",2.55944265281649
"Mouse","ONT cDNA","813-1597","IsoQuant","EDASeq","Brain","B35",2.68890696464586
"Mouse","ONT cDNA","1597-2528","IsoQuant","EDASeq","B20K80","BK20801",2.51864938821982
"Mouse","ONT cDNA","191-575","IsoQuant","EDASeq","B20K80","BK20801",1.04783626468335
"Mouse","ONT cDNA","575-813","IsoQuant","EDASeq","B20K80","BK20801",2.67888030669606
"Mouse","ONT cDNA","813-1597","IsoQuant","EDASeq","B20K80","BK20801",2.78223292927371
"Mouse","ONT cDNA","1597-2528","IsoQuant","EDASeq","B20K80","BK20802",2.8129386239323
"Mouse","ONT cDNA","191-575","IsoQuant","EDASeq","B20K80","BK20802",0.984698483999194
"Mouse","ONT cDNA","575-813","IsoQuant","EDASeq","B20K80","BK20802",2.71295968171895
"Mouse","ONT cDNA","813-1597","IsoQuant","EDASeq","B20K80","BK20802",2.86930768733737
"Mouse","ONT cDNA","1597-2528","IsoQuant","EDASeq","B20K80","BK20803",3.01440498596814
"Mouse","ONT cDNA","191-575","IsoQuant","EDASeq","B20K80","BK20803",0.981387321010005
"Mouse","ONT cDNA","575-813","IsoQuant","EDASeq","B20K80","BK20803",2.66446834408236
"Mouse","ONT cDNA","813-1597","IsoQuant","EDASeq","B20K80","BK20803",2.87801062686164
"Mouse","ONT cDNA","1597-2528","IsoQuant","EDASeq","B20K80","BK20804",2.59534831654063
"Mouse","ONT cDNA","191-575","IsoQuant","EDASeq","B20K80","BK20804",1.04176323613793
"Mouse","ONT cDNA","575-813","IsoQuant","EDASeq","B20K80","BK20804",2.71358463440517
"Mouse","ONT cDNA","813-1597","IsoQuant","EDASeq","B20K80","BK20804",2.81585742369832
"Mouse","ONT cDNA","1597-2528","IsoQuant","EDASeq","B20K80","BK20805",2.89280173162049
"Mouse","ONT cDNA","191-575","IsoQuant","EDASeq","B20K80","BK20805",1.01947878592116
"Mouse","ONT cDNA","575-813","IsoQuant","EDASeq","B20K80","BK20805",2.68116611693865
"Mouse","ONT cDNA","813-1597","IsoQuant","EDASeq","B20K80","BK20805",2.80164544787481
"Mouse","ONT cDNA","1597-2528","IsoQuant","EDASeq","B80K20","BK80201",2.87458829081692
"Mouse","ONT cDNA","191-575","IsoQuant","EDASeq","B80K20","BK80201",1.05081214944501
"Mouse","ONT cDNA","575-813","IsoQuant","EDASeq","B80K20","BK80201",1.15697261726353
"Mouse","ONT cDNA","813-1597","IsoQuant","EDASeq","B80K20","BK80201",2.67657261521579
"Mouse","ONT cDNA","1597-2528","IsoQuant","EDASeq","B80K20","BK80202",2.95236199580118
"Mouse","ONT cDNA","191-575","IsoQuant","EDASeq","B80K20","BK80202",1.01698504030134
"Mouse","ONT cDNA","575-813","IsoQuant","EDASeq","B80K20","BK80202",1.17686739723801
"Mouse","ONT cDNA","813-1597","IsoQuant","EDASeq","B80K20","BK80202",2.7178962262541
"Mouse","ONT cDNA","1597-2528","IsoQuant","EDASeq","B80K20","BK80203",2.81915928306606
"Mouse","ONT cDNA","191-575","IsoQuant","EDASeq","B80K20","BK80203",0.987779820452087
"Mouse","ONT cDNA","575-813","IsoQuant","EDASeq","B80K20","BK80203",1.20303906184165
"Mouse","ONT cDNA","813-1597","IsoQuant","EDASeq","B80K20","BK80203",2.70046934784509
"Mouse","ONT cDNA","1597-2528","IsoQuant","EDASeq","B80K20","BK80204",2.8364881112112
"Mouse","ONT cDNA","191-575","IsoQuant","EDASeq","B80K20","BK80204",1.0163454652733
"Mouse","ONT cDNA","575-813","IsoQuant","EDASeq","B80K20","BK80204",1.11400135720885
"Mouse","ONT cDNA","813-1597","IsoQuant","EDASeq","B80K20","BK80204",2.68287019104834
"Mouse","ONT cDNA","1597-2528","IsoQuant","EDASeq","B80K20","BK80205",2.81374636191151
"Mouse","ONT cDNA","191-575","IsoQuant","EDASeq","B80K20","BK80205",1.01231068003125
"Mouse","ONT cDNA","575-813","IsoQuant","EDASeq","B80K20","BK80205",1.22968092636396
"Mouse","ONT cDNA","813-1597","IsoQuant","EDASeq","B80K20","BK80205",2.66745596662566
"Mouse","ONT cDNA","1597-2528","IsoQuant","EDASeq","Kidney","K31",2.59387913827399
"Mouse","ONT cDNA","191-575","IsoQuant","EDASeq","Kidney","K31",0.908997825848924
"Mouse","ONT cDNA","575-813","IsoQuant","EDASeq","Kidney","K31",1.03018136909235
"Mouse","ONT cDNA","813-1597","IsoQuant","EDASeq","Kidney","K31",2.70463973136691
"Mouse","ONT cDNA","1597-2528","IsoQuant","EDASeq","Kidney","K32",2.75770929094106
"Mouse","ONT cDNA","191-575","IsoQuant","EDASeq","Kidney","K32",0.890274391023821
"Mouse","ONT cDNA","575-813","IsoQuant","EDASeq","Kidney","K32",1.05089503696088
"Mouse","ONT cDNA","813-1597","IsoQuant","EDASeq","Kidney","K32",2.74231454383128
"Mouse","ONT cDNA","1597-2528","IsoQuant","EDASeq","Kidney","K33",2.65882968423875
"Mouse","ONT cDNA","191-575","IsoQuant","EDASeq","Kidney","K33",0.937450861452165
"Mouse","ONT cDNA","575-813","IsoQuant","EDASeq","Kidney","K33",1.03489302017624
"Mouse","ONT cDNA","813-1597","IsoQuant","EDASeq","Kidney","K33",2.79153739423198
"Mouse","ONT cDNA","1597-2528","IsoQuant","EDASeq","Kidney","K34",2.65219118877352
"Mouse","ONT cDNA","191-575","IsoQuant","EDASeq","Kidney","K34",0.945702529051601
"Mouse","ONT cDNA","575-813","IsoQuant","EDASeq","Kidney","K34",1.19152039209874
"Mouse","ONT cDNA","813-1597","IsoQuant","EDASeq","Kidney","K34",2.70190183495149
"Mouse","ONT cDNA","1597-2528","IsoQuant","EDASeq","Kidney","K35",2.50448854583289
"Mouse","ONT cDNA","191-575","IsoQuant","EDASeq","Kidney","K35",0.898556866963667
"Mouse","ONT cDNA","575-813","IsoQuant","EDASeq","Kidney","K35",1.06718310644443
"Mouse","ONT cDNA","813-1597","IsoQuant","EDASeq","Kidney","K35",2.69600722185395
"Mouse","ONT cDNA","1597-2528","IsoQuant","SMR","Brain","B31",2.39007976871709
"Mouse","ONT cDNA","191-575","IsoQuant","SMR","Brain","B31",0.134610601250214
"Mouse","ONT cDNA","575-813","IsoQuant","SMR","Brain","B31",2.30538647170555
"Mouse","ONT cDNA","813-1597","IsoQuant","SMR","Brain","B31",2.31703089811499
"Mouse","ONT cDNA","1597-2528","IsoQuant","SMR","Brain","B32",2.38398995682043
"Mouse","ONT cDNA","191-575","IsoQuant","SMR","Brain","B32",0.124662360987117
"Mouse","ONT cDNA","575-813","IsoQuant","SMR","Brain","B32",2.30539099885105
"Mouse","ONT cDNA","813-1597","IsoQuant","SMR","Brain","B32",2.31273423466721
"Mouse","ONT cDNA","1597-2528","IsoQuant","SMR","Brain","B33",2.38282591268077
"Mouse","ONT cDNA","191-575","IsoQuant","SMR","Brain","B33",0.113632998899735
"Mouse","ONT cDNA","575-813","IsoQuant","SMR","Brain","B33",2.30490711789532
"Mouse","ONT cDNA","813-1597","IsoQuant","SMR","Brain","B33",2.31321463424877
"Mouse","ONT cDNA","1597-2528","IsoQuant","SMR","Brain","B34",2.379415959629
"Mouse","ONT cDNA","191-575","IsoQuant","SMR","Brain","B34",0.123433750223662
"Mouse","ONT cDNA","575-813","IsoQuant","SMR","Brain","B34",2.30581250724516
"Mouse","ONT cDNA","813-1597","IsoQuant","SMR","Brain","B34",2.31479770388249
"Mouse","ONT cDNA","1597-2528","IsoQuant","SMR","Brain","B35",2.38571949669086
"Mouse","ONT cDNA","191-575","IsoQuant","SMR","Brain","B35",0.127064226943515
"Mouse","ONT cDNA","575-813","IsoQuant","SMR","Brain","B35",2.30460740873827
"Mouse","ONT cDNA","813-1597","IsoQuant","SMR","Brain","B35",2.30995918301227
"Mouse","ONT cDNA","1597-2528","IsoQuant","SMR","B20K80","BK20801",2.11866460598749
"Mouse","ONT cDNA","191-575","IsoQuant","SMR","B20K80","BK20801",0.511036548871017
"Mouse","ONT cDNA","575-813","IsoQuant","SMR","B20K80","BK20801",2.3786444062895
"Mouse","ONT cDNA","813-1597","IsoQuant","SMR","B20K80","BK20801",2.33671180496454
"Mouse","ONT cDNA","1597-2528","IsoQuant","SMR","B20K80","BK20802",2.16553557236488
"Mouse","ONT cDNA","191-575","IsoQuant","SMR","B20K80","BK20802",0.441226523279493
"Mouse","ONT cDNA","575-813","IsoQuant","SMR","B20K80","BK20802",2.37136969530604
"Mouse","ONT cDNA","813-1597","IsoQuant","SMR","B20K80","BK20802",2.33858935303632
"Mouse","ONT cDNA","1597-2528","IsoQuant","SMR","B20K80","BK20803",2.60738730260444
"Mouse","ONT cDNA","191-575","IsoQuant","SMR","B20K80","BK20803",0.471793613119492
"Mouse","ONT cDNA","575-813","IsoQuant","SMR","B20K80","BK20803",2.36777351253772
"Mouse","ONT cDNA","813-1597","IsoQuant","SMR","B20K80","BK20803",2.34191930787189
"Mouse","ONT cDNA","1597-2528","IsoQuant","SMR","B20K80","BK20804",2.10426875943936
"Mouse","ONT cDNA","191-575","IsoQuant","SMR","B20K80","BK20804",0.465668766212194
"Mouse","ONT cDNA","575-813","IsoQuant","SMR","B20K80","BK20804",2.38560465410179
"Mouse","ONT cDNA","813-1597","IsoQuant","SMR","B20K80","BK20804",2.33889171018794
"Mouse","ONT cDNA","1597-2528","IsoQuant","SMR","B20K80","BK20805",2.59301202470565
"Mouse","ONT cDNA","191-575","IsoQuant","SMR","B20K80","BK20805",0.471242323525968
"Mouse","ONT cDNA","575-813","IsoQuant","SMR","B20K80","BK20805",2.37239071359912
"Mouse","ONT cDNA","813-1597","IsoQuant","SMR","B20K80","BK20805",2.3425009363161
"Mouse","ONT cDNA","1597-2528","IsoQuant","SMR","B80K20","BK80201",2.38757972477426
"Mouse","ONT cDNA","191-575","IsoQuant","SMR","B80K20","BK80201",0.200894821192663
"Mouse","ONT cDNA","575-813","IsoQuant","SMR","B80K20","BK80201",0.327242232794842
"Mouse","ONT cDNA","813-1597","IsoQuant","SMR","B80K20","BK80201",2.35060285674754
"Mouse","ONT cDNA","1597-2528","IsoQuant","SMR","B80K20","BK80202",2.38734618296555
"Mouse","ONT cDNA","191-575","IsoQuant","SMR","B80K20","BK80202",0.182575994837066
"Mouse","ONT cDNA","575-813","IsoQuant","SMR","B80K20","BK80202",0.338345023890721
"Mouse","ONT cDNA","813-1597","IsoQuant","SMR","B80K20","BK80202",2.3547147025641
"Mouse","ONT cDNA","1597-2528","IsoQuant","SMR","B80K20","BK80203",2.38542238356913
"Mouse","ONT cDNA","191-575","IsoQuant","SMR","B80K20","BK80203",0.239448742107444
"Mouse","ONT cDNA","575-813","IsoQuant","SMR","B80K20","BK80203",0.3642311373787
"Mouse","ONT cDNA","813-1597","IsoQuant","SMR","B80K20","BK80203",2.3597755613772202
"Mouse","ONT cDNA","1597-2528","IsoQuant","SMR","B80K20","BK80204",2.38823693818451
"Mouse","ONT cDNA","191-575","IsoQuant","SMR","B80K20","BK80204",0.172001332671946
"Mouse","ONT cDNA","575-813","IsoQuant","SMR","B80K20","BK80204",0.332926116987209
"Mouse","ONT cDNA","813-1597","IsoQuant","SMR","B80K20","BK80204",2.3526800093255
"Mouse","ONT cDNA","1597-2528","IsoQuant","SMR","B80K20","BK80205",2.38931879136603
"Mouse","ONT cDNA","191-575","IsoQuant","SMR","B80K20","BK80205",0.165027030262735
"Mouse","ONT cDNA","575-813","IsoQuant","SMR","B80K20","BK80205",0.352950580311082
"Mouse","ONT cDNA","813-1597","IsoQuant","SMR","B80K20","BK80205",2.35686162654463
"Mouse","ONT cDNA","1597-2528","IsoQuant","SMR","Kidney","K31",2.23657826865823
"Mouse","ONT cDNA","191-575","IsoQuant","SMR","Kidney","K31",0.235731292935943
"Mouse","ONT cDNA","575-813","IsoQuant","SMR","Kidney","K31",0.35053203376424
"Mouse","ONT cDNA","813-1597","IsoQuant","SMR","Kidney","K31",2.33426252176274
"Mouse","ONT cDNA","1597-2528","IsoQuant","SMR","Kidney","K32",2.23559394001088
"Mouse","ONT cDNA","191-575","IsoQuant","SMR","Kidney","K32",0.238011380587907
"Mouse","ONT cDNA","575-813","IsoQuant","SMR","Kidney","K32",0.359970631977527
"Mouse","ONT cDNA","813-1597","IsoQuant","SMR","Kidney","K32",2.33492804572707
"Mouse","ONT cDNA","1597-2528","IsoQuant","SMR","Kidney","K33",2.23746423950593
"Mouse","ONT cDNA","191-575","IsoQuant","SMR","Kidney","K33",0.231346003909573
"Mouse","ONT cDNA","575-813","IsoQuant","SMR","Kidney","K33",0.376642791691412
"Mouse","ONT cDNA","813-1597","IsoQuant","SMR","Kidney","K33",2.33754161567498
"Mouse","ONT cDNA","1597-2528","IsoQuant","SMR","Kidney","K34",2.26430637413814
"Mouse","ONT cDNA","191-575","IsoQuant","SMR","Kidney","K34",0.360292868823948
"Mouse","ONT cDNA","575-813","IsoQuant","SMR","Kidney","K34",0.384435811163955
"Mouse","ONT cDNA","813-1597","IsoQuant","SMR","Kidney","K34",2.33444766595321
"Mouse","ONT cDNA","1597-2528","IsoQuant","SMR","Kidney","K35",2.23884875892069
"Mouse","ONT cDNA","191-575","IsoQuant","SMR","Kidney","K35",0.286696743058021
"Mouse","ONT cDNA","575-813","IsoQuant","SMR","Kidney","K35",0.36238962881273
"Mouse","ONT cDNA","813-1597","IsoQuant","SMR","Kidney","K35",2.34155689982207
"Mouse","ONT cDNA","1597-2528","IsoQuant","TPM","Brain","B31",4.17390349861008
"Mouse","ONT cDNA","191-575","IsoQuant","TPM","Brain","B31",0.957379019852788
"Mouse","ONT cDNA","575-813","IsoQuant","TPM","Brain","B31",2.57437873550312
"Mouse","ONT cDNA","813-1597","IsoQuant","TPM","Brain","B31",3.08709491487553
"Mouse","ONT cDNA","1597-2528","IsoQuant","TPM","Brain","B32",3.98059497266823
"Mouse","ONT cDNA","191-575","IsoQuant","TPM","Brain","B32",0.95510835322630006
"Mouse","ONT cDNA","575-813","IsoQuant","TPM","Brain","B32",2.59937290818614
"Mouse","ONT cDNA","813-1597","IsoQuant","TPM","Brain","B32",3.08984547263223
"Mouse","ONT cDNA","1597-2528","IsoQuant","TPM","Brain","B33",3.97193230718285
"Mouse","ONT cDNA","191-575","IsoQuant","TPM","Brain","B33",0.963930155422554
"Mouse","ONT cDNA","575-813","IsoQuant","TPM","Brain","B33",2.57785719468208
"Mouse","ONT cDNA","813-1597","IsoQuant","TPM","Brain","B33",3.07568826576815
"Mouse","ONT cDNA","1597-2528","IsoQuant","TPM","Brain","B34",4.03346859986922
"Mouse","ONT cDNA","191-575","IsoQuant","TPM","Brain","B34",0.963326979453783
"Mouse","ONT cDNA","575-813","IsoQuant","TPM","Brain","B34",2.57957134511859
"Mouse","ONT cDNA","813-1597","IsoQuant","TPM","Brain","B34",3.07246703276165
"Mouse","ONT cDNA","1597-2528","IsoQuant","TPM","Brain","B35",3.93896138557728
"Mouse","ONT cDNA","191-575","IsoQuant","TPM","Brain","B35",0.968609753200586
"Mouse","ONT cDNA","575-813","IsoQuant","TPM","Brain","B35",2.5908014446881
"Mouse","ONT cDNA","813-1597","IsoQuant","TPM","Brain","B35",3.08110419565091
"Mouse","ONT cDNA","1597-2528","IsoQuant","TPM","B20K80","BK20801",3.92314192849908
"Mouse","ONT cDNA","191-575","IsoQuant","TPM","B20K80","BK20801",1.07864533757749
"Mouse","ONT cDNA","575-813","IsoQuant","TPM","B20K80","BK20801",2.71576496138516
"Mouse","ONT cDNA","813-1597","IsoQuant","TPM","B20K80","BK20801",3.24229782429578
"Mouse","ONT cDNA","1597-2528","IsoQuant","TPM","B20K80","BK20802",4.11063441863116
"Mouse","ONT cDNA","191-575","IsoQuant","TPM","B20K80","BK20802",0.97432520457906
"Mouse","ONT cDNA","575-813","IsoQuant","TPM","B20K80","BK20802",2.74486022031217
"Mouse","ONT cDNA","813-1597","IsoQuant","TPM","B20K80","BK20802",3.30206398388451
"Mouse","ONT cDNA","1597-2528","IsoQuant","TPM","B20K80","BK20803",4.20432730348794
"Mouse","ONT cDNA","191-575","IsoQuant","TPM","B20K80","BK20803",1.02454757263475
"Mouse","ONT cDNA","575-813","IsoQuant","TPM","B20K80","BK20803",2.70134993198151
"Mouse","ONT cDNA","813-1597","IsoQuant","TPM","B20K80","BK20803",3.35579941135869
"Mouse","ONT cDNA","1597-2528","IsoQuant","TPM","B20K80","BK20804",4.00944483067815
"Mouse","ONT cDNA","191-575","IsoQuant","TPM","B20K80","BK20804",1.05855693669433
"Mouse","ONT cDNA","575-813","IsoQuant","TPM","B20K80","BK20804",2.74635856847821
"Mouse","ONT cDNA","813-1597","IsoQuant","TPM","B20K80","BK20804",3.27049518145066
"Mouse","ONT cDNA","1597-2528","IsoQuant","TPM","B20K80","BK20805",4.13752931315068
"Mouse","ONT cDNA","191-575","IsoQuant","TPM","B20K80","BK20805",1.05378925980645
"Mouse","ONT cDNA","575-813","IsoQuant","TPM","B20K80","BK20805",2.71374082022892
"Mouse","ONT cDNA","813-1597","IsoQuant","TPM","B20K80","BK20805",3.27369091885849
"Mouse","ONT cDNA","1597-2528","IsoQuant","TPM","B80K20","BK80201",4.1204705199875296
"Mouse","ONT cDNA","191-575","IsoQuant","TPM","B80K20","BK80201",0.959034403028042
"Mouse","ONT cDNA","575-813","IsoQuant","TPM","B80K20","BK80201",1.22647668319571
"Mouse","ONT cDNA","813-1597","IsoQuant","TPM","B80K20","BK80201",3.04152091018051
"Mouse","ONT cDNA","1597-2528","IsoQuant","TPM","B80K20","BK80202",4.09749402461398
"Mouse","ONT cDNA","191-575","IsoQuant","TPM","B80K20","BK80202",0.956798744263612
"Mouse","ONT cDNA","575-813","IsoQuant","TPM","B80K20","BK80202",1.25199263192941
"Mouse","ONT cDNA","813-1597","IsoQuant","TPM","B80K20","BK80202",3.06054508788011
"Mouse","ONT cDNA","1597-2528","IsoQuant","TPM","B80K20","BK80203",3.97476424702762
"Mouse","ONT cDNA","191-575","IsoQuant","TPM","B80K20","BK80203",0.95160454879767
"Mouse","ONT cDNA","575-813","IsoQuant","TPM","B80K20","BK80203",1.2746816206441
"Mouse","ONT cDNA","813-1597","IsoQuant","TPM","B80K20","BK80203",3.06404832915079
"Mouse","ONT cDNA","1597-2528","IsoQuant","TPM","B80K20","BK80204",4.11742826152862
"Mouse","ONT cDNA","191-575","IsoQuant","TPM","B80K20","BK80204",0.946829462323952
"Mouse","ONT cDNA","575-813","IsoQuant","TPM","B80K20","BK80204",1.1919677641359
"Mouse","ONT cDNA","813-1597","IsoQuant","TPM","B80K20","BK80204",3.06180220507076
"Mouse","ONT cDNA","1597-2528","IsoQuant","TPM","B80K20","BK80205",4.0813739394616
"Mouse","ONT cDNA","191-575","IsoQuant","TPM","B80K20","BK80205",0.94770328846894
"Mouse","ONT cDNA","575-813","IsoQuant","TPM","B80K20","BK80205",1.30437529604448
"Mouse","ONT cDNA","813-1597","IsoQuant","TPM","B80K20","BK80205",3.05462939140119
"Mouse","ONT cDNA","1597-2528","IsoQuant","TPM","Kidney","K31",4.11170444211353
"Mouse","ONT cDNA","191-575","IsoQuant","TPM","Kidney","K31",0.920171038091014
"Mouse","ONT cDNA","575-813","IsoQuant","TPM","Kidney","K31",1.12004897417095
"Mouse","ONT cDNA","813-1597","IsoQuant","TPM","Kidney","K31",3.20356114783106
"Mouse","ONT cDNA","1597-2528","IsoQuant","TPM","Kidney","K32",4.10297933775358
"Mouse","ONT cDNA","191-575","IsoQuant","TPM","Kidney","K32",0.923138184935053
"Mouse","ONT cDNA","575-813","IsoQuant","TPM","Kidney","K32",1.12635274195649
"Mouse","ONT cDNA","813-1597","IsoQuant","TPM","Kidney","K32",3.16902146768794
"Mouse","ONT cDNA","1597-2528","IsoQuant","TPM","Kidney","K33",4.07690069199001
"Mouse","ONT cDNA","191-575","IsoQuant","TPM","Kidney","K33",0.929244190802114
"Mouse","ONT cDNA","575-813","IsoQuant","TPM","Kidney","K33",1.11463140811726
"Mouse","ONT cDNA","813-1597","IsoQuant","TPM","Kidney","K33",3.26168826066502
"Mouse","ONT cDNA","1597-2528","IsoQuant","TPM","Kidney","K34",3.88244669770784
"Mouse","ONT cDNA","191-575","IsoQuant","TPM","Kidney","K34",0.918523816229555
"Mouse","ONT cDNA","575-813","IsoQuant","TPM","Kidney","K34",1.24005912395418
"Mouse","ONT cDNA","813-1597","IsoQuant","TPM","Kidney","K34",3.04403760037872
"Mouse","ONT cDNA","1597-2528","IsoQuant","TPM","Kidney","K35",3.91341248743257
"Mouse","ONT cDNA","191-575","IsoQuant","TPM","Kidney","K35",0.903888087527752
"Mouse","ONT cDNA","575-813","IsoQuant","TPM","Kidney","K35",1.12831318049364
"Mouse","ONT cDNA","813-1597","IsoQuant","TPM","Kidney","K35",3.105717112049
"Mouse","ONT cDNA","1597-2528","Kallisto","CPM","Brain","B31",3.52726638576811
"Mouse","ONT cDNA","191-575","Kallisto","CPM","Brain","B31",4.64069023417795
"Mouse","ONT cDNA","575-813","Kallisto","CPM","Brain","B31",1.00808515460432
"Mouse","ONT cDNA","813-1597","Kallisto","CPM","Brain","B31",0.863270971117547
"Mouse","ONT cDNA","1597-2528","Kallisto","CPM","Brain","B32",3.50707379793152
"Mouse","ONT cDNA","191-575","Kallisto","CPM","Brain","B32",4.63518550878894
"Mouse","ONT cDNA","575-813","Kallisto","CPM","Brain","B32",1.0507631394423
"Mouse","ONT cDNA","813-1597","Kallisto","CPM","Brain","B32",0.896864364271253
"Mouse","ONT cDNA","1597-2528","Kallisto","CPM","Brain","B33",3.51482688327593
"Mouse","ONT cDNA","191-575","Kallisto","CPM","Brain","B33",4.6399711579593
"Mouse","ONT cDNA","575-813","Kallisto","CPM","Brain","B33",1.01994875615314
"Mouse","ONT cDNA","813-1597","Kallisto","CPM","Brain","B33",0.901403900619548
"Mouse","ONT cDNA","1597-2528","Kallisto","CPM","Brain","B34",3.52380204000051
"Mouse","ONT cDNA","191-575","Kallisto","CPM","Brain","B34",4.62805609445265
"Mouse","ONT cDNA","575-813","Kallisto","CPM","Brain","B34",1.02487378063298
"Mouse","ONT cDNA","813-1597","Kallisto","CPM","Brain","B34",0.875788674093492
"Mouse","ONT cDNA","1597-2528","Kallisto","CPM","Brain","B35",3.49414942448351
"Mouse","ONT cDNA","191-575","Kallisto","CPM","Brain","B35",4.6393451385174
"Mouse","ONT cDNA","575-813","Kallisto","CPM","Brain","B35",1.05086180605029
"Mouse","ONT cDNA","813-1597","Kallisto","CPM","Brain","B35",0.918910288987924
"Mouse","ONT cDNA","1597-2528","Kallisto","CPM","B20K80","BK20801",3.3712439017489
"Mouse","ONT cDNA","191-575","Kallisto","CPM","B20K80","BK20801",3.95158098880037
"Mouse","ONT cDNA","575-813","Kallisto","CPM","B20K80","BK20801",1.55772261146896
"Mouse","ONT cDNA","813-1597","Kallisto","CPM","B20K80","BK20801",0.934714038336846
"Mouse","ONT cDNA","1597-2528","Kallisto","CPM","B20K80","BK20802",3.45657170321463
"Mouse","ONT cDNA","191-575","Kallisto","CPM","B20K80","BK20802",3.93490823923557
"Mouse","ONT cDNA","575-813","Kallisto","CPM","B20K80","BK20802",1.45523458032113
"Mouse","ONT cDNA","813-1597","Kallisto","CPM","B20K80","BK20802",0.981146663542824
"Mouse","ONT cDNA","1597-2528","Kallisto","CPM","B20K80","BK20803",3.91567280832192
"Mouse","ONT cDNA","191-575","Kallisto","CPM","B20K80","BK20803",3.93280065335409
"Mouse","ONT cDNA","575-813","Kallisto","CPM","B20K80","BK20803",1.41041863665956
"Mouse","ONT cDNA","813-1597","Kallisto","CPM","B20K80","BK20803",0.978122713942306
"Mouse","ONT cDNA","1597-2528","Kallisto","CPM","B20K80","BK20804",3.69036596411201
"Mouse","ONT cDNA","191-575","Kallisto","CPM","B20K80","BK20804",3.96126465706951
"Mouse","ONT cDNA","575-813","Kallisto","CPM","B20K80","BK20804",1.51907015854734
"Mouse","ONT cDNA","813-1597","Kallisto","CPM","B20K80","BK20804",1.01752158734144
"Mouse","ONT cDNA","1597-2528","Kallisto","CPM","B20K80","BK20805",3.74100920597064
"Mouse","ONT cDNA","191-575","Kallisto","CPM","B20K80","BK20805",3.95238227233124
"Mouse","ONT cDNA","575-813","Kallisto","CPM","B20K80","BK20805",1.39597367337378
"Mouse","ONT cDNA","813-1597","Kallisto","CPM","B20K80","BK20805",1.01258677117463
"Mouse","ONT cDNA","1597-2528","Kallisto","CPM","B80K20","BK80201",3.54908701617233
"Mouse","ONT cDNA","191-575","Kallisto","CPM","B80K20","BK80201",4.63709850724159
"Mouse","ONT cDNA","575-813","Kallisto","CPM","B80K20","BK80201",1.02821531357178
"Mouse","ONT cDNA","813-1597","Kallisto","CPM","B80K20","BK80201",0.92982856063954
"Mouse","ONT cDNA","1597-2528","Kallisto","CPM","B80K20","BK80202",3.54838365524682
"Mouse","ONT cDNA","191-575","Kallisto","CPM","B80K20","BK80202",4.64338823946488
"Mouse","ONT cDNA","575-813","Kallisto","CPM","B80K20","BK80202",1.04669228414202
"Mouse","ONT cDNA","813-1597","Kallisto","CPM","B80K20","BK80202",0.946523524030446
"Mouse","ONT cDNA","1597-2528","Kallisto","CPM","B80K20","BK80203",3.50303703022724
"Mouse","ONT cDNA","191-575","Kallisto","CPM","B80K20","BK80203",4.62098329111784
"Mouse","ONT cDNA","575-813","Kallisto","CPM","B80K20","BK80203",1.08564917266316
"Mouse","ONT cDNA","813-1597","Kallisto","CPM","B80K20","BK80203",0.941113107696739
"Mouse","ONT cDNA","1597-2528","Kallisto","CPM","B80K20","BK80204",3.5413731821191
"Mouse","ONT cDNA","191-575","Kallisto","CPM","B80K20","BK80204",4.63102945679196
"Mouse","ONT cDNA","575-813","Kallisto","CPM","B80K20","BK80204",1.00110795585714
"Mouse","ONT cDNA","813-1597","Kallisto","CPM","B80K20","BK80204",0.906685743385559
"Mouse","ONT cDNA","1597-2528","Kallisto","CPM","B80K20","BK80205",3.55073421711175
"Mouse","ONT cDNA","191-575","Kallisto","CPM","B80K20","BK80205",4.63424749162058
"Mouse","ONT cDNA","575-813","Kallisto","CPM","B80K20","BK80205",1.10963306686035
"Mouse","ONT cDNA","813-1597","Kallisto","CPM","B80K20","BK80205",0.998862752076129
"Mouse","ONT cDNA","1597-2528","Kallisto","CPM","Kidney","K31",3.40759489418049
"Mouse","ONT cDNA","191-575","Kallisto","CPM","Kidney","K31",4.59872753977943
"Mouse","ONT cDNA","575-813","Kallisto","CPM","Kidney","K31",1.0582951769073
"Mouse","ONT cDNA","813-1597","Kallisto","CPM","Kidney","K31",1.0279491326968
"Mouse","ONT cDNA","1597-2528","Kallisto","CPM","Kidney","K32",3.43404052018936
"Mouse","ONT cDNA","191-575","Kallisto","CPM","Kidney","K32",4.62445182178965
"Mouse","ONT cDNA","575-813","Kallisto","CPM","Kidney","K32",1.11377584091822
"Mouse","ONT cDNA","813-1597","Kallisto","CPM","Kidney","K32",1.0238779148809
"Mouse","ONT cDNA","1597-2528","Kallisto","CPM","Kidney","K33",3.39865189438858
"Mouse","ONT cDNA","191-575","Kallisto","CPM","Kidney","K33",4.62515382574504
"Mouse","ONT cDNA","575-813","Kallisto","CPM","Kidney","K33",1.04856133604126
"Mouse","ONT cDNA","813-1597","Kallisto","CPM","Kidney","K33",1.03842471612552
"Mouse","ONT cDNA","1597-2528","Kallisto","CPM","Kidney","K34",3.40581008565194
"Mouse","ONT cDNA","191-575","Kallisto","CPM","Kidney","K34",4.64734013278762
"Mouse","ONT cDNA","575-813","Kallisto","CPM","Kidney","K34",1.12998243857298
"Mouse","ONT cDNA","813-1597","Kallisto","CPM","Kidney","K34",1.02154455943354
"Mouse","ONT cDNA","1597-2528","Kallisto","CPM","Kidney","K35",3.37583215506396
"Mouse","ONT cDNA","191-575","Kallisto","CPM","Kidney","K35",4.64296876813233
"Mouse","ONT cDNA","575-813","Kallisto","CPM","Kidney","K35",1.06448808160438
"Mouse","ONT cDNA","813-1597","Kallisto","CPM","Kidney","K35",0.995785254961208
"Mouse","ONT cDNA","1597-2528","Kallisto","CQN","Brain","B31",3.41851967816092
"Mouse","ONT cDNA","191-575","Kallisto","CQN","Brain","B31",4.70918118680487
"Mouse","ONT cDNA","575-813","Kallisto","CQN","Brain","B31",1.11512360177976
"Mouse","ONT cDNA","813-1597","Kallisto","CQN","Brain","B31",0.963576437948637
"Mouse","ONT cDNA","1597-2528","Kallisto","CQN","Brain","B32",3.42087315428529
"Mouse","ONT cDNA","191-575","Kallisto","CQN","Brain","B32",4.68772315877102
"Mouse","ONT cDNA","575-813","Kallisto","CQN","Brain","B32",1.14802839603709
"Mouse","ONT cDNA","813-1597","Kallisto","CQN","Brain","B32",0.976491203013954
"Mouse","ONT cDNA","1597-2528","Kallisto","CQN","Brain","B33",3.42776683657059
"Mouse","ONT cDNA","191-575","Kallisto","CQN","Brain","B33",4.69894873103848
"Mouse","ONT cDNA","575-813","Kallisto","CQN","Brain","B33",1.14049032395873
"Mouse","ONT cDNA","813-1597","Kallisto","CQN","Brain","B33",1.02960654066934
"Mouse","ONT cDNA","1597-2528","Kallisto","CQN","Brain","B34",3.43179494925259
"Mouse","ONT cDNA","191-575","Kallisto","CQN","Brain","B34",4.69084770348867
"Mouse","ONT cDNA","575-813","Kallisto","CQN","Brain","B34",1.15048097324373
"Mouse","ONT cDNA","813-1597","Kallisto","CQN","Brain","B34",0.974422909897066
"Mouse","ONT cDNA","1597-2528","Kallisto","CQN","Brain","B35",3.41352240280364
"Mouse","ONT cDNA","191-575","Kallisto","CQN","Brain","B35",4.69475007370652
"Mouse","ONT cDNA","575-813","Kallisto","CQN","Brain","B35",1.1893836907875
"Mouse","ONT cDNA","813-1597","Kallisto","CQN","Brain","B35",1.03971893784121
"Mouse","ONT cDNA","1597-2528","Kallisto","CQN","B20K80","BK20801",3.34008146645065
"Mouse","ONT cDNA","191-575","Kallisto","CQN","B20K80","BK20801",4.21131571529655
"Mouse","ONT cDNA","575-813","Kallisto","CQN","B20K80","BK20801",1.78816592012847
"Mouse","ONT cDNA","813-1597","Kallisto","CQN","B20K80","BK20801",0.992126363255275
"Mouse","ONT cDNA","1597-2528","Kallisto","CQN","B20K80","BK20802",3.40626500741089
"Mouse","ONT cDNA","191-575","Kallisto","CQN","B20K80","BK20802",4.12258056834859
"Mouse","ONT cDNA","575-813","Kallisto","CQN","B20K80","BK20802",1.76700202208197
"Mouse","ONT cDNA","813-1597","Kallisto","CQN","B20K80","BK20802",1.00426817712546
"Mouse","ONT cDNA","1597-2528","Kallisto","CQN","B20K80","BK20803",3.47522785918017
"Mouse","ONT cDNA","191-575","Kallisto","CQN","B20K80","BK20803",4.17825648113001
"Mouse","ONT cDNA","575-813","Kallisto","CQN","B20K80","BK20803",1.66479585047327
"Mouse","ONT cDNA","813-1597","Kallisto","CQN","B20K80","BK20803",1.00951310830237
"Mouse","ONT cDNA","1597-2528","Kallisto","CQN","B20K80","BK20804",3.40820720759508
"Mouse","ONT cDNA","191-575","Kallisto","CQN","B20K80","BK20804",4.21949124831025
"Mouse","ONT cDNA","575-813","Kallisto","CQN","B20K80","BK20804",1.70226262645993
"Mouse","ONT cDNA","813-1597","Kallisto","CQN","B20K80","BK20804",1.07341976026083
"Mouse","ONT cDNA","1597-2528","Kallisto","CQN","B20K80","BK20805",3.44912489957389
"Mouse","ONT cDNA","191-575","Kallisto","CQN","B20K80","BK20805",4.20836555162442
"Mouse","ONT cDNA","575-813","Kallisto","CQN","B20K80","BK20805",1.72804473078451
"Mouse","ONT cDNA","813-1597","Kallisto","CQN","B20K80","BK20805",1.15277082835755
"Mouse","ONT cDNA","1597-2528","Kallisto","CQN","B80K20","BK80201",3.4374614929048
"Mouse","ONT cDNA","191-575","Kallisto","CQN","B80K20","BK80201",4.72699409634416
"Mouse","ONT cDNA","575-813","Kallisto","CQN","B80K20","BK80201",1.19409846193671
"Mouse","ONT cDNA","813-1597","Kallisto","CQN","B80K20","BK80201",1.0535017211214
"Mouse","ONT cDNA","1597-2528","Kallisto","CQN","B80K20","BK80202",3.4445498238035
"Mouse","ONT cDNA","191-575","Kallisto","CQN","B80K20","BK80202",4.75317104322905
"Mouse","ONT cDNA","575-813","Kallisto","CQN","B80K20","BK80202",1.19771915937791
"Mouse","ONT cDNA","813-1597","Kallisto","CQN","B80K20","BK80202",1.06368871050254
"Mouse","ONT cDNA","1597-2528","Kallisto","CQN","B80K20","BK80203",3.41945646568885
"Mouse","ONT cDNA","191-575","Kallisto","CQN","B80K20","BK80203",4.72332699040716
"Mouse","ONT cDNA","575-813","Kallisto","CQN","B80K20","BK80203",1.38072018186654
"Mouse","ONT cDNA","813-1597","Kallisto","CQN","B80K20","BK80203",1.04614221060963
"Mouse","ONT cDNA","1597-2528","Kallisto","CQN","B80K20","BK80204",3.4247601051150802
"Mouse","ONT cDNA","191-575","Kallisto","CQN","B80K20","BK80204",4.79119859349851
"Mouse","ONT cDNA","575-813","Kallisto","CQN","B80K20","BK80204",1.19819255312617
"Mouse","ONT cDNA","813-1597","Kallisto","CQN","B80K20","BK80204",1.01156100220597
"Mouse","ONT cDNA","1597-2528","Kallisto","CQN","B80K20","BK80205",3.43373974835575
"Mouse","ONT cDNA","191-575","Kallisto","CQN","B80K20","BK80205",4.74211351153719
"Mouse","ONT cDNA","575-813","Kallisto","CQN","B80K20","BK80205",1.39851743156963
"Mouse","ONT cDNA","813-1597","Kallisto","CQN","B80K20","BK80205",1.12906861721838
"Mouse","ONT cDNA","1597-2528","Kallisto","CQN","Kidney","K31",3.38067147073205
"Mouse","ONT cDNA","191-575","Kallisto","CQN","Kidney","K31",4.62602857019488
"Mouse","ONT cDNA","575-813","Kallisto","CQN","Kidney","K31",1.27517331697704
"Mouse","ONT cDNA","813-1597","Kallisto","CQN","Kidney","K31",1.14556950215036
"Mouse","ONT cDNA","1597-2528","Kallisto","CQN","Kidney","K32",3.37605875920044
"Mouse","ONT cDNA","191-575","Kallisto","CQN","Kidney","K32",4.59057974200448
"Mouse","ONT cDNA","575-813","Kallisto","CQN","Kidney","K32",1.15527503221644
"Mouse","ONT cDNA","813-1597","Kallisto","CQN","Kidney","K32",1.05037773108175
"Mouse","ONT cDNA","1597-2528","Kallisto","CQN","Kidney","K33",3.35854350896216
"Mouse","ONT cDNA","191-575","Kallisto","CQN","Kidney","K33",4.60766145995911
"Mouse","ONT cDNA","575-813","Kallisto","CQN","Kidney","K33",1.15569903612535
"Mouse","ONT cDNA","813-1597","Kallisto","CQN","Kidney","K33",1.07449949021895
"Mouse","ONT cDNA","1597-2528","Kallisto","CQN","Kidney","K34",3.36963637016545
"Mouse","ONT cDNA","191-575","Kallisto","CQN","Kidney","K34",4.58680341914586
"Mouse","ONT cDNA","575-813","Kallisto","CQN","Kidney","K34",1.17552110561875
"Mouse","ONT cDNA","813-1597","Kallisto","CQN","Kidney","K34",1.03836096650117
"Mouse","ONT cDNA","1597-2528","Kallisto","CQN","Kidney","K35",3.36174503137914
"Mouse","ONT cDNA","191-575","Kallisto","CQN","Kidney","K35",4.61478383660304
"Mouse","ONT cDNA","575-813","Kallisto","CQN","Kidney","K35",1.26132676383613
"Mouse","ONT cDNA","813-1597","Kallisto","CQN","Kidney","K35",1.1282091902609
"Mouse","ONT cDNA","1597-2528","Kallisto","EDASeq","Brain","B31",3.44074811496369
"Mouse","ONT cDNA","191-575","Kallisto","EDASeq","Brain","B31",4.65349146788404
"Mouse","ONT cDNA","575-813","Kallisto","EDASeq","Brain","B31",1.04266790002507
"Mouse","ONT cDNA","813-1597","Kallisto","EDASeq","Brain","B31",0.888330787719752
"Mouse","ONT cDNA","1597-2528","Kallisto","EDASeq","Brain","B32",3.44740013279991
"Mouse","ONT cDNA","191-575","Kallisto","EDASeq","Brain","B32",4.63854450888747
"Mouse","ONT cDNA","575-813","Kallisto","EDASeq","Brain","B32",1.0722300496571
"Mouse","ONT cDNA","813-1597","Kallisto","EDASeq","Brain","B32",0.909808303509797
"Mouse","ONT cDNA","1597-2528","Kallisto","EDASeq","Brain","B33",3.43792473663391
"Mouse","ONT cDNA","191-575","Kallisto","EDASeq","Brain","B33",4.64951961580205
"Mouse","ONT cDNA","575-813","Kallisto","EDASeq","Brain","B33",1.0582483631484
"Mouse","ONT cDNA","813-1597","Kallisto","EDASeq","Brain","B33",0.929886331562013
"Mouse","ONT cDNA","1597-2528","Kallisto","EDASeq","Brain","B34",3.44376457364055
"Mouse","ONT cDNA","191-575","Kallisto","EDASeq","Brain","B34",4.64021152007418
"Mouse","ONT cDNA","575-813","Kallisto","EDASeq","Brain","B34",1.06755778426397
"Mouse","ONT cDNA","813-1597","Kallisto","EDASeq","Brain","B34",0.90749375867426
"Mouse","ONT cDNA","1597-2528","Kallisto","EDASeq","Brain","B35",3.41875473012051
"Mouse","ONT cDNA","191-575","Kallisto","EDASeq","Brain","B35",4.64697185278384
"Mouse","ONT cDNA","575-813","Kallisto","EDASeq","Brain","B35",1.09170728331166
"Mouse","ONT cDNA","813-1597","Kallisto","EDASeq","Brain","B35",0.943647904008651
"Mouse","ONT cDNA","1597-2528","Kallisto","EDASeq","B20K80","BK20801",3.27526803942197
"Mouse","ONT cDNA","191-575","Kallisto","EDASeq","B20K80","BK20801",3.96084558193799
"Mouse","ONT cDNA","575-813","Kallisto","EDASeq","B20K80","BK20801",1.58967926756864
"Mouse","ONT cDNA","813-1597","Kallisto","EDASeq","B20K80","BK20801",0.950412185938368
"Mouse","ONT cDNA","1597-2528","Kallisto","EDASeq","B20K80","BK20802",3.35902994308805
"Mouse","ONT cDNA","191-575","Kallisto","EDASeq","B20K80","BK20802",3.92737215436077
"Mouse","ONT cDNA","575-813","Kallisto","EDASeq","B20K80","BK20802",1.47702034858062
"Mouse","ONT cDNA","813-1597","Kallisto","EDASeq","B20K80","BK20802",0.98386013835256
"Mouse","ONT cDNA","1597-2528","Kallisto","EDASeq","B20K80","BK20803",3.85496010585194
"Mouse","ONT cDNA","191-575","Kallisto","EDASeq","B20K80","BK20803",3.9329853553044
"Mouse","ONT cDNA","575-813","Kallisto","EDASeq","B20K80","BK20803",1.42856281233917
"Mouse","ONT cDNA","813-1597","Kallisto","EDASeq","B20K80","BK20803",0.978968216347888
"Mouse","ONT cDNA","1597-2528","Kallisto","EDASeq","B20K80","BK20804",3.58832758561186
"Mouse","ONT cDNA","191-575","Kallisto","EDASeq","B20K80","BK20804",3.96111535195669
"Mouse","ONT cDNA","575-813","Kallisto","EDASeq","B20K80","BK20804",1.55385577888888
"Mouse","ONT cDNA","813-1597","Kallisto","EDASeq","B20K80","BK20804",1.03028929177295
"Mouse","ONT cDNA","1597-2528","Kallisto","EDASeq","B20K80","BK20805",3.631638029835
"Mouse","ONT cDNA","191-575","Kallisto","EDASeq","B20K80","BK20805",3.95954948641199
"Mouse","ONT cDNA","575-813","Kallisto","EDASeq","B20K80","BK20805",1.43425067429994
"Mouse","ONT cDNA","813-1597","Kallisto","EDASeq","B20K80","BK20805",1.0393416545527
"Mouse","ONT cDNA","1597-2528","Kallisto","EDASeq","B80K20","BK80201",3.45712129428193
"Mouse","ONT cDNA","191-575","Kallisto","EDASeq","B80K20","BK80201",4.64268412499933
"Mouse","ONT cDNA","575-813","Kallisto","EDASeq","B80K20","BK80201",1.05471770307445
"Mouse","ONT cDNA","813-1597","Kallisto","EDASeq","B80K20","BK80201",0.939611371859913
"Mouse","ONT cDNA","1597-2528","Kallisto","EDASeq","B80K20","BK80202",3.47745277198551
"Mouse","ONT cDNA","191-575","Kallisto","EDASeq","B80K20","BK80202",4.63913565676627
"Mouse","ONT cDNA","575-813","Kallisto","EDASeq","B80K20","BK80202",1.06670244382275
"Mouse","ONT cDNA","813-1597","Kallisto","EDASeq","B80K20","BK80202",0.964763456228549
"Mouse","ONT cDNA","1597-2528","Kallisto","EDASeq","B80K20","BK80203",3.43242659300815
"Mouse","ONT cDNA","191-575","Kallisto","EDASeq","B80K20","BK80203",4.62123182056326
"Mouse","ONT cDNA","575-813","Kallisto","EDASeq","B80K20","BK80203",1.11102064565637
"Mouse","ONT cDNA","813-1597","Kallisto","EDASeq","B80K20","BK80203",0.958909774168509
"Mouse","ONT cDNA","1597-2528","Kallisto","EDASeq","B80K20","BK80204",3.44299887540899
"Mouse","ONT cDNA","191-575","Kallisto","EDASeq","B80K20","BK80204",4.63735217138847
"Mouse","ONT cDNA","575-813","Kallisto","EDASeq","B80K20","BK80204",1.02485219776548
"Mouse","ONT cDNA","813-1597","Kallisto","EDASeq","B80K20","BK80204",0.914255774545879
"Mouse","ONT cDNA","1597-2528","Kallisto","EDASeq","B80K20","BK80205",3.44700801163092
"Mouse","ONT cDNA","191-575","Kallisto","EDASeq","B80K20","BK80205",4.64519130642609
"Mouse","ONT cDNA","575-813","Kallisto","EDASeq","B80K20","BK80205",1.14938716275628
"Mouse","ONT cDNA","813-1597","Kallisto","EDASeq","B80K20","BK80205",1.01068833962606
"Mouse","ONT cDNA","1597-2528","Kallisto","EDASeq","Kidney","K31",3.34980996870112
"Mouse","ONT cDNA","191-575","Kallisto","EDASeq","Kidney","K31",4.58744800058317
"Mouse","ONT cDNA","575-813","Kallisto","EDASeq","Kidney","K31",1.13328516917794
"Mouse","ONT cDNA","813-1597","Kallisto","EDASeq","Kidney","K31",1.06911673873846
"Mouse","ONT cDNA","1597-2528","Kallisto","EDASeq","Kidney","K32",3.37407284706786
"Mouse","ONT cDNA","191-575","Kallisto","EDASeq","Kidney","K32",4.59407178737541
"Mouse","ONT cDNA","575-813","Kallisto","EDASeq","Kidney","K32",1.16775148289594
"Mouse","ONT cDNA","813-1597","Kallisto","EDASeq","Kidney","K32",1.07282490646186
"Mouse","ONT cDNA","1597-2528","Kallisto","EDASeq","Kidney","K33",3.34391905308331
"Mouse","ONT cDNA","191-575","Kallisto","EDASeq","Kidney","K33",4.60179868152227
"Mouse","ONT cDNA","575-813","Kallisto","EDASeq","Kidney","K33",1.10860303714219
"Mouse","ONT cDNA","813-1597","Kallisto","EDASeq","Kidney","K33",1.08946453884162
"Mouse","ONT cDNA","1597-2528","Kallisto","EDASeq","Kidney","K34",3.3584857946192
"Mouse","ONT cDNA","191-575","Kallisto","EDASeq","Kidney","K34",4.6139614724035
"Mouse","ONT cDNA","575-813","Kallisto","EDASeq","Kidney","K34",1.20485213576777
"Mouse","ONT cDNA","813-1597","Kallisto","EDASeq","Kidney","K34",1.09139378435773
"Mouse","ONT cDNA","1597-2528","Kallisto","EDASeq","Kidney","K35",3.33991787191852
"Mouse","ONT cDNA","191-575","Kallisto","EDASeq","Kidney","K35",4.62983394777616
"Mouse","ONT cDNA","575-813","Kallisto","EDASeq","Kidney","K35",1.16211069102683
"Mouse","ONT cDNA","813-1597","Kallisto","EDASeq","Kidney","K35",1.07010804744118
"Mouse","ONT cDNA","1597-2528","Kallisto","SMR","Brain","B31",3.30646494522266
"Mouse","ONT cDNA","191-575","Kallisto","SMR","Brain","B31",4.50934479735063
"Mouse","ONT cDNA","575-813","Kallisto","SMR","Brain","B31",0.157052393429314
"Mouse","ONT cDNA","813-1597","Kallisto","SMR","Brain","B31",0.235416784744281
"Mouse","ONT cDNA","1597-2528","Kallisto","SMR","Brain","B32",3.30898900935819
"Mouse","ONT cDNA","191-575","Kallisto","SMR","Brain","B32",4.50878807788682
"Mouse","ONT cDNA","575-813","Kallisto","SMR","Brain","B32",0.158685242562639
"Mouse","ONT cDNA","813-1597","Kallisto","SMR","Brain","B32",0.194938902739731
"Mouse","ONT cDNA","1597-2528","Kallisto","SMR","Brain","B33",3.30923484993866
"Mouse","ONT cDNA","191-575","Kallisto","SMR","Brain","B33",4.50867321170073
"Mouse","ONT cDNA","575-813","Kallisto","SMR","Brain","B33",0.148246546392659
"Mouse","ONT cDNA","813-1597","Kallisto","SMR","Brain","B33",0.200086471172986
"Mouse","ONT cDNA","1597-2528","Kallisto","SMR","Brain","B34",3.30897524186624
"Mouse","ONT cDNA","191-575","Kallisto","SMR","Brain","B34",4.50929934924442
"Mouse","ONT cDNA","575-813","Kallisto","SMR","Brain","B34",0.152991656242086
"Mouse","ONT cDNA","813-1597","Kallisto","SMR","Brain","B34",0.219302192037037
"Mouse","ONT cDNA","1597-2528","Kallisto","SMR","Brain","B35",3.31108698421249
"Mouse","ONT cDNA","191-575","Kallisto","SMR","Brain","B35",4.50847744866051
"Mouse","ONT cDNA","575-813","Kallisto","SMR","Brain","B35",0.129376921776779
"Mouse","ONT cDNA","813-1597","Kallisto","SMR","Brain","B35",0.200022705381085
"Mouse","ONT cDNA","1597-2528","Kallisto","SMR","B20K80","BK20801",3.21163731475303
"Mouse","ONT cDNA","191-575","Kallisto","SMR","B20K80","BK20801",3.85659238620599
"Mouse","ONT cDNA","575-813","Kallisto","SMR","B20K80","BK20801",0.88025187466996
"Mouse","ONT cDNA","813-1597","Kallisto","SMR","B20K80","BK20801",0.550783641216481
"Mouse","ONT cDNA","1597-2528","Kallisto","SMR","B20K80","BK20802",3.24381465897503
"Mouse","ONT cDNA","191-575","Kallisto","SMR","B20K80","BK20802",3.8540614466888
"Mouse","ONT cDNA","575-813","Kallisto","SMR","B20K80","BK20802",0.805148264628412
"Mouse","ONT cDNA","813-1597","Kallisto","SMR","B20K80","BK20802",0.500206683914197
"Mouse","ONT cDNA","1597-2528","Kallisto","SMR","B20K80","BK20803",3.80347853805073
"Mouse","ONT cDNA","191-575","Kallisto","SMR","B20K80","BK20803",3.85444171207797
"Mouse","ONT cDNA","575-813","Kallisto","SMR","B20K80","BK20803",0.853691992304804
"Mouse","ONT cDNA","813-1597","Kallisto","SMR","B20K80","BK20803",0.488297465418818
"Mouse","ONT cDNA","1597-2528","Kallisto","SMR","B20K80","BK20804",3.50037281126179
"Mouse","ONT cDNA","191-575","Kallisto","SMR","B20K80","BK20804",3.85340704380608
"Mouse","ONT cDNA","575-813","Kallisto","SMR","B20K80","BK20804",0.869197047125951
"Mouse","ONT cDNA","813-1597","Kallisto","SMR","B20K80","BK20804",0.514231040275099
"Mouse","ONT cDNA","1597-2528","Kallisto","SMR","B20K80","BK20805",3.51566572563423
"Mouse","ONT cDNA","191-575","Kallisto","SMR","B20K80","BK20805",3.85732578929514
"Mouse","ONT cDNA","575-813","Kallisto","SMR","B20K80","BK20805",0.78033071325697
"Mouse","ONT cDNA","813-1597","Kallisto","SMR","B20K80","BK20805",0.561193641656219
"Mouse","ONT cDNA","1597-2528","Kallisto","SMR","B80K20","BK80201",3.30879413737726
"Mouse","ONT cDNA","191-575","Kallisto","SMR","B80K20","BK80201",4.50959106080039
"Mouse","ONT cDNA","575-813","Kallisto","SMR","B80K20","BK80201",0.158947322298367
"Mouse","ONT cDNA","813-1597","Kallisto","SMR","B80K20","BK80201",0.158228317902957
"Mouse","ONT cDNA","1597-2528","Kallisto","SMR","B80K20","BK80202",3.30840649453451
"Mouse","ONT cDNA","191-575","Kallisto","SMR","B80K20","BK80202",4.50953246309326
"Mouse","ONT cDNA","575-813","Kallisto","SMR","B80K20","BK80202",0.160155598844175
"Mouse","ONT cDNA","813-1597","Kallisto","SMR","B80K20","BK80202",0.164374169395694
"Mouse","ONT cDNA","1597-2528","Kallisto","SMR","B80K20","BK80203",3.31039994665356
"Mouse","ONT cDNA","191-575","Kallisto","SMR","B80K20","BK80203",4.51139502759262
"Mouse","ONT cDNA","575-813","Kallisto","SMR","B80K20","BK80203",0.230311457998447
"Mouse","ONT cDNA","813-1597","Kallisto","SMR","B80K20","BK80203",0.212414797820261
"Mouse","ONT cDNA","1597-2528","Kallisto","SMR","B80K20","BK80204",3.30731009090654
"Mouse","ONT cDNA","191-575","Kallisto","SMR","B80K20","BK80204",4.50994016063945
"Mouse","ONT cDNA","575-813","Kallisto","SMR","B80K20","BK80204",0.187086349131155
"Mouse","ONT cDNA","813-1597","Kallisto","SMR","B80K20","BK80204",0.150905651394375
"Mouse","ONT cDNA","1597-2528","Kallisto","SMR","B80K20","BK80205",3.30781340157068
"Mouse","ONT cDNA","191-575","Kallisto","SMR","B80K20","BK80205",4.5100678781033
"Mouse","ONT cDNA","575-813","Kallisto","SMR","B80K20","BK80205",0.154400118543582
"Mouse","ONT cDNA","813-1597","Kallisto","SMR","B80K20","BK80205",0.153703887113449
"Mouse","ONT cDNA","1597-2528","Kallisto","SMR","Kidney","K31",3.26938892628377
"Mouse","ONT cDNA","191-575","Kallisto","SMR","Kidney","K31",4.47059676064184
"Mouse","ONT cDNA","575-813","Kallisto","SMR","Kidney","K31",0.511707004124269
"Mouse","ONT cDNA","813-1597","Kallisto","SMR","Kidney","K31",0.268914649037097
"Mouse","ONT cDNA","1597-2528","Kallisto","SMR","Kidney","K32",3.27316161559254
"Mouse","ONT cDNA","191-575","Kallisto","SMR","Kidney","K32",4.47278767630919
"Mouse","ONT cDNA","575-813","Kallisto","SMR","Kidney","K32",0.55607824618493
"Mouse","ONT cDNA","813-1597","Kallisto","SMR","Kidney","K32",0.266074116362531
"Mouse","ONT cDNA","1597-2528","Kallisto","SMR","Kidney","K33",3.26139315356446
"Mouse","ONT cDNA","191-575","Kallisto","SMR","Kidney","K33",4.47321371212427
"Mouse","ONT cDNA","575-813","Kallisto","SMR","Kidney","K33",0.50849461575059
"Mouse","ONT cDNA","813-1597","Kallisto","SMR","Kidney","K33",0.272165259609427
"Mouse","ONT cDNA","1597-2528","Kallisto","SMR","Kidney","K34",3.28850572618805
"Mouse","ONT cDNA","191-575","Kallisto","SMR","Kidney","K34",4.47757120415029
"Mouse","ONT cDNA","575-813","Kallisto","SMR","Kidney","K34",0.480077795164023
"Mouse","ONT cDNA","813-1597","Kallisto","SMR","Kidney","K34",0.29298379583344
"Mouse","ONT cDNA","1597-2528","Kallisto","SMR","Kidney","K35",3.2689197646354
"Mouse","ONT cDNA","191-575","Kallisto","SMR","Kidney","K35",4.47824005461913
"Mouse","ONT cDNA","575-813","Kallisto","SMR","Kidney","K35",0.493672318195893
"Mouse","ONT cDNA","813-1597","Kallisto","SMR","Kidney","K35",0.286261715675233
"Mouse","ONT cDNA","1597-2528","Kallisto","TPM","Brain","B31",3.9451185704579
"Mouse","ONT cDNA","191-575","Kallisto","TPM","Brain","B31",4.61667456173363
"Mouse","ONT cDNA","575-813","Kallisto","TPM","Brain","B31",1.02613590683423
"Mouse","ONT cDNA","813-1597","Kallisto","TPM","Brain","B31",1.12209929771393
"Mouse","ONT cDNA","1597-2528","Kallisto","TPM","Brain","B32",3.91247274180244
"Mouse","ONT cDNA","191-575","Kallisto","TPM","Brain","B32",4.61229366761675
"Mouse","ONT cDNA","575-813","Kallisto","TPM","Brain","B32",1.07003765793299
"Mouse","ONT cDNA","813-1597","Kallisto","TPM","Brain","B32",1.16351294227938
"Mouse","ONT cDNA","1597-2528","Kallisto","TPM","Brain","B33",3.91381252890136
"Mouse","ONT cDNA","191-575","Kallisto","TPM","Brain","B33",4.61625172457743
"Mouse","ONT cDNA","575-813","Kallisto","TPM","Brain","B33",1.0363553294764
"Mouse","ONT cDNA","813-1597","Kallisto","TPM","Brain","B33",1.15096795358513
"Mouse","ONT cDNA","1597-2528","Kallisto","TPM","Brain","B34",3.92098605975207
"Mouse","ONT cDNA","191-575","Kallisto","TPM","Brain","B34",4.60926767163688
"Mouse","ONT cDNA","575-813","Kallisto","TPM","Brain","B34",1.03814113481355
"Mouse","ONT cDNA","813-1597","Kallisto","TPM","Brain","B34",1.11710293152611
"Mouse","ONT cDNA","1597-2528","Kallisto","TPM","Brain","B35",3.88952972747005
"Mouse","ONT cDNA","191-575","Kallisto","TPM","Brain","B35",4.61548216019964
"Mouse","ONT cDNA","575-813","Kallisto","TPM","Brain","B35",1.06586360762358
"Mouse","ONT cDNA","813-1597","Kallisto","TPM","Brain","B35",1.16803875427255
"Mouse","ONT cDNA","1597-2528","Kallisto","TPM","B20K80","BK20801",3.78204580807194
"Mouse","ONT cDNA","191-575","Kallisto","TPM","B20K80","BK20801",3.92631805793683
"Mouse","ONT cDNA","575-813","Kallisto","TPM","B20K80","BK20801",1.59127183109363
"Mouse","ONT cDNA","813-1597","Kallisto","TPM","B20K80","BK20801",1.22006183245532
"Mouse","ONT cDNA","1597-2528","Kallisto","TPM","B20K80","BK20802",3.89739335710518
"Mouse","ONT cDNA","191-575","Kallisto","TPM","B20K80","BK20802",3.9068097568266
"Mouse","ONT cDNA","575-813","Kallisto","TPM","B20K80","BK20802",1.49857062445466
"Mouse","ONT cDNA","813-1597","Kallisto","TPM","B20K80","BK20802",1.32437343391712
"Mouse","ONT cDNA","1597-2528","Kallisto","TPM","B20K80","BK20803",4.22633095841126
"Mouse","ONT cDNA","191-575","Kallisto","TPM","B20K80","BK20803",3.91063322087495
"Mouse","ONT cDNA","575-813","Kallisto","TPM","B20K80","BK20803",1.45551315554748
"Mouse","ONT cDNA","813-1597","Kallisto","TPM","B20K80","BK20803",1.30493020895646
"Mouse","ONT cDNA","1597-2528","Kallisto","TPM","B20K80","BK20804",4.08046047024313
"Mouse","ONT cDNA","191-575","Kallisto","TPM","B20K80","BK20804",3.92658910503918
"Mouse","ONT cDNA","575-813","Kallisto","TPM","B20K80","BK20804",1.55545780589474
"Mouse","ONT cDNA","813-1597","Kallisto","TPM","B20K80","BK20804",1.32061689964241
"Mouse","ONT cDNA","1597-2528","Kallisto","TPM","B20K80","BK20805",4.12726074031614
"Mouse","ONT cDNA","191-575","Kallisto","TPM","B20K80","BK20805",3.92437592420982
"Mouse","ONT cDNA","575-813","Kallisto","TPM","B20K80","BK20805",1.43509310237554
"Mouse","ONT cDNA","813-1597","Kallisto","TPM","B20K80","BK20805",1.29727118470285
"Mouse","ONT cDNA","1597-2528","Kallisto","TPM","B80K20","BK80201",3.99234432711485
"Mouse","ONT cDNA","191-575","Kallisto","TPM","B80K20","BK80201",4.61455171281354
"Mouse","ONT cDNA","575-813","Kallisto","TPM","B80K20","BK80201",1.05504257366662
"Mouse","ONT cDNA","813-1597","Kallisto","TPM","B80K20","BK80201",1.23227346509747
"Mouse","ONT cDNA","1597-2528","Kallisto","TPM","B80K20","BK80202",3.99532389365941
"Mouse","ONT cDNA","191-575","Kallisto","TPM","B80K20","BK80202",4.61842626013324
"Mouse","ONT cDNA","575-813","Kallisto","TPM","B80K20","BK80202",1.07352159426771
"Mouse","ONT cDNA","813-1597","Kallisto","TPM","B80K20","BK80202",1.2393114122633
"Mouse","ONT cDNA","1597-2528","Kallisto","TPM","B80K20","BK80203",3.91396597839642
"Mouse","ONT cDNA","191-575","Kallisto","TPM","B80K20","BK80203",4.60396612494836
"Mouse","ONT cDNA","575-813","Kallisto","TPM","B80K20","BK80203",1.10498828854879
"Mouse","ONT cDNA","813-1597","Kallisto","TPM","B80K20","BK80203",1.23981839945773
"Mouse","ONT cDNA","1597-2528","Kallisto","TPM","B80K20","BK80204",3.98836950934405
"Mouse","ONT cDNA","191-575","Kallisto","TPM","B80K20","BK80204",4.61147164759964
"Mouse","ONT cDNA","575-813","Kallisto","TPM","B80K20","BK80204",1.03423294323284
"Mouse","ONT cDNA","813-1597","Kallisto","TPM","B80K20","BK80204",1.21488804879021
"Mouse","ONT cDNA","1597-2528","Kallisto","TPM","B80K20","BK80205",3.99324358971474
"Mouse","ONT cDNA","191-575","Kallisto","TPM","B80K20","BK80205",4.61283081205912
"Mouse","ONT cDNA","575-813","Kallisto","TPM","B80K20","BK80205",1.13235776304018
"Mouse","ONT cDNA","813-1597","Kallisto","TPM","B80K20","BK80205",1.29328783723304
"Mouse","ONT cDNA","1597-2528","Kallisto","TPM","Kidney","K31",3.78111075996423
"Mouse","ONT cDNA","191-575","Kallisto","TPM","Kidney","K31",4.57421448656157
"Mouse","ONT cDNA","575-813","Kallisto","TPM","Kidney","K31",1.07076776155502
"Mouse","ONT cDNA","813-1597","Kallisto","TPM","Kidney","K31",1.35191283598762
"Mouse","ONT cDNA","1597-2528","Kallisto","TPM","Kidney","K32",3.81918944406478
"Mouse","ONT cDNA","191-575","Kallisto","TPM","Kidney","K32",4.58944178344822
"Mouse","ONT cDNA","575-813","Kallisto","TPM","Kidney","K32",1.12860349125832
"Mouse","ONT cDNA","813-1597","Kallisto","TPM","Kidney","K32",1.35314320626102
"Mouse","ONT cDNA","1597-2528","Kallisto","TPM","Kidney","K33",3.76832938599114
"Mouse","ONT cDNA","191-575","Kallisto","TPM","Kidney","K33",4.58922042410703
"Mouse","ONT cDNA","575-813","Kallisto","TPM","Kidney","K33",1.06277729718724
"Mouse","ONT cDNA","813-1597","Kallisto","TPM","Kidney","K33",1.35286612885602
"Mouse","ONT cDNA","1597-2528","Kallisto","TPM","Kidney","K34",3.75110451494442
"Mouse","ONT cDNA","191-575","Kallisto","TPM","Kidney","K34",4.59877247012774
"Mouse","ONT cDNA","575-813","Kallisto","TPM","Kidney","K34",1.1361159169759
"Mouse","ONT cDNA","813-1597","Kallisto","TPM","Kidney","K34",1.29501057323115
"Mouse","ONT cDNA","1597-2528","Kallisto","TPM","Kidney","K35",3.70668581433752
"Mouse","ONT cDNA","191-575","Kallisto","TPM","Kidney","K35",4.59754606556347
"Mouse","ONT cDNA","575-813","Kallisto","TPM","Kidney","K35",1.07203504535757
"Mouse","ONT cDNA","813-1597","Kallisto","TPM","Kidney","K35",1.25274384104679
"Mouse","ONT cDNA","1597-2528","Oarfish","CPM","Brain","B31",3.59520968851861
"Mouse","ONT cDNA","191-575","Oarfish","CPM","Brain","B31",4.63858952713056
"Mouse","ONT cDNA","575-813","Oarfish","CPM","Brain","B31",1.07354514052372
"Mouse","ONT cDNA","813-1597","Oarfish","CPM","Brain","B31",1.01573704409836
"Mouse","ONT cDNA","1597-2528","Oarfish","CPM","Brain","B32",3.56321983829639
"Mouse","ONT cDNA","191-575","Oarfish","CPM","Brain","B32",4.64850266597141
"Mouse","ONT cDNA","575-813","Oarfish","CPM","Brain","B32",1.13079822794806
"Mouse","ONT cDNA","813-1597","Oarfish","CPM","Brain","B32",1.07505817195529
"Mouse","ONT cDNA","1597-2528","Oarfish","CPM","Brain","B33",3.57490308075222
"Mouse","ONT cDNA","191-575","Oarfish","CPM","Brain","B33",4.63107170376015
"Mouse","ONT cDNA","575-813","Oarfish","CPM","Brain","B33",1.07333852922288
"Mouse","ONT cDNA","813-1597","Oarfish","CPM","Brain","B33",1.04359180352781
"Mouse","ONT cDNA","1597-2528","Oarfish","CPM","Brain","B34",3.57418877533768
"Mouse","ONT cDNA","191-575","Oarfish","CPM","Brain","B34",4.62236096891825
"Mouse","ONT cDNA","575-813","Oarfish","CPM","Brain","B34",1.0838253682046
"Mouse","ONT cDNA","813-1597","Oarfish","CPM","Brain","B34",1.03534153808062
"Mouse","ONT cDNA","1597-2528","Oarfish","CPM","Brain","B35",3.56050833255621
"Mouse","ONT cDNA","191-575","Oarfish","CPM","Brain","B35",4.63813507094397
"Mouse","ONT cDNA","575-813","Oarfish","CPM","Brain","B35",1.10554838717519
"Mouse","ONT cDNA","813-1597","Oarfish","CPM","Brain","B35",1.07239577476186
"Mouse","ONT cDNA","1597-2528","Oarfish","CPM","B20K80","BK20801",2.81800809027414
"Mouse","ONT cDNA","191-575","Oarfish","CPM","B20K80","BK20801",4.35753521494674
"Mouse","ONT cDNA","575-813","Oarfish","CPM","B20K80","BK20801",1.97537747219134
"Mouse","ONT cDNA","813-1597","Oarfish","CPM","B20K80","BK20801",1.23505528085196
"Mouse","ONT cDNA","1597-2528","Oarfish","CPM","B20K80","BK20802",2.96809786574801
"Mouse","ONT cDNA","191-575","Oarfish","CPM","B20K80","BK20802",4.34590814480458
"Mouse","ONT cDNA","575-813","Oarfish","CPM","B20K80","BK20802",2.01145089369999
"Mouse","ONT cDNA","813-1597","Oarfish","CPM","B20K80","BK20802",1.23569461047869
"Mouse","ONT cDNA","1597-2528","Oarfish","CPM","B20K80","BK20803",3.06616349998828
"Mouse","ONT cDNA","191-575","Oarfish","CPM","B20K80","BK20803",4.35609479033565
"Mouse","ONT cDNA","575-813","Oarfish","CPM","B20K80","BK20803",1.3231424599385
"Mouse","ONT cDNA","813-1597","Oarfish","CPM","B20K80","BK20803",1.29105078466273
"Mouse","ONT cDNA","1597-2528","Oarfish","CPM","B20K80","BK20804",2.89341533054915
"Mouse","ONT cDNA","191-575","Oarfish","CPM","B20K80","BK20804",4.36362901320564
"Mouse","ONT cDNA","575-813","Oarfish","CPM","B20K80","BK20804",1.49262528898491
"Mouse","ONT cDNA","813-1597","Oarfish","CPM","B20K80","BK20804",1.32673507836169
"Mouse","ONT cDNA","1597-2528","Oarfish","CPM","B20K80","BK20805",3.13395604331811
"Mouse","ONT cDNA","191-575","Oarfish","CPM","B20K80","BK20805",4.35790430850028
"Mouse","ONT cDNA","575-813","Oarfish","CPM","B20K80","BK20805",1.97955177888668
"Mouse","ONT cDNA","813-1597","Oarfish","CPM","B20K80","BK20805",1.29170504420532
"Mouse","ONT cDNA","1597-2528","Oarfish","CPM","B80K20","BK80201",3.60680713029959
"Mouse","ONT cDNA","191-575","Oarfish","CPM","B80K20","BK80201",4.68516955245721
"Mouse","ONT cDNA","575-813","Oarfish","CPM","B80K20","BK80201",1.12893720786847
"Mouse","ONT cDNA","813-1597","Oarfish","CPM","B80K20","BK80201",1.07177066927733
"Mouse","ONT cDNA","1597-2528","Oarfish","CPM","B80K20","BK80202",3.61127769502297
"Mouse","ONT cDNA","191-575","Oarfish","CPM","B80K20","BK80202",4.65822682252278
"Mouse","ONT cDNA","575-813","Oarfish","CPM","B80K20","BK80202",1.15197387453935
"Mouse","ONT cDNA","813-1597","Oarfish","CPM","B80K20","BK80202",1.1011818920182599
"Mouse","ONT cDNA","1597-2528","Oarfish","CPM","B80K20","BK80203",3.5489207444664
"Mouse","ONT cDNA","191-575","Oarfish","CPM","B80K20","BK80203",4.61161099309424
"Mouse","ONT cDNA","575-813","Oarfish","CPM","B80K20","BK80203",1.15450106031482
"Mouse","ONT cDNA","813-1597","Oarfish","CPM","B80K20","BK80203",1.04360771761734
"Mouse","ONT cDNA","1597-2528","Oarfish","CPM","B80K20","BK80204",3.60505837697117
"Mouse","ONT cDNA","191-575","Oarfish","CPM","B80K20","BK80204",4.64486202199134
"Mouse","ONT cDNA","575-813","Oarfish","CPM","B80K20","BK80204",1.09046315765886
"Mouse","ONT cDNA","813-1597","Oarfish","CPM","B80K20","BK80204",1.10343995173629
"Mouse","ONT cDNA","1597-2528","Oarfish","CPM","B80K20","BK80205",3.61281211589555
"Mouse","ONT cDNA","191-575","Oarfish","CPM","B80K20","BK80205",4.64164208601103
"Mouse","ONT cDNA","575-813","Oarfish","CPM","B80K20","BK80205",1.22043552061835
"Mouse","ONT cDNA","813-1597","Oarfish","CPM","B80K20","BK80205",1.1228470361441
"Mouse","ONT cDNA","1597-2528","Oarfish","CPM","Kidney","K31",3.59401288456459
"Mouse","ONT cDNA","191-575","Oarfish","CPM","Kidney","K31",4.38227478878454
"Mouse","ONT cDNA","575-813","Oarfish","CPM","Kidney","K31",1.06266705680776
"Mouse","ONT cDNA","813-1597","Oarfish","CPM","Kidney","K31",1.07487178866459
"Mouse","ONT cDNA","1597-2528","Oarfish","CPM","Kidney","K32",3.6238269779638
"Mouse","ONT cDNA","191-575","Oarfish","CPM","Kidney","K32",4.38599913841597
"Mouse","ONT cDNA","575-813","Oarfish","CPM","Kidney","K32",1.05309166409476
"Mouse","ONT cDNA","813-1597","Oarfish","CPM","Kidney","K32",1.02948318238851
"Mouse","ONT cDNA","1597-2528","Oarfish","CPM","Kidney","K33",3.5816098254953
"Mouse","ONT cDNA","191-575","Oarfish","CPM","Kidney","K33",4.38560674626781
"Mouse","ONT cDNA","575-813","Oarfish","CPM","Kidney","K33",1.04133388889367
"Mouse","ONT cDNA","813-1597","Oarfish","CPM","Kidney","K33",1.14280988355023
"Mouse","ONT cDNA","1597-2528","Oarfish","CPM","Kidney","K34",3.58384774155347
"Mouse","ONT cDNA","191-575","Oarfish","CPM","Kidney","K34",4.39019474629514
"Mouse","ONT cDNA","575-813","Oarfish","CPM","Kidney","K34",1.19202955726333
"Mouse","ONT cDNA","813-1597","Oarfish","CPM","Kidney","K34",1.03312722069948
"Mouse","ONT cDNA","1597-2528","Oarfish","CPM","Kidney","K35",3.54443241482994
"Mouse","ONT cDNA","191-575","Oarfish","CPM","Kidney","K35",4.39148469709617
"Mouse","ONT cDNA","575-813","Oarfish","CPM","Kidney","K35",1.1033388716011
"Mouse","ONT cDNA","813-1597","Oarfish","CPM","Kidney","K35",0.967725060016091
"Mouse","ONT cDNA","1597-2528","Oarfish","CQN","Brain","B31",2.84030548678176
"Mouse","ONT cDNA","191-575","Oarfish","CQN","Brain","B31",4.46546419790404
"Mouse","ONT cDNA","575-813","Oarfish","CQN","Brain","B31",1.14403460604819
"Mouse","ONT cDNA","813-1597","Oarfish","CQN","Brain","B31",0.942317203520209
"Mouse","ONT cDNA","1597-2528","Oarfish","CQN","Brain","B32",2.79506363602857
"Mouse","ONT cDNA","191-575","Oarfish","CQN","Brain","B32",4.42174068102641
"Mouse","ONT cDNA","575-813","Oarfish","CQN","Brain","B32",1.16422893236653
"Mouse","ONT cDNA","813-1597","Oarfish","CQN","Brain","B32",0.973410237322929
"Mouse","ONT cDNA","1597-2528","Oarfish","CQN","Brain","B33",2.81636726273798
"Mouse","ONT cDNA","191-575","Oarfish","CQN","Brain","B33",4.42994703717831
"Mouse","ONT cDNA","575-813","Oarfish","CQN","Brain","B33",1.13678855294035
"Mouse","ONT cDNA","813-1597","Oarfish","CQN","Brain","B33",0.96848614523786
"Mouse","ONT cDNA","1597-2528","Oarfish","CQN","Brain","B34",2.84002756906445
"Mouse","ONT cDNA","191-575","Oarfish","CQN","Brain","B34",4.41261870623519
"Mouse","ONT cDNA","575-813","Oarfish","CQN","Brain","B34",1.15500054354804
"Mouse","ONT cDNA","813-1597","Oarfish","CQN","Brain","B34",0.977749711179836
"Mouse","ONT cDNA","1597-2528","Oarfish","CQN","Brain","B35",2.78812528309698
"Mouse","ONT cDNA","191-575","Oarfish","CQN","Brain","B35",4.40963423207287
"Mouse","ONT cDNA","575-813","Oarfish","CQN","Brain","B35",1.16300320801047
"Mouse","ONT cDNA","813-1597","Oarfish","CQN","Brain","B35",0.983410133603172
"Mouse","ONT cDNA","1597-2528","Oarfish","CQN","B20K80","BK20801",2.63699746936608
"Mouse","ONT cDNA","191-575","Oarfish","CQN","B20K80","BK20801",4.18375278125578
"Mouse","ONT cDNA","575-813","Oarfish","CQN","B20K80","BK20801",1.97815864559001
"Mouse","ONT cDNA","813-1597","Oarfish","CQN","B20K80","BK20801",1.18560562298434
"Mouse","ONT cDNA","1597-2528","Oarfish","CQN","B20K80","BK20802",2.79134888462663
"Mouse","ONT cDNA","191-575","Oarfish","CQN","B20K80","BK20802",4.07513140941126
"Mouse","ONT cDNA","575-813","Oarfish","CQN","B20K80","BK20802",1.9164948423077801
"Mouse","ONT cDNA","813-1597","Oarfish","CQN","B20K80","BK20802",1.109844665055
"Mouse","ONT cDNA","1597-2528","Oarfish","CQN","B20K80","BK20803",2.58659726919765
"Mouse","ONT cDNA","191-575","Oarfish","CQN","B20K80","BK20803",4.12733181842797
"Mouse","ONT cDNA","575-813","Oarfish","CQN","B20K80","BK20803",1.71954891744127
"Mouse","ONT cDNA","813-1597","Oarfish","CQN","B20K80","BK20803",1.21116811539457
"Mouse","ONT cDNA","1597-2528","Oarfish","CQN","B20K80","BK20804",2.59564125807187
"Mouse","ONT cDNA","191-575","Oarfish","CQN","B20K80","BK20804",4.11768839780246
"Mouse","ONT cDNA","575-813","Oarfish","CQN","B20K80","BK20804",1.78328596957136
"Mouse","ONT cDNA","813-1597","Oarfish","CQN","B20K80","BK20804",1.32567297412207
"Mouse","ONT cDNA","1597-2528","Oarfish","CQN","B20K80","BK20805",2.61472724500928
"Mouse","ONT cDNA","191-575","Oarfish","CQN","B20K80","BK20805",4.1395125537762
"Mouse","ONT cDNA","575-813","Oarfish","CQN","B20K80","BK20805",1.89225758633991
"Mouse","ONT cDNA","813-1597","Oarfish","CQN","B20K80","BK20805",1.27122673572075
"Mouse","ONT cDNA","1597-2528","Oarfish","CQN","B80K20","BK80201",3.0303545540243
"Mouse","ONT cDNA","191-575","Oarfish","CQN","B80K20","BK80201",4.64799793205304
"Mouse","ONT cDNA","575-813","Oarfish","CQN","B80K20","BK80201",1.22289407033752
"Mouse","ONT cDNA","813-1597","Oarfish","CQN","B80K20","BK80201",0.988058921460968
"Mouse","ONT cDNA","1597-2528","Oarfish","CQN","B80K20","BK80202",3.05456599119043
"Mouse","ONT cDNA","191-575","Oarfish","CQN","B80K20","BK80202",4.60224883832166
"Mouse","ONT cDNA","575-813","Oarfish","CQN","B80K20","BK80202",1.30292346509473
"Mouse","ONT cDNA","813-1597","Oarfish","CQN","B80K20","BK80202",1.03759562229782
"Mouse","ONT cDNA","1597-2528","Oarfish","CQN","B80K20","BK80203",2.96173515464994
"Mouse","ONT cDNA","191-575","Oarfish","CQN","B80K20","BK80203",4.47344501362907
"Mouse","ONT cDNA","575-813","Oarfish","CQN","B80K20","BK80203",1.34948253539095
"Mouse","ONT cDNA","813-1597","Oarfish","CQN","B80K20","BK80203",0.918642332911488
"Mouse","ONT cDNA","1597-2528","Oarfish","CQN","B80K20","BK80204",3.04613514279
"Mouse","ONT cDNA","191-575","Oarfish","CQN","B80K20","BK80204",4.61158448847109
"Mouse","ONT cDNA","575-813","Oarfish","CQN","B80K20","BK80204",1.3158775758682
"Mouse","ONT cDNA","813-1597","Oarfish","CQN","B80K20","BK80204",1.07842699585115
"Mouse","ONT cDNA","1597-2528","Oarfish","CQN","B80K20","BK80205",3.01854929487845
"Mouse","ONT cDNA","191-575","Oarfish","CQN","B80K20","BK80205",4.57673450265382
"Mouse","ONT cDNA","575-813","Oarfish","CQN","B80K20","BK80205",1.46812793000986
"Mouse","ONT cDNA","813-1597","Oarfish","CQN","B80K20","BK80205",1.08264228679091
"Mouse","ONT cDNA","1597-2528","Oarfish","CQN","Kidney","K31",2.80357797092298
"Mouse","ONT cDNA","191-575","Oarfish","CQN","Kidney","K31",4.15119512448769
"Mouse","ONT cDNA","575-813","Oarfish","CQN","Kidney","K31",1.10291682964265
"Mouse","ONT cDNA","813-1597","Oarfish","CQN","Kidney","K31",0.990088529599863
"Mouse","ONT cDNA","1597-2528","Oarfish","CQN","Kidney","K32",2.76765462455776
"Mouse","ONT cDNA","191-575","Oarfish","CQN","Kidney","K32",4.07604094838002
"Mouse","ONT cDNA","575-813","Oarfish","CQN","Kidney","K32",0.987117742689039
"Mouse","ONT cDNA","813-1597","Oarfish","CQN","Kidney","K32",0.869641563796379
"Mouse","ONT cDNA","1597-2528","Oarfish","CQN","Kidney","K33",2.73988915658914
"Mouse","ONT cDNA","191-575","Oarfish","CQN","Kidney","K33",4.12783667816109
"Mouse","ONT cDNA","575-813","Oarfish","CQN","Kidney","K33",1.01007492446678
"Mouse","ONT cDNA","813-1597","Oarfish","CQN","Kidney","K33",0.978285691869035
"Mouse","ONT cDNA","1597-2528","Oarfish","CQN","Kidney","K34",2.71129790100849
"Mouse","ONT cDNA","191-575","Oarfish","CQN","Kidney","K34",4.039652213823
"Mouse","ONT cDNA","575-813","Oarfish","CQN","Kidney","K34",1.07068063464744
"Mouse","ONT cDNA","813-1597","Oarfish","CQN","Kidney","K34",0.924677215713237
"Mouse","ONT cDNA","1597-2528","Oarfish","CQN","Kidney","K35",2.73744784101422
"Mouse","ONT cDNA","191-575","Oarfish","CQN","Kidney","K35",4.08942901875121
"Mouse","ONT cDNA","575-813","Oarfish","CQN","Kidney","K35",1.12612529911005
"Mouse","ONT cDNA","813-1597","Oarfish","CQN","Kidney","K35",0.962167602425416
"Mouse","ONT cDNA","1597-2528","Oarfish","EDASeq","Brain","B31",3.47381757071948
"Mouse","ONT cDNA","191-575","Oarfish","EDASeq","Brain","B31",4.63651623099308
"Mouse","ONT cDNA","575-813","Oarfish","EDASeq","Brain","B31",1.09762165009397
"Mouse","ONT cDNA","813-1597","Oarfish","EDASeq","Brain","B31",0.966593951594696
"Mouse","ONT cDNA","1597-2528","Oarfish","EDASeq","Brain","B32",3.46482968844501
"Mouse","ONT cDNA","191-575","Oarfish","EDASeq","Brain","B32",4.65119203681413
"Mouse","ONT cDNA","575-813","Oarfish","EDASeq","Brain","B32",1.1436425496199
"Mouse","ONT cDNA","813-1597","Oarfish","EDASeq","Brain","B32",1.01470551468775
"Mouse","ONT cDNA","1597-2528","Oarfish","EDASeq","Brain","B33",3.46381011208722
"Mouse","ONT cDNA","191-575","Oarfish","EDASeq","Brain","B33",4.63077840588309
"Mouse","ONT cDNA","575-813","Oarfish","EDASeq","Brain","B33",1.10041472318203
"Mouse","ONT cDNA","813-1597","Oarfish","EDASeq","Brain","B33",0.995154371257092
"Mouse","ONT cDNA","1597-2528","Oarfish","EDASeq","Brain","B34",3.46018681101768
"Mouse","ONT cDNA","191-575","Oarfish","EDASeq","Brain","B34",4.62315027601588
"Mouse","ONT cDNA","575-813","Oarfish","EDASeq","Brain","B34",1.11172613420137
"Mouse","ONT cDNA","813-1597","Oarfish","EDASeq","Brain","B34",0.984613833920591
"Mouse","ONT cDNA","1597-2528","Oarfish","EDASeq","Brain","B35",3.44107242033372
"Mouse","ONT cDNA","191-575","Oarfish","EDASeq","Brain","B35",4.64614888531535
"Mouse","ONT cDNA","575-813","Oarfish","EDASeq","Brain","B35",1.12754241004178
"Mouse","ONT cDNA","813-1597","Oarfish","EDASeq","Brain","B35",1.00808977182781
"Mouse","ONT cDNA","1597-2528","Oarfish","EDASeq","B20K80","BK20801",2.57236100479274
"Mouse","ONT cDNA","191-575","Oarfish","EDASeq","B20K80","BK20801",4.35906407203663
"Mouse","ONT cDNA","575-813","Oarfish","EDASeq","B20K80","BK20801",2.00075410001421
"Mouse","ONT cDNA","813-1597","Oarfish","EDASeq","B20K80","BK20801",1.12884946930369
"Mouse","ONT cDNA","1597-2528","Oarfish","EDASeq","B20K80","BK20802",2.69337881201327
"Mouse","ONT cDNA","191-575","Oarfish","EDASeq","B20K80","BK20802",4.34626497630581
"Mouse","ONT cDNA","575-813","Oarfish","EDASeq","B20K80","BK20802",2.02901750503507
"Mouse","ONT cDNA","813-1597","Oarfish","EDASeq","B20K80","BK20802",1.1104419262803
"Mouse","ONT cDNA","1597-2528","Oarfish","EDASeq","B20K80","BK20803",2.86936814860156
"Mouse","ONT cDNA","191-575","Oarfish","EDASeq","B20K80","BK20803",4.35809294467628
"Mouse","ONT cDNA","575-813","Oarfish","EDASeq","B20K80","BK20803",1.35746627941634
"Mouse","ONT cDNA","813-1597","Oarfish","EDASeq","B20K80","BK20803",1.16145713349681
"Mouse","ONT cDNA","1597-2528","Oarfish","EDASeq","B20K80","BK20804",2.59556161084946
"Mouse","ONT cDNA","191-575","Oarfish","EDASeq","B20K80","BK20804",4.37008106784825
"Mouse","ONT cDNA","575-813","Oarfish","EDASeq","B20K80","BK20804",1.54430199510364
"Mouse","ONT cDNA","813-1597","Oarfish","EDASeq","B20K80","BK20804",1.1968202204036
"Mouse","ONT cDNA","1597-2528","Oarfish","EDASeq","B20K80","BK20805",2.90950538951704
"Mouse","ONT cDNA","191-575","Oarfish","EDASeq","B20K80","BK20805",4.36317220496395
"Mouse","ONT cDNA","575-813","Oarfish","EDASeq","B20K80","BK20805",2.0084102765857
"Mouse","ONT cDNA","813-1597","Oarfish","EDASeq","B20K80","BK20805",1.15867556451745
"Mouse","ONT cDNA","1597-2528","Oarfish","EDASeq","B80K20","BK80201",3.46034398068958
"Mouse","ONT cDNA","191-575","Oarfish","EDASeq","B80K20","BK80201",4.70341573395058
"Mouse","ONT cDNA","575-813","Oarfish","EDASeq","B80K20","BK80201",1.137098620741
"Mouse","ONT cDNA","813-1597","Oarfish","EDASeq","B80K20","BK80201",0.972324740264279
"Mouse","ONT cDNA","1597-2528","Oarfish","EDASeq","B80K20","BK80202",3.48372471824898
"Mouse","ONT cDNA","191-575","Oarfish","EDASeq","B80K20","BK80202",4.66616370883334
"Mouse","ONT cDNA","575-813","Oarfish","EDASeq","B80K20","BK80202",1.15699106381956
"Mouse","ONT cDNA","813-1597","Oarfish","EDASeq","B80K20","BK80202",1.02381263533835
"Mouse","ONT cDNA","1597-2528","Oarfish","EDASeq","B80K20","BK80203",3.42749361317532
"Mouse","ONT cDNA","191-575","Oarfish","EDASeq","B80K20","BK80203",4.61698986248052
"Mouse","ONT cDNA","575-813","Oarfish","EDASeq","B80K20","BK80203",1.16359708723854
"Mouse","ONT cDNA","813-1597","Oarfish","EDASeq","B80K20","BK80203",0.929899231766466
"Mouse","ONT cDNA","1597-2528","Oarfish","EDASeq","B80K20","BK80204",3.45351667123842
"Mouse","ONT cDNA","191-575","Oarfish","EDASeq","B80K20","BK80204",4.65706218380227
"Mouse","ONT cDNA","575-813","Oarfish","EDASeq","B80K20","BK80204",1.0960448296584
"Mouse","ONT cDNA","813-1597","Oarfish","EDASeq","B80K20","BK80204",1.003369773657
"Mouse","ONT cDNA","1597-2528","Oarfish","EDASeq","B80K20","BK80205",3.45205083826847
"Mouse","ONT cDNA","191-575","Oarfish","EDASeq","B80K20","BK80205",4.66003613639112
"Mouse","ONT cDNA","575-813","Oarfish","EDASeq","B80K20","BK80205",1.2375031288578
"Mouse","ONT cDNA","813-1597","Oarfish","EDASeq","B80K20","BK80205",1.0175400579544
"Mouse","ONT cDNA","1597-2528","Oarfish","EDASeq","Kidney","K31",3.40119608373909
"Mouse","ONT cDNA","191-575","Oarfish","EDASeq","Kidney","K31",4.37437274467246
"Mouse","ONT cDNA","575-813","Oarfish","EDASeq","Kidney","K31",1.09937705067832
"Mouse","ONT cDNA","813-1597","Oarfish","EDASeq","Kidney","K31",0.959728544156799
"Mouse","ONT cDNA","1597-2528","Oarfish","EDASeq","Kidney","K32",3.44892085307535
"Mouse","ONT cDNA","191-575","Oarfish","EDASeq","Kidney","K32",4.3761730136044
"Mouse","ONT cDNA","575-813","Oarfish","EDASeq","Kidney","K32",1.07916111689114
"Mouse","ONT cDNA","813-1597","Oarfish","EDASeq","Kidney","K32",0.922322277455696
"Mouse","ONT cDNA","1597-2528","Oarfish","EDASeq","Kidney","K33",3.41179871153096
"Mouse","ONT cDNA","191-575","Oarfish","EDASeq","Kidney","K33",4.37770421422592
"Mouse","ONT cDNA","575-813","Oarfish","EDASeq","Kidney","K33",1.07055644194438
"Mouse","ONT cDNA","813-1597","Oarfish","EDASeq","Kidney","K33",1.03936994032787
"Mouse","ONT cDNA","1597-2528","Oarfish","EDASeq","Kidney","K34",3.42255189786492
"Mouse","ONT cDNA","191-575","Oarfish","EDASeq","Kidney","K34",4.38410320802402
"Mouse","ONT cDNA","575-813","Oarfish","EDASeq","Kidney","K34",1.24262790970022
"Mouse","ONT cDNA","813-1597","Oarfish","EDASeq","Kidney","K34",0.982566241169522
"Mouse","ONT cDNA","1597-2528","Oarfish","EDASeq","Kidney","K35",3.38994328984217
"Mouse","ONT cDNA","191-575","Oarfish","EDASeq","Kidney","K35",4.38972134623561
"Mouse","ONT cDNA","575-813","Oarfish","EDASeq","Kidney","K35",1.1622687372958
"Mouse","ONT cDNA","813-1597","Oarfish","EDASeq","Kidney","K35",0.921757423916602
"Mouse","ONT cDNA","1597-2528","Oarfish","SMR","Brain","B31",3.26304008136623
"Mouse","ONT cDNA","191-575","Oarfish","SMR","Brain","B31",4.51506291634289
"Mouse","ONT cDNA","575-813","Oarfish","SMR","Brain","B31",0.0989441464359499
"Mouse","ONT cDNA","813-1597","Oarfish","SMR","Brain","B31",0.198516905847866
"Mouse","ONT cDNA","1597-2528","Oarfish","SMR","Brain","B32",3.26179086137435
"Mouse","ONT cDNA","191-575","Oarfish","SMR","Brain","B32",4.51173382599274
"Mouse","ONT cDNA","575-813","Oarfish","SMR","Brain","B32",0.118767686082314
"Mouse","ONT cDNA","813-1597","Oarfish","SMR","Brain","B32",0.184119766353994
"Mouse","ONT cDNA","1597-2528","Oarfish","SMR","Brain","B33",3.26135328976385
"Mouse","ONT cDNA","191-575","Oarfish","SMR","Brain","B33",4.51723889488698
"Mouse","ONT cDNA","575-813","Oarfish","SMR","Brain","B33",0.0972375657458777
"Mouse","ONT cDNA","813-1597","Oarfish","SMR","Brain","B33",0.179033601938074
"Mouse","ONT cDNA","1597-2528","Oarfish","SMR","Brain","B34",3.26221637180724
"Mouse","ONT cDNA","191-575","Oarfish","SMR","Brain","B34",4.52166241242063
"Mouse","ONT cDNA","575-813","Oarfish","SMR","Brain","B34",0.117012590289167
"Mouse","ONT cDNA","813-1597","Oarfish","SMR","Brain","B34",0.190960177320604
"Mouse","ONT cDNA","1597-2528","Oarfish","SMR","Brain","B35",3.2592765029786
"Mouse","ONT cDNA","191-575","Oarfish","SMR","Brain","B35",4.51459136895379
"Mouse","ONT cDNA","575-813","Oarfish","SMR","Brain","B35",0.0904181039665422
"Mouse","ONT cDNA","813-1597","Oarfish","SMR","Brain","B35",0.16087330492682
"Mouse","ONT cDNA","1597-2528","Oarfish","SMR","B20K80","BK20801",2.53611387481831
"Mouse","ONT cDNA","191-575","Oarfish","SMR","B20K80","BK20801",4.33487708430784
"Mouse","ONT cDNA","575-813","Oarfish","SMR","B20K80","BK20801",1.63047710019773
"Mouse","ONT cDNA","813-1597","Oarfish","SMR","B20K80","BK20801",0.519189344616199
"Mouse","ONT cDNA","1597-2528","Oarfish","SMR","B20K80","BK20802",2.66736781328049
"Mouse","ONT cDNA","191-575","Oarfish","SMR","B20K80","BK20802",4.34063167712266
"Mouse","ONT cDNA","575-813","Oarfish","SMR","B20K80","BK20802",1.65796583377219
"Mouse","ONT cDNA","813-1597","Oarfish","SMR","B20K80","BK20802",0.629069670457482
"Mouse","ONT cDNA","1597-2528","Oarfish","SMR","B20K80","BK20803",2.93356958719459
"Mouse","ONT cDNA","191-575","Oarfish","SMR","B20K80","BK20803",4.34057268604127
"Mouse","ONT cDNA","575-813","Oarfish","SMR","B20K80","BK20803",0.899553728673044
"Mouse","ONT cDNA","813-1597","Oarfish","SMR","B20K80","BK20803",0.623244136579177
"Mouse","ONT cDNA","1597-2528","Oarfish","SMR","B20K80","BK20804",2.53642840285541
"Mouse","ONT cDNA","191-575","Oarfish","SMR","B20K80","BK20804",4.33489490052966
"Mouse","ONT cDNA","575-813","Oarfish","SMR","B20K80","BK20804",1.03499051223094
"Mouse","ONT cDNA","813-1597","Oarfish","SMR","B20K80","BK20804",0.524320935771279
"Mouse","ONT cDNA","1597-2528","Oarfish","SMR","B20K80","BK20805",2.93763438387632
"Mouse","ONT cDNA","191-575","Oarfish","SMR","B20K80","BK20805",4.33682632991332
"Mouse","ONT cDNA","575-813","Oarfish","SMR","B20K80","BK20805",1.62176807347811
"Mouse","ONT cDNA","813-1597","Oarfish","SMR","B20K80","BK20805",0.559435662888181
"Mouse","ONT cDNA","1597-2528","Oarfish","SMR","B80K20","BK80201",3.26021164951199
"Mouse","ONT cDNA","191-575","Oarfish","SMR","B80K20","BK80201",4.50900772492446
"Mouse","ONT cDNA","575-813","Oarfish","SMR","B80K20","BK80201",0.138962697021329
"Mouse","ONT cDNA","813-1597","Oarfish","SMR","B80K20","BK80201",0.134315770758035
"Mouse","ONT cDNA","1597-2528","Oarfish","SMR","B80K20","BK80202",3.25884107371678
"Mouse","ONT cDNA","191-575","Oarfish","SMR","B80K20","BK80202",4.51174864088379
"Mouse","ONT cDNA","575-813","Oarfish","SMR","B80K20","BK80202",0.14366885121856
"Mouse","ONT cDNA","813-1597","Oarfish","SMR","B80K20","BK80202",0.11028302885556
"Mouse","ONT cDNA","1597-2528","Oarfish","SMR","B80K20","BK80203",3.26008187996565
"Mouse","ONT cDNA","191-575","Oarfish","SMR","B80K20","BK80203",4.53306799642284
"Mouse","ONT cDNA","575-813","Oarfish","SMR","B80K20","BK80203",0.172343323625458
"Mouse","ONT cDNA","813-1597","Oarfish","SMR","B80K20","BK80203",0.268411045337907
"Mouse","ONT cDNA","1597-2528","Oarfish","SMR","B80K20","BK80204",3.25907289450939
"Mouse","ONT cDNA","191-575","Oarfish","SMR","B80K20","BK80204",4.51336764179931
"Mouse","ONT cDNA","575-813","Oarfish","SMR","B80K20","BK80204",0.151820293543009
"Mouse","ONT cDNA","813-1597","Oarfish","SMR","B80K20","BK80204",0.10746471837671
"Mouse","ONT cDNA","1597-2528","Oarfish","SMR","B80K20","BK80205",3.2601364076208
"Mouse","ONT cDNA","191-575","Oarfish","SMR","B80K20","BK80205",4.51664091072607
"Mouse","ONT cDNA","575-813","Oarfish","SMR","B80K20","BK80205",0.148110871455519
"Mouse","ONT cDNA","813-1597","Oarfish","SMR","B80K20","BK80205",0.108715364883112
"Mouse","ONT cDNA","1597-2528","Oarfish","SMR","Kidney","K31",3.90463020170247
"Mouse","ONT cDNA","191-575","Oarfish","SMR","Kidney","K31",4.75999138774122
"Mouse","ONT cDNA","575-813","Oarfish","SMR","Kidney","K31",2.21392454033343
"Mouse","ONT cDNA","813-1597","Oarfish","SMR","Kidney","K31",2.15049162247619
"Mouse","ONT cDNA","1597-2528","Oarfish","SMR","Kidney","K32",3.92245245148228
"Mouse","ONT cDNA","191-575","Oarfish","SMR","Kidney","K32",4.76139278372858
"Mouse","ONT cDNA","575-813","Oarfish","SMR","Kidney","K32",2.19080848305259
"Mouse","ONT cDNA","813-1597","Oarfish","SMR","Kidney","K32",2.15431452950773
"Mouse","ONT cDNA","1597-2528","Oarfish","SMR","Kidney","K33",3.86756233120649
"Mouse","ONT cDNA","191-575","Oarfish","SMR","Kidney","K33",4.75230979531915
"Mouse","ONT cDNA","575-813","Oarfish","SMR","Kidney","K33",2.14005117195947
"Mouse","ONT cDNA","813-1597","Oarfish","SMR","Kidney","K33",2.13121479952494
"Mouse","ONT cDNA","1597-2528","Oarfish","SMR","Kidney","K34",3.83508193968396
"Mouse","ONT cDNA","191-575","Oarfish","SMR","Kidney","K34",4.78370332300676
"Mouse","ONT cDNA","575-813","Oarfish","SMR","Kidney","K34",2.17984361889019
"Mouse","ONT cDNA","813-1597","Oarfish","SMR","Kidney","K34",1.95171757064135
"Mouse","ONT cDNA","1597-2528","Oarfish","SMR","Kidney","K35",3.78741567564902
"Mouse","ONT cDNA","191-575","Oarfish","SMR","Kidney","K35",4.78088607799602
"Mouse","ONT cDNA","575-813","Oarfish","SMR","Kidney","K35",2.13545142955577
"Mouse","ONT cDNA","813-1597","Oarfish","SMR","Kidney","K35",1.88997953981578
"Mouse","ONT cDNA","1597-2528","Oarfish","TPM","Brain","B31",4.10025111453328
"Mouse","ONT cDNA","191-575","Oarfish","TPM","Brain","B31",4.6255773966542
"Mouse","ONT cDNA","575-813","Oarfish","TPM","Brain","B31",1.11643156496798
"Mouse","ONT cDNA","813-1597","Oarfish","TPM","Brain","B31",1.42865694530772
"Mouse","ONT cDNA","1597-2528","Oarfish","TPM","Brain","B32",4.05730951219557
"Mouse","ONT cDNA","191-575","Oarfish","TPM","Brain","B32",4.63210195259953
"Mouse","ONT cDNA","575-813","Oarfish","TPM","Brain","B32",1.17399128479248
"Mouse","ONT cDNA","813-1597","Oarfish","TPM","Brain","B32",1.49474249906983
"Mouse","ONT cDNA","1597-2528","Oarfish","TPM","Brain","B33",4.05861152760414
"Mouse","ONT cDNA","191-575","Oarfish","TPM","Brain","B33",4.62134477051779
"Mouse","ONT cDNA","575-813","Oarfish","TPM","Brain","B33",1.11342671641131
"Mouse","ONT cDNA","813-1597","Oarfish","TPM","Brain","B33",1.4434558317143
"Mouse","ONT cDNA","1597-2528","Oarfish","TPM","Brain","B34",4.05583380426642
"Mouse","ONT cDNA","191-575","Oarfish","TPM","Brain","B34",4.61645962189471
"Mouse","ONT cDNA","575-813","Oarfish","TPM","Brain","B34",1.12190985612603
"Mouse","ONT cDNA","813-1597","Oarfish","TPM","Brain","B34",1.43496462708282
"Mouse","ONT cDNA","1597-2528","Oarfish","TPM","Brain","B35",4.05139266761406
"Mouse","ONT cDNA","191-575","Oarfish","TPM","Brain","B35",4.62602555321976
"Mouse","ONT cDNA","575-813","Oarfish","TPM","Brain","B35",1.14706305691103
"Mouse","ONT cDNA","813-1597","Oarfish","TPM","Brain","B35",1.48049326858683
"Mouse","ONT cDNA","1597-2528","Oarfish","TPM","B20K80","BK20801",3.49948239053056
"Mouse","ONT cDNA","191-575","Oarfish","TPM","B20K80","BK20801",4.36935743486447
"Mouse","ONT cDNA","575-813","Oarfish","TPM","B20K80","BK20801",1.99159388257462
"Mouse","ONT cDNA","813-1597","Oarfish","TPM","B20K80","BK20801",1.64970011319944
"Mouse","ONT cDNA","1597-2528","Oarfish","TPM","B20K80","BK20802",3.68951595740034
"Mouse","ONT cDNA","191-575","Oarfish","TPM","B20K80","BK20802",4.35596497964438
"Mouse","ONT cDNA","575-813","Oarfish","TPM","B20K80","BK20802",2.0325536230914
"Mouse","ONT cDNA","813-1597","Oarfish","TPM","B20K80","BK20802",1.69807737901806
"Mouse","ONT cDNA","1597-2528","Oarfish","TPM","B20K80","BK20803",3.66682470870042
"Mouse","ONT cDNA","191-575","Oarfish","TPM","B20K80","BK20803",4.36637323566734
"Mouse","ONT cDNA","575-813","Oarfish","TPM","B20K80","BK20803",1.3456552618137
"Mouse","ONT cDNA","813-1597","Oarfish","TPM","B20K80","BK20803",1.7394531573588
"Mouse","ONT cDNA","1597-2528","Oarfish","TPM","B20K80","BK20804",3.61224233217032
"Mouse","ONT cDNA","191-575","Oarfish","TPM","B20K80","BK20804",4.36836187004106
"Mouse","ONT cDNA","575-813","Oarfish","TPM","B20K80","BK20804",1.51146645316192
"Mouse","ONT cDNA","813-1597","Oarfish","TPM","B20K80","BK20804",1.76364920823038
"Mouse","ONT cDNA","1597-2528","Oarfish","TPM","B20K80","BK20805",3.73435682393875
"Mouse","ONT cDNA","191-575","Oarfish","TPM","B20K80","BK20805",4.36537362638184
"Mouse","ONT cDNA","575-813","Oarfish","TPM","B20K80","BK20805",2.00119040597721
"Mouse","ONT cDNA","813-1597","Oarfish","TPM","B20K80","BK20805",1.73124084462012
"Mouse","ONT cDNA","1597-2528","Oarfish","TPM","B80K20","BK80201",4.14291647291124
"Mouse","ONT cDNA","191-575","Oarfish","TPM","B80K20","BK80201",4.65812370699155
"Mouse","ONT cDNA","575-813","Oarfish","TPM","B80K20","BK80201",1.18058510393315
"Mouse","ONT cDNA","813-1597","Oarfish","TPM","B80K20","BK80201",1.54015477764312
"Mouse","ONT cDNA","1597-2528","Oarfish","TPM","B80K20","BK80202",4.15856273035462
"Mouse","ONT cDNA","191-575","Oarfish","TPM","B80K20","BK80202",4.63850402932914
"Mouse","ONT cDNA","575-813","Oarfish","TPM","B80K20","BK80202",1.20638941914982
"Mouse","ONT cDNA","813-1597","Oarfish","TPM","B80K20","BK80202",1.56069685336227
"Mouse","ONT cDNA","1597-2528","Oarfish","TPM","B80K20","BK80203",4.05677480136478
"Mouse","ONT cDNA","191-575","Oarfish","TPM","B80K20","BK80203",4.61107721179993
"Mouse","ONT cDNA","575-813","Oarfish","TPM","B80K20","BK80203",1.20516741797565
"Mouse","ONT cDNA","813-1597","Oarfish","TPM","B80K20","BK80203",1.54723916486688
"Mouse","ONT cDNA","1597-2528","Oarfish","TPM","B80K20","BK80204",4.14302376311811
"Mouse","ONT cDNA","191-575","Oarfish","TPM","B80K20","BK80204",4.63079348153243
"Mouse","ONT cDNA","575-813","Oarfish","TPM","B80K20","BK80204",1.14436608631782
"Mouse","ONT cDNA","813-1597","Oarfish","TPM","B80K20","BK80204",1.5638235614442
"Mouse","ONT cDNA","1597-2528","Oarfish","TPM","B80K20","BK80205",4.14881974543176
"Mouse","ONT cDNA","191-575","Oarfish","TPM","B80K20","BK80205",4.62736146907512
"Mouse","ONT cDNA","575-813","Oarfish","TPM","B80K20","BK80205",1.27187933662391
"Mouse","ONT cDNA","813-1597","Oarfish","TPM","B80K20","BK80205",1.58386902569724
"Mouse","ONT cDNA","1597-2528","Oarfish","TPM","Kidney","K31",4.16299495757663
"Mouse","ONT cDNA","191-575","Oarfish","TPM","Kidney","K31",4.39339654858596
"Mouse","ONT cDNA","575-813","Oarfish","TPM","Kidney","K31",1.12225487211252
"Mouse","ONT cDNA","813-1597","Oarfish","TPM","Kidney","K31",1.57328415881726
"Mouse","ONT cDNA","1597-2528","Oarfish","TPM","Kidney","K32",4.20262680990398
"Mouse","ONT cDNA","191-575","Oarfish","TPM","Kidney","K32",4.39435954256451
"Mouse","ONT cDNA","575-813","Oarfish","TPM","Kidney","K32",1.11444739725188
"Mouse","ONT cDNA","813-1597","Oarfish","TPM","Kidney","K32",1.5541711116024
"Mouse","ONT cDNA","1597-2528","Oarfish","TPM","Kidney","K33",4.14287943642444
"Mouse","ONT cDNA","191-575","Oarfish","TPM","Kidney","K33",4.39411168007328
"Mouse","ONT cDNA","575-813","Oarfish","TPM","Kidney","K33",1.09907186462235
"Mouse","ONT cDNA","813-1597","Oarfish","TPM","Kidney","K33",1.63322463809844
"Mouse","ONT cDNA","1597-2528","Oarfish","TPM","Kidney","K34",4.11686598010562
"Mouse","ONT cDNA","191-575","Oarfish","TPM","Kidney","K34",4.39371295139745
"Mouse","ONT cDNA","575-813","Oarfish","TPM","Kidney","K34",1.24105949497142
"Mouse","ONT cDNA","813-1597","Oarfish","TPM","Kidney","K34",1.46951285217435
"Mouse","ONT cDNA","1597-2528","Oarfish","TPM","Kidney","K35",4.05952496146464
"Mouse","ONT cDNA","191-575","Oarfish","TPM","Kidney","K35",4.39400050922904
"Mouse","ONT cDNA","575-813","Oarfish","TPM","Kidney","K35",1.15211753266323
"Mouse","ONT cDNA","813-1597","Oarfish","TPM","Kidney","K35",1.39467217453107
