"Dataset","Platform","Transcript length bin (bp)","Tool","Normalization","Condition","Sample","RMSE"
"LongBench","Kinnex","1115-2425","Bambu","CPM","SCLC_A","SRR30947491",0.86954666506772
"LongBench","Kinnex","191-603","Bambu","CPM","SCLC_A","SRR30947491",8.5346750103499
"LongBench","Kinnex","2425-12059","Bambu","CPM","SCLC_A","SRR30947491",2.26638833594588
"LongBench","Kinnex","603-1115","Bambu","CPM","SCLC_A","SRR30947491",4.57099670703623
"LongBench","Kinnex","1115-2425","Bambu","CPM","SCLC_A","SRR30947494",0.93020759284974
"LongBench","Kinnex","191-603","Bambu","CPM","SCLC_A","SRR30947494",8.48808067293912
"LongBench","Kinnex","2425-12059","Bambu","CPM","SCLC_A","SRR30947494",2.29797981235569
"LongBench","Kinnex","603-1115","Bambu","CPM","SCLC_A","SRR30947494",4.36517852370671
"LongBench","Kinnex","1115-2425","Bambu","CPM","SCLC_A","SRR30947496",0.899613507278133
"LongBench","Kinnex","191-603","Bambu","CPM","SCLC_A","SRR30947496",8.51610532864839
"LongBench","Kinnex","2425-12059","Bambu","CPM","SCLC_A","SRR30947496",2.2701953354845
"LongBench","Kinnex","603-1115","Bambu","CPM","SCLC_A","SRR30947496",4.56371844576413
"LongBench","Kinnex","1115-2425","Bambu","CPM","LUAD","SRR30947497",0.907216653511925
"LongBench","Kinnex","191-603","Bambu","CPM","LUAD","SRR30947497",8.54175013554443
"LongBench","Kinnex","2425-12059","Bambu","CPM","LUAD","SRR30947497",2.25927298145218
"LongBench","Kinnex","603-1115","Bambu","CPM","LUAD","SRR30947497",4.75265864076307
"LongBench","Kinnex","1115-2425","Bambu","CPM","LUAD","SRR30947498",0.847313494648944
"LongBench","Kinnex","191-603","Bambu","CPM","LUAD","SRR30947498",8.3955479054134
"LongBench","Kinnex","2425-12059","Bambu","CPM","LUAD","SRR30947498",2.24824519926378
"LongBench","Kinnex","603-1115","Bambu","CPM","LUAD","SRR30947498",4.15776663314267
"LongBench","Kinnex","1115-2425","Bambu","CPM","LUAD","SRR30947499",0.80137928244064
"LongBench","Kinnex","191-603","Bambu","CPM","LUAD","SRR30947499",8.3890993052793
"LongBench","Kinnex","2425-12059","Bambu","CPM","LUAD","SRR30947499",2.27740976823315
"LongBench","Kinnex","603-1115","Bambu","CPM","LUAD","SRR30947499",4.2009404625903
"LongBench","Kinnex","1115-2425","Bambu","CQN","SCLC_A","SRR30947491",0.825151334836893
"LongBench","Kinnex","191-603","Bambu","CQN","SCLC_A","SRR30947491",8.4779655001117
"LongBench","Kinnex","2425-12059","Bambu","CQN","SCLC_A","SRR30947491",2.25034832934795
"LongBench","Kinnex","603-1115","Bambu","CQN","SCLC_A","SRR30947491",4.42956557876618
"LongBench","Kinnex","1115-2425","Bambu","CQN","SCLC_A","SRR30947494",0.967749094455468
"LongBench","Kinnex","191-603","Bambu","CQN","SCLC_A","SRR30947494",8.42240227885366
"LongBench","Kinnex","2425-12059","Bambu","CQN","SCLC_A","SRR30947494",2.29678284514724
"LongBench","Kinnex","603-1115","Bambu","CQN","SCLC_A","SRR30947494",4.25443600100736
"LongBench","Kinnex","1115-2425","Bambu","CQN","SCLC_A","SRR30947496",0.92678837234904
"LongBench","Kinnex","191-603","Bambu","CQN","SCLC_A","SRR30947496",8.38642676532371
"LongBench","Kinnex","2425-12059","Bambu","CQN","SCLC_A","SRR30947496",2.26295869793022
"LongBench","Kinnex","603-1115","Bambu","CQN","SCLC_A","SRR30947496",4.27065120302724
"LongBench","Kinnex","1115-2425","Bambu","CQN","LUAD","SRR30947497",0.798929814633976
"LongBench","Kinnex","191-603","Bambu","CQN","LUAD","SRR30947497",8.40444523482503
"LongBench","Kinnex","2425-12059","Bambu","CQN","LUAD","SRR30947497",2.21278317517331
"LongBench","Kinnex","603-1115","Bambu","CQN","LUAD","SRR30947497",4.33664019427215
"LongBench","Kinnex","1115-2425","Bambu","CQN","LUAD","SRR30947498",0.783290978236743
"LongBench","Kinnex","191-603","Bambu","CQN","LUAD","SRR30947498",8.43087383283791
"LongBench","Kinnex","2425-12059","Bambu","CQN","LUAD","SRR30947498",2.22940741762421
"LongBench","Kinnex","603-1115","Bambu","CQN","LUAD","SRR30947498",4.29744801224111
"LongBench","Kinnex","1115-2425","Bambu","CQN","LUAD","SRR30947499",0.718921939221339
"LongBench","Kinnex","191-603","Bambu","CQN","LUAD","SRR30947499",8.4077834481269509
"LongBench","Kinnex","2425-12059","Bambu","CQN","LUAD","SRR30947499",2.27770440116129
"LongBench","Kinnex","603-1115","Bambu","CQN","LUAD","SRR30947499",4.27939730556673
"LongBench","Kinnex","1115-2425","Bambu","EDASeq","SCLC_A","SRR30947491",0.827887327595874
"LongBench","Kinnex","191-603","Bambu","EDASeq","SCLC_A","SRR30947491",8.49143508700135
"LongBench","Kinnex","2425-12059","Bambu","EDASeq","SCLC_A","SRR30947491",2.26111072526654
"LongBench","Kinnex","603-1115","Bambu","EDASeq","SCLC_A","SRR30947491",4.47038228527321
"LongBench","Kinnex","1115-2425","Bambu","EDASeq","SCLC_A","SRR30947494",0.93667426816287
"LongBench","Kinnex","191-603","Bambu","EDASeq","SCLC_A","SRR30947494",8.46353066164381
"LongBench","Kinnex","2425-12059","Bambu","EDASeq","SCLC_A","SRR30947494",2.30170066973664
"LongBench","Kinnex","603-1115","Bambu","EDASeq","SCLC_A","SRR30947494",4.31028716093067
"LongBench","Kinnex","1115-2425","Bambu","EDASeq","SCLC_A","SRR30947496",0.885219937827085
"LongBench","Kinnex","191-603","Bambu","EDASeq","SCLC_A","SRR30947496",8.48770246271458
"LongBench","Kinnex","2425-12059","Bambu","EDASeq","SCLC_A","SRR30947496",2.27018866028053
"LongBench","Kinnex","603-1115","Bambu","EDASeq","SCLC_A","SRR30947496",4.49616784245559
"LongBench","Kinnex","1115-2425","Bambu","EDASeq","LUAD","SRR30947497",0.850121702135864
"LongBench","Kinnex","191-603","Bambu","EDASeq","LUAD","SRR30947497",8.50148462052682
"LongBench","Kinnex","2425-12059","Bambu","EDASeq","LUAD","SRR30947497",2.24909557741031
"LongBench","Kinnex","603-1115","Bambu","EDASeq","LUAD","SRR30947497",4.66254066833297
"LongBench","Kinnex","1115-2425","Bambu","EDASeq","LUAD","SRR30947498",0.796806484032822
"LongBench","Kinnex","191-603","Bambu","EDASeq","LUAD","SRR30947498",8.42195616414979
"LongBench","Kinnex","2425-12059","Bambu","EDASeq","LUAD","SRR30947498",2.24304073262903
"LongBench","Kinnex","603-1115","Bambu","EDASeq","LUAD","SRR30947498",4.24700351642741
"LongBench","Kinnex","1115-2425","Bambu","EDASeq","LUAD","SRR30947499",0.741964272211264
"LongBench","Kinnex","191-603","Bambu","EDASeq","LUAD","SRR30947499",8.41806683239923
"LongBench","Kinnex","2425-12059","Bambu","EDASeq","LUAD","SRR30947499",2.28471589184444
"LongBench","Kinnex","603-1115","Bambu","EDASeq","LUAD","SRR30947499",4.30466952442183
"LongBench","Kinnex","1115-2425","Bambu","SMR","SCLC_A","SRR30947491",0.536408732154281
"LongBench","Kinnex","191-603","Bambu","SMR","SCLC_A","SRR30947491",8.23456774123196
"LongBench","Kinnex","2425-12059","Bambu","SMR","SCLC_A","SRR30947491",2.10153782903094
"LongBench","Kinnex","603-1115","Bambu","SMR","SCLC_A","SRR30947491",3.64183625958073
"LongBench","Kinnex","1115-2425","Bambu","SMR","SCLC_A","SRR30947494",0.388872770933305
"LongBench","Kinnex","191-603","Bambu","SMR","SCLC_A","SRR30947494",8.22606508435341
"LongBench","Kinnex","2425-12059","Bambu","SMR","SCLC_A","SRR30947494",2.11363786922998
"LongBench","Kinnex","603-1115","Bambu","SMR","SCLC_A","SRR30947494",3.60427125283739
"LongBench","Kinnex","1115-2425","Bambu","SMR","SCLC_A","SRR30947496",0.454490284574255
"LongBench","Kinnex","191-603","Bambu","SMR","SCLC_A","SRR30947496",8.23181820928231
"LongBench","Kinnex","2425-12059","Bambu","SMR","SCLC_A","SRR30947496",2.10451494796448
"LongBench","Kinnex","603-1115","Bambu","SMR","SCLC_A","SRR30947496",3.65353742268917
"LongBench","Kinnex","1115-2425","Bambu","SMR","LUAD","SRR30947497",0.591261427153924
"LongBench","Kinnex","191-603","Bambu","SMR","LUAD","SRR30947497",8.23390746022894
"LongBench","Kinnex","2425-12059","Bambu","SMR","LUAD","SRR30947497",2.09203507689398
"LongBench","Kinnex","603-1115","Bambu","SMR","LUAD","SRR30947497",3.72587688228392
"LongBench","Kinnex","1115-2425","Bambu","SMR","LUAD","SRR30947498",0.328242041952829
"LongBench","Kinnex","191-603","Bambu","SMR","LUAD","SRR30947498",8.20107908095847
"LongBench","Kinnex","2425-12059","Bambu","SMR","LUAD","SRR30947498",2.05461782903367
"LongBench","Kinnex","603-1115","Bambu","SMR","LUAD","SRR30947498",3.61333260293115
"LongBench","Kinnex","1115-2425","Bambu","SMR","LUAD","SRR30947499",0.213736777459296
"LongBench","Kinnex","191-603","Bambu","SMR","LUAD","SRR30947499",8.20120736725869
"LongBench","Kinnex","2425-12059","Bambu","SMR","LUAD","SRR30947499",2.06222251824895
"LongBench","Kinnex","603-1115","Bambu","SMR","LUAD","SRR30947499",3.63417937423566
"LongBench","Kinnex","1115-2425","Bambu","TPM","SCLC_A","SRR30947491",0.986604748355205
"LongBench","Kinnex","191-603","Bambu","TPM","SCLC_A","SRR30947491",8.38233420727709
"LongBench","Kinnex","2425-12059","Bambu","TPM","SCLC_A","SRR30947491",2.59718201993994
"LongBench","Kinnex","603-1115","Bambu","TPM","SCLC_A","SRR30947491",4.15100521268749
"LongBench","Kinnex","1115-2425","Bambu","TPM","SCLC_A","SRR30947494",1.0102273371608
"LongBench","Kinnex","191-603","Bambu","TPM","SCLC_A","SRR30947494",8.3490329790149609
"LongBench","Kinnex","2425-12059","Bambu","TPM","SCLC_A","SRR30947494",2.56482366495342
"LongBench","Kinnex","603-1115","Bambu","TPM","SCLC_A","SRR30947494",4.00229006034714
"LongBench","Kinnex","1115-2425","Bambu","TPM","SCLC_A","SRR30947496",0.993461044726535
"LongBench","Kinnex","191-603","Bambu","TPM","SCLC_A","SRR30947496",8.3691947981137
"LongBench","Kinnex","2425-12059","Bambu","TPM","SCLC_A","SRR30947496",2.58002739692254
"LongBench","Kinnex","603-1115","Bambu","TPM","SCLC_A","SRR30947496",4.15451416089435
"LongBench","Kinnex","1115-2425","Bambu","TPM","LUAD","SRR30947497",1.01766326884525
"LongBench","Kinnex","191-603","Bambu","TPM","LUAD","SRR30947497",8.38889882575686
"LongBench","Kinnex","2425-12059","Bambu","TPM","LUAD","SRR30947497",2.63616531661249
"LongBench","Kinnex","603-1115","Bambu","TPM","LUAD","SRR30947497",4.31519098288543
"LongBench","Kinnex","1115-2425","Bambu","TPM","LUAD","SRR30947498",0.903547069106774
"LongBench","Kinnex","191-603","Bambu","TPM","LUAD","SRR30947498",8.29081518608271
"LongBench","Kinnex","2425-12059","Bambu","TPM","LUAD","SRR30947498",2.68465613895722
"LongBench","Kinnex","603-1115","Bambu","TPM","LUAD","SRR30947498",3.91018669250147
"LongBench","Kinnex","1115-2425","Bambu","TPM","LUAD","SRR30947499",0.853967945114143
"LongBench","Kinnex","191-603","Bambu","TPM","LUAD","SRR30947499",8.28619428383331
"LongBench","Kinnex","2425-12059","Bambu","TPM","LUAD","SRR30947499",2.66707621336682
"LongBench","Kinnex","603-1115","Bambu","TPM","LUAD","SRR30947499",3.95167612279745
"LongBench","Kinnex","1115-2425","FLAIR","CPM","SCLC_A","SRR30947491",0.980643747709008
"LongBench","Kinnex","191-603","FLAIR","CPM","SCLC_A","SRR30947491",8.4935454901072
"LongBench","Kinnex","2425-12059","FLAIR","CPM","SCLC_A","SRR30947491",6.49578330127106
"LongBench","Kinnex","603-1115","FLAIR","CPM","SCLC_A","SRR30947491",4.44384958231033
"LongBench","Kinnex","1115-2425","FLAIR","CPM","SCLC_A","SRR30947494",0.942712593182113
"LongBench","Kinnex","191-603","FLAIR","CPM","SCLC_A","SRR30947494",8.4483169767597
"LongBench","Kinnex","2425-12059","FLAIR","CPM","SCLC_A","SRR30947494",6.49485804020429
"LongBench","Kinnex","603-1115","FLAIR","CPM","SCLC_A","SRR30947494",4.23613494575283
"LongBench","Kinnex","1115-2425","FLAIR","CPM","SCLC_A","SRR30947496",0.98142068147886
"LongBench","Kinnex","191-603","FLAIR","CPM","SCLC_A","SRR30947496",8.47875901795508
"LongBench","Kinnex","2425-12059","FLAIR","CPM","SCLC_A","SRR30947496",6.49274478899016
"LongBench","Kinnex","603-1115","FLAIR","CPM","SCLC_A","SRR30947496",4.44432467931552
"LongBench","Kinnex","1115-2425","FLAIR","CPM","LUAD","SRR30947497",1.01103360371464
"LongBench","Kinnex","191-603","FLAIR","CPM","LUAD","SRR30947497",8.50963813706492
"LongBench","Kinnex","2425-12059","FLAIR","CPM","LUAD","SRR30947497",6.81289612105007
"LongBench","Kinnex","603-1115","FLAIR","CPM","LUAD","SRR30947497",4.64805416164178
"LongBench","Kinnex","1115-2425","FLAIR","CPM","LUAD","SRR30947498",0.913656467535649
"LongBench","Kinnex","191-603","FLAIR","CPM","LUAD","SRR30947498",8.36919349527416
"LongBench","Kinnex","2425-12059","FLAIR","CPM","LUAD","SRR30947498",6.80768754087754
"LongBench","Kinnex","603-1115","FLAIR","CPM","LUAD","SRR30947498",4.09138732750112
"LongBench","Kinnex","1115-2425","FLAIR","CPM","LUAD","SRR30947499",0.86575393704348
"LongBench","Kinnex","191-603","FLAIR","CPM","LUAD","SRR30947499",8.35727284951725
"LongBench","Kinnex","2425-12059","FLAIR","CPM","LUAD","SRR30947499",6.80948341715285
"LongBench","Kinnex","603-1115","FLAIR","CPM","LUAD","SRR30947499",4.1187218715299
"LongBench","Kinnex","1115-2425","FLAIR","CQN","SCLC_A","SRR30947491",0.979836517184694
"LongBench","Kinnex","191-603","FLAIR","CQN","SCLC_A","SRR30947491",8.51240578297523
"LongBench","Kinnex","2425-12059","FLAIR","CQN","SCLC_A","SRR30947491",6.49410057513337
"LongBench","Kinnex","603-1115","FLAIR","CQN","SCLC_A","SRR30947491",4.4983126105406
"LongBench","Kinnex","1115-2425","FLAIR","CQN","SCLC_A","SRR30947494",1.00847713912952
"LongBench","Kinnex","191-603","FLAIR","CQN","SCLC_A","SRR30947494",8.47586820024871
"LongBench","Kinnex","2425-12059","FLAIR","CQN","SCLC_A","SRR30947494",6.4973514815857
"LongBench","Kinnex","603-1115","FLAIR","CQN","SCLC_A","SRR30947494",4.38152416151179
"LongBench","Kinnex","1115-2425","FLAIR","CQN","SCLC_A","SRR30947496",1.03285822286851
"LongBench","Kinnex","191-603","FLAIR","CQN","SCLC_A","SRR30947496",8.43940755921003
"LongBench","Kinnex","2425-12059","FLAIR","CQN","SCLC_A","SRR30947496",6.49506450368466
"LongBench","Kinnex","603-1115","FLAIR","CQN","SCLC_A","SRR30947496",4.42661109660525
"LongBench","Kinnex","1115-2425","FLAIR","CQN","LUAD","SRR30947497",0.939779748318475
"LongBench","Kinnex","191-603","FLAIR","CQN","LUAD","SRR30947497",8.42666352789446
"LongBench","Kinnex","2425-12059","FLAIR","CQN","LUAD","SRR30947497",6.64579091203705
"LongBench","Kinnex","603-1115","FLAIR","CQN","LUAD","SRR30947497",4.42281892270083
"LongBench","Kinnex","1115-2425","FLAIR","CQN","LUAD","SRR30947498",0.901942317414016
"LongBench","Kinnex","191-603","FLAIR","CQN","LUAD","SRR30947498",8.4252703171412
"LongBench","Kinnex","2425-12059","FLAIR","CQN","LUAD","SRR30947498",6.64520165906803
"LongBench","Kinnex","603-1115","FLAIR","CQN","LUAD","SRR30947498",4.2973541900013
"LongBench","Kinnex","1115-2425","FLAIR","CQN","LUAD","SRR30947499",0.846452543387468
"LongBench","Kinnex","191-603","FLAIR","CQN","LUAD","SRR30947499",8.4341706775142
"LongBench","Kinnex","2425-12059","FLAIR","CQN","LUAD","SRR30947499",6.64654311271571
"LongBench","Kinnex","603-1115","FLAIR","CQN","LUAD","SRR30947499",4.34197370521698
"LongBench","Kinnex","1115-2425","FLAIR","EDASeq","SCLC_A","SRR30947491",1.01829217214958
"LongBench","Kinnex","191-603","FLAIR","EDASeq","SCLC_A","SRR30947491",8.4396744131116
"LongBench","Kinnex","2425-12059","FLAIR","EDASeq","SCLC_A","SRR30947491",6.49506068679144
"LongBench","Kinnex","603-1115","FLAIR","EDASeq","SCLC_A","SRR30947491",4.27910125590806
"LongBench","Kinnex","1115-2425","FLAIR","EDASeq","SCLC_A","SRR30947494",0.96677072236231
"LongBench","Kinnex","191-603","FLAIR","EDASeq","SCLC_A","SRR30947494",8.4175768240004
"LongBench","Kinnex","2425-12059","FLAIR","EDASeq","SCLC_A","SRR30947494",6.4928311844353
"LongBench","Kinnex","603-1115","FLAIR","EDASeq","SCLC_A","SRR30947494",4.14544615021472
"LongBench","Kinnex","1115-2425","FLAIR","EDASeq","SCLC_A","SRR30947496",1.00193932739
"LongBench","Kinnex","191-603","FLAIR","EDASeq","SCLC_A","SRR30947496",8.43573245566089
"LongBench","Kinnex","2425-12059","FLAIR","EDASeq","SCLC_A","SRR30947496",6.49169737836455
"LongBench","Kinnex","603-1115","FLAIR","EDASeq","SCLC_A","SRR30947496",4.31702450959735
"LongBench","Kinnex","1115-2425","FLAIR","EDASeq","LUAD","SRR30947497",1.05713825437722
"LongBench","Kinnex","191-603","FLAIR","EDASeq","LUAD","SRR30947497",8.44709912222374
"LongBench","Kinnex","2425-12059","FLAIR","EDASeq","LUAD","SRR30947497",6.80945405031208
"LongBench","Kinnex","603-1115","FLAIR","EDASeq","LUAD","SRR30947497",4.45242212102045
"LongBench","Kinnex","1115-2425","FLAIR","EDASeq","LUAD","SRR30947498",0.942721276766426
"LongBench","Kinnex","191-603","FLAIR","EDASeq","LUAD","SRR30947498",8.35413789232549
"LongBench","Kinnex","2425-12059","FLAIR","EDASeq","LUAD","SRR30947498",6.80671314557521
"LongBench","Kinnex","603-1115","FLAIR","EDASeq","LUAD","SRR30947498",4.05081345499746
"LongBench","Kinnex","1115-2425","FLAIR","EDASeq","LUAD","SRR30947499",0.889606040065791
"LongBench","Kinnex","191-603","FLAIR","EDASeq","LUAD","SRR30947499",8.34276152255628
"LongBench","Kinnex","2425-12059","FLAIR","EDASeq","LUAD","SRR30947499",6.80841768607607
"LongBench","Kinnex","603-1115","FLAIR","EDASeq","LUAD","SRR30947499",4.07820086196863
"LongBench","Kinnex","1115-2425","FLAIR","SMR","SCLC_A","SRR30947491",0.682346059411327
"LongBench","Kinnex","191-603","FLAIR","SMR","SCLC_A","SRR30947491",8.23097459285969
"LongBench","Kinnex","2425-12059","FLAIR","SMR","SCLC_A","SRR30947491",6.50023147829564
"LongBench","Kinnex","603-1115","FLAIR","SMR","SCLC_A","SRR30947491",3.6381274901869
"LongBench","Kinnex","1115-2425","FLAIR","SMR","SCLC_A","SRR30947494",0.527916220020278
"LongBench","Kinnex","191-603","FLAIR","SMR","SCLC_A","SRR30947494",8.22385533253061
"LongBench","Kinnex","2425-12059","FLAIR","SMR","SCLC_A","SRR30947494",6.49464121482895
"LongBench","Kinnex","603-1115","FLAIR","SMR","SCLC_A","SRR30947494",3.61523809765325
"LongBench","Kinnex","1115-2425","FLAIR","SMR","SCLC_A","SRR30947496",0.630354232101343
"LongBench","Kinnex","191-603","FLAIR","SMR","SCLC_A","SRR30947496",8.22984311836159
"LongBench","Kinnex","2425-12059","FLAIR","SMR","SCLC_A","SRR30947496",6.49600752901704
"LongBench","Kinnex","603-1115","FLAIR","SMR","SCLC_A","SRR30947496",3.65929179570322
"LongBench","Kinnex","1115-2425","FLAIR","SMR","LUAD","SRR30947497",0.748216337834727
"LongBench","Kinnex","191-603","FLAIR","SMR","LUAD","SRR30947497",8.23088764907575
"LongBench","Kinnex","2425-12059","FLAIR","SMR","LUAD","SRR30947497",6.81201153551021
"LongBench","Kinnex","603-1115","FLAIR","SMR","LUAD","SRR30947497",3.72358372875771
"LongBench","Kinnex","1115-2425","FLAIR","SMR","LUAD","SRR30947498",0.441458436915147
"LongBench","Kinnex","191-603","FLAIR","SMR","LUAD","SRR30947498",8.20022972600283
"LongBench","Kinnex","2425-12059","FLAIR","SMR","LUAD","SRR30947498",6.79709211299572
"LongBench","Kinnex","603-1115","FLAIR","SMR","LUAD","SRR30947498",3.6336742632254
"LongBench","Kinnex","1115-2425","FLAIR","SMR","LUAD","SRR30947499",0.330968965926373
"LongBench","Kinnex","191-603","FLAIR","SMR","LUAD","SRR30947499",8.19972288322041
"LongBench","Kinnex","2425-12059","FLAIR","SMR","LUAD","SRR30947499",6.79666980848722
"LongBench","Kinnex","603-1115","FLAIR","SMR","LUAD","SRR30947499",3.65981142014919
"LongBench","Kinnex","1115-2425","FLAIR","TPM","SCLC_A","SRR30947491",1.01497307528644
"LongBench","Kinnex","191-603","FLAIR","TPM","SCLC_A","SRR30947491",8.3653904579847609
"LongBench","Kinnex","2425-12059","FLAIR","TPM","SCLC_A","SRR30947491",6.50313686307408
"LongBench","Kinnex","603-1115","FLAIR","TPM","SCLC_A","SRR30947491",4.10453853350305
"LongBench","Kinnex","1115-2425","FLAIR","TPM","SCLC_A","SRR30947494",0.951388008463012
"LongBench","Kinnex","191-603","FLAIR","TPM","SCLC_A","SRR30947494",8.3379899057943
"LongBench","Kinnex","2425-12059","FLAIR","TPM","SCLC_A","SRR30947494",6.50448509910007
"LongBench","Kinnex","603-1115","FLAIR","TPM","SCLC_A","SRR30947494",3.97116384792657
"LongBench","Kinnex","1115-2425","FLAIR","TPM","SCLC_A","SRR30947496",0.995710108693173
"LongBench","Kinnex","191-603","FLAIR","TPM","SCLC_A","SRR30947496",8.35785078717916
"LongBench","Kinnex","2425-12059","FLAIR","TPM","SCLC_A","SRR30947496",6.50404488615563
"LongBench","Kinnex","603-1115","FLAIR","TPM","SCLC_A","SRR30947496",4.12480745804367
"LongBench","Kinnex","1115-2425","FLAIR","TPM","LUAD","SRR30947497",1.05295101855438
"LongBench","Kinnex","191-603","FLAIR","TPM","LUAD","SRR30947497",8.37759076415913
"LongBench","Kinnex","2425-12059","FLAIR","TPM","LUAD","SRR30947497",6.8122628852088
"LongBench","Kinnex","603-1115","FLAIR","TPM","LUAD","SRR30947497",4.2817917439857
"LongBench","Kinnex","1115-2425","FLAIR","TPM","LUAD","SRR30947498",0.906403571902867
"LongBench","Kinnex","191-603","FLAIR","TPM","LUAD","SRR30947498",8.28198031989762
"LongBench","Kinnex","2425-12059","FLAIR","TPM","LUAD","SRR30947498",6.81649746355784
"LongBench","Kinnex","603-1115","FLAIR","TPM","LUAD","SRR30947498",3.89671129647732
"LongBench","Kinnex","1115-2425","FLAIR","TPM","LUAD","SRR30947499",0.854671409284267
"LongBench","Kinnex","191-603","FLAIR","TPM","LUAD","SRR30947499",8.27569614053984
"LongBench","Kinnex","2425-12059","FLAIR","TPM","LUAD","SRR30947499",6.81932101335196
"LongBench","Kinnex","603-1115","FLAIR","TPM","LUAD","SRR30947499",3.93381815310612
"LongBench","Kinnex","1115-2425","IsoQuant","CPM","SCLC_A","SRR30947491",2.27913745972775
"LongBench","Kinnex","191-603","IsoQuant","CPM","SCLC_A","SRR30947491",8.6970910348981
"LongBench","Kinnex","2425-12059","IsoQuant","CPM","SCLC_A","SRR30947491",6.49308989516989
"LongBench","Kinnex","603-1115","IsoQuant","CPM","SCLC_A","SRR30947491",4.44580139047788
"LongBench","Kinnex","1115-2425","IsoQuant","CPM","SCLC_A","SRR30947494",2.26583506864781
"LongBench","Kinnex","191-603","IsoQuant","CPM","SCLC_A","SRR30947494",8.66242733707256
"LongBench","Kinnex","2425-12059","IsoQuant","CPM","SCLC_A","SRR30947494",6.48958089879588
"LongBench","Kinnex","603-1115","IsoQuant","CPM","SCLC_A","SRR30947494",4.22528095840065
"LongBench","Kinnex","1115-2425","IsoQuant","CPM","SCLC_A","SRR30947496",2.27885238009597
"LongBench","Kinnex","191-603","IsoQuant","CPM","SCLC_A","SRR30947496",8.68440307710238
"LongBench","Kinnex","2425-12059","IsoQuant","CPM","SCLC_A","SRR30947496",6.48863875830696
"LongBench","Kinnex","603-1115","IsoQuant","CPM","SCLC_A","SRR30947496",4.42416582001677
"LongBench","Kinnex","1115-2425","IsoQuant","CPM","LUAD","SRR30947497",2.28534411156316
"LongBench","Kinnex","191-603","IsoQuant","CPM","LUAD","SRR30947497",8.68149138829548
"LongBench","Kinnex","2425-12059","IsoQuant","CPM","LUAD","SRR30947497",6.49170881990941
"LongBench","Kinnex","603-1115","IsoQuant","CPM","LUAD","SRR30947497",4.64405778808869
"LongBench","Kinnex","1115-2425","IsoQuant","CPM","LUAD","SRR30947498",2.24606326152924
"LongBench","Kinnex","191-603","IsoQuant","CPM","LUAD","SRR30947498",8.58484424269348
"LongBench","Kinnex","2425-12059","IsoQuant","CPM","LUAD","SRR30947498",6.48572441115122
"LongBench","Kinnex","603-1115","IsoQuant","CPM","LUAD","SRR30947498",4.08756160820173
"LongBench","Kinnex","1115-2425","IsoQuant","CPM","LUAD","SRR30947499",2.23151011730542
"LongBench","Kinnex","191-603","IsoQuant","CPM","LUAD","SRR30947499",8.58206109358091
"LongBench","Kinnex","2425-12059","IsoQuant","CPM","LUAD","SRR30947499",6.48495258709874
"LongBench","Kinnex","603-1115","IsoQuant","CPM","LUAD","SRR30947499",4.11929809365876
"LongBench","Kinnex","1115-2425","IsoQuant","CQN","SCLC_A","SRR30947491",2.25892957705509
"LongBench","Kinnex","191-603","IsoQuant","CQN","SCLC_A","SRR30947491",8.62493655600641
"LongBench","Kinnex","2425-12059","IsoQuant","CQN","SCLC_A","SRR30947491",6.30928891837804
"LongBench","Kinnex","603-1115","IsoQuant","CQN","SCLC_A","SRR30947491",4.33453453203055
"LongBench","Kinnex","1115-2425","IsoQuant","CQN","SCLC_A","SRR30947494",2.29156966866605
"LongBench","Kinnex","191-603","IsoQuant","CQN","SCLC_A","SRR30947494",8.61501692187261
"LongBench","Kinnex","2425-12059","IsoQuant","CQN","SCLC_A","SRR30947494",6.3619827828553
"LongBench","Kinnex","603-1115","IsoQuant","CQN","SCLC_A","SRR30947494",4.24252277355554
"LongBench","Kinnex","1115-2425","IsoQuant","CQN","SCLC_A","SRR30947496",2.29890380023117
"LongBench","Kinnex","191-603","IsoQuant","CQN","SCLC_A","SRR30947496",8.5845280776623
"LongBench","Kinnex","2425-12059","IsoQuant","CQN","SCLC_A","SRR30947496",6.3283374990518
"LongBench","Kinnex","603-1115","IsoQuant","CQN","SCLC_A","SRR30947496",4.23346872143292
"LongBench","Kinnex","1115-2425","IsoQuant","CQN","LUAD","SRR30947497",2.18658447932244
"LongBench","Kinnex","191-603","IsoQuant","CQN","LUAD","SRR30947497",8.693659367777
"LongBench","Kinnex","2425-12059","IsoQuant","CQN","LUAD","SRR30947497",6.34335251479806
"LongBench","Kinnex","603-1115","IsoQuant","CQN","LUAD","SRR30947497",4.84502731075
"LongBench","Kinnex","1115-2425","IsoQuant","CQN","LUAD","SRR30947498",2.1698382324689
"LongBench","Kinnex","191-603","IsoQuant","CQN","LUAD","SRR30947498",8.74693938991313
"LongBench","Kinnex","2425-12059","IsoQuant","CQN","LUAD","SRR30947498",6.35637228071315
"LongBench","Kinnex","603-1115","IsoQuant","CQN","LUAD","SRR30947498",4.85580023732424
"LongBench","Kinnex","1115-2425","IsoQuant","CQN","LUAD","SRR30947499",2.20715868313846
"LongBench","Kinnex","191-603","IsoQuant","CQN","LUAD","SRR30947499",8.7775192909596491
"LongBench","Kinnex","2425-12059","IsoQuant","CQN","LUAD","SRR30947499",6.3423449816477
"LongBench","Kinnex","603-1115","IsoQuant","CQN","LUAD","SRR30947499",4.97002479162126
"LongBench","Kinnex","1115-2425","IsoQuant","EDASeq","SCLC_A","SRR30947491",2.25523749723876
"LongBench","Kinnex","191-603","IsoQuant","EDASeq","SCLC_A","SRR30947491",8.67145703404563
"LongBench","Kinnex","2425-12059","IsoQuant","EDASeq","SCLC_A","SRR30947491",6.50316702524634
"LongBench","Kinnex","603-1115","IsoQuant","EDASeq","SCLC_A","SRR30947491",4.40691859709347
"LongBench","Kinnex","1115-2425","IsoQuant","EDASeq","SCLC_A","SRR30947494",2.26823517616256
"LongBench","Kinnex","191-603","IsoQuant","EDASeq","SCLC_A","SRR30947494",8.68648253588969
"LongBench","Kinnex","2425-12059","IsoQuant","EDASeq","SCLC_A","SRR30947494",6.492549536644
"LongBench","Kinnex","603-1115","IsoQuant","EDASeq","SCLC_A","SRR30947494",4.29952582123899
"LongBench","Kinnex","1115-2425","IsoQuant","EDASeq","SCLC_A","SRR30947496",2.27229025025371
"LongBench","Kinnex","191-603","IsoQuant","EDASeq","SCLC_A","SRR30947496",8.66482344690418
"LongBench","Kinnex","2425-12059","IsoQuant","EDASeq","SCLC_A","SRR30947496",6.49140470574288
"LongBench","Kinnex","603-1115","IsoQuant","EDASeq","SCLC_A","SRR30947496",4.38467163221049
"LongBench","Kinnex","1115-2425","IsoQuant","EDASeq","LUAD","SRR30947497",2.26428561943813
"LongBench","Kinnex","191-603","IsoQuant","EDASeq","LUAD","SRR30947497",8.6571534238367
"LongBench","Kinnex","2425-12059","IsoQuant","EDASeq","LUAD","SRR30947497",6.4998419191346
"LongBench","Kinnex","603-1115","IsoQuant","EDASeq","LUAD","SRR30947497",4.59072444957529
"LongBench","Kinnex","1115-2425","IsoQuant","EDASeq","LUAD","SRR30947498",2.24487965240299
"LongBench","Kinnex","191-603","IsoQuant","EDASeq","LUAD","SRR30947498",8.65490910403698
"LongBench","Kinnex","2425-12059","IsoQuant","EDASeq","LUAD","SRR30947498",6.49834280587473
"LongBench","Kinnex","603-1115","IsoQuant","EDASeq","LUAD","SRR30947498",4.30814383959272
"LongBench","Kinnex","1115-2425","IsoQuant","EDASeq","LUAD","SRR30947499",2.22657948878916
"LongBench","Kinnex","191-603","IsoQuant","EDASeq","LUAD","SRR30947499",8.6637589156248
"LongBench","Kinnex","2425-12059","IsoQuant","EDASeq","LUAD","SRR30947499",6.50468750560577
"LongBench","Kinnex","603-1115","IsoQuant","EDASeq","LUAD","SRR30947499",4.37966915333445
"LongBench","Kinnex","1115-2425","IsoQuant","SMR","SCLC_A","SRR30947491",2.1497572226264
"LongBench","Kinnex","191-603","IsoQuant","SMR","SCLC_A","SRR30947491",8.45904934223361
"LongBench","Kinnex","2425-12059","IsoQuant","SMR","SCLC_A","SRR30947491",6.50183123900891
"LongBench","Kinnex","603-1115","IsoQuant","SMR","SCLC_A","SRR30947491",3.5815326858
"LongBench","Kinnex","1115-2425","IsoQuant","SMR","SCLC_A","SRR30947494",2.10056501407322
"LongBench","Kinnex","191-603","IsoQuant","SMR","SCLC_A","SRR30947494",8.45689325468643
"LongBench","Kinnex","2425-12059","IsoQuant","SMR","SCLC_A","SRR30947494",6.49448561033182
"LongBench","Kinnex","603-1115","IsoQuant","SMR","SCLC_A","SRR30947494",3.58637780603733
"LongBench","Kinnex","1115-2425","IsoQuant","SMR","SCLC_A","SRR30947496",2.13082023120161
"LongBench","Kinnex","191-603","IsoQuant","SMR","SCLC_A","SRR30947496",8.45918766914919
"LongBench","Kinnex","2425-12059","IsoQuant","SMR","SCLC_A","SRR30947496",6.49691195151433
"LongBench","Kinnex","603-1115","IsoQuant","SMR","SCLC_A","SRR30947496",3.60103779430811
"LongBench","Kinnex","1115-2425","IsoQuant","SMR","LUAD","SRR30947497",2.16193414313692
"LongBench","Kinnex","191-603","IsoQuant","SMR","LUAD","SRR30947497",8.4528629220222
"LongBench","Kinnex","2425-12059","IsoQuant","SMR","LUAD","SRR30947497",6.50063380841333
"LongBench","Kinnex","603-1115","IsoQuant","SMR","LUAD","SRR30947497",3.64205938244921
"LongBench","Kinnex","1115-2425","IsoQuant","SMR","LUAD","SRR30947498",2.07853718495654
"LongBench","Kinnex","191-603","IsoQuant","SMR","LUAD","SRR30947498",8.44585974356962
"LongBench","Kinnex","2425-12059","IsoQuant","SMR","LUAD","SRR30947498",6.48246983011034
"LongBench","Kinnex","603-1115","IsoQuant","SMR","LUAD","SRR30947498",3.61333149734091
"LongBench","Kinnex","1115-2425","IsoQuant","SMR","LUAD","SRR30947499",2.06350968758977
"LongBench","Kinnex","191-603","IsoQuant","SMR","LUAD","SRR30947499",8.44693216442889
"LongBench","Kinnex","2425-12059","IsoQuant","SMR","LUAD","SRR30947499",6.48190371809949
"LongBench","Kinnex","603-1115","IsoQuant","SMR","LUAD","SRR30947499",3.63417141831806
"LongBench","Kinnex","1115-2425","IsoQuant","TPM","SCLC_A","SRR30947491",2.29536510491403
"LongBench","Kinnex","191-603","IsoQuant","TPM","SCLC_A","SRR30947491",8.59209829575231
"LongBench","Kinnex","2425-12059","IsoQuant","TPM","SCLC_A","SRR30947491",6.49917719917295
"LongBench","Kinnex","603-1115","IsoQuant","TPM","SCLC_A","SRR30947491",4.10607557072578
"LongBench","Kinnex","1115-2425","IsoQuant","TPM","SCLC_A","SRR30947494",2.27116292444194
"LongBench","Kinnex","191-603","IsoQuant","TPM","SCLC_A","SRR30947494",8.57128470950394
"LongBench","Kinnex","2425-12059","IsoQuant","TPM","SCLC_A","SRR30947494",6.49852385477119
"LongBench","Kinnex","603-1115","IsoQuant","TPM","SCLC_A","SRR30947494",3.96542740458954
"LongBench","Kinnex","1115-2425","IsoQuant","TPM","SCLC_A","SRR30947496",2.28608909104566
"LongBench","Kinnex","191-603","IsoQuant","TPM","SCLC_A","SRR30947496",8.58554096651456
"LongBench","Kinnex","2425-12059","IsoQuant","TPM","SCLC_A","SRR30947496",6.49881510854825
"LongBench","Kinnex","603-1115","IsoQuant","TPM","SCLC_A","SRR30947496",4.10998942175847
"LongBench","Kinnex","1115-2425","IsoQuant","TPM","LUAD","SRR30947497",2.30554679858067
"LongBench","Kinnex","191-603","IsoQuant","TPM","LUAD","SRR30947497",8.57942709536768
"LongBench","Kinnex","2425-12059","IsoQuant","TPM","LUAD","SRR30947497",6.49844642285407
"LongBench","Kinnex","603-1115","IsoQuant","TPM","LUAD","SRR30947497",4.27495504035418
"LongBench","Kinnex","1115-2425","IsoQuant","TPM","LUAD","SRR30947498",2.24281229701979
"LongBench","Kinnex","191-603","IsoQuant","TPM","LUAD","SRR30947498",8.51553395698555
"LongBench","Kinnex","2425-12059","IsoQuant","TPM","LUAD","SRR30947498",6.50411284924738
"LongBench","Kinnex","603-1115","IsoQuant","TPM","LUAD","SRR30947498",3.89336029694623
"LongBench","Kinnex","1115-2425","IsoQuant","TPM","LUAD","SRR30947499",2.22645002874299
"LongBench","Kinnex","191-603","IsoQuant","TPM","LUAD","SRR30947499",8.51555991977533
"LongBench","Kinnex","2425-12059","IsoQuant","TPM","LUAD","SRR30947499",6.50575846614764
"LongBench","Kinnex","603-1115","IsoQuant","TPM","LUAD","SRR30947499",3.93536004844898
"LongBench","Kinnex","1115-2425","Kallisto","CPM","SCLC_A","SRR30947491",0.884392363016324
"LongBench","Kinnex","191-603","Kallisto","CPM","SCLC_A","SRR30947491",8.67462417233503
"LongBench","Kinnex","2425-12059","Kallisto","CPM","SCLC_A","SRR30947491",0.656178601411235
"LongBench","Kinnex","603-1115","Kallisto","CPM","SCLC_A","SRR30947491",4.90548927049958
"LongBench","Kinnex","1115-2425","Kallisto","CPM","SCLC_A","SRR30947494",0.88541983310867
"LongBench","Kinnex","191-603","Kallisto","CPM","SCLC_A","SRR30947494",8.6729888643405
"LongBench","Kinnex","2425-12059","Kallisto","CPM","SCLC_A","SRR30947494",0.753751237815039
"LongBench","Kinnex","603-1115","Kallisto","CPM","SCLC_A","SRR30947494",4.78695803105592
"LongBench","Kinnex","1115-2425","Kallisto","CPM","SCLC_A","SRR30947496",0.950810724558213
"LongBench","Kinnex","191-603","Kallisto","CPM","SCLC_A","SRR30947496",8.66645916562355
"LongBench","Kinnex","2425-12059","Kallisto","CPM","SCLC_A","SRR30947496",0.715978701537999
"LongBench","Kinnex","603-1115","Kallisto","CPM","SCLC_A","SRR30947496",4.96579331028721
"LongBench","Kinnex","1115-2425","Kallisto","CPM","LUAD","SRR30947497",0.916962607412725
"LongBench","Kinnex","191-603","Kallisto","CPM","LUAD","SRR30947497",8.70742011434029
"LongBench","Kinnex","2425-12059","Kallisto","CPM","LUAD","SRR30947497",0.644042634485953
"LongBench","Kinnex","603-1115","Kallisto","CPM","LUAD","SRR30947497",5.10118370478475
"LongBench","Kinnex","1115-2425","Kallisto","CPM","LUAD","SRR30947498",0.849811120701968
"LongBench","Kinnex","191-603","Kallisto","CPM","LUAD","SRR30947498",8.58941895852327
"LongBench","Kinnex","2425-12059","Kallisto","CPM","LUAD","SRR30947498",0.566032728842875
"LongBench","Kinnex","603-1115","Kallisto","CPM","LUAD","SRR30947498",4.59805986714495
"LongBench","Kinnex","1115-2425","Kallisto","CPM","LUAD","SRR30947499",0.854861726411316
"LongBench","Kinnex","191-603","Kallisto","CPM","LUAD","SRR30947499",8.59208166843394
"LongBench","Kinnex","2425-12059","Kallisto","CPM","LUAD","SRR30947499",0.648675772382599
"LongBench","Kinnex","603-1115","Kallisto","CPM","LUAD","SRR30947499",4.59976890801335
"LongBench","Kinnex","1115-2425","Kallisto","CQN","SCLC_A","SRR30947491",0.838963008408222
"LongBench","Kinnex","191-603","Kallisto","CQN","SCLC_A","SRR30947491",8.59868925571341
"LongBench","Kinnex","2425-12059","Kallisto","CQN","SCLC_A","SRR30947491",0.67083452744309
"LongBench","Kinnex","603-1115","Kallisto","CQN","SCLC_A","SRR30947491",4.67801711713762
"LongBench","Kinnex","1115-2425","Kallisto","CQN","SCLC_A","SRR30947494",0.90945164294579
"LongBench","Kinnex","191-603","Kallisto","CQN","SCLC_A","SRR30947494",8.59036757770215
"LongBench","Kinnex","2425-12059","Kallisto","CQN","SCLC_A","SRR30947494",0.744997684533373
"LongBench","Kinnex","603-1115","Kallisto","CQN","SCLC_A","SRR30947494",4.61421205040295
"LongBench","Kinnex","1115-2425","Kallisto","CQN","SCLC_A","SRR30947496",0.953585546490901
"LongBench","Kinnex","191-603","Kallisto","CQN","SCLC_A","SRR30947496",8.54842088059231
"LongBench","Kinnex","2425-12059","Kallisto","CQN","SCLC_A","SRR30947496",0.735766302116916
"LongBench","Kinnex","603-1115","Kallisto","CQN","SCLC_A","SRR30947496",4.59422657068184
"LongBench","Kinnex","1115-2425","Kallisto","CQN","LUAD","SRR30947497",0.804458649157019
"LongBench","Kinnex","191-603","Kallisto","CQN","LUAD","SRR30947497",8.57828031270663
"LongBench","Kinnex","2425-12059","Kallisto","CQN","LUAD","SRR30947497",0.668585474319746
"LongBench","Kinnex","603-1115","Kallisto","CQN","LUAD","SRR30947497",4.69773640107119
"LongBench","Kinnex","1115-2425","Kallisto","CQN","LUAD","SRR30947498",0.766798407717485
"LongBench","Kinnex","191-603","Kallisto","CQN","LUAD","SRR30947498",8.59683339503492
"LongBench","Kinnex","2425-12059","Kallisto","CQN","LUAD","SRR30947498",0.71891157812733
"LongBench","Kinnex","603-1115","Kallisto","CQN","LUAD","SRR30947498",4.6827274427885
"LongBench","Kinnex","1115-2425","Kallisto","CQN","LUAD","SRR30947499",0.79187948818016
"LongBench","Kinnex","191-603","Kallisto","CQN","LUAD","SRR30947499",8.58249578698315
"LongBench","Kinnex","2425-12059","Kallisto","CQN","LUAD","SRR30947499",0.825978441114383
"LongBench","Kinnex","603-1115","Kallisto","CQN","LUAD","SRR30947499",4.63838793881914
"LongBench","Kinnex","1115-2425","Kallisto","EDASeq","SCLC_A","SRR30947491",0.87042272663614
"LongBench","Kinnex","191-603","Kallisto","EDASeq","SCLC_A","SRR30947491",8.61337265819781
"LongBench","Kinnex","2425-12059","Kallisto","EDASeq","SCLC_A","SRR30947491",0.649545647973739
"LongBench","Kinnex","603-1115","Kallisto","EDASeq","SCLC_A","SRR30947491",4.73100117013077
"LongBench","Kinnex","1115-2425","Kallisto","EDASeq","SCLC_A","SRR30947494",0.897758472046497
"LongBench","Kinnex","191-603","Kallisto","EDASeq","SCLC_A","SRR30947494",8.62470366089861
"LongBench","Kinnex","2425-12059","Kallisto","EDASeq","SCLC_A","SRR30947494",0.7175757198377
"LongBench","Kinnex","603-1115","Kallisto","EDASeq","SCLC_A","SRR30947494",4.65989031021787
"LongBench","Kinnex","1115-2425","Kallisto","EDASeq","SCLC_A","SRR30947496",0.951565557739388
"LongBench","Kinnex","191-603","Kallisto","EDASeq","SCLC_A","SRR30947496",8.6119692257159
"LongBench","Kinnex","2425-12059","Kallisto","EDASeq","SCLC_A","SRR30947496",0.69904045379069
"LongBench","Kinnex","603-1115","Kallisto","EDASeq","SCLC_A","SRR30947496",4.81035820340766
"LongBench","Kinnex","1115-2425","Kallisto","EDASeq","LUAD","SRR30947497",0.880681204671729
"LongBench","Kinnex","191-603","Kallisto","EDASeq","LUAD","SRR30947497",8.63813842751375
"LongBench","Kinnex","2425-12059","Kallisto","EDASeq","LUAD","SRR30947497",0.662094147231162
"LongBench","Kinnex","603-1115","Kallisto","EDASeq","LUAD","SRR30947497",4.91089151867992
"LongBench","Kinnex","1115-2425","Kallisto","EDASeq","LUAD","SRR30947498",0.80740988003967
"LongBench","Kinnex","191-603","Kallisto","EDASeq","LUAD","SRR30947498",8.58870043399098
"LongBench","Kinnex","2425-12059","Kallisto","EDASeq","LUAD","SRR30947498",0.65118491876735
"LongBench","Kinnex","603-1115","Kallisto","EDASeq","LUAD","SRR30947498",4.61911841674761
"LongBench","Kinnex","1115-2425","Kallisto","EDASeq","LUAD","SRR30947499",0.81538095576775
"LongBench","Kinnex","191-603","Kallisto","EDASeq","LUAD","SRR30947499",8.60033478458458
"LongBench","Kinnex","2425-12059","Kallisto","EDASeq","LUAD","SRR30947499",0.778759725494841
"LongBench","Kinnex","603-1115","Kallisto","EDASeq","LUAD","SRR30947499",4.65033484851889
"LongBench","Kinnex","1115-2425","Kallisto","SMR","SCLC_A","SRR30947491",0.485885518486732
"LongBench","Kinnex","191-603","Kallisto","SMR","SCLC_A","SRR30947491",8.4599573304042
"LongBench","Kinnex","2425-12059","Kallisto","SMR","SCLC_A","SRR30947491",0.480390690683
"LongBench","Kinnex","603-1115","Kallisto","SMR","SCLC_A","SRR30947491",4.14520139648561
"LongBench","Kinnex","1115-2425","Kallisto","SMR","SCLC_A","SRR30947494",0.322549483597102
"LongBench","Kinnex","191-603","Kallisto","SMR","SCLC_A","SRR30947494",8.46727665580966
"LongBench","Kinnex","2425-12059","Kallisto","SMR","SCLC_A","SRR30947494",0.493401723591318
"LongBench","Kinnex","603-1115","Kallisto","SMR","SCLC_A","SRR30947494",4.13426245422416
"LongBench","Kinnex","1115-2425","Kallisto","SMR","SCLC_A","SRR30947496",0.413567343563175
"LongBench","Kinnex","191-603","Kallisto","SMR","SCLC_A","SRR30947496",8.46111400086997
"LongBench","Kinnex","2425-12059","Kallisto","SMR","SCLC_A","SRR30947496",0.49546318666692
"LongBench","Kinnex","603-1115","Kallisto","SMR","SCLC_A","SRR30947496",4.18020124953406
"LongBench","Kinnex","1115-2425","Kallisto","SMR","LUAD","SRR30947497",0.55121873934962
"LongBench","Kinnex","191-603","Kallisto","SMR","LUAD","SRR30947497",8.47015585533592
"LongBench","Kinnex","2425-12059","Kallisto","SMR","LUAD","SRR30947497",0.445405043447118
"LongBench","Kinnex","603-1115","Kallisto","SMR","LUAD","SRR30947497",4.22578726579074
"LongBench","Kinnex","1115-2425","Kallisto","SMR","LUAD","SRR30947498",0.313977626443299
"LongBench","Kinnex","191-603","Kallisto","SMR","LUAD","SRR30947498",8.447632680103
"LongBench","Kinnex","2425-12059","Kallisto","SMR","LUAD","SRR30947498",0.174047884570847
"LongBench","Kinnex","603-1115","Kallisto","SMR","LUAD","SRR30947498",4.14611804853994
"LongBench","Kinnex","1115-2425","Kallisto","SMR","LUAD","SRR30947499",0.2242302005363
"LongBench","Kinnex","191-603","Kallisto","SMR","LUAD","SRR30947499",8.45075960318923
"LongBench","Kinnex","2425-12059","Kallisto","SMR","LUAD","SRR30947499",0.206498775468877
"LongBench","Kinnex","603-1115","Kallisto","SMR","LUAD","SRR30947499",4.14832633267708
"LongBench","Kinnex","1115-2425","Kallisto","TPM","SCLC_A","SRR30947491",1.02662214065191
"LongBench","Kinnex","191-603","Kallisto","TPM","SCLC_A","SRR30947491",8.56087755589401
"LongBench","Kinnex","2425-12059","Kallisto","TPM","SCLC_A","SRR30947491",1.03502243957622
"LongBench","Kinnex","603-1115","Kallisto","TPM","SCLC_A","SRR30947491",4.54057357569825
"LongBench","Kinnex","1115-2425","Kallisto","TPM","SCLC_A","SRR30947494",0.992580049008808
"LongBench","Kinnex","191-603","Kallisto","TPM","SCLC_A","SRR30947494",8.56239165798823
"LongBench","Kinnex","2425-12059","Kallisto","TPM","SCLC_A","SRR30947494",1.01058180114239
"LongBench","Kinnex","603-1115","Kallisto","TPM","SCLC_A","SRR30947494",4.46272769914261
"LongBench","Kinnex","1115-2425","Kallisto","TPM","SCLC_A","SRR30947496",1.05422933241961
"LongBench","Kinnex","191-603","Kallisto","TPM","SCLC_A","SRR30947496",8.55626570843025
"LongBench","Kinnex","2425-12059","Kallisto","TPM","SCLC_A","SRR30947496",1.05111634140989
"LongBench","Kinnex","603-1115","Kallisto","TPM","SCLC_A","SRR30947496",4.59843486595677
"LongBench","Kinnex","1115-2425","Kallisto","TPM","LUAD","SRR30947497",1.05249433520868
"LongBench","Kinnex","191-603","Kallisto","TPM","LUAD","SRR30947497",8.58698159149149
"LongBench","Kinnex","2425-12059","Kallisto","TPM","LUAD","SRR30947497",1.13011707021088
"LongBench","Kinnex","603-1115","Kallisto","TPM","LUAD","SRR30947497",4.71117634958079
"LongBench","Kinnex","1115-2425","Kallisto","TPM","LUAD","SRR30947498",0.938154702709035
"LongBench","Kinnex","191-603","Kallisto","TPM","LUAD","SRR30947498",8.50978109834759
"LongBench","Kinnex","2425-12059","Kallisto","TPM","LUAD","SRR30947498",1.17702276030039
"LongBench","Kinnex","603-1115","Kallisto","TPM","LUAD","SRR30947498",4.384153920715
"LongBench","Kinnex","1115-2425","Kallisto","TPM","LUAD","SRR30947499",0.927463704803337
"LongBench","Kinnex","191-603","Kallisto","TPM","LUAD","SRR30947499",8.51249484996656
"LongBench","Kinnex","2425-12059","Kallisto","TPM","LUAD","SRR30947499",1.15827438799054
"LongBench","Kinnex","603-1115","Kallisto","TPM","LUAD","SRR30947499",4.3886936084355
"LongBench","Kinnex","1115-2425","Oarfish","CPM","SCLC_A","SRR30947491",2.19074310841747
"LongBench","Kinnex","191-603","Oarfish","CPM","SCLC_A","SRR30947491",8.54663025589445
"LongBench","Kinnex","2425-12059","Oarfish","CPM","SCLC_A","SRR30947491",2.18247983117993
"LongBench","Kinnex","603-1115","Oarfish","CPM","SCLC_A","SRR30947491",4.94349603032155
"LongBench","Kinnex","1115-2425","Oarfish","CPM","SCLC_A","SRR30947494",2.17707667399042
"LongBench","Kinnex","191-603","Oarfish","CPM","SCLC_A","SRR30947494",8.49824801594852
"LongBench","Kinnex","2425-12059","Oarfish","CPM","SCLC_A","SRR30947494",2.20369971432471
"LongBench","Kinnex","603-1115","Oarfish","CPM","SCLC_A","SRR30947494",4.73947387226385
"LongBench","Kinnex","1115-2425","Oarfish","CPM","SCLC_A","SRR30947496",2.19042043608541
"LongBench","Kinnex","191-603","Oarfish","CPM","SCLC_A","SRR30947496",8.52722689799374
"LongBench","Kinnex","2425-12059","Oarfish","CPM","SCLC_A","SRR30947496",2.19739822936068
"LongBench","Kinnex","603-1115","Oarfish","CPM","SCLC_A","SRR30947496",4.91440411526696
"LongBench","Kinnex","1115-2425","Oarfish","CPM","LUAD","SRR30947497",2.2066594968566
"LongBench","Kinnex","191-603","Oarfish","CPM","LUAD","SRR30947497",8.55331918557306
"LongBench","Kinnex","2425-12059","Oarfish","CPM","LUAD","SRR30947497",2.17992594897289
"LongBench","Kinnex","603-1115","Oarfish","CPM","LUAD","SRR30947497",5.05111408820717
"LongBench","Kinnex","1115-2425","Oarfish","CPM","LUAD","SRR30947498",2.17850639002873
"LongBench","Kinnex","191-603","Oarfish","CPM","LUAD","SRR30947498",8.40466635708052
"LongBench","Kinnex","2425-12059","Oarfish","CPM","LUAD","SRR30947498",2.15666601554864
"LongBench","Kinnex","603-1115","Oarfish","CPM","LUAD","SRR30947498",4.58073296043406
"LongBench","Kinnex","1115-2425","Oarfish","CPM","LUAD","SRR30947499",2.16371182519331
"LongBench","Kinnex","191-603","Oarfish","CPM","LUAD","SRR30947499",8.3963910000749
"LongBench","Kinnex","2425-12059","Oarfish","CPM","LUAD","SRR30947499",2.17056500421466
"LongBench","Kinnex","603-1115","Oarfish","CPM","LUAD","SRR30947499",4.61353908972523
"LongBench","Kinnex","1115-2425","Oarfish","CQN","SCLC_A","SRR30947491",2.1742208558727
"LongBench","Kinnex","191-603","Oarfish","CQN","SCLC_A","SRR30947491",8.51091512762497
"LongBench","Kinnex","2425-12059","Oarfish","CQN","SCLC_A","SRR30947491",2.18473196956274
"LongBench","Kinnex","603-1115","Oarfish","CQN","SCLC_A","SRR30947491",4.87004245708705
"LongBench","Kinnex","1115-2425","Oarfish","CQN","SCLC_A","SRR30947494",2.1926286819558
"LongBench","Kinnex","191-603","Oarfish","CQN","SCLC_A","SRR30947494",8.44208624657419
"LongBench","Kinnex","2425-12059","Oarfish","CQN","SCLC_A","SRR30947494",2.19936268816654
"LongBench","Kinnex","603-1115","Oarfish","CQN","SCLC_A","SRR30947494",4.67193083164091
"LongBench","Kinnex","1115-2425","Oarfish","CQN","SCLC_A","SRR30947496",2.20169876738957
"LongBench","Kinnex","191-603","Oarfish","CQN","SCLC_A","SRR30947496",8.39873151229324
"LongBench","Kinnex","2425-12059","Oarfish","CQN","SCLC_A","SRR30947496",2.2013999163916
"LongBench","Kinnex","603-1115","Oarfish","CQN","SCLC_A","SRR30947496",4.71317191988469
"LongBench","Kinnex","1115-2425","Oarfish","CQN","LUAD","SRR30947497",2.17118741071711
"LongBench","Kinnex","191-603","Oarfish","CQN","LUAD","SRR30947497",8.40451115267322
"LongBench","Kinnex","2425-12059","Oarfish","CQN","LUAD","SRR30947497",2.1731200586353
"LongBench","Kinnex","603-1115","Oarfish","CQN","LUAD","SRR30947497",4.71634970002623
"LongBench","Kinnex","1115-2425","Oarfish","CQN","LUAD","SRR30947498",2.15092670058891
"LongBench","Kinnex","191-603","Oarfish","CQN","LUAD","SRR30947498",8.40211876367101
"LongBench","Kinnex","2425-12059","Oarfish","CQN","LUAD","SRR30947498",2.18338054892455
"LongBench","Kinnex","603-1115","Oarfish","CQN","LUAD","SRR30947498",4.62301268451519
"LongBench","Kinnex","1115-2425","Oarfish","CQN","LUAD","SRR30947499",2.13243930899697
"LongBench","Kinnex","191-603","Oarfish","CQN","LUAD","SRR30947499",8.379464822901
"LongBench","Kinnex","2425-12059","Oarfish","CQN","LUAD","SRR30947499",2.21735885706266
"LongBench","Kinnex","603-1115","Oarfish","CQN","LUAD","SRR30947499",4.61343003085456
"LongBench","Kinnex","1115-2425","Oarfish","EDASeq","SCLC_A","SRR30947491",2.18253522078276
"LongBench","Kinnex","191-603","Oarfish","EDASeq","SCLC_A","SRR30947491",8.43612030471331
"LongBench","Kinnex","2425-12059","Oarfish","EDASeq","SCLC_A","SRR30947491",2.17973463434329
"LongBench","Kinnex","603-1115","Oarfish","EDASeq","SCLC_A","SRR30947491",4.72663687764754
"LongBench","Kinnex","1115-2425","Oarfish","EDASeq","SCLC_A","SRR30947494",2.18292642661506
"LongBench","Kinnex","191-603","Oarfish","EDASeq","SCLC_A","SRR30947494",8.42787421105437
"LongBench","Kinnex","2425-12059","Oarfish","EDASeq","SCLC_A","SRR30947494",2.19324521772304
"LongBench","Kinnex","603-1115","Oarfish","EDASeq","SCLC_A","SRR30947494",4.6018573916806
"LongBench","Kinnex","1115-2425","Oarfish","EDASeq","SCLC_A","SRR30947496",2.18921045808145
"LongBench","Kinnex","191-603","Oarfish","EDASeq","SCLC_A","SRR30947496",8.44762625488107
"LongBench","Kinnex","2425-12059","Oarfish","EDASeq","SCLC_A","SRR30947496",2.19507563185075
"LongBench","Kinnex","603-1115","Oarfish","EDASeq","SCLC_A","SRR30947496",4.75614267960759
"LongBench","Kinnex","1115-2425","Oarfish","EDASeq","LUAD","SRR30947497",2.193960562458
"LongBench","Kinnex","191-603","Oarfish","EDASeq","LUAD","SRR30947497",8.42033569690632
"LongBench","Kinnex","2425-12059","Oarfish","EDASeq","LUAD","SRR30947497",2.17547239254252
"LongBench","Kinnex","603-1115","Oarfish","EDASeq","LUAD","SRR30947497",4.7870972149768
"LongBench","Kinnex","1115-2425","Oarfish","EDASeq","LUAD","SRR30947498",2.16147550151411
"LongBench","Kinnex","191-603","Oarfish","EDASeq","LUAD","SRR30947498",8.35378251718791
"LongBench","Kinnex","2425-12059","Oarfish","EDASeq","LUAD","SRR30947498",2.16505371822337
"LongBench","Kinnex","603-1115","Oarfish","EDASeq","LUAD","SRR30947498",4.50308674172229
"LongBench","Kinnex","1115-2425","Oarfish","EDASeq","LUAD","SRR30947499",2.14392019980929
"LongBench","Kinnex","191-603","Oarfish","EDASeq","LUAD","SRR30947499",8.33881349196037
"LongBench","Kinnex","2425-12059","Oarfish","EDASeq","LUAD","SRR30947499",2.18554327812639
"LongBench","Kinnex","603-1115","Oarfish","EDASeq","LUAD","SRR30947499",4.52261177122606
"LongBench","Kinnex","1115-2425","Oarfish","SMR","SCLC_A","SRR30947491",2.11355730281367
"LongBench","Kinnex","191-603","Oarfish","SMR","SCLC_A","SRR30947491",8.2384793392712
"LongBench","Kinnex","2425-12059","Oarfish","SMR","SCLC_A","SRR30947491",2.1122543973322
"LongBench","Kinnex","603-1115","Oarfish","SMR","SCLC_A","SRR30947491",4.17847381557115
"LongBench","Kinnex","1115-2425","Oarfish","SMR","SCLC_A","SRR30947494",2.0756392353310398
"LongBench","Kinnex","191-603","Oarfish","SMR","SCLC_A","SRR30947494",8.22923021653744
"LongBench","Kinnex","2425-12059","Oarfish","SMR","SCLC_A","SRR30947494",2.11486869803683
"LongBench","Kinnex","603-1115","Oarfish","SMR","SCLC_A","SRR30947494",4.14083646253004
"LongBench","Kinnex","1115-2425","Oarfish","SMR","SCLC_A","SRR30947496",2.09606134185032
"LongBench","Kinnex","191-603","Oarfish","SMR","SCLC_A","SRR30947496",8.23554058269532
"LongBench","Kinnex","2425-12059","Oarfish","SMR","SCLC_A","SRR30947496",2.11341835823725
"LongBench","Kinnex","603-1115","Oarfish","SMR","SCLC_A","SRR30947496",4.18101904308548
"LongBench","Kinnex","1115-2425","Oarfish","SMR","LUAD","SRR30947497",2.12791205195647
"LongBench","Kinnex","191-603","Oarfish","SMR","LUAD","SRR30947497",8.23787241393565
"LongBench","Kinnex","2425-12059","Oarfish","SMR","LUAD","SRR30947497",2.1021883007154
"LongBench","Kinnex","603-1115","Oarfish","SMR","LUAD","SRR30947497",4.23020481801388
"LongBench","Kinnex","1115-2425","Oarfish","SMR","LUAD","SRR30947498",2.07557297904291
"LongBench","Kinnex","191-603","Oarfish","SMR","LUAD","SRR30947498",8.20299284027142
"LongBench","Kinnex","2425-12059","Oarfish","SMR","LUAD","SRR30947498",2.05781983753297
"LongBench","Kinnex","603-1115","Oarfish","SMR","LUAD","SRR30947498",4.1555740689171
"LongBench","Kinnex","1115-2425","Oarfish","SMR","LUAD","SRR30947499",2.06011792067102
"LongBench","Kinnex","191-603","Oarfish","SMR","LUAD","SRR30947499",8.20277338844511
"LongBench","Kinnex","2425-12059","Oarfish","SMR","LUAD","SRR30947499",2.06211082253979
"LongBench","Kinnex","603-1115","Oarfish","SMR","LUAD","SRR30947499",4.1740363840372
"LongBench","Kinnex","1115-2425","Oarfish","TPM","SCLC_A","SRR30947491",2.25477201122161
"LongBench","Kinnex","191-603","Oarfish","TPM","SCLC_A","SRR30947491",8.38501540263285
"LongBench","Kinnex","2425-12059","Oarfish","TPM","SCLC_A","SRR30947491",2.35424492362175
"LongBench","Kinnex","603-1115","Oarfish","TPM","SCLC_A","SRR30947491",4.57671914880579
"LongBench","Kinnex","1115-2425","Oarfish","TPM","SCLC_A","SRR30947494",2.22839365928959
"LongBench","Kinnex","191-603","Oarfish","TPM","SCLC_A","SRR30947494",8.35109010001384
"LongBench","Kinnex","2425-12059","Oarfish","TPM","SCLC_A","SRR30947494",2.32904229124887
"LongBench","Kinnex","603-1115","Oarfish","TPM","SCLC_A","SRR30947494",4.43479191337573
"LongBench","Kinnex","1115-2425","Oarfish","TPM","SCLC_A","SRR30947496",2.24499530196429
"LongBench","Kinnex","191-603","Oarfish","TPM","SCLC_A","SRR30947496",8.37154504951451
"LongBench","Kinnex","2425-12059","Oarfish","TPM","SCLC_A","SRR30947496",2.35507188715806
"LongBench","Kinnex","603-1115","Oarfish","TPM","SCLC_A","SRR30947496",4.56133076964152
"LongBench","Kinnex","1115-2425","Oarfish","TPM","LUAD","SRR30947497",2.2690907637323
"LongBench","Kinnex","191-603","Oarfish","TPM","LUAD","SRR30947497",8.39174473027311
"LongBench","Kinnex","2425-12059","Oarfish","TPM","LUAD","SRR30947497",2.39990605809766
"LongBench","Kinnex","603-1115","Oarfish","TPM","LUAD","SRR30947497",4.67507356948541
"LongBench","Kinnex","1115-2425","Oarfish","TPM","LUAD","SRR30947498",2.21746502741403
"LongBench","Kinnex","191-603","Oarfish","TPM","LUAD","SRR30947498",8.29286848676079
"LongBench","Kinnex","2425-12059","Oarfish","TPM","LUAD","SRR30947498",2.4164208934018
"LongBench","Kinnex","603-1115","Oarfish","TPM","LUAD","SRR30947498",4.37596496060897
"LongBench","Kinnex","1115-2425","Oarfish","TPM","LUAD","SRR30947499",2.19664320027788
"LongBench","Kinnex","191-603","Oarfish","TPM","LUAD","SRR30947499",8.28727988785852
"LongBench","Kinnex","2425-12059","Oarfish","TPM","LUAD","SRR30947499",2.39659423275226
"LongBench","Kinnex","603-1115","Oarfish","TPM","LUAD","SRR30947499",4.40885981030791
"LongBench","ONT cDNA","1115-2425","Bambu","CPM","LUAD","SRR30947470",2.56121407058068
"LongBench","ONT cDNA","191-603","Bambu","CPM","LUAD","SRR30947470",2.52409004962237
"LongBench","ONT cDNA","2425-12059","Bambu","CPM","LUAD","SRR30947470",3.50091168711018
"LongBench","ONT cDNA","603-1115","Bambu","CPM","LUAD","SRR30947470",2.34587451789125
"LongBench","ONT cDNA","1115-2425","Bambu","CPM","LUAD","SRR30947471",2.56802882402999
"LongBench","ONT cDNA","191-603","Bambu","CPM","LUAD","SRR30947471",2.54606554083002
"LongBench","ONT cDNA","2425-12059","Bambu","CPM","LUAD","SRR30947471",3.69444572412189
"LongBench","ONT cDNA","603-1115","Bambu","CPM","LUAD","SRR30947471",2.37768663730597
"LongBench","ONT cDNA","1115-2425","Bambu","CPM","SCLC_A","SRR30947502",2.62401788083976
"LongBench","ONT cDNA","191-603","Bambu","CPM","SCLC_A","SRR30947502",2.47921042157546
"LongBench","ONT cDNA","2425-12059","Bambu","CPM","SCLC_A","SRR30947502",3.60832868407525
"LongBench","ONT cDNA","603-1115","Bambu","CPM","SCLC_A","SRR30947502",2.36785780952319
"LongBench","ONT cDNA","1115-2425","Bambu","CPM","SCLC_A","SRR30947503",2.62410115966716
"LongBench","ONT cDNA","191-603","Bambu","CPM","SCLC_A","SRR30947503",2.54116152398132
"LongBench","ONT cDNA","2425-12059","Bambu","CPM","SCLC_A","SRR30947503",3.58678756725471
"LongBench","ONT cDNA","603-1115","Bambu","CPM","SCLC_A","SRR30947503",2.41409006182008
"LongBench","ONT cDNA","1115-2425","Bambu","CPM","SCLC_A","SRR30947504",2.72813410969246
"LongBench","ONT cDNA","191-603","Bambu","CPM","SCLC_A","SRR30947504",2.48690046202676
"LongBench","ONT cDNA","2425-12059","Bambu","CPM","SCLC_A","SRR30947504",3.67402701241287
"LongBench","ONT cDNA","603-1115","Bambu","CPM","SCLC_A","SRR30947504",2.41541896119035
"LongBench","ONT cDNA","1115-2425","Bambu","CPM","LUAD","SRR30947505",2.58829106371625
"LongBench","ONT cDNA","191-603","Bambu","CPM","LUAD","SRR30947505",2.49600121545864
"LongBench","ONT cDNA","2425-12059","Bambu","CPM","LUAD","SRR30947505",3.57524421181652
"LongBench","ONT cDNA","603-1115","Bambu","CPM","LUAD","SRR30947505",2.36406639896276
"LongBench","ONT cDNA","1115-2425","Bambu","CQN","LUAD","SRR30947470",2.50156329890974
"LongBench","ONT cDNA","191-603","Bambu","CQN","LUAD","SRR30947470",2.52956918648934
"LongBench","ONT cDNA","2425-12059","Bambu","CQN","LUAD","SRR30947470",3.10494562898084
"LongBench","ONT cDNA","603-1115","Bambu","CQN","LUAD","SRR30947470",2.37075675492214
"LongBench","ONT cDNA","1115-2425","Bambu","CQN","LUAD","SRR30947471",2.55852240329446
"LongBench","ONT cDNA","191-603","Bambu","CQN","LUAD","SRR30947471",2.54606710133482
"LongBench","ONT cDNA","2425-12059","Bambu","CQN","LUAD","SRR30947471",3.19474979546129
"LongBench","ONT cDNA","603-1115","Bambu","CQN","LUAD","SRR30947471",2.40532758392576
"LongBench","ONT cDNA","1115-2425","Bambu","CQN","SCLC_A","SRR30947502",2.61409889332836
"LongBench","ONT cDNA","191-603","Bambu","CQN","SCLC_A","SRR30947502",2.46841439501952
"LongBench","ONT cDNA","2425-12059","Bambu","CQN","SCLC_A","SRR30947502",3.07045692357175
"LongBench","ONT cDNA","603-1115","Bambu","CQN","SCLC_A","SRR30947502",2.39512666464576
"LongBench","ONT cDNA","1115-2425","Bambu","CQN","SCLC_A","SRR30947503",2.66867959713212
"LongBench","ONT cDNA","191-603","Bambu","CQN","SCLC_A","SRR30947503",2.53129739564941
"LongBench","ONT cDNA","2425-12059","Bambu","CQN","SCLC_A","SRR30947503",3.06719620968412
"LongBench","ONT cDNA","603-1115","Bambu","CQN","SCLC_A","SRR30947503",2.44595962105838
"LongBench","ONT cDNA","1115-2425","Bambu","CQN","SCLC_A","SRR30947504",2.55486051264015
"LongBench","ONT cDNA","191-603","Bambu","CQN","SCLC_A","SRR30947504",2.45902802621729
"LongBench","ONT cDNA","2425-12059","Bambu","CQN","SCLC_A","SRR30947504",2.90487006132145
"LongBench","ONT cDNA","603-1115","Bambu","CQN","SCLC_A","SRR30947504",2.40879860893762
"LongBench","ONT cDNA","1115-2425","Bambu","CQN","LUAD","SRR30947505",2.70251563053492
"LongBench","ONT cDNA","191-603","Bambu","CQN","LUAD","SRR30947505",2.48501330231254
"LongBench","ONT cDNA","2425-12059","Bambu","CQN","LUAD","SRR30947505",3.41830735138259
"LongBench","ONT cDNA","603-1115","Bambu","CQN","LUAD","SRR30947505",2.41841308772747
"LongBench","ONT cDNA","1115-2425","Bambu","EDASeq","LUAD","SRR30947470",2.39191771737128
"LongBench","ONT cDNA","191-603","Bambu","EDASeq","LUAD","SRR30947470",2.51097245435618
"LongBench","ONT cDNA","2425-12059","Bambu","EDASeq","LUAD","SRR30947470",2.91368822007021
"LongBench","ONT cDNA","603-1115","Bambu","EDASeq","LUAD","SRR30947470",2.34841430523902
"LongBench","ONT cDNA","1115-2425","Bambu","EDASeq","LUAD","SRR30947471",2.41137731375973
"LongBench","ONT cDNA","191-603","Bambu","EDASeq","LUAD","SRR30947471",2.5278967527924
"LongBench","ONT cDNA","2425-12059","Bambu","EDASeq","LUAD","SRR30947471",3.03835050953512
"LongBench","ONT cDNA","603-1115","Bambu","EDASeq","LUAD","SRR30947471",2.38337045741582
"LongBench","ONT cDNA","1115-2425","Bambu","EDASeq","SCLC_A","SRR30947502",2.45576761977641
"LongBench","ONT cDNA","191-603","Bambu","EDASeq","SCLC_A","SRR30947502",2.4699541961555
"LongBench","ONT cDNA","2425-12059","Bambu","EDASeq","SCLC_A","SRR30947502",2.93291619394333
"LongBench","ONT cDNA","603-1115","Bambu","EDASeq","SCLC_A","SRR30947502",2.37020059962678
"LongBench","ONT cDNA","1115-2425","Bambu","EDASeq","SCLC_A","SRR30947503",2.47900210675842
"LongBench","ONT cDNA","191-603","Bambu","EDASeq","SCLC_A","SRR30947503",2.52735679799048
"LongBench","ONT cDNA","2425-12059","Bambu","EDASeq","SCLC_A","SRR30947503",2.94133110516887
"LongBench","ONT cDNA","603-1115","Bambu","EDASeq","SCLC_A","SRR30947503",2.42159049708769
"LongBench","ONT cDNA","1115-2425","Bambu","EDASeq","SCLC_A","SRR30947504",2.46767595866235
"LongBench","ONT cDNA","191-603","Bambu","EDASeq","SCLC_A","SRR30947504",2.47217038423454
"LongBench","ONT cDNA","2425-12059","Bambu","EDASeq","SCLC_A","SRR30947504",2.89078355805692
"LongBench","ONT cDNA","603-1115","Bambu","EDASeq","SCLC_A","SRR30947504",2.41574937821547
"LongBench","ONT cDNA","1115-2425","Bambu","EDASeq","LUAD","SRR30947505",2.51434779543272
"LongBench","ONT cDNA","191-603","Bambu","EDASeq","LUAD","SRR30947505",2.4825373021097
"LongBench","ONT cDNA","2425-12059","Bambu","EDASeq","LUAD","SRR30947505",3.17729340069349
"LongBench","ONT cDNA","603-1115","Bambu","EDASeq","LUAD","SRR30947505",2.37697650456042
"LongBench","ONT cDNA","1115-2425","Bambu","SMR","LUAD","SRR30947470",2.05940677435438
"LongBench","ONT cDNA","191-603","Bambu","SMR","LUAD","SRR30947470",2.07107193265791
"LongBench","ONT cDNA","2425-12059","Bambu","SMR","LUAD","SRR30947470",2.12747681409722
"LongBench","ONT cDNA","603-1115","Bambu","SMR","LUAD","SRR30947470",2.05615307236718
"LongBench","ONT cDNA","1115-2425","Bambu","SMR","LUAD","SRR30947471",2.05461662594703
"LongBench","ONT cDNA","191-603","Bambu","SMR","LUAD","SRR30947471",2.08003580269486
"LongBench","ONT cDNA","2425-12059","Bambu","SMR","LUAD","SRR30947471",2.22902611327573
"LongBench","ONT cDNA","603-1115","Bambu","SMR","LUAD","SRR30947471",2.06215495984979
"LongBench","ONT cDNA","1115-2425","Bambu","SMR","SCLC_A","SRR30947502",2.05925354001196
"LongBench","ONT cDNA","191-603","Bambu","SMR","SCLC_A","SRR30947502",2.06459902962037
"LongBench","ONT cDNA","2425-12059","Bambu","SMR","SCLC_A","SRR30947502",2.12080006751407
"LongBench","ONT cDNA","603-1115","Bambu","SMR","SCLC_A","SRR30947502",2.05957754592999
"LongBench","ONT cDNA","1115-2425","Bambu","SMR","SCLC_A","SRR30947503",2.06355030878315
"LongBench","ONT cDNA","191-603","Bambu","SMR","SCLC_A","SRR30947503",2.07762804856281
"LongBench","ONT cDNA","2425-12059","Bambu","SMR","SCLC_A","SRR30947503",2.13919719045596
"LongBench","ONT cDNA","603-1115","Bambu","SMR","SCLC_A","SRR30947503",2.07131322146058
"LongBench","ONT cDNA","1115-2425","Bambu","SMR","SCLC_A","SRR30947504",2.06383650839008
"LongBench","ONT cDNA","191-603","Bambu","SMR","SCLC_A","SRR30947504",2.07073224190721
"LongBench","ONT cDNA","2425-12059","Bambu","SMR","SCLC_A","SRR30947504",2.1313680039568
"LongBench","ONT cDNA","603-1115","Bambu","SMR","SCLC_A","SRR30947504",2.07343212391064
"LongBench","ONT cDNA","1115-2425","Bambu","SMR","LUAD","SRR30947505",2.05895409314246
"LongBench","ONT cDNA","191-603","Bambu","SMR","LUAD","SRR30947505",2.06687403404585
"LongBench","ONT cDNA","2425-12059","Bambu","SMR","LUAD","SRR30947505",2.14848152961318
"LongBench","ONT cDNA","603-1115","Bambu","SMR","LUAD","SRR30947505",2.0577399682783
"LongBench","ONT cDNA","1115-2425","Bambu","TPM","LUAD","SRR30947470",3.21946241573574
"LongBench","ONT cDNA","191-603","Bambu","TPM","LUAD","SRR30947470",2.53089554368357
"LongBench","ONT cDNA","2425-12059","Bambu","TPM","LUAD","SRR30947470",5.42872644118923
"LongBench","ONT cDNA","603-1115","Bambu","TPM","LUAD","SRR30947470",2.41232255480109
"LongBench","ONT cDNA","1115-2425","Bambu","TPM","LUAD","SRR30947471",3.23260761999205
"LongBench","ONT cDNA","191-603","Bambu","TPM","LUAD","SRR30947471",2.54405020917616
"LongBench","ONT cDNA","2425-12059","Bambu","TPM","LUAD","SRR30947471",5.58743796540942
"LongBench","ONT cDNA","603-1115","Bambu","TPM","LUAD","SRR30947471",2.44539124225403
"LongBench","ONT cDNA","1115-2425","Bambu","TPM","SCLC_A","SRR30947502",3.3007528124684
"LongBench","ONT cDNA","191-603","Bambu","TPM","SCLC_A","SRR30947502",2.48831481894283
"LongBench","ONT cDNA","2425-12059","Bambu","TPM","SCLC_A","SRR30947502",5.56326309420225
"LongBench","ONT cDNA","603-1115","Bambu","TPM","SCLC_A","SRR30947502",2.43800274305144
"LongBench","ONT cDNA","1115-2425","Bambu","TPM","SCLC_A","SRR30947503",3.29142935928323
"LongBench","ONT cDNA","191-603","Bambu","TPM","SCLC_A","SRR30947503",2.54664735037037
"LongBench","ONT cDNA","2425-12059","Bambu","TPM","SCLC_A","SRR30947503",5.52352622756745
"LongBench","ONT cDNA","603-1115","Bambu","TPM","SCLC_A","SRR30947503",2.48404271468317
"LongBench","ONT cDNA","1115-2425","Bambu","TPM","SCLC_A","SRR30947504",3.44595556556824
"LongBench","ONT cDNA","191-603","Bambu","TPM","SCLC_A","SRR30947504",2.49460453867012
"LongBench","ONT cDNA","2425-12059","Bambu","TPM","SCLC_A","SRR30947504",5.64433011901568
"LongBench","ONT cDNA","603-1115","Bambu","TPM","SCLC_A","SRR30947504",2.49175898749495
"LongBench","ONT cDNA","1115-2425","Bambu","TPM","LUAD","SRR30947505",3.25246402112332
"LongBench","ONT cDNA","191-603","Bambu","TPM","LUAD","SRR30947505",2.51035500363618
"LongBench","ONT cDNA","2425-12059","Bambu","TPM","LUAD","SRR30947505",5.49965062286377
"LongBench","ONT cDNA","603-1115","Bambu","TPM","LUAD","SRR30947505",2.43477526577428
"LongBench","ONT cDNA","1115-2425","FLAIR","CPM","LUAD","SRR30947470",1.50481163874424
"LongBench","ONT cDNA","191-603","FLAIR","CPM","LUAD","SRR30947470",1.18565986737894
"LongBench","ONT cDNA","2425-12059","FLAIR","CPM","LUAD","SRR30947470",8.49558408506437
"LongBench","ONT cDNA","603-1115","FLAIR","CPM","LUAD","SRR30947470",1.18225323149117
"LongBench","ONT cDNA","1115-2425","FLAIR","CPM","LUAD","SRR30947471",1.5388134656948
"LongBench","ONT cDNA","191-603","FLAIR","CPM","LUAD","SRR30947471",1.30279908723447
"LongBench","ONT cDNA","2425-12059","FLAIR","CPM","LUAD","SRR30947471",8.4864169820716
"LongBench","ONT cDNA","603-1115","FLAIR","CPM","LUAD","SRR30947471",1.25361359400091
"LongBench","ONT cDNA","1115-2425","FLAIR","CPM","SCLC_A","SRR30947502",1.77310596151246
"LongBench","ONT cDNA","191-603","FLAIR","CPM","SCLC_A","SRR30947502",1.32155652146397
"LongBench","ONT cDNA","2425-12059","FLAIR","CPM","SCLC_A","SRR30947502",8.25143931415765
"LongBench","ONT cDNA","603-1115","FLAIR","CPM","SCLC_A","SRR30947502",1.2459642482751
"LongBench","ONT cDNA","1115-2425","FLAIR","CPM","SCLC_A","SRR30947503",1.69854605584025
"LongBench","ONT cDNA","191-603","FLAIR","CPM","SCLC_A","SRR30947503",1.31597993345699
"LongBench","ONT cDNA","2425-12059","FLAIR","CPM","SCLC_A","SRR30947503",8.23406696855634
"LongBench","ONT cDNA","603-1115","FLAIR","CPM","SCLC_A","SRR30947503",1.27384352809846
"LongBench","ONT cDNA","1115-2425","FLAIR","CPM","SCLC_A","SRR30947504",1.92064628428287
"LongBench","ONT cDNA","191-603","FLAIR","CPM","SCLC_A","SRR30947504",1.28252334370219
"LongBench","ONT cDNA","2425-12059","FLAIR","CPM","SCLC_A","SRR30947504",8.27639166952226
"LongBench","ONT cDNA","603-1115","FLAIR","CPM","SCLC_A","SRR30947504",1.29070722463839
"LongBench","ONT cDNA","1115-2425","FLAIR","CPM","LUAD","SRR30947505",1.53188024142595
"LongBench","ONT cDNA","191-603","FLAIR","CPM","LUAD","SRR30947505",1.20725010314151
"LongBench","ONT cDNA","2425-12059","FLAIR","CPM","LUAD","SRR30947505",8.49062325545394
"LongBench","ONT cDNA","603-1115","FLAIR","CPM","LUAD","SRR30947505",1.18980344725647
"LongBench","ONT cDNA","1115-2425","FLAIR","CQN","LUAD","SRR30947470",1.47672480079162
"LongBench","ONT cDNA","191-603","FLAIR","CQN","LUAD","SRR30947470",1.20516294673639
"LongBench","ONT cDNA","2425-12059","FLAIR","CQN","LUAD","SRR30947470",8.36192245600463
"LongBench","ONT cDNA","603-1115","FLAIR","CQN","LUAD","SRR30947470",1.28126545728411
"LongBench","ONT cDNA","1115-2425","FLAIR","CQN","LUAD","SRR30947471",1.52665519004339
"LongBench","ONT cDNA","191-603","FLAIR","CQN","LUAD","SRR30947471",1.29873530752828
"LongBench","ONT cDNA","2425-12059","FLAIR","CQN","LUAD","SRR30947471",8.34950535009633
"LongBench","ONT cDNA","603-1115","FLAIR","CQN","LUAD","SRR30947471",1.29205690292569
"LongBench","ONT cDNA","1115-2425","FLAIR","CQN","SCLC_A","SRR30947502",1.71876495682468
"LongBench","ONT cDNA","191-603","FLAIR","CQN","SCLC_A","SRR30947502",1.35350161140402
"LongBench","ONT cDNA","2425-12059","FLAIR","CQN","SCLC_A","SRR30947502",8.24761909596397
"LongBench","ONT cDNA","603-1115","FLAIR","CQN","SCLC_A","SRR30947502",1.20177212280496
"LongBench","ONT cDNA","1115-2425","FLAIR","CQN","SCLC_A","SRR30947503",1.68815394071493
"LongBench","ONT cDNA","191-603","FLAIR","CQN","SCLC_A","SRR30947503",1.24821076817976
"LongBench","ONT cDNA","2425-12059","FLAIR","CQN","SCLC_A","SRR30947503",8.23662885897211
"LongBench","ONT cDNA","603-1115","FLAIR","CQN","SCLC_A","SRR30947503",1.28244982969841
"LongBench","ONT cDNA","1115-2425","FLAIR","CQN","SCLC_A","SRR30947504",1.6980865168989
"LongBench","ONT cDNA","191-603","FLAIR","CQN","SCLC_A","SRR30947504",1.26397694924682
"LongBench","ONT cDNA","2425-12059","FLAIR","CQN","SCLC_A","SRR30947504",8.255782324062
"LongBench","ONT cDNA","603-1115","FLAIR","CQN","SCLC_A","SRR30947504",1.29291503125675
"LongBench","ONT cDNA","1115-2425","FLAIR","CQN","LUAD","SRR30947505",1.71162700026028
"LongBench","ONT cDNA","191-603","FLAIR","CQN","LUAD","SRR30947505",1.22446254236316
"LongBench","ONT cDNA","2425-12059","FLAIR","CQN","LUAD","SRR30947505",8.3746205623399
"LongBench","ONT cDNA","603-1115","FLAIR","CQN","LUAD","SRR30947505",1.3696124970681
"LongBench","ONT cDNA","1115-2425","FLAIR","EDASeq","LUAD","SRR30947470",1.48962891747716
"LongBench","ONT cDNA","191-603","FLAIR","EDASeq","LUAD","SRR30947470",1.15355628895778
"LongBench","ONT cDNA","2425-12059","FLAIR","EDASeq","LUAD","SRR30947470",8.4969780666729
"LongBench","ONT cDNA","603-1115","FLAIR","EDASeq","LUAD","SRR30947470",1.19276662661108
"LongBench","ONT cDNA","1115-2425","FLAIR","EDASeq","LUAD","SRR30947471",1.57614853103019
"LongBench","ONT cDNA","191-603","FLAIR","EDASeq","LUAD","SRR30947471",1.23859507037343
"LongBench","ONT cDNA","2425-12059","FLAIR","EDASeq","LUAD","SRR30947471",8.49298924635347
"LongBench","ONT cDNA","603-1115","FLAIR","EDASeq","LUAD","SRR30947471",1.26357621887175
"LongBench","ONT cDNA","1115-2425","FLAIR","EDASeq","SCLC_A","SRR30947502",1.81190537624137
"LongBench","ONT cDNA","191-603","FLAIR","EDASeq","SCLC_A","SRR30947502",1.31190208743239
"LongBench","ONT cDNA","2425-12059","FLAIR","EDASeq","SCLC_A","SRR30947502",8.26017570518301
"LongBench","ONT cDNA","603-1115","FLAIR","EDASeq","SCLC_A","SRR30947502",1.23681074355864
"LongBench","ONT cDNA","1115-2425","FLAIR","EDASeq","SCLC_A","SRR30947503",1.79601023253228
"LongBench","ONT cDNA","191-603","FLAIR","EDASeq","SCLC_A","SRR30947503",1.26871143339301
"LongBench","ONT cDNA","2425-12059","FLAIR","EDASeq","SCLC_A","SRR30947503",8.24678606948192
"LongBench","ONT cDNA","603-1115","FLAIR","EDASeq","SCLC_A","SRR30947503",1.29250631795231
"LongBench","ONT cDNA","1115-2425","FLAIR","EDASeq","SCLC_A","SRR30947504",1.8551250136621
"LongBench","ONT cDNA","191-603","FLAIR","EDASeq","SCLC_A","SRR30947504",1.24353451877662
"LongBench","ONT cDNA","2425-12059","FLAIR","EDASeq","SCLC_A","SRR30947504",8.27141712076019
"LongBench","ONT cDNA","603-1115","FLAIR","EDASeq","SCLC_A","SRR30947504",1.3016030384427
"LongBench","ONT cDNA","1115-2425","FLAIR","EDASeq","LUAD","SRR30947505",1.65387402472077
"LongBench","ONT cDNA","191-603","FLAIR","EDASeq","LUAD","SRR30947505",1.17759259994187
"LongBench","ONT cDNA","2425-12059","FLAIR","EDASeq","LUAD","SRR30947505",8.50152565390387
"LongBench","ONT cDNA","603-1115","FLAIR","EDASeq","LUAD","SRR30947505",1.22343347244368
"LongBench","ONT cDNA","1115-2425","FLAIR","SMR","LUAD","SRR30947470",0.292526620389781
"LongBench","ONT cDNA","191-603","FLAIR","SMR","LUAD","SRR30947470",0.323293285777249
"LongBench","ONT cDNA","2425-12059","FLAIR","SMR","LUAD","SRR30947470",8.44468580186673
"LongBench","ONT cDNA","603-1115","FLAIR","SMR","LUAD","SRR30947470",0.350630533363378
"LongBench","ONT cDNA","1115-2425","FLAIR","SMR","LUAD","SRR30947471",0.253163605289308
"LongBench","ONT cDNA","191-603","FLAIR","SMR","LUAD","SRR30947471",0.367974539057234
"LongBench","ONT cDNA","2425-12059","FLAIR","SMR","LUAD","SRR30947471",8.44403164950511
"LongBench","ONT cDNA","603-1115","FLAIR","SMR","LUAD","SRR30947471",0.380983055261086
"LongBench","ONT cDNA","1115-2425","FLAIR","SMR","SCLC_A","SRR30947502",0.418161780194132
"LongBench","ONT cDNA","191-603","FLAIR","SMR","SCLC_A","SRR30947502",0.417811558350703
"LongBench","ONT cDNA","2425-12059","FLAIR","SMR","SCLC_A","SRR30947502",8.19374958477842
"LongBench","ONT cDNA","603-1115","FLAIR","SMR","SCLC_A","SRR30947502",0.403581162124262
"LongBench","ONT cDNA","1115-2425","FLAIR","SMR","SCLC_A","SRR30947503",0.35913220439582
"LongBench","ONT cDNA","191-603","FLAIR","SMR","SCLC_A","SRR30947503",0.396650694110689
"LongBench","ONT cDNA","2425-12059","FLAIR","SMR","SCLC_A","SRR30947503",8.19585258173664
"LongBench","ONT cDNA","603-1115","FLAIR","SMR","SCLC_A","SRR30947503",0.41193981692865
"LongBench","ONT cDNA","1115-2425","FLAIR","SMR","SCLC_A","SRR30947504",0.450668108707674
"LongBench","ONT cDNA","191-603","FLAIR","SMR","SCLC_A","SRR30947504",0.439070430494614
"LongBench","ONT cDNA","2425-12059","FLAIR","SMR","SCLC_A","SRR30947504",8.19342746924277
"LongBench","ONT cDNA","603-1115","FLAIR","SMR","SCLC_A","SRR30947504",0.47204841782626
"LongBench","ONT cDNA","1115-2425","FLAIR","SMR","LUAD","SRR30947505",0.277766273482199
"LongBench","ONT cDNA","191-603","FLAIR","SMR","LUAD","SRR30947505",0.33279573925854
"LongBench","ONT cDNA","2425-12059","FLAIR","SMR","LUAD","SRR30947505",8.44443421687141
"LongBench","ONT cDNA","603-1115","FLAIR","SMR","LUAD","SRR30947505",0.351653565664643
"LongBench","ONT cDNA","1115-2425","FLAIR","TPM","LUAD","SRR30947470",2.52280394795018
"LongBench","ONT cDNA","191-603","FLAIR","TPM","LUAD","SRR30947470",1.11639039690901
"LongBench","ONT cDNA","2425-12059","FLAIR","TPM","LUAD","SRR30947470",8.5870858766859
"LongBench","ONT cDNA","603-1115","FLAIR","TPM","LUAD","SRR30947470",1.38488557376546
"LongBench","ONT cDNA","1115-2425","FLAIR","TPM","LUAD","SRR30947471",2.54191767251083
"LongBench","ONT cDNA","191-603","FLAIR","TPM","LUAD","SRR30947471",1.18999840830349
"LongBench","ONT cDNA","2425-12059","FLAIR","TPM","LUAD","SRR30947471",8.5720678792088
"LongBench","ONT cDNA","603-1115","FLAIR","TPM","LUAD","SRR30947471",1.4492799053601
"LongBench","ONT cDNA","1115-2425","FLAIR","TPM","SCLC_A","SRR30947502",2.7715907622021
"LongBench","ONT cDNA","191-603","FLAIR","TPM","SCLC_A","SRR30947502",1.23753247848696
"LongBench","ONT cDNA","2425-12059","FLAIR","TPM","SCLC_A","SRR30947502",8.36575136091996
"LongBench","ONT cDNA","603-1115","FLAIR","TPM","SCLC_A","SRR30947502",1.43826631007823
"LongBench","ONT cDNA","1115-2425","FLAIR","TPM","SCLC_A","SRR30947503",2.69460527782832
"LongBench","ONT cDNA","191-603","FLAIR","TPM","SCLC_A","SRR30947503",1.23142785421319
"LongBench","ONT cDNA","2425-12059","FLAIR","TPM","SCLC_A","SRR30947503",8.33607960304104
"LongBench","ONT cDNA","603-1115","FLAIR","TPM","SCLC_A","SRR30947503",1.4603692997956501
"LongBench","ONT cDNA","1115-2425","FLAIR","TPM","SCLC_A","SRR30947504",2.94768747803565
"LongBench","ONT cDNA","191-603","FLAIR","TPM","SCLC_A","SRR30947504",1.20866471905032
"LongBench","ONT cDNA","2425-12059","FLAIR","TPM","SCLC_A","SRR30947504",8.40800404318218
"LongBench","ONT cDNA","603-1115","FLAIR","TPM","SCLC_A","SRR30947504",1.49385879521839
"LongBench","ONT cDNA","1115-2425","FLAIR","TPM","LUAD","SRR30947505",2.54745790057359
"LongBench","ONT cDNA","191-603","FLAIR","TPM","LUAD","SRR30947505",1.13719062277127
"LongBench","ONT cDNA","2425-12059","FLAIR","TPM","LUAD","SRR30947505",8.5787091726472
"LongBench","ONT cDNA","603-1115","FLAIR","TPM","LUAD","SRR30947505",1.40176404298256
"LongBench","ONT cDNA","1115-2425","IsoQuant","CPM","LUAD","SRR30947470",2.9275746694756
"LongBench","ONT cDNA","191-603","IsoQuant","CPM","LUAD","SRR30947470",0.940622136360332
"LongBench","ONT cDNA","2425-12059","IsoQuant","CPM","LUAD","SRR30947470",8.26967317192588
"LongBench","ONT cDNA","603-1115","IsoQuant","CPM","LUAD","SRR30947470",1.32935798075504
"LongBench","ONT cDNA","1115-2425","IsoQuant","CPM","LUAD","SRR30947471",2.90731365186442
"LongBench","ONT cDNA","191-603","IsoQuant","CPM","LUAD","SRR30947471",0.947739249768085
"LongBench","ONT cDNA","2425-12059","IsoQuant","CPM","LUAD","SRR30947471",8.25748867118271
"LongBench","ONT cDNA","603-1115","IsoQuant","CPM","LUAD","SRR30947471",1.43045735502723
"LongBench","ONT cDNA","1115-2425","IsoQuant","CPM","SCLC_A","SRR30947502",2.85241601925267
"LongBench","ONT cDNA","191-603","IsoQuant","CPM","SCLC_A","SRR30947502",1.40432842460932
"LongBench","ONT cDNA","2425-12059","IsoQuant","CPM","SCLC_A","SRR30947502",8.26722394254554
"LongBench","ONT cDNA","603-1115","IsoQuant","CPM","SCLC_A","SRR30947502",1.46631816347263
"LongBench","ONT cDNA","1115-2425","IsoQuant","CPM","SCLC_A","SRR30947503",2.82639137789077
"LongBench","ONT cDNA","191-603","IsoQuant","CPM","SCLC_A","SRR30947503",1.35072919539161
"LongBench","ONT cDNA","2425-12059","IsoQuant","CPM","SCLC_A","SRR30947503",8.24778915067247
"LongBench","ONT cDNA","603-1115","IsoQuant","CPM","SCLC_A","SRR30947503",1.47324543081922
"LongBench","ONT cDNA","1115-2425","IsoQuant","CPM","SCLC_A","SRR30947504",3.05722891541403
"LongBench","ONT cDNA","191-603","IsoQuant","CPM","SCLC_A","SRR30947504",1.33188065897278
"LongBench","ONT cDNA","2425-12059","IsoQuant","CPM","SCLC_A","SRR30947504",8.30023406616418
"LongBench","ONT cDNA","603-1115","IsoQuant","CPM","SCLC_A","SRR30947504",1.49677369997541
"LongBench","ONT cDNA","1115-2425","IsoQuant","CPM","LUAD","SRR30947505",2.98208912093615
"LongBench","ONT cDNA","191-603","IsoQuant","CPM","LUAD","SRR30947505",0.954842149294416
"LongBench","ONT cDNA","2425-12059","IsoQuant","CPM","LUAD","SRR30947505",8.25957826992548
"LongBench","ONT cDNA","603-1115","IsoQuant","CPM","LUAD","SRR30947505",1.49069617011103
"LongBench","ONT cDNA","1115-2425","IsoQuant","CQN","LUAD","SRR30947470",2.96636341398754
"LongBench","ONT cDNA","191-603","IsoQuant","CQN","LUAD","SRR30947470",0.968069799075112
"LongBench","ONT cDNA","2425-12059","IsoQuant","CQN","LUAD","SRR30947470",8.25413811572259
"LongBench","ONT cDNA","603-1115","IsoQuant","CQN","LUAD","SRR30947470",1.57097108495582
"LongBench","ONT cDNA","1115-2425","IsoQuant","CQN","LUAD","SRR30947471",3.05783005436686
"LongBench","ONT cDNA","191-603","IsoQuant","CQN","LUAD","SRR30947471",0.971792947801798
"LongBench","ONT cDNA","2425-12059","IsoQuant","CQN","LUAD","SRR30947471",8.25543867261499
"LongBench","ONT cDNA","603-1115","IsoQuant","CQN","LUAD","SRR30947471",1.62805471319993
"LongBench","ONT cDNA","1115-2425","IsoQuant","CQN","SCLC_A","SRR30947502",2.95134834832237
"LongBench","ONT cDNA","191-603","IsoQuant","CQN","SCLC_A","SRR30947502",1.37261784543854
"LongBench","ONT cDNA","2425-12059","IsoQuant","CQN","SCLC_A","SRR30947502",8.27177932971974
"LongBench","ONT cDNA","603-1115","IsoQuant","CQN","SCLC_A","SRR30947502",1.47500431865639
"LongBench","ONT cDNA","1115-2425","IsoQuant","CQN","SCLC_A","SRR30947503",2.90630597861069
"LongBench","ONT cDNA","191-603","IsoQuant","CQN","SCLC_A","SRR30947503",1.34384731096951
"LongBench","ONT cDNA","2425-12059","IsoQuant","CQN","SCLC_A","SRR30947503",8.25315761308267
"LongBench","ONT cDNA","603-1115","IsoQuant","CQN","SCLC_A","SRR30947503",1.49108386629625
"LongBench","ONT cDNA","1115-2425","IsoQuant","CQN","SCLC_A","SRR30947504",2.86804670667192
"LongBench","ONT cDNA","191-603","IsoQuant","CQN","SCLC_A","SRR30947504",1.28987166902494
"LongBench","ONT cDNA","2425-12059","IsoQuant","CQN","SCLC_A","SRR30947504",8.26440847944277
"LongBench","ONT cDNA","603-1115","IsoQuant","CQN","SCLC_A","SRR30947504",1.43452700514877
"LongBench","ONT cDNA","1115-2425","IsoQuant","CQN","LUAD","SRR30947505",3.20612921918936
"LongBench","ONT cDNA","191-603","IsoQuant","CQN","LUAD","SRR30947505",1.02658668115154
"LongBench","ONT cDNA","2425-12059","IsoQuant","CQN","LUAD","SRR30947505",8.2686544000394
"LongBench","ONT cDNA","603-1115","IsoQuant","CQN","LUAD","SRR30947505",1.71569347281979
"LongBench","ONT cDNA","1115-2425","IsoQuant","EDASeq","LUAD","SRR30947470",2.74932625008828
"LongBench","ONT cDNA","191-603","IsoQuant","EDASeq","LUAD","SRR30947470",0.934228813342988
"LongBench","ONT cDNA","2425-12059","IsoQuant","EDASeq","LUAD","SRR30947470",8.24448932802191
"LongBench","ONT cDNA","603-1115","IsoQuant","EDASeq","LUAD","SRR30947470",1.33308604075249
"LongBench","ONT cDNA","1115-2425","IsoQuant","EDASeq","LUAD","SRR30947471",2.81468673541761
"LongBench","ONT cDNA","191-603","IsoQuant","EDASeq","LUAD","SRR30947471",0.945195270532908
"LongBench","ONT cDNA","2425-12059","IsoQuant","EDASeq","LUAD","SRR30947471",8.24375829062298
"LongBench","ONT cDNA","603-1115","IsoQuant","EDASeq","LUAD","SRR30947471",1.45479846779383
"LongBench","ONT cDNA","1115-2425","IsoQuant","EDASeq","SCLC_A","SRR30947502",2.81079038403657
"LongBench","ONT cDNA","191-603","IsoQuant","EDASeq","SCLC_A","SRR30947502",1.40962692178565
"LongBench","ONT cDNA","2425-12059","IsoQuant","EDASeq","SCLC_A","SRR30947502",8.25832430367628
"LongBench","ONT cDNA","603-1115","IsoQuant","EDASeq","SCLC_A","SRR30947502",1.50264901157616
"LongBench","ONT cDNA","1115-2425","IsoQuant","EDASeq","SCLC_A","SRR30947503",2.80678898299618
"LongBench","ONT cDNA","191-603","IsoQuant","EDASeq","SCLC_A","SRR30947503",1.35696497538074
"LongBench","ONT cDNA","2425-12059","IsoQuant","EDASeq","SCLC_A","SRR30947503",8.24340482396815
"LongBench","ONT cDNA","603-1115","IsoQuant","EDASeq","SCLC_A","SRR30947503",1.50356894708319
"LongBench","ONT cDNA","1115-2425","IsoQuant","EDASeq","SCLC_A","SRR30947504",2.85323800472518
"LongBench","ONT cDNA","191-603","IsoQuant","EDASeq","SCLC_A","SRR30947504",1.33096927367767
"LongBench","ONT cDNA","2425-12059","IsoQuant","EDASeq","SCLC_A","SRR30947504",8.26508368764244
"LongBench","ONT cDNA","603-1115","IsoQuant","EDASeq","SCLC_A","SRR30947504",1.51713425136928
"LongBench","ONT cDNA","1115-2425","IsoQuant","EDASeq","LUAD","SRR30947505",2.97239739011321
"LongBench","ONT cDNA","191-603","IsoQuant","EDASeq","LUAD","SRR30947505",0.965911276502817
"LongBench","ONT cDNA","2425-12059","IsoQuant","EDASeq","LUAD","SRR30947505",8.25526961088303
"LongBench","ONT cDNA","603-1115","IsoQuant","EDASeq","LUAD","SRR30947505",1.52961750673534
"LongBench","ONT cDNA","1115-2425","IsoQuant","SMR","LUAD","SRR30947470",2.06599665639982
"LongBench","ONT cDNA","191-603","IsoQuant","SMR","LUAD","SRR30947470",0.363665866128004
"LongBench","ONT cDNA","2425-12059","IsoQuant","SMR","LUAD","SRR30947470",8.19227674781827
"LongBench","ONT cDNA","603-1115","IsoQuant","SMR","LUAD","SRR30947470",0.26894969490313
"LongBench","ONT cDNA","1115-2425","IsoQuant","SMR","LUAD","SRR30947471",2.07085461128623
"LongBench","ONT cDNA","191-603","IsoQuant","SMR","LUAD","SRR30947471",0.330533858412566
"LongBench","ONT cDNA","2425-12059","IsoQuant","SMR","LUAD","SRR30947471",8.19247008010254
"LongBench","ONT cDNA","603-1115","IsoQuant","SMR","LUAD","SRR30947471",0.311525237921902
"LongBench","ONT cDNA","1115-2425","IsoQuant","SMR","SCLC_A","SRR30947502",2.07234971717534
"LongBench","ONT cDNA","191-603","IsoQuant","SMR","SCLC_A","SRR30947502",0.81852828684262
"LongBench","ONT cDNA","2425-12059","IsoQuant","SMR","SCLC_A","SRR30947502",8.19229225041864
"LongBench","ONT cDNA","603-1115","IsoQuant","SMR","SCLC_A","SRR30947502",0.3258442582377
"LongBench","ONT cDNA","1115-2425","IsoQuant","SMR","SCLC_A","SRR30947503",2.07803544845863
"LongBench","ONT cDNA","191-603","IsoQuant","SMR","SCLC_A","SRR30947503",0.7505314039467
"LongBench","ONT cDNA","2425-12059","IsoQuant","SMR","SCLC_A","SRR30947503",8.19442496289021
"LongBench","ONT cDNA","603-1115","IsoQuant","SMR","SCLC_A","SRR30947503",0.295297146070836
"LongBench","ONT cDNA","1115-2425","IsoQuant","SMR","SCLC_A","SRR30947504",2.07274203676778
"LongBench","ONT cDNA","191-603","IsoQuant","SMR","SCLC_A","SRR30947504",0.748915923522126
"LongBench","ONT cDNA","2425-12059","IsoQuant","SMR","SCLC_A","SRR30947504",8.19349607640081
"LongBench","ONT cDNA","603-1115","IsoQuant","SMR","SCLC_A","SRR30947504",0.36855482935008
"LongBench","ONT cDNA","1115-2425","IsoQuant","SMR","LUAD","SRR30947505",2.07309538841644
"LongBench","ONT cDNA","191-603","IsoQuant","SMR","LUAD","SRR30947505",0.386262671823709
"LongBench","ONT cDNA","2425-12059","IsoQuant","SMR","LUAD","SRR30947505",8.19294773870423
"LongBench","ONT cDNA","603-1115","IsoQuant","SMR","LUAD","SRR30947505",0.355184190985953
"LongBench","ONT cDNA","1115-2425","IsoQuant","TPM","LUAD","SRR30947470",3.78102291519257
"LongBench","ONT cDNA","191-603","IsoQuant","TPM","LUAD","SRR30947470",1.07098510355023
"LongBench","ONT cDNA","2425-12059","IsoQuant","TPM","LUAD","SRR30947470",8.40524500181221
"LongBench","ONT cDNA","603-1115","IsoQuant","TPM","LUAD","SRR30947470",1.56988537364708
"LongBench","ONT cDNA","1115-2425","IsoQuant","TPM","LUAD","SRR30947471",3.73547637639606
"LongBench","ONT cDNA","191-603","IsoQuant","TPM","LUAD","SRR30947471",1.05114125887285
"LongBench","ONT cDNA","2425-12059","IsoQuant","TPM","LUAD","SRR30947471",8.38373187602136
"LongBench","ONT cDNA","603-1115","IsoQuant","TPM","LUAD","SRR30947471",1.65279701324131
"LongBench","ONT cDNA","1115-2425","IsoQuant","TPM","SCLC_A","SRR30947502",3.67326039513543
"LongBench","ONT cDNA","191-603","IsoQuant","TPM","SCLC_A","SRR30947502",1.48543715071604
"LongBench","ONT cDNA","2425-12059","IsoQuant","TPM","SCLC_A","SRR30947502",8.39931862313647
"LongBench","ONT cDNA","603-1115","IsoQuant","TPM","SCLC_A","SRR30947502",1.68897057620003
"LongBench","ONT cDNA","1115-2425","IsoQuant","TPM","SCLC_A","SRR30947503",3.64235930306051
"LongBench","ONT cDNA","191-603","IsoQuant","TPM","SCLC_A","SRR30947503",1.44280116789127
"LongBench","ONT cDNA","2425-12059","IsoQuant","TPM","SCLC_A","SRR30947503",8.36720543637177
"LongBench","ONT cDNA","603-1115","IsoQuant","TPM","SCLC_A","SRR30947503",1.69721180139745
"LongBench","ONT cDNA","1115-2425","IsoQuant","TPM","SCLC_A","SRR30947504",3.93780510240488
"LongBench","ONT cDNA","191-603","IsoQuant","TPM","SCLC_A","SRR30947504",1.41959404554239
"LongBench","ONT cDNA","2425-12059","IsoQuant","TPM","SCLC_A","SRR30947504",8.45271583500116
"LongBench","ONT cDNA","603-1115","IsoQuant","TPM","SCLC_A","SRR30947504",1.73671210396559
"LongBench","ONT cDNA","1115-2425","IsoQuant","TPM","LUAD","SRR30947505",3.8415083452365
"LongBench","ONT cDNA","191-603","IsoQuant","TPM","LUAD","SRR30947505",1.08127616940781
"LongBench","ONT cDNA","2425-12059","IsoQuant","TPM","LUAD","SRR30947505",8.38844420074226
"LongBench","ONT cDNA","603-1115","IsoQuant","TPM","LUAD","SRR30947505",1.73147420524175
"LongBench","ONT cDNA","1115-2425","Kallisto","CPM","LUAD","SRR30947470",2.37641583840126
"LongBench","ONT cDNA","191-603","Kallisto","CPM","LUAD","SRR30947470",4.18935208930055
"LongBench","ONT cDNA","2425-12059","Kallisto","CPM","LUAD","SRR30947470",2.87466826313271
"LongBench","ONT cDNA","603-1115","Kallisto","CPM","LUAD","SRR30947470",1.07715688717238
"LongBench","ONT cDNA","1115-2425","Kallisto","CPM","LUAD","SRR30947471",2.38501153732776
"LongBench","ONT cDNA","191-603","Kallisto","CPM","LUAD","SRR30947471",4.18826741921667
"LongBench","ONT cDNA","2425-12059","Kallisto","CPM","LUAD","SRR30947471",3.11847041868307
"LongBench","ONT cDNA","603-1115","Kallisto","CPM","LUAD","SRR30947471",1.09746859058497
"LongBench","ONT cDNA","1115-2425","Kallisto","CPM","SCLC_A","SRR30947502",2.41200055894388
"LongBench","ONT cDNA","191-603","Kallisto","CPM","SCLC_A","SRR30947502",4.19232751309032
"LongBench","ONT cDNA","2425-12059","Kallisto","CPM","SCLC_A","SRR30947502",2.99531822890055
"LongBench","ONT cDNA","603-1115","Kallisto","CPM","SCLC_A","SRR30947502",1.15010007990343
"LongBench","ONT cDNA","1115-2425","Kallisto","CPM","SCLC_A","SRR30947503",2.46429259792649
"LongBench","ONT cDNA","191-603","Kallisto","CPM","SCLC_A","SRR30947503",4.18879952378693
"LongBench","ONT cDNA","2425-12059","Kallisto","CPM","SCLC_A","SRR30947503",2.9687778305435
"LongBench","ONT cDNA","603-1115","Kallisto","CPM","SCLC_A","SRR30947503",1.11788961428355
"LongBench","ONT cDNA","1115-2425","Kallisto","CPM","SCLC_A","SRR30947504",2.49171243486718
"LongBench","ONT cDNA","191-603","Kallisto","CPM","SCLC_A","SRR30947504",4.19069059041661
"LongBench","ONT cDNA","2425-12059","Kallisto","CPM","SCLC_A","SRR30947504",3.01776032378519
"LongBench","ONT cDNA","603-1115","Kallisto","CPM","SCLC_A","SRR30947504",1.1224985426924
"LongBench","ONT cDNA","1115-2425","Kallisto","CPM","LUAD","SRR30947505",2.39079190486559
"LongBench","ONT cDNA","191-603","Kallisto","CPM","LUAD","SRR30947505",4.1903838152408
"LongBench","ONT cDNA","2425-12059","Kallisto","CPM","LUAD","SRR30947505",2.91384403575071
"LongBench","ONT cDNA","603-1115","Kallisto","CPM","LUAD","SRR30947505",1.07013794676223
"LongBench","ONT cDNA","1115-2425","Kallisto","CQN","LUAD","SRR30947470",2.28206953348751
"LongBench","ONT cDNA","191-603","Kallisto","CQN","LUAD","SRR30947470",4.18462633538586
"LongBench","ONT cDNA","2425-12059","Kallisto","CQN","LUAD","SRR30947470",2.519054875875
"LongBench","ONT cDNA","603-1115","Kallisto","CQN","LUAD","SRR30947470",1.10567532931841
"LongBench","ONT cDNA","1115-2425","Kallisto","CQN","LUAD","SRR30947471",2.3075942183092
"LongBench","ONT cDNA","191-603","Kallisto","CQN","LUAD","SRR30947471",4.17852450265524
"LongBench","ONT cDNA","2425-12059","Kallisto","CQN","LUAD","SRR30947471",2.65011941204405
"LongBench","ONT cDNA","603-1115","Kallisto","CQN","LUAD","SRR30947471",1.12806241328935
"LongBench","ONT cDNA","1115-2425","Kallisto","CQN","SCLC_A","SRR30947502",2.32795528661126
"LongBench","ONT cDNA","191-603","Kallisto","CQN","SCLC_A","SRR30947502",4.19341669165733
"LongBench","ONT cDNA","2425-12059","Kallisto","CQN","SCLC_A","SRR30947502",2.48314583490696
"LongBench","ONT cDNA","603-1115","Kallisto","CQN","SCLC_A","SRR30947502",1.18253837089619
"LongBench","ONT cDNA","1115-2425","Kallisto","CQN","SCLC_A","SRR30947503",2.37900882210062
"LongBench","ONT cDNA","191-603","Kallisto","CQN","SCLC_A","SRR30947503",4.18911198422422
"LongBench","ONT cDNA","2425-12059","Kallisto","CQN","SCLC_A","SRR30947503",2.46108679528866
"LongBench","ONT cDNA","603-1115","Kallisto","CQN","SCLC_A","SRR30947503",1.14141613540119
"LongBench","ONT cDNA","1115-2425","Kallisto","CQN","SCLC_A","SRR30947504",2.33262357225659
"LongBench","ONT cDNA","191-603","Kallisto","CQN","SCLC_A","SRR30947504",4.1950726219686
"LongBench","ONT cDNA","2425-12059","Kallisto","CQN","SCLC_A","SRR30947504",2.42934566877531
"LongBench","ONT cDNA","603-1115","Kallisto","CQN","SCLC_A","SRR30947504",1.16529548421152
"LongBench","ONT cDNA","1115-2425","Kallisto","CQN","LUAD","SRR30947505",2.37932921634189
"LongBench","ONT cDNA","191-603","Kallisto","CQN","LUAD","SRR30947505",4.19411515793456
"LongBench","ONT cDNA","2425-12059","Kallisto","CQN","LUAD","SRR30947505",2.67069530205742
"LongBench","ONT cDNA","603-1115","Kallisto","CQN","LUAD","SRR30947505",1.10616008755817
"LongBench","ONT cDNA","1115-2425","Kallisto","EDASeq","LUAD","SRR30947470",2.28455506549296
"LongBench","ONT cDNA","191-603","Kallisto","EDASeq","LUAD","SRR30947470",4.18135656587084
"LongBench","ONT cDNA","2425-12059","Kallisto","EDASeq","LUAD","SRR30947470",2.52834385697808
"LongBench","ONT cDNA","603-1115","Kallisto","EDASeq","LUAD","SRR30947470",1.08610015990438
"LongBench","ONT cDNA","1115-2425","Kallisto","EDASeq","LUAD","SRR30947471",2.31673339480227
"LongBench","ONT cDNA","191-603","Kallisto","EDASeq","LUAD","SRR30947471",4.17953384371645
"LongBench","ONT cDNA","2425-12059","Kallisto","EDASeq","LUAD","SRR30947471",2.73793113579229
"LongBench","ONT cDNA","603-1115","Kallisto","EDASeq","LUAD","SRR30947471",1.12194864181111
"LongBench","ONT cDNA","1115-2425","Kallisto","EDASeq","SCLC_A","SRR30947502",2.32987541564871
"LongBench","ONT cDNA","191-603","Kallisto","EDASeq","SCLC_A","SRR30947502",4.18569036283649
"LongBench","ONT cDNA","2425-12059","Kallisto","EDASeq","SCLC_A","SRR30947502",2.6161138209047
"LongBench","ONT cDNA","603-1115","Kallisto","EDASeq","SCLC_A","SRR30947502",1.16184585984404
"LongBench","ONT cDNA","1115-2425","Kallisto","EDASeq","SCLC_A","SRR30947503",2.38937018223043
"LongBench","ONT cDNA","191-603","Kallisto","EDASeq","SCLC_A","SRR30947503",4.18225037544525
"LongBench","ONT cDNA","2425-12059","Kallisto","EDASeq","SCLC_A","SRR30947503",2.59146258274516
"LongBench","ONT cDNA","603-1115","Kallisto","EDASeq","SCLC_A","SRR30947503",1.13456286062324
"LongBench","ONT cDNA","1115-2425","Kallisto","EDASeq","SCLC_A","SRR30947504",2.35267317392753
"LongBench","ONT cDNA","191-603","Kallisto","EDASeq","SCLC_A","SRR30947504",4.18057530593706
"LongBench","ONT cDNA","2425-12059","Kallisto","EDASeq","SCLC_A","SRR30947504",2.54508730751011
"LongBench","ONT cDNA","603-1115","Kallisto","EDASeq","SCLC_A","SRR30947504",1.1356200773796301
"LongBench","ONT cDNA","1115-2425","Kallisto","EDASeq","LUAD","SRR30947505",2.36172293909338
"LongBench","ONT cDNA","191-603","Kallisto","EDASeq","LUAD","SRR30947505",4.18658398273407
"LongBench","ONT cDNA","2425-12059","Kallisto","EDASeq","LUAD","SRR30947505",2.68985320311862
"LongBench","ONT cDNA","603-1115","Kallisto","EDASeq","LUAD","SRR30947505",1.09984051090005
"LongBench","ONT cDNA","1115-2425","Kallisto","SMR","LUAD","SRR30947470",2.05581197032972
"LongBench","ONT cDNA","191-603","Kallisto","SMR","LUAD","SRR30947470",4.09768043939244
"LongBench","ONT cDNA","2425-12059","Kallisto","SMR","LUAD","SRR30947470",2.0777771677359
"LongBench","ONT cDNA","603-1115","Kallisto","SMR","LUAD","SRR30947470",0.12656142638997
"LongBench","ONT cDNA","1115-2425","Kallisto","SMR","LUAD","SRR30947471",2.05509235518218
"LongBench","ONT cDNA","191-603","Kallisto","SMR","LUAD","SRR30947471",4.09854110234937
"LongBench","ONT cDNA","2425-12059","Kallisto","SMR","LUAD","SRR30947471",2.19207266320556
"LongBench","ONT cDNA","603-1115","Kallisto","SMR","LUAD","SRR30947471",0.139634714239634
"LongBench","ONT cDNA","1115-2425","Kallisto","SMR","SCLC_A","SRR30947502",2.05776626025163
"LongBench","ONT cDNA","191-603","Kallisto","SMR","SCLC_A","SRR30947502",4.09953457456136
"LongBench","ONT cDNA","2425-12059","Kallisto","SMR","SCLC_A","SRR30947502",2.08153477351757
"LongBench","ONT cDNA","603-1115","Kallisto","SMR","SCLC_A","SRR30947502",0.180686975067915
"LongBench","ONT cDNA","1115-2425","Kallisto","SMR","SCLC_A","SRR30947503",2.06447679969304
"LongBench","ONT cDNA","191-603","Kallisto","SMR","SCLC_A","SRR30947503",4.09906854604713
"LongBench","ONT cDNA","2425-12059","Kallisto","SMR","SCLC_A","SRR30947503",2.08438634037309
"LongBench","ONT cDNA","603-1115","Kallisto","SMR","SCLC_A","SRR30947503",0.180627733417409
"LongBench","ONT cDNA","1115-2425","Kallisto","SMR","SCLC_A","SRR30947504",2.06100168750339
"LongBench","ONT cDNA","191-603","Kallisto","SMR","SCLC_A","SRR30947504",4.10085823324259
"LongBench","ONT cDNA","2425-12059","Kallisto","SMR","SCLC_A","SRR30947504",2.08774825986986
"LongBench","ONT cDNA","603-1115","Kallisto","SMR","SCLC_A","SRR30947504",0.215685944647312
"LongBench","ONT cDNA","1115-2425","Kallisto","SMR","LUAD","SRR30947505",2.0571645629328
"LongBench","ONT cDNA","191-603","Kallisto","SMR","LUAD","SRR30947505",4.09744859036525
"LongBench","ONT cDNA","2425-12059","Kallisto","SMR","LUAD","SRR30947505",2.10378206383045
"LongBench","ONT cDNA","603-1115","Kallisto","SMR","LUAD","SRR30947505",0.137990691877944
"LongBench","ONT cDNA","1115-2425","Kallisto","TPM","LUAD","SRR30947470",2.88618129104041
"LongBench","ONT cDNA","191-603","Kallisto","TPM","LUAD","SRR30947470",4.21519822396712
"LongBench","ONT cDNA","2425-12059","Kallisto","TPM","LUAD","SRR30947470",4.55850347682556
"LongBench","ONT cDNA","603-1115","Kallisto","TPM","LUAD","SRR30947470",1.19105158594563
"LongBench","ONT cDNA","1115-2425","Kallisto","TPM","LUAD","SRR30947471",2.90214129292807
"LongBench","ONT cDNA","191-603","Kallisto","TPM","LUAD","SRR30947471",4.2141126221143
"LongBench","ONT cDNA","2425-12059","Kallisto","TPM","LUAD","SRR30947471",4.77083630159788
"LongBench","ONT cDNA","603-1115","Kallisto","TPM","LUAD","SRR30947471",1.2124270779978
"LongBench","ONT cDNA","1115-2425","Kallisto","TPM","SCLC_A","SRR30947502",2.94311213141304
"LongBench","ONT cDNA","191-603","Kallisto","TPM","SCLC_A","SRR30947502",4.21649290196273
"LongBench","ONT cDNA","2425-12059","Kallisto","TPM","SCLC_A","SRR30947502",4.72566272797643
"LongBench","ONT cDNA","603-1115","Kallisto","TPM","SCLC_A","SRR30947502",1.26553985366272
"LongBench","ONT cDNA","1115-2425","Kallisto","TPM","SCLC_A","SRR30947503",3.00466420010712
"LongBench","ONT cDNA","191-603","Kallisto","TPM","SCLC_A","SRR30947503",4.21412605298065
"LongBench","ONT cDNA","2425-12059","Kallisto","TPM","SCLC_A","SRR30947503",4.6828583193045
"LongBench","ONT cDNA","603-1115","Kallisto","TPM","SCLC_A","SRR30947503",1.23252599294846
"LongBench","ONT cDNA","1115-2425","Kallisto","TPM","SCLC_A","SRR30947504",3.06498446642227
"LongBench","ONT cDNA","191-603","Kallisto","TPM","SCLC_A","SRR30947504",4.21389902027869
"LongBench","ONT cDNA","2425-12059","Kallisto","TPM","SCLC_A","SRR30947504",4.75755403628179
"LongBench","ONT cDNA","603-1115","Kallisto","TPM","SCLC_A","SRR30947504",1.24297069488433
"LongBench","ONT cDNA","1115-2425","Kallisto","TPM","LUAD","SRR30947505",2.91156702654847
"LongBench","ONT cDNA","191-603","Kallisto","TPM","LUAD","SRR30947505",4.21686801896475
"LongBench","ONT cDNA","2425-12059","Kallisto","TPM","LUAD","SRR30947505",4.56203352447071
"LongBench","ONT cDNA","603-1115","Kallisto","TPM","LUAD","SRR30947505",1.18247822580592
"LongBench","ONT cDNA","1115-2425","Oarfish","CPM","LUAD","SRR30947470",2.48816600962789
"LongBench","ONT cDNA","191-603","Oarfish","CPM","LUAD","SRR30947470",3.68237404946346
"LongBench","ONT cDNA","2425-12059","Oarfish","CPM","LUAD","SRR30947470",3.03675567713672
"LongBench","ONT cDNA","603-1115","Oarfish","CPM","LUAD","SRR30947470",1.00731412096318
"LongBench","ONT cDNA","1115-2425","Oarfish","CPM","LUAD","SRR30947471",2.51638852797827
"LongBench","ONT cDNA","191-603","Oarfish","CPM","LUAD","SRR30947471",3.65998511719809
"LongBench","ONT cDNA","2425-12059","Oarfish","CPM","LUAD","SRR30947471",3.3148660397735
"LongBench","ONT cDNA","603-1115","Oarfish","CPM","LUAD","SRR30947471",1.02680858576206
"LongBench","ONT cDNA","1115-2425","Oarfish","CPM","SCLC_A","SRR30947502",2.55559238245074
"LongBench","ONT cDNA","191-603","Oarfish","CPM","SCLC_A","SRR30947502",3.66166082037345
"LongBench","ONT cDNA","2425-12059","Oarfish","CPM","SCLC_A","SRR30947502",3.17453111182385
"LongBench","ONT cDNA","603-1115","Oarfish","CPM","SCLC_A","SRR30947502",1.06879321547126
"LongBench","ONT cDNA","1115-2425","Oarfish","CPM","SCLC_A","SRR30947503",2.5830951190386
"LongBench","ONT cDNA","191-603","Oarfish","CPM","SCLC_A","SRR30947503",3.66457887174501
"LongBench","ONT cDNA","2425-12059","Oarfish","CPM","SCLC_A","SRR30947503",3.12938882307579
"LongBench","ONT cDNA","603-1115","Oarfish","CPM","SCLC_A","SRR30947503",1.10277684322827
"LongBench","ONT cDNA","1115-2425","Oarfish","CPM","SCLC_A","SRR30947504",2.658096178479
"LongBench","ONT cDNA","191-603","Oarfish","CPM","SCLC_A","SRR30947504",3.66422356998745
"LongBench","ONT cDNA","2425-12059","Oarfish","CPM","SCLC_A","SRR30947504",3.21735769359327
"LongBench","ONT cDNA","603-1115","Oarfish","CPM","SCLC_A","SRR30947504",1.09814239838831
"LongBench","ONT cDNA","1115-2425","Oarfish","CPM","LUAD","SRR30947505",2.51508442000005
"LongBench","ONT cDNA","191-603","Oarfish","CPM","LUAD","SRR30947505",3.65950759948828
"LongBench","ONT cDNA","2425-12059","Oarfish","CPM","LUAD","SRR30947505",3.06698702028788
"LongBench","ONT cDNA","603-1115","Oarfish","CPM","LUAD","SRR30947505",1.03386918834518
"LongBench","ONT cDNA","1115-2425","Oarfish","CQN","LUAD","SRR30947470",2.32492195115772
"LongBench","ONT cDNA","191-603","Oarfish","CQN","LUAD","SRR30947470",3.66960279608162
"LongBench","ONT cDNA","2425-12059","Oarfish","CQN","LUAD","SRR30947470",2.57578056987031
"LongBench","ONT cDNA","603-1115","Oarfish","CQN","LUAD","SRR30947470",0.998939304873341
"LongBench","ONT cDNA","1115-2425","Oarfish","CQN","LUAD","SRR30947471",2.40087221632926
"LongBench","ONT cDNA","191-603","Oarfish","CQN","LUAD","SRR30947471",3.64536599126287
"LongBench","ONT cDNA","2425-12059","Oarfish","CQN","LUAD","SRR30947471",2.79099610063852
"LongBench","ONT cDNA","603-1115","Oarfish","CQN","LUAD","SRR30947471",1.03416214853973
"LongBench","ONT cDNA","1115-2425","Oarfish","CQN","SCLC_A","SRR30947502",2.45488039546407
"LongBench","ONT cDNA","191-603","Oarfish","CQN","SCLC_A","SRR30947502",3.66038961915582
"LongBench","ONT cDNA","2425-12059","Oarfish","CQN","SCLC_A","SRR30947502",2.70834598836715
"LongBench","ONT cDNA","603-1115","Oarfish","CQN","SCLC_A","SRR30947502",1.08929990604618
"LongBench","ONT cDNA","1115-2425","Oarfish","CQN","SCLC_A","SRR30947503",2.47003122530207
"LongBench","ONT cDNA","191-603","Oarfish","CQN","SCLC_A","SRR30947503",3.65757062849612
"LongBench","ONT cDNA","2425-12059","Oarfish","CQN","SCLC_A","SRR30947503",2.59692152714834
"LongBench","ONT cDNA","603-1115","Oarfish","CQN","SCLC_A","SRR30947503",1.11970012925992
"LongBench","ONT cDNA","1115-2425","Oarfish","CQN","SCLC_A","SRR30947504",2.420354097343
"LongBench","ONT cDNA","191-603","Oarfish","CQN","SCLC_A","SRR30947504",3.65541289901758
"LongBench","ONT cDNA","2425-12059","Oarfish","CQN","SCLC_A","SRR30947504",2.53730765150772
"LongBench","ONT cDNA","603-1115","Oarfish","CQN","SCLC_A","SRR30947504",1.1378711503359
"LongBench","ONT cDNA","1115-2425","Oarfish","CQN","LUAD","SRR30947505",2.46961476396892
"LongBench","ONT cDNA","191-603","Oarfish","CQN","LUAD","SRR30947505",3.66230835703757
"LongBench","ONT cDNA","2425-12059","Oarfish","CQN","LUAD","SRR30947505",2.78219983988601
"LongBench","ONT cDNA","603-1115","Oarfish","CQN","LUAD","SRR30947505",1.08583788772964
"LongBench","ONT cDNA","1115-2425","Oarfish","EDASeq","LUAD","SRR30947470",2.33816192863248
"LongBench","ONT cDNA","191-603","Oarfish","EDASeq","LUAD","SRR30947470",3.6662352195829
"LongBench","ONT cDNA","2425-12059","Oarfish","EDASeq","LUAD","SRR30947470",2.52397801958528
"LongBench","ONT cDNA","603-1115","Oarfish","EDASeq","LUAD","SRR30947470",1.01546331928814
"LongBench","ONT cDNA","1115-2425","Oarfish","EDASeq","LUAD","SRR30947471",2.37145512723011
"LongBench","ONT cDNA","191-603","Oarfish","EDASeq","LUAD","SRR30947471",3.6416744365119
"LongBench","ONT cDNA","2425-12059","Oarfish","EDASeq","LUAD","SRR30947471",2.74585408076598
"LongBench","ONT cDNA","603-1115","Oarfish","EDASeq","LUAD","SRR30947471",1.04812960730803
"LongBench","ONT cDNA","1115-2425","Oarfish","EDASeq","SCLC_A","SRR30947502",2.4081202084747
"LongBench","ONT cDNA","191-603","Oarfish","EDASeq","SCLC_A","SRR30947502",3.64697896861618
"LongBench","ONT cDNA","2425-12059","Oarfish","EDASeq","SCLC_A","SRR30947502",2.6335198974795
"LongBench","ONT cDNA","603-1115","Oarfish","EDASeq","SCLC_A","SRR30947502",1.07710723062714
"LongBench","ONT cDNA","1115-2425","Oarfish","EDASeq","SCLC_A","SRR30947503",2.45414044556827
"LongBench","ONT cDNA","191-603","Oarfish","EDASeq","SCLC_A","SRR30947503",3.65088607316125
"LongBench","ONT cDNA","2425-12059","Oarfish","EDASeq","SCLC_A","SRR30947503",2.5944926792087
"LongBench","ONT cDNA","603-1115","Oarfish","EDASeq","SCLC_A","SRR30947503",1.12323688106427
"LongBench","ONT cDNA","1115-2425","Oarfish","EDASeq","SCLC_A","SRR30947504",2.45272985053101
"LongBench","ONT cDNA","191-603","Oarfish","EDASeq","SCLC_A","SRR30947504",3.6468730881879
"LongBench","ONT cDNA","2425-12059","Oarfish","EDASeq","SCLC_A","SRR30947504",2.60893171343066
"LongBench","ONT cDNA","603-1115","Oarfish","EDASeq","SCLC_A","SRR30947504",1.10587182642877
"LongBench","ONT cDNA","1115-2425","Oarfish","EDASeq","LUAD","SRR30947505",2.43344580019379
"LongBench","ONT cDNA","191-603","Oarfish","EDASeq","LUAD","SRR30947505",3.65060217113377
"LongBench","ONT cDNA","2425-12059","Oarfish","EDASeq","LUAD","SRR30947505",2.69631616829477
"LongBench","ONT cDNA","603-1115","Oarfish","EDASeq","LUAD","SRR30947505",1.06936508184653
"LongBench","ONT cDNA","1115-2425","Oarfish","SMR","LUAD","SRR30947470",2.05443964285296
"LongBench","ONT cDNA","191-603","Oarfish","SMR","LUAD","SRR30947470",3.5577781018303
"LongBench","ONT cDNA","2425-12059","Oarfish","SMR","LUAD","SRR30947470",2.08402895226758
"LongBench","ONT cDNA","603-1115","Oarfish","SMR","LUAD","SRR30947470",0.141720256459969
"LongBench","ONT cDNA","1115-2425","Oarfish","SMR","LUAD","SRR30947471",2.05286669640437
"LongBench","ONT cDNA","191-603","Oarfish","SMR","LUAD","SRR30947471",3.55062249545905
"LongBench","ONT cDNA","2425-12059","Oarfish","SMR","LUAD","SRR30947471",2.22555272244319
"LongBench","ONT cDNA","603-1115","Oarfish","SMR","LUAD","SRR30947471",0.147136418128045
"LongBench","ONT cDNA","1115-2425","Oarfish","SMR","SCLC_A","SRR30947502",2.05823376349626
"LongBench","ONT cDNA","191-603","Oarfish","SMR","SCLC_A","SRR30947502",3.55238491862685
"LongBench","ONT cDNA","2425-12059","Oarfish","SMR","SCLC_A","SRR30947502",2.09270398109263
"LongBench","ONT cDNA","603-1115","Oarfish","SMR","SCLC_A","SRR30947502",0.181449467469227
"LongBench","ONT cDNA","1115-2425","Oarfish","SMR","SCLC_A","SRR30947503",2.06946643021047
"LongBench","ONT cDNA","191-603","Oarfish","SMR","SCLC_A","SRR30947503",3.5508098481393
"LongBench","ONT cDNA","2425-12059","Oarfish","SMR","SCLC_A","SRR30947503",2.09469273049626
"LongBench","ONT cDNA","603-1115","Oarfish","SMR","SCLC_A","SRR30947503",0.196773083696286
"LongBench","ONT cDNA","1115-2425","Oarfish","SMR","SCLC_A","SRR30947504",2.06468259899634
"LongBench","ONT cDNA","191-603","Oarfish","SMR","SCLC_A","SRR30947504",3.55521561608834
"LongBench","ONT cDNA","2425-12059","Oarfish","SMR","SCLC_A","SRR30947504",2.1040380160951
"LongBench","ONT cDNA","603-1115","Oarfish","SMR","SCLC_A","SRR30947504",0.220256695778439
"LongBench","ONT cDNA","1115-2425","Oarfish","SMR","LUAD","SRR30947505",2.05351609465555
"LongBench","ONT cDNA","191-603","Oarfish","SMR","LUAD","SRR30947505",3.54976048901237
"LongBench","ONT cDNA","2425-12059","Oarfish","SMR","LUAD","SRR30947505",2.113883316689
"LongBench","ONT cDNA","603-1115","Oarfish","SMR","LUAD","SRR30947505",0.115547004839312
"LongBench","ONT cDNA","1115-2425","Oarfish","TPM","LUAD","SRR30947470",3.10945844808698
"LongBench","ONT cDNA","191-603","Oarfish","TPM","LUAD","SRR30947470",3.71560708946364
"LongBench","ONT cDNA","2425-12059","Oarfish","TPM","LUAD","SRR30947470",4.84560307343668
"LongBench","ONT cDNA","603-1115","Oarfish","TPM","LUAD","SRR30947470",1.16116840843003
"LongBench","ONT cDNA","1115-2425","Oarfish","TPM","LUAD","SRR30947471",3.14987495778181
"LongBench","ONT cDNA","191-603","Oarfish","TPM","LUAD","SRR30947471",3.69733337423112
"LongBench","ONT cDNA","2425-12059","Oarfish","TPM","LUAD","SRR30947471",5.08388980233739
"LongBench","ONT cDNA","603-1115","Oarfish","TPM","LUAD","SRR30947471",1.18504415715104
"LongBench","ONT cDNA","1115-2425","Oarfish","TPM","SCLC_A","SRR30947502",3.20070818069268
"LongBench","ONT cDNA","191-603","Oarfish","TPM","SCLC_A","SRR30947502",3.6982494713915
"LongBench","ONT cDNA","2425-12059","Oarfish","TPM","SCLC_A","SRR30947502",5.02939390562386
"LongBench","ONT cDNA","603-1115","Oarfish","TPM","SCLC_A","SRR30947502",1.22773514933102
"LongBench","ONT cDNA","1115-2425","Oarfish","TPM","SCLC_A","SRR30947503",3.21783354807284
"LongBench","ONT cDNA","191-603","Oarfish","TPM","SCLC_A","SRR30947503",3.69982476169126
"LongBench","ONT cDNA","2425-12059","Oarfish","TPM","SCLC_A","SRR30947503",4.9611678885974
"LongBench","ONT cDNA","603-1115","Oarfish","TPM","SCLC_A","SRR30947503",1.25633548678555
"LongBench","ONT cDNA","1115-2425","Oarfish","TPM","SCLC_A","SRR30947504",3.34731131361355
"LongBench","ONT cDNA","191-603","Oarfish","TPM","SCLC_A","SRR30947504",3.69922500871568
"LongBench","ONT cDNA","2425-12059","Oarfish","TPM","SCLC_A","SRR30947504",5.08158272218004
"LongBench","ONT cDNA","603-1115","Oarfish","TPM","SCLC_A","SRR30947504",1.26712749681516
"LongBench","ONT cDNA","1115-2425","Oarfish","TPM","LUAD","SRR30947505",3.14432822626157
"LongBench","ONT cDNA","191-603","Oarfish","TPM","LUAD","SRR30947505",3.69956029275613
"LongBench","ONT cDNA","2425-12059","Oarfish","TPM","LUAD","SRR30947505",4.84400927075018
"LongBench","ONT cDNA","603-1115","Oarfish","TPM","LUAD","SRR30947505",1.19701258153766
"LongBench","ONT dRNA","1115-2425","Bambu","CPM","LUAD","HCC827",2.06751864381339
"LongBench","ONT dRNA","191-603","Bambu","CPM","LUAD","HCC827",2.98243754168318
"LongBench","ONT dRNA","2425-12059","Bambu","CPM","LUAD","HCC827",4.53101511621818
"LongBench","ONT dRNA","603-1115","Bambu","CPM","LUAD","HCC827",2.06937930320559
"LongBench","ONT dRNA","1115-2425","Bambu","CPM","SCLC_A","NCI_H146",2.07018966177821
"LongBench","ONT dRNA","191-603","Bambu","CPM","SCLC_A","NCI_H146",2.96614056417391
"LongBench","ONT dRNA","2425-12059","Bambu","CPM","SCLC_A","NCI_H146",4.51257401243881
"LongBench","ONT dRNA","603-1115","Bambu","CPM","SCLC_A","NCI_H146",2.06671304801933
"LongBench","ONT dRNA","1115-2425","Bambu","CPM","LUAD","NCI_H1975",2.07572121310527
"LongBench","ONT dRNA","191-603","Bambu","CPM","LUAD","NCI_H1975",2.96277471356863
"LongBench","ONT dRNA","2425-12059","Bambu","CPM","LUAD","NCI_H1975",4.55498121950258
"LongBench","ONT dRNA","603-1115","Bambu","CPM","LUAD","NCI_H1975",2.06910243668669
"LongBench","ONT dRNA","1115-2425","Bambu","CPM","LUAD","NCI_H2228",2.07142439739012
"LongBench","ONT dRNA","191-603","Bambu","CPM","LUAD","NCI_H2228",2.99158340357777
"LongBench","ONT dRNA","2425-12059","Bambu","CPM","LUAD","NCI_H2228",4.55409540017628
"LongBench","ONT dRNA","603-1115","Bambu","CPM","LUAD","NCI_H2228",2.07006712417573
"LongBench","ONT dRNA","1115-2425","Bambu","CPM","SCLC_A","NCI_H69",2.06780816108173
"LongBench","ONT dRNA","191-603","Bambu","CPM","SCLC_A","NCI_H69",3.00474836764457
"LongBench","ONT dRNA","2425-12059","Bambu","CPM","SCLC_A","NCI_H69",4.56721724064804
"LongBench","ONT dRNA","603-1115","Bambu","CPM","SCLC_A","NCI_H69",2.07016644073386
"LongBench","ONT dRNA","1115-2425","Bambu","CPM","SCLC_A","SHP_77",2.06864007128229
"LongBench","ONT dRNA","191-603","Bambu","CPM","SCLC_A","SHP_77",2.98177245014451
"LongBench","ONT dRNA","2425-12059","Bambu","CPM","SCLC_A","SHP_77",4.57787490341387
"LongBench","ONT dRNA","603-1115","Bambu","CPM","SCLC_A","SHP_77",2.06968178739269
"LongBench","ONT dRNA","1115-2425","Bambu","CQN","LUAD","HCC827",2.08640523380935
"LongBench","ONT dRNA","191-603","Bambu","CQN","LUAD","HCC827",2.95731286609113
"LongBench","ONT dRNA","2425-12059","Bambu","CQN","LUAD","HCC827",4.38648680353536
"LongBench","ONT dRNA","603-1115","Bambu","CQN","LUAD","HCC827",2.05592447950166
"LongBench","ONT dRNA","1115-2425","Bambu","CQN","SCLC_A","NCI_H146",2.10128957594031
"LongBench","ONT dRNA","191-603","Bambu","CQN","SCLC_A","NCI_H146",2.94147389741711
"LongBench","ONT dRNA","2425-12059","Bambu","CQN","SCLC_A","NCI_H146",4.42762541028296
"LongBench","ONT dRNA","603-1115","Bambu","CQN","SCLC_A","NCI_H146",2.05739693568068
"LongBench","ONT dRNA","1115-2425","Bambu","CQN","LUAD","NCI_H1975",2.08952076123943
"LongBench","ONT dRNA","191-603","Bambu","CQN","LUAD","NCI_H1975",2.93776480702553
"LongBench","ONT dRNA","2425-12059","Bambu","CQN","LUAD","NCI_H1975",4.36576545784955
"LongBench","ONT dRNA","603-1115","Bambu","CQN","LUAD","NCI_H1975",2.05913480354203
"LongBench","ONT dRNA","1115-2425","Bambu","CQN","LUAD","NCI_H2228",2.07346376046097
"LongBench","ONT dRNA","191-603","Bambu","CQN","LUAD","NCI_H2228",2.95332284026142
"LongBench","ONT dRNA","2425-12059","Bambu","CQN","LUAD","NCI_H2228",4.38874624199554
"LongBench","ONT dRNA","603-1115","Bambu","CQN","LUAD","NCI_H2228",2.05801198520402
"LongBench","ONT dRNA","1115-2425","Bambu","CQN","SCLC_A","NCI_H69",2.08222980072009
"LongBench","ONT dRNA","191-603","Bambu","CQN","SCLC_A","NCI_H69",2.99268756732807
"LongBench","ONT dRNA","2425-12059","Bambu","CQN","SCLC_A","NCI_H69",4.50089399259836
"LongBench","ONT dRNA","603-1115","Bambu","CQN","SCLC_A","NCI_H69",2.06280075020954
"LongBench","ONT dRNA","1115-2425","Bambu","CQN","SCLC_A","SHP_77",2.07892090320885
"LongBench","ONT dRNA","191-603","Bambu","CQN","SCLC_A","SHP_77",2.9473733356471
"LongBench","ONT dRNA","2425-12059","Bambu","CQN","SCLC_A","SHP_77",4.50718465988466
"LongBench","ONT dRNA","603-1115","Bambu","CQN","SCLC_A","SHP_77",2.0576851012374
"LongBench","ONT dRNA","1115-2425","Bambu","EDASeq","LUAD","HCC827",2.076443272691
"LongBench","ONT dRNA","191-603","Bambu","EDASeq","LUAD","HCC827",2.97404348375598
"LongBench","ONT dRNA","2425-12059","Bambu","EDASeq","LUAD","HCC827",4.4154780389655
"LongBench","ONT dRNA","603-1115","Bambu","EDASeq","LUAD","HCC827",2.05996943022873
"LongBench","ONT dRNA","1115-2425","Bambu","EDASeq","SCLC_A","NCI_H146",2.07570706933434
"LongBench","ONT dRNA","191-603","Bambu","EDASeq","SCLC_A","NCI_H146",2.95181439364641
"LongBench","ONT dRNA","2425-12059","Bambu","EDASeq","SCLC_A","NCI_H146",4.47488750195007
"LongBench","ONT dRNA","603-1115","Bambu","EDASeq","SCLC_A","NCI_H146",2.06038652985084
"LongBench","ONT dRNA","1115-2425","Bambu","EDASeq","LUAD","NCI_H1975",2.08344363294064
"LongBench","ONT dRNA","191-603","Bambu","EDASeq","LUAD","NCI_H1975",2.95059902542579
"LongBench","ONT dRNA","2425-12059","Bambu","EDASeq","LUAD","NCI_H1975",4.41495224747962
"LongBench","ONT dRNA","603-1115","Bambu","EDASeq","LUAD","NCI_H1975",2.06002951827789
"LongBench","ONT dRNA","1115-2425","Bambu","EDASeq","LUAD","NCI_H2228",2.07033903192978
"LongBench","ONT dRNA","191-603","Bambu","EDASeq","LUAD","NCI_H2228",2.97289414085802
"LongBench","ONT dRNA","2425-12059","Bambu","EDASeq","LUAD","NCI_H2228",4.47039192540571
"LongBench","ONT dRNA","603-1115","Bambu","EDASeq","LUAD","NCI_H2228",2.06276599093222
"LongBench","ONT dRNA","1115-2425","Bambu","EDASeq","SCLC_A","NCI_H69",2.07369205665348
"LongBench","ONT dRNA","191-603","Bambu","EDASeq","SCLC_A","NCI_H69",3.00314180326429
"LongBench","ONT dRNA","2425-12059","Bambu","EDASeq","SCLC_A","NCI_H69",4.50284887605754
"LongBench","ONT dRNA","603-1115","Bambu","EDASeq","SCLC_A","NCI_H69",2.0647888241245
"LongBench","ONT dRNA","1115-2425","Bambu","EDASeq","SCLC_A","SHP_77",2.07077488325843
"LongBench","ONT dRNA","191-603","Bambu","EDASeq","SCLC_A","SHP_77",2.96700662064502
"LongBench","ONT dRNA","2425-12059","Bambu","EDASeq","SCLC_A","SHP_77",4.48222127365033
"LongBench","ONT dRNA","603-1115","Bambu","EDASeq","SCLC_A","SHP_77",2.06261442056934
"LongBench","ONT dRNA","1115-2425","Bambu","SMR","LUAD","HCC827",2.05323078881963
"LongBench","ONT dRNA","191-603","Bambu","SMR","LUAD","HCC827",2.904217463231
"LongBench","ONT dRNA","2425-12059","Bambu","SMR","LUAD","HCC827",4.11473766997136
"LongBench","ONT dRNA","603-1115","Bambu","SMR","LUAD","HCC827",2.05480184011363
"LongBench","ONT dRNA","1115-2425","Bambu","SMR","SCLC_A","NCI_H146",2.05509994734612
"LongBench","ONT dRNA","191-603","Bambu","SMR","SCLC_A","NCI_H146",2.90258774201536
"LongBench","ONT dRNA","2425-12059","Bambu","SMR","SCLC_A","NCI_H146",4.11578562372333
"LongBench","ONT dRNA","603-1115","Bambu","SMR","SCLC_A","NCI_H146",2.05296872668197
"LongBench","ONT dRNA","1115-2425","Bambu","SMR","LUAD","NCI_H1975",2.05465705152714
"LongBench","ONT dRNA","191-603","Bambu","SMR","LUAD","NCI_H1975",2.90096297746189
"LongBench","ONT dRNA","2425-12059","Bambu","SMR","LUAD","NCI_H1975",4.12492475440572
"LongBench","ONT dRNA","603-1115","Bambu","SMR","LUAD","NCI_H1975",2.05372396244184
"LongBench","ONT dRNA","1115-2425","Bambu","SMR","LUAD","NCI_H2228",2.05581142087987
"LongBench","ONT dRNA","191-603","Bambu","SMR","LUAD","NCI_H2228",2.9152186102526
"LongBench","ONT dRNA","2425-12059","Bambu","SMR","LUAD","NCI_H2228",4.11881232784347
"LongBench","ONT dRNA","603-1115","Bambu","SMR","LUAD","NCI_H2228",2.05578834916947
"LongBench","ONT dRNA","1115-2425","Bambu","SMR","SCLC_A","NCI_H69",2.05257635235931
"LongBench","ONT dRNA","191-603","Bambu","SMR","SCLC_A","NCI_H69",2.91595034810112
"LongBench","ONT dRNA","2425-12059","Bambu","SMR","SCLC_A","NCI_H69",4.13781837930404
"LongBench","ONT dRNA","603-1115","Bambu","SMR","SCLC_A","NCI_H69",2.05437938617972
"LongBench","ONT dRNA","1115-2425","Bambu","SMR","SCLC_A","SHP_77",2.05600017712946
"LongBench","ONT dRNA","191-603","Bambu","SMR","SCLC_A","SHP_77",2.90434930728942
"LongBench","ONT dRNA","2425-12059","Bambu","SMR","SCLC_A","SHP_77",4.1295486462089
"LongBench","ONT dRNA","603-1115","Bambu","SMR","SCLC_A","SHP_77",2.05605862123914
"LongBench","ONT dRNA","1115-2425","Bambu","TPM","LUAD","HCC827",2.17237345374234
"LongBench","ONT dRNA","191-603","Bambu","TPM","LUAD","HCC827",3.02790784348122
"LongBench","ONT dRNA","2425-12059","Bambu","TPM","LUAD","HCC827",5.4879051781599
"LongBench","ONT dRNA","603-1115","Bambu","TPM","LUAD","HCC827",2.07754039401392
"LongBench","ONT dRNA","1115-2425","Bambu","TPM","SCLC_A","NCI_H146",2.15644867830984
"LongBench","ONT dRNA","191-603","Bambu","TPM","SCLC_A","NCI_H146",3.00552740213243
"LongBench","ONT dRNA","2425-12059","Bambu","TPM","SCLC_A","NCI_H146",5.43781635637023
"LongBench","ONT dRNA","603-1115","Bambu","TPM","SCLC_A","NCI_H146",2.07924642235755
"LongBench","ONT dRNA","1115-2425","Bambu","TPM","LUAD","NCI_H1975",2.17817346446884
"LongBench","ONT dRNA","191-603","Bambu","TPM","LUAD","NCI_H1975",3.01295604798749
"LongBench","ONT dRNA","2425-12059","Bambu","TPM","LUAD","NCI_H1975",5.51234673714808
"LongBench","ONT dRNA","603-1115","Bambu","TPM","LUAD","NCI_H1975",2.07765509846287
"LongBench","ONT dRNA","1115-2425","Bambu","TPM","LUAD","NCI_H2228",2.16273911894563
"LongBench","ONT dRNA","191-603","Bambu","TPM","LUAD","NCI_H2228",3.018269524863
"LongBench","ONT dRNA","2425-12059","Bambu","TPM","LUAD","NCI_H2228",5.51063874475873
"LongBench","ONT dRNA","603-1115","Bambu","TPM","LUAD","NCI_H2228",2.08320139199929
"LongBench","ONT dRNA","1115-2425","Bambu","TPM","SCLC_A","NCI_H69",2.1699991608344402
"LongBench","ONT dRNA","191-603","Bambu","TPM","SCLC_A","NCI_H69",3.03088855822388
"LongBench","ONT dRNA","2425-12059","Bambu","TPM","SCLC_A","NCI_H69",5.50344915406466
"LongBench","ONT dRNA","603-1115","Bambu","TPM","SCLC_A","NCI_H69",2.07957327224073
"LongBench","ONT dRNA","1115-2425","Bambu","TPM","SCLC_A","SHP_77",2.15429243969522
"LongBench","ONT dRNA","191-603","Bambu","TPM","SCLC_A","SHP_77",3.00957386020327
"LongBench","ONT dRNA","2425-12059","Bambu","TPM","SCLC_A","SHP_77",5.52692206655528
"LongBench","ONT dRNA","603-1115","Bambu","TPM","SCLC_A","SHP_77",2.08218231139975
"LongBench","ONT dRNA","1115-2425","FLAIR","CPM","LUAD","HCC827",0.375261018347615
"LongBench","ONT dRNA","191-603","FLAIR","CPM","LUAD","HCC827",0.881196501494836
"LongBench","ONT dRNA","2425-12059","FLAIR","CPM","LUAD","HCC827",4.00495150544746
"LongBench","ONT dRNA","603-1115","FLAIR","CPM","LUAD","HCC827",0.659854680402445
"LongBench","ONT dRNA","1115-2425","FLAIR","CPM","SCLC_A","NCI_H146",0.376552693825288
"LongBench","ONT dRNA","191-603","FLAIR","CPM","SCLC_A","NCI_H146",0.895693867181154
"LongBench","ONT dRNA","2425-12059","FLAIR","CPM","SCLC_A","NCI_H146",3.9604204538874
"LongBench","ONT dRNA","603-1115","FLAIR","CPM","SCLC_A","NCI_H146",1.15504490244432
"LongBench","ONT dRNA","1115-2425","FLAIR","CPM","LUAD","NCI_H1975",0.482091824279495
"LongBench","ONT dRNA","191-603","FLAIR","CPM","LUAD","NCI_H1975",0.932137285130882
"LongBench","ONT dRNA","2425-12059","FLAIR","CPM","LUAD","NCI_H1975",3.93010875716237
"LongBench","ONT dRNA","603-1115","FLAIR","CPM","LUAD","NCI_H1975",0.788115781712525
"LongBench","ONT dRNA","1115-2425","FLAIR","CPM","LUAD","NCI_H2228",0.383903838723345
"LongBench","ONT dRNA","191-603","FLAIR","CPM","LUAD","NCI_H2228",0.917530024587364
"LongBench","ONT dRNA","2425-12059","FLAIR","CPM","LUAD","NCI_H2228",3.96492261634602
"LongBench","ONT dRNA","603-1115","FLAIR","CPM","LUAD","NCI_H2228",0.779248187671853
"LongBench","ONT dRNA","1115-2425","FLAIR","CPM","SCLC_A","NCI_H69",0.418388381453982
"LongBench","ONT dRNA","191-603","FLAIR","CPM","SCLC_A","NCI_H69",0.854219667079331
"LongBench","ONT dRNA","2425-12059","FLAIR","CPM","SCLC_A","NCI_H69",3.98490819320294
"LongBench","ONT dRNA","603-1115","FLAIR","CPM","SCLC_A","NCI_H69",1.25269729383492
"LongBench","ONT dRNA","1115-2425","FLAIR","CPM","SCLC_A","SHP_77",0.37085075815419
"LongBench","ONT dRNA","191-603","FLAIR","CPM","SCLC_A","SHP_77",0.897802164281789
"LongBench","ONT dRNA","2425-12059","FLAIR","CPM","SCLC_A","SHP_77",3.92621540204507
"LongBench","ONT dRNA","603-1115","FLAIR","CPM","SCLC_A","SHP_77",1.14750465857531
"LongBench","ONT dRNA","1115-2425","FLAIR","CQN","LUAD","HCC827",0.34383665028443
"LongBench","ONT dRNA","191-603","FLAIR","CQN","LUAD","HCC827",0.882282748134762
"LongBench","ONT dRNA","2425-12059","FLAIR","CQN","LUAD","HCC827",3.86566500849233
"LongBench","ONT dRNA","603-1115","FLAIR","CQN","LUAD","HCC827",0.644928719455338
"LongBench","ONT dRNA","1115-2425","FLAIR","CQN","SCLC_A","NCI_H146",0.410720161779051
"LongBench","ONT dRNA","191-603","FLAIR","CQN","SCLC_A","NCI_H146",0.895589227166031
"LongBench","ONT dRNA","2425-12059","FLAIR","CQN","SCLC_A","NCI_H146",3.96603906675347
"LongBench","ONT dRNA","603-1115","FLAIR","CQN","SCLC_A","NCI_H146",1.17931978202955
"LongBench","ONT dRNA","1115-2425","FLAIR","CQN","LUAD","NCI_H1975",0.407864056654314
"LongBench","ONT dRNA","191-603","FLAIR","CQN","LUAD","NCI_H1975",0.826853601411498
"LongBench","ONT dRNA","2425-12059","FLAIR","CQN","LUAD","NCI_H1975",3.81256072096007
"LongBench","ONT dRNA","603-1115","FLAIR","CQN","LUAD","NCI_H1975",0.747007979185412
"LongBench","ONT dRNA","1115-2425","FLAIR","CQN","LUAD","NCI_H2228",0.327142861811886
"LongBench","ONT dRNA","191-603","FLAIR","CQN","LUAD","NCI_H2228",0.821278151626198
"LongBench","ONT dRNA","2425-12059","FLAIR","CQN","LUAD","NCI_H2228",3.80268795470472
"LongBench","ONT dRNA","603-1115","FLAIR","CQN","LUAD","NCI_H2228",0.678437808738741
"LongBench","ONT dRNA","1115-2425","FLAIR","CQN","SCLC_A","NCI_H69",0.403715442998578
"LongBench","ONT dRNA","191-603","FLAIR","CQN","SCLC_A","NCI_H69",0.946564635114555
"LongBench","ONT dRNA","2425-12059","FLAIR","CQN","SCLC_A","NCI_H69",3.97106204590035
"LongBench","ONT dRNA","603-1115","FLAIR","CQN","SCLC_A","NCI_H69",1.36708788374558
"LongBench","ONT dRNA","1115-2425","FLAIR","CQN","SCLC_A","SHP_77",0.333445376155245
"LongBench","ONT dRNA","191-603","FLAIR","CQN","SCLC_A","SHP_77",0.882949296915252
"LongBench","ONT dRNA","2425-12059","FLAIR","CQN","SCLC_A","SHP_77",3.92539617083035
"LongBench","ONT dRNA","603-1115","FLAIR","CQN","SCLC_A","SHP_77",1.27215031650615
"LongBench","ONT dRNA","1115-2425","FLAIR","EDASeq","LUAD","HCC827",0.37527690230775
"LongBench","ONT dRNA","191-603","FLAIR","EDASeq","LUAD","HCC827",0.877249431022221
"LongBench","ONT dRNA","2425-12059","FLAIR","EDASeq","LUAD","HCC827",4.00774553162174
"LongBench","ONT dRNA","603-1115","FLAIR","EDASeq","LUAD","HCC827",0.659042974412859
"LongBench","ONT dRNA","1115-2425","FLAIR","EDASeq","SCLC_A","NCI_H146",0.393773408541091
"LongBench","ONT dRNA","191-603","FLAIR","EDASeq","SCLC_A","NCI_H146",0.893619901242145
"LongBench","ONT dRNA","2425-12059","FLAIR","EDASeq","SCLC_A","NCI_H146",4.01779601494295
"LongBench","ONT dRNA","603-1115","FLAIR","EDASeq","SCLC_A","NCI_H146",1.15389552267797
"LongBench","ONT dRNA","1115-2425","FLAIR","EDASeq","LUAD","NCI_H1975",0.487826019052273
"LongBench","ONT dRNA","191-603","FLAIR","EDASeq","LUAD","NCI_H1975",0.906274817599087
"LongBench","ONT dRNA","2425-12059","FLAIR","EDASeq","LUAD","NCI_H1975",3.93261168146293
"LongBench","ONT dRNA","603-1115","FLAIR","EDASeq","LUAD","NCI_H1975",0.788378250286515
"LongBench","ONT dRNA","1115-2425","FLAIR","EDASeq","LUAD","NCI_H2228",0.396240171281176
"LongBench","ONT dRNA","191-603","FLAIR","EDASeq","LUAD","NCI_H2228",0.89939210848436
"LongBench","ONT dRNA","2425-12059","FLAIR","EDASeq","LUAD","NCI_H2228",3.98616113016225
"LongBench","ONT dRNA","603-1115","FLAIR","EDASeq","LUAD","NCI_H2228",0.780996234088062
"LongBench","ONT dRNA","1115-2425","FLAIR","EDASeq","SCLC_A","NCI_H69",0.415284276015452
"LongBench","ONT dRNA","191-603","FLAIR","EDASeq","SCLC_A","NCI_H69",0.88549726963081
"LongBench","ONT dRNA","2425-12059","FLAIR","EDASeq","SCLC_A","NCI_H69",3.97393143489138
"LongBench","ONT dRNA","603-1115","FLAIR","EDASeq","SCLC_A","NCI_H69",1.24765954824072
"LongBench","ONT dRNA","1115-2425","FLAIR","EDASeq","SCLC_A","SHP_77",0.381416423311563
"LongBench","ONT dRNA","191-603","FLAIR","EDASeq","SCLC_A","SHP_77",0.881619823321827
"LongBench","ONT dRNA","2425-12059","FLAIR","EDASeq","SCLC_A","SHP_77",3.92364504332668
"LongBench","ONT dRNA","603-1115","FLAIR","EDASeq","SCLC_A","SHP_77",1.15101802533771
"LongBench","ONT dRNA","1115-2425","FLAIR","SMR","LUAD","HCC827",0.122073358597736
"LongBench","ONT dRNA","191-603","FLAIR","SMR","LUAD","HCC827",0.175015680880393
"LongBench","ONT dRNA","2425-12059","FLAIR","SMR","LUAD","HCC827",3.59161732830503
"LongBench","ONT dRNA","603-1115","FLAIR","SMR","LUAD","HCC827",0.247825608641921
"LongBench","ONT dRNA","1115-2425","FLAIR","SMR","SCLC_A","NCI_H146",0.147785217369523
"LongBench","ONT dRNA","191-603","FLAIR","SMR","SCLC_A","NCI_H146",0.18310707181582
"LongBench","ONT dRNA","2425-12059","FLAIR","SMR","SCLC_A","NCI_H146",3.5759246055999
"LongBench","ONT dRNA","603-1115","FLAIR","SMR","SCLC_A","NCI_H146",0.586609990399073
"LongBench","ONT dRNA","1115-2425","FLAIR","SMR","LUAD","NCI_H1975",0.180563815863374
"LongBench","ONT dRNA","191-603","FLAIR","SMR","LUAD","NCI_H1975",0.234681545772483
"LongBench","ONT dRNA","2425-12059","FLAIR","SMR","LUAD","NCI_H1975",3.57220425204401
"LongBench","ONT dRNA","603-1115","FLAIR","SMR","LUAD","NCI_H1975",0.269714388481748
"LongBench","ONT dRNA","1115-2425","FLAIR","SMR","LUAD","NCI_H2228",0.128633021015553
"LongBench","ONT dRNA","191-603","FLAIR","SMR","LUAD","NCI_H2228",0.193248023014127
"LongBench","ONT dRNA","2425-12059","FLAIR","SMR","LUAD","NCI_H2228",3.58282726693199
"LongBench","ONT dRNA","603-1115","FLAIR","SMR","LUAD","NCI_H2228",0.265299966238643
"LongBench","ONT dRNA","1115-2425","FLAIR","SMR","SCLC_A","NCI_H69",0.109078232559623
"LongBench","ONT dRNA","191-603","FLAIR","SMR","SCLC_A","NCI_H69",0.150725544040264
"LongBench","ONT dRNA","2425-12059","FLAIR","SMR","SCLC_A","NCI_H69",3.58241255349131
"LongBench","ONT dRNA","603-1115","FLAIR","SMR","SCLC_A","NCI_H69",0.679112347180097
"LongBench","ONT dRNA","1115-2425","FLAIR","SMR","SCLC_A","SHP_77",0.130812240608884
"LongBench","ONT dRNA","191-603","FLAIR","SMR","SCLC_A","SHP_77",0.161317564544342
"LongBench","ONT dRNA","2425-12059","FLAIR","SMR","SCLC_A","SHP_77",3.56900338756116
"LongBench","ONT dRNA","603-1115","FLAIR","SMR","SCLC_A","SHP_77",0.60258276308511
"LongBench","ONT dRNA","1115-2425","FLAIR","TPM","LUAD","HCC827",1.00536255197142
"LongBench","ONT dRNA","191-603","FLAIR","TPM","LUAD","HCC827",0.915562989069591
"LongBench","ONT dRNA","2425-12059","FLAIR","TPM","LUAD","HCC827",4.95766117541551
"LongBench","ONT dRNA","603-1115","FLAIR","TPM","LUAD","HCC827",0.69827385099089
"LongBench","ONT dRNA","1115-2425","FLAIR","TPM","SCLC_A","NCI_H146",1.00045648552437
"LongBench","ONT dRNA","191-603","FLAIR","TPM","SCLC_A","NCI_H146",0.94224476886453
"LongBench","ONT dRNA","2425-12059","FLAIR","TPM","SCLC_A","NCI_H146",4.86276842478305
"LongBench","ONT dRNA","603-1115","FLAIR","TPM","SCLC_A","NCI_H146",1.23058157751713
"LongBench","ONT dRNA","1115-2425","FLAIR","TPM","LUAD","NCI_H1975",1.0877360985711
"LongBench","ONT dRNA","191-603","FLAIR","TPM","LUAD","NCI_H1975",0.929932940046579
"LongBench","ONT dRNA","2425-12059","FLAIR","TPM","LUAD","NCI_H1975",4.86365934433751
"LongBench","ONT dRNA","603-1115","FLAIR","TPM","LUAD","NCI_H1975",0.819638424083361
"LongBench","ONT dRNA","1115-2425","FLAIR","TPM","LUAD","NCI_H2228",1.00659594534547
"LongBench","ONT dRNA","191-603","FLAIR","TPM","LUAD","NCI_H2228",0.922585354239574
"LongBench","ONT dRNA","2425-12059","FLAIR","TPM","LUAD","NCI_H2228",4.88886203963072
"LongBench","ONT dRNA","603-1115","FLAIR","TPM","LUAD","NCI_H2228",0.813479212475992
"LongBench","ONT dRNA","1115-2425","FLAIR","TPM","SCLC_A","NCI_H69",1.07113836851372
"LongBench","ONT dRNA","191-603","FLAIR","TPM","SCLC_A","NCI_H69",0.923017941679928
"LongBench","ONT dRNA","2425-12059","FLAIR","TPM","SCLC_A","NCI_H69",4.89525154188714
"LongBench","ONT dRNA","603-1115","FLAIR","TPM","SCLC_A","NCI_H69",1.32519021984226
"LongBench","ONT dRNA","1115-2425","FLAIR","TPM","SCLC_A","SHP_77",0.979269326301474
"LongBench","ONT dRNA","191-603","FLAIR","TPM","SCLC_A","SHP_77",0.927203880990405
"LongBench","ONT dRNA","2425-12059","FLAIR","TPM","SCLC_A","SHP_77",4.80131934207429
"LongBench","ONT dRNA","603-1115","FLAIR","TPM","SCLC_A","SHP_77",1.22223763247985
"LongBench","ONT dRNA","1115-2425","IsoQuant","CPM","LUAD","HCC827",2.07023541195959
"LongBench","ONT dRNA","191-603","IsoQuant","CPM","LUAD","HCC827",2.93563583193321
"LongBench","ONT dRNA","2425-12059","IsoQuant","CPM","LUAD","HCC827",8.19380493434874
"LongBench","ONT dRNA","603-1115","IsoQuant","CPM","LUAD","HCC827",0.963907365969261
"LongBench","ONT dRNA","1115-2425","IsoQuant","CPM","SCLC_A","NCI_H146",2.07179116184609
"LongBench","ONT dRNA","191-603","IsoQuant","CPM","SCLC_A","NCI_H146",2.08426792432791
"LongBench","ONT dRNA","2425-12059","IsoQuant","CPM","SCLC_A","NCI_H146",8.19372166819164
"LongBench","ONT dRNA","603-1115","IsoQuant","CPM","SCLC_A","NCI_H146",0.916583745874115
"LongBench","ONT dRNA","1115-2425","IsoQuant","CPM","LUAD","NCI_H1975",2.08225117637129
"LongBench","ONT dRNA","191-603","IsoQuant","CPM","LUAD","NCI_H1975",2.93296719702785
"LongBench","ONT dRNA","2425-12059","IsoQuant","CPM","LUAD","NCI_H1975",8.19405584461432
"LongBench","ONT dRNA","603-1115","IsoQuant","CPM","LUAD","NCI_H1975",0.925448653454516
"LongBench","ONT dRNA","1115-2425","IsoQuant","CPM","LUAD","NCI_H2228",2.06984178932292
"LongBench","ONT dRNA","191-603","IsoQuant","CPM","LUAD","NCI_H2228",2.93804955916145
"LongBench","ONT dRNA","2425-12059","IsoQuant","CPM","LUAD","NCI_H2228",8.19379633523023
"LongBench","ONT dRNA","603-1115","IsoQuant","CPM","LUAD","NCI_H2228",0.859908587942834
"LongBench","ONT dRNA","1115-2425","IsoQuant","CPM","SCLC_A","NCI_H69",2.07149699588099
"LongBench","ONT dRNA","191-603","IsoQuant","CPM","SCLC_A","NCI_H69",2.08865368168951
"LongBench","ONT dRNA","2425-12059","IsoQuant","CPM","SCLC_A","NCI_H69",8.19411628631249
"LongBench","ONT dRNA","603-1115","IsoQuant","CPM","SCLC_A","NCI_H69",0.772219630691331
"LongBench","ONT dRNA","1115-2425","IsoQuant","CPM","SCLC_A","SHP_77",2.06612117165278
"LongBench","ONT dRNA","191-603","IsoQuant","CPM","SCLC_A","SHP_77",2.08002322589177
"LongBench","ONT dRNA","2425-12059","IsoQuant","CPM","SCLC_A","SHP_77",8.19373174636761
"LongBench","ONT dRNA","603-1115","IsoQuant","CPM","SCLC_A","SHP_77",0.815927904280176
"LongBench","ONT dRNA","1115-2425","IsoQuant","CQN","LUAD","HCC827",2.0851542080187
"LongBench","ONT dRNA","191-603","IsoQuant","CQN","LUAD","HCC827",2.47583137209904
"LongBench","ONT dRNA","2425-12059","IsoQuant","CQN","LUAD","HCC827",8.19818791693263
"LongBench","ONT dRNA","603-1115","IsoQuant","CQN","LUAD","HCC827",0.884210590097202
"LongBench","ONT dRNA","1115-2425","IsoQuant","CQN","SCLC_A","NCI_H146",2.08740151715586
"LongBench","ONT dRNA","191-603","IsoQuant","CQN","SCLC_A","NCI_H146",2.09080747129619
"LongBench","ONT dRNA","2425-12059","IsoQuant","CQN","SCLC_A","NCI_H146",8.196094622805
"LongBench","ONT dRNA","603-1115","IsoQuant","CQN","SCLC_A","NCI_H146",0.859021288404792
"LongBench","ONT dRNA","1115-2425","IsoQuant","CQN","LUAD","NCI_H1975",2.08297208075161
"LongBench","ONT dRNA","191-603","IsoQuant","CQN","LUAD","NCI_H1975",2.44454546628596
"LongBench","ONT dRNA","2425-12059","IsoQuant","CQN","LUAD","NCI_H1975",8.19614290888036
"LongBench","ONT dRNA","603-1115","IsoQuant","CQN","LUAD","NCI_H1975",0.829925017601067
"LongBench","ONT dRNA","1115-2425","IsoQuant","CQN","LUAD","NCI_H2228",2.06452638998397
"LongBench","ONT dRNA","191-603","IsoQuant","CQN","LUAD","NCI_H2228",2.56799196127023
"LongBench","ONT dRNA","2425-12059","IsoQuant","CQN","LUAD","NCI_H2228",8.1941381051982
"LongBench","ONT dRNA","603-1115","IsoQuant","CQN","LUAD","NCI_H2228",0.754133973750381
"LongBench","ONT dRNA","1115-2425","IsoQuant","CQN","SCLC_A","NCI_H69",2.08075598871905
"LongBench","ONT dRNA","191-603","IsoQuant","CQN","SCLC_A","NCI_H69",2.07002479600362
"LongBench","ONT dRNA","2425-12059","IsoQuant","CQN","SCLC_A","NCI_H69",8.19642345984437
"LongBench","ONT dRNA","603-1115","IsoQuant","CQN","SCLC_A","NCI_H69",0.760260472208699
"LongBench","ONT dRNA","1115-2425","IsoQuant","CQN","SCLC_A","SHP_77",2.07195467764326
"LongBench","ONT dRNA","191-603","IsoQuant","CQN","SCLC_A","SHP_77",2.07826372732886
"LongBench","ONT dRNA","2425-12059","IsoQuant","CQN","SCLC_A","SHP_77",8.19516347045647
"LongBench","ONT dRNA","603-1115","IsoQuant","CQN","SCLC_A","SHP_77",0.861858660927022
"LongBench","ONT dRNA","1115-2425","IsoQuant","EDASeq","LUAD","HCC827",2.0802553159654402
"LongBench","ONT dRNA","191-603","IsoQuant","EDASeq","LUAD","HCC827",2.91889572903427
"LongBench","ONT dRNA","2425-12059","IsoQuant","EDASeq","LUAD","HCC827",8.19700295718657
"LongBench","ONT dRNA","603-1115","IsoQuant","EDASeq","LUAD","HCC827",0.947433293244939
"LongBench","ONT dRNA","1115-2425","IsoQuant","EDASeq","SCLC_A","NCI_H146",2.07323736637609
"LongBench","ONT dRNA","191-603","IsoQuant","EDASeq","SCLC_A","NCI_H146",2.06832467103754
"LongBench","ONT dRNA","2425-12059","IsoQuant","EDASeq","SCLC_A","NCI_H146",8.19560086017034
"LongBench","ONT dRNA","603-1115","IsoQuant","EDASeq","SCLC_A","NCI_H146",0.906939499065568
"LongBench","ONT dRNA","1115-2425","IsoQuant","EDASeq","LUAD","NCI_H1975",2.08036478076114
"LongBench","ONT dRNA","191-603","IsoQuant","EDASeq","LUAD","NCI_H1975",2.92030058571452
"LongBench","ONT dRNA","2425-12059","IsoQuant","EDASeq","LUAD","NCI_H1975",8.19599470161624
"LongBench","ONT dRNA","603-1115","IsoQuant","EDASeq","LUAD","NCI_H1975",0.914173340162788
"LongBench","ONT dRNA","1115-2425","IsoQuant","EDASeq","LUAD","NCI_H2228",2.06720895700783
"LongBench","ONT dRNA","191-603","IsoQuant","EDASeq","LUAD","NCI_H2228",2.94664453578364
"LongBench","ONT dRNA","2425-12059","IsoQuant","EDASeq","LUAD","NCI_H2228",8.19417179033729
"LongBench","ONT dRNA","603-1115","IsoQuant","EDASeq","LUAD","NCI_H2228",0.852159016719959
"LongBench","ONT dRNA","1115-2425","IsoQuant","EDASeq","SCLC_A","NCI_H69",2.07096249771216
"LongBench","ONT dRNA","191-603","IsoQuant","EDASeq","SCLC_A","NCI_H69",2.06679660471349
"LongBench","ONT dRNA","2425-12059","IsoQuant","EDASeq","SCLC_A","NCI_H69",8.19596440093179
"LongBench","ONT dRNA","603-1115","IsoQuant","EDASeq","SCLC_A","NCI_H69",0.761516413342725
"LongBench","ONT dRNA","1115-2425","IsoQuant","EDASeq","SCLC_A","SHP_77",2.06670095405536
"LongBench","ONT dRNA","191-603","IsoQuant","EDASeq","SCLC_A","SHP_77",2.0690691287091
"LongBench","ONT dRNA","2425-12059","IsoQuant","EDASeq","SCLC_A","SHP_77",8.19510010842028
"LongBench","ONT dRNA","603-1115","IsoQuant","EDASeq","SCLC_A","SHP_77",0.80844396713089
"LongBench","ONT dRNA","1115-2425","IsoQuant","SMR","LUAD","HCC827",2.06438062517953
"LongBench","ONT dRNA","191-603","IsoQuant","SMR","LUAD","HCC827",2.91314192583432
"LongBench","ONT dRNA","2425-12059","IsoQuant","SMR","LUAD","HCC827",8.19264319528573
"LongBench","ONT dRNA","603-1115","IsoQuant","SMR","LUAD","HCC827",0.335380590664242
"LongBench","ONT dRNA","1115-2425","IsoQuant","SMR","SCLC_A","NCI_H146",2.0635198760888
"LongBench","ONT dRNA","191-603","IsoQuant","SMR","SCLC_A","NCI_H146",2.06955780694363
"LongBench","ONT dRNA","2425-12059","IsoQuant","SMR","SCLC_A","NCI_H146",8.19319590375276
"LongBench","ONT dRNA","603-1115","IsoQuant","SMR","SCLC_A","NCI_H146",0.263307922972749
"LongBench","ONT dRNA","1115-2425","IsoQuant","SMR","LUAD","NCI_H1975",2.06208455907208
"LongBench","ONT dRNA","191-603","IsoQuant","SMR","LUAD","NCI_H1975",2.91253517144023
"LongBench","ONT dRNA","2425-12059","IsoQuant","SMR","LUAD","NCI_H1975",8.19262614192059
"LongBench","ONT dRNA","603-1115","IsoQuant","SMR","LUAD","NCI_H1975",0.320635216548248
"LongBench","ONT dRNA","1115-2425","IsoQuant","SMR","LUAD","NCI_H2228",2.0636998823561
"LongBench","ONT dRNA","191-603","IsoQuant","SMR","LUAD","NCI_H2228",2.91417167521312
"LongBench","ONT dRNA","2425-12059","IsoQuant","SMR","LUAD","NCI_H2228",8.19269307739559
"LongBench","ONT dRNA","603-1115","IsoQuant","SMR","LUAD","NCI_H2228",0.276649652189364
"LongBench","ONT dRNA","1115-2425","IsoQuant","SMR","SCLC_A","NCI_H69",2.05705236227165
"LongBench","ONT dRNA","191-603","IsoQuant","SMR","SCLC_A","NCI_H69",2.07302169809008
"LongBench","ONT dRNA","2425-12059","IsoQuant","SMR","SCLC_A","NCI_H69",8.19250965168713
"LongBench","ONT dRNA","603-1115","IsoQuant","SMR","SCLC_A","NCI_H69",0.235551294933314
"LongBench","ONT dRNA","1115-2425","IsoQuant","SMR","SCLC_A","SHP_77",2.06513799199575
"LongBench","ONT dRNA","191-603","IsoQuant","SMR","SCLC_A","SHP_77",2.06666317423323
"LongBench","ONT dRNA","2425-12059","IsoQuant","SMR","SCLC_A","SHP_77",8.19295631556833
"LongBench","ONT dRNA","603-1115","IsoQuant","SMR","SCLC_A","SHP_77",0.221826774162114
"LongBench","ONT dRNA","1115-2425","IsoQuant","TPM","LUAD","HCC827",2.30193763829083
"LongBench","ONT dRNA","191-603","IsoQuant","TPM","LUAD","HCC827",3.04191458217759
"LongBench","ONT dRNA","2425-12059","IsoQuant","TPM","LUAD","HCC827",8.214676430822
"LongBench","ONT dRNA","603-1115","IsoQuant","TPM","LUAD","HCC827",1.00829413241877
"LongBench","ONT dRNA","1115-2425","IsoQuant","TPM","SCLC_A","NCI_H146",2.29733112813386
"LongBench","ONT dRNA","191-603","IsoQuant","TPM","SCLC_A","NCI_H146",2.2324746244097
"LongBench","ONT dRNA","2425-12059","IsoQuant","TPM","SCLC_A","NCI_H146",8.21133054119321
"LongBench","ONT dRNA","603-1115","IsoQuant","TPM","SCLC_A","NCI_H146",0.970983895127995
"LongBench","ONT dRNA","1115-2425","IsoQuant","TPM","LUAD","NCI_H1975",2.328324609633
"LongBench","ONT dRNA","191-603","IsoQuant","TPM","LUAD","NCI_H1975",3.03642340586846
"LongBench","ONT dRNA","2425-12059","IsoQuant","TPM","LUAD","NCI_H1975",8.21533298144393
"LongBench","ONT dRNA","603-1115","IsoQuant","TPM","LUAD","NCI_H1975",0.962291590576107
"LongBench","ONT dRNA","1115-2425","IsoQuant","TPM","LUAD","NCI_H2228",2.30266042691584
"LongBench","ONT dRNA","191-603","IsoQuant","TPM","LUAD","NCI_H2228",3.04307050960252
"LongBench","ONT dRNA","2425-12059","IsoQuant","TPM","LUAD","NCI_H2228",8.21420667218986
"LongBench","ONT dRNA","603-1115","IsoQuant","TPM","LUAD","NCI_H2228",0.902147762954974
"LongBench","ONT dRNA","1115-2425","IsoQuant","TPM","SCLC_A","NCI_H69",2.3269025129505
"LongBench","ONT dRNA","191-603","IsoQuant","TPM","SCLC_A","NCI_H69",2.23613168620626
"LongBench","ONT dRNA","2425-12059","IsoQuant","TPM","SCLC_A","NCI_H69",8.21540454789792
"LongBench","ONT dRNA","603-1115","IsoQuant","TPM","SCLC_A","NCI_H69",0.809088721436879
"LongBench","ONT dRNA","1115-2425","IsoQuant","TPM","SCLC_A","SHP_77",2.27695113959206
"LongBench","ONT dRNA","191-603","IsoQuant","TPM","SCLC_A","SHP_77",2.22631796618025
"LongBench","ONT dRNA","2425-12059","IsoQuant","TPM","SCLC_A","SHP_77",8.21149080508213
"LongBench","ONT dRNA","603-1115","IsoQuant","TPM","SCLC_A","SHP_77",0.862299043178959
"LongBench","ONT dRNA","1115-2425","Kallisto","CPM","LUAD","HCC827",2.08636962374754
"LongBench","ONT dRNA","191-603","Kallisto","CPM","LUAD","HCC827",4.21036186397629
"LongBench","ONT dRNA","2425-12059","Kallisto","CPM","LUAD","HCC827",2.79125589571759
"LongBench","ONT dRNA","603-1115","Kallisto","CPM","LUAD","HCC827",0.5831928404809
"LongBench","ONT dRNA","1115-2425","Kallisto","CPM","SCLC_A","NCI_H146",2.08501872921821
"LongBench","ONT dRNA","191-603","Kallisto","CPM","SCLC_A","NCI_H146",4.2028469618453
"LongBench","ONT dRNA","2425-12059","Kallisto","CPM","SCLC_A","NCI_H146",2.7250416446185
"LongBench","ONT dRNA","603-1115","Kallisto","CPM","SCLC_A","NCI_H146",0.594638460515534
"LongBench","ONT dRNA","1115-2425","Kallisto","CPM","LUAD","NCI_H1975",2.09221376582906
"LongBench","ONT dRNA","191-603","Kallisto","CPM","LUAD","NCI_H1975",4.21688938610743
"LongBench","ONT dRNA","2425-12059","Kallisto","CPM","LUAD","NCI_H1975",2.74743809459823
"LongBench","ONT dRNA","603-1115","Kallisto","CPM","LUAD","NCI_H1975",0.566105062329088
"LongBench","ONT dRNA","1115-2425","Kallisto","CPM","LUAD","NCI_H2228",2.0913465019794
"LongBench","ONT dRNA","191-603","Kallisto","CPM","LUAD","NCI_H2228",4.22301871556331
"LongBench","ONT dRNA","2425-12059","Kallisto","CPM","LUAD","NCI_H2228",2.76595196100091
"LongBench","ONT dRNA","603-1115","Kallisto","CPM","LUAD","NCI_H2228",0.615932583463911
"LongBench","ONT dRNA","1115-2425","Kallisto","CPM","SCLC_A","NCI_H69",2.08720398602394
"LongBench","ONT dRNA","191-603","Kallisto","CPM","SCLC_A","NCI_H69",4.25800548511356
"LongBench","ONT dRNA","2425-12059","Kallisto","CPM","SCLC_A","NCI_H69",2.81196334178158
"LongBench","ONT dRNA","603-1115","Kallisto","CPM","SCLC_A","NCI_H69",0.589757605502298
"LongBench","ONT dRNA","1115-2425","Kallisto","CPM","SCLC_A","SHP_77",2.08794543707519
"LongBench","ONT dRNA","191-603","Kallisto","CPM","SCLC_A","SHP_77",4.21682661006156
"LongBench","ONT dRNA","2425-12059","Kallisto","CPM","SCLC_A","SHP_77",2.70014176387722
"LongBench","ONT dRNA","603-1115","Kallisto","CPM","SCLC_A","SHP_77",0.611971490711616
"LongBench","ONT dRNA","1115-2425","Kallisto","CQN","LUAD","HCC827",2.08877208252453
"LongBench","ONT dRNA","191-603","Kallisto","CQN","LUAD","HCC827",4.19793740166232
"LongBench","ONT dRNA","2425-12059","Kallisto","CQN","LUAD","HCC827",2.59987801306736
"LongBench","ONT dRNA","603-1115","Kallisto","CQN","LUAD","HCC827",0.644484365575031
"LongBench","ONT dRNA","1115-2425","Kallisto","CQN","SCLC_A","NCI_H146",2.095852605764
"LongBench","ONT dRNA","191-603","Kallisto","CQN","SCLC_A","NCI_H146",4.17037930515156
"LongBench","ONT dRNA","2425-12059","Kallisto","CQN","SCLC_A","NCI_H146",2.50636940403348
"LongBench","ONT dRNA","603-1115","Kallisto","CQN","SCLC_A","NCI_H146",0.705497967189576
"LongBench","ONT dRNA","1115-2425","Kallisto","CQN","LUAD","NCI_H1975",2.09428681743168
"LongBench","ONT dRNA","191-603","Kallisto","CQN","LUAD","NCI_H1975",4.19128342580436
"LongBench","ONT dRNA","2425-12059","Kallisto","CQN","LUAD","NCI_H1975",2.53847549290413
"LongBench","ONT dRNA","603-1115","Kallisto","CQN","LUAD","NCI_H1975",0.632914604376459
"LongBench","ONT dRNA","1115-2425","Kallisto","CQN","LUAD","NCI_H2228",2.08727547113848
"LongBench","ONT dRNA","191-603","Kallisto","CQN","LUAD","NCI_H2228",4.19042497881627
"LongBench","ONT dRNA","2425-12059","Kallisto","CQN","LUAD","NCI_H2228",2.51618136239783
"LongBench","ONT dRNA","603-1115","Kallisto","CQN","LUAD","NCI_H2228",0.611464088237867
"LongBench","ONT dRNA","1115-2425","Kallisto","CQN","SCLC_A","NCI_H69",2.09112408799936
"LongBench","ONT dRNA","191-603","Kallisto","CQN","SCLC_A","NCI_H69",4.23364701808001
"LongBench","ONT dRNA","2425-12059","Kallisto","CQN","SCLC_A","NCI_H69",2.6530366043978
"LongBench","ONT dRNA","603-1115","Kallisto","CQN","SCLC_A","NCI_H69",0.648142329890206
"LongBench","ONT dRNA","1115-2425","Kallisto","CQN","SCLC_A","SHP_77",2.08908126648695
"LongBench","ONT dRNA","191-603","Kallisto","CQN","SCLC_A","SHP_77",4.20250378335119
"LongBench","ONT dRNA","2425-12059","Kallisto","CQN","SCLC_A","SHP_77",2.57070264976485
"LongBench","ONT dRNA","603-1115","Kallisto","CQN","SCLC_A","SHP_77",0.683285384307269
"LongBench","ONT dRNA","1115-2425","Kallisto","EDASeq","LUAD","HCC827",2.08951071671935
"LongBench","ONT dRNA","191-603","Kallisto","EDASeq","LUAD","HCC827",4.2174003879468
"LongBench","ONT dRNA","2425-12059","Kallisto","EDASeq","LUAD","HCC827",2.66405066006117
"LongBench","ONT dRNA","603-1115","Kallisto","EDASeq","LUAD","HCC827",0.589575725963868
"LongBench","ONT dRNA","1115-2425","Kallisto","EDASeq","SCLC_A","NCI_H146",2.08712272566392
"LongBench","ONT dRNA","191-603","Kallisto","EDASeq","SCLC_A","NCI_H146",4.19562660185458
"LongBench","ONT dRNA","2425-12059","Kallisto","EDASeq","SCLC_A","NCI_H146",2.68060024003569
"LongBench","ONT dRNA","603-1115","Kallisto","EDASeq","SCLC_A","NCI_H146",0.599085282509904
"LongBench","ONT dRNA","1115-2425","Kallisto","EDASeq","LUAD","NCI_H1975",2.09347860388195
"LongBench","ONT dRNA","191-603","Kallisto","EDASeq","LUAD","NCI_H1975",4.20747513161206
"LongBench","ONT dRNA","2425-12059","Kallisto","EDASeq","LUAD","NCI_H1975",2.61843998649276
"LongBench","ONT dRNA","603-1115","Kallisto","EDASeq","LUAD","NCI_H1975",0.58007724965744
"LongBench","ONT dRNA","1115-2425","Kallisto","EDASeq","LUAD","NCI_H2228",2.09070316637155
"LongBench","ONT dRNA","191-603","Kallisto","EDASeq","LUAD","NCI_H2228",4.20808157048377
"LongBench","ONT dRNA","2425-12059","Kallisto","EDASeq","LUAD","NCI_H2228",2.69704986926563
"LongBench","ONT dRNA","603-1115","Kallisto","EDASeq","LUAD","NCI_H2228",0.617998567885905
"LongBench","ONT dRNA","1115-2425","Kallisto","EDASeq","SCLC_A","NCI_H69",2.08899801368737
"LongBench","ONT dRNA","191-603","Kallisto","EDASeq","SCLC_A","NCI_H69",4.25548086422598
"LongBench","ONT dRNA","2425-12059","Kallisto","EDASeq","SCLC_A","NCI_H69",2.74368003364572
"LongBench","ONT dRNA","603-1115","Kallisto","EDASeq","SCLC_A","NCI_H69",0.594225865925962
"LongBench","ONT dRNA","1115-2425","Kallisto","EDASeq","SCLC_A","SHP_77",2.08798927916107
"LongBench","ONT dRNA","191-603","Kallisto","EDASeq","SCLC_A","SHP_77",4.21253698789966
"LongBench","ONT dRNA","2425-12059","Kallisto","EDASeq","SCLC_A","SHP_77",2.60427939510259
"LongBench","ONT dRNA","603-1115","Kallisto","EDASeq","SCLC_A","SHP_77",0.615547289995783
"LongBench","ONT dRNA","1115-2425","Kallisto","SMR","LUAD","HCC827",2.05173017113826
"LongBench","ONT dRNA","191-603","Kallisto","SMR","LUAD","HCC827",4.10026019532303
"LongBench","ONT dRNA","2425-12059","Kallisto","SMR","LUAD","HCC827",2.08411816864299
"LongBench","ONT dRNA","603-1115","Kallisto","SMR","LUAD","HCC827",0.150109090443477
"LongBench","ONT dRNA","1115-2425","Kallisto","SMR","SCLC_A","NCI_H146",2.05300359437162
"LongBench","ONT dRNA","191-603","Kallisto","SMR","SCLC_A","NCI_H146",4.0987130036247
"LongBench","ONT dRNA","2425-12059","Kallisto","SMR","SCLC_A","NCI_H146",2.07316306300016
"LongBench","ONT dRNA","603-1115","Kallisto","SMR","SCLC_A","NCI_H146",0.114485390877202
"LongBench","ONT dRNA","1115-2425","Kallisto","SMR","LUAD","NCI_H1975",2.0546218954274
"LongBench","ONT dRNA","191-603","Kallisto","SMR","LUAD","NCI_H1975",4.10372076969996
"LongBench","ONT dRNA","2425-12059","Kallisto","SMR","LUAD","NCI_H1975",2.08073085378714
"LongBench","ONT dRNA","603-1115","Kallisto","SMR","LUAD","NCI_H1975",0.121158033511775
"LongBench","ONT dRNA","1115-2425","Kallisto","SMR","LUAD","NCI_H2228",2.05270572655291
"LongBench","ONT dRNA","191-603","Kallisto","SMR","LUAD","NCI_H2228",4.10301267442609
"LongBench","ONT dRNA","2425-12059","Kallisto","SMR","LUAD","NCI_H2228",2.08115607518198
"LongBench","ONT dRNA","603-1115","Kallisto","SMR","LUAD","NCI_H2228",0.13719826299246
"LongBench","ONT dRNA","1115-2425","Kallisto","SMR","SCLC_A","NCI_H69",2.0527334164784
"LongBench","ONT dRNA","191-603","Kallisto","SMR","SCLC_A","NCI_H69",4.11488388224434
"LongBench","ONT dRNA","2425-12059","Kallisto","SMR","SCLC_A","NCI_H69",2.09297386856783
"LongBench","ONT dRNA","603-1115","Kallisto","SMR","SCLC_A","NCI_H69",0.135505412510694
"LongBench","ONT dRNA","1115-2425","Kallisto","SMR","SCLC_A","SHP_77",2.05154953697752
"LongBench","ONT dRNA","191-603","Kallisto","SMR","SCLC_A","SHP_77",4.10063831114458
"LongBench","ONT dRNA","2425-12059","Kallisto","SMR","SCLC_A","SHP_77",2.06935467195774
"LongBench","ONT dRNA","603-1115","Kallisto","SMR","SCLC_A","SHP_77",0.139164488956161
"LongBench","ONT dRNA","1115-2425","Kallisto","TPM","LUAD","HCC827",2.19493065478334
"LongBench","ONT dRNA","191-603","Kallisto","TPM","LUAD","HCC827",4.21416364752361
"LongBench","ONT dRNA","2425-12059","Kallisto","TPM","LUAD","HCC827",3.98082167088731
"LongBench","ONT dRNA","603-1115","Kallisto","TPM","LUAD","HCC827",0.637964853765737
"LongBench","ONT dRNA","1115-2425","Kallisto","TPM","SCLC_A","NCI_H146",2.18555812173225
"LongBench","ONT dRNA","191-603","Kallisto","TPM","SCLC_A","NCI_H146",4.20898024979851
"LongBench","ONT dRNA","2425-12059","Kallisto","TPM","SCLC_A","NCI_H146",3.89209047044958
"LongBench","ONT dRNA","603-1115","Kallisto","TPM","SCLC_A","NCI_H146",0.646157015228751
"LongBench","ONT dRNA","1115-2425","Kallisto","TPM","LUAD","NCI_H1975",2.18825047898958
"LongBench","ONT dRNA","191-603","Kallisto","TPM","LUAD","NCI_H1975",4.21708000829141
"LongBench","ONT dRNA","2425-12059","Kallisto","TPM","LUAD","NCI_H1975",3.92531870099568
"LongBench","ONT dRNA","603-1115","Kallisto","TPM","LUAD","NCI_H1975",0.61912393712599
"LongBench","ONT dRNA","1115-2425","Kallisto","TPM","LUAD","NCI_H2228",2.19536435238428
"LongBench","ONT dRNA","191-603","Kallisto","TPM","LUAD","NCI_H2228",4.22256191011173
"LongBench","ONT dRNA","2425-12059","Kallisto","TPM","LUAD","NCI_H2228",3.95151493626575
"LongBench","ONT dRNA","603-1115","Kallisto","TPM","LUAD","NCI_H2228",0.664472985868377
"LongBench","ONT dRNA","1115-2425","Kallisto","TPM","SCLC_A","NCI_H69",2.19009896875566
"LongBench","ONT dRNA","191-603","Kallisto","TPM","SCLC_A","NCI_H69",4.24651618996959
"LongBench","ONT dRNA","2425-12059","Kallisto","TPM","SCLC_A","NCI_H69",3.98408683773008
"LongBench","ONT dRNA","603-1115","Kallisto","TPM","SCLC_A","NCI_H69",0.63773260843277
"LongBench","ONT dRNA","1115-2425","Kallisto","TPM","SCLC_A","SHP_77",2.19436989112565
"LongBench","ONT dRNA","191-603","Kallisto","TPM","SCLC_A","SHP_77",4.21623410430038
"LongBench","ONT dRNA","2425-12059","Kallisto","TPM","SCLC_A","SHP_77",3.86383824127952
"LongBench","ONT dRNA","603-1115","Kallisto","TPM","SCLC_A","SHP_77",0.66372041584754
"LongBench","ONT dRNA","1115-2425","Oarfish","CPM","LUAD","HCC827",2.06072252389741
"LongBench","ONT dRNA","191-603","Oarfish","CPM","LUAD","HCC827",4.59014318972343
"LongBench","ONT dRNA","2425-12059","Oarfish","CPM","LUAD","HCC827",2.8222122569207
"LongBench","ONT dRNA","603-1115","Oarfish","CPM","LUAD","HCC827",0.250449317226222
"LongBench","ONT dRNA","1115-2425","Oarfish","CPM","SCLC_A","NCI_H146",2.06212979780852
"LongBench","ONT dRNA","191-603","Oarfish","CPM","SCLC_A","NCI_H146",4.58934835657474
"LongBench","ONT dRNA","2425-12059","Oarfish","CPM","SCLC_A","NCI_H146",2.75592314053043
"LongBench","ONT dRNA","603-1115","Oarfish","CPM","SCLC_A","NCI_H146",0.246175792749047
"LongBench","ONT dRNA","1115-2425","Oarfish","CPM","LUAD","NCI_H1975",2.06757440189806
"LongBench","ONT dRNA","191-603","Oarfish","CPM","LUAD","NCI_H1975",4.58956287396765
"LongBench","ONT dRNA","2425-12059","Oarfish","CPM","LUAD","NCI_H1975",2.76201872285883
"LongBench","ONT dRNA","603-1115","Oarfish","CPM","LUAD","NCI_H1975",0.251194824473443
"LongBench","ONT dRNA","1115-2425","Oarfish","CPM","LUAD","NCI_H2228",2.06253825873139
"LongBench","ONT dRNA","191-603","Oarfish","CPM","LUAD","NCI_H2228",4.58961373664249
"LongBench","ONT dRNA","2425-12059","Oarfish","CPM","LUAD","NCI_H2228",2.79864053360922
"LongBench","ONT dRNA","603-1115","Oarfish","CPM","LUAD","NCI_H2228",0.24791353715824
"LongBench","ONT dRNA","1115-2425","Oarfish","CPM","SCLC_A","NCI_H69",2.06154874932797
"LongBench","ONT dRNA","191-603","Oarfish","CPM","SCLC_A","NCI_H69",4.58974635391747
"LongBench","ONT dRNA","2425-12059","Oarfish","CPM","SCLC_A","NCI_H69",2.83440235634678
"LongBench","ONT dRNA","603-1115","Oarfish","CPM","SCLC_A","NCI_H69",0.254984579009708
"LongBench","ONT dRNA","1115-2425","Oarfish","CPM","SCLC_A","SHP_77",2.0602359774006
"LongBench","ONT dRNA","191-603","Oarfish","CPM","SCLC_A","SHP_77",4.58940639360873
"LongBench","ONT dRNA","2425-12059","Oarfish","CPM","SCLC_A","SHP_77",2.73890588747403
"LongBench","ONT dRNA","603-1115","Oarfish","CPM","SCLC_A","SHP_77",0.24627601787212
"LongBench","ONT dRNA","1115-2425","Oarfish","CQN","LUAD","HCC827",2.07467090039563
"LongBench","ONT dRNA","191-603","Oarfish","CQN","LUAD","HCC827",4.58791276447593
"LongBench","ONT dRNA","2425-12059","Oarfish","CQN","LUAD","HCC827",2.62346214513031
"LongBench","ONT dRNA","603-1115","Oarfish","CQN","LUAD","HCC827",0.228648329210152
"LongBench","ONT dRNA","1115-2425","Oarfish","CQN","SCLC_A","NCI_H146",2.0758525119821
"LongBench","ONT dRNA","191-603","Oarfish","CQN","SCLC_A","NCI_H146",4.59413851107115
"LongBench","ONT dRNA","2425-12059","Oarfish","CQN","SCLC_A","NCI_H146",2.57993106925843
"LongBench","ONT dRNA","603-1115","Oarfish","CQN","SCLC_A","NCI_H146",0.267932193706612
"LongBench","ONT dRNA","1115-2425","Oarfish","CQN","LUAD","NCI_H1975",2.07069099818145
"LongBench","ONT dRNA","191-603","Oarfish","CQN","LUAD","NCI_H1975",4.58345681732377
"LongBench","ONT dRNA","2425-12059","Oarfish","CQN","LUAD","NCI_H1975",2.54737735047638
"LongBench","ONT dRNA","603-1115","Oarfish","CQN","LUAD","NCI_H1975",0.222318158987255
"LongBench","ONT dRNA","1115-2425","Oarfish","CQN","LUAD","NCI_H2228",2.06432121581374
"LongBench","ONT dRNA","191-603","Oarfish","CQN","LUAD","NCI_H2228",4.58632058262377
"LongBench","ONT dRNA","2425-12059","Oarfish","CQN","LUAD","NCI_H2228",2.55649102927896
"LongBench","ONT dRNA","603-1115","Oarfish","CQN","LUAD","NCI_H2228",0.190658494462082
"LongBench","ONT dRNA","1115-2425","Oarfish","CQN","SCLC_A","NCI_H69",2.06973843850994
"LongBench","ONT dRNA","191-603","Oarfish","CQN","SCLC_A","NCI_H69",4.58856253160673
"LongBench","ONT dRNA","2425-12059","Oarfish","CQN","SCLC_A","NCI_H69",2.70494428800247
"LongBench","ONT dRNA","603-1115","Oarfish","CQN","SCLC_A","NCI_H69",0.231088781710147
"LongBench","ONT dRNA","1115-2425","Oarfish","CQN","SCLC_A","SHP_77",2.06575962148
"LongBench","ONT dRNA","191-603","Oarfish","CQN","SCLC_A","SHP_77",4.58686332265881
"LongBench","ONT dRNA","2425-12059","Oarfish","CQN","SCLC_A","SHP_77",2.62346911157336
"LongBench","ONT dRNA","603-1115","Oarfish","CQN","SCLC_A","SHP_77",0.208311436252888
"LongBench","ONT dRNA","1115-2425","Oarfish","EDASeq","LUAD","HCC827",2.0652282355079
"LongBench","ONT dRNA","191-603","Oarfish","EDASeq","LUAD","HCC827",4.58495040068897
"LongBench","ONT dRNA","2425-12059","Oarfish","EDASeq","LUAD","HCC827",2.70087264486181
"LongBench","ONT dRNA","603-1115","Oarfish","EDASeq","LUAD","HCC827",0.195251736547272
"LongBench","ONT dRNA","1115-2425","Oarfish","EDASeq","SCLC_A","NCI_H146",2.0637739534917
"LongBench","ONT dRNA","191-603","Oarfish","EDASeq","SCLC_A","NCI_H146",4.58747311501635
"LongBench","ONT dRNA","2425-12059","Oarfish","EDASeq","SCLC_A","NCI_H146",2.72059518480413
"LongBench","ONT dRNA","603-1115","Oarfish","EDASeq","SCLC_A","NCI_H146",0.216078829725125
"LongBench","ONT dRNA","1115-2425","Oarfish","EDASeq","LUAD","NCI_H1975",2.06995126950419
"LongBench","ONT dRNA","191-603","Oarfish","EDASeq","LUAD","NCI_H1975",4.58463399707649
"LongBench","ONT dRNA","2425-12059","Oarfish","EDASeq","LUAD","NCI_H1975",2.61376213732905
"LongBench","ONT dRNA","603-1115","Oarfish","EDASeq","LUAD","NCI_H1975",0.212730179897727
"LongBench","ONT dRNA","1115-2425","Oarfish","EDASeq","LUAD","NCI_H2228",2.06271662256098
"LongBench","ONT dRNA","191-603","Oarfish","EDASeq","LUAD","NCI_H2228",4.58710221140345
"LongBench","ONT dRNA","2425-12059","Oarfish","EDASeq","LUAD","NCI_H2228",2.70753429223299
"LongBench","ONT dRNA","603-1115","Oarfish","EDASeq","LUAD","NCI_H2228",0.208016079142449
"LongBench","ONT dRNA","1115-2425","Oarfish","EDASeq","SCLC_A","NCI_H69",2.06387018206742
"LongBench","ONT dRNA","191-603","Oarfish","EDASeq","SCLC_A","NCI_H69",4.58640637921616
"LongBench","ONT dRNA","2425-12059","Oarfish","EDASeq","SCLC_A","NCI_H69",2.76706803964912
"LongBench","ONT dRNA","603-1115","Oarfish","EDASeq","SCLC_A","NCI_H69",0.222733588293518
"LongBench","ONT dRNA","1115-2425","Oarfish","EDASeq","SCLC_A","SHP_77",2.06095530370717
"LongBench","ONT dRNA","191-603","Oarfish","EDASeq","SCLC_A","SHP_77",4.58616145470739
"LongBench","ONT dRNA","2425-12059","Oarfish","EDASeq","SCLC_A","SHP_77",2.64101132420991
"LongBench","ONT dRNA","603-1115","Oarfish","EDASeq","SCLC_A","SHP_77",0.19935886975074
"LongBench","ONT dRNA","1115-2425","Oarfish","SMR","LUAD","HCC827",2.05200539858119
"LongBench","ONT dRNA","191-603","Oarfish","SMR","LUAD","HCC827",4.5813708682159
"LongBench","ONT dRNA","2425-12059","Oarfish","SMR","LUAD","HCC827",2.10329462338765
"LongBench","ONT dRNA","603-1115","Oarfish","SMR","LUAD","HCC827",0.160784302934568
"LongBench","ONT dRNA","1115-2425","Oarfish","SMR","SCLC_A","NCI_H146",2.05303076416983
"LongBench","ONT dRNA","191-603","Oarfish","SMR","SCLC_A","NCI_H146",4.58072078027516
"LongBench","ONT dRNA","2425-12059","Oarfish","SMR","SCLC_A","NCI_H146",2.08614043287294
"LongBench","ONT dRNA","603-1115","Oarfish","SMR","SCLC_A","NCI_H146",0.13391317954342
"LongBench","ONT dRNA","1115-2425","Oarfish","SMR","LUAD","NCI_H1975",2.05432366239782
"LongBench","ONT dRNA","191-603","Oarfish","SMR","LUAD","NCI_H1975",4.58104319545709
"LongBench","ONT dRNA","2425-12059","Oarfish","SMR","LUAD","NCI_H1975",2.08960612105885
"LongBench","ONT dRNA","603-1115","Oarfish","SMR","LUAD","NCI_H1975",0.136787693173716
"LongBench","ONT dRNA","1115-2425","Oarfish","SMR","LUAD","NCI_H2228",2.05301180663027
"LongBench","ONT dRNA","191-603","Oarfish","SMR","LUAD","NCI_H2228",4.58094126907079
"LongBench","ONT dRNA","2425-12059","Oarfish","SMR","LUAD","NCI_H2228",2.09792126321268
"LongBench","ONT dRNA","603-1115","Oarfish","SMR","LUAD","NCI_H2228",0.146519772500702
"LongBench","ONT dRNA","1115-2425","Oarfish","SMR","SCLC_A","NCI_H69",2.05219991879309
"LongBench","ONT dRNA","191-603","Oarfish","SMR","SCLC_A","NCI_H69",4.58109062979749
"LongBench","ONT dRNA","2425-12059","Oarfish","SMR","SCLC_A","NCI_H69",2.10989081395802
"LongBench","ONT dRNA","603-1115","Oarfish","SMR","SCLC_A","NCI_H69",0.151525193009198
"LongBench","ONT dRNA","1115-2425","Oarfish","SMR","SCLC_A","SHP_77",2.05167432990034
"LongBench","ONT dRNA","191-603","Oarfish","SMR","SCLC_A","SHP_77",4.58059829433724
"LongBench","ONT dRNA","2425-12059","Oarfish","SMR","SCLC_A","SHP_77",2.08276581383642
"LongBench","ONT dRNA","603-1115","Oarfish","SMR","SCLC_A","SHP_77",0.148776481187261
"LongBench","ONT dRNA","1115-2425","Oarfish","TPM","LUAD","HCC827",2.14822439767704
"LongBench","ONT dRNA","191-603","Oarfish","TPM","LUAD","HCC827",4.64552532647072
"LongBench","ONT dRNA","2425-12059","Oarfish","TPM","LUAD","HCC827",4.02696867386988
"LongBench","ONT dRNA","603-1115","Oarfish","TPM","LUAD","HCC827",0.401093868805921
"LongBench","ONT dRNA","1115-2425","Oarfish","TPM","SCLC_A","NCI_H146",2.14375766613047
"LongBench","ONT dRNA","191-603","Oarfish","TPM","SCLC_A","NCI_H146",4.64430373092098
"LongBench","ONT dRNA","2425-12059","Oarfish","TPM","SCLC_A","NCI_H146",3.94154828337677
"LongBench","ONT dRNA","603-1115","Oarfish","TPM","SCLC_A","NCI_H146",0.404486638712366
"LongBench","ONT dRNA","1115-2425","Oarfish","TPM","LUAD","NCI_H1975",2.14713819103085
"LongBench","ONT dRNA","191-603","Oarfish","TPM","LUAD","NCI_H1975",4.64477052565254
"LongBench","ONT dRNA","2425-12059","Oarfish","TPM","LUAD","NCI_H1975",3.96176832757982
"LongBench","ONT dRNA","603-1115","Oarfish","TPM","LUAD","NCI_H1975",0.393600885603154
"LongBench","ONT dRNA","1115-2425","Oarfish","TPM","LUAD","NCI_H2228",2.1427757918572
"LongBench","ONT dRNA","191-603","Oarfish","TPM","LUAD","NCI_H2228",4.64454140367284
"LongBench","ONT dRNA","2425-12059","Oarfish","TPM","LUAD","NCI_H2228",3.99976141043406
"LongBench","ONT dRNA","603-1115","Oarfish","TPM","LUAD","NCI_H2228",0.403419877321155
"LongBench","ONT dRNA","1115-2425","Oarfish","TPM","SCLC_A","NCI_H69",2.14766247954816
"LongBench","ONT dRNA","191-603","Oarfish","TPM","SCLC_A","NCI_H69",4.64518361830689
"LongBench","ONT dRNA","2425-12059","Oarfish","TPM","SCLC_A","NCI_H69",4.02717894217004
"LongBench","ONT dRNA","603-1115","Oarfish","TPM","SCLC_A","NCI_H69",0.398008564230612
"LongBench","ONT dRNA","1115-2425","Oarfish","TPM","SCLC_A","SHP_77",2.14329629047536
"LongBench","ONT dRNA","191-603","Oarfish","TPM","SCLC_A","SHP_77",4.64359776015345
"LongBench","ONT dRNA","2425-12059","Oarfish","TPM","SCLC_A","SHP_77",3.92133430676912
"LongBench","ONT dRNA","603-1115","Oarfish","TPM","SCLC_A","SHP_77",0.406586011322815
